location,month_start,t2m_mean_C,d2m_mean_C,tp_sum_mm,msl_mean_hPa,u10_mean,v10_mean
grid_m3.25_29.25,1940-01-01,21.921505913978518,14.999971989247335,152.81105024,1012.2145983870968,-0.25828851667567204,-0.028710130413951616
grid_m3.25_29.25,1940-02-01,22.200479252873585,15.203820387931057,72.62873647312,1012.3334138649426,0.0030449844165660904,-0.005570312905890807
grid_m3.25_29.25,1940-03-01,21.417380779569914,16.182886962365615,320.04547150422,1012.1141440188172,-0.15542737803091397,0.014408870416397847
grid_m3.25_29.25,1940-04-01,22.020623305555578,14.828404347222245,12.30525974426,1012.2693435416667,1.0262020519675,0.46929723811175
grid_m3.25_29.25,1940-05-01,22.20542330645163,14.22495049731185,7.9636573444000005,1012.5128896505377,1.117948060034812,0.7726099352262096
grid_m3.25_29.25,1940-06-01,22.855493222222247,12.288728361111135,0.0019073486,1014.2674427083333,0.791150664786389,1.2534399438298611
grid_m3.25_29.25,1940-07-01,23.245717661290346,11.634826868279593,0.04577636716,1014.4001028225806,0.2800674228155914,1.3125989808579301
grid_m3.25_29.25,1940-08-01,23.868398817204326,9.980952271505398,0.0,1012.9231903897848,0.8746615365886491,1.6246733302729839
grid_m3.25_29.25,1940-09-01,22.111740861111134,14.306853569444467,73.04739948940001,1013.4348725694446,0.762422075917639,0.16275937696888887
grid_m3.25_29.25,1940-10-01,22.283896250000023,13.224706236559163,8.3909034173,1012.7164490591398,1.2322802181716397,0.2757529392782258
grid_m3.25_29.25,1940-11-01,21.826484208333355,14.699445597222244,112.41245266052,1011.7572419444446,0.026720062214638886,-0.05377771422138889
grid_m3.25_29.25,1940-12-01,23.37675634408604,13.757802244623678,1.80101391302,1012.259911155914,0.7820646026530914,0.4385094447081989
grid_m3.25_29.25,1941-01-01,22.811987432795725,14.815892271505401,92.99516683182,1013.2914319220431,-0.003305681111021508,0.2740431591112097
grid_m3.25_29.25,1941-02-01,23.270241458333356,15.344671250000022,66.65658944882,1012.6506189732143,0.23483968945907735,0.38721772582142855
grid_m3.25_29.25,1941-03-01,23.665991975806474,15.890507594086044,48.0558871959,1012.1710919354839,-0.3184992676950269,-0.011211332853494625
grid_m3.25_29.25,1941-04-01,22.989965416666692,16.776563236111134,158.40792627806,1012.8991813888888,-0.039235940989583336,0.6245404519961112
grid_m3.25_29.25,1941-05-01,21.776023212365615,14.699105685483893,67.36373867328,1014.1557016801075,1.0694560403145161,0.7792276366079302
grid_m3.25_29.25,1941-06-01,22.874884347222242,13.518090986111133,2.06017493648,1015.4724484027777,1.110741062313889,1.0317348062981944
grid_m3.25_29.25,1941-07-01,22.57031165322583,11.762360026881742,0.03099441486,1015.2890353494623,1.3068349488834679,1.3283200833045699
grid_m3.25_29.25,1941-08-01,23.82937368279572,10.411845174731205,0.11873245076000001,1013.3101391129032,1.1342890275037634,1.3149748380327513
grid_m3.25_29.25,1941-09-01,24.204874972222246,9.37487416666669,0.92315677096,1011.5212015972222,1.5306232957056947,1.1052246711659723
grid_m3.25_29.25,1941-10-01,24.639341680107545,10.349179959677443,5.32388689716,1011.7247081317204,1.1193258037634408,0.6341337584166666
grid_m3.25_29.25,1941-11-01,22.24289537500002,15.334937236111134,109.03358470584,1012.2320508333333,-0.3689629235823917,-0.02669891803313889
grid_m3.25_29.25,1941-12-01,22.287219099462387,14.081222997311851,54.13746848252,1013.115744422043,0.6159732989001344,0.23633520346451614
grid_m3.25_29.25,1942-01-01,24.278063454301098,12.232936397849485,5.02181053204,1012.4834044354839,0.45290898081061826,0.45215044767728496
grid_m3.25_29.25,1942-02-01,24.53098927083336,11.562177589285739,7.9195498546200005,1010.0096966517858,0.9120467674985119,0.6450566800765327
grid_m3.25_29.25,1942-03-01,22.39989403225809,15.842158763440882,137.18009034530002,1011.3763213037635,-0.1694989971202957,0.3447421698856183
grid_m3.25_29.25,1942-04-01,22.851770472222242,14.7571346527778,16.1883830493,1012.6638109027779,0.4304347137238889,0.6293764945606944
grid_m3.25_29.25,1942-05-01,23.24776993279572,13.308904112903248,2.36940381114,1012.787652889785,1.1331931694721775,0.9611877693341399
grid_m3.25_29.25,1942-06-01,23.081153319444468,11.850202625000023,1.34897231484,1013.42451125,1.0318408328854167,0.9903959820122221
grid_m3.25_29.25,1942-07-01,22.639410577957015,10.538546169354863,0.02050399732,1014.3433817876345,0.544427564540457,1.4061192827594085
grid_m3.25_29.25,1942-08-01,23.89309662634411,8.201297190860238,0.0,1011.9574335349462,1.4407002652634409,1.4635807572761654
grid_m3.25_29.25,1942-09-01,25.123121944444467,6.578176833333355,0.074863434,1010.7035853472223,1.7957815591000001,1.6963962988505557
grid_m3.25_29.25,1942-10-01,24.596614516129055,9.672211303763463,14.72997671564,1010.2955266801075,1.6435175429197582,1.0354505563978496
grid_m3.25_29.25,1942-11-01,23.75170119444447,11.291393319444467,20.97702040068,1010.0837039583333,1.1125013369048748,0.5416684699798611
grid_m3.25_29.25,1942-12-01,23.654138413978515,12.309459556451637,4.02998928234,1010.6271427419356,0.7649187295849462,0.412461025320457
grid_m3.25_29.25,1943-01-01,24.663254569892498,11.208394919354863,32.7656269589,1009.5893579301076,0.6247917065412634,0.32872970993655914
grid_m3.25_29.25,1943-02-01,24.26120166666669,12.938772872023833,18.5542107683,1010.7610339285715,0.3359042436404762,0.5487199734203869
grid_m3.25_29.25,1943-03-01,23.210304610215076,13.208410537634432,33.1995488838,1009.6271140456989,0.9104328441938172,0.6351547786104839
grid_m3.25_29.25,1943-04-01,23.444705652777802,12.223759097222246,2.9797554387600003,1011.8442144444446,1.0635548008048612,0.8720356635620833
grid_m3.25_29.25,1943-05-01,22.1948558870968,13.729247244623679,57.26003644524,1012.4527434139784,0.13744075245053763,0.9016101600419355
grid_m3.25_29.25,1943-06-01,22.46106601388891,12.140835347222247,3.14903259022,1013.7991615277778,0.36139093946993056,1.1854578234727777
grid_m3.25_29.25,1943-07-01,22.816028642473142,11.5316747715054,3.25918198106,1013.7724081317205,0.41111406769180103,0.8797480445860215
grid_m3.25_29.25,1943-08-01,23.271703172043036,10.400457016129055,2.76041032428,1012.1668539650537,0.8532643257211021,1.0569115907768818
grid_m3.25_29.25,1943-09-01,24.065956708333356,9.767604083333357,2.57349014154,1012.0947688194444,1.1815669164861111,1.18361259063375
grid_m3.25_29.25,1943-10-01,24.334524516129058,8.297982083333356,3.50189206444,1010.1285346774193,1.702457406563172,1.1274336562918683
grid_m3.25_29.25,1943-11-01,23.432822597222245,11.374292236111133,5.06353381192,1010.4414654166667,1.2238952204847222,0.37089417768902777
grid_m3.25_29.25,1943-12-01,24.10912037634411,12.090285000000021,2.8786659146,1010.7090278897849,1.0020191011083335,0.4852295692330645
grid_m3.25_29.25,1944-01-01,23.986682379032278,12.747955793010775,17.6215171551,1012.3832548387096,0.5121807144075269,0.4358049218474019
grid_m3.25_29.25,1944-02-01,25.371154109195423,11.668871810344852,2.8414726003,1011.2747089798851,0.6490046842551724,0.5378395590380747
grid_m3.25_29.25,1944-03-01,24.274309193548408,12.722492177419378,7.79271125134,1010.4925069892474,0.8349824519787634,0.7402101328111559
grid_m3.25_29.25,1944-04-01,23.66865743055558,13.264999263888912,56.03528015464,1011.7261457638889,1.2154421286444443,0.751432671005
grid_m3.25_29.25,1944-05-01,22.15064056451615,13.22484678763443,33.88667089658,1012.2054297043011,1.3565920503198925,1.0232695501319893
grid_m3.25_29.25,1944-06-01,23.358415444444468,11.671946875000023,2.70318986826,1012.5010035416666,1.102570512338639,1.2448336923797223
grid_m3.25_29.25,1944-07-01,22.798028803763465,10.320211102150562,0.7970333162200001,1014.304034610215,1.024041021569086,1.4467903252575267
grid_m3.25_29.25,1944-08-01,24.182937526881748,9.11801045698927,0.14543533549999998,1012.4761811827957,1.4345290701451614,1.4619230665165324
grid_m3.25_29.25,1944-09-01,25.165525472222246,7.788487777777801,1.29842758,1011.507071736111,1.511665325253271,1.4798687624688887
grid_m3.25_29.25,1944-10-01,24.58860176075271,11.348537405914001,6.87408448406,1010.5463867607526,1.1934196113202957,0.6580101744009409
grid_m3.25_29.25,1944-11-01,22.80426454166669,13.725805486111133,65.74034679014,1011.1302156250001,0.3856821489722222,0.2105429756415972
grid_m3.25_29.25,1944-12-01,22.776487620967767,14.147061854838732,26.79777146644,1010.1715230510753,0.5045827381021505,0.19489690361948922
grid_m3.25_29.25,1945-01-01,24.185345658602174,12.693713360215076,11.89136505404,1010.9708689516128,0.20247193247432796,0.2737762286965054
grid_m3.25_29.25,1945-02-01,23.275384017857167,13.86228010416669,97.63312329442,1010.3364113839286,-0.38363155314464287,0.03737924180630953
grid_m3.25_29.25,1945-03-01,22.961748400537658,14.269761948924756,31.81958195718,1012.0851034946237,0.41123449531008066,0.37464236068756723
grid_m3.25_29.25,1945-04-01,23.126864013888913,13.918772819444467,4.07838820414,1011.822399513889,0.7602897638147221,0.7967380538466666
grid_m3.25_29.25,1945-05-01,22.85719973118282,12.220549381720453,3.72886657166,1012.4255769489247,1.1627689917675483,0.9478469550554435
grid_m3.25_29.25,1945-06-01,23.42124158333336,11.382707972222246,0.0343322752,1013.7740404861111,0.7233939286047083,1.3968959093041666
grid_m3.25_29.25,1945-07-01,22.9234035887097,9.765598521505398,0.0171661377,1013.4598783602152,1.0351250278165323,1.683857537677957
grid_m3.25_29.25,1945-08-01,23.593003306451635,9.62908045698927,0.0581741332,1012.4662460349463,1.3758560710846774,1.6321258358869624
grid_m3.25_29.25,1945-09-01,24.71641193055558,8.89382329166669,0.7638931364600001,1012.583115625,1.46012386716875,1.4681493078312502
grid_m3.25_29.25,1945-10-01,24.535148198924755,10.618449973118304,7.542610118400001,1011.2346055107528,1.1934594787584678,0.6914502418123656
grid_m3.25_29.25,1945-11-01,23.943015791666692,11.976037902777799,15.37346860538,1010.7305933333333,0.7956430153763888,0.4746874915552778
grid_m3.25_29.25,1945-12-01,22.915794798387118,14.15575920698927,71.39873440688,1012.0426973790322,0.30797353511755376,0.2766901447037634
grid_m3.25_29.25,1946-01-01,24.584084448924752,12.492127446236582,3.954648958,1011.4328636424732,0.05454598027123656,0.3176385611982527
grid_m3.25_29.25,1946-02-01,25.85810541666669,12.747568258928592,3.84259219966,1009.7473138392858,0.3739514753769345,0.46228136342187504
grid_m3.25_29.25,1946-03-01,24.88869489247314,13.261802526881743,6.47902493742,1009.9876779569892,0.5480496404502688,0.6206983693599463
grid_m3.25_29.25,1946-04-01,23.97508775000002,14.080877486111133,3.21745872082,1011.5902502083333,0.606888114957639,0.8074253510694445
grid_m3.25_29.25,1946-05-01,23.455179825268843,12.81014161290325,3.08728217822,1012.6651215053763,1.0967297145389785,0.9737892549924059
grid_m3.25_29.25,1946-06-01,23.313436583333356,12.340168833333356,5.7103633462,1014.6035345833333,0.18649561126722222,1.1222763924013888
grid_m3.25_29.25,1946-07-01,23.885144811827978,9.595598830645185,0.15401840448,1013.051184811828,0.8099668977693845,1.5255822627241935
grid_m3.25_29.25,1946-08-01,23.945462029569914,7.155332002688195,0.00286102298,1012.1153308467741,1.1705824312768818,1.96118479729325
grid_m3.25_29.25,1946-09-01,24.05639426388891,10.2525097777778,0.84161758064,1011.3895572916666,1.044243770756389,0.8622274080566389
grid_m3.25_29.25,1946-10-01,23.65318791666669,12.043360631720452,2.8643608309,1011.6134010752688,0.43051705463487905,0.28182851414623655
grid_m3.25_29.25,1946-11-01,22.91019304166669,14.783562777777803,301.84268916552,1011.1749565972223,0.15970008459319446,0.1947823237738889
grid_m3.25_29.25,1946-12-01,22.444763427419378,15.471377795698947,110.19444449322,1011.1681444220429,0.4831989663736559,0.2366461798874462
grid_m3.25_29.25,1947-01-01,22.404843642473143,16.138726935483895,73.5697745728,1011.0793443548388,0.11639994892540322,0.2211105219598925
grid_m3.25_29.25,1947-02-01,22.713710119047644,15.45653361607145,28.44381346326,1011.0691878720238,0.43870785128635414,0.08137062675290178
grid_m3.25_29.25,1947-03-01,22.243776787634427,15.882218763440882,107.33604437776,1012.8957048387097,-0.5390344248517472,-0.07249103366091397
grid_m3.25_29.25,1947-04-01,22.87326293055558,15.66161066666669,12.91155821054,1012.5210427777777,0.24596379578708336,0.6267684707080556
grid_m3.25_29.25,1947-05-01,22.78788334677422,13.080882768817226,4.70566749096,1012.9323159946237,1.2682906939547043,0.8679025640951614
grid_m3.25_29.25,1947-06-01,23.193083375000025,12.082413972222245,0.7963180560600001,1013.6751706250001,1.1656626382069444,1.3129967791430557
grid_m3.25_29.25,1947-07-01,23.46973807795701,10.695882500000023,0.49829483076000003,1013.168925201613,0.3832435423356183,1.2402549660593414
grid_m3.25_29.25,1947-08-01,24.142176169354865,9.972320147849485,0.0066757203,1012.4178954973119,0.6824886879375,1.7400302595248656
grid_m3.25_29.25,1947-09-01,25.098143861111133,7.639545069444466,0.7376670842999999,1011.2132689583334,1.4471366284720832,1.8334687771166251
grid_m3.25_29.25,1947-10-01,24.91871145161293,10.877228360215078,1.28912927006,1010.8055106854839,1.4703227849771503,0.7464388577716399
grid_m3.25_29.25,1947-11-01,23.391955916666692,12.240368236111134,50.66251759366,1010.6218356249999,0.9566369598340277,0.35417529337263887
grid_m3.25_29.25,1947-12-01,22.102474072580666,14.489061169354862,98.48260899338,1011.4236050403225,0.1897064592551075,0.0019136051877392496
grid_m3.25_29.25,1948-01-01,23.140332231182818,15.279818279569916,86.97414382546,1011.6263128360215,-0.030625203392651883,0.3242293731364247
grid_m3.25_29.25,1948-02-01,22.769950589080484,14.95192383620692,40.38929936608,1011.8468784482759,0.32035424236551724,0.1915905032104885
grid_m3.25_29.25,1948-03-01,23.63612032258067,14.772720013440884,28.3000469946,1011.5739088709678,0.1148775173366398,0.2695587104338307
grid_m3.25_29.25,1948-04-01,24.225158333333354,13.113378291666688,2.77829172236,1010.7844299305556,0.9913262029684723,0.6524992398689028
grid_m3.25_29.25,1948-05-01,23.75806415322583,13.01854915322583,1.87063217672,1012.4300931451613,1.129178192228898,0.9224028617225807
grid_m3.25_29.25,1948-06-01,23.721882472222244,11.770632055555577,1.5449523941999999,1014.0256513194445,0.5982272673895833,1.3524533647695833
grid_m3.25_29.25,1948-07-01,23.789085725806476,9.349506827957013,0.0014305115,1013.2663652553764,0.5917279427751344,1.666622305623656
grid_m3.25_29.25,1948-08-01,24.15975741935486,9.90177231182798,0.1020431533,1012.5455307123656,0.9892707752973118,1.6626345899088117
grid_m3.25_29.25,1948-09-01,24.58736143055558,9.979482013888912,1.9762516228,1011.3360308333334,1.097692784231111,1.0173750133444446
grid_m3.25_29.25,1948-10-01,24.322420040322605,11.844175685483894,1.97243691726,1011.5014669354839,0.8444354157251345,0.37360921682392473
grid_m3.25_29.25,1948-11-01,24.07963091666669,11.738857305555578,3.72743608616,1011.1539219444445,0.8107699148670834,0.33723873500097223
grid_m3.25_29.25,1948-12-01,23.513238373655938,13.37841306451615,52.98495341868,1011.0357566532258,0.09443660781317205,0.050182690794489254
grid_m3.25_29.25,1949-01-01,23.918454368279594,14.089113857526906,28.25498572004,1011.8569297715054,0.21745311524652017,0.23698196155403226
grid_m3.25_29.25,1949-02-01,22.813388125000024,15.179841622023833,112.11085267828,1012.7540772321429,-0.11265366536994048,-0.027686278593601187
grid_m3.25_29.25,1949-03-01,24.44557040322583,13.549790873655937,7.385253886439999,1010.280277217742,0.7688559446114247,0.47952929438219083
grid_m3.25_29.25,1949-04-01,23.251703333333353,16.07654991666669,58.6507318934,1012.8922662499999,0.027805370897083334,0.4520922556197222
grid_m3.25_29.25,1949-05-01,22.681165913978518,14.461826881720453,21.4614868027,1013.1227248655914,0.9641843626048386,0.7242406815455645
grid_m3.25_29.25,1949-06-01,22.81030594444447,12.934138083333355,8.67366792476,1014.4472604166666,0.5044805090863889,1.2031817267029445
grid_m3.25_29.25,1949-07-01,22.866279543010776,10.828987688172067,0.0071525573600000015,1014.2352137768817,0.6959672962016129,1.376991199251344
grid_m3.25_29.25,1949-08-01,24.01005958333336,8.423365739247336,0.0,1012.4210631048387,0.7722559898602152,1.659774924199328
grid_m3.25_29.25,1949-09-01,24.4393699027778,9.25911930555558,0.29802322736000003,1012.2162455555556,1.1203005058419444,1.3452065193186111
grid_m3.25_29.25,1949-10-01,24.220740013440885,9.964192997311851,3.21292876872,1011.545485483871,1.3558533781955644,0.7806611217319893
grid_m3.25_29.25,1949-11-01,24.240882361111133,12.768313444444468,5.370140085,1011.2190734027778,0.7720206855255556,0.3704381024648611
grid_m3.25_29.25,1949-12-01,22.96949659946239,14.218408225806472,235.50868179852,1010.920228360215,0.28084611563037637,0.2742757495311828
grid_m3.25_29.25,1950-01-01,22.765609395161313,15.785508655914,45.17102219494,1011.0471050403225,-0.059896310903293004,0.11501507029045699
grid_m3.25_29.25,1950-02-01,23.525976458333357,15.037933348214308,39.25037383248,1011.3100173363094,0.13877820547611608,0.23737750550657738
grid_m3.25_29.25,1950-03-01,23.03827155913981,14.490293104838733,57.38377577572,1011.2021798387096,0.25149673463655914,0.40745199760430106
grid_m3.25_29.25,1950-04-01,22.425889555555578,16.310827111111134,138.84925810708,1011.3733451388889,0.24908504582736113,0.43996308676919443
grid_m3.25_29.25,1950-05-01,21.5769735887097,16.024523723118303,227.10919411858,1013.0403615591398,0.3751227695322581,0.833767325568199
grid_m3.25_29.25,1950-06-01,22.126031138888912,13.84260605555558,0.4720687822,1013.7938150694445,0.4468741732325,1.1127552037115278
grid_m3.25_29.25,1950-07-01,22.19791854838712,12.017743225806473,11.169195104,1014.2223717741936,0.20352193320739248,0.8915820585061828
grid_m3.25_29.25,1950-08-01,22.185544905914,11.033092217741958,7.80320168468,1013.9638649865591,0.02998308938575269,0.7251831973768951
grid_m3.25_29.25,1950-09-01,22.853158097222245,11.933233847222244,16.04962336582,1013.155265486111,1.1922580511925,0.6725184340266667
grid_m3.25_29.25,1950-10-01,23.427496155914,12.11958788978497,2.7365684355,1011.5684155241936,1.1000497232248656,0.5287257572241935
grid_m3.25_29.25,1950-11-01,22.87604241666669,12.402131000000022,5.23424149986,1010.7256452083334,1.098077413036111,0.4810104795291667
grid_m3.25_29.25,1950-12-01,23.63977416666669,13.64351341397852,1.7197132152,1011.1876432123656,0.5055501911186022,0.5774624124790323
grid_m3.25_29.25,1951-01-01,23.260633776881743,15.187804381720452,177.76322342174,1011.4015659274194,-0.04603215594905914,0.30693716512271507
grid_m3.25_29.25,1951-02-01,22.588076220238115,14.798253377976213,42.72222531726,1011.8345832589287,0.27529273818020833,0.2767563993925595
grid_m3.25_29.25,1951-03-01,22.98193228494626,14.528925443548411,48.15769172408,1010.9721885752689,0.8318412678377688,0.34841103370228493
grid_m3.25_29.25,1951-04-01,21.9246925277778,17.23997605555558,299.01313755812,1013.2207429861112,-0.3526837010847222,0.22324875653319445
grid_m3.25_29.25,1951-05-01,21.567942983870992,15.279122661290348,24.4987010629,1013.7547201612903,1.4561516556592744,0.5549455967600806
grid_m3.25_29.25,1951-06-01,22.087669055555576,13.193752152777801,0.35333633648,1014.278313888889,0.9669948089548056,1.118146106619514
grid_m3.25_29.25,1951-07-01,22.491883346774216,11.037278709677443,0.03242492632,1014.5631659946237,0.6429283588994623,1.348471002469355
grid_m3.25_29.25,1951-08-01,23.695897150537657,10.492646034946258,0.7929801917000001,1013.1044616935484,0.9136947504408601,1.6671743911652284
grid_m3.25_29.25,1951-09-01,24.495416236111133,10.926744736111134,3.32641600124,1011.8154578472222,1.3875167913422777,0.9223678372656944
grid_m3.25_29.25,1951-10-01,24.043805537634434,11.952668629032281,39.376497286,1011.3176305107527,1.3160412889112902,0.3131728652967742
grid_m3.25_29.25,1951-11-01,22.65726001388891,14.791021583333354,35.94851508134,1012.1326896527777,0.4386290667301389,0.15295689871736112
grid_m3.25_29.25,1951-12-01,21.64860787634411,16.816987056451634,415.2696128249,1013.2752824596774,-0.2920071948566532,-0.050917327956586024
grid_m3.25_29.25,1952-01-01,22.848675430107548,16.35356776881723,58.56108676,1011.7323230510752,0.41038667503998655,0.0804596981422043
grid_m3.25_29.25,1952-02-01,23.138404798850598,15.93700239942531,34.4171524741,1011.2111290948276,0.0921122793620977,0.19069857981511495
grid_m3.25_29.25,1952-03-01,24.16236264784948,14.644244784946261,26.462555112300002,1010.8484282258065,0.505298737888844,0.2889107729889785
grid_m3.25_29.25,1952-04-01,23.077724472222243,15.917011638888912,35.34960726394,1012.261319375,0.596983315455986,0.5773306124727431
grid_m3.25_29.25,1952-05-01,22.213026801075294,16.326883655914003,250.78797418028,1013.6551789650537,0.4240469787990591,0.5153726754677419
grid_m3.25_29.25,1952-06-01,21.932991819444467,14.148530000000022,2.96568871768,1015.2386872916667,1.3202204600290277,1.2554081127654166
grid_m3.25_29.25,1952-07-01,22.47242538978497,12.032242688172065,0.02026557944,1014.196431451613,0.879403943996371,1.5821780831934138
grid_m3.25_29.25,1952-08-01,23.218818145161315,11.058793682795722,0.28991699109999997,1012.757907795699,1.1081013617379032,1.4480616225208331
grid_m3.25_29.25,1952-09-01,24.058581625000024,11.097014777777801,1.6803741647,1011.394882986111,1.3554478713041667,0.9076163827844445
grid_m3.25_29.25,1952-10-01,24.14354079301078,11.690473655914001,9.60040093414,1011.5183472446237,1.1482357522814517,0.6692412616104839
grid_m3.25_29.25,1952-11-01,22.040955986111136,13.774538597222245,41.367292355480004,1011.6529940972223,1.0405515160744445,0.017777231284305556
grid_m3.25_29.25,1952-12-01,23.849673830645184,14.595313790322603,10.63847544218,1011.2196930779569,0.6581849460672043,0.37892155081276885
grid_m3.25_29.25,1953-01-01,21.84004552419357,16.933790752688196,343.56880199742,1012.272180577957,-0.46327035167755376,0.06848489123716398
grid_m3.25_29.25,1953-02-01,22.16029598214288,16.70079022321431,195.29795633416,1011.2089103422619,0.1578685288421131,0.0688978600516369
grid_m3.25_29.25,1953-03-01,22.115993844086045,16.980840591397875,126.80053699416,1011.6908218413978,-0.06198772293521506,0.13506389399623656
grid_m3.25_29.25,1953-04-01,21.9565050277778,17.151638611111135,151.97992329128,1012.7172379861111,-0.1862071989486111,0.2174108090296389
grid_m3.25_29.25,1953-05-01,21.54288981182798,15.727053010752712,61.4161490745,1013.5687317876344,1.2086772112349462,0.510003047411613
grid_m3.25_29.25,1953-06-01,22.139456222222243,14.741275375000022,2.9103756088,1014.1043627777777,0.3876100744541667,1.0153103494597222
grid_m3.25_29.25,1953-07-01,21.72609735215056,12.042431196236581,0.17309188756,1014.7702834677418,1.0425996254427419,1.3866197588898255
grid_m3.25_29.25,1953-08-01,22.80061829301078,11.150606935483893,0.00667572022,1013.2986692204302,0.9713833227607527,1.5246619843333333
grid_m3.25_29.25,1953-09-01,22.93715913888891,12.105903847222246,14.90759846308,1012.7305958333333,1.359272957285139,0.9251088257851389
grid_m3.25_29.25,1953-10-01,24.20160284946239,12.077624072580667,2.5093555349,1011.1869405241936,1.1773760394571235,0.6543656164608065
grid_m3.25_29.25,1953-11-01,23.065383930555576,14.400449138888911,68.80712543238,1012.1715774999999,0.2853626959973611,0.07422779802402778
grid_m3.25_29.25,1953-12-01,22.185691599462388,16.693969180107548,412.82463066217997,1011.7520477822582,-0.06868315100389785,0.1804719326491129
grid_m3.25_29.25,1954-01-01,21.66401861559142,16.06851533602153,96.81391711546,1012.6877778225806,-0.44774344554422046,-0.2922848946216398
grid_m3.25_29.25,1954-02-01,22.5471345386905,15.48362647321431,36.00215908756,1011.4781215029761,0.1345055235360119,0.13638221126800595
grid_m3.25_29.25,1954-03-01,22.830551935483893,16.03207028225809,60.32657607208,1011.609583266129,0.4023417392063441,0.32810793718225806
grid_m3.25_29.25,1954-04-01,22.24645951388891,16.492318208333355,219.76494846376,1013.4297136805556,0.3081683911938889,0.4062834763301389
grid_m3.25_29.25,1954-05-01,22.24637487903228,15.467768400537658,59.48042856978,1013.0588599462366,0.5871004493478494,0.4107197404895161
grid_m3.25_29.25,1954-06-01,21.935745319444468,13.531083527777799,0.6899833680999999,1014.3702683333333,0.6110672014033334,1.1588470037458334
grid_m3.25_29.25,1954-07-01,22.19372752688174,11.791747795698946,0.73862075498,1013.1485418682796,0.12443999805510753,1.274299579365457
grid_m3.25_29.25,1954-08-01,22.918154516129054,10.610673306451634,0.026226043320000003,1012.8430409274193,0.9544923233737903,1.4831201670112901
grid_m3.25_29.25,1954-09-01,23.638101347222246,10.079544027777802,0.26273727236,1011.7867122222221,1.2108964065688888,1.20997276194
grid_m3.25_29.25,1954-10-01,23.823779435483893,11.210073803763464,5.8255195315799995,1011.0194806451614,0.9665472995477151,0.474795778890457
grid_m3.25_29.25,1954-11-01,23.18687304166669,11.996655944444466,14.420747733399999,1011.1390464583333,1.1758163675754167,0.2572777633980556
grid_m3.25_29.25,1954-12-01,23.258788655914003,14.757109341397873,45.6404686729,1011.0268658602151,0.07891596711783602,0.3174719871168414
grid_m3.25_29.25,1955-01-01,23.812327540322606,14.060859946236583,32.103538376479996,1011.6052093413979,0.39321614317379033,0.5325465051926075
grid_m3.25_29.25,1955-02-01,22.382305625000022,15.853873482142879,120.34702339652,1010.9220304315476,-0.6340901027616072,-0.2867708666324405
grid_m3.25_29.25,1955-03-01,22.70758544354841,15.82503368279572,126.62506138336,1010.6731258736559,0.07930333115806452,0.3309720982680108
grid_m3.25_29.25,1955-04-01,22.446582458333356,16.150933652777802,224.3990894427,1011.341361736111,0.45097541914319444,0.5019780536977778
grid_m3.25_29.25,1955-05-01,21.417377110215078,15.243168763440883,136.2438188418,1013.8656733198924,1.0710636251540322,0.7623782407422043
grid_m3.25_29.25,1955-06-01,21.417626527777802,13.5949525277778,2.0477771918,1014.6018047222223,1.0568353018069445,1.1607791894577777
grid_m3.25_29.25,1955-07-01,22.341965900537655,12.143366854838732,1.10936165452,1013.5619178763441,0.8011196313599462,1.1756272874262097
grid_m3.25_29.25,1955-08-01,22.857783830645182,9.989135685483895,0.740528106,1012.1736969758065,0.8386254472103495,1.362759028057258
grid_m3.25_29.25,1955-09-01,23.144185041666688,12.325942097222244,10.301828413800001,1011.9343115277777,0.7754515759102778,0.5100651403531944
grid_m3.25_29.25,1955-10-01,23.758488938172064,11.817686129032282,5.24735450478,1010.7450195564516,1.2314450455521506,0.522038346193414
grid_m3.25_29.25,1955-11-01,23.39054050000002,13.408928513888911,23.7686634558,1010.9123950694445,0.7016994481921112,0.1880584069861111
grid_m3.25_29.25,1955-12-01,22.691779502688195,14.91396356182798,69.15903074844,1011.3176366935484,0.024208356643145162,0.2611416239617984
grid_m3.25_29.25,1956-01-01,21.317280967741958,15.29050302419357,147.35841736846,1011.0258785618279,-0.19504577902701611,-0.17034036386344084
grid_m3.25_29.25,1956-02-01,23.248224770114966,15.717089741379334,30.48753744782,1010.1867198994253,0.04270294889224138,0.3307414435093391
grid_m3.25_29.25,1956-03-01,23.93877295698927,14.885989650537658,22.12476715498,1010.702468951613,0.321746704315457,0.556256593025
grid_m3.25_29.25,1956-04-01,22.276527597222245,16.207669625000023,157.30571783896,1011.9606849305554,0.14301473054027777,0.42449361151138887
grid_m3.25_29.25,1956-05-01,21.138336989247335,16.145840645161314,322.23844601194,1013.678867405914,0.5756420635821237,0.4846298457607527
grid_m3.25_29.25,1956-06-01,20.49440137500002,13.523403069444466,1.59168243638,1014.2390093055556,1.3124885984213888,0.9524718181569445
grid_m3.25_29.25,1956-07-01,21.55825310483873,11.433062661290347,0.0,1013.6574495295699,0.9979641615961022,1.4253186089291667
grid_m3.25_29.25,1956-08-01,22.59355556451615,11.864238965053787,5.94878197112,1012.5124536962365,0.8756795487151882,0.9223087050725806
grid_m3.25_29.25,1956-09-01,23.1833769027778,11.41308918055558,4.7409534468,1010.9396664583332,1.23030576711625,0.8258517582651805
grid_m3.25_29.25,1956-10-01,23.255120645161316,11.36972798387099,18.66960519998,1010.7014985215053,1.3030926696717742,0.5038856587701613
grid_m3.25_29.25,1956-11-01,23.063373138888913,13.119049861111133,10.48564903422,1010.6270645833333,0.905315931065325,0.19823290612847222
grid_m3.25_29.25,1956-12-01,23.049473897849484,13.63934376344088,46.48852356752,1011.0602389784946,0.5847847869431452,0.31570842716854836
grid_m3.25_29.25,1957-01-01,22.343137661290346,15.097832029569913,118.79897138704,1011.0257368279571,-0.3677538289864247,-0.11413656304529571
grid_m3.25_29.25,1957-02-01,21.9110314434524,15.745781220238118,222.70107250994002,1011.3521799107142,-0.2499269068983631,-0.4425526123157738
grid_m3.25_29.25,1957-03-01,21.72136366935486,16.87034549731185,215.29865251224,1011.8877028225808,-0.3473737571901882,-0.15894563725094085
grid_m3.25_29.25,1957-04-01,22.95466908333336,16.980503972222245,64.48459643016,1011.9655367361112,-0.4222230727597222,0.06911288157194445
grid_m3.25_29.25,1957-05-01,22.86394038978497,17.94400603494626,226.2573240138,1013.285078360215,0.08876334891935485,0.6561486652173387
grid_m3.25_29.25,1957-06-01,22.31335929166669,16.15586913888891,69.30184369256,1014.3251445833333,0.7485164848309722,0.7547736055646388
grid_m3.25_29.25,1957-07-01,22.141624717741955,13.353574569892494,0.042915343560000006,1013.7591595430107,1.2569257670643816,1.2578547592928764
grid_m3.25_29.25,1957-08-01,23.387028817204325,11.153929663978518,0.04339218156,1012.7996489919356,1.2933441893680109,1.3383118823931452
grid_m3.25_29.25,1957-09-01,24.807002888888913,11.626240208333355,1.09243391984,1011.2614834722222,1.6912188845606946,1.2332800329491667
grid_m3.25_29.25,1957-10-01,24.26932423387099,12.85064928763443,2.39038468574,1011.1610840725807,1.2794745139486559,0.4773130300180108
grid_m3.25_29.25,1957-11-01,23.911953833333357,13.18587816666669,2.7408600129800003,1011.1340072222222,1.3368256064465278,0.3226870210961111
grid_m3.25_29.25,1957-12-01,23.22828938172045,15.937382594086044,68.8936711386,1011.6550596774193,0.26342793157473116,0.26305701048494623
grid_m3.25_29.25,1958-01-01,23.987740120967764,17.115666357526905,89.3836021414,1010.9182250672044,0.47740950729637094,0.20841178131989246
grid_m3.25_29.25,1958-02-01,23.494275267857166,16.505615208333356,112.00785627158,1012.188117857143,-0.14547093584255952,-0.11390667891830357
grid_m3.25_29.25,1958-03-01,23.478859758064537,16.60830817204303,73.95243632144,1011.5061015456989,0.17370593158346775,0.1843464768876344
grid_m3.25_29.25,1958-04-01,23.920461291666687,16.013973458333354,81.1791420402,1011.0327958333334,0.7779227981743057,0.5742425501326389
grid_m3.25_29.25,1958-05-01,22.94049625000002,16.488918991935506,188.18903028026,1013.3282798387097,0.9160710607112312,0.7832832574594086
grid_m3.25_29.25,1958-06-01,22.40254068055558,13.986704319444469,1.7638206662,1014.2564188194445,1.1506916023972222,1.0970388260652153
grid_m3.25_29.25,1958-07-01,23.06084467741938,12.93542861559142,0.92983246348,1013.3621924731183,0.30695982904919356,1.2724887849618278
grid_m3.25_29.25,1958-08-01,23.151988763440883,12.379150551075293,5.577087362,1012.8141346102151,1.1770095602715054,1.0957994504553763
grid_m3.25_29.25,1958-09-01,24.343661416666688,11.422745986111133,1.29246711936,1011.4378118055556,1.083543946686389,0.7145402486784723
grid_m3.25_29.25,1958-10-01,24.733735430107547,10.832049301075292,4.44579125924,1011.1058204973119,1.2268383888364247,0.6279681652971774
grid_m3.25_29.25,1958-11-01,23.9769080277778,13.758916180555579,10.62440872426,1010.9186884722222,0.6548735328060417,0.49270434948875
grid_m3.25_29.25,1958-12-01,22.910701706989272,15.602879905914001,224.84850898728,1011.9939823252688,0.12189574201787634,0.022841982582916667
grid_m3.25_29.25,1959-01-01,23.401384260752714,16.48640165322583,37.51373275254,1011.0945961021506,0.222651625434543,-0.026152211549701616
grid_m3.25_29.25,1959-02-01,23.161693645833356,16.51136209821431,66.13159153294,1011.4664101190477,-0.1824460044639881,-0.1274318019232143
grid_m3.25_29.25,1959-03-01,23.201441760752715,17.006043830645183,53.50327479704,1011.4824419354838,-0.05675428109502688,0.047710961243817206
grid_m3.25_29.25,1959-04-01,23.4682519027778,16.79487850000002,94.77734550954,1010.9310869444445,0.5835746982109722,0.47401082901527775
grid_m3.25_29.25,1959-05-01,23.34681092741938,16.666504099462387,70.81842402488,1011.4204414650537,0.24776239173155917,0.33256139426801073
grid_m3.25_29.25,1959-06-01,22.551587208333356,14.709707722222245,1.19447708258,1013.365703125,1.3181153806493056,1.129030842792639
grid_m3.25_29.25,1959-07-01,22.456616518817228,13.534735322580667,46.8175413867,1013.9515686155913,0.8777614115920699,1.1755788253029569
grid_m3.25_29.25,1959-08-01,23.019520779569916,13.176920174731205,1.88469887398,1012.251025,1.0071735189616935,1.0697712813216398
grid_m3.25_29.25,1959-09-01,23.433610111111133,13.30022600000002,7.5609683497599995,1011.6512816666666,1.11821759804375,0.7976257335961111
grid_m3.25_29.25,1959-10-01,23.172889798387118,14.741767231182818,45.35150527468,1011.9018306451613,0.7449591327174732,0.17486559733198925
grid_m3.25_29.25,1959-11-01,22.499982388888913,15.920810375000023,196.10929480988,1011.4549461111111,0.49912001569,0.17441844990708333
grid_m3.25_29.25,1959-12-01,22.796776626344105,15.81921418010755,78.44781885186,1011.5260637768818,0.29011417041209675,0.05487497357392473
grid_m3.25_29.25,1960-01-01,22.804633360215078,16.23137559139787,60.11533751478,1011.975928561828,-0.12226078869556452,-0.05053981995143817
grid_m3.25_29.25,1960-02-01,23.088590359195425,16.405870143678182,48.44522478868,1011.6997589798851,-0.0845344537920977,0.30898938243577584
grid_m3.25_29.25,1960-03-01,22.408750698924752,16.65106821236561,155.173778325,1011.2868862231182,-0.2505397180149193,0.19671826496846775
grid_m3.25_29.25,1960-04-01,23.094259097222245,16.849059736111133,69.14544101316,1011.4592244444444,0.5005067398972222,0.5628060476387222
grid_m3.25_29.25,1960-05-01,23.440593212365613,15.019630766129056,18.9206600376,1012.3248771505376,1.1604619183077958,0.7984159904659947
grid_m3.25_29.25,1960-06-01,22.665951208333357,13.875521097222245,4.82511522568,1013.8222487500001,1.2047471993492431,1.1942629227195833
grid_m3.25_29.25,1960-07-01,22.28659405913981,13.152545564516153,2.1226406123,1014.1247941532258,0.9181049714431452,1.548786956259812
grid_m3.25_29.25,1960-08-01,23.258377889784967,13.151653024193573,0.37479400413999997,1012.7836115591398,0.857992726697715,1.353660336113172
grid_m3.25_29.25,1960-09-01,23.37314691666669,13.067327472222246,9.76586340488,1012.1643613194444,1.2006046931125,0.8576607168965972
grid_m3.25_29.25,1960-10-01,23.79620231182798,13.351351841397873,14.654398024419999,1011.4890076612903,1.4567372835067205,0.6563421516590053
grid_m3.25_29.25,1960-11-01,23.5050132777778,14.415869041666689,8.63599774716,1011.9364303472222,0.6117377806539861,0.2461794528675
grid_m3.25_29.25,1960-12-01,24.029190564516153,14.691677647849485,4.79316712728,1010.5551971102151,0.7615421872123656,0.5123320345676075
grid_m3.25_29.25,1961-01-01,24.24885869623658,14.290215994623676,13.44060905314,1010.6356998655915,0.4588575257278226,0.5008701810094086
grid_m3.25_29.25,1961-02-01,22.56968467261907,15.04255773809526,58.49575963366,1012.2689469494047,0.0632171175702381,0.291693231571875
grid_m3.25_29.25,1961-03-01,23.632632661290348,15.525076760752711,8.25595858068,1010.9904240591397,0.48582552884856184,0.4139289514583333
grid_m3.25_29.25,1961-04-01,24.188871430555576,15.028205361111135,30.46655617398,1010.8264404166666,0.5582882138861112,0.48991839059825
grid_m3.25_29.25,1961-05-01,24.622807096774213,13.759350362903247,1.30033492786,1012.3019036962366,1.0572236786591398,0.9851433271276882
grid_m3.25_29.25,1961-06-01,23.554814319444464,12.372073958333354,0.27966499234,1012.9174527083333,1.0466953493123055,1.3323672433247222
grid_m3.25_29.25,1961-07-01,22.35122225806454,12.743362069892497,21.90875999998,1013.6916856182796,1.1955636966241936,1.1131192677743011
grid_m3.25_29.25,1961-08-01,22.888327943548408,11.9738687231183,19.73557465372,1013.6378971774194,1.116253022056855,1.3279247768147848
grid_m3.25_29.25,1961-09-01,24.060823680555576,10.953902597222244,4.15229795918,1011.6979554861111,1.10544359528625,0.8375077979339721
grid_m3.25_29.25,1961-10-01,23.870393682795722,11.464778723118302,6.17885590612,1010.9784242607527,0.881838110735887,0.5009252380178764
grid_m3.25_29.25,1961-11-01,21.90152816666669,14.92811016666669,277.1406194138,1011.8212452083333,0.061136457758027785,0.0076872724718055506
grid_m3.25_29.25,1961-12-01,21.12578841397852,16.755852311827983,601.77922212134,1012.2459670698926,-0.5487735305056451,-0.27700936961294353
grid_m3.25_29.25,1962-01-01,21.29017543010755,16.02641794354841,177.30641443074,1012.253775,-0.30569480289686823,-0.2460855871089785
grid_m3.25_29.25,1962-02-01,22.829830729166687,15.801092202380975,30.39193145334,1011.2580906994048,0.39003533402232143,0.3692363790592262
grid_m3.25_29.25,1962-03-01,22.224759717741957,16.510997836021527,77.25954032418,1011.1196795698925,-0.045849852311021504,0.1903755272074731
grid_m3.25_29.25,1962-04-01,22.337080291666688,16.618725833333354,87.44716631018,1011.7572773611112,0.40116485868083335,0.45992648657472224
grid_m3.25_29.25,1962-05-01,21.761403225806475,16.392887634408623,371.53267939674,1013.8661460349462,0.5404513361622312,0.7379810835301075
grid_m3.25_29.25,1962-06-01,21.2116162777778,14.311950625000025,60.4550841223,1013.5049470833333,1.06482079766875,0.6162395477754167
grid_m3.25_29.25,1962-07-01,21.449472231182817,12.19211422043013,0.12111663715999998,1014.6489808467742,1.2846453857567204,0.9767605571384409
grid_m3.25_29.25,1962-08-01,21.975732473118303,12.944451263440882,14.96863361724,1013.7685637768818,1.232449459952957,0.5373339495008065
grid_m3.25_29.25,1962-09-01,23.027703111111133,11.816726111111135,1.4822483099600001,1012.5232195833335,1.2216275737063889,0.6777806184832916
grid_m3.25_29.25,1962-10-01,22.88736631720432,13.129846827957012,41.71252219932,1012.141491532258,0.9669187195089113,0.28763209196478495
grid_m3.25_29.25,1962-11-01,22.1376354027778,13.829692513888912,51.29075058646,1011.3718820138889,0.9202543899152779,0.12776327997194445
grid_m3.25_29.25,1962-12-01,22.320020040322603,15.568992043010775,128.55792019054,1012.1126395833334,0.08790934026330645,0.18585367096639788
grid_m3.25_29.25,1963-01-01,21.220341075268838,16.22507612903228,358.52813748121997,1011.9713784274193,-0.23895173443212364,0.02317047144731183
grid_m3.25_29.25,1963-02-01,22.343747395833354,15.795792797619068,22.76563650088,1011.0317316964286,-0.11505860327559525,-0.0048743649520833305
grid_m3.25_29.25,1963-03-01,22.133184032258086,16.00274107526884,71.32887846606,1012.3195864919354,0.18057911338346774,0.17076683100524193
grid_m3.25_29.25,1963-04-01,22.07997830555558,16.246430972222246,125.67400916682,1012.1116525694445,0.4255896687358333,0.29911569673763894
grid_m3.25_29.25,1963-05-01,22.245752782258087,16.508103077957013,65.6490326944,1013.181048454301,0.5468007970226881,0.5111109000384408
grid_m3.25_29.25,1963-06-01,21.810968625000022,14.044196319444467,7.44152063846,1014.662900625,1.28973681164875,0.8418635267470833
grid_m3.25_29.25,1963-07-01,22.4679960887097,12.093904018817227,0.14209747436,1013.4613623655915,1.2933666887431452,1.1180014770193547
grid_m3.25_29.25,1963-08-01,23.610032903225832,11.609373709677442,0.46205521832,1012.7394502688171,1.0709771207862904,1.0986773592290322
grid_m3.25_29.25,1963-09-01,24.282036583333355,11.51705425000002,0.52976608552,1011.7996502083333,1.3682031210402776,0.940966245625
grid_m3.25_29.25,1963-10-01,24.17695174731185,11.54014168010755,9.22775251392,1011.4422030241935,1.1403713638557795,0.5919688029784946
grid_m3.25_29.25,1963-11-01,22.78425804166669,14.423453944444466,114.04252005046,1011.7003877083333,0.18414866056486112,0.16413790418333332
grid_m3.25_29.25,1963-12-01,21.881246922043033,15.670755779569916,319.94819648074,1012.3040225134409,0.1587443774336156,-0.11159121788489247
grid_m3.25_29.25,1964-01-01,22.62688930107529,15.798229529569914,70.21236441878,1011.8246956317204,0.5255072612508064,0.21333516714005377
grid_m3.25_29.25,1964-02-01,22.293794597701172,16.28013867816094,145.25985696648,1011.3761078304598,-0.3027872750051724,-0.009880624736206895
grid_m3.25_29.25,1964-03-01,23.112649395161313,16.52749416666669,39.56127191682,1012.063740860215,-0.12734505393938172,0.20098893334596774
grid_m3.25_29.25,1964-04-01,22.94070816666669,16.697456361111133,78.1033038538,1012.4482619444445,0.19291381840777777,0.39525391453312503
grid_m3.25_29.25,1964-05-01,22.37900286290325,15.169611948924754,14.64247702714,1014.5914353494624,1.0774211301048386,0.545113376593414
grid_m3.25_29.25,1964-06-01,22.41863166666669,13.850593291666687,3.3664703355,1014.1956120833332,0.9283650073894445,0.5806987124680556
grid_m3.25_29.25,1964-07-01,22.542702083333356,12.804746881720453,3.2038688865,1014.970745295699,0.5507532143103494,0.7160382073233871
grid_m3.25_29.25,1964-08-01,22.611829596774218,11.495036895161313,1.2876987546,1013.8059850806451,1.0542094105185484,1.0148002471422044
grid_m3.25_29.25,1964-09-01,22.360893277777798,12.783551611111134,33.85353107554,1013.0140354861111,1.0995657813726387,0.617300308673
grid_m3.25_29.25,1964-10-01,21.873050201612926,12.869671639784968,51.2070655017,1012.3003557795699,1.3713288407365591,0.19961513154260754
grid_m3.25_29.25,1964-11-01,22.503753597222246,12.613548972222246,13.57388490114,1012.0086784722222,1.122782678848611,0.18729631797120835
grid_m3.25_29.25,1964-12-01,22.234486088709698,12.782301639784968,25.83718317268,1010.7840565860216,0.6596714149787635,0.20605565214166666
grid_m3.25_29.25,1965-01-01,22.301689435483894,14.916143413978519,90.1360514113,1010.9208867607526,0.10628845732674731,0.30994364141639785
grid_m3.25_29.25,1965-02-01,23.2006579761905,14.66818555059526,48.70390910652,1010.6784449404762,-0.13940631832738096,0.2231739133345238
grid_m3.25_29.25,1965-03-01,23.034242258064534,15.49032474462368,150.81286466154,1012.2975416666667,-0.1285220929562097,0.3460879789749731
grid_m3.25_29.25,1965-04-01,22.0835541527778,16.24622063888891,117.61426941094,1012.7946305555555,0.23084064054791667,0.26619209826805557
grid_m3.25_29.25,1965-05-01,21.800230322580667,15.683741223118302,91.20631234688,1014.3907501344087,0.8937972692602151,0.39314073064267474
grid_m3.25_29.25,1965-06-01,21.483977750000022,12.565782041666688,0.039577484639999994,1015.7311037499999,1.3002790238058333,0.853290838076125
grid_m3.25_29.25,1965-07-01,21.896318158602174,13.785322594086043,16.60013199888,1015.6376269489248,0.9132774319932796,0.6749145126196237
grid_m3.25_29.25,1965-08-01,22.715447056451637,12.05997297043013,0.20980834996,1013.3822610215054,1.4379859838178763,1.0752696859541666
grid_m3.25_29.25,1965-09-01,23.250425305555577,11.683720444444468,2.28595733374,1012.5807390277779,1.5721443756870832,0.8390383606393055
grid_m3.25_29.25,1965-10-01,23.81915229838712,12.346068897849486,8.8272094502,1011.9379410618279,1.1150501615044355,0.5988669245883065
grid_m3.25_29.25,1965-11-01,23.426975472222242,12.248076208333357,3.57413291882,1011.8974150694444,1.0185226287838889,0.3001913694995833
grid_m3.25_29.25,1965-12-01,22.5386785887097,15.300025322580666,99.0879532374,1012.1623530241935,-0.004952524075241937,0.2192946003797043
grid_m3.25_29.25,1966-01-01,23.416892567204325,14.099980645161315,13.29231272478,1012.1721179435484,0.6769695080928764,0.444112285465457
grid_m3.25_29.25,1966-02-01,23.287881339285736,15.333235014880975,74.48172583734,1011.7557046874999,-0.17504264878244047,0.12476096746324405
grid_m3.25_29.25,1966-03-01,22.577878763440882,16.165957069892496,153.66744962518,1012.6481613575269,0.003416327204919356,0.029635173046505377
grid_m3.25_29.25,1966-04-01,22.52310893055558,15.813262513888912,57.9123493481,1013.1475497222223,0.5996783563631944,0.2585900979394028
grid_m3.25_29.25,1966-05-01,22.816913051075293,14.686704663978517,1.9817352345600001,1014.1930844758065,1.151204918596774,0.5647308055629032
grid_m3.25_29.25,1966-06-01,22.43729601388891,12.695493388888913,0.99515913852,1015.5491326388889,1.33188236254625,0.8621109430108334
grid_m3.25_29.25,1966-07-01,23.49156799731185,11.975596034946259,1.21998787474,1014.5578883736559,0.806387441061828,1.1384632391883065
grid_m3.25_29.25,1966-08-01,23.42669614247314,12.449401330645184,71.91824903858,1013.2947067204301,0.8957891573616344,0.8524828457717742
grid_m3.25_29.25,1966-09-01,22.56429669444447,12.989547000000023,18.45932001574,1012.9443797222223,1.2769847654730557,0.5234943777536111
grid_m3.25_29.25,1966-10-01,23.74424112903228,11.347281397849486,5.05042073992,1011.4525307123656,1.310832322266801,0.646970748703629
grid_m3.25_29.25,1966-11-01,22.834284111111135,13.60626429166669,76.10893241068,1011.0859409027778,0.8956376634361111,0.11989301401694444
grid_m3.25_29.25,1966-12-01,23.548571370967768,13.37177110215056,5.89704513382,1009.6713061155914,0.7766456199681183,0.4023330832797043
grid_m3.25_29.25,1967-01-01,24.764753467741958,12.977410000000022,2.69341469108,1009.8792288306452,0.5101215505865592,0.6158333033303763
grid_m3.25_29.25,1967-02-01,24.612039404761926,13.763202842261927,12.44640343702,1010.0005364583333,0.35046680071770836,0.6628996074590179
grid_m3.25_29.25,1967-03-01,23.74061993279572,15.527676653225829,69.03433790766,1010.2241868951612,0.028468553613306448,0.3425727964487903
grid_m3.25_29.25,1967-04-01,23.016643583333355,16.03605604166669,190.1843547742,1011.4387031944444,-0.08542466382763889,0.4759334649045833
grid_m3.25_29.25,1967-05-01,22.26359114247314,16.735218897849485,243.61109596864,1013.6850973790323,0.3059498980372581,0.5431219471393818
grid_m3.25_29.25,1967-06-01,21.63322043055558,14.507606388888911,17.66180982102,1014.1922142361111,1.191520506351389,0.7084490739548611
grid_m3.25_29.25,1967-07-01,21.822440255376367,13.937752809139809,14.27078243266,1014.5882858198925,0.9235354039199867,1.1207325232040324
grid_m3.25_29.25,1967-08-01,22.939417311827977,11.786922069892496,0.0605583192,1014.0484414650538,1.5018575143778898,1.4103979690954302
grid_m3.25_29.25,1967-09-01,23.509457833333357,12.121573250000024,25.94637845738,1013.05210125,1.3576587818426389,0.7385016463084721
grid_m3.25_29.25,1967-10-01,23.42739158602153,12.247729045698946,10.0698470908,1011.9578045698926,1.1563118969858872,0.4600644065961022
grid_m3.25_29.25,1967-11-01,22.99973266666669,14.29772754166669,42.90771467958,1011.388913888889,0.41309018652624996,0.3736193334097222
grid_m3.25_29.25,1967-12-01,22.493379529569914,16.699350793010776,166.0459043022,1012.629424126344,-0.3016146675376344,0.15840417525
grid_m3.25_29.25,1968-01-01,22.466984059139808,16.177641142473142,200.09493860892,1011.4932072580646,-0.14743269002048387,0.10880334942768816
grid_m3.25_29.25,1968-02-01,21.999805718390828,16.73862626436784,406.38804383848003,1011.7372906609196,-0.1366275543178161,0.060893966610344824
grid_m3.25_29.25,1968-03-01,21.518152311827983,16.631137782258087,218.89829635452,1012.2264262096774,-0.6168830433139785,-0.01460977780846774
grid_m3.25_29.25,1968-04-01,21.75172729166669,17.12380941666669,400.3324506086,1012.5671385416667,-0.13719221772916665,0.27939422685902776
grid_m3.25_29.25,1968-05-01,21.970043225806474,15.733389368279592,80.19900317004,1013.2498452956988,0.7987804415551075,0.5044947620504032
grid_m3.25_29.25,1968-06-01,21.47570841666669,14.481028819444466,17.68851281574,1014.6033584027778,1.096893775520632,0.797788491142125
grid_m3.25_29.25,1968-07-01,21.618678924731206,13.409421559139808,1.74236294876,1015.1088295698926,0.810353115924328,1.2280836973625
grid_m3.25_29.25,1968-08-01,22.5585210215054,12.574393924731208,0.03337860106,1013.578051814516,1.2795238613389783,1.4361178541254032
grid_m3.25_29.25,1968-09-01,23.479504791666688,11.931205236111136,1.50918959616,1012.3114845833334,1.4862314645505557,0.9641555161409722
grid_m3.25_29.25,1968-10-01,24.133822231182823,12.268072190860236,1.40762330534,1011.4022296370968,1.1374113228896505,0.45059419598655914
grid_m3.25_29.25,1968-11-01,22.6017900277778,13.648926458333358,35.24470318812,1011.9903625694444,1.0989178568485694,0.23432983724097223
grid_m3.25_29.25,1968-12-01,22.966876344086046,15.059423252688195,55.85598925024,1012.1058539650537,0.043548873166397856,0.17723179969341396
grid_m3.25_29.25,1969-01-01,23.304608481182818,15.338013669354861,117.89846407792,1010.5393762768816,0.10956811485752688,0.2235264844580645
grid_m3.25_29.25,1969-02-01,22.29386998511907,16.263347217261927,108.8998322468,1011.2464899553571,0.3472553201861607,-0.02798111665017857
grid_m3.25_29.25,1969-03-01,22.447181370967765,16.43090803763443,89.27750584766,1011.4747657930108,0.7557223536969085,0.05960136220665322
grid_m3.25_29.25,1969-04-01,23.33869405555558,15.96070666666669,15.64669614376,1011.2906090277777,1.1393338726858333,0.5809784607168056
grid_m3.25_29.25,1969-05-01,22.351529435483894,16.0649822043011,92.5180913153,1013.1478946236558,1.0381925847560485,0.7316982133131721
grid_m3.25_29.25,1969-06-01,22.411072583333357,13.755174458333356,1.84893607174,1013.8503527083334,1.1489976889170834,1.1576747273792638
grid_m3.25_29.25,1969-07-01,22.45165341397852,12.472285631720453,0.00333786012,1014.5557563172043,1.1222300316782259,1.591290873734543
grid_m3.25_29.25,1969-08-01,22.981387755376367,12.194060631720452,1.42908095866,1012.6266913306451,1.6774354757696237,1.4082009509594084
grid_m3.25_29.25,1969-09-01,23.8048465277778,12.442848111111134,12.72773743946,1011.6588460416667,1.2805106483129167,0.8340138938584721
grid_m3.25_29.25,1969-10-01,24.450849852150558,11.768053239247333,2.5997161857799997,1010.6206507392473,1.0106857700721035,0.5214066853467743
grid_m3.25_29.25,1969-11-01,23.510813625000022,13.426229208333355,41.40305507576,1011.5267156944445,0.6018631151862806,0.35407772064727777
grid_m3.25_29.25,1969-12-01,24.470285604838732,14.533080201612925,6.1144828888200005,1011.3823248655914,0.4239999531216936,0.5736059163479839
grid_m3.25_29.25,1970-01-01,22.555451612903248,16.42769873655916,228.68347176908,1012.7281627688171,-0.28196738965848256,0.03286675513754032
grid_m3.25_29.25,1970-02-01,23.510047261904784,16.81192080357145,123.03233142178,1011.3829962053571,0.09127562512247024,0.29735316729026784
grid_m3.25_29.25,1970-03-01,22.5917085887097,17.141680080645184,236.27448076118,1011.5523837365591,-0.16528650579368281,0.11380938091868278
grid_m3.25_29.25,1970-04-01,22.722179277777798,17.24975219444447,186.30790736082,1012.3279872916667,0.40852388474236107,0.4167561636911805
grid_m3.25_29.25,1970-05-01,22.192337970430128,15.72611223118282,29.05941011172,1012.99028077957,1.007626072600941,0.4157961231766398
grid_m3.25_29.25,1970-06-01,22.006239486111134,14.425699527777802,2.07233430128,1014.4206096527778,1.3263300579583333,1.1832184055209722
grid_m3.25_29.25,1970-07-01,22.242394233870993,12.824122029569914,0.042915344300000005,1014.1806403897849,1.1678507401873657,1.2827828459607526
grid_m3.25_29.25,1970-08-01,22.854617513440882,12.50402673387099,1.61647796396,1012.5339762768817,1.4087427614422041,1.2654373598071504
grid_m3.25_29.25,1970-09-01,23.845649333333352,11.026688625000022,5.14936445034,1010.9219751388889,1.4224059430658333,1.1526346839531945
grid_m3.25_29.25,1970-10-01,23.776068602150563,12.265744784946259,7.76863097236,1010.674050672043,1.226373312686484,0.728530433744086
grid_m3.25_29.25,1970-11-01,23.262041861111133,14.126136347222246,34.1145992897,1011.1663663194444,0.4582445793476389,0.1394903596583611
grid_m3.25_29.25,1970-12-01,23.144146290322603,14.64326168010755,40.16757018112,1011.6906762096773,0.2499716041691129,0.24692614396827955
grid_m3.25_29.25,1971-01-01,22.74535783602153,14.620005766129054,55.47046661534,1011.0136051747312,-0.07820379537768817,0.0002841334684946232
grid_m3.25_29.25,1971-02-01,23.54519196428574,14.730882172619069,37.19830518488,1009.9673680803571,-0.13988796850758928,0.33522745661830355
grid_m3.25_29.25,1971-03-01,24.11309165322583,13.738482379032279,11.11841209544,1010.221202016129,0.6696488577063172,0.6412267186893817
grid_m3.25_29.25,1971-04-01,22.83684801388891,16.11794280555558,237.12825835478,1011.6662088888888,0.03807699321972222,0.5048968533347222
grid_m3.25_29.25,1971-05-01,22.02391880376346,15.77928165322583,77.8124330951,1012.7553442204301,0.8366732981856183,0.5500998860118952
grid_m3.25_29.25,1971-06-01,21.60750654166669,14.0892105277778,8.814811820300001,1014.2679916666667,1.1897158297805557,1.2009276968288054
grid_m3.25_29.25,1971-07-01,22.393274583333355,12.779623387096796,1.3806819878399998,1013.6467590725806,0.9621505138158601,1.267858804618191
grid_m3.25_29.25,1971-08-01,22.796833158602176,11.692579650537656,2.81715388958,1012.4303428763441,0.8866418700723119,1.2477526506564247
grid_m3.25_29.25,1971-09-01,23.481949722222247,11.9039472777778,3.46565245588,1012.1580068055555,1.1233407116466667,0.7112301686548611
grid_m3.25_29.25,1971-10-01,23.777240161290347,11.913940456989272,8.07952880166,1011.9084462365591,0.9280401241750806,0.5822848891466398
grid_m3.25_29.25,1971-11-01,22.64121291666669,14.088468597222244,100.47149647732,1011.9042309722223,0.5786218232845833,0.16803836845236111
grid_m3.25_29.25,1971-12-01,21.743172768817228,14.702296384408625,205.65104535132,1012.4611790322581,0.14523036907413978,-0.06687276965174731
grid_m3.25_29.25,1972-01-01,22.404883131720453,15.178138400537657,101.54056547352,1010.6198434811829,0.36385267423991935,0.18267516558629035
grid_m3.25_29.25,1972-02-01,21.99519334770117,16.12466706896554,133.1007476104,1011.3400766522988,-0.2755900205619253,-0.11333835918405173
grid_m3.25_29.25,1972-03-01,22.31729469086024,16.054519381720453,50.51040664852,1011.0760227150538,0.4474406709610215,0.3856454462205645
grid_m3.25_29.25,1972-04-01,22.5609157777778,15.7068721527778,86.48467110202,1011.4208613194444,0.70250396335,0.5056998454111111
grid_m3.25_29.25,1972-05-01,22.3246348387097,15.40716297043013,31.29267714308,1012.7164921370968,1.0890257628964113,0.6241405839533334
grid_m3.25_29.25,1972-06-01,21.51578716666669,15.512515875000023,137.09068223066,1013.9596311805554,0.58055489935,0.6321269781733333
grid_m3.25_29.25,1972-07-01,21.64512918010755,13.669954408602171,0.37193298655999996,1014.0781352822581,1.3853701320712366,1.253822142800672
grid_m3.25_29.25,1972-08-01,22.326135672043034,12.888878978494645,22.70007136538,1012.5418947580645,1.2519075538212365,1.1548071942880107
grid_m3.25_29.25,1972-09-01,23.312259680555577,12.943311611111133,6.76918028362,1012.3139509027778,1.1252994749481944,0.4422229779847222
grid_m3.25_29.25,1972-10-01,23.087764435483894,14.272453830645183,97.07307811174,1011.967721169355,0.7462811825799731,0.2092129077783602
grid_m3.25_29.25,1972-11-01,22.283741722222242,16.25816016666669,195.2240460709,1012.5278995138889,0.20745605899958336,0.10017704782704168
grid_m3.25_29.25,1972-12-01,22.400000053763463,16.41109594086024,80.7282923477,1012.5715779569892,0.1476088023607527,0.13341438275712367
grid_m3.25_29.25,1973-01-01,22.811146384408623,16.803742069892497,263.99731627852003,1012.8608381048386,-0.04282043536021505,-0.014558812500672045
grid_m3.25_29.25,1973-02-01,23.610974851190498,16.571712648809548,60.84847474344,1011.4086122767857,0.2461489204970238,0.11189102101927084
grid_m3.25_29.25,1973-03-01,24.344049731182817,15.559043763440883,4.6062469334400005,1010.9961672043011,0.5255883736341398,0.5601832479145834
grid_m3.25_29.25,1973-04-01,23.680408152777797,15.4967535277778,8.755445528400001,1011.4902742361112,0.8145295241530417,0.8428688180379167
grid_m3.25_29.25,1973-05-01,23.191973655914,14.574119959677443,13.81564136078,1012.7709432795699,0.960587328550672,0.7741217024901882
grid_m3.25_29.25,1973-06-01,22.84358313888891,13.758843222222243,5.22017477592,1013.680753125,1.0197144213220832,1.279609446598611
grid_m3.25_29.25,1973-07-01,22.699380846774215,12.747892405914001,15.51175105914,1013.8578534946237,0.511870979878629,1.3904776221478494
grid_m3.25_29.25,1973-08-01,23.185215739247333,12.022114623655936,0.88500976256,1013.0060749327956,1.1316504330407258,1.411828737026613
grid_m3.25_29.25,1973-09-01,23.738379236111133,12.3006779027778,8.70132443468,1011.8659131944445,0.9566838570062499,0.6296241510466666
grid_m3.25_29.25,1973-10-01,23.926905658602173,12.444367795698948,8.08358194298,1010.1571014112902,1.1498735887944356,0.5560331660674731
grid_m3.25_29.25,1973-11-01,23.179603708333353,14.877791069444468,38.09905052174,1012.0972448611111,0.3037407561075,0.15635734105180557
grid_m3.25_29.25,1973-12-01,23.486692540322604,14.095930524193571,16.36624327364,1011.548375672043,0.24972559840698927,0.37931025000477153
grid_m3.25_29.25,1974-01-01,23.376683911290343,14.188621518817229,24.3346690927,1010.8986861559141,0.1101655658517473,0.481585081219086
grid_m3.25_29.25,1974-02-01,24.64766473214288,13.085803303571451,9.54031938038,1009.2697873511904,0.43091297066369044,0.5408876495436012
grid_m3.25_29.25,1974-03-01,23.14746614247314,14.899691908602172,200.68335560386,1010.2885576612903,0.27156651909274193,0.4184964642085753
grid_m3.25_29.25,1974-04-01,22.503594819444466,17.144551666666693,79.35190168294,1011.7817427777777,0.13493487035218057,0.5784268513077222
grid_m3.25_29.25,1974-05-01,21.851069032258085,16.844009301075292,451.33495277908,1012.9682446908602,0.36136046883588707,0.6873711968846774
grid_m3.25_29.25,1974-06-01,21.497255347222243,15.4541717777778,56.74839008086,1012.9667285416666,0.8542798913775,0.8765767629688889
grid_m3.25_29.25,1974-07-01,20.594866518817227,14.207825752688192,11.21902467228,1014.7630997983871,0.9903261329155914,1.0343983992958776
grid_m3.25_29.25,1974-08-01,22.349843279569914,12.869360551075292,0.01907348626,1012.2324524193549,1.0473278406794355,1.27171214116707
grid_m3.25_29.25,1974-09-01,22.80012806944447,11.762117333333357,4.04214855964,1011.3062210416667,1.3303959513920833,1.0521539899481944
grid_m3.25_29.25,1974-10-01,23.036010349462387,12.874673615591421,12.2234821754,1010.6901238575269,1.3269722020636694,0.5379821066389651
grid_m3.25_29.25,1974-11-01,22.42987818055558,14.18652150000002,43.49613187,1011.4430775000001,0.779558478367361,0.15938296870000002
grid_m3.25_29.25,1974-12-01,23.59583946236561,13.726623239247335,5.46956063348,1011.0179059811827,0.3180434027482527,0.3841203057480645
grid_m3.25_29.25,1975-01-01,23.074951774193572,14.517783293010774,57.98625962448,1011.6987442876344,0.2582084281294355,0.2816588297698925
grid_m3.25_29.25,1975-02-01,24.213045892857163,13.849943973214309,16.78180705114,1010.5765329613096,0.34691335312594196,0.4414150150092262
grid_m3.25_29.25,1975-03-01,23.032972540322604,15.445643400537659,60.56308763276,1011.0596818548387,0.09730293892110216,0.4140136672620968
grid_m3.25_29.25,1975-04-01,23.336044861111134,15.18988488888891,23.76532562074,1010.9724599305555,0.6502003982484722,0.6706969262847222
grid_m3.25_29.25,1975-05-01,22.957826438172066,14.099255282258087,24.52874171826,1011.7944900537634,1.2754201142504031,0.7695429607727151
grid_m3.25_29.25,1975-06-01,22.334223500000025,13.078736472222246,4.6558380291,1014.0240425,1.0045480727,1.22114203141625
grid_m3.25_29.25,1975-07-01,22.485418131720454,12.01314180107529,19.2575453645,1013.0293145833333,0.7064919424948924,1.2025230120672041
grid_m3.25_29.25,1975-08-01,23.198851922043037,11.439172768817228,0.20742416448,1012.6134612903227,0.8004619840701613,1.397923993666129
grid_m3.25_29.25,1975-09-01,23.031248125000022,12.724728527777799,25.52604683518,1012.1067317361111,0.7907885857629167,0.6134890465077778
grid_m3.25_29.25,1975-10-01,22.418585120967766,14.064564126344107,96.77815430316,1011.6819864919355,0.8078863084537634,0.3048128315383199
grid_m3.25_29.25,1975-11-01,22.633243222222244,12.782306180555578,2.03490256732,1010.8631875694444,1.2191911121486112,0.34590248411986113
grid_m3.25_29.25,1975-12-01,22.22311293010755,15.493030873655938,213.3214473132,1011.3724604166666,0.1895637570454301,0.241617449022043
grid_m3.25_29.25,1976-01-01,22.745975725806474,15.146150927419377,49.153804913500004,1010.3573016129031,0.4630182411189516,0.5484689271073925
grid_m3.25_29.25,1976-02-01,22.396304224137957,15.0435156034483,53.79772163216,1010.3891792385058,0.28151856904784484,0.5480643246645115
grid_m3.25_29.25,1976-03-01,23.68874188172045,15.08970860215056,26.4251232172,1009.7774452956988,0.2156221324822043,0.6666713424176075
grid_m3.25_29.25,1976-04-01,23.1646904027778,15.750391055555578,28.86056924536,1011.7065125,0.3756983858575695,0.65267550051475
grid_m3.25_29.25,1976-05-01,22.718379059139806,15.462471155914,174.59774024052,1013.4087021505377,0.6397675545554167,0.8747467731012096
grid_m3.25_29.25,1976-06-01,21.23815725000002,14.099969097222244,4.3091774027,1014.0421550694444,1.1122887719014167,1.0056015232172222
grid_m3.25_29.25,1976-07-01,22.259104502688196,12.015421451612927,0.17976761182,1014.4548553091398,0.7890482764044354,1.2672060521016129
grid_m3.25_29.25,1976-08-01,22.7174935887097,12.186481935483894,2.44379043514,1013.1727070564516,1.0768500934533602,1.2152152094540027
grid_m3.25_29.25,1976-09-01,23.841464875000025,12.067726500000024,8.83769983966,1012.3292646527777,1.4269001090183335,0.8556313202222223
grid_m3.25_29.25,1976-10-01,23.878250887096797,13.126693575268842,6.30211831308,1010.8082206317204,1.1153089457255376,0.5451877337535241
grid_m3.25_29.25,1976-11-01,23.392920875000023,13.73773479166669,9.09042364956,1011.11057,0.5121735034740278,0.31833841448273614
grid_m3.25_29.25,1976-12-01,23.827332540322605,14.084486989247335,16.37411123554,1010.4480237903226,0.612636091500215,0.3990463553658602
grid_m3.25_29.25,1977-01-01,22.903212150537655,16.049527594086044,151.11541736472,1011.274504032258,0.06733436944768818,0.08820839276962365
grid_m3.25_29.25,1977-02-01,22.713058467261927,15.600417276785736,83.56213580578,1011.8830492559524,-0.13521469359653274,-0.10038557463125002
grid_m3.25_29.25,1977-03-01,23.377733091397875,15.643965322580668,9.86933709322,1011.4679270833333,0.47646222591725806,0.5353524404931451
grid_m3.25_29.25,1977-04-01,22.81160879166669,17.477430847222244,227.7772427211,1011.6238213888888,-0.08498812818466667,0.4048088887397222
grid_m3.25_29.25,1977-05-01,22.556464905913998,15.949309959677443,75.2415658587,1012.8189059139784,0.831992324241801,0.8024558395136963
grid_m3.25_29.25,1977-06-01,22.55290493055558,13.711803305555577,2.07996368842,1013.3022398611112,1.0624195080790277,1.0633320678774028
grid_m3.25_29.25,1977-07-01,22.939572083333356,12.949310860215077,0.0,1013.159317204301,0.6654401187184946,1.3078762805026345
grid_m3.25_29.25,1977-08-01,23.786290026881744,11.924729112903249,1.23500824302,1012.5529918010753,1.164197862203629,1.0734977597362905
grid_m3.25_29.25,1977-09-01,24.402586305555577,12.267857138888912,1.92475317298,1011.67254375,1.2098941764458333,0.8661945543269444
grid_m3.25_29.25,1977-10-01,24.238311518817227,13.225394032258087,28.21111688854,1011.3298826612903,1.219360308999328,0.5992297104292473
grid_m3.25_29.25,1977-11-01,22.727077708333358,15.402274083333358,85.24250999228,1012.3500615972222,0.29922488684513887,0.05523827747499999
grid_m3.25_29.25,1977-12-01,22.800635672043036,16.149995900537657,193.66049849454,1012.4003953629032,0.11610781718024193,0.1785531599263441
grid_m3.25_29.25,1978-01-01,22.737308064516153,16.296662083333356,107.13076613996,1012.5965732526882,0.03687930233938171,0.10456714693629034
grid_m3.25_29.25,1978-02-01,23.038929285714307,16.709549315476213,137.59899160396,1012.0954153273809,0.045729953764120534,0.3350254231386905
grid_m3.25_29.25,1978-03-01,22.23793737903228,17.08067916666669,380.0828446055,1012.0219586021504,-0.39860134688534943,-0.0017625945252688143
grid_m3.25_29.25,1978-04-01,22.650790347222244,16.662120791666688,40.853262005299996,1011.5250013194444,0.5968825449579861,0.4666629971428333
grid_m3.25_29.25,1978-05-01,21.99874333333336,15.705055954301098,98.7803938404,1013.1580925403225,1.380390230447043,0.6787787421198118
grid_m3.25_29.25,1978-06-01,21.87708080555558,14.363272194444466,12.6180648618,1014.2892970138889,1.1583534865396112,0.9888578760854168
grid_m3.25_29.25,1978-07-01,22.374116948924755,12.620461895161311,0.16307830794,1013.3603323924731,0.7199221579462366,1.2469633384637098
grid_m3.25_29.25,1978-08-01,23.088471303763463,12.25175185483873,0.020503998059999997,1012.9654260080645,0.9889498055518817,1.128464554684946
grid_m3.25_29.25,1978-09-01,23.674378319444465,11.915283527777802,10.941982299940001,1011.9180220833333,1.2048456396952778,0.8186038456749999
grid_m3.25_29.25,1978-10-01,23.567073924731204,13.094312862903248,15.23923871022,1011.1751938844086,1.1655951885255378,0.3497369007852151
grid_m3.25_29.25,1978-11-01,22.755144180555575,14.930566194444468,243.99566526928,1012.3963494444444,0.6258661911890278,0.23762018407541668
grid_m3.25_29.25,1978-12-01,22.451108400537656,16.726272634408623,194.43798039632,1012.0897512096774,-0.0315232636952957,0.06315604524229838
grid_m3.25_29.25,1979-01-01,22.24109052419357,16.104957567204323,40.8542153628,1011.4793520833333,0.6227216812622312,0.24483278724758062
grid_m3.25_29.25,1979-02-01,22.317474464285738,17.064853943452402,167.14620595082,1011.7500099702381,-0.578889938389881,-0.061525117263095244
grid_m3.25_29.25,1979-03-01,23.056755739247336,16.814536384408623,58.58254437394,1011.3205651881719,0.3249457789966398,0.41648232921559136
grid_m3.25_29.25,1979-04-01,22.56586737500002,17.182849486111134,121.61874774386,1011.8742536805555,0.24257405589484723,0.5276569152294931
grid_m3.25_29.25,1979-05-01,22.29055106182798,16.458338293010772,245.72920742786,1013.616269422043,1.2826703153744625,0.6646449185205376
grid_m3.25_29.25,1979-06-01,21.760434722222247,14.894140513888912,9.05251501946,1014.8279779166667,0.9707462522566666,1.200532805479861
grid_m3.25_29.25,1979-07-01,22.29428908602153,13.377517849462388,0.27942657678,1015.2008655241935,1.098689211718414,1.3881369123958334
grid_m3.25_29.25,1979-08-01,23.473931827957013,13.011695887096797,0.053882598600000005,1011.9946172715054,1.321763354255645,1.3733101489702957
grid_m3.25_29.25,1979-09-01,24.59591495833336,10.91338929166669,0.045299529320000004,1011.4732795138889,1.7139140647730557,1.3764212163625
grid_m3.25_29.25,1979-10-01,24.147727379032283,12.53862665322583,10.77938078254,1011.4172350134409,1.3022129398650242,0.5959259161302285
grid_m3.25_29.25,1979-11-01,23.458862986111136,13.996412097222244,17.84658445048,1010.8787903472222,0.7481647303129861,0.25754807907777777
grid_m3.25_29.25,1979-12-01,23.53007856182798,15.217023534946259,107.15413098392,1012.4264377016129,0.26258392589327956,0.41418719759637096
grid_m3.25_29.25,1980-01-01,23.272400631720455,16.55692850806454,79.41484440988,1012.0019955645162,-0.0009906938534946224,0.40524698120188174
grid_m3.25_29.25,1980-02-01,23.47817732758623,15.515926537356343,9.01722910348,1010.5922118534484,0.6893373902112356,0.47453246640229885
grid_m3.25_29.25,1980-03-01,23.979296250000022,14.946143064516153,27.32992175772,1011.064477016129,0.4021457959610215,0.513250922419758
grid_m3.25_29.25,1980-04-01,23.47988031944447,16.230600444444466,98.72341163474,1011.5577924305555,0.2625903029244444,0.5224942316383889
grid_m3.25_29.25,1980-05-01,22.742008991935503,16.38024606182798,71.48289668494,1013.5211391129033,0.5986817899125,0.8498483880005376
grid_m3.25_29.25,1980-06-01,22.88567691666669,14.262228861111135,5.6431293684,1014.3663063194444,1.003030395028611,1.1903104782179168
grid_m3.25_29.25,1980-07-01,23.001530483870994,12.541083978494648,0.28038024562,1014.2884597446237,1.297792166370027,1.5450516791920699
grid_m3.25_29.25,1980-08-01,23.663939435483893,11.196734072580668,0.00977516176,1013.5037251344087,1.3777266277598117,1.5435386874513588
grid_m3.25_29.25,1980-09-01,24.090609097222245,12.52648004166669,41.32390037256,1012.4683999305555,1.091883665101018,0.7561844924830555
grid_m3.25_29.25,1980-10-01,23.756022674731206,12.988780120967764,13.19003113118,1012.1986331989248,1.2437494744939785,0.6741361498346774
grid_m3.25_29.25,1980-11-01,23.119428750000022,14.239144361111132,71.36154184772,1012.1637841666667,0.5608370463297222,0.24002539390930555
grid_m3.25_29.25,1980-12-01,23.39107973118282,15.154270954301099,34.70158583652,1011.8235347446237,0.2611246018364247,0.4460891798681451
grid_m3.25_29.25,1981-01-01,24.213570013440883,14.708146129032281,10.69593430046,1011.9698811827958,0.2966959724875,0.7372392638422043
grid_m3.25_29.25,1981-02-01,24.18720924107145,14.867077678571453,87.05210661564,1011.1813862351189,0.2835023736041667,0.4701680238690476
grid_m3.25_29.25,1981-03-01,23.068100362903248,15.812205954301097,39.40153124612,1011.6097969758064,-0.1248559441451613,0.28702573760402283
grid_m3.25_29.25,1981-04-01,22.908733819444468,17.258250444444467,215.2438171216,1012.2982693055556,0.05180011338486112,0.4047458026738889
grid_m3.25_29.25,1981-05-01,22.327266733870992,17.019822069892495,245.05043054298,1013.4303280241936,0.6304718151612904,0.7192541411254569
grid_m3.25_29.25,1981-06-01,22.184493875000022,15.161842569444467,28.3670426889,1014.3912079861111,1.0420266629520833,1.0275189302144445
grid_m3.25_29.25,1981-07-01,22.341040201612927,13.653700685483894,9.38367834216,1013.7892194220431,0.769990223007715,1.3388259494797043
grid_m3.25_29.25,1981-08-01,22.50274301075271,14.045710752688196,29.84809874404,1013.1513272849463,1.090934157110215,0.8739935271748656
grid_m3.25_29.25,1981-09-01,23.0089650277778,13.100522458333355,10.660886862,1012.4940802777778,1.0989373531727777,0.6522996998272222
grid_m3.25_29.25,1981-10-01,23.57814336021508,13.856861559139809,9.48286055774,1011.8449192204301,1.1080853459276883,0.41642572575712367
grid_m3.25_29.25,1981-11-01,23.880416583333357,12.952672291666689,8.28933718368,1011.3706904166665,0.9103490965865279,0.3181058239170833
grid_m3.25_29.25,1981-12-01,23.681641317204324,15.042585618279592,25.25496470624,1012.081627217742,0.3639230283581989,0.5462861627723118
grid_m3.25_29.25,1982-01-01,24.02261638440863,15.158074408602175,31.06689473422,1011.2285827284945,0.13624140000206988,0.4242587960814516
grid_m3.25_29.25,1982-02-01,24.613972708333357,14.200746860119072,11.62385949914,1010.8347738839286,0.019927577188244044,0.2759219362769345
grid_m3.25_29.25,1982-03-01,24.67456616935486,14.596157405914001,28.84626385996,1010.7114754032259,0.5221778153837365,0.7276713528687903
grid_m3.25_29.25,1982-04-01,23.155216347222243,16.692680736111132,99.7636323055,1012.1025053472223,0.33093263800166667,0.46678600215462496
grid_m3.25_29.25,1982-05-01,22.69263517473121,16.339680416666692,223.68550322876,1013.1068020833333,0.9295959265712365,0.7497128705997312
grid_m3.25_29.25,1982-06-01,22.407127486111133,14.602500180555579,3.95965574774,1014.7254571527778,1.3351468888958333,1.0794654415422222
grid_m3.25_29.25,1982-07-01,22.490684489247336,12.88588655913981,0.80227850894,1014.2543383736559,1.2923657812489249,1.4205959280701612
grid_m3.25_29.25,1982-08-01,23.518522123655934,11.871163817204323,0.16498565754,1013.4511358198926,1.3085584946048388,1.357440208888172
grid_m3.25_29.25,1982-09-01,24.847435958333357,11.712703402777802,1.3236999545,1012.2845610416667,1.2976749198131945,1.0595262312
grid_m3.25_29.25,1982-10-01,23.984506384408622,12.712106008064538,8.54158399356,1011.8092231182796,0.7137973127258065,0.46023146394489245
grid_m3.25_29.25,1982-11-01,23.554227263888915,15.217137388888911,216.27664599432,1012.1651115972222,-0.15538035508861112,0.26029976612875
grid_m3.25_29.25,1982-12-01,22.99748987903228,16.92517311827959,85.80327030416,1012.4460983198925,0.10034201300430108,0.2381016916938172
grid_m3.25_29.25,1983-01-01,23.78653041666669,16.22859165322583,39.48116318202,1012.9163072580645,0.3131655883492742,0.12677026647526882
grid_m3.25_29.25,1983-02-01,24.37609479166669,16.232719345238117,36.80658337274,1011.9048310267857,0.20484872252842262,0.23081043640252977
grid_m3.25_29.25,1983-03-01,24.765143077957013,16.488158857526905,43.25342200764,1011.738981048387,0.41218189431599467,0.6678633328403226
grid_m3.25_29.25,1983-04-01,24.38651829166669,16.118297486111132,34.27100185182,1012.1718859027778,0.6184499524875,0.7985416823904166
grid_m3.25_29.25,1983-05-01,24.473951465053787,14.757025618279593,1.44386291296,1012.2219810483872,1.2730981361379032,0.8512535411877687
grid_m3.25_29.25,1983-06-01,23.91392570833336,13.440947208333357,8.33177565528,1013.48991,1.0401844866043055,1.2453840689013889
grid_m3.25_29.25,1983-07-01,23.389108091397873,12.711714529569916,8.34655760046,1013.7495446908603,1.0344226818,1.2447860120864247
grid_m3.25_29.25,1983-08-01,23.466763212365617,13.676435551075292,11.8603706995,1014.2123822580645,0.8379147429563172,1.1444971633464651
grid_m3.25_29.25,1983-09-01,24.599959791666688,11.534134819444466,0.63824653958,1012.3010199305556,1.2755040492275,1.1615656944050001
grid_m3.25_29.25,1983-10-01,23.509200120967765,13.710805954301101,12.94827464472,1012.4370999327957,0.7058965821721773,0.3063850003091398
grid_m3.25_29.25,1983-11-01,23.921614361111132,13.363664305555577,7.6444149192,1013.1261438194445,0.5283773895194445,0.2997367015036111
grid_m3.25_29.25,1983-12-01,23.612524556451636,13.948099381720455,46.72575006126,1012.704002889785,-0.033982156674193555,0.09249947673655913
grid_m3.25_29.25,1984-01-01,23.111890255376366,14.821796948924755,56.33687958908,1011.8294364919354,-0.22429775434959678,0.03421647510266129
grid_m3.25_29.25,1984-02-01,24.35948956896554,14.780691293103471,29.14547913674,1010.027189367816,-0.11082160382083334,0.5527360841795976
grid_m3.25_29.25,1984-03-01,24.244076115591422,13.117569543010775,6.48760795182,1010.4919598118279,0.8306554172866936,0.7322245573814516
grid_m3.25_29.25,1984-04-01,23.443393583333354,14.525504847222244,51.01060876872,1011.6904011805557,0.7744321414884722,0.6974728065629167
grid_m3.25_29.25,1984-05-01,23.395588252688196,12.951258655914001,7.64369966978,1011.887035282258,1.393856273702957,1.0767606508803764
grid_m3.25_29.25,1984-06-01,22.887395722222244,12.404008736111134,1.4538765057999998,1014.0584535416667,1.3491696461729168,1.3970100307805555
grid_m3.25_29.25,1984-07-01,22.628663870967763,12.969925188172066,3.966569912,1013.6171002688172,1.1739498680362903,1.2470335195163977
grid_m3.25_29.25,1984-08-01,23.400778051075292,12.697208817204324,36.02170962108,1013.2716289650538,0.9812420249078898,1.1522111793797043
grid_m3.25_29.25,1984-09-01,23.950955958333356,11.40385230555558,4.0464401295800005,1011.4863710416666,1.3271616608791668,0.7988659970776388
grid_m3.25_29.25,1984-10-01,22.813556948924752,13.88461116935486,71.89345342748,1012.0869342069893,1.3951440625231788,0.20028817814650537
grid_m3.25_29.25,1984-11-01,22.734680500000024,14.442665597222243,48.69151099828,1012.2255399305557,0.48059671348888894,0.11539139317555555
grid_m3.25_29.25,1984-12-01,22.847388172043036,15.66772857526884,134.60779189971998,1011.0245154569893,0.40238294118969087,0.23300505074005376
grid_m3.25_29.25,1985-01-01,23.522390174731207,14.733613172043034,35.07876393106,1010.6426781586022,0.5400609093814516,0.4605043063817204
grid_m3.25_29.25,1985-02-01,22.28826916666669,15.538006071428594,67.58904452416,1011.7201040922619,-0.9168286337199405,-0.3118079503790178
grid_m3.25_29.25,1985-03-01,23.582679247311848,15.32711549731185,206.99024233238,1010.8025225134409,0.40039499527983874,0.4062589614924731
grid_m3.25_29.25,1985-04-01,22.465287180555578,16.94144244444447,174.187898447,1012.1063282638888,0.2784447311733333,0.3030126775075
grid_m3.25_29.25,1985-05-01,22.521206129032283,15.57231673387099,27.35757831274,1012.865989986559,1.1386883856708334,0.7741675630651343
grid_m3.25_29.25,1985-06-01,22.05853780555558,14.6517056527778,3.43513488274,1014.8546494444444,0.9877260620433332,1.0567539013159721
grid_m3.25_29.25,1985-07-01,21.932471814516152,12.707345215053788,0.14829635372000002,1014.4747239919354,1.1004394300764786,1.3063219540416666
grid_m3.25_29.25,1985-08-01,22.693408897849483,12.698603602150563,1.4495849525200002,1013.9735345430107,1.344661222235215,1.3310500527649194
grid_m3.25_29.25,1985-09-01,23.218315333333358,12.571017541666688,27.48799312406,1012.2246059027779,1.4903383866811668,0.8446825864945833
grid_m3.25_29.25,1985-10-01,23.12213024193551,13.498333306451636,36.07606890894,1011.6506203629032,1.5476559874663978,0.3577230101948925
grid_m3.25_29.25,1985-11-01,22.489715722222247,15.562235652777801,237.48922416224,1012.2609330555555,0.5812272457347222,0.2053872854886111
grid_m3.25_29.25,1985-12-01,23.03186849462368,15.921166559139808,27.86421767594,1011.5836955645162,0.4785481726695161,0.2752291454504973
grid_m3.25_29.25,1986-01-01,23.316172056451638,16.013446397849485,69.18930981746,1012.2488579301075,-0.12172128769260752,0.14502353036456048
grid_m3.25_29.25,1986-02-01,23.54254254464288,15.142553169642879,30.340909855539998,1010.9964516369047,0.1888875950574405,0.35368095349328865
grid_m3.25_29.25,1986-03-01,23.766518844086043,14.970404690860239,9.7694396498,1011.1179077956989,0.2508342712561828,0.5578785778561828
grid_m3.25_29.25,1986-04-01,23.073942402777803,16.647892972222245,212.26239129764,1011.7787924305555,0.4650779938619444,0.4050404004929166
grid_m3.25_29.25,1986-05-01,22.11451962365594,16.27118739247314,97.22328222026,1013.4156254032258,1.168534364709543,0.6330324586930108
grid_m3.25_29.25,1986-06-01,22.67971466666669,15.017465875000024,1.8043518203,1014.0032315277778,0.5617454093900001,1.1449870271698612
grid_m3.25_29.25,1986-07-01,22.386754193548413,13.048467231182817,1.31678581458,1015.2032159274194,0.8767925575543011,1.431080007135484
grid_m3.25_29.25,1986-08-01,23.51904611559142,12.028439422043034,0.84352493394,1012.6264627016129,1.3832662230497312,1.3646577595689517
grid_m3.25_29.25,1986-09-01,24.26385338888891,12.086240055555578,2.6192665062400002,1012.9696431944444,1.2196320649659722,0.8666172227733333
grid_m3.25_29.25,1986-10-01,23.814955000000023,14.097523172043033,66.05434408584,1012.3216661962365,0.7452929501169355,0.2774329015813172
grid_m3.25_29.25,1986-11-01,23.371621972222243,14.28086605555558,12.747526153579999,1011.8019197916667,0.7360213929371944,0.2817062153463889
grid_m3.25_29.25,1986-12-01,23.170411948924755,16.50856491935486,154.30784176808,1012.7190784274194,-0.06408273022243145,0.12726566412701612
grid_m3.25_29.25,1987-01-01,23.15666853494626,16.632877352150558,87.02254312784,1013.1320705645161,-0.2658455359566532,-0.02028057196182796
grid_m3.25_29.25,1987-02-01,23.75755218750002,17.189518035714308,156.25548267042,1012.4104669642858,0.08386527911520833,0.2619528764780655
grid_m3.25_29.25,1987-03-01,23.84292170698927,17.10230357526884,42.00077054572,1010.9837623655914,0.12835299534455646,0.2703954640810484
grid_m3.25_29.25,1987-04-01,23.32921823611113,17.343145055555578,338.95659480926,1012.6460759027777,0.4734767497244444,0.4085243221718055
grid_m3.25_29.25,1987-05-01,23.123509166666693,16.616316465053785,74.2614268744,1013.0614559811828,1.051228308035887,0.6365842712138441
grid_m3.25_29.25,1987-06-01,22.495959972222245,16.297543819444467,23.15998085682,1015.0752225000001,0.49332232966861106,0.9553017941043055
grid_m3.25_29.25,1987-07-01,23.387231922043036,14.560560349462387,0.09155273284,1013.2697678763441,1.1882373229556453,1.2422163782767472
grid_m3.25_29.25,1987-08-01,23.654526115591423,13.927059153225828,6.9303512110200005,1013.3099690860215,1.5253786500309139,1.0997575536034945
grid_m3.25_29.25,1987-09-01,24.254022597222242,14.205634527777802,41.521072528459996,1012.5251002777778,1.0596807484011113,0.5637979310047222
grid_m3.25_29.25,1987-10-01,24.21993506720432,14.944734139784968,11.0888481711,1011.876147782258,0.9524250861600269,0.4902441590418011
grid_m3.25_29.25,1987-11-01,23.334504166666687,15.376046097222247,104.84361678176,1012.4624005555555,0.8685238943361111,0.16173386042263888
grid_m3.25_29.25,1987-12-01,24.33642173387099,15.294435954301097,6.03342056378,1012.3305591397849,0.8207521113807795,0.3886066969869624
grid_m3.25_29.25,1988-01-01,23.998673481182816,16.157346478494645,49.22819135388,1011.9658561155915,-0.021898538153763438,0.2327780576685484
grid_m3.25_29.25,1988-02-01,24.97418018678163,15.513566982758643,4.39262388884,1010.4496905172414,0.5876245149081897,0.49184970079231327
grid_m3.25_29.25,1988-03-01,24.084082755376368,16.523144489247336,73.62747188984,1012.1540209005376,-0.040514006594650535,0.14955545312997312
grid_m3.25_29.25,1988-04-01,24.040235555555583,16.714873486111134,10.15424726898,1011.706291875,0.5102971442016667,0.47844297534652774
grid_m3.25_29.25,1988-05-01,23.579003293010775,15.939080631720453,25.89082741354,1013.5582102822581,1.1138244752403226,0.9639784304252689
grid_m3.25_29.25,1988-06-01,23.89894401388891,13.64107894444447,0.04339218064,1013.7780438194444,1.2368714213749998,1.1368746024947223
grid_m3.25_29.25,1988-07-01,23.812139852150562,13.117701129032282,0.65660477336,1013.8285027553763,0.7793971441205645,1.3176202660458334
grid_m3.25_29.25,1988-08-01,23.643691465053784,13.410839610215078,7.54427907086,1013.008063172043,1.2118688192701612,0.9628219814580645
grid_m3.25_29.25,1988-09-01,24.244816027777798,12.829642680555578,4.0278434680799995,1011.7188238194445,1.297698180598611,0.77571171781
grid_m3.25_29.25,1988-10-01,23.41502104838712,14.546778185483895,30.16233445388,1011.4119007392474,1.1834467208797044,0.22382555654287634
grid_m3.25_29.25,1988-11-01,23.185287347222246,15.4047835277778,37.26220113398,1012.5642881944444,0.7827024040561111,0.3397383374738889
grid_m3.25_29.25,1988-12-01,23.41174176075271,14.519060631720453,23.54025837822,1011.4431398521506,0.761521880482258,0.449443774657836
grid_m3.25_29.25,1989-01-01,22.782198077957013,15.414559018817227,54.05378334394,1011.9817597446237,-0.6808455879643817,-0.19117783937661292
grid_m3.25_29.25,1989-02-01,23.32859781250002,15.348406294642881,59.8285200184,1012.340859077381,0.2658243637603571,0.019505524639821428
grid_m3.25_29.25,1989-03-01,23.36933416666669,16.013162876344108,44.511079566519996,1010.934695766129,-0.09112331458548388,0.25504182033333334
grid_m3.25_29.25,1989-04-01,22.714057722222243,16.68504018055558,164.46590390763998,1011.9939888194444,0.6663077655453695,0.5297544701620833
grid_m3.25_29.25,1989-05-01,22.126544247311852,16.038884126344108,134.51337776276,1014.1263735887096,1.121380487003629,0.702349643520699
grid_m3.25_29.25,1989-06-01,22.092777375000022,15.484096597222244,27.46367460716,1014.9123281944444,1.040251648456111,1.1377232861836528
grid_m3.25_29.25,1989-07-01,22.367648534946262,14.119896733870991,6.97088243716,1015.0308012768817,0.7480183263400403,1.220643915550672
grid_m3.25_29.25,1989-08-01,23.076581478494646,13.739609274193572,2.65836716298,1013.5288988575269,1.137832783783199,1.084878982366613
grid_m3.25_29.25,1989-09-01,23.770347097222242,13.436457944444467,11.61003115954,1011.6804806250001,1.1857309555255555,0.5193991981097222
grid_m3.25_29.25,1989-10-01,23.462974677419375,14.03909967741938,19.216299074880002,1012.1824819892473,1.1177506189293012,0.3689741760818548
grid_m3.25_29.25,1989-11-01,23.44097751388891,15.39294204166669,201.59387571972,1011.83612875,0.9771901053795833,0.3426080270725
grid_m3.25_29.25,1989-12-01,22.9772695698925,17.366444045698948,107.55872746478,1012.3850637096774,-0.010815773856182796,0.16495366236801073
grid_m3.25_29.25,1990-01-01,23.281057150537656,15.972622486559162,40.82822791026,1011.7672463709677,0.8202114204040323,0.16890845829837364
grid_m3.25_29.25,1990-02-01,23.375603333333352,16.848854077380974,53.153276170539996,1012.3310397321428,-0.23600537350014883,0.19995083212425593
grid_m3.25_29.25,1990-03-01,23.1180925403226,17.018929086021526,91.18700024644001,1013.1014289650537,0.2784655787850806,0.2792675277643145
grid_m3.25_29.25,1990-04-01,23.744464486111134,17.67013113888891,107.44047173064,1011.8106359722223,0.02368405609652778,0.2494510017322222
grid_m3.25_29.25,1990-05-01,23.393134516129056,16.38492286290325,13.77296447102,1013.0466607526881,1.0923657155017474,0.8448129615310485
grid_m3.25_29.25,1990-06-01,23.570360666666687,14.324368375000022,0.20217895115999998,1014.4887744444445,1.208075333811625,1.1863488487908334
grid_m3.25_29.25,1990-07-01,23.029806250000025,12.131033830645185,0.0410079956,1014.1571962365592,0.9536565354432797,1.5028145954701075
grid_m3.25_29.25,1990-08-01,23.71446900537637,13.617294838709702,2.93159486778,1014.3608696236558,1.1268079412064516,1.4198296474637095
grid_m3.25_29.25,1990-09-01,23.79703812500002,13.535139597222244,9.26852230376,1012.967004375,1.2184464993891666,0.7504946345270833
grid_m3.25_29.25,1990-10-01,24.225195725806472,13.117049704301097,2.91514396676,1011.8255101478495,1.0753663671875,0.47186010550913976
grid_m3.25_29.25,1990-11-01,23.67807429166669,14.321658722222244,5.49507139328,1011.8254859027778,1.1505356675805556,0.3972523380838889
grid_m3.25_29.25,1990-12-01,23.51528541666669,15.614975147849485,15.21301255178,1011.9001071236559,0.5582313937850807,0.4102641279950269
grid_m3.25_29.25,1991-01-01,23.830699529569916,16.481975134408625,50.288438755739996,1012.3079967069892,0.2624458583725,0.3110825321813441
grid_m3.25_29.25,1991-02-01,24.54641178571431,15.963543154761927,5.10406492306,1011.9064646577381,0.1052354179693006,0.3206541423936012
grid_m3.25_29.25,1991-03-01,24.342200591397873,15.980811639784969,42.8700445463,1010.9540835349462,0.38858239451814514,0.3345457908235215
grid_m3.25_29.25,1991-04-01,23.43709968055558,16.96161693055558,72.99184775526,1012.23672125,0.4983533212509722,0.56853527492875
grid_m3.25_29.25,1991-05-01,23.257957298387122,16.68509651881723,104.86364398079999,1013.0453768145161,0.9140753998309139,0.5785466262645161
grid_m3.25_29.25,1991-06-01,22.749065694444464,16.602839305555577,135.06221742832,1013.926743125,0.768597748725,0.8322161404990278
grid_m3.25_29.25,1991-07-01,22.24150350806454,14.55233236559142,2.10428237148,1015.3135822580645,0.8273534668677419,1.0848337098309544
grid_m3.25_29.25,1991-08-01,23.36455299731185,13.116891209677442,0.5617141731999999,1014.2418389784946,1.1015576779831988,1.0497955006814381
grid_m3.25_29.25,1991-09-01,24.205132291666686,13.067071125000021,0.14495849582,1012.6941040972222,1.2950675975596528,0.8126496626547223
grid_m3.25_29.25,1991-10-01,22.59525591397852,14.645400026881743,42.93155675816,1012.4310909946237,0.6977057502735619,0.1471223314892473
grid_m3.25_29.25,1991-11-01,22.807202736111133,13.774780652777801,4.62889670248,1012.3089342361111,1.3724507431569444,0.31102689089458335
grid_m3.25_29.25,1991-12-01,22.72386185483873,15.495008938172065,138.35167870754,1012.4744938844086,0.3465797062211022,0.11048868751564517
grid_m3.25_29.25,1992-01-01,23.4636274731183,15.684478306451636,32.035350568300004,1012.2615350134408,0.8345268807639785,0.31829153217111694
grid_m3.25_29.25,1992-02-01,23.408316824712667,16.155540833333358,65.60730943414,1012.7521762931034,-0.12567680253505747,-0.034959880288678157
grid_m3.25_29.25,1992-03-01,24.638789233870995,14.556441693548411,10.75887684302,1011.1761659946237,0.7839982022782258,0.3398036546057796
grid_m3.25_29.25,1992-04-01,23.817233708333355,16.744783250000022,116.40834858322,1011.9682077777777,0.49799544005569446,0.5230486345186112
grid_m3.25_29.25,1992-05-01,22.47808611559142,15.696367069892496,166.12100601152,1013.037554233871,1.278200475315726,0.5225266612729839
grid_m3.25_29.25,1992-06-01,22.499717847222247,15.213826236111135,27.37855910944,1014.1485496527778,1.13621567601125,0.801798565658889
grid_m3.25_29.25,1992-07-01,22.105489489247336,13.11698103494626,0.11348724354,1015.0422142473119,1.0813724131431048,1.3260327201598117
grid_m3.25_29.25,1992-08-01,23.297017190860238,12.070582701612926,0.01430511446,1014.4050657258065,1.0314790254501343,1.589731072869355
grid_m3.25_29.25,1992-09-01,23.986468833333355,12.41788476388891,2.66456602332,1011.8858313194444,1.5754593307048332,1.0332052643056946
grid_m3.25_29.25,1992-10-01,23.97256286290325,13.049631948924754,4.43792342902,1012.0175172715053,0.656557061235457,0.3015935558931452
grid_m3.25_29.25,1992-11-01,22.49729104166669,13.913476763888912,148.82135409646,1012.0366485416666,0.90147013052,0.1480708014376389
grid_m3.25_29.25,1992-12-01,22.488383817204323,15.730699959677445,118.62611752972,1012.3669620967742,0.5471185657185483,0.13968711710551077
grid_m3.25_29.25,1993-01-01,22.658666747311848,15.58222487903228,39.87503032286,1012.741436155914,0.08293908726518817,0.027019726122647848
grid_m3.25_29.25,1993-02-01,23.100558958333355,16.240765461309547,63.29393388118,1012.1957395833333,-0.20960294093794643,0.05759141606874999
grid_m3.25_29.25,1993-03-01,23.594587526881746,15.559448669354861,4.98461726392,1012.1749653225806,0.2751754835028226,0.49147013039973114
grid_m3.25_29.25,1993-04-01,24.13730188888891,14.67689279166669,2.55012511786,1011.7116038194446,0.8874764542375,0.7217785952439583
grid_m3.25_29.25,1993-05-01,23.811367459677445,15.459671922043034,16.36314395748,1012.5941162634408,0.9960642765860216,0.7568092486394623
grid_m3.25_29.25,1993-06-01,23.573606083333353,14.279942944444466,9.20295706046,1014.5598175694445,0.877028973756,1.108385786213889
grid_m3.25_29.25,1993-07-01,23.325325860215074,12.610360349462386,0.01096725476,1014.5719712365592,1.163091821867742,1.5701341716545698
grid_m3.25_29.25,1993-08-01,23.429075053763466,12.810706411290345,2.4981498916,1014.2576052419355,1.3393855545389786,1.2084165995069893
grid_m3.25_29.25,1993-09-01,24.58043979166669,11.496182347222245,1.25932693718,1012.2983740972222,1.6384209541486112,1.3029719443355556
grid_m3.25_29.25,1993-10-01,25.14526221774196,11.798202083333358,2.20441815748,1011.5840514784945,1.5060739834591397,0.8414586382045699
grid_m3.25_29.25,1993-11-01,24.03740513888891,13.789220069444468,28.38850022632,1011.1251706944444,0.8977397490056388,0.3223592677741667
grid_m3.25_29.25,1993-12-01,24.161423266129052,13.432403346774215,6.10446932564,1011.438747513441,1.1579223527647848,0.3815428417141129
grid_m3.25_29.25,1994-01-01,24.18009532258067,15.709047473118302,66.14923510796,1011.1335240591397,0.17016905127271506,0.3348419239778226
grid_m3.25_29.25,1994-02-01,23.988682529761927,15.672456577380975,87.9592907605,1012.0193593005953,-0.27211389010677084,0.013731978784226188
grid_m3.25_29.25,1994-03-01,23.739126303763467,16.5571312231183,50.28104768282,1012.0577186827957,0.07303683831814517,0.2818832182292742
grid_m3.25_29.25,1994-04-01,24.106155319444465,14.990325736111135,1.4901161163199999,1011.6995624305556,0.8415824907418056,0.6581953907073611
grid_m3.25_29.25,1994-05-01,23.93528783602153,14.498406061827978,6.3047408354800005,1013.3441387768818,1.025079100498387,0.7956348761561828
grid_m3.25_29.25,1994-06-01,23.79701229166669,13.919031597222245,5.7287215566,1013.7061351388888,0.7886313755075001,1.2023075294164582
grid_m3.25_29.25,1994-07-01,22.584563508064537,12.730197002688193,1.8272399931399999,1014.4261286290322,1.1202282026276882,1.3565372956244222
grid_m3.25_29.25,1994-08-01,23.389303427419378,12.450734448924756,0.0476837153,1013.1953264112904,1.127288881117863,1.3424691844396102
grid_m3.25_29.25,1994-09-01,24.496334291666688,12.957235750000024,3.7448405938600002,1012.3540526388889,1.4790287189156945,1.0115359613926527
grid_m3.25_29.25,1994-10-01,23.508545725806474,13.509186518817225,4.44841383482,1011.7083775537634,1.0181219856367203,0.41653895698642474
grid_m3.25_29.25,1994-11-01,22.895253819444466,15.661152972222245,58.5634709318,1012.2716540277777,0.5233613534502778,0.13231396087116667
grid_m3.25_29.25,1994-12-01,23.66687669354841,15.733832768817228,18.17131044338,1012.6842731182796,0.48410928456169355,0.42642872311412633
grid_m3.25_29.25,1995-01-01,23.79955672043013,16.115271612903246,63.64035617498,1012.6629024193549,0.14944004831384408,0.309922207908871
grid_m3.25_29.25,1995-02-01,23.92293934523812,15.6700470386905,26.65758135646,1012.6038806547618,-0.13959963995744046,0.3028628504360119
grid_m3.25_29.25,1995-03-01,24.19425750000002,15.397877352150559,22.8099822003,1011.6531459005378,0.4210879613051075,0.5611953932840591
grid_m3.25_29.25,1995-04-01,24.289028291666693,14.767477569444468,4.1990280254,1011.01085625,0.9336067647576944,0.6952530336833334
grid_m3.25_29.25,1995-05-01,23.42690252688174,15.076386317204324,27.8170108697,1013.0539514112904,1.1623701328451612,0.745252007452285
grid_m3.25_29.25,1995-06-01,23.808334472222246,14.375675333333357,7.41720191992,1013.5108650694444,0.870310084082639,1.080805205544889
grid_m3.25_29.25,1995-07-01,23.359999005376366,12.932099287634431,0.15401840392,1012.9508406586021,0.9620748526124999,1.4370369455530914
grid_m3.25_29.25,1995-08-01,23.911903131720454,11.60377721774196,0.11205673132,1012.9053547043011,1.4495439640969086,1.5685589068591397
grid_m3.25_29.25,1995-09-01,24.62418213888891,11.382369722222244,2.86436078984,1012.5321113888889,1.2335933477552778,1.0526573816191667
grid_m3.25_29.25,1995-10-01,24.01655868279572,13.482585120967764,3.76224517752,1011.2437370967742,0.9729052092940861,0.31067515800268813
grid_m3.25_29.25,1995-11-01,23.878440041666693,14.098130250000022,5.02014161878,1011.6441513194444,0.8526633571226389,0.34682146923722224
grid_m3.25_29.25,1995-12-01,23.856490551075293,13.863130604838734,13.86165628204,1012.3065114919355,0.6494444575446237,0.394428716605672
grid_m3.25_29.25,1996-01-01,23.9753948387097,15.284024946236583,59.71503270296,1010.941995766129,0.2571122797007527,0.3043011297936156
grid_m3.25_29.25,1996-02-01,23.936413117816112,15.483962025862093,40.66038123882,1010.6644182471265,0.042408209006609195,0.13193067006422413
grid_m3.25_29.25,1996-03-01,23.94772418010755,15.891428158602173,41.681528046,1010.7803090725806,0.44139220559610215,0.32315116895833335
grid_m3.25_29.25,1996-04-01,23.33056836111113,15.17619130555558,38.22278942166,1011.8620163888888,1.0490706336088889,0.7445355944995833
grid_m3.25_29.25,1996-05-01,23.963539395161312,13.960651908602172,0.77104568014,1012.6544784274193,1.311342978215672,1.010742231164113
grid_m3.25_29.25,1996-06-01,23.7315131527778,13.333556541666692,5.56421280212,1013.8860840277777,0.5644562822909028,1.2951758498033332
grid_m3.25_29.25,1996-07-01,23.016677163978514,12.67337424731185,0.42438507088,1014.4236148521506,0.7017773453543548,1.2888788797626345
grid_m3.25_29.25,1996-08-01,23.13008159946239,11.571402916666692,12.62855531608,1013.0009043010751,0.9960262759821237,1.1520274182807795
grid_m3.25_29.25,1996-09-01,23.354165041666686,13.373923236111134,37.5218392123,1011.8385313194444,1.0950342178506944,0.7067032284559722
grid_m3.25_29.25,1996-10-01,22.490437043010775,14.351178131720454,73.20022615358,1012.0090597446238,1.2608894023459676,0.44564509651699596
grid_m3.25_29.25,1996-11-01,22.939866305555576,13.531430777777802,18.50461955628,1011.1874427777778,1.0820828118958334,0.1202407187375
grid_m3.25_29.25,1996-12-01,24.513396478494645,14.192151895161313,14.6124362481,1011.7246464381719,0.4771899759698925,0.44389097311305103
grid_m3.25_29.25,1997-01-01,24.429253924731206,14.55776119623658,46.50092144384,1011.5060728494624,0.29224192818541667,0.21084764958521507
grid_m3.25_29.25,1997-02-01,25.069359434523832,13.333548735119072,2.42280960148,1011.7684324404761,0.1439803661450893,0.23631736104822915
grid_m3.25_29.25,1997-03-01,24.77335104838712,13.852624287634432,14.471530979019999,1010.716014516129,1.0986665701827956,0.6688815504124462
grid_m3.25_29.25,1997-04-01,22.99445091666669,16.07960891666669,69.77081259978,1012.9395884027778,0.20456290783856942,0.2891903356605556
grid_m3.25_29.25,1997-05-01,22.653525819892497,15.456943158602174,98.00362600646,1014.3172447580645,0.9220070415086021,0.545499863714113
grid_m3.25_29.25,1997-06-01,23.331580375000023,13.708534694444468,0.24938583618,1013.5864612500001,1.2019190911916666,1.032405789091389
grid_m3.25_29.25,1997-07-01,22.91730802419357,12.683359529569914,3.09991836496,1015.1519739247312,1.2748581460498656,1.400714222439328
grid_m3.25_29.25,1997-08-01,23.948659959677443,11.753649932795723,0.0,1013.9934108870968,1.2910136974152324,1.3385990927776747
grid_m3.25_29.25,1997-09-01,25.923614680555577,10.315304402777802,1.0156631512999998,1011.5071758333333,1.8287816146388889,1.3805379213330555
grid_m3.25_29.25,1997-10-01,24.524756841397874,12.57062545698927,16.755342409940003,1012.0407856182795,1.45388910865457,0.5017510694291666
grid_m3.25_29.25,1997-11-01,23.42644279166669,15.464782375000022,103.94191768922,1012.2953580555557,0.42847593180472227,-0.13178024200493055
grid_m3.25_29.25,1997-12-01,22.534848145161313,16.845221599462388,237.95747706993998,1013.3799421370968,-0.11171349261155915,0.018786851157930107
grid_m3.25_29.25,1998-01-01,23.40851556451615,17.71270239247314,161.49497056626,1012.5245704973117,0.003822736571236559,0.13559647058064517
grid_m3.25_29.25,1998-02-01,23.295794642857164,17.78469809523812,192.93022171506001,1013.9322110863095,-0.41343850084970235,-0.24044454682970237
grid_m3.25_29.25,1998-03-01,24.125239247311853,16.981100295698948,63.66348270734,1011.82787452957,0.8559347795201614,0.2188401162129973
grid_m3.25_29.25,1998-04-01,24.012264777777798,17.628986694444468,51.42498009948,1012.5633054861112,0.7334078806015278,0.6569264089877778
grid_m3.25_29.25,1998-05-01,23.6986376075269,17.242600591397874,86.21978758132,1013.9040577284946,0.5300919304063441,0.5664812527877687
grid_m3.25_29.25,1998-06-01,23.231191625000026,14.530673583333355,0.17642974768,1015.0725414583334,1.039201631913889,1.0757549394130557
grid_m3.25_29.25,1998-07-01,23.56614868279572,12.988819865591418,0.01001358032,1014.2876399193549,0.838364213555914,1.4743427752903226
grid_m3.25_29.25,1998-08-01,24.059134569892496,12.064593252688194,0.63419342122,1012.981502217742,1.1359279275712366,1.3032672017419356
grid_m3.25_29.25,1998-09-01,24.781156708333356,11.449386958333356,1.60026550452,1012.1667639583333,1.3872543350444444,1.0793266290917083
grid_m3.25_29.25,1998-10-01,24.691305806451638,11.958530013440882,12.66431796506,1011.9077439516129,1.0623797044899193,0.5944722698329301
grid_m3.25_29.25,1998-11-01,24.62022243055558,11.9576455277778,3.66830826596,1010.9986563194444,1.34279314645125,0.5528207556234722
grid_m3.25_29.25,1998-12-01,24.874531317204323,12.482438991935506,2.57778165046,1011.6158721774193,0.7707601778599865,0.5538765703723119
grid_m3.25_29.25,1999-01-01,24.598622405914,14.215936948924753,24.55759055364,1010.7786309811828,0.24905641877419354,0.363253502056586
grid_m3.25_29.25,1999-02-01,25.539717053571447,12.282858363095261,1.0001659410600001,1010.0484767113095,1.0423744795543155,0.8248551690980654
grid_m3.25_29.25,1999-03-01,23.567665752688196,15.756608158602175,68.8383579608,1010.4966315860215,-0.03778990869099462,0.43328371259677423
grid_m3.25_29.25,1999-04-01,23.51210266666669,14.366980777777801,3.69811058506,1012.5624597916667,0.9504394533141667,0.6963231677370556
grid_m3.25_29.25,1999-05-01,23.649542056451637,12.68738172043013,1.1951923417800001,1013.1869091397849,1.420949832764785,0.9667754852723387
grid_m3.25_29.25,1999-06-01,23.169415625000024,11.8613147777778,0.21314621028,1013.5972116666667,1.341819700238889,1.4044997125645833
grid_m3.25_29.25,1999-07-01,22.828819489247337,11.357726465053785,0.0009536743200000001,1014.5147555107526,1.150616901857258,1.5146553481571234
grid_m3.25_29.25,1999-08-01,23.097635120967762,12.338156438172065,11.73543929764,1014.0991655241935,1.201736655758508,0.9965437838381572
grid_m3.25_29.25,1999-09-01,24.05711568055558,11.100743208333355,6.5126418809999995,1011.7080480555555,1.3578164197325415,0.9660839502096111
grid_m3.25_29.25,1999-10-01,24.805871169354862,10.897608965053786,1.80506704078,1011.3677578629032,1.1236915990571237,0.8213785829989247
grid_m3.25_29.25,1999-11-01,23.522755569444467,12.196081652777801,12.0170117073,1011.7879175694444,1.094432202051389,0.19194677172694444
grid_m3.25_29.25,1999-12-01,23.480319032258087,13.300747231182818,42.09566115642,1011.8459133064516,0.8205643921283602,0.2334111337052419
grid_m3.25_29.25,2000-01-01,24.7639160887097,13.59794482526884,9.49335093558,1010.0831014784947,0.4264988741169355,0.42495009687889784
grid_m3.25_29.25,2000-02-01,25.4817492672414,13.477307557471288,4.69279295598,1011.1919338362069,0.12391515554252874,0.4960744572390805
grid_m3.25_29.25,2000-03-01,24.37360807795701,14.146176370967765,26.40485765856,1010.7402739919355,0.36562812915551074,0.6125502834099462
grid_m3.25_29.25,2000-04-01,24.10686313888891,13.488407180555578,13.62085349494,1011.5113752083333,1.0051269731541668,0.7599957147843055
grid_m3.25_29.25,2000-05-01,24.37572922043013,12.408379784946257,0.05531311012,1012.3739210349462,1.388774544170699,1.1627339051011292
grid_m3.25_29.25,2000-06-01,23.265224722222243,12.138130638888912,0.30708313038,1013.9613322916667,1.2884173716768055,1.4272566956106807
grid_m3.25_29.25,2000-07-01,23.450669973118302,10.601289045698946,0.0,1013.2766279569893,0.9371730839583334,1.7486996204438574
grid_m3.25_29.25,2000-08-01,24.04530048387099,10.834616559139807,0.23365021267999997,1013.2936481182796,1.2089052106169356,1.5841836823103492
grid_m3.25_29.25,2000-09-01,25.365905194444466,9.50357079166669,0.4024505614,1010.7819753472223,1.5477070696666668,1.4529808897359722
grid_m3.25_29.25,2000-10-01,24.307825900537658,11.866017567204322,54.69036115934,1011.7223900537634,1.1232571558377689,0.6588518666494624
grid_m3.25_29.25,2000-11-01,23.011229763888913,15.055804305555577,119.96769869268,1011.354833125,0.4472233010944444,0.012382019847638885
grid_m3.25_29.25,2000-12-01,23.104615134408625,15.66546302419357,70.87039930448,1012.5266487903225,0.23446452195008066,0.1843448573576613
grid_m3.25_29.25,2001-01-01,21.959743924731207,16.31624981182798,223.77324098308,1012.7005145161289,-0.44166281984112904,-0.2018728351829301
grid_m3.25_29.25,2001-02-01,23.288454434523835,15.380813288690499,41.71466838038,1011.3203901785715,0.39765614474672617,0.24993837472574407
grid_m3.25_29.25,2001-03-01,23.373492029569917,15.050762271505398,28.53918086072,1011.6902544354838,0.5055769047513441,0.4438118676270833
grid_m3.25_29.25,2001-04-01,22.565849597222247,15.2684905277778,57.70325628458,1012.3185095138888,1.1537740281,0.5282955810361111
grid_m3.25_29.25,2001-05-01,22.61779723118282,14.521988978494646,9.97018813394,1013.6811005376345,1.4138793112419354,0.8201318816925404
grid_m3.25_29.25,2001-06-01,22.3753849027778,13.413712319444466,1.91259383422,1014.54266625,1.2233901759291668,1.1326789657089444
grid_m3.25_29.25,2001-07-01,23.04990216397852,13.022696465053786,3.55625154268,1014.3358544354838,0.8025871818059543,1.172427309734113
grid_m3.25_29.25,2001-08-01,23.65151603494626,11.675474341397871,1.94787979936,1014.0111194892473,0.9349241748498656,1.2705323000268818
grid_m3.25_29.25,2001-09-01,23.761335472222243,12.5015552777778,2.8285980207600003,1011.9833547916666,0.8421410634833333,0.6793487761633333
grid_m3.25_29.25,2001-10-01,23.195476559139806,13.629113172043033,58.00414085596,1012.3036397177419,1.143738278888441,0.21293915047540324
grid_m3.25_29.25,2001-11-01,22.851759611111135,14.688022513888912,53.53283885598,1012.4336975,0.8984604738513888,0.12638496756902778
grid_m3.25_29.25,2001-12-01,23.632034637096798,14.834401411290347,40.92216476468,1011.839682594086,0.7263618250012096,0.32781805988685486
grid_m3.25_29.25,2002-01-01,22.59208290322583,16.341665174731205,117.05422440626,1012.8240850806452,0.13798033822150538,0.04272629120067204
grid_m3.25_29.25,2002-02-01,23.552097098214308,15.826598080357165,43.92933855548,1012.1123326636904,0.638215178527381,0.27306915426026784
grid_m3.25_29.25,2002-03-01,23.313659623655937,16.348086330645184,51.3212679904,1011.6353028225807,0.22179435539309142,0.40365695015658604
grid_m3.25_29.25,2002-04-01,24.024012291666686,14.62022243055558,101.15337315082,1011.038056875,0.8055210318093056,0.6933016036986112
grid_m3.25_29.25,2002-05-01,22.815677298387122,16.074365981182815,104.30145271511999,1013.4630438844086,0.7494441428650537,0.8745760559270161
grid_m3.25_29.25,2002-06-01,23.18871450000002,13.395430180555579,0.44775009398,1014.5573383333333,1.000258105482639,1.3798683531518057
grid_m3.25_29.25,2002-07-01,23.35699294354841,12.646284059139806,0.0057220459,1014.3232780913979,1.3933949415524192,1.3780788101196235
grid_m3.25_29.25,2002-08-01,23.64741565860217,12.232164220430132,0.50449371658,1013.7430003360216,1.3727910865365591,1.4384943242693549
grid_m3.25_29.25,2002-09-01,24.954582250000023,11.051040347222246,2.07877157124,1012.181698263889,1.745015525268611,1.2570310170176389
grid_m3.25_29.25,2002-10-01,24.662699475806477,11.137575819892495,3.29113004672,1011.1225376344086,1.4760245248709678,0.8269558136916666
grid_m3.25_29.25,2002-11-01,24.17750868055558,13.44238029166669,3.9258003265,1012.4645368055556,0.6501590721245833,0.4635724798526667
grid_m3.25_29.25,2002-12-01,23.831618857526905,14.714511115591423,99.11346424496,1013.079663172043,0.23979068980685483,0.24914308539377686
grid_m3.25_29.25,2003-01-01,23.884309569892494,15.426827862903249,35.54296502266,1012.8833311155913,0.4751508216073924,0.2369844177216398
grid_m3.25_29.25,2003-02-01,25.037871116071454,13.464523065476214,8.67080690326,1011.2361526785714,0.6245153961153274,0.41040490327172624
grid_m3.25_29.25,2003-03-01,25.123267715053785,14.471701922043032,8.04805758416,1011.023294422043,0.5614204409151882,0.6564940171075269
grid_m3.25_29.25,2003-04-01,24.27169843055558,15.310994500000023,61.01131441914,1012.0244890972222,0.5764773042486111,0.7669143056620833
grid_m3.25_29.25,2003-05-01,23.188106881720454,15.346393024193569,45.85313805054,1013.7332610887097,0.9003435981604838,0.6831378726523253
grid_m3.25_29.25,2003-06-01,23.1595036527778,13.116517194444466,1.53636931734,1013.7561668055556,1.2202938706879167,1.28201677853
grid_m3.25_29.25,2003-07-01,22.842675013440882,12.106207513440884,2.5172233598800005,1014.9533941532258,0.9893192157924059,1.5553061185869623
grid_m3.25_29.25,2003-08-01,24.60911431451615,10.63479106182798,0.02431869522,1013.1391230510752,0.9205159231943145,1.5855502251827958
grid_m3.25_29.25,2003-09-01,24.826185000000024,11.300919847222245,4.00447848942,1012.5701347916666,1.4477883662569446,1.0140025660605556
grid_m3.25_29.25,2003-10-01,24.629609180107547,12.171201276881744,16.07608799082,1011.4127224462366,1.310410920685484,0.6665229601306989
grid_m3.25_29.25,2003-11-01,24.669762569444465,12.321492347222243,2.00128556114,1011.0612179166667,1.0615558405513887,0.51318702592
grid_m3.25_29.25,2003-12-01,25.201457567204322,13.872598413978519,6.11162188648,1011.8357121639785,0.4693566793789113,0.6900091872608871
grid_m3.25_29.25,2004-01-01,24.802001344086044,15.145842231182819,64.00823580008,1011.0210704301076,0.17500229331155912,0.4185850892755511
grid_m3.25_29.25,2004-02-01,24.57163637931037,14.491075704023011,35.344839163719996,1012.1718226293103,0.15577443464856322,0.40607217803275863
grid_m3.25_29.25,2004-03-01,24.34996776881723,15.39928728494626,132.61938205312,1011.4394293682795,0.46596859396559137,0.44325783580026884
grid_m3.25_29.25,2004-04-01,23.21880636111113,16.632757375000022,116.66202527104,1012.5763134027778,0.5790794356912916,0.655930689652861
grid_m3.25_29.25,2004-05-01,22.74129849462368,15.616023924731207,59.975147536899996,1013.9728811155913,1.0588969169623657,0.9845551436885752
grid_m3.25_29.25,2004-06-01,22.918119861111133,12.629666708333353,0.04625320458,1015.9508831249999,1.3284572732784723,1.4558550051665555
grid_m3.25_29.25,2004-07-01,23.237321330645184,11.710277405914002,0.11157989459999999,1014.0062907258065,1.0347529400846776,1.6284758254651883
grid_m3.25_29.25,2004-08-01,24.142716747311855,10.626114260752711,2.6035308892,1013.7348778225806,1.1140873398032258,1.3387193554571775
grid_m3.25_29.25,2004-09-01,23.217957083333356,13.14794493055558,61.11001999428,1012.5907100694445,1.0627737885194444,0.6751115163175
grid_m3.25_29.25,2004-10-01,25.08739686827959,11.698315739247334,0.6046295107799999,1011.5839498655913,1.3608927571650538,0.6954998302129972
grid_m3.25_29.25,2004-11-01,24.465772236111135,13.588111208333357,5.3124427273000006,1011.8238190277777,0.7169832864376389,0.5377990498545834
grid_m3.25_29.25,2004-12-01,24.03810556451615,16.206616276881743,57.46984488306,1011.707437298387,0.10521693887302419,0.4049462550065592
grid_m3.25_29.25,2005-01-01,24.97578353494626,14.49897931451615,19.60706694296,1011.857397983871,0.4261318097655914,0.344704330918414
grid_m3.25_29.25,2005-02-01,26.39211949404764,13.25033572916669,6.9417953229,1010.0783502232143,0.9059917816607143,0.5841605324473959
grid_m3.25_29.25,2005-03-01,25.073668131720453,15.101515147849485,47.270297995279996,1011.844101545699,0.2872149145591398,0.475839450477957
grid_m3.25_29.25,2005-04-01,24.865213375000025,15.054024500000022,19.69957350276,1011.6936552777778,0.8721711260474999,0.8391512557962499
grid_m3.25_29.25,2005-05-01,23.75919870967744,15.658621774193572,72.46494288196,1013.2223100806452,0.828760845069086,0.7673910610013146
grid_m3.25_29.25,2005-06-01,23.124001430555577,14.226850430555578,3.15856936736,1013.9213993055555,1.2394887922198612,0.9719069142623612
grid_m3.25_29.25,2005-07-01,23.522134677419377,11.71814043010755,0.65994262628,1015.1585911290322,0.9501488184139785,1.472372224170027
grid_m3.25_29.25,2005-08-01,24.500864529569913,11.629765954301098,0.80776214284,1013.0961586021506,0.981253450736613,1.1094682337995967
grid_m3.25_29.25,2005-09-01,25.558454597222244,11.227509958333355,0.64086914442,1011.9951670833333,1.0183632528191668,0.9562066210951389
grid_m3.25_29.25,2005-10-01,24.21835790322583,12.511344690860238,25.10595334642,1012.0925514112904,1.2929383539235215,0.5236765355583334
grid_m3.25_29.25,2005-11-01,24.182433541666686,13.029784388888912,5.83028795394,1011.2708790972223,1.0537750737099028,0.36857747038472227
grid_m3.25_29.25,2005-12-01,25.088418790322603,13.755895779569913,4.99200822988,1010.2586799059139,0.7893308628236558,0.6532963785823924
grid_m3.25_29.25,2006-01-01,25.37596834677422,13.539856424731207,3.0670165956599997,1010.5295549731183,0.6248274723232528,0.6027852536471774
grid_m3.25_29.25,2006-02-01,25.603617142857168,14.309235014880974,18.81170278708,1010.5230482886903,0.3802034255590774,0.5722171695308631
grid_m3.25_29.25,2006-03-01,24.517707163978518,15.0442273387097,68.17150101082,1011.7967014784946,-0.012462843416935484,0.3845098542748656
grid_m3.25_29.25,2006-04-01,23.599660597222247,15.69369101388891,26.16596224946,1012.1464935416666,0.7055420988277779,0.6116700729004166
grid_m3.25_29.25,2006-05-01,23.147521478494646,15.897931438172066,165.08197822006,1013.715158467742,0.840193976267742,0.7073770542869624
grid_m3.25_29.25,2006-06-01,22.802762555555578,13.529867611111134,0.20647049126,1014.5097532638889,1.3635280404261667,1.3248426438902778
grid_m3.25_29.25,2006-07-01,23.10064048387099,13.902271801075292,13.68904113548,1014.9783828629032,0.8479380250545699,1.4125120927626345
grid_m3.25_29.25,2006-08-01,23.423775779569915,12.698734905914,21.027564884,1013.3795564516129,1.061811180438172,0.9936429517037635
grid_m3.25_29.25,2006-09-01,24.679532597222245,11.499324388888914,3.9339065512599998,1012.6683159027777,1.339637990086111,1.103271929015
grid_m3.25_29.25,2006-10-01,25.59002090053766,11.844784610215076,1.6059875311,1011.4465714381721,1.5357338080967742,0.7292439241417473
grid_m3.25_29.25,2006-11-01,23.59139768055558,14.472153722222245,79.1926384657,1012.0724363888888,0.3704891862545,0.18594822188090276
grid_m3.25_29.25,2006-12-01,22.743693225806474,17.09043912634411,102.44369492496,1013.4453014112904,-0.43193008322836024,-0.10484221732876345
grid_m3.25_29.25,2007-01-01,23.65030493279572,17.08563305107529,83.68778240556,1013.3313036290323,0.10970243386155915,-0.0022980056869623643
grid_m3.25_29.25,2007-02-01,23.29140903273812,16.358398511904785,77.02445991518,1012.0613476934525,0.0845105973044643,-0.17475759400044644
grid_m3.25_29.25,2007-03-01,24.341374677419378,14.957972634408623,3.71408463804,1011.3454809139786,0.9956894952244624,0.48580573772163976
grid_m3.25_29.25,2007-04-01,24.338527180555577,14.606830055555578,12.87317262672,1011.8324790277777,0.9950235366777305,0.5666378028088889
grid_m3.25_29.25,2007-05-01,24.161450228494648,14.557852231182817,5.61666486862,1013.0176079301076,1.3708200545349463,0.9025927313979704
grid_m3.25_29.25,2007-06-01,22.85643175000002,14.708114388888912,47.067642291940004,1014.0717028472221,0.6322603214384722,1.018007532296111
grid_m3.25_29.25,2007-07-01,23.19864376344088,13.155614072580669,3.05461882372,1013.881741733871,0.9957574636672043,1.2651329234336022
grid_m3.25_29.25,2007-08-01,23.63525404569895,11.602196424731204,10.39505000328,1012.875160954301,1.1350392992489249,1.155277930127688
grid_m3.25_29.25,2007-09-01,24.7649775277778,10.857305569444467,2.86626819956,1012.1922068055555,1.1227730624883334,0.8423392839875
grid_m3.25_29.25,2007-10-01,24.575155161290347,11.384179811827979,1.70183182208,1011.2072129704301,1.357467980952285,0.625603588934543
grid_m3.25_29.25,2007-11-01,23.55410756944447,13.076942000000024,20.59364323098,1011.1615380555556,1.0947028173050555,0.18840334131780553
grid_m3.25_29.25,2007-12-01,24.17559551075271,14.027769422043034,37.85133365016,1011.2604389784946,0.4559114515543414,0.3956466394763441
grid_m3.25_29.25,2008-01-01,24.659822500000022,14.377364704301097,34.50751298326,1011.1082838037634,0.2835483796916667,0.510481393310887
grid_m3.25_29.25,2008-02-01,23.603480431034505,14.997786695402322,50.13418191692,1012.3794698994252,0.2800335504482759,0.2365347771185345
grid_m3.25_29.25,2008-03-01,23.85385162634411,14.70564782258067,83.3997721823,1011.1202375672043,0.11780357251715054,0.571126445147016
grid_m3.25_29.25,2008-04-01,22.692811416666686,14.487409944444469,13.0867958175,1011.3814722222222,1.2706632190020832,0.5851283812297222
grid_m3.25_29.25,2008-05-01,23.652918360215075,13.077484529569917,1.6684532163199999,1012.3838370295699,1.3890459400985216,0.9377365690184141
grid_m3.25_29.25,2008-06-01,22.68513741666669,13.906331194444467,33.07437900552,1014.0973904166666,1.0825330315583332,1.2589458029409721
grid_m3.25_29.25,2008-07-01,22.727152473118306,12.923456397849487,17.80128472762,1014.4077741263442,0.7033397518784946,1.3257054156935484
grid_m3.25_29.25,2008-08-01,23.459652701612928,12.503968629032281,2.89869309152,1012.1569308467742,1.180739808294355,1.185903650698293
grid_m3.25_29.25,2008-09-01,25.260366263888915,10.308126625000023,1.20544433216,1011.4800720833334,1.1390154305344444,1.0143690125477778
grid_m3.25_29.25,2008-10-01,24.3827257526882,12.924418844086045,22.97544475986,1011.9357443548387,0.98147349193625,0.3378711203091398
grid_m3.25_29.25,2008-11-01,24.669876888888915,14.479863694444465,15.525818001900001,1011.3969852777778,0.571369786149907,0.3879317593466666
grid_m3.25_29.25,2008-12-01,24.89636606182798,13.95054987903228,14.9316788192,1011.0409139784946,0.612089054313871,0.6788914992490457
grid_m3.25_29.25,2009-01-01,25.30394854838712,14.086694072580668,22.52626404028,1011.4414962365591,0.12416189503830646,0.4251099367010753
grid_m3.25_29.25,2009-02-01,23.8104326636905,14.68078160714288,27.86159538896,1011.0713238095238,0.5959545545443452,0.4497823256895834
grid_m3.25_29.25,2009-03-01,25.07551846774196,14.733948803763463,17.13085166808,1010.4638607526881,0.6492549525420162,0.7036392237040323
grid_m3.25_29.25,2009-04-01,24.364784638888914,15.097162041666689,10.9124184435,1012.3724398611112,0.7803569787061111,0.7852420387329165
grid_m3.25_29.25,2009-05-01,23.868731747311852,14.764832607526905,43.144702960880004,1012.6176475806452,1.0339064045994624,0.6962668182641667
grid_m3.25_29.25,2009-06-01,23.105588319444465,13.433789291666692,7.23886488052,1013.8235669444445,1.4440272869694446,1.1035870877421528
grid_m3.25_29.25,2009-07-01,23.377741384408623,12.504622620967764,0.48446655392,1014.831160685484,1.201930034810484,1.6480937284112902
grid_m3.25_29.25,2009-08-01,24.65422288978497,12.478924072580666,1.32226944732,1012.9049299731182,1.2809772099107528,1.3717010450945162
grid_m3.25_29.25,2009-09-01,25.526305000000022,11.674349944444467,1.60264969466,1012.4572170833333,1.2583508596888888,1.0528493902595832
grid_m3.25_29.25,2009-10-01,25.02337969086024,12.523030188172067,5.88083266052,1011.2218877016129,1.2845972113709676,0.5120324785650537
grid_m3.25_29.25,2009-11-01,24.136623222222244,14.973862208333356,37.38546377382,1011.7760075,0.5930355146295416,0.33193524592472223
grid_m3.25_29.25,2009-12-01,24.27940467741938,15.360116895161314,123.05927222238,1012.3119159946237,0.2703658479032258,0.3179767764252419
grid_m3.25_29.25,2010-01-01,23.727140793010776,16.771695833333357,155.750274037,1012.3438828629031,0.4563481541696908,0.1483626421098992
grid_m3.25_29.25,2010-02-01,23.97345958333336,17.601319598214307,168.24340829596,1011.7068192708333,0.40509659965193456,0.2070083161761905
grid_m3.25_29.25,2010-03-01,24.063596814516153,17.340243145161313,169.6043011442,1012.5125743951612,0.4616828828360215,0.257602815587785
grid_m3.25_29.25,2010-04-01,24.006759027777797,16.58978254166669,4.47702410328,1012.2237196527777,1.3168465711509723,0.48008831797208334
grid_m3.25_29.25,2010-05-01,24.007654919354863,15.47034286290325,20.33567426328,1012.8101241935484,1.3193242886385752,0.7511216636223118
grid_m3.25_29.25,2010-06-01,23.894012361111134,13.842899930555577,3.37123868696,1014.3169821527779,1.1302086082898612,1.2471098797395834
grid_m3.25_29.25,2010-07-01,23.575152553763463,12.661741868279593,0.22697448864,1013.8996067876344,1.157081767708266,1.516664361132742
grid_m3.25_29.25,2010-08-01,24.96293360215056,10.83874299731185,0.02145767156,1012.8100572580646,0.9344037171771507,1.7937979857014112
grid_m3.25_29.25,2010-09-01,25.08603126388891,11.592609208333357,3.26728822006,1011.7854683333334,0.8991956281980555,0.944349195511389
grid_m3.25_29.25,2010-10-01,25.458600739247334,12.237118696236582,11.3849639059,1010.8396358870967,0.8723036030562364,0.5484118278212367
grid_m3.25_29.25,2010-11-01,24.997363347222244,13.408471069444467,11.9924545069,1010.229765138889,0.9423813707668055,0.45214203834819444
grid_m3.25_29.25,2010-12-01,23.713879475806475,15.932926801075292,120.54276476994,1010.5461528225807,0.4362610236225807,0.3602179265945564
grid_m3.25_29.25,2011-01-01,24.380558857526907,15.127909959677442,32.25517284282,1010.2383770833333,0.5267574968482527,0.468437543474328
grid_m3.25_29.25,2011-02-01,24.8811936011905,14.964639568452403,20.39027205516,1010.5039316964287,0.3153823229072917,0.6381450383284226
grid_m3.25_29.25,2011-03-01,24.47003719086024,15.368832903225828,37.79649735476,1011.1431287634408,0.011885674264879032,0.45403047967486565
grid_m3.25_29.25,2011-04-01,24.460353722222244,13.822382041666689,3.96108629388,1011.2860570833333,1.033780713811264,0.6553586320536111
grid_m3.25_29.25,2011-05-01,23.872139610215076,15.019893736559164,26.453971866,1012.8463334677419,1.2343425044392473,0.8496872681598912
grid_m3.25_29.25,2011-06-01,24.0650094027778,13.835236277777799,17.60673535698,1013.4546745138889,0.7597997016885139,1.03152436212125
grid_m3.25_29.25,2011-07-01,23.60309041666669,12.924992540322604,0.14734268196,1013.1000989247312,0.8751641146834678,1.369708540492043
grid_m3.25_29.25,2011-08-01,24.226119489247335,12.657685537634434,1.5168189896200002,1012.9582365591398,0.7885609308861559,1.0271937680577956
grid_m3.25_29.25,2011-09-01,24.41420818055558,12.890817500000024,8.6688996756,1013.0400234722222,1.03294709451625,0.7180710877311944
grid_m3.25_29.25,2011-10-01,24.196772647849485,13.02940176075271,10.69545737306,1011.1513698924731,0.9088090268536291,0.3343993968611559
grid_m3.25_29.25,2011-11-01,24.15108161111113,14.7416239027778,57.05261234554,1011.8461720833334,0.24524074149277778,0.3023226851138889
grid_m3.25_29.25,2011-12-01,23.462402903225833,16.412810900537657,132.69329047182,1012.3673882392472,0.12925376594274193,0.1739371917236559
grid_m3.25_29.25,2012-01-01,24.811247930107548,15.084288790322605,13.81063455494,1011.3999822580646,0.46018315326962367,0.28504830904516126
grid_m3.25_29.25,2012-02-01,24.939333117816116,13.435680833333357,6.51669501884,1010.1216008620689,0.5469654962831897,0.5998788378557471
grid_m3.25_29.25,2012-03-01,25.418753091397875,14.902910577957012,11.5447045272,1011.448752016129,0.3599267021159946,0.6834532642321236
grid_m3.25_29.25,2012-04-01,23.64643018055558,16.6514499027778,86.98415773372,1012.5303745833334,0.36099685966079165,0.42743591697736105
grid_m3.25_29.25,2012-05-01,22.31063744623658,16.20565043010755,209.58375972226,1013.72171922043,1.1238066135068547,0.5731206087795699
grid_m3.25_29.25,2012-06-01,22.73262016666669,15.166393986111133,6.31380081928,1014.5919138194445,0.8968864438836112,0.9419833345361112
grid_m3.25_29.25,2012-07-01,23.11687943548389,13.840726223118303,1.3709068339200001,1013.4725984543012,0.6192333675928764,1.1968024616431452
grid_m3.25_29.25,2012-08-01,23.51450938172045,12.2137685887097,3.35073469126,1013.4954022849462,0.916623637500672,0.9090043554462366
grid_m3.25_29.25,2012-09-01,24.27191055555558,12.48828768055558,2.86102293376,1013.0778262499999,1.1038284939418057,0.6404365120414722
grid_m3.25_29.25,2012-10-01,24.646747822580668,13.190761814516152,22.44186404724,1011.2860245967742,0.8990520150278225,0.38188423626901885
grid_m3.25_29.25,2012-11-01,23.142307597222246,15.577346736111135,64.64338246374,1012.229249375,0.8086544457591667,0.16440658568043057
grid_m3.25_29.25,2012-12-01,24.105508037634433,15.786786303763463,200.4213339165,1011.7838422715054,0.21694636449422042,0.2521976946373199
grid_m3.25_29.25,2013-01-01,24.386981008064534,16.85599364247314,52.79302605008,1012.3348087365592,0.16550289674959676,0.14803697643629032
grid_m3.25_29.25,2013-02-01,24.832722008928595,15.244162872023832,2.69365310638,1011.0757657738095,0.5770870838616071,0.3970605077038095
grid_m3.25_29.25,2013-03-01,23.708618991935506,16.45515915322583,135.51616656634,1012.1148936155914,0.48221393134529567,0.3786432828916935
grid_m3.25_29.25,2013-04-01,23.46178443055558,17.524604972222242,98.54698220924,1012.9524907638889,0.39734516028994443,0.26231066395111113
grid_m3.25_29.25,2013-05-01,22.965893293010776,15.51563103494626,8.01753997482,1014.0722649193548,1.4967327315524195,0.6325622264153226
grid_m3.25_29.25,2013-06-01,23.31964168055558,14.207307527777802,1.93023678148,1014.2069592361111,0.9769733430419445,1.2898269861774028
grid_m3.25_29.25,2013-07-01,23.659191626344107,13.170325080645183,0.52261352816,1013.939510483871,0.5863440629458333,1.325716531998387
grid_m3.25_29.25,2013-08-01,23.922007768817227,12.529005913978517,3.0331611668000003,1012.9061927419355,1.1257460474448926,1.1577907064863306
grid_m3.25_29.25,2013-09-01,24.301356750000025,13.032596319444467,8.64219669694,1012.6023253472223,0.8491500638349999,0.4804347360031944
grid_m3.25_29.25,2013-10-01,24.249692594086046,12.219892701612924,5.5856704516199995,1012.1482594758064,1.435019564926075,0.620827501320699
grid_m3.25_29.25,2013-11-01,24.51915868055558,13.47756844444447,4.0941238423,1011.0621775000001,0.7983729691385556,0.3097205039286111
grid_m3.25_29.25,2013-12-01,23.568698010752712,16.155337647849485,208.69159675641998,1012.6104713709678,0.2782761564077957,0.15218853837567203
grid_m3.25_29.25,2014-01-01,24.637161532258087,16.01100118279572,14.18733593782,1011.8998116935484,0.4549138884225806,0.3577384938260753
grid_m3.25_29.25,2014-02-01,24.47715965773812,15.452933898809547,37.68205635916,1011.0308340773811,-0.2379492134019345,0.16436631297440477
grid_m3.25_29.25,2014-03-01,25.35290493279572,15.019454637096798,10.07509231164,1011.5100682123656,0.42619167818091397,0.7490161769533602
grid_m3.25_29.25,2014-04-01,25.006937166666688,14.50819130555558,27.154922441420002,1012.5218365972223,0.7742270803477779,0.8607990256305555
grid_m3.25_29.25,2014-05-01,24.82469680107529,13.69824603494626,1.23167037458,1012.8225043010752,1.340094473675,1.1819880696727152
grid_m3.25_29.25,2014-06-01,24.603069402777802,14.071528888888912,4.07648084424,1014.1327991666667,0.7858684539301388,1.1373106966093056
grid_m3.25_29.25,2014-07-01,24.764919731182818,12.548601559139808,0.06151199284,1015.1103737231183,0.7399432903584139,1.3561134563176076
grid_m3.25_29.25,2014-08-01,24.698810309139805,12.694235268817225,5.5227279504,1013.7538807123657,0.7560634008510753,0.8063422776438172
grid_m3.25_29.25,2014-09-01,24.39173480555558,12.636524555555578,22.50099180122,1013.0485988194445,1.0191032617638889,0.7383225117154167
grid_m3.25_29.25,2014-10-01,24.78498958333336,13.86000797043013,17.43412028498,1011.9993602822581,0.7492630035341399,0.48113667180712366
grid_m3.25_29.25,2014-11-01,24.254961069444466,14.52268926388891,3.6501884483200002,1011.8772311111112,0.9807994215,0.38391710909075005
grid_m3.25_29.25,2014-12-01,23.889784529569912,16.373054516129056,117.23899835328,1012.5773949596773,0.509671193261723,0.10882609271908603
grid_m3.25_29.25,2015-01-01,24.476944556451638,15.656945120967766,18.20993420118,1012.8153022177419,-0.03281296452862903,-0.07135918289600807
grid_m3.25_29.25,2015-02-01,25.13052336309526,15.681250238095261,9.517192718099999,1011.1704773809523,0.5058315832672173,0.3191306016425595
grid_m3.25_29.25,2015-03-01,24.660218131720452,15.87456415322583,59.33284761004,1011.5460159274194,0.9457926585169085,0.5389882991287634
grid_m3.25_29.25,2015-04-01,23.424891027777804,17.664074694444466,196.39968902056,1013.4172339583333,0.30838991929416665,0.24596998485805557
grid_m3.25_29.25,2015-05-01,23.343001922043033,16.752883346774215,12.93230047054,1014.086402016129,1.2828296531590053,0.6836987775206048
grid_m3.25_29.25,2015-06-01,24.026768236111135,15.398214388888912,2.29454039148,1014.5023492361112,0.7539601867580557,0.8823108248581945
grid_m3.25_29.25,2015-07-01,23.961473884408626,14.040357110215076,0.24318694916,1014.4926740591397,1.2050428671729838,1.2006981354889248
grid_m3.25_29.25,2015-08-01,24.576205712365613,13.160134233870991,0.0743865959,1013.3154159946235,1.391329754639785,1.3608793844251343
grid_m3.25_29.25,2015-09-01,25.497263305555578,13.591614902777799,7.65275956776,1012.4015904166666,1.3782447166026388,0.7607832173093527
grid_m3.25_29.25,2015-10-01,24.740064086021526,15.283061895161312,35.70127481358,1012.4779545698925,1.006076322206277,0.2385752084670699
grid_m3.25_29.25,2015-11-01,24.034061125000022,16.678354472222246,38.67578506182,1012.4638442361112,0.3953982682254166,0.12675838388180555
grid_m3.25_29.25,2015-12-01,24.219296693548408,17.348217043010777,108.90293109134001,1013.7186782930108,0.28520122593807795,0.09632450992311828
grid_m3.25_29.25,2016-01-01,24.30710118279572,18.115373279569916,56.22816091588,1013.1619297715054,0.0029066145471774167,-0.024000578475268815
grid_m3.25_29.25,2016-02-01,24.656011494252894,16.726577456896575,15.172481618499999,1012.2854355603449,0.5696539600307472,0.05263977577902299
grid_m3.25_29.25,2016-03-01,25.836054193548414,16.809573427419377,12.70866395342,1011.6865118951613,0.7651766202923388,0.5187682485394086
grid_m3.25_29.25,2016-04-01,24.085595486111135,18.37766918055558,589.4932773079,1012.9171494444444,0.4199340822416667,0.44918547657736113
grid_m3.25_29.25,2016-05-01,24.167174301075292,17.60807111559142,32.11212171808,1014.5097405913978,1.0730823400587366,1.1002793709008065
grid_m3.25_29.25,2016-06-01,23.428624263888914,15.630736250000023,2.83908842512,1015.6982129861111,1.0837532253170834,1.1984286675319444
grid_m3.25_29.25,2016-07-01,23.886719543010777,14.815088965053787,0.33092498784,1014.3721645833333,0.68761965061,1.4509478536317204
grid_m3.25_29.25,2016-08-01,24.150131384408624,13.534874704301098,0.004768371600000001,1013.8443068548387,1.2357434325255376,1.354761717109543
grid_m3.25_29.25,2016-09-01,25.155908833333353,13.498740763888911,1.05619429172,1012.6498742361111,1.1948928006486113,0.9775765089645834
grid_m3.25_29.25,2016-10-01,24.44208022849465,14.88957673387099,85.83307259902,1011.3135881048387,1.4271373758520163,0.4505477815298387
grid_m3.25_29.25,2016-11-01,23.701702138888912,14.982741986111135,28.02085890456,1012.163419375,1.210258294008361,0.08558578478038889
grid_m3.25_29.25,2016-12-01,24.60213112903228,14.667927217741958,5.1174164125,1011.7641997311829,0.9492241021567204,0.5067929092998656
grid_m3.25_29.25,2017-01-01,25.547878575268836,15.166084704301097,5.36108015804,1011.3942547043011,0.47182440195927416,0.41315591426854836
grid_m3.25_29.25,2017-02-01,24.740465163690498,15.726591488095261,23.01549916002,1011.6560944940476,0.3813815791495536,0.39792097060660714
grid_m3.25_29.25,2017-03-01,24.677327567204323,16.434327338709704,10.93959812162,1011.706543951613,0.35453041507419353,0.6768420033453361
grid_m3.25_29.25,2017-04-01,24.334529625000023,15.0358676527778,19.50883871896,1012.4890272916666,1.1993396326894443,0.8074168626668056
grid_m3.25_29.25,2017-05-01,24.02087172043013,14.36525913978497,16.20244967458,1013.9338085349463,1.4975801882197581,0.8838517347219489
grid_m3.25_29.25,2017-06-01,24.66416087500002,14.299231791666688,0.09775161684,1013.7449283333334,1.2707814548833334,1.338680901972778
grid_m3.25_29.25,2017-07-01,24.915879583333354,12.56074045698927,2.0303726321,1014.4433729166667,0.7854542262909946,1.4147931968563172
grid_m3.25_29.25,2017-08-01,24.901545134408625,13.443909018817228,4.7669410616,1013.2342571236559,1.081880370283293,1.193034693922984
grid_m3.25_29.25,2017-09-01,25.491314583333356,12.844690402777799,1.3098716725,1012.6357484027777,0.8471564382317084,0.8200948508361111
grid_m3.25_29.25,2017-10-01,25.578520645161316,13.668195228494646,3.9787292606599998,1011.5030680779569,0.8203405688375,0.49371491711478493
grid_m3.25_29.25,2017-11-01,24.329441750000022,15.161962486111133,45.991897568700004,1011.8691952777777,0.7264699784965278,0.4128794977736111
grid_m3.25_29.25,2017-12-01,25.33729416666669,15.824030241935509,34.14010993662,1011.7073357526882,0.4759818445208333,0.5277339364268817
grid_m3.25_29.25,2018-01-01,22.854820497311852,16.745389529569916,129.97913387454,1012.6230936155913,-0.30012685668064515,-0.07668993547096775
grid_m3.25_29.25,2018-02-01,24.834633273809544,15.824341845238118,13.7996673747,1010.5348020833333,0.5673257746600744,0.3361650408679226
grid_m3.25_29.25,2018-03-01,23.678043844086044,16.858882755376367,103.83081430456,1012.2412670026882,-0.3123064347269207,0.18866898079297045
grid_m3.25_29.25,2018-04-01,22.951210138888914,18.16175044444447,435.37855147574,1013.1913097222223,-0.25387717345548616,0.35873872274805557
grid_m3.25_29.25,2018-05-01,23.628883602150562,16.891037123655938,10.936260213499999,1013.6532083333333,1.1756464646803764,0.7407916687386357
grid_m3.25_29.25,2018-06-01,23.433446069444468,15.290537472222246,1.4657974434799999,1014.9888222916666,0.89926675116,1.2096037955011112
grid_m3.25_29.25,2018-07-01,23.132131223118304,14.52849059139787,18.28432082948,1015.8023615591399,1.093155193399059,1.424532458513441
grid_m3.25_29.25,2018-08-01,23.618223790322606,14.731137755376366,19.10305013932,1014.3544835349462,0.9473249986125,0.8092720284944892
grid_m3.25_29.25,2018-09-01,25.336908486111135,13.121278402777799,2.86102293008,1011.626295763889,1.5997521296463888,0.8843892407856904
grid_m3.25_29.25,2018-10-01,25.20603868279572,14.104809825268841,12.61186598668,1012.3547823252688,1.1601921624772848,0.4062095378624193
grid_m3.25_29.25,2018-11-01,24.824120930555576,14.634821583333355,19.66047285246,1011.871262361111,1.0505027089011112,0.34029822870375
grid_m3.25_29.25,2018-12-01,23.926091693548408,16.152910712365614,93.0395126249,1013.160175672043,0.364027721022043,0.09504777828225806
grid_m3.25_29.25,2019-01-01,25.01669005376346,16.05273241935486,30.041217559259998,1012.6919804435485,0.42471104103030916,0.4333206707266667
grid_m3.25_29.25,2019-02-01,25.681035074404782,15.538431309523833,2.04849243616,1011.7915965029762,0.5352171266498512,0.5132022572405803
grid_m3.25_29.25,2019-03-01,25.140305806451632,15.985535094086044,2.44140624536,1012.0587509408603,0.6291085727889382,0.41570396743682797
grid_m3.25_29.25,2019-04-01,25.38139643055558,16.770799611111133,82.00263914044,1012.0916060416666,0.5439560567063889,0.6969088236747917
grid_m3.25_29.25,2019-05-01,24.484023857526903,16.17728791666669,10.77222825202,1013.3002975806452,1.2799816356384408,0.7716904917399193
grid_m3.25_29.25,2019-06-01,24.40613600000002,16.17804686111113,19.13833620484,1015.0314621527777,0.3944480425201389,1.171707810330139
grid_m3.25_29.25,2019-07-01,23.822777594086045,14.730791182795722,13.45348352846,1014.2029497983871,0.7193619306191801,1.1050199493723118
grid_m3.25_29.25,2019-08-01,24.690862594086045,13.850160241935505,0.46396256296,1014.3478026209677,1.2746781790064516,1.1973541214294354
grid_m3.25_29.25,2019-09-01,25.282349597222243,13.616115902777802,9.379863747,1012.6290990972223,1.207704289770375,0.8998725898612916
grid_m3.25_29.25,2019-10-01,24.768119448924754,13.530212661290346,8.50677491428,1011.8130548387097,1.1853956411012097,0.505084519007285
grid_m3.25_29.25,2019-11-01,24.5646630277778,14.55767368055558,85.6800077656,1011.5238170833334,0.5262717768248611,0.28393154059625
grid_m3.25_29.25,2019-12-01,23.336930188172065,18.2811247043011,661.11755310422,1012.7727700268817,-0.42076203128602147,-0.07006058582352151
grid_m3.25_29.25,2020-01-01,23.78384857526884,17.820923346774215,201.95913321748,1013.0652963037635,-0.07655956633534947,-0.3267754372639785
grid_m3.25_29.25,2020-02-01,24.503510545977036,17.38111350574715,139.65749840482,1012.7904724856322,0.39437465905919544,0.03790741410948276
grid_m3.25_29.25,2020-03-01,24.328738225806475,18.155161344086043,145.47252660704,1012.5590534274193,-0.02564735129462366,0.04177021720712366
grid_m3.25_29.25,2020-04-01,24.13866304166669,18.17947866666669,262.37440209838,1013.4350488194444,0.29155385550652774,0.4159682380713889
grid_m3.25_29.25,2020-05-01,24.03490110215056,17.241803655914,17.58003237644,1014.7638825940861,1.1684684554587097,0.8335048277494678
grid_m3.25_29.25,2020-06-01,24.172613666666685,16.413356361111134,8.1367492198,1014.812502638889,0.6915786111059722,1.1376930017595832
grid_m3.25_29.25,2020-07-01,23.558934986559166,15.515725645161313,8.89348983088,1014.1110026209677,0.4721833326448925,1.3338953651685483
grid_m3.25_29.25,2020-08-01,25.112057688172065,14.50972861559142,1.1901855698600001,1012.756257594086,0.9613142730860216,1.2474313147965053
grid_m3.25_29.25,2020-09-01,25.226542375000022,14.174616000000025,1.2516975403000001,1012.3284474999999,0.9728015260547223,0.9449621196825
grid_m3.25_29.25,2020-10-01,24.56013668010755,14.371200268817228,15.48099518392,1012.2122514784946,1.1588953684567609,0.5436343100307393
grid_m3.25_29.25,2020-11-01,24.099757638888914,15.9649531527778,58.46023552814,1012.5400198611111,0.67309736815875,0.04745123122708333
grid_m3.25_29.25,2020-12-01,24.599173965053787,16.79258540322583,38.45739386908,1012.4332344086022,0.40790674729059145,0.29442914185067204
grid_m3.25_29.25,2021-01-01,23.754489408602172,16.706628413978518,134.15718087686,1012.2017045698924,0.2062517500898145,-0.024868031910551078
grid_m3.25_29.25,2021-02-01,24.337740535714307,16.655061517857163,51.34153353722,1012.1095883928571,-0.18993972499702383,-0.04428447956130953
grid_m3.25_29.25,2021-03-01,24.504625819892496,15.677094327957013,26.97229381616,1011.2852290994624,0.6622258676702957,0.1824496677334677
grid_m3.25_29.25,2021-04-01,24.87197844444447,16.338134597222247,18.3391571701,1012.7944550694446,0.6838788981983334,0.5383355675536111
grid_m3.25_29.25,2021-05-01,24.282298306451633,17.353122553763463,322.3972312201,1013.8885586021505,0.7446694538061828,0.7168288073398388
grid_m3.25_29.25,2021-06-01,23.62165358333336,16.234811722222243,9.40942754912,1014.5906211111111,1.1907292052086111,0.9502041092516667
grid_m3.25_29.25,2021-07-01,23.76924034946239,15.261315913978518,4.32634351302,1015.6378592069892,0.6821869485505376,1.5166683202741935
grid_m3.25_29.25,2021-08-01,24.686130147849486,14.603914314516151,3.75699995848,1013.8307247311828,1.0749553553513442,0.9041490242422271
grid_m3.25_29.25,2021-09-01,24.877395777777803,13.973212819444466,0.699043275,1012.6784409027778,1.093321844520278,0.7391733846940277
grid_m3.25_29.25,2021-10-01,25.113963884408626,14.670934395161312,3.87001037176,1011.893626344086,0.9769458357420698,0.43479439171733875
grid_m3.25_29.25,2021-11-01,24.43517670833336,14.498507013888911,21.040916415,1011.6835075,1.2019938555143055,0.3103967237583333
grid_m3.25_29.25,2021-12-01,24.308186236559163,15.34247798387099,21.1896896697,1012.1330116935485,1.0715773396854837,0.16880039395985214
grid_m3.25_29.25,2022-01-01,24.19920693548389,16.541577056451636,263.28182435068,1012.3390926747312,0.2704513101631721,0.04883460568951613
grid_m3.25_29.25,2022-02-01,23.319929538690502,17.19324791666669,100.17204277674,1012.6679543154761,-0.10376006044494049,-0.26558147236669644
grid_m3.25_29.25,2022-03-01,24.635962594086045,16.908455819892495,62.60061253638,1010.9523029569893,0.48590452997002687,0.22278326312836022
grid_m3.25_29.25,2022-04-01,23.838170277777802,17.23325756944447,247.38741092798,1011.6261166666667,0.9679270832026389,0.3819860249121806
grid_m3.25_29.25,2022-05-01,23.9205274731183,17.077849475806474,25.984764187739998,1014.150829905914,1.1568093659614247,0.5565617265977151
grid_m3.25_29.25,2022-06-01,23.2168114027778,15.673596833333356,0.38957595536,1014.2999556944445,1.246971282115,1.0778401258897778
grid_m3.25_29.25,2022-07-01,23.761632970430128,15.138585120967765,37.660598738619996,1014.7879386424731,0.9238621908544221,1.3330358483998657
grid_m3.25_29.25,2022-08-01,24.22461049731185,14.95481411290325,12.27664938566,1013.0685913978494,0.7470440390692205,0.8994680225912635
grid_m3.25_29.25,2022-09-01,24.610885125000024,14.341121333333357,3.9415359408,1012.5552206944444,1.054466395207,0.6897973792559723
grid_m3.25_29.25,2022-10-01,24.87654150537637,13.616666330645186,17.68398288444,1011.6225228494624,1.4762746951008063,0.6725749143790323
grid_m3.25_29.25,2022-11-01,23.183199847222244,16.111313666666693,107.0070267222,1012.679559236111,0.8496938508362499,0.006202146917361114
grid_m3.25_29.25,2022-12-01,23.407144193548408,16.526912056451636,103.58810451846,1012.5258925403226,0.4354105765323656,0.09290172178965053
grid_m3.25_29.25,2023-01-01,23.91806283602153,15.53683478494626,8.63862034904,1012.4731280913979,0.7955329438485215,0.021714734151209683
grid_m3.25_29.25,2023-02-01,25.109628065476212,15.216319017857163,11.21187209602,1011.9754121279763,0.3194903425952381,0.027245387499434524
grid_m3.25_29.25,2023-03-01,24.12882287634411,16.885529435483896,151.97324744454,1012.349634811828,-0.07357429294448925,0.10243715272862904
grid_m3.25_29.25,2023-04-01,24.297950444444464,17.045735361111134,46.36287705804,1011.8837372916666,0.7226275362180555,0.42536851534902775
grid_m3.25_29.25,2023-05-01,24.290171908602172,17.576379126344108,112.62178404128,1013.8982463709677,1.1161619189923386,0.7533613236611558
grid_m3.25_29.25,2023-06-01,24.384550097222245,16.172115333333355,36.41700728592,1014.3642899305555,1.0007446950486112,1.0131177049639306
grid_m3.25_29.25,2023-07-01,24.409150416666687,14.366880215053786,0.6666183471,1015.558056451613,0.8866616326841398,1.518125037995027
grid_m3.25_29.25,2023-08-01,25.419393938172067,14.100514274193573,1.85585022096,1013.675285483871,1.4110096563587367,1.373543851554301
grid_m3.25_29.25,2023-09-01,24.631830875000023,15.726631430555578,70.5213539705,1012.8570075694444,0.8657642789666667,0.16833515277791666
grid_m3.25_29.25,2023-10-01,25.192632594086042,14.435079717741958,1.00851058842,1011.6912201612904,1.3216254729637096,0.4135053478627688
grid_m3.25_29.25,2023-11-01,23.77297066666669,16.606659111111135,46.75483712456,1012.6820874305555,0.8919124409427778,0.0047080360997222214
grid_m3.25_29.25,2023-12-01,24.16982717741938,17.998343763440882,97.83268010824,1012.8857140456988,0.30603647870228495,0.1755431606776882
grid_m3.25_29.25,2024-01-01,23.0145259543011,18.406218938172067,442.78526242227997,1014.5000562500001,-0.5280844359288979,-0.3710354227373656
grid_m3.25_29.25,2024-02-01,25.036236637931058,17.53215423850577,39.57986814896,1013.2841305316092,0.34386474075445406,-0.015369415017011494
grid_m3.25_29.25,2024-03-01,25.461894690860237,17.385539354838734,118.60322842128,1012.6078054435484,0.6948342041939517,0.2745037900337366
grid_m3.25_29.25,2024-04-01,24.498542069444465,18.850848708333356,258.79573846214,1012.8714310416667,0.2602264562323611,0.3523750303526806
grid_m3.25_29.25,2024-05-01,25.296723118279594,19.02415719086024,138.47780169082,1013.6505948924731,0.7386254557298387,0.7503957506446236
grid_m3.25_29.25,2024-06-01,23.943326861111135,16.498029930555578,12.66717910514,1014.8179818055555,1.0556934481116667,1.10709476383125
grid_m3.25_29.25,2024-07-01,24.663308723118302,15.157813682795721,1.4638900801799999,1014.2329881048387,0.30307357457473116,1.0821601499883065
grid_m3.25_29.25,2024-08-01,24.444556908602173,14.49506731182798,0.28371811316,1013.710864314516,0.8624220416061827,1.3538327167959678
grid_m3.25_29.25,2024-09-01,25.402283291666688,13.50217379166669,1.42908098866,1012.4436884722223,1.31936768300375,1.020098766635639
grid_m3.25_29.25,2024-10-01,24.74965037634411,15.626114677419379,48.61736304632,1013.0154665994623,0.9082865137528225,0.2304586181518817
grid_m3.25_29.25,2024-11-01,23.61771786111113,16.13923916666669,68.19105115944,1012.8335630555555,0.7700205697240279,0.1512431880638889
grid_m3.25_29.25,2024-12-01,23.625057782258086,17.424970040322602,203.55176855452,1013.1277602150537,0.5899587649908602,0.0560535929922043
grid_m3.25_29.25,2025-01-01,24.301089395161316,16.599584059139808,29.06632418914,1012.4482024865591,0.37265301765736564,-0.07776789512379033
grid_m3.25_29.25,2025-02-01,25.613949211309546,15.789900937500025,2.5258064292799998,1011.0628892113097,0.9130080776349107,0.36813168426711307
grid_m3.25_29.25,2025-03-01,24.622955793010778,17.000594314516153,76.29585290184,1012.1202480510754,0.43866930731525533,0.24534276622067203
grid_m3.25_29.25,2025-04-01,24.059524652777803,17.5111989027778,97.81265256472,1012.5281078472223,0.8394939623394445,0.28740594034569444
grid_m3.25_29.25,2025-05-01,23.523460631720454,17.13534682795701,40.02666457412,1014.5485399865591,1.3091226611155915,0.6214202141459677
grid_m3.25_29.25,2025-06-01,23.690135236111136,15.742250125000023,9.10997387014,1015.4312050694444,1.1209940388685555,0.7878109841688888
grid_m3.25_29.25,2025-07-01,23.793975443548412,14.768467513440882,5.20229343194,1015.7549713709677,1.0123486000379032,1.1774490507462365
grid_m3.25_29.25,2025-08-01,24.115431895161315,13.39118106182798,6.6523552407599995,1014.4503643145162,0.5550798813532258,1.139680658914785
grid_m3.25_29.25,2025-09-01,24.709714208333352,13.385947861111134,0.295639038,1013.1077178472223,1.1843769285583332,0.8275107477137501
grid_m3.25_29.25,2025-10-01,24.49164536290325,14.342905322580666,13.11969756266,1012.4805686155913,0.9048855074445968,0.37220085459448926
grid_m3.25_29.25,2025-11-01,24.48720626388891,14.971367375000023,5.19514084036,1012.4927026388889,1.1198625995222222,0.45457032448583334
grid_m3.25_29.25,2025-12-01,24.24218680107529,15.844193575268838,67.16632881046,1012.0326413978495,0.4210243403623656,0.2413597721987097
grid_m3.25_29.25,2026-01-01,24.346909341397872,16.598860094086042,41.70703901598,1012.362265860215,0.5464274901814516,0.11161605273333332
grid_m3.25_29.25,2026-02-01,23.618254330357168,17.06672122023812,109.16471508694,1013.1742542410714,-0.14997589110208334,0.02615969474568453
grid_m3.25_29.25,2026-03-01,23.697098360215076,18.158868763440882,260.79010962354,1011.8122360215053,0.00435139596747312,0.049143452345658596
grid_m3.25_29.25,2026-04-01,25.422555625000026,17.29994437500002,0.0,1011.3528895833333,1.2807337473333333,0.5280536025208333
