location,month_start,t2m_mean_C,d2m_mean_C,tp_sum_mm,msl_mean_hPa,u10_mean,v10_mean
grid_m3.00_29.25,1940-01-01,21.08312475806454,13.19430805107529,65.33741939088,1012.3766431451613,0.26242799628471775,-0.021158832508064516
grid_m3.00_29.25,1940-02-01,21.142388002873584,13.66584122126439,60.0328447545,1012.5152168821838,0.18157772652327586,0.09010054042011495
grid_m3.00_29.25,1940-03-01,20.245524583333356,15.061651330645184,152.5998114684,1012.3333993951612,0.06304960563481182,0.12743416592110215
grid_m3.00_29.25,1940-04-01,20.397777388888912,14.456355875000023,10.10680198558,1012.6064456944445,0.2968685571234722,0.41215205686354167
grid_m3.00_29.25,1940-05-01,20.860662768817225,13.623834448924754,9.0630054165,1012.8233029569893,0.2930730180997312,0.5876405983930914
grid_m3.00_29.25,1940-06-01,21.756624500000022,10.705294875000023,0.02288818356,1014.5305555555556,0.28109885259740836,0.8070098234375
grid_m3.00_29.25,1940-07-01,22.10271668010755,9.443785591397871,0.034332274999999995,1014.6827317204301,0.14013284229650538,0.7783405334278225
grid_m3.00_29.25,1940-08-01,22.885779784946262,7.634434946236582,0.0,1013.2001981182794,0.5177345074571237,0.932700044432527
grid_m3.00_29.25,1940-09-01,20.746254597222244,13.713268986111133,100.03423678042,1013.7243100694444,0.5456116356376389,0.1839643458590278
grid_m3.00_29.25,1940-10-01,20.787684569892498,13.515860913978518,30.144214498620002,1013.047299327957,0.5479448579475806,0.2396122525860215
grid_m3.00_29.25,1940-11-01,20.65829829166669,13.71389593055558,76.96056346042,1011.9609518055555,0.2931900601611111,0.02028980382833333
grid_m3.00_29.25,1940-12-01,22.441676827957014,12.110987405914003,2.35605239678,1012.4147126344086,0.46932308818225804,0.45578698787119626
grid_m3.00_29.25,1941-01-01,22.104628158602175,13.040627715053786,49.59201785164,1013.4094748655915,0.29484908877810617,0.2694123649112903
grid_m3.00_29.25,1941-02-01,22.610896428571454,13.411775119047642,27.44865430054,1012.7980319196429,0.25475894913705355,0.42930582691086305
grid_m3.00_29.25,1941-03-01,23.19507362903228,13.782736155914,33.41364866522,1012.3283923387096,0.1367704950248656,0.16176229861962366
grid_m3.00_29.25,1941-04-01,22.521969222222246,14.910246569444467,48.70438548076,1013.0371561805556,-0.08785654681561667,0.6546389210422222
grid_m3.00_29.25,1941-05-01,21.201717930107552,13.293648508064537,30.71618067632,1014.3610124999999,0.09860984223857526,0.8149784881637097
grid_m3.00_29.25,1941-06-01,22.19218556944447,11.517619166666691,0.88024139938,1015.6804134027778,0.43558237302125,0.8480745948319444
grid_m3.00_29.25,1941-07-01,21.687582836021527,9.506395631720451,0.00429153432,1015.4774878360215,0.6047573902182796,0.9417496550400537
grid_m3.00_29.25,1941-08-01,22.87045743279572,8.653783346774217,0.04959106496,1013.5614731854838,0.5482806485254033,0.9281353303502689
grid_m3.00_29.25,1941-09-01,23.405278972222245,7.43911601388891,2.49719620686,1011.7470471527778,0.9238592440686111,0.8137790887555555
grid_m3.00_29.25,1941-10-01,23.802382943548412,9.407918104838732,11.62743569032,1011.9806117607527,0.7479039048278764,0.49959127560618277
grid_m3.00_29.25,1941-11-01,21.119590402777803,14.097577958333355,90.74687977332,1012.4312177083334,0.23949926150205555,-0.0009637823186111089
grid_m3.00_29.25,1941-12-01,21.246271411290344,12.675718481182816,29.43253516724,1013.3069739247311,0.46180636938918007,0.280914494834543
grid_m3.00_29.25,1942-01-01,23.290753333333356,10.008279663978517,5.69105148626,1012.6405085349463,0.4835105645506721,0.21904340363682795
grid_m3.00_29.25,1942-02-01,23.631889494047645,9.958345505952403,6.06441496288,1010.1980840029762,0.4633816937370535,0.6202836700074406
grid_m3.00_29.25,1942-03-01,21.392693723118303,14.674240067204325,79.35094805408,1011.5740816532259,0.04879159816952957,0.30459941322849465
grid_m3.00_29.25,1942-04-01,21.201108569444468,13.95842816666669,22.69363402052,1012.9065849305556,0.03143297934988889,0.5424448019748611
grid_m3.00_29.25,1942-05-01,22.15117912634411,12.393179690860238,2.3474693195,1012.995816532258,0.19718689123884411,0.8912742955477151
grid_m3.00_29.25,1942-06-01,22.025546055555576,10.468532250000024,0.98228454756,1013.6717909722222,0.3622037879443056,0.7219809965575
grid_m3.00_29.25,1942-07-01,21.58300861559142,8.55427932795701,0.04816055326,1014.5318680779569,0.15787682429952957,1.0545738452696236
grid_m3.00_29.25,1942-08-01,23.040305537634428,5.485867930107549,0.0,1012.1935137768817,0.7663772947181452,0.9378239208306451
grid_m3.00_29.25,1942-09-01,24.281002222222245,3.754606819444466,0.08440017799999999,1010.9001895138889,1.1099145896983333,1.023219213575
grid_m3.00_29.25,1942-10-01,23.708194408602175,8.129027069892496,25.98857891774,1010.5221278897849,0.9967129009598118,0.7457816404045698
grid_m3.00_29.25,1942-11-01,22.562337708333356,10.946873750000023,15.382766703,1010.2804729861111,0.5325127281870834,0.5213586810388888
grid_m3.00_29.25,1942-12-01,22.585256357526905,11.465652137096797,5.40709491794,1010.7886850806452,0.2678379138094543,0.49337001433044353
grid_m3.00_29.25,1943-01-01,23.850426330645185,9.140689059139808,13.0915641957,1009.749705577957,0.6178350118826613,0.24820268307291665
grid_m3.00_29.25,1943-02-01,23.597580565476214,10.56415072916669,7.90834428558,1010.8694691220238,0.35543694707276785,0.5511860844627976
grid_m3.00_29.25,1943-03-01,22.253906370967762,12.279048239247334,37.78028506618,1009.8317962365592,0.27780804310655915,0.6986746585290323
grid_m3.00_29.25,1943-04-01,22.67234481944447,11.60279029166669,5.4655074929800005,1012.0323196527778,0.22569672563847223,0.8448194086534723
grid_m3.00_29.25,1943-05-01,21.22043793010755,12.36764360215056,29.60252761082,1012.6211721774193,-0.14442484805353495,0.723944037876613
grid_m3.00_29.25,1943-06-01,21.596713000000022,9.922321611111133,0.8428096711799999,1013.9728299999999,0.0312911141525,0.9581113599496667
grid_m3.00_29.25,1943-07-01,21.882873440860237,9.302589086021529,1.42049790078,1013.9604150537634,0.2548365023842742,0.8411672637139784
grid_m3.00_29.25,1943-08-01,22.12647674731185,8.909214287634432,3.44514845124,1012.4182030241935,0.4539946485366936,0.7782237545853494
grid_m3.00_29.25,1943-09-01,22.988593791666688,8.65237479166669,3.04222104582,1012.327650763889,0.5839079534859722,0.8697359094473611
grid_m3.00_29.25,1943-10-01,23.752579543010775,6.606153440860238,2.6760101221799997,1010.317086626344,0.9527277997235214,0.9082859418098118
grid_m3.00_29.25,1943-11-01,22.056916472222248,12.0102621527778,30.08961686316,1010.7082740972223,0.6125236935733334,0.4583521336573056
grid_m3.00_29.25,1943-12-01,23.221593064516153,11.00793856182798,6.69527051826,1010.8616303091399,0.580683572688051,0.5277126626846774
grid_m3.00_29.25,1944-01-01,22.827902002688198,11.228440067204325,18.54085919554,1012.544436155914,0.4774418666387634,0.3218371876040323
grid_m3.00_29.25,1944-02-01,24.593439856321858,9.131479339080482,1.30987167664,1011.422868678161,0.5668092716442529,0.35816749372658047
grid_m3.00_29.25,1944-03-01,23.390767069892497,11.478637728494647,12.80093194934,1010.6693646505377,0.38413084873172043,0.6833161810176075
grid_m3.00_29.25,1944-04-01,22.532750069444468,12.483224986111136,57.3987958145,1011.9321686805556,0.33974225720930556,0.8113651287076389
grid_m3.00_29.25,1944-05-01,21.064398750000024,12.45190040322583,30.425786892599998,1012.4144858870967,0.3828319165801075,0.875078817438172
grid_m3.00_29.25,1944-06-01,22.432208250000023,9.939530597222243,1.26934051614,1012.7033074999999,0.4108183975810694,0.8941650166888889
grid_m3.00_29.25,1944-07-01,21.898020954301096,7.773441465053786,0.5908012392399999,1014.4833858870968,0.34854591470403223,1.0319363378239248
grid_m3.00_29.25,1944-08-01,23.310313279569915,6.971302822580668,0.06341934162,1012.7252792338709,0.7265278229314516,0.9650496405297043
grid_m3.00_29.25,1944-09-01,24.330890388888914,5.603054708333357,0.7023811369999999,1011.7394311111111,0.9117372094691667,0.9502450108372222
grid_m3.00_29.25,1944-10-01,23.308460201612927,11.455546962365615,15.20252231582,1010.8428821908602,0.5529967484392473,0.5470521981237904
grid_m3.00_29.25,1944-11-01,21.7112742777778,13.075865736111135,60.24670575744,1011.3238545138888,0.3092050974715972,0.2868355645833333
grid_m3.00_29.25,1944-12-01,21.66976123655916,13.299056182795722,24.94907380548,1010.3789513440861,0.2871492593259409,0.334064936768414
grid_m3.00_29.25,1945-01-01,23.176559018817226,10.890716411290345,13.60583306852,1011.1304724462365,0.4818042471968817,0.14260052153548386
grid_m3.00_29.25,1945-02-01,22.27134678571431,12.462037366071451,69.54884523056,1010.476253422619,0.1831249222720238,0.16116871150595238
grid_m3.00_29.25,1945-03-01,21.67937486559142,13.286035712365615,41.87035553708,1012.3089686827956,0.22516521263705241,0.40445377033817204
grid_m3.00_29.25,1945-04-01,21.89270854166669,13.33024501388891,11.26456255656,1012.0323335416667,0.0949658711748611,0.74796011186
grid_m3.00_29.25,1945-05-01,21.90251799731185,11.372462809139806,5.92565535908,1012.6177962365592,0.1715646157904879,0.9255763435555107
grid_m3.00_29.25,1945-06-01,22.380421208333356,9.295451972222244,0.00190734866,1013.9636949305556,0.3389131331851389,1.0000833025692597
grid_m3.00_29.25,1945-07-01,21.95252467741938,7.46522614247314,0.0061988830000000005,1013.6455299731183,0.4781024415043548,1.1624217285197984
grid_m3.00_29.25,1945-08-01,22.552423239247336,7.718409610215077,0.74958801242,1012.6603151881721,0.7678133440403225,1.1287616816907258
grid_m3.00_29.25,1945-09-01,23.66691668055558,7.085454638888911,2.25114822954,1012.8233347222222,0.8369332210301389,0.9800633720513889
grid_m3.00_29.25,1945-10-01,23.603215994623678,9.798192755376366,12.92467122268,1011.4763725806451,0.6990944031914516,0.5146136732943548
grid_m3.00_29.25,1945-11-01,23.137197347222244,10.9765562777778,15.322446835780001,1010.9016339583334,0.4365881115901389,0.5042759785802778
grid_m3.00_29.25,1945-12-01,22.19110159946239,12.24365782258067,36.67211520996,1012.1561582661291,0.43089308740990595,0.31227954716803763
grid_m3.00_29.25,1946-01-01,23.708344045698947,10.539698413978517,4.46629525246,1011.5716321908602,0.4056713888120296,0.21389323325793008
grid_m3.00_29.25,1946-02-01,24.96087694940478,10.782326398809548,4.86230845104,1009.9532345238096,0.4418647122484226,0.24996911902827382
grid_m3.00_29.25,1946-03-01,23.930015120967763,12.366890940860237,13.79632958068,1010.2035846774193,0.1483717486077688,0.6095860312510752
grid_m3.00_29.25,1946-04-01,22.61297019444447,13.604129916666691,16.3750648428,1011.8369727083333,0.02871157376727778,0.7105069469652778
grid_m3.00_29.25,1946-05-01,22.413318897849486,12.369685846774216,6.6690445389,1012.9056006048387,0.1516259141697043,0.8784457775390592
grid_m3.00_29.25,1946-06-01,21.87791930555558,11.136902597222244,4.401683824,1014.8352045138889,-0.03290407395708333,0.8338622197054306
grid_m3.00_29.25,1946-07-01,22.759777540322606,7.804239327957012,0.02479553226,1013.2773389784946,0.30257048676782256,1.0199407756119623
grid_m3.00_29.25,1946-08-01,23.054758467741955,4.76244614247314,0.0,1012.3145114919355,0.56174034137043,1.255928164156801
grid_m3.00_29.25,1946-09-01,23.021332555555578,9.861287777777802,8.41140747414,1011.6636245138889,0.5277900466403334,0.6261379957955139
grid_m3.00_29.25,1946-10-01,22.726196478494643,11.693630645161312,12.887239451480001,1011.820707594086,0.3324210889436156,0.3285040015248656
grid_m3.00_29.25,1946-11-01,21.793471472222244,13.841443361111134,132.18998878592,1011.3639935416668,0.29346066486805555,0.26440580369444444
grid_m3.00_29.25,1946-12-01,21.392811155914004,14.082404556451637,65.28520603422,1011.3690738575268,0.35624452874475804,0.32349198909543014
grid_m3.00_29.25,1947-01-01,21.447001438172066,14.471958413978518,60.17088908872,1011.2619968413978,0.15563308449133065,0.310315699530914
grid_m3.00_29.25,1947-02-01,21.725309732142883,14.09678068452383,34.39712540986,1011.3010405505953,0.2186528599924256,0.24273450135723215
grid_m3.00_29.25,1947-03-01,21.58409044354841,14.381982137096795,58.76493471668,1013.0402045026882,-0.05826640333709677,0.12121354909913978
grid_m3.00_29.25,1947-04-01,21.753406236111132,14.66262016666669,11.49559019112,1012.7447495833334,-0.04225235042236111,0.47200366261888893
grid_m3.00_29.25,1947-05-01,21.680582231182818,12.606738413978517,7.52210624954,1013.1543863575268,0.14960553588471776,0.9550935819229839
grid_m3.00_29.25,1947-06-01,22.190115527777802,10.37104779166669,0.43821335089999996,1013.8709138194445,0.4488956018055139,1.0264787666375
grid_m3.00_29.25,1947-07-01,22.363193279569913,8.728423911290346,0.37050247006,1013.3770336021506,0.2887151779733871,0.8996971730329302
grid_m3.00_29.25,1947-08-01,23.103504543010775,7.685383911290347,0.008106232,1012.6191941532257,0.3880314676107527,1.1860279285336022
grid_m3.00_29.25,1947-09-01,24.238975083333354,5.109445569444468,0.37431717130000003,1011.4181318055555,0.8394407739944444,1.1838471929236112
grid_m3.00_29.25,1947-10-01,23.792968400537656,10.340082715053786,18.45622057912,1011.0399717741934,0.7419817314927419,0.6509562446928764
grid_m3.00_29.25,1947-11-01,21.912952027777802,12.456316180555579,53.50041383206,1010.8946722222222,0.5102895758364305,0.36230246276694444
grid_m3.00_29.25,1947-12-01,20.773619260752714,13.849047661290344,62.72816654566,1011.643122983871,0.14817498852056452,0.18045521687432794
grid_m3.00_29.25,1948-01-01,22.012802217741957,14.059077688172067,49.61848267546,1011.7785989247312,0.2311368610311828,0.3459014472236559
grid_m3.00_29.25,1948-02-01,21.195976393678183,14.200711364942551,46.98157292588,1012.0946890086208,0.1936326293612787,0.25071462958630747
grid_m3.00_29.25,1948-03-01,22.094735201612924,14.01590797043013,38.57374208164,1011.7982797043011,0.1098503196329301,0.26454201352822576
grid_m3.00_29.25,1948-04-01,22.657051055555577,13.425536138888912,16.86811455138,1011.0583950694445,0.10093991712413888,0.743851236118125
grid_m3.00_29.25,1948-05-01,22.430653037634432,12.689662755376366,10.83421714392,1012.6934636424731,0.19753756693131722,0.7699567296834677
grid_m3.00_29.25,1948-06-01,22.670672069444468,10.070692055555577,0.80442428602,1014.2501999305555,0.17724066774584724,1.009020749238889
grid_m3.00_29.25,1948-07-01,22.711874099462385,6.655929811827979,0.0,1013.4536521505377,0.24293105917416397,1.105297070486828
grid_m3.00_29.25,1948-08-01,22.8955075403226,8.09081298387099,0.069141388,1012.7732373655914,0.5581814356653226,1.1413221600710268
grid_m3.00_29.25,1948-09-01,23.473165847222244,9.3722095277778,3.51834297226,1011.6306801388889,0.5742552863937916,0.67811584320375
grid_m3.00_29.25,1948-10-01,23.239144341397875,11.396122634408625,10.23054121222,1011.7500170026882,0.43100426755850807,0.3588019535827957
grid_m3.00_29.25,1948-11-01,23.142049333333357,11.129558180555579,8.19206238678,1011.3911284722222,0.40610547225916666,0.35901743551513887
grid_m3.00_29.25,1948-12-01,22.610143776881742,12.66493981182798,36.85903539036,1011.1999768817205,0.2308810290324597,0.12069470524994624
grid_m3.00_29.25,1949-01-01,23.256725698924754,12.646990698924753,11.99841498696,1012.0149784946236,0.2801841299021505,0.30861623371948926
grid_m3.00_29.25,1949-02-01,21.883561220238118,13.645191443452404,61.0361100774,1012.9104850446429,0.18286839046860118,0.20629344640599703
grid_m3.00_29.25,1949-03-01,23.449240107526904,12.968765067204323,12.882232658180001,1010.4984185483871,0.22631641216653225,0.5663186606534947
grid_m3.00_29.25,1949-04-01,21.814301069444465,15.229108152777801,54.37040321336,1013.1295420833333,-0.03107999188545833,0.4040914967138889
grid_m3.00_29.25,1949-05-01,21.234275645161315,13.904461948924753,27.6284218359,1013.386626545699,0.22222000044758067,0.653825800702957
grid_m3.00_29.25,1949-06-01,21.503703541666688,11.72558476388891,5.50222395508,1014.6734081944444,0.0994878349715139,0.9330157151470834
grid_m3.00_29.25,1949-07-01,22.094891989247337,8.836857741935507,0.10871887222,1014.4435647849463,0.14493665428571237,0.9738113322300268
grid_m3.00_29.25,1949-08-01,23.335968897849487,5.289885833333357,0.0,1012.6490302419355,0.28585567246688975,1.1061873683853494
grid_m3.00_29.25,1949-09-01,23.64223980555558,7.714545125000021,0.51069260346,1012.4631080555555,0.6700875606993055,0.9102591418875
grid_m3.00_29.25,1949-10-01,23.408313400537658,9.141560161290345,9.48047639632,1011.7829264784947,0.7645014691965054,0.658786383217742
grid_m3.00_29.25,1949-11-01,23.08359626388891,12.560324972222245,15.79976087812,1011.4523366666667,0.3481776391348611,0.40333062697055555
grid_m3.00_29.25,1949-12-01,22.10213614247314,13.175132204301098,137.99834256604,1011.1092035618279,0.12590213670403225,0.33455485658131723
grid_m3.00_29.25,1950-01-01,21.684344583333356,14.135918911290347,45.49813270378,1011.2223903225806,0.23606381810658603,0.22912981259381718
grid_m3.00_29.25,1950-02-01,22.776385818452404,13.536198392857164,20.91073983668,1011.4642014880952,0.24946982328760414,0.3314283189856994
grid_m3.00_29.25,1950-03-01,21.923446868279594,13.628681922043032,43.96057137458,1011.386774798387,0.17104583753508065,0.35818284657446237
grid_m3.00_29.25,1950-04-01,20.775357875000022,15.552509486111136,101.35722162825999,1011.6355707638888,-0.0739387718242639,0.3844861994311111
grid_m3.00_29.25,1950-05-01,20.144322083333357,15.006257634408623,74.51176621604,1013.2906244623655,0.013785454967325268,0.6238549536514785
grid_m3.00_29.25,1950-06-01,20.9338597777778,11.811638250000023,0.480890273,1014.0589071527778,0.18865341635986113,0.8321535330926388
grid_m3.00_29.25,1950-07-01,21.079699341397873,9.620933750000022,9.65380667224,1014.474298655914,0.1349958600925672,0.7145564782573924
grid_m3.00_29.25,1950-08-01,21.223050618279593,8.362091438172065,2.86912917726,1014.2245707661291,0.09365260191151882,0.5861582396814515
grid_m3.00_29.25,1950-09-01,22.258751583333357,10.074013680555577,13.42630390482,1013.4369200694445,0.5848036234300278,0.5799511569819444
grid_m3.00_29.25,1950-10-01,22.709593897849484,11.175792580645183,4.47893142544,1011.7673959677419,0.5691554354228494,0.5006784640008065
grid_m3.00_29.25,1950-11-01,21.70324513888891,12.252630222222244,19.60420609972,1010.9531730555556,0.3741746892984584,0.4940041864890972
grid_m3.00_29.25,1950-12-01,22.7048758870968,12.511687620967766,5.60808183204,1011.3205461693549,0.2168289640534543,0.5634545141642473
grid_m3.00_29.25,1951-01-01,22.096243145161313,13.657964166666689,119.62866839154,1011.5598925403225,0.18617182964399195,0.28318202200403225
grid_m3.00_29.25,1951-02-01,21.463954062500022,13.548212752976212,30.9836865388,1012.032230282738,0.1917617666895833,0.34688579460119046
grid_m3.00_29.25,1951-03-01,21.979664153225826,14.01311114247314,32.87196150012,1011.2168829301074,0.2101345419204301,0.5499097412954301
grid_m3.00_29.25,1951-04-01,20.57690076388891,16.03096188888891,206.04801186724,1013.4593712500001,-0.15311773025616668,0.17629237644625
grid_m3.00_29.25,1951-05-01,20.47838806451615,14.74533413978497,25.9830952011,1014.0774408602151,0.4742114978189516,0.6363061145219087
grid_m3.00_29.25,1951-06-01,21.009297319444467,11.644734208333356,0.07057189946,1014.5351748611112,0.39730215512999995,0.7603797223838888
grid_m3.00_29.25,1951-07-01,21.477421639784968,8.6204498387097,0.23508071545999998,1014.7981506048388,0.2701623779664516,0.8428570813077957
grid_m3.00_29.25,1951-08-01,22.6924110887097,8.121819771505399,0.1511573776,1013.3545929435484,0.496717000968414,1.117922301405914
grid_m3.00_29.25,1951-09-01,23.524962569444465,10.056554486111136,8.49890704832,1012.1161075694445,0.7594162065875,0.5996505526333333
grid_m3.00_29.25,1951-10-01,22.793500873655937,11.970584731182818,58.75921210868,1011.6556663978495,0.7098374919227151,0.3624708953841398
grid_m3.00_29.25,1951-11-01,21.162321541666692,14.369496402777802,51.75685885264,1012.4194638888888,0.36958067150208335,0.11837980573013887
grid_m3.00_29.25,1951-12-01,20.13488342741938,15.77533415322583,349.78270482894,1013.540210483871,0.11071589127379032,-0.015050970447567202
grid_m3.00_29.25,1952-01-01,21.426335913978516,15.388180658602174,60.932636167620004,1012.0433676075269,0.4000500754461156,0.14551267554247313
grid_m3.00_29.25,1952-02-01,21.6580985488506,14.568650158046,30.5564403583,1011.4473676724137,0.2748304913256609,0.14191395075790228
grid_m3.00_29.25,1952-03-01,22.8433022715054,13.865339758064538,19.67716243696,1011.1133189516129,0.22684716662889784,0.33248593736465054
grid_m3.00_29.25,1952-04-01,21.293989625000023,15.444209194444468,41.80502869182,1012.5654569444443,0.04513462925694445,0.4612729379691944
grid_m3.00_29.25,1952-05-01,20.58233283602153,15.57836104838712,168.84160008112,1013.9686114919355,0.07431159512063172,0.3830510821392473
grid_m3.00_29.25,1952-06-01,20.63479326388891,12.685590680555578,1.69658662176,1015.5159600000001,0.60845830693375,0.8666711335077778
grid_m3.00_29.25,1952-07-01,21.49347412634411,9.957604032258088,0.0023841858,1014.434684139785,0.3867951048242473,0.9845244595475806
grid_m3.00_29.25,1952-08-01,22.3355150403226,8.864951384408625,0.1277923578,1013.0541412634409,0.668040510714113,0.8867521363756721
grid_m3.00_29.25,1952-09-01,23.237707652777804,9.522141708333356,3.5638809341399997,1011.6580838888889,0.8350377145000416,0.6669628989086112
grid_m3.00_29.25,1952-10-01,23.096736276881746,11.179476814516152,25.02131456494,1011.7940262096773,0.666374350660215,0.5761816782408602
grid_m3.00_29.25,1952-11-01,20.499550194444467,13.798974458333355,72.47519453459999,1011.9693034027778,0.5631833509590278,0.1778561694257222
grid_m3.00_29.25,1952-12-01,22.32002811827959,14.043433145161314,23.2911108683,1011.4672938172043,0.3123938782873656,0.3516342438495215
grid_m3.00_29.25,1953-01-01,20.558879341397873,15.817700551075292,234.07387740414,1012.5163560483871,0.05127570364422043,0.07738946089032259
grid_m3.00_29.25,1953-02-01,20.39528684523812,15.970992752976212,167.25683222942,1011.5263133928571,0.1982055017715774,-0.0095265030610119
grid_m3.00_29.25,1953-03-01,20.342698346774217,16.01618547043013,114.5746706952,1012.0213791666667,0.043461338005241934,0.006743054924731179
grid_m3.00_29.25,1953-04-01,20.412095958333357,16.199660722222244,115.25988580314,1012.9998801388889,-0.05485004905666667,0.04722715914527778
grid_m3.00_29.25,1953-05-01,19.9890712231183,15.346001868279592,51.1021614532,1013.9228280913978,0.317357853071371,0.5177420421846103
grid_m3.00_29.25,1953-06-01,20.468756236111133,13.275406069444466,1.65128708238,1014.415652361111,0.22468011609819444,0.5174397991541666
grid_m3.00_29.25,1953-07-01,20.498860013440883,10.374853736559162,0.04720687926,1015.0284424059139,0.4871744543013441,0.8484025630819892
grid_m3.00_29.25,1953-08-01,21.986188830645183,9.139392123655936,0.011920929,1013.5986640456989,0.465409754709543,0.9053664741784947
grid_m3.00_29.25,1953-09-01,21.631910138888912,11.127371958333356,18.4926987091,1012.9837543750001,0.7204586662563889,0.6949845841975001
grid_m3.00_29.25,1953-10-01,23.175437674731207,11.43600428763443,5.25951382638,1011.4813055107527,0.6127535912103494,0.44717423207930107
grid_m3.00_29.25,1953-11-01,21.848738819444467,13.55911063888891,73.77171485612,1012.4287129166667,0.2482031369548611,0.10074418244583333
grid_m3.00_29.25,1953-12-01,20.86633427419357,15.567189637096797,205.53946504628,1011.9913938172042,0.14950768777938173,0.19034387756505375
grid_m3.00_29.25,1954-01-01,20.46924426075271,14.719263252688194,69.93579876849999,1012.9385000672042,0.1792319936908602,-0.1751892741870968
grid_m3.00_29.25,1954-02-01,21.205596562500023,14.413302648809546,29.968977060500002,1011.7486792410715,0.31556631267169644,0.07328929819791667
grid_m3.00_29.25,1954-03-01,21.325508924731206,14.9801973387097,41.98861119614,1011.912991733871,0.14622378583844087,0.2940070044610215
grid_m3.00_29.25,1954-04-01,20.647538958333357,15.620899111111134,129.78100791896,1013.7547086111111,0.05022975069680556,0.3147632937902778
grid_m3.00_29.25,1954-05-01,20.759981384408626,14.487533131720452,42.20438009632,1013.406809811828,0.18934943131744353,0.33521071844873657
grid_m3.00_29.25,1954-06-01,20.543194222222247,11.802345250000025,0.30469894564,1014.6642679861111,0.24669002959902775,0.6398542186273611
grid_m3.00_29.25,1954-07-01,21.067299448924754,9.27405676075271,0.20456314080000002,1013.4069921370967,0.10497700363077957,0.7187339620635753
grid_m3.00_29.25,1954-08-01,21.945191276881744,8.544860040322602,0.01859664924,1013.1244724462366,0.530409556384543,0.9356308775967742
grid_m3.00_29.25,1954-09-01,22.568746611111134,8.409141805555578,1.44767762004,1012.0764657638889,0.799557430515736,0.6973954492976389
grid_m3.00_29.25,1954-10-01,22.52584918010755,11.326888508064538,27.3225306952,1011.3107625,0.6141591846836021,0.3337901308998656
grid_m3.00_29.25,1954-11-01,22.153327805555577,11.766572333333357,17.38023754376,1011.373824375,0.47639280945576395,0.3916066481473611
grid_m3.00_29.25,1954-12-01,21.805836532258088,13.782484287634432,49.9260426432,1011.2286448924731,0.31647398523629033,0.23268299743534948
grid_m3.00_29.25,1955-01-01,22.79977418010755,12.554986693548411,14.14704330234,1011.7588358870967,0.14800970070025538,0.4795640520379032
grid_m3.00_29.25,1955-02-01,21.63211967261907,14.279134241071452,79.37979722658,1011.0836376488095,0.0654047587934375,-0.009768623071473213
grid_m3.00_29.25,1955-03-01,21.509220295698945,14.682907029569916,73.67205626088,1010.8931004032258,0.13003601535053763,0.31572512232728495
grid_m3.00_29.25,1955-04-01,21.114274527777802,15.246224305555577,89.25843238974,1011.5786987500001,0.04312900964875,0.5376469996084723
grid_m3.00_29.25,1955-05-01,20.187656706989273,14.237976572580667,83.58097060354,1014.1319372311829,0.26077270567505373,0.7313067538287635
grid_m3.00_29.25,1955-06-01,20.48137430555558,11.968454472222245,0.88071823484,1014.815635,0.3773159874068055,0.9247182626376389
grid_m3.00_29.25,1955-07-01,21.243500766129056,10.388045806451636,0.81157684118,1013.7859413978495,0.29586798201317205,0.8381645659291667
grid_m3.00_29.25,1955-08-01,22.163917768817228,7.314546021505398,0.1373291043,1012.4503622983871,0.30822600017817203,0.8059530155321909
grid_m3.00_29.25,1955-09-01,22.110778569444467,11.560102555555577,12.98785209346,1012.1929070833334,0.39951163501472226,0.4448836630466667
grid_m3.00_29.25,1955-10-01,22.911924610215074,11.247164018817227,19.39487460092,1011.0256980510753,0.6468844474865592,0.4005875744959677
grid_m3.00_29.25,1955-11-01,22.449676361111134,12.587650513888912,25.2680777837,1011.1396386111112,0.42302106228208336,0.26696465773958333
grid_m3.00_29.25,1955-12-01,21.441926478494644,13.957168723118302,64.26501294826,1011.5057919354839,0.1260005570748656,0.27561548872188174
grid_m3.00_29.25,1956-01-01,20.17259219086024,14.233035994623677,132.42459318866,1011.230246438172,0.08540223337439516,0.0022513065967069887
grid_m3.00_29.25,1956-02-01,22.161267974137953,14.020348879310367,16.37220383756,1010.4076201867816,0.18755130010143678,0.21803266115630748
grid_m3.00_29.25,1956-03-01,22.876881881720454,13.691994919354862,19.48809619694,1010.9035614919354,0.12705636802096776,0.5533649696786156
grid_m3.00_29.25,1956-04-01,20.784941944444466,15.311811819444465,113.92927191004,1012.2377368055555,-0.038143038652222225,0.37565056665041663
grid_m3.00_29.25,1956-05-01,19.656634408602173,15.283908400537658,138.28968985252,1013.9479986559139,0.10426033153413979,0.4563292237145161
grid_m3.00_29.25,1956-06-01,19.477606833333358,12.144641444444467,0.55837631458,1014.5031382638888,0.4430509346198611,0.5998418846421764
grid_m3.00_29.25,1956-07-01,20.678493884408624,8.901574381720453,0.0,1013.8797040994624,0.43662448477190857,0.8459177732907258
grid_m3.00_29.25,1956-08-01,21.948643857526903,9.728591290322605,8.53204727328,1012.7634376344087,0.4824083803860215,0.705521019425672
grid_m3.00_29.25,1956-09-01,22.341481972222244,10.292735500000022,7.4105262551,1011.2032554861112,0.5547130478601389,0.5901353406270834
grid_m3.00_29.25,1956-10-01,22.423651303763464,10.680006922043034,25.24971970642,1010.9682664650538,0.7273381976357526,0.4365671617110215
grid_m3.00_29.25,1956-11-01,21.712068583333355,13.181620805555577,26.464939003839998,1010.9005836111112,0.47516999097,0.2888267087420833
grid_m3.00_29.25,1956-12-01,21.70278923387099,13.075914475806472,39.72411164244,1011.2647201612904,0.24277264816809138,0.358515728860215
grid_m3.00_29.25,1957-01-01,21.26017737903228,14.402395994623678,127.55584740982,1011.2312540994624,0.263429752171371,-0.19278397068145164
grid_m3.00_29.25,1957-02-01,20.809593809523832,14.979263720238118,166.8686872357,1011.5970199404761,0.31902102046401787,-0.14473592721675596
grid_m3.00_29.25,1957-03-01,20.66907056451615,15.76337547043013,142.17805864704,1012.1269458333334,0.20909885660241934,-0.19203719127177418
grid_m3.00_29.25,1957-04-01,21.90936754166669,15.87555918055558,40.66729551144,1012.2200710416666,0.1625968050640278,-0.05184523511888888
grid_m3.00_29.25,1957-05-01,21.54850302419357,16.949463911290344,82.850217872,1013.5443372983872,-0.02339957794986559,0.5054469566579302
grid_m3.00_29.25,1957-06-01,21.051901000000022,14.736238333333356,44.19589021244,1014.6147047916667,0.36762727120458333,0.47390337921416664
grid_m3.00_29.25,1957-07-01,21.2976885887097,11.527972661290343,0.11920928992,1014.0011994623657,0.5980085966512098,0.7494148443942205
grid_m3.00_29.25,1957-08-01,22.542050241935506,8.710144677419377,0.4210472159,1013.0132677419356,0.7584399569153225,0.8170112690967742
grid_m3.00_29.25,1957-09-01,23.971323097222243,9.239019847222245,6.75487513436,1011.4445549305556,1.1252819272618888,0.7968135630725
grid_m3.00_29.25,1957-10-01,23.07902557795701,12.629392284946258,10.0369454113,1011.4506209005376,0.6806802549509409,0.3906732971617608
grid_m3.00_29.25,1957-11-01,22.673140555555577,13.465712305555575,12.42017737512,1011.4403298611111,0.4536360489305556,0.4391461702047222
grid_m3.00_29.25,1957-12-01,21.81018919354841,14.83532604838712,56.79178229846,1011.8983504032258,0.3729210651415323,0.24216067518870965
grid_m3.00_29.25,1958-01-01,22.53419806451615,16.222177701612928,54.64243914562,1011.2300932123655,0.34471645071868284,0.1928917870217742
grid_m3.00_29.25,1958-02-01,22.1762529761905,15.472665312500023,64.15677075872,1012.471870982143,0.27474739468348214,-0.040756043695089283
grid_m3.00_29.25,1958-03-01,22.251297392473138,15.40440848118282,54.4586179017,1011.7998295698925,0.11907881023857526,0.28406479612759405
grid_m3.00_29.25,1958-04-01,22.373686763888912,15.568967250000021,67.71206856908,1011.3675688194444,0.17278770863222223,0.47822068566314857
grid_m3.00_29.25,1958-05-01,21.520364099462387,15.52605732526884,149.07622338482,1013.6512125,0.3178490880950403,0.5553346680881855
grid_m3.00_29.25,1958-06-01,21.218277513888914,12.563393902777802,1.7347335831000001,1014.5256535416667,0.5856552555527472,0.6394311315736111
grid_m3.00_29.25,1958-07-01,21.622906330645183,11.060357567204322,0.88739394852,1013.6066972446237,0.1486293835875,0.7662868259879032
grid_m3.00_29.25,1958-08-01,22.088509408602174,10.850869301075292,2.83384323702,1013.0653911962365,0.6134949339110215,0.6532499408588709
grid_m3.00_29.25,1958-09-01,23.494423722222244,9.829855597222245,7.20191001956,1011.6606277083333,0.5927466915902777,0.4980973767611111
grid_m3.00_29.25,1958-10-01,24.04148918010755,9.759248077957013,4.84848025248,1011.3125343413978,0.6729817541303763,0.5730496523188172
grid_m3.00_29.25,1958-11-01,22.945888777777803,12.810397083333356,21.38447748674,1011.1134331944444,0.45563986251131244,0.4739950408751389
grid_m3.00_29.25,1958-12-01,21.63054661290325,15.198034623655936,132.52091434494,1012.2509967741935,0.11052351501041667,0.16856243452741934
grid_m3.00_29.25,1959-01-01,22.009370900537657,15.59426407258067,33.7340831787,1011.3884318548387,0.35488658898617065,0.006955094779435484
grid_m3.00_29.25,1959-02-01,21.95362480654764,15.298177738095262,59.78107452426,1011.7214067708334,0.3530997088090774,-0.06706367202782738
grid_m3.00_29.25,1959-03-01,22.187657123655935,15.81341989247314,35.09402281636,1011.7399398521507,0.3406594025028226,-0.027181143647043007
grid_m3.00_29.25,1959-04-01,21.9427985277778,15.998217444444466,59.53836431446,1011.2644814583334,0.15407979637379166,0.41862888334555554
grid_m3.00_29.25,1959-05-01,21.84580731182798,15.599693266129055,35.06159783894,1011.7370475806453,0.11101476692314785,0.24611723687688172
grid_m3.00_29.25,1959-06-01,21.50052101388891,13.229835625000023,1.0199546881800001,1013.6375784722221,0.6475058453140278,0.6957449806444445
grid_m3.00_29.25,1959-07-01,21.19456931451615,12.195868145161315,24.56068999256,1014.1959635752687,0.48834136172096776,0.7781467642647849
grid_m3.00_29.25,1959-08-01,21.96611182795701,11.952888655914,5.3176879686400005,1012.4929532930108,0.46641647188427415,0.7142237752768816
grid_m3.00_29.25,1959-09-01,22.153678805555575,12.860254388888912,8.81218910722,1011.9466947916667,0.5526617706504167,0.541188557745
grid_m3.00_29.25,1959-10-01,21.97400427419357,14.169438561827981,51.479101342,1012.1795254704301,0.45362061359462363,0.2030441490577957
grid_m3.00_29.25,1959-11-01,21.132306736111136,15.133223125000022,125.1206398739,1011.749586736111,0.3744062037597222,0.10047367946527777
grid_m3.00_29.25,1959-12-01,21.48174307795701,14.772638709677443,71.1126327996,1011.7732696908602,0.3507450515384408,0.2455120499080645
grid_m3.00_29.25,1960-01-01,21.52120442204303,15.08687598118282,35.13360010994,1012.1907182795699,0.1689596000185484,0.06161654422795699
grid_m3.00_29.25,1960-02-01,22.040651336206917,14.77063574712646,36.56148901778,1011.8945331178161,0.10854991393821839,0.3812157200545977
grid_m3.00_29.25,1960-03-01,21.27768911290325,15.2488322715054,88.48619494056,1011.5017920026883,0.042363401922311826,0.15126479417755376
grid_m3.00_29.25,1960-04-01,21.41541004166669,15.933182361111133,38.12289247126,1011.7514643055555,0.09658285811847223,0.4381966714412361
grid_m3.00_29.25,1960-05-01,22.270687043010778,14.327925658602174,7.9145430689000005,1012.5927127688171,0.28920803247701615,0.7226392031376344
grid_m3.00_29.25,1960-06-01,21.410870972222245,12.666987097222245,2.7062892736,1014.0538934027778,0.42460397110416664,0.8263497810920832
grid_m3.00_29.25,1960-07-01,20.937890739247337,11.871566236559161,0.6585121134,1014.3386414650537,0.3602751456988307,1.0310237585127688
grid_m3.00_29.25,1960-08-01,21.994837231182817,11.826066653225832,0.18262863072000002,1013.0514524193549,0.4084865192975806,0.8084995688880376
grid_m3.00_29.25,1960-09-01,22.274614736111136,12.146393638888913,16.46900173756,1012.4313159027777,0.6170231505834722,0.5905220480961111
grid_m3.00_29.25,1960-10-01,22.456679018817226,13.401757594086043,21.90732961648,1011.8116593413978,0.6363237156553763,0.44019565988287634
grid_m3.00_29.25,1960-11-01,22.2259712777778,13.790687472222245,13.79680638392,1012.1861420138889,0.3182007266933472,0.25560328142708333
grid_m3.00_29.25,1960-12-01,23.259378172043032,13.193780510752712,6.79421423334,1010.7487491263441,0.45319914082392476,0.4416611981756317
grid_m3.00_29.25,1961-01-01,23.355117446236584,12.550760994623678,7.66086580654,1010.8260578629032,0.4081012153387097,0.33489787207728494
grid_m3.00_29.25,1961-02-01,21.543239017857164,13.328695892857167,41.10360148616,1012.4509482142857,0.234641619903125,0.29075590744732144
grid_m3.00_29.25,1961-03-01,22.559534758064537,14.325068051075291,22.08924285414,1011.220280107527,0.2927732973264785,0.42809042152849464
grid_m3.00_29.25,1961-04-01,22.698534000000024,14.397612222222246,24.53279494014,1011.0935445138889,0.07981463611791667,0.47160377433569445
grid_m3.00_29.25,1961-05-01,23.26496276881723,13.02635861559142,5.14721871578,1012.5542316532258,0.1656851197538172,0.8209495668517474
grid_m3.00_29.25,1961-06-01,22.2883400277778,11.030049347222246,3.05008889308,1013.1401160416667,0.4763218139722778,0.9476097570109416
grid_m3.00_29.25,1961-07-01,20.99723428763443,11.835552795698947,17.85993582358,1013.9153647177419,0.5275752575477151,0.811114690064785
grid_m3.00_29.25,1961-08-01,21.409339825268837,11.442353185483894,17.18497268268,1013.8780801747312,0.5216196524452689,0.864759823797715
grid_m3.00_29.25,1961-09-01,22.696001638888912,10.778796944444467,13.73744003764,1011.937218888889,0.41572055980555556,0.6354543059125001
grid_m3.00_29.25,1961-10-01,22.456693884408626,11.241797190860236,18.31793778362,1011.2217104838709,0.3538945103275686,0.4196579104623656
grid_m3.00_29.25,1961-11-01,20.41296443055558,14.619852583333357,271.71707090766,1012.1177731944443,0.16554048263374999,-0.01488488447902778
grid_m3.00_29.25,1961-12-01,20.028872553763463,15.651126330645184,365.05460760234,1012.4497556451613,0.026820807062876345,-0.04997302646612903
grid_m3.00_29.25,1962-01-01,20.10492556451615,15.215755309139807,143.66078351546,1012.4793211021506,0.23890548908118278,-0.11776343782889784
grid_m3.00_29.25,1962-02-01,21.468879955357163,14.449611279761928,44.36111461702,1011.5175082589286,0.40612391158184524,0.2524325283947917
grid_m3.00_29.25,1962-03-01,20.78426676075271,15.234987768817227,68.2833193987,1011.4093434139784,0.19294724359744625,0.10533845954153226
grid_m3.00_29.25,1962-04-01,20.657948833333357,15.715479013888912,57.61551827858,1012.0799314583334,0.09946943859736111,0.3245586464151389
grid_m3.00_29.25,1962-05-01,19.999865362903247,15.444522110215075,315.422056958,1014.2015372311827,0.11135712546303764,0.4653626377876344
grid_m3.00_29.25,1962-06-01,19.64861991666669,13.30876591666669,44.15488240994,1013.8239890972222,0.5842096325784722,0.32309583070000003
grid_m3.00_29.25,1962-07-01,19.932894274193572,11.250075564516152,0.14257431116,1015.0122132392472,0.6178868391361022,0.3554200411639785
grid_m3.00_29.25,1962-08-01,20.158840551075293,12.895355174731204,21.6321944498,1014.1321052419355,0.5869915243662635,0.225852515568414
grid_m3.00_29.25,1962-09-01,21.611703569444465,11.566365180555577,4.00567057274,1012.8631295833334,0.6569927009209723,0.3362739988458333
grid_m3.00_29.25,1962-10-01,21.538884018817228,12.780575967741958,52.4950028765,1012.4358951612903,0.6896117229744625,0.23216360285618282
grid_m3.00_29.25,1962-11-01,20.641326736111132,13.67528629166669,55.75561511966,1011.6979482638889,0.6059735181313889,0.07160008682180555
grid_m3.00_29.25,1962-12-01,21.070595013440883,14.611070362903249,46.4582444523,1012.3367893145162,0.22492079545580645,0.24607502502553766
grid_m3.00_29.25,1963-01-01,19.746314139784968,15.020084489247335,258.8343631395,1012.2193961693548,0.1030774674766129,0.018386101352688176
grid_m3.00_29.25,1963-02-01,20.998058720238117,14.48902443452383,17.45200163676,1011.2592683779761,0.11667880660104167,0.09196372284464285
grid_m3.00_29.25,1963-03-01,20.664822540322604,14.765488911290346,67.51179684824,1012.6006999327958,0.1404324196641129,0.18186997847715053
grid_m3.00_29.25,1963-04-01,20.41630112500002,15.37821275000002,106.0190200848,1012.4201453472223,0.10957539940458333,0.23001711810305558
grid_m3.00_29.25,1963-05-01,20.6406935215054,15.771711505376366,54.58831795482,1013.505965860215,0.15963051876732529,0.4010297316177419
grid_m3.00_29.25,1963-06-01,20.383803458333357,12.427797708333355,1.65128708854,1014.9706854861112,0.5759333728283333,0.5014365503175
grid_m3.00_29.25,1963-07-01,21.234623924731206,10.235332110215078,0.05102157626,1013.7397104838709,0.7560578007294355,0.6068025111384409
grid_m3.00_29.25,1963-08-01,22.487650470430133,9.546697674731206,0.13637542702,1012.999902419355,0.6997770492455645,0.6479281363930107
grid_m3.00_29.25,1963-09-01,23.103933819444464,10.348074125000023,6.08634946922,1012.0596259722223,0.8616669330343056,0.5929397147444444
grid_m3.00_29.25,1963-10-01,23.062607016129057,11.27443548387099,9.70053677924,1011.7359919354839,0.5011521419563172,0.4297281708077957
grid_m3.00_29.25,1963-11-01,21.3541579027778,13.915928708333356,80.74712731316,1011.9382472222221,0.21896718338527776,0.19518580906944444
grid_m3.00_29.25,1963-12-01,20.57040611559142,14.80366299731185,156.3484664046,1012.5486125672044,0.23543866051182796,0.048282828221505376
grid_m3.00_29.25,1964-01-01,21.197603709677445,15.077946357526907,40.76194756686,1012.1165298387097,0.3845134240866936,0.23272596970927417
grid_m3.00_29.25,1964-02-01,20.999459468390828,14.946375991379332,110.09979259506,1011.6315369971264,0.1340841316764368,-0.03595596719626437
grid_m3.00_29.25,1964-03-01,21.897640188172065,14.995881666666689,23.82707600782,1012.3069050403226,0.15515977584798388,0.2154601727060484
grid_m3.00_29.25,1964-04-01,21.31296568055558,15.510119458333357,70.37544251704,1012.7392030555555,0.01182115314640278,0.3419213951798611
grid_m3.00_29.25,1964-05-01,20.696721868279592,14.192720752688196,17.9018972984,1014.9242982526882,0.281947970382957,0.46475566906182797
grid_m3.00_29.25,1964-06-01,20.949122069444467,12.973338986111134,6.95753098182,1014.5061574305555,0.30637065011213055,0.4230516868694444
grid_m3.00_29.25,1964-07-01,20.83175673387099,11.371546881720452,0.90432167638,1015.2669722446236,0.2922437322307796,0.4428146604025538
grid_m3.00_29.25,1964-08-01,21.22086091397852,10.291710053763463,1.38974191126,1014.0726265456989,0.5626545767112244,0.6894329870846775
grid_m3.00_29.25,1964-09-01,21.00716579166669,12.126932277777799,23.561000736,1013.284661875,0.6308971615922222,0.4129546072626389
grid_m3.00_29.25,1964-10-01,20.554968790322604,12.817835215053789,71.12407672334,1012.6191911290322,0.7383430807829301,0.21405486555040323
grid_m3.00_29.25,1964-11-01,20.859404236111136,12.9595069027778,38.55752946536,1012.3303859027778,0.6163956881758333,0.14690867493819446
grid_m3.00_29.25,1964-12-01,20.860418266129056,12.509887728494643,17.18521123002,1011.0165967069892,0.3481125380605739,0.2233555084892473
grid_m3.00_29.25,1965-01-01,21.632499959677443,13.371982688172064,47.46556278324,1011.0293073924731,0.23466442189865594,0.2825697006063172
grid_m3.00_29.25,1965-02-01,22.098758511904787,12.845524092261929,39.54052912788,1010.8255585565477,0.24954312176994048,0.11481180546800596
grid_m3.00_29.25,1965-03-01,21.94824662634411,13.659026196236582,110.2228168279,1012.4807270833334,0.10737287924610216,0.37698620688534945
grid_m3.00_29.25,1965-04-01,20.534004152777797,15.045838208333357,106.53471903602001,1013.0829356944444,0.06165796899618055,0.23724515666472223
grid_m3.00_29.25,1965-05-01,20.3631323387097,14.763609516129055,49.17097093278,1014.6971499327957,0.20188042456802419,0.44462683674368275
grid_m3.00_29.25,1965-06-01,20.40372579166669,10.626578361111134,0.19598007532000003,1016.0224808333334,0.4959319636819444,0.4673736836652778
grid_m3.00_29.25,1965-07-01,20.84300130376346,11.770621411290344,8.91494758012,1015.922763172043,0.5079029247178763,0.4448539790163979
grid_m3.00_29.25,1965-08-01,21.763847446236582,9.94554420698927,0.7758140613000001,1013.6448657258064,0.8855272525428765,0.6168339717889786
grid_m3.00_29.25,1965-09-01,22.101746277777803,10.776271722222244,9.62853432894,1012.8343433333333,0.8766175739881945,0.5637331855536111
grid_m3.00_29.25,1965-10-01,22.626325846774215,11.44438173387099,20.19548423922,1012.1978225806453,0.6507314466558871,0.45122091227284944
grid_m3.00_29.25,1965-11-01,22.153177263888914,12.537049416666688,9.56940650732,1012.1883563194444,0.39471349233902775,0.30323905881249996
grid_m3.00_29.25,1965-12-01,21.300552715053787,14.187017096774218,87.1925353618,1012.3711344758065,0.2313847894784946,0.10155187374166666
grid_m3.00_29.25,1966-01-01,22.010408830645183,13.483601438172064,12.7136707814,1012.4058479166667,0.24279165734245967,0.4045286894736559
grid_m3.00_29.25,1966-02-01,22.34127309523812,14.051903809523832,49.33571822488,1011.9545046875,0.20333753549322917,0.0716879933720238
grid_m3.00_29.25,1966-03-01,21.430147096774217,14.835735000000023,118.5917854608,1012.8783830645161,0.11942250304341398,0.23616239050102147
grid_m3.00_29.25,1966-04-01,21.103922083333355,14.936672750000023,59.73815885056,1013.4242938194445,0.16480965100472222,0.40997084941055556
grid_m3.00_29.25,1966-05-01,21.589505201612926,13.745873413978519,7.2429180199,1014.4584246639786,0.264046453597043,0.5941103729563172
grid_m3.00_29.25,1966-06-01,21.463812583333358,11.353587861111132,2.78949736202,1015.7821178472223,0.4300662276055555,0.7059192671691666
grid_m3.00_29.25,1966-07-01,22.742268817204327,9.638393091397873,0.3089904829,1014.8076447580645,0.32495919025000003,0.8466587521702553
grid_m3.00_29.25,1966-08-01,22.57311799731185,10.232502150537657,40.45438769332,1013.5127955645161,0.630078838896371,0.5881559917533602
grid_m3.00_29.25,1966-09-01,21.4934230277778,12.363928805555577,29.31070339482,1013.2354745833333,0.5900015307454167,0.34693323173125
grid_m3.00_29.25,1966-10-01,22.68406168010755,10.806423131720454,11.45625116928,1011.7018170026882,0.4730506405041667,0.5053993746122312
grid_m3.00_29.25,1966-11-01,21.763464611111132,13.369933555555578,50.28223988964,1011.3444355555556,0.5015838455672222,0.28258290122333335
grid_m3.00_29.25,1966-12-01,22.47630104838712,12.467697096774216,11.16180423816,1009.8614772849462,0.45753282153615593,0.29913510560483875
grid_m3.00_29.25,1967-01-01,23.895901491935508,11.17039659946239,2.4344921096800003,1010.0023891129032,0.40673324827231183,0.4646485638201613
grid_m3.00_29.25,1967-02-01,23.75400461309526,12.176308898809546,9.05323031012,1010.1506703869047,0.217356390415625,0.5131207886242559
grid_m3.00_29.25,1967-03-01,22.63785815860217,14.613543387096797,50.64201334558,1010.4597386424732,0.20981384622051075,0.26015827259005375
grid_m3.00_29.25,1967-04-01,21.869296833333355,15.045045680555578,107.4187755192,1011.657498263889,-0.03405340835430555,0.35279707082430556
grid_m3.00_29.25,1967-05-01,20.752116478494646,15.762930120967765,119.23217728244,1013.9832107526881,0.024203742250537633,0.4317636321396506
grid_m3.00_29.25,1967-06-01,20.548704236111135,13.205515194444466,11.05761521478,1014.4551163194444,0.4032718071283333,0.5659794553477777
grid_m3.00_29.25,1967-07-01,20.808363857526906,12.383243870967764,10.43868069852,1014.8024978494624,0.34067853924543007,0.7746973143639785
grid_m3.00_29.25,1967-08-01,22.12639513440862,9.799481223118303,0.036239624279999993,1014.2256155913979,0.7629724753848118,1.0185955813965053
grid_m3.00_29.25,1967-09-01,22.251997750000022,11.455219083333358,39.23916809472,1013.2752016666667,0.6082379376644445,0.6229078409709723
grid_m3.00_29.25,1967-10-01,22.146895053763465,12.469175134408625,20.931005526139998,1012.222891733871,0.4443650190208333,0.3918008508091398
grid_m3.00_29.25,1967-11-01,22.074200986111133,13.448424638888913,38.58709333718,1011.5926013888889,0.17357466860333334,0.35161276967916666
grid_m3.00_29.25,1967-12-01,21.62764665322583,15.299018198924752,76.52521156232,1012.7602190188171,0.07268572442768817,0.21535850847311827
grid_m3.00_29.25,1968-01-01,21.592957849462387,14.490624045698949,135.00428179646,1011.6582060483871,0.25804419896975805,0.15960035132405914
grid_m3.00_29.25,1968-02-01,21.04897617816094,15.423191192528758,234.03000824044,1011.9351042385058,0.09057757056923707,0.23877707255172415
grid_m3.00_29.25,1968-03-01,20.476992123655936,15.348877069892497,132.42101644706,1012.4149565860216,0.004847311712365592,-0.08873402186424732
grid_m3.00_29.25,1968-04-01,20.61456641666669,16.119654000000022,168.42794404472,1012.7972170138888,-0.032557615122,0.26339758962777776
grid_m3.00_29.25,1968-05-01,20.268984301075292,15.056862594086045,41.81265838756,1013.5713329973119,0.13281075659919356,0.38624144461935483
grid_m3.00_29.25,1968-06-01,19.977259708333357,13.693173361111134,30.34472463896,1014.8961101388888,0.3942489196820833,0.5219217944044444
grid_m3.00_29.25,1968-07-01,20.1393209543011,12.250191975806475,1.05857849558,1015.3824305107527,0.32931339101469087,0.6757667240241936
grid_m3.00_29.25,1968-08-01,21.37096052419357,11.01243744623658,0.00143051146,1013.8486264784946,0.6851687605645161,0.840704812290457
grid_m3.00_29.25,1968-09-01,22.473105972222246,10.647668319444467,1.87921523508,1012.5912604861112,0.8816511143768055,0.587841224675
grid_m3.00_29.25,1968-10-01,23.125492513440882,11.72083986559142,8.30841062116,1011.7031800403226,0.5854644976942204,0.3948133117020161
grid_m3.00_29.25,1968-11-01,21.236563902777803,13.733168597222246,57.87658675676,1012.2816664583332,0.4120078623202778,0.3814747500268056
grid_m3.00_29.25,1968-12-01,21.520797553763465,14.143879663978518,63.253402841159996,1012.3138411962366,0.32096350120008066,0.15359478563626344
grid_m3.00_29.25,1969-01-01,21.89090557795701,14.3308310215054,88.19222487706,1010.751977016129,0.21425062668830647,0.23197427517715052
grid_m3.00_29.25,1969-02-01,20.98341279761907,15.460982142857166,81.64715774996,1011.5391799107142,0.2242912795075,0.14019834835446426
grid_m3.00_29.25,1969-03-01,21.407974005376367,15.890120900537658,77.23951324404,1011.7953132392473,0.3197410138795699,0.19921567588803765
grid_m3.00_29.25,1969-04-01,22.13345106944447,15.459569930555578,19.07444006152,1011.632700486111,0.3166491402390278,0.521896429701111
grid_m3.00_29.25,1969-05-01,21.040119045698948,15.431082782258086,81.15983009622,1013.4878079301075,0.23224106653817203,0.5259887329247313
grid_m3.00_29.25,1969-06-01,21.31835891666669,12.377041291666687,0.5841255174,1014.1202936111112,0.4179199426275,0.7860845561954166
grid_m3.00_29.25,1969-07-01,21.340333225806475,10.97938486559142,0.0019073486,1014.7889859543011,0.5536448924481183,1.0116052137789127
grid_m3.00_29.25,1969-08-01,21.793431250000022,10.414123857526905,0.31042099146,1012.8383043010753,0.9775525595,0.8957484636395162
grid_m3.00_29.25,1969-09-01,22.678747833333357,11.71334204166669,14.22357552016,1011.926905138889,0.6146293006361111,0.5857947647041667
grid_m3.00_29.25,1969-10-01,23.383149314516153,11.401369771505397,8.13722611714,1010.8882165322582,0.5041884766741935,0.4017003370505511
grid_m3.00_29.25,1969-11-01,22.273072750000022,12.949853541666688,34.21950345298,1011.7805889583334,0.27623784256654305,0.3527647869243056
grid_m3.00_29.25,1969-12-01,23.516664489247333,12.873425819892496,5.78737259516,1011.5467670698924,0.2275468169452957,0.4546949934647849
grid_m3.00_29.25,1970-01-01,21.452734005376367,15.110751814516153,141.61586796322,1012.9169443548387,0.058469649575,0.10707763066249999
grid_m3.00_29.25,1970-02-01,22.493516011904788,15.545967351190498,52.6225569089,1011.6256436755953,0.1632549649894345,0.28821097199300594
grid_m3.00_29.25,1970-03-01,21.51073034946239,15.915779005376367,191.11681038636,1011.7846354838709,0.010661443166995969,0.12785928080067205
grid_m3.00_29.25,1970-04-01,21.070258500000023,16.548767333333355,109.39145105598,1012.6696607638889,0.02335407072663611,0.3286213985892681
grid_m3.00_29.25,1970-05-01,20.680920887096796,15.213443333333355,27.56881729816,1013.3488848790323,0.26599117054811827,0.36541127328104844
grid_m3.00_29.25,1970-06-01,20.744374222222245,13.2039522777778,1.28459929154,1014.6973687499999,0.5541729405476389,0.720015823871986
grid_m3.00_29.25,1970-07-01,20.702478279569917,11.782560147849486,0.0035762786600000004,1014.4476045026881,0.5533330362896506,0.7577794328172043
grid_m3.00_29.25,1970-08-01,21.51880104838712,11.616560228494647,1.06382369974,1012.8211672043011,0.7865674408423388,0.7691729792348119
grid_m3.00_29.25,1970-09-01,22.924314222222247,9.7039101527778,5.45024874866,1011.1939804166667,0.7715894279361111,0.6682935936645833
grid_m3.00_29.25,1970-10-01,22.65002913978497,11.743223481182818,14.66798788642,1010.9482757392473,0.7043809677171746,0.4839461527369624
grid_m3.00_29.25,1970-11-01,21.983254930555578,13.689008375000023,44.93951806702,1011.4088579861111,0.4062399116004722,0.21021654417875
grid_m3.00_29.25,1970-12-01,21.743012620967765,13.747535685483893,50.14991771242,1011.8948954973117,0.3196028736799731,0.30083659455954304
grid_m3.00_29.25,1971-01-01,21.51591814516131,13.80065412634411,36.28110880044,1011.1945797715053,0.2558133927674731,0.12340976175524193
grid_m3.00_29.25,1971-02-01,22.687886592261926,12.546881577380976,10.96010210254,1010.1161329613094,0.18993148245223215,0.26381923154613096
grid_m3.00_29.25,1971-03-01,22.90050560483873,12.897205241935508,9.14573667272,1010.4525593413979,0.08328870554405914,0.617489947230914
grid_m3.00_29.25,1971-04-01,21.32322216666669,15.27607529166669,137.21322967606,1011.9226215972222,-0.05481037517816667,0.3755728519954167
grid_m3.00_29.25,1971-05-01,20.6189600403226,15.102980604838733,58.81834040202,1013.0698665322581,0.1962346853173387,0.4902709932774865
grid_m3.00_29.25,1971-06-01,20.696751194444467,12.438795375000023,5.88989256402,1014.4997659027779,0.46753972349805556,0.8393052449277778
grid_m3.00_29.25,1971-07-01,21.436392822580668,11.021422002688196,0.4596710195,1013.8353308467742,0.5384733338487365,1.014598343044758
grid_m3.00_29.25,1971-08-01,22.093188293010776,9.819201733870992,3.9205551427599996,1012.6388700268817,0.48677102773918013,0.860319855575457
grid_m3.00_29.25,1971-09-01,22.30712911111113,11.357655472222245,12.6476288159,1012.3888315277777,0.5100323362975973,0.5639455524461945
grid_m3.00_29.25,1971-10-01,22.722562876344107,11.520556411290345,14.72401611508,1012.156784610215,0.31060585924506723,0.48774208836424726
grid_m3.00_29.25,1971-11-01,21.381159986111133,13.659372805555579,156.16202367804,1012.1472156250001,0.3467519760806944,0.1777524526544722
grid_m3.00_29.25,1971-12-01,20.399110161290345,13.778006451612924,142.96388659246,1012.6893073252688,0.3247393580686828,0.002730932591801076
grid_m3.00_29.25,1972-01-01,20.856638158602173,14.202164153225828,74.88274549768,1010.8820710349462,0.28956698402500003,0.19156135991666667
grid_m3.00_29.25,1972-02-01,20.686610977011515,14.98186982758623,87.64028535118,1011.5611549568966,0.08086932491106322,0.057439408964224135
grid_m3.00_29.25,1972-03-01,20.801420147849484,15.076664973118303,61.3961221039,1011.393527889785,0.1796735330013441,0.2783351409814516
grid_m3.00_29.25,1972-04-01,20.907516611111134,15.125898569444466,63.68923207386,1011.7181889583334,0.11338449526309723,0.4483905469959722
grid_m3.00_29.25,1972-05-01,20.830859556451635,15.148426854838732,26.17502217624,1013.0145212365592,0.13529697467276075,0.5700699991161963
grid_m3.00_29.25,1972-06-01,20.102332194444468,14.495396541666691,110.32724408412,1014.2463066666667,0.17803482473958335,0.37568437667416665
grid_m3.00_29.25,1972-07-01,20.502031465053786,12.431505309139807,0.21314620950000002,1014.3587357526882,0.5973301346276882,0.754761951927957
grid_m3.00_29.25,1972-08-01,21.083892620967763,11.993515241935505,29.2410851446,1012.8407487231183,0.5618847667787634,0.721397206844086
grid_m3.00_29.25,1972-09-01,22.041318097222245,12.366976791666689,7.15088841628,1012.5954877083334,0.5047808114309167,0.32706862545555554
grid_m3.00_29.25,1972-10-01,21.61382172043013,14.416662580645184,133.49437703394,1012.2762413978494,0.3388892354652957,0.14422162422446236
grid_m3.00_29.25,1972-11-01,20.796912083333357,15.370725291666691,116.18161128574,1012.8131354861112,0.2386952084513889,0.0869622581295361
grid_m3.00_29.25,1972-12-01,21.03753223118282,15.337930188172065,76.36713976618,1012.8200858198925,0.23204470651008063,0.1842415711780914
grid_m3.00_29.25,1973-01-01,21.644287405914003,15.441387204301098,128.45087023036,1013.092255107527,0.25079016796129033,0.08934796243313171
grid_m3.00_29.25,1973-02-01,22.616058392857166,15.500365788690498,34.135818327,1011.6685023809524,0.15408901360113095,0.1701970314032738
grid_m3.00_29.25,1973-03-01,23.48506534946239,14.109599623655937,8.795738169,1011.2243545698925,0.16264839539283601,0.4918881900657258
grid_m3.00_29.25,1973-04-01,22.349808763888912,14.971354708333358,22.1226215409,1011.765574513889,-0.008322037849027778,0.7276452945351389
grid_m3.00_29.25,1973-05-01,21.708008252688195,14.433902298387121,15.26713371078,1013.0649231854838,0.12581933961017472,0.6593178519737903
grid_m3.00_29.25,1973-06-01,21.62795563888891,12.680159319444467,5.84030151132,1013.8878924305556,0.3571574559493056,1.0073194079020833
grid_m3.00_29.25,1973-07-01,21.43038797043013,11.35292794354841,6.57176970478,1014.072529233871,0.2612816291098118,0.9469567972715054
grid_m3.00_29.25,1973-08-01,21.93868116935486,10.962202634408625,0.29373168948,1013.2512948924731,0.5722153170004032,0.9317170086100807
grid_m3.00_29.25,1973-09-01,22.6398302777778,11.71582241666669,18.72920990434,1012.143385486111,0.4454900105068333,0.48879298931013887
grid_m3.00_29.25,1973-10-01,22.745734610215074,12.358228682795723,16.15667353652,1010.4426793682796,0.4628973108840054,0.4154777335282258
grid_m3.00_29.25,1973-11-01,21.946010125000022,14.3311006527778,65.89913380284,1012.321508888889,0.2219034620363889,0.2293947214617361
grid_m3.00_29.25,1973-12-01,22.178839274193567,13.397522809139808,27.8854369692,1011.7058772177419,0.24532844137997314,0.3565461029038979
grid_m3.00_29.25,1974-01-01,22.126739112903252,12.886792728494644,21.48461342742,1011.0497190860216,0.14783672644708334,0.3938204628444893
grid_m3.00_29.25,1974-02-01,23.724406815476215,11.400291636904784,8.32295415658,1009.4461343005952,0.21730009777712797,0.36184828677291664
grid_m3.00_29.25,1974-03-01,22.277323024193574,14.029511263440885,119.19355394904,1010.4621817876344,0.141250553990457,0.449203055891129
grid_m3.00_29.25,1974-04-01,20.724404180555577,16.164530486111136,66.86234465424,1012.0979046527779,-0.026111136847430553,0.34456590323999997
grid_m3.00_29.25,1974-05-01,20.30776420698927,15.822383198924756,388.81397178248,1013.2490359543011,0.06063565921680107,0.4424613975526613
grid_m3.00_29.25,1974-06-01,19.96482531944447,14.48530250000002,40.51041592728,1013.3050874305555,0.3573845466911111,0.48423870870472224
grid_m3.00_29.25,1974-07-01,19.186372016129056,13.083589905914,12.07709312784,1015.0415294354839,0.4272892857419355,0.6615024702491935
grid_m3.00_29.25,1974-08-01,21.420186935483894,11.076134637096796,0.03838539096,1012.5170274865592,0.5476599245432123,0.7207825715065861
grid_m3.00_29.25,1974-09-01,21.89895354166669,10.429809375000023,7.60030743932,1011.5760404166667,0.6992883688713889,0.6208931401
grid_m3.00_29.25,1974-10-01,22.06885146505379,12.279309274193572,22.86052709698,1010.9912057123655,0.6761746767385752,0.3861437023857527
grid_m3.00_29.25,1974-11-01,21.34544630555558,13.839277402777801,55.72843563694,1011.6942273611111,0.44178856725825,0.24113888111805556
grid_m3.00_29.25,1974-12-01,22.445029005376366,12.479587123655937,4.44126129118,1011.1779181451612,0.2806400092888441,0.3970873224426075
grid_m3.00_29.25,1975-01-01,21.966740188172064,13.271956962365612,48.68698117972,1011.9001809139785,0.2292186991970027,0.31080475621061826
grid_m3.00_29.25,1975-02-01,23.28386416666669,12.412923645833356,12.69435885694,1010.747150595238,0.22760851572142857,0.33155028113811164
grid_m3.00_29.25,1975-03-01,21.908473924731204,14.256471021505398,47.581910997899996,1011.27756827957,0.11809820678212367,0.35832335332392473
grid_m3.00_29.25,1975-04-01,21.715081125000022,14.856898861111134,24.4150162709,1011.244855138889,0.0028072777572222215,0.6009201780769862
grid_m3.00_29.25,1975-05-01,21.510972674731203,14.050316545698948,26.92675594564,1012.0699603494623,0.2475920241455645,0.6855848385393145
grid_m3.00_29.25,1975-06-01,20.99898291666669,12.236191263888912,4.3787956348,1014.2534743750001,0.3061770336636111,0.9235373214291667
grid_m3.00_29.25,1975-07-01,21.195516075268838,10.993755147849486,9.99593733306,1013.2437331989248,0.279681626425,0.834219814750672
grid_m3.00_29.25,1975-08-01,21.98140118279572,10.348092459677442,0.82731246538,1012.8474649193548,0.39241768233521507,1.0212281361626345
grid_m3.00_29.25,1975-09-01,21.620111861111134,12.462899125000023,27.8463361681,1012.3694072916667,0.3601502952405556,0.46749837641388886
grid_m3.00_29.25,1975-10-01,21.1768387231183,13.962749489247335,85.87312697044,1011.9679575268818,0.3349504774983871,0.29058835937459676
grid_m3.00_29.25,1975-11-01,21.359930736111135,12.6042924027778,12.82501220378,1011.1445852083333,0.5670833642473612,0.2645914490361111
grid_m3.00_29.25,1975-12-01,21.082535094086044,14.356094408602173,133.95738630622,1011.5781442204302,0.244088495582957,0.2149273660935484
grid_m3.00_29.25,1976-01-01,21.897985819892494,13.71142599462368,46.29325875408,1010.5098609543011,0.3102951533041666,0.4892451385038979
grid_m3.00_29.25,1976-02-01,20.940159798850598,14.341507873563241,66.40791887736,1010.6725867097701,0.10765957684568965,0.31511628509382184
grid_m3.00_29.25,1976-03-01,22.52103288978497,13.780067755376365,37.79172887856,1009.9777581317204,0.08538623568897849,0.48970482990994624
grid_m3.00_29.25,1976-04-01,21.41890588888891,15.058195027777801,46.54240617674,1011.9599413194445,-0.0534696368214861,0.4907844982123611
grid_m3.00_29.25,1976-05-01,21.357438951612927,14.961812580645184,160.79020525562,1013.6635454301074,-0.0445231776945336,0.7559749846409543
grid_m3.00_29.25,1976-06-01,20.00812243055558,12.968303819444468,2.13623046708,1014.2916289583334,0.33256871974708335,0.6763643243951389
grid_m3.00_29.25,1976-07-01,21.045946088709698,10.58918559139787,0.17976760812,1014.7042016129031,0.23263341520739247,0.7711516785223118
grid_m3.00_29.25,1976-08-01,21.655902110215074,10.86451598118282,1.7623901318,1013.4247648521506,0.5396225860735215,0.793793050965457
grid_m3.00_29.25,1976-09-01,22.978866972222246,10.882570597222246,11.04593275496,1012.5659259027777,0.6328788421006944,0.6620155969927917
grid_m3.00_29.25,1976-10-01,22.517683454301096,13.267483776881742,20.4772949354,1011.0886735215053,0.4672560326127688,0.42234299641357526
grid_m3.00_29.25,1976-11-01,22.26746504166669,13.063417972222245,14.356613210059999,1011.3355354166667,0.32846310939654166,0.24725822874625003
grid_m3.00_29.25,1976-12-01,22.891780080645184,12.956242002688194,17.26675033762,1010.6228678091397,0.361322194325,0.40605292815456984
grid_m3.00_29.25,1977-01-01,21.746507809139807,14.998651922043033,98.51312628998001,1011.5022610215054,0.31152093506012096,0.11139256475717742
grid_m3.00_29.25,1977-02-01,21.776433229166688,14.592389702380975,48.19154735352,1012.0999244047619,0.22300064035907738,0.02251888569186012
grid_m3.00_29.25,1977-03-01,22.098703817204324,14.623084650537658,27.51588817462,1011.712591061828,0.19466356598373927,0.4149215451752285
grid_m3.00_29.25,1977-04-01,21.5501747777778,16.333119375000024,117.4108977603,1011.8563326388888,-0.10136996387916666,0.2955532468195986
grid_m3.00_29.25,1977-05-01,21.492647526881743,14.858024973118303,26.7090796892,1013.1014819892473,0.19306449480388577,0.5825048233149194
grid_m3.00_29.25,1977-06-01,21.488278125000022,12.323937208333357,3.45420835474,1013.5457047222222,0.3988588547747222,0.8105644628097223
grid_m3.00_29.25,1977-07-01,21.926330309139807,11.050561411290346,0.0190734858,1013.3897151881721,0.29895878899377687,0.853590955513172
grid_m3.00_29.25,1977-08-01,22.726322715053787,10.147025712365613,2.27642059216,1012.7791100134408,0.5980410011141128,0.821518380500672
grid_m3.00_29.25,1977-09-01,23.416698583333357,11.246332305555578,13.51451880244,1011.9430647916666,0.5762014125004167,0.6372082823693056
grid_m3.00_29.25,1977-10-01,23.337430645161316,12.537161975806475,15.1648521888,1011.6266401209677,0.6765451314783602,0.40033910495510755
grid_m3.00_29.25,1977-11-01,21.4319819027778,14.812343388888912,73.78149014464,1012.5988602083333,0.23542822818833334,0.19406748896208334
grid_m3.00_29.25,1977-12-01,21.524701411290344,15.174924462365613,144.44875625004,1012.6158288306452,0.18485571765255376,0.21994024717419355
grid_m3.00_29.25,1978-01-01,21.800225026881744,14.889262217741958,46.27490023918,1012.7981024193548,0.3270063091969086,0.13029773146034948
grid_m3.00_29.25,1978-02-01,22.05425785714288,15.35952104166669,114.42112927316,1012.3342645833334,0.14730262745029762,0.3059552510254464
grid_m3.00_29.25,1978-03-01,20.903648198924756,16.064940806451634,235.6672280659,1012.2808817204301,0.013141816912096772,0.003196348080510751
grid_m3.00_29.25,1978-04-01,20.80093980555558,16.015623152777803,67.13294973388,1011.8749552083333,0.11472922348979166,0.3504262888986111
grid_m3.00_29.25,1978-05-01,20.703036438172067,15.113159314516151,69.48828696466,1013.4802327284947,0.40027981435645166,0.628825729932258
grid_m3.00_29.25,1978-06-01,20.517467694444466,13.24910638888891,4.59742545898,1014.5561022916667,0.44060717720243053,0.7378718206625
grid_m3.00_29.25,1978-07-01,21.233757634408626,11.104705873655938,0.19025802622000001,1013.6021866935484,0.2775170307627688,0.883037608782258
grid_m3.00_29.25,1978-08-01,22.21758788978497,10.607971478494646,0.37431716881999993,1013.2319079973119,0.5184868833221774,0.734989937001344
grid_m3.00_29.25,1978-09-01,22.872954180555578,10.553086958333356,10.40053360962,1012.1832879166667,0.6981724628880556,0.5643178197402778
grid_m3.00_29.25,1978-10-01,22.42845426075271,12.861074354838731,22.26090428262,1011.4952781586022,0.5883286179862903,0.3255144769814113
grid_m3.00_29.25,1978-11-01,21.311047152777803,14.4774846527778,151.50094152166,1012.6839756944445,0.26032392680819444,0.2688579756555556
grid_m3.00_29.25,1978-12-01,21.25378540322583,15.794190631720454,113.75570297398001,1012.3280561155914,0.21037809195456988,0.10289190205510752
grid_m3.00_29.25,1979-01-01,20.898875833333356,15.444528293010775,24.02830133088,1011.7997484543012,0.32753991497715057,0.19718205060228494
grid_m3.00_29.25,1979-02-01,21.36799373511907,15.822994553571451,97.95832627322,1011.9922976190477,0.02528254114110119,-0.008648326581994051
grid_m3.00_29.25,1979-03-01,21.53360229838712,15.637770793010777,28.1944274678,1011.6379174731183,0.3230805956172715,0.22957168182930107
grid_m3.00_29.25,1979-04-01,21.1925846527778,16.495509250000023,93.42312848326,1012.1734203472223,0.04856363970736111,0.3267563087523611
grid_m3.00_29.25,1979-05-01,20.885910362903246,16.05377596774196,200.43802301911998,1013.9541758064516,0.35362861022674735,0.5967121318553764
grid_m3.00_29.25,1979-06-01,20.5160602777778,13.8718615277778,3.6497116088,1015.1245322916667,0.2679996694279167,0.8070160983763889
grid_m3.00_29.25,1979-07-01,21.085055134408623,11.68216610215056,0.13875961422,1015.4492963709678,0.5167314669831989,0.8558630953237903
grid_m3.00_29.25,1979-08-01,22.289616088709703,11.34378231182798,0.09155273076,1012.270729233871,0.8132446811037634,0.8120899191209677
grid_m3.00_29.25,1979-09-01,23.541875986111133,8.93882354166669,0.11634826862,1011.7335641666666,1.10152121510375,0.8368772157055555
grid_m3.00_29.25,1979-10-01,22.803727970430128,12.303201465053787,17.37213142856,1011.7711685483871,0.7197800393114246,0.39399142943010756
grid_m3.00_29.25,1979-11-01,22.47028041666669,13.256503347222244,12.03203192554,1011.1481098611112,0.4611720009177222,0.2605876289708333
grid_m3.00_29.25,1979-12-01,22.4974112903226,13.609452352150559,45.36557189358,1012.6209372983872,0.29867342160080645,0.3972784898094355
grid_m3.00_29.25,1980-01-01,22.60272291666669,14.42514560483873,44.51346410294,1012.1531984543011,0.25815276663114245,0.39525690346120157
grid_m3.00_29.25,1980-02-01,22.471399956896573,14.544884152298874,24.230241778579998,1010.8353225574713,0.2642296316439655,0.4909642544428735
grid_m3.00_29.25,1980-03-01,23.292337056451636,13.922036290322604,30.52639964896,1011.2682170698926,0.19387415470524194,0.527904610122043
grid_m3.00_29.25,1980-04-01,22.461572847222246,15.34043113888891,45.91608056764,1011.7796345138888,0.04811547544402777,0.4359192532037222
grid_m3.00_29.25,1980-05-01,21.24830495967744,15.74841547043013,50.12345335924,1013.8284004032258,0.011086494280322582,0.6300981984274194
grid_m3.00_29.25,1980-06-01,21.80024654166669,13.065660277777802,10.20646095298,1014.6322731944445,0.39829949297368056,0.8740859785263889
grid_m3.00_29.25,1980-07-01,21.867455067204325,10.652026370967764,0.41913986302,1014.480695967742,0.5905312168635752,1.0861211208111559
grid_m3.00_29.25,1980-08-01,22.59155571236561,9.473694368279594,0.11587143000000001,1013.7091789650539,0.7052622758186828,1.0444483097642472
grid_m3.00_29.25,1980-09-01,23.074428013888912,11.614790986111133,38.81072985198,1012.7436186805555,0.5406100659147223,0.5464473499147222
grid_m3.00_29.25,1980-10-01,22.527955927419377,12.734663830645184,17.88711540178,1012.4657182123657,0.49233975898521504,0.5387956160013441
grid_m3.00_29.25,1980-11-01,21.640481541666688,14.025709111111135,68.79544276904,1012.4369529166667,0.30633536408125,0.23124989463319442
grid_m3.00_29.25,1980-12-01,22.10227177419357,14.103440147849485,25.432586640180002,1012.0125369623656,0.2636815138214919,0.42124065319879034
grid_m3.00_29.25,1981-01-01,23.36423099462368,12.74393555107529,7.21168517074,1012.0914018145161,0.30223901609771503,0.6070847471889785
grid_m3.00_29.25,1981-02-01,23.32649730654764,12.941444687500022,61.68889987674,1011.3682946428571,0.4060231843651786,0.4242085505657738
grid_m3.00_29.25,1981-03-01,22.079588172043035,15.004407741935507,45.49169536844,1011.8334547715053,0.010076379400940859,0.17776887188427418
grid_m3.00_29.25,1981-04-01,21.61329391666669,16.321138333333355,116.04380625154,1012.5789813194444,-0.06427790334575,0.3834024865736111
grid_m3.00_29.25,1981-05-01,20.736548857526905,16.015385645161317,147.43685737282,1013.7497860887097,0.15248253519905913,0.5443116340079301
grid_m3.00_29.25,1981-06-01,20.938557388888913,13.875888305555579,21.97003354374,1014.7032032638889,0.35764352731144444,0.6315580994972222
grid_m3.00_29.25,1981-07-01,21.028894408602174,12.338425766129053,5.35368916862,1014.0594713037634,0.3674561485752554,0.7529448919422043
grid_m3.00_29.25,1981-08-01,21.126023911290346,13.070783938172065,29.03008452388,1013.4521994623656,0.507822651767043,0.47944258971129033
grid_m3.00_29.25,1981-09-01,21.7884954027778,12.459723930555578,18.64075671226,1012.8029989583333,0.49402741260105554,0.37518381386527777
grid_m3.00_29.25,1981-10-01,22.209309784946257,13.88295290322583,28.17893025484,1012.1513977150537,0.4170859976153226,0.3671749497629032
grid_m3.00_29.25,1981-11-01,22.71296300000002,13.032939930555578,15.48004157962,1011.62958625,0.36183428702472226,0.32207582377125
grid_m3.00_29.25,1981-12-01,22.469162580645182,14.042360040322604,26.51786799328,1012.2520371639785,0.22487706594534945,0.5385038518857527
grid_m3.00_29.25,1982-01-01,23.279081787634432,13.264873682795722,19.5875167645,1011.3848444892473,0.23334898964898385,0.37516946702352155
grid_m3.00_29.25,1982-02-01,23.66548635416669,12.868649032738116,16.17264742292,1011.0213532738095,0.30083607018839287,0.2860421444380298
grid_m3.00_29.25,1982-03-01,23.741991263440884,13.640074408602173,17.41719250372,1010.9191230510753,0.141565208165457,0.6424400223231183
grid_m3.00_29.25,1982-04-01,21.812130694444466,15.821292027777801,63.13753128602,1012.3761288888888,-0.0045084426872222215,0.44377167983125
grid_m3.00_29.25,1982-05-01,21.32625098118282,15.796372822580668,152.49705396302,1013.4251202956989,0.17421301917674734,0.5981960491955646
grid_m3.00_29.25,1982-06-01,21.334050875000024,13.294522111111135,2.98047064838,1014.9764068055555,0.48670260531638887,0.7714834005893056
grid_m3.00_29.25,1982-07-01,21.421075739247335,11.049833440860239,0.56028366068,1014.4666855510752,0.5708422905087231,0.9460495570733871
grid_m3.00_29.25,1982-08-01,22.358483978494643,10.300701854838731,0.029087067,1013.6852150537635,0.8049895776030914,0.8866845839836021
grid_m3.00_29.25,1982-09-01,23.923724680555576,10.50982241666669,3.74984740596,1012.4945154166667,0.7008867260777778,0.8096252437430554
grid_m3.00_29.25,1982-10-01,22.665477661290346,12.47298475806454,14.53351976998,1012.0444049731183,0.3405588003043011,0.41930246954838707
grid_m3.00_29.25,1982-11-01,22.412571194444467,14.302038986111135,132.90286051688,1012.3290767361111,0.10786291824159723,0.31963407712291664
grid_m3.00_29.25,1982-12-01,21.98535116935486,15.438745322580669,32.38582605842,1012.6427285618279,0.26559240094905917,0.2482295889380914
grid_m3.00_29.25,1983-01-01,22.46155563172045,14.904703870967765,54.6166895338,1013.1471168010753,0.4417620697521909,0.23053659492069892
grid_m3.00_29.25,1983-02-01,23.732511056547644,14.853225669642882,23.282051008979998,1012.1047941220238,0.2204083267791503,0.4171812885988095
grid_m3.00_29.25,1983-03-01,23.745049731182817,15.413696276881742,26.57747274266,1011.9817549731183,0.06119430599788979,0.6478267366986156
grid_m3.00_29.25,1983-04-01,23.16516119444447,15.37550537500002,22.37129217698,1012.4446041666666,-0.02340388862611111,0.7398516327194444
grid_m3.00_29.25,1983-05-01,23.236867258064542,14.399501169354862,10.45203214434,1012.5072078629032,0.1498583103202016,0.8197265879422043
grid_m3.00_29.25,1983-06-01,22.852757541666694,12.221920194444467,4.42266461422,1013.7424588888888,0.2857994502091667,0.9149885606834721
grid_m3.00_29.25,1983-07-01,22.097635833333356,11.544504220430131,7.34925269656,1013.9928877688171,0.3800759268432796,0.8495131535369624
grid_m3.00_29.25,1983-08-01,22.17153415322583,12.872540645161312,8.18634029082,1014.4799829973117,0.3366402244795699,0.7311211431182796
grid_m3.00_29.25,1983-09-01,23.66459163888891,10.4811992777778,1.76572802938,1012.5600146527777,0.6486987648384722,0.8005671592044444
grid_m3.00_29.25,1983-10-01,22.204439610215076,13.695745080645183,28.36990368382,1012.7270075268816,0.3413696900026882,0.33312627311129034
grid_m3.00_29.25,1983-11-01,22.725911250000024,13.031519083333357,13.44275478666,1013.3889046527778,0.31908105649458335,0.2693344108138889
grid_m3.00_29.25,1983-12-01,22.458739502688193,13.336566451612926,31.58354756036,1012.8965297043011,0.2557550107990591,0.13534878162365593
grid_m3.00_29.25,1984-01-01,22.028712163978515,13.69275169354841,31.3148498869,1011.9883073924732,0.30975592582368283,0.08508566653360214
grid_m3.00_29.25,1984-02-01,23.442113146551748,12.643506839080484,11.57951352602,1010.1855692528735,0.21830942482643678,0.35243694304382184
grid_m3.00_29.25,1984-03-01,23.21046909946239,12.133713965053786,7.49659538116,1010.7266727150538,0.20442552469032257,0.6750077080174731
grid_m3.00_29.25,1984-04-01,22.37558466666669,13.893405472222245,39.49952134484,1011.9096982638888,0.04512034531799444,0.7599741599701945
grid_m3.00_29.25,1984-05-01,22.41337909946239,12.074287137096798,7.09223746674,1012.0861870967742,0.29641660024973115,0.9857473896119623
grid_m3.00_29.25,1984-06-01,21.94665662500002,10.653867833333356,1.5397071983000001,1014.2062452083334,0.5350868012288889,1.0724956006347222
grid_m3.00_29.25,1984-07-01,21.52323743279572,11.739419395161315,4.90999224094,1013.8080598790323,0.551379459939785,0.9999723976159947
grid_m3.00_29.25,1984-08-01,22.447624368279595,11.15775544354841,31.87608696842,1013.4993590725807,0.4188286568919355,0.8925006837158602
grid_m3.00_29.25,1984-09-01,22.79770301388891,10.916677986111134,11.09719270766,1011.7519255555555,0.6176021994141667,0.53715131505
grid_m3.00_29.25,1984-10-01,21.46948436827959,13.955278185483893,86.81917186998,1012.405733938172,0.5952435565216397,0.3183117941236559
grid_m3.00_29.25,1984-11-01,21.161620097222244,14.235905402777801,53.85708807674,1012.4954839583332,0.2412954968040278,0.13638477199930557
grid_m3.00_29.25,1984-12-01,21.69787427419357,14.501232217741958,89.9012085843,1011.2265883064516,0.3625158288552419,0.2757834767043414
grid_m3.00_29.25,1985-01-01,22.650441357526905,13.435599099462388,27.16040592266,1010.8383627016129,0.2982383066672648,0.46420448265551073
grid_m3.00_29.25,1985-02-01,21.53315102678574,14.563137842261927,48.07734477004,1011.8797112351191,0.1107825087744375,-0.10331767125416666
grid_m3.00_29.25,1985-03-01,22.620721155914,14.525877580645185,134.01174588568,1011.0477846774194,0.14411165387051075,0.42993797817298385
grid_m3.00_29.25,1985-04-01,20.947445611111135,16.172760097222245,136.76714918098,1012.4173422222223,0.11566261224805555,0.2421809735472222
grid_m3.00_29.25,1985-05-01,21.101063642473143,15.10188361559142,27.67825116408,1013.1709157930106,0.2786741555338172,0.669863075443414
grid_m3.00_29.25,1985-06-01,20.68718643055558,13.470235833333355,4.0297508222400005,1015.1351583333334,0.40730207181208333,0.7271301490058333
grid_m3.00_29.25,1985-07-01,20.627235564516152,11.316308077957013,0.20408630212,1014.7116493951613,0.45738089832284945,0.8245931240870967
grid_m3.00_29.25,1985-08-01,21.638043723118304,11.270393803763465,0.36144256858,1014.1918344086021,0.7161395579837366,0.9817845760201613
grid_m3.00_29.25,1985-09-01,22.04671006944447,11.986194916666689,28.35106844062,1012.4788316666666,0.6893523317577778,0.6328580418280555
grid_m3.00_29.25,1985-10-01,21.74075666666669,13.683202795698948,52.85048492928,1011.9693942204301,0.7172142765702957,0.38424114700268813
grid_m3.00_29.25,1985-11-01,21.116375694444464,15.046572986111133,99.02572585108,1012.5454469444444,0.28780005353819443,0.2039360037972222
grid_m3.00_29.25,1985-12-01,21.46021739247314,14.981865134408626,36.52000435822,1011.859502016129,0.341561656661828,0.23148465923387096
grid_m3.00_29.25,1986-01-01,22.149807150537658,14.609877083333355,46.84352865344,1012.4376936827957,0.17314151981733872,0.20756422128951613
grid_m3.00_29.25,1986-02-01,22.61632242559526,13.856734166666689,28.23638911454,1011.2053781994047,0.20640468544523807,0.3113472562321429
grid_m3.00_29.25,1986-03-01,22.601773723118303,13.904722728494647,19.79160295198,1011.3368946236559,0.09339638235133065,0.4714764227702957
grid_m3.00_29.25,1986-04-01,21.589176513888912,16.191678013888914,115.49663543946,1012.0704935416667,0.007993845390305555,0.4198692339881944
grid_m3.00_29.25,1986-05-01,20.935040080645184,15.786554973118303,66.26272234064,1013.7469246639786,0.2928124420595968,0.6047292114740592
grid_m3.00_29.25,1986-06-01,21.292070861111135,13.924706333333354,1.19018555054,1014.2965736111112,0.14648933386472224,0.7575616232430555
grid_m3.00_29.25,1986-07-01,21.198115201612925,11.473626451612926,1.3170242318,1015.4532948924731,0.3507036391935484,0.8882910820255376
grid_m3.00_29.25,1986-08-01,22.66326967741938,10.165417849462388,2.0427703886,1012.8966256048386,0.6849334675041667,0.8207741400068816
grid_m3.00_29.25,1986-09-01,23.143478555555575,11.14812429166669,12.28499414104,1013.2506779166666,0.632605425366018,0.6178162241111111
grid_m3.00_29.25,1986-10-01,22.58032236559142,13.882283387096797,80.49702646606,1012.6187712365592,0.4845691394399193,0.2379372507620968
grid_m3.00_29.25,1986-11-01,21.713343097222243,14.236798402777803,29.20103074676,1012.0938938194445,0.28331685780819443,0.28757508585143055
grid_m3.00_29.25,1986-12-01,21.807214448924757,15.415117016129054,136.78932204462,1012.9463381048387,0.23073413785005376,0.1007737807951613
grid_m3.00_29.25,1987-01-01,21.806888158602174,15.476645981182818,68.3999061634,1013.3714776209677,0.11567932110739249,0.05201524235067204
grid_m3.00_29.25,1987-02-01,22.544274895833354,15.995121250000022,87.29934700017999,1012.6622135416666,0.219466504903125,0.22580408027894344
grid_m3.00_29.25,1987-03-01,22.66399532258067,16.01623221774196,48.12407485036,1011.2541705645162,0.049225180461290326,0.29846113531280916
grid_m3.00_29.25,1987-04-01,22.087266652777803,16.53333891666669,171.59867243432,1012.9366454166667,0.09517813811680556,0.41515409645763884
grid_m3.00_29.25,1987-05-01,21.79326810483873,16.290915940860238,60.76765053248,1013.4010998655914,0.12461094127741937,0.5980021767217742
grid_m3.00_29.25,1987-06-01,21.38791416666669,15.192332569444465,19.03676974802,1015.3628997916666,0.11753565451819444,0.7129976478715279
grid_m3.00_29.25,1987-07-01,22.623232083333356,12.294859045698947,0.14591217002,1013.5062514112904,0.5432781709931451,0.7961307651709677
grid_m3.00_29.25,1987-08-01,22.727495873655936,12.250658185483893,5.19275668536,1013.5316826612903,0.7148619608282258,0.8485027233293011
grid_m3.00_29.25,1987-09-01,23.208617930555576,13.1829215277778,46.36406920198,1012.814461388889,0.5677387443886112,0.4393947181004167
grid_m3.00_29.25,1987-10-01,22.71970099462368,14.938530860215076,25.3381728874,1012.193420967742,0.3648744188876344,0.36710146431075263
grid_m3.00_29.25,1987-11-01,22.1179434027778,15.027673763888911,62.97254536864,1012.7783936111111,0.46163641548875,0.2177641336597917
grid_m3.00_29.25,1987-12-01,23.580523010752714,13.796278817204323,9.0365409551,1012.5398838037634,0.5196479677884409,0.41586644159932795
grid_m3.00_29.25,1988-01-01,22.800284018817226,14.889164422043034,45.33076288852,1012.199606922043,0.2193465272591398,0.23577599940591398
grid_m3.00_29.25,1988-02-01,24.057625804597723,14.411693362068988,6.9823264912,1010.680998204023,0.2854738316226063,0.539795274137931
grid_m3.00_29.25,1988-03-01,23.041938279569916,15.476120000000023,61.30075453578,1012.4010503360215,0.056168307275241934,0.29196425498655915
grid_m3.00_29.25,1988-04-01,22.445330111111133,16.27164418055558,22.8922367941,1012.0245891666667,-0.016593588311805556,0.45179502539527777
grid_m3.00_29.25,1988-05-01,22.545660994623674,15.430055161290344,18.694400756100002,1013.8313047715054,0.2548695027073925,0.9136250812288979
grid_m3.00_29.25,1988-06-01,22.778932652777804,12.446077638888912,0.22363662692,1013.9726372222223,0.3800666801433792,0.92677667536
grid_m3.00_29.25,1988-07-01,22.314898857526906,12.45890245967744,0.57506560952,1014.0851104166667,0.4084412161898145,0.931442299255242
grid_m3.00_29.25,1988-08-01,22.231035336021527,12.840413763440882,8.84056090992,1013.2874467069892,0.6707035607064112,0.713900924876344
grid_m3.00_29.25,1988-09-01,22.77856143055558,12.7719547777778,10.45751568062,1012.0327820833332,0.6119071639956944,0.5257076474458333
grid_m3.00_29.25,1988-10-01,22.19573293010755,14.681457405914001,33.52737429744,1011.7575944892473,0.548061556623844,0.24661332587903226
grid_m3.00_29.25,1988-11-01,21.90720016666669,15.141146805555579,43.33162320836,1012.8671042361111,0.4203638078884723,0.32402110470694445
grid_m3.00_29.25,1988-12-01,22.097252486559164,13.790418978494646,39.426803574459996,1011.6668228494624,0.3828978375801613,0.45523883632486556
grid_m3.00_29.25,1989-01-01,21.657236935483894,14.435072056451634,34.43717958792,1012.1396127688172,0.2932925686239247,-0.13167840824126345
grid_m3.00_29.25,1989-02-01,21.91201805059526,14.016037306547643,51.6290663738,1012.5999438988094,0.46774609783805066,0.01798545773065476
grid_m3.00_29.25,1989-03-01,22.160701465053783,14.60789729838712,27.75096887758,1011.1624872983871,0.13489052481806452,0.2149213778978898
grid_m3.00_29.25,1989-04-01,21.67704625000002,15.96946391666669,89.15328950218,1012.2644265277778,0.13189072086305556,0.5870773314340417
grid_m3.00_29.25,1989-05-01,21.044985900537657,15.427112432795722,58.8006974349,1014.412603360215,0.2565241370912634,0.6743180994579301
grid_m3.00_29.25,1989-06-01,21.20562437500002,14.139236597222245,21.3615894599,1015.1516025694444,0.3374074085125,0.8682395081473612
grid_m3.00_29.25,1989-07-01,21.135787836021528,12.853300067204323,8.34751129054,1015.2823219086022,0.30615267159048387,0.8422876385336021
grid_m3.00_29.25,1989-08-01,21.61012866935486,12.789988817204325,2.59733197088,1013.7957017473119,0.6205736180239247,0.6725766574274193
grid_m3.00_29.25,1989-09-01,22.402516555555582,13.162716430555578,17.85373680222,1011.9715847222221,0.48687163515555554,0.4273920902388889
grid_m3.00_29.25,1989-10-01,22.06993415322583,14.125546357526906,26.94773688086,1012.5359664650538,0.532682050632258,0.22431297839650538
grid_m3.00_29.25,1989-11-01,21.967483097222246,15.40563176388891,114.29071490996,1012.1742901388889,0.34086062132305556,0.3387560338638889
grid_m3.00_29.25,1989-12-01,21.581081922043033,16.310320833333353,57.57760984934,1012.6556516129033,0.12821574897244623,0.11029110181276883
grid_m3.00_29.25,1990-01-01,21.947469650537656,15.308541680107549,34.64365010478,1012.0815573924732,0.4671945762209221,0.20636566728897848
grid_m3.00_29.25,1990-02-01,22.240212767857162,15.674209568452403,27.97746664872,1012.5655301339286,0.11675603000684524,0.1118770998889881
grid_m3.00_29.25,1990-03-01,21.771237150537658,16.101012755376367,65.49191437218,1013.4029745967742,0.15259271092688173,0.28132959506478494
grid_m3.00_29.25,1990-04-01,22.431191236111136,16.664016750000023,64.09406660472,1012.0832677777778,-0.03585912960111111,0.24403921832972222
grid_m3.00_29.25,1990-05-01,21.929164758064537,15.766055524193572,36.3445282909,1013.3824166666667,0.3237178353283602,0.6340408484126344
grid_m3.00_29.25,1990-06-01,22.165494111111133,13.053157986111135,0.22315978942,1014.7612065277777,0.5640445727220833,0.7939307724144444
grid_m3.00_29.25,1990-07-01,21.757568387096796,10.784233279569914,0.0066757203,1014.4120978494624,0.4330200897690322,0.9238088523446236
grid_m3.00_29.25,1990-08-01,22.431698723118302,12.75006802419357,2.66456603012,1014.6091121639786,0.6745544959825268,1.0276256077036021
grid_m3.00_29.25,1990-09-01,22.620472708333356,12.775656125000022,21.13580700654,1013.2400163888889,0.5894751440980556,0.5457474566805556
grid_m3.00_29.25,1990-10-01,22.953450887096796,12.965703750000023,9.93943215058,1012.1619132392474,0.531617940293414,0.2881140960376344
grid_m3.00_29.25,1990-11-01,22.637215833333357,14.147952375000022,13.26704026586,1012.1162255555556,0.39473325963437494,0.4855037475320833
grid_m3.00_29.25,1990-12-01,22.12422938172045,14.876371102150559,26.25513088302,1012.192980107527,0.335757594219543,0.3175523807545699
grid_m3.00_29.25,1991-01-01,22.61528125000002,15.316463360215076,38.3477211153,1012.5449000000001,0.3015083594819247,0.33239758551518817
grid_m3.00_29.25,1991-02-01,23.430633764880977,14.677973616071451,8.30507278486,1012.1724209077381,0.35296839863065477,0.17896829398511904
grid_m3.00_29.25,1991-03-01,23.132704368279594,15.176275994623678,39.3304822723,1011.2477950268817,0.2059507671846774,0.3902032913114248
grid_m3.00_29.25,1991-04-01,21.680269625000022,16.390897486111136,63.25387934294,1012.5789110416666,0.16019143042048611,0.44738455873750005
grid_m3.00_29.25,1991-05-01,21.63288670698927,16.497000564516153,82.6396940883,1013.4101284274194,0.19735465530096774,0.47036738997607525
grid_m3.00_29.25,1991-06-01,21.322746708333355,15.732735597222245,85.28375637722,1014.2831321527777,0.2785600415318055,0.46880739613680555
grid_m3.00_29.25,1991-07-01,20.566635766129057,13.658166196236582,1.57260894666,1015.6180008064516,0.3216319134092204,0.6597336919458333
grid_m3.00_29.25,1991-08-01,22.015371491935507,12.094469704301096,0.75531006022,1014.5445274865591,0.541745848149301,0.5893305282856183
grid_m3.00_29.25,1991-09-01,23.02045848611113,12.069656875000023,10.38837439706,1013.0129654166667,0.6552713178618055,0.5167430865013889
grid_m3.00_29.25,1991-10-01,21.127417029569912,14.435672755376366,65.2408596765,1012.7401213709677,0.4449663887172043,0.12454063517903226
grid_m3.00_29.25,1991-11-01,21.491865222222245,13.881904444444467,5.11646273088,1012.6386147222223,0.5532545090683333,0.3030312848972222
grid_m3.00_29.25,1991-12-01,21.690333360215075,14.756588400537657,64.1026497001,1012.6978407258065,0.29852469285430105,0.29309143655241937
grid_m3.00_29.25,1992-01-01,22.199895712365613,14.896513319892495,38.32650190194,1012.5644913978496,0.5226464198051075,0.31140834056922045
grid_m3.00_29.25,1992-02-01,22.502611091954048,14.730405100574734,37.086486882879996,1012.9736558189655,0.27139126482471265,0.08373595955517242
grid_m3.00_29.25,1992-03-01,23.546858212365613,13.42490548387099,10.60557369448,1011.4514033602151,0.36229646266680104,0.4254943876912634
grid_m3.00_29.25,1992-04-01,22.338140611111136,16.161132694444465,64.38446075106,1012.2904663194445,0.08962684247300001,0.4635936104319444
grid_m3.00_29.25,1992-05-01,21.093184086021527,15.083405860215077,70.55044169106,1013.3820745967741,0.4395052354033602,0.443032635744086
grid_m3.00_29.25,1992-06-01,21.12238818055558,14.384670611111135,24.97720697722,1014.4532026388889,0.44124632899888894,0.5543945962405555
grid_m3.00_29.25,1992-07-01,20.750742540322605,11.904996115591421,0.10728836102,1015.3112217069892,0.4494629687776075,0.7231458229475806
grid_m3.00_29.25,1992-08-01,21.916712056451637,10.961771827957012,0.007152557300000001,1014.6796071908602,0.5254975802875,0.9186659376028226
grid_m3.00_29.25,1992-09-01,22.760462333333358,11.356789861111134,4.83703615048,1012.1787825,0.8775480910263889,0.65894446985
grid_m3.00_29.25,1992-10-01,22.632973400537658,12.910783897849486,29.825210640239998,1012.3180062499999,0.5040348010092742,0.24116874970967742
grid_m3.00_29.25,1992-11-01,20.99407616666669,14.0070617777778,97.3057743615,1012.3692475,0.42184637965916666,0.25025314694541667
grid_m3.00_29.25,1992-12-01,21.06002174731185,15.069401948924755,64.11123302198,1012.655151545699,0.31138110391501345,0.24448907574327958
grid_m3.00_29.25,1993-01-01,21.46585302419357,14.806587782258086,37.38689426586,1012.9734960349463,0.30664540401962365,0.08319438342943548
grid_m3.00_29.25,1993-02-01,21.983249479166687,14.999493526785736,39.78109359214,1012.3800438988096,0.06009688087767857,0.2799701010517857
grid_m3.00_29.25,1993-03-01,22.661836411290345,13.98176481182798,7.47418403012,1012.3897485215055,0.1487237658107527,0.4570502429133065
grid_m3.00_29.25,1993-04-01,22.904974736111136,14.328146097222245,14.7857666755,1011.9774245833333,0.08843267206597222,0.7036497949117501
grid_m3.00_29.25,1993-05-01,22.45343911290325,15.233957271505396,13.88454437008,1012.8929433467742,0.12400184061565861,0.6353427281774193
grid_m3.00_29.25,1993-06-01,22.25541529166669,13.358420805555578,5.44595714114,1014.806534236111,0.29595665430208334,0.8132482518680555
grid_m3.00_29.25,1993-07-01,22.240931962365615,11.157791975806473,0.0009536743,1014.7939974462365,0.4871701259216398,1.0312134335201613
grid_m3.00_29.25,1993-08-01,22.45694899193551,11.363664233870988,2.37226486332,1014.4561149193548,0.6208061908336021,0.8659883735575269
grid_m3.00_29.25,1993-09-01,23.897627361111134,9.509853583333356,1.2836456199000001,1012.4627194444445,0.9282552090349999,0.9316543965995834
grid_m3.00_29.25,1993-10-01,24.14691314516131,11.35548297043013,10.10084160254,1011.8633491935484,0.7979966034233602,0.6320214217784946
grid_m3.00_29.25,1993-11-01,22.891724111111134,13.7610275277778,28.5263061645,1011.4070318055556,0.41738086364277777,0.3576687798722222
grid_m3.00_29.25,1993-12-01,23.340066169354863,13.106370416666687,10.5628967125,1011.6941809811829,0.46957179760094087,0.40847575370994627
grid_m3.00_29.25,1994-01-01,23.096249932795722,14.070112930107548,39.74723820244,1011.3438196908603,0.31286005806424194,0.21697712909610214
grid_m3.00_29.25,1994-02-01,23.052255312500023,13.988040133928594,65.66238369823999,1012.2349044642857,0.30717513637901783,-0.00823341145877976
grid_m3.00_29.25,1994-03-01,22.777863373655936,15.167724422043035,41.7575835627,1012.2979136424731,0.0976412243074328,0.3758878594973118
grid_m3.00_29.25,1994-04-01,22.602263027777802,14.80319176388891,15.04707316406,1012.0068989583333,0.02805167325367361,0.6307282139423611
grid_m3.00_29.25,1994-05-01,22.75832798387099,14.27925174731185,8.96978384038,1013.6264230510752,0.17756460970080645,0.7645305706760752
grid_m3.00_29.25,1994-06-01,22.431162361111134,12.853216652777801,3.25965881624,1013.9565310416667,0.3253691146077778,0.8703400291198611
grid_m3.00_29.25,1994-07-01,21.455518077957013,11.553053306451636,2.8471946458199997,1014.6614945564515,0.4594629143772043,0.8694977492735214
grid_m3.00_29.25,1994-08-01,22.56689826612905,10.79307991935486,0.16880035646,1013.4333170026882,0.6211446746972218,0.8860259709489247
grid_m3.00_29.25,1994-09-01,23.738176513888913,11.509905208333358,4.213571501860001,1012.5966302777778,0.8510664785311112,0.7220272287752778
grid_m3.00_29.25,1994-10-01,22.246981774193575,13.448001451612928,23.6721039193,1012.0136682795699,0.42711791160510754,0.3400454992293683
grid_m3.00_29.25,1994-11-01,21.735178722222244,15.007925361111132,48.90680341538,1012.5558308333333,0.3428478434975139,0.1336770798434722
grid_m3.00_29.25,1994-12-01,22.365675147849483,14.917277056451635,20.90024954788,1012.9226280241935,0.30661117398709675,0.41347089381868274
grid_m3.00_29.25,1995-01-01,22.963157419354864,14.344595645161313,41.28694531694,1012.8630603494624,0.36469201196286294,0.31345043385725807
grid_m3.00_29.25,1995-02-01,23.175563809523833,13.918090803571452,24.2590904457,1012.7859787202381,0.2401829002028274,0.24675700751250002
grid_m3.00_29.25,1995-03-01,23.122348870967766,14.59193993279572,20.8787919271,1011.8665630376345,0.10846195390887096,0.6178294563266129
grid_m3.00_29.25,1995-04-01,22.701639569444467,14.894194888888913,23.3411788668,1011.3395232638889,0.07921087807319445,0.6500910862222222
grid_m3.00_29.25,1995-05-01,22.203689879032282,14.726703669354862,27.55451209612,1013.3255441532258,0.22680488066344087,0.7848841682526881
grid_m3.00_29.25,1995-06-01,22.493487944444468,13.337339736111133,7.90834431286,1013.783948263889,0.3173383500946389,0.7858182272188888
grid_m3.00_29.25,1995-07-01,22.200995362903246,11.5476485215054,0.025749205920000004,1013.1823445564515,0.4889605130254032,0.9610769225685484
grid_m3.00_29.25,1995-08-01,22.809986223118305,9.985571021505399,0.018596649120000003,1013.1224334005376,0.7152096525739248,1.0561654900194892
grid_m3.00_29.25,1995-09-01,23.578785361111134,9.99656504166669,3.506183615,1012.8291704166666,0.5791689768444445,0.6936662247798611
grid_m3.00_29.25,1995-10-01,22.5255422715054,13.680974099462388,21.62671088262,1011.6020991935485,0.5204561912457796,0.23597469134139784
grid_m3.00_29.25,1995-11-01,22.92549645833336,13.541772138888913,11.74926750302,1011.9407415972222,0.44202018482013883,0.3276198090338889
grid_m3.00_29.25,1995-12-01,22.962261559139808,12.747922231182818,8.48531728178,1012.5182117607527,0.48860828855416666,0.39884818609180106
grid_m3.00_29.25,1996-01-01,22.962368427419378,13.93777611559142,37.8210544029,1011.1276073924731,0.3101866147669731,0.3798298364458065
grid_m3.00_29.25,1996-02-01,22.661524956896574,14.2734768534483,42.5624847267,1010.9230423850574,0.2748230682672414,0.17228122269827587
grid_m3.00_29.25,1996-03-01,22.246420833333353,15.334372809139808,53.80249029384,1011.1055308467742,0.21159287306263444,0.28182839839341395
grid_m3.00_29.25,1996-04-01,21.825515041666687,14.80398301388891,27.29129807876,1012.160441736111,0.23338324224866666,0.6918351307208334
grid_m3.00_29.25,1996-05-01,22.96836715053766,13.10346412634411,1.52063370592,1012.9080891801075,0.29050439319306454,0.9084158075080645
grid_m3.00_29.25,1996-06-01,22.43352900000002,12.158849527777802,2.59017943936,1014.1282144444444,0.21363298669930555,0.9340620243000001
grid_m3.00_29.25,1996-07-01,21.785300268817227,11.242980376344109,0.8325576814800001,1014.6873529569893,0.2877791616992204,0.8271105152694892
grid_m3.00_29.25,1996-08-01,22.372305846774218,9.450251478494646,14.60742960174,1013.2822329301075,0.43911131947232523,0.7035200874811828
grid_m3.00_29.25,1996-09-01,22.62342529166669,12.178361472222244,24.36590172492,1012.1147709027779,0.5153467182841667,0.5046212521193055
grid_m3.00_29.25,1996-10-01,21.509317190860237,13.774815026881743,42.95921332722,1012.3263245967742,0.6164001570372312,0.3699982560321841
grid_m3.00_29.25,1996-11-01,21.700294111111134,13.451322583333356,29.50716016242,1011.5141058333332,0.5985880746694444,0.15414371398694443
grid_m3.00_29.25,1996-12-01,23.346511760752712,13.252218790322605,13.31377028578,1011.9151499999999,0.4182024522387097,0.4243479079145161
grid_m3.00_29.25,1997-01-01,23.300817526881744,13.268307258064539,32.1993829405,1011.7339606182795,0.39541496910870966,0.19752754722177418
grid_m3.00_29.25,1997-02-01,23.778727633928593,11.843936755952404,1.96647643246,1011.9982171130952,0.5236771685993452,0.07399291026111607
grid_m3.00_29.25,1997-03-01,23.519200470430132,13.58129737903228,22.567749063,1011.0169926075268,0.34789739650274193,0.6544930049099462
grid_m3.00_29.25,1997-04-01,21.333966319444468,15.62949213888891,53.01761655332,1013.2523154861111,0.06606193165979167,0.18665669729972223
grid_m3.00_29.25,1997-05-01,21.520093669354864,14.6932397043011,28.50532512604,1014.5856436827956,0.25327961835241936,0.6117354791100806
grid_m3.00_29.25,1997-06-01,22.27302162500002,12.55206541666669,0.26226043686,1013.8506988888889,0.4222044630840972,0.8115561809920834
grid_m3.00_29.25,1997-07-01,21.75424060483873,11.433895080645184,2.32315064452,1015.3892086693548,0.5543374708381721,0.9389222297782258
grid_m3.00_29.25,1997-08-01,22.99102712365594,9.868611223118302,0.0,1014.2689989247312,0.7566791245147849,0.8064657236192204
grid_m3.00_29.25,1997-09-01,24.93995076388891,8.47399016666669,0.47397613695999996,1011.7508230555555,1.136793497036111,0.87361789393375
grid_m3.00_29.25,1997-10-01,22.749649798387118,12.727710134408623,36.46636011762,1012.4054463037635,0.6855614980343011,0.4411254392379838
grid_m3.00_29.25,1997-11-01,21.823534472222242,15.461746875000022,105.98325715508,1012.6150597916667,0.3351423259036389,0.0004327566483333292
grid_m3.00_29.25,1997-12-01,21.085467096774217,16.003910322580666,183.35866923014,1013.6938868279569,0.16254962453353497,0.011546636742741935
grid_m3.00_29.25,1998-01-01,22.035497809139805,16.799338010752713,83.93955197008,1012.8049504704301,0.22161848802110215,0.13557415605362905
grid_m3.00_29.25,1998-02-01,22.32262654761907,16.595082425595262,121.94442730014,1014.2194953869048,0.12400511340119047,-0.040871211140625
grid_m3.00_29.25,1998-03-01,22.86961369623658,16.39294486559142,48.61021037512,1012.2107593413979,0.4244857909568548,0.31999965382073925
grid_m3.00_29.25,1998-04-01,22.79184101388891,16.967932819444467,95.55053627704,1012.9179894444444,0.09461664878708334,0.6173566375529167
grid_m3.00_29.25,1998-05-01,22.233967701612922,16.2340085887097,54.32987228914,1014.2543047043011,0.18186470768172042,0.4515448333017473
grid_m3.00_29.25,1998-06-01,22.066540875000022,13.1427285277778,0.30660629316,1015.3799718055556,0.45779836431277776,0.6904508472519444
grid_m3.00_29.25,1998-07-01,22.2735609543011,11.315317258064539,0.00190734866,1014.5532446908602,0.4704823574560618,0.9122011136585565
grid_m3.00_29.25,1998-08-01,22.87454846774196,10.441955174731206,1.21355057178,1013.2587887768817,0.7391101546817205,0.8153062227994032
grid_m3.00_29.25,1998-09-01,23.689972375000025,10.239171263888911,2.1371841505,1012.4071375694444,0.7523015351972222,0.7634371446651111
grid_m3.00_29.25,1998-10-01,23.571737137096797,11.427847002688194,18.13364026674,1012.2260637768818,0.6599086326364247,0.4833397188924731
grid_m3.00_29.25,1998-11-01,23.429326458333353,12.076341319444467,9.72223285526,1011.2774774305555,0.5575745050177778,0.5557836734047222
grid_m3.00_29.25,1998-12-01,23.78489986559142,11.083253373655939,2.16341019038,1011.7831152553763,0.5600838810827957,0.5244090569260752
grid_m3.00_29.25,1999-01-01,23.312424005376368,13.045497567204324,24.80602271242,1011.003736827957,0.30826051974362906,0.336529290454207
grid_m3.00_29.25,1999-02-01,24.8911861309524,10.124745014880975,5.29766079834,1010.1958648065477,0.6158491830752977,0.6924713681190476
grid_m3.00_29.25,1999-03-01,22.106828131720455,14.674503575268838,81.92276952638,1010.7726632392473,0.12944248159381722,0.3313851915695699
grid_m3.00_29.25,1999-04-01,21.633215708333356,14.42978741666669,15.11383060592,1012.8771647916667,0.17598063118680557,0.7158340722016667
grid_m3.00_29.25,1999-05-01,22.20896784946239,12.36614299731185,2.69889832322,1013.4324215725806,0.38227848384327956,0.8658102088985214
grid_m3.00_29.25,1999-06-01,21.963393375000024,10.500995750000024,0.02861022946,1013.801333263889,0.5071042583008334,1.0088752548727777
grid_m3.00_29.25,1999-07-01,21.318859502688195,10.14309553763443,0.0,1014.7331742607527,0.6242628408590792,0.9879298270950269
grid_m3.00_29.25,1999-08-01,21.59566866935486,11.762834852150561,13.76104357148,1014.3430362903226,0.5904912234540323,0.8134776910322581
grid_m3.00_29.25,1999-09-01,22.677536583333357,10.334201125000023,10.68019868386,1011.9538261805556,0.6652939043145834,0.6802590257283333
grid_m3.00_29.25,1999-10-01,23.487600846774217,10.729845067204323,10.8408928005,1011.6558526209677,0.631313773330242,0.5332677085672043
grid_m3.00_29.25,1999-11-01,21.9986075277778,12.619166347222244,34.83724598568,1012.0817124305555,0.5691433008643055,0.31984254868055556
grid_m3.00_29.25,1999-12-01,22.05054755376346,13.57571540322583,29.11233903594,1012.1135712365591,0.25045796902809137,0.4013628180803763
grid_m3.00_29.25,2000-01-01,23.361309865591423,12.748414166666688,13.79632955728,1010.2842993951614,0.43123336523247313,0.29651769016290325
grid_m3.00_29.25,2000-02-01,24.42758885057474,11.230918965517263,3.80563732212,1011.3835454741379,0.3850179427641236,0.18383824096465518
grid_m3.00_29.25,2000-03-01,23.25800157258067,13.204741048387119,24.74474910382,1010.9510251344086,0.14133377473099462,0.5629792364220431
grid_m3.00_29.25,2000-04-01,22.678516513888912,13.4767837777778,24.039268560180002,1011.7573909722222,0.15431588572541668,0.7489469950475
grid_m3.00_29.25,2000-05-01,23.292658817204323,11.52699244623658,0.89454651546,1012.6108980510753,0.47705237986485216,0.9293748441088711
grid_m3.00_29.25,2000-06-01,22.058915097222243,11.041150097222244,0.45919418872,1014.1651581250001,0.5636099711479167,1.0333208748180556
grid_m3.00_29.25,2000-07-01,22.08058174731185,9.24095041666669,0.0009536743,1013.496599327957,0.5009699175519221,1.1427176479973118
grid_m3.00_29.25,2000-08-01,22.77563545698927,9.491998575268841,0.26035308776,1013.526937701613,0.7837776259334678,1.0469272995532701
grid_m3.00_29.25,2000-09-01,24.092467319444463,7.917285694444468,0.2112388651,1011.0419838888889,1.0147684321547221,0.8774275041436111
grid_m3.00_29.25,2000-10-01,23.132900215053787,11.43831489247314,36.8547439155,1012.0112889784946,0.6037652819978495,0.5085413093896505
grid_m3.00_29.25,2000-11-01,21.801833402777802,14.501738111111134,95.08466693225999,1011.6470661111111,0.44549125915277776,0.14655763942694444
grid_m3.00_29.25,2000-12-01,21.665295793010777,14.785005618279593,67.15488442454,1012.7814202956989,0.4217518832972043,0.21763854938158603
grid_m3.00_29.25,2001-01-01,20.85809434139787,15.011307553763464,123.17228339474,1012.9113929435483,0.1691822744455914,-0.09424488582983871
grid_m3.00_29.25,2001-02-01,21.93726392857145,14.205889464285736,30.08127209696,1011.5837011904762,0.37472727084181545,0.32336657523363094
grid_m3.00_29.25,2001-03-01,22.049401626344107,14.179925672043034,29.31880951496,1011.9787170026881,0.30388786927437633,0.38558957868696236
grid_m3.00_29.25,2001-04-01,21.179860347222245,14.891944652777802,43.7502860623,1012.6440008333333,0.31109689115605554,0.5435435194809722
grid_m3.00_29.25,2001-05-01,21.217007715053786,14.0545385215054,12.3457909204,1014.0164720430108,0.44792905292025537,0.6637309324260753
grid_m3.00_29.25,2001-06-01,21.024662972222245,12.427517250000022,0.92887878136,1014.8152650000001,0.5767389719164444,0.750708748842361
grid_m3.00_29.25,2001-07-01,21.573413091397875,11.913809690860237,5.60283663118,1014.5966098790323,0.4128074858479839,0.7706374698904569
grid_m3.00_29.25,2001-08-01,22.608967567204324,10.178663857526905,3.71789927188,1014.2803485215054,0.3882775644664382,0.7851242988403226
grid_m3.00_29.25,2001-09-01,22.746036166666688,11.5748675277778,8.82959364228,1012.2844832638888,0.3728932907413195,0.5003096039284722
grid_m3.00_29.25,2001-10-01,21.668797043010777,13.696820967741958,57.21735971538,1012.6749604166667,0.686296190591129,0.12199939102755376
grid_m3.00_29.25,2001-11-01,21.43593426388891,14.570758847222244,50.83417890652,1012.763815625,0.4226914306797639,0.210603988155
grid_m3.00_29.25,2001-12-01,22.49653661290325,14.050155913978514,16.73078536254,1012.0868231182797,0.422685015423965,0.39661190110483874
grid_m3.00_29.25,2002-01-01,21.182835201612928,15.388146532258087,110.1441382823,1013.1050946908603,0.26874520746841396,0.09896789018951613
grid_m3.00_29.25,2002-02-01,22.154854196428595,14.746148095238116,24.757623639,1012.4094104166666,0.4249132928059018,0.3249650204483631
grid_m3.00_29.25,2002-03-01,21.717888131720454,15.382649180107551,38.58470916454,1011.9269898521505,0.12019247610744623,0.34546878789247315
grid_m3.00_29.25,2002-04-01,21.992659625000023,14.785540944444465,88.579654465,1011.3697790277778,-0.014343876291388889,0.6288322026659305
grid_m3.00_29.25,2002-05-01,21.45980998655916,14.9168297715054,58.334350030559996,1013.7927411290323,0.2802898649044086,0.5947620240301075
grid_m3.00_29.25,2002-06-01,21.981935069444468,11.604303319444469,0.27704239062,1014.8278725,0.5021325643104166,0.894233317373611
grid_m3.00_29.25,2002-07-01,22.271840403225827,10.553922809139806,0.0,1014.5616799731182,0.8004889339086021,0.8293097512782258
grid_m3.00_29.25,2002-08-01,22.685887580645183,10.198992540322603,0.14305114608,1013.9678027553763,0.7849424621048388,0.9870848703648253
grid_m3.00_29.25,2002-09-01,23.91929901388891,8.998579944444467,1.26600265496,1012.3785955555556,1.0327908624534723,0.9087589889305556
grid_m3.00_29.25,2002-10-01,23.380924569892496,10.857951236559163,11.52706146874,1011.4108811827957,0.8329292413996505,0.6160485037021505
grid_m3.00_29.25,2002-11-01,22.69057019444447,13.116593805555578,11.85846330334,1012.7394106944444,0.3717221154984639,0.43754166527083327
grid_m3.00_29.25,2002-12-01,22.479077540322603,13.97758177419357,72.18551629348,1013.3342265456989,0.23879575293269756,0.31174153043817204
grid_m3.00_29.25,2003-01-01,22.40588584677422,14.247993682795723,35.14862072178,1013.1326371639784,0.5274087267461021,0.2652391006290322
grid_m3.00_29.25,2003-02-01,23.96513491071431,12.115722068452405,11.2562179578,1011.4756539434524,0.5251734145279762,0.36380310712684527
grid_m3.00_29.25,2003-03-01,24.10405150537637,13.134840241935505,7.83777241174,1011.2403624327957,0.31795710937392474,0.5688094687749328
grid_m3.00_29.25,2003-04-01,23.032228833333356,14.664439625000023,48.21491229554,1012.2876918055555,0.00048039762874999936,0.6928433954933333
grid_m3.00_29.25,2003-05-01,22.159277177419376,14.389516438172066,15.023708299199999,1013.979615188172,0.0726661882217742,0.7701096884431451
grid_m3.00_29.25,2003-06-01,22.048351513888914,11.85004829166669,0.86545943934,1013.9772073611111,0.4954417118893056,0.9633780014394445
grid_m3.00_29.25,2003-07-01,21.83338719086024,10.60513856182798,3.13377380016,1015.1457126344087,0.3346508808460081,1.0521112877028496
grid_m3.00_29.25,2003-08-01,23.53581666666669,8.633389314516151,0.016689300560000002,1013.3790442204302,0.4895132135932796,1.0230961661491935
grid_m3.00_29.25,2003-09-01,23.711989694444465,10.416598736111133,5.17082218312,1012.8264230555556,0.7371858814994444,0.7383420315786111
grid_m3.00_29.25,2003-10-01,23.509867325268843,11.979716263440883,25.64764026408,1011.6882616263441,0.6058092631709677,0.6151457970456989
grid_m3.00_29.25,2003-11-01,23.7148476527778,11.914051777777802,8.0072879309,1011.3234413194444,0.4072806678976389,0.5275126556833334
grid_m3.00_29.25,2003-12-01,24.36238807795701,12.324946532258087,5.05399704174,1011.9928646505375,0.27456396364865593,0.6057452328604839
grid_m3.00_29.25,2004-01-01,24.119271155914003,13.542276989247334,32.8593254356,1011.1923774865592,0.18852322092991936,0.43404470375107523
grid_m3.00_29.25,2004-02-01,23.906981752873588,13.030494784482782,18.05877690844,1012.335367887931,0.24605876127011495,0.4927631467142241
grid_m3.00_29.25,2004-03-01,23.681817916666688,14.36062350806454,44.89421839554,1011.6496964381721,0.14836657933252687,0.5738481313555699
grid_m3.00_29.25,2004-04-01,21.74627251388891,16.035996208333355,109.82513409704,1012.8647975,0.02606023118263889,0.5627896848640278
grid_m3.00_29.25,2004-05-01,21.46367110215056,14.566285067204323,66.7505265187,1014.278603360215,0.43652996030661295,0.7523354050705645
grid_m3.00_29.25,2004-06-01,21.631606861111134,11.111695722222244,0.01430511452,1016.1518049305555,0.622840682967639,1.0543955856597222
grid_m3.00_29.25,2004-07-01,22.445764825268842,9.494281545698948,0.34523009916,1014.2050819892473,0.5404574277106452,1.0499006098687231
grid_m3.00_29.25,2004-08-01,23.126986720430132,9.257055349462389,2.86436081272,1013.9889073924732,0.6227241421401882,0.8663689386900671
grid_m3.00_29.25,2004-09-01,22.065216833333356,12.15995129166669,58.43734747394,1012.8448912499999,0.5162731379105555,0.506042776075
grid_m3.00_29.25,2004-10-01,24.175941250000022,10.761327889784969,4.70113753672,1011.8255242607527,0.5749594569494624,0.6058752841303763
grid_m3.00_29.25,2004-11-01,23.438235750000022,13.03181516666669,12.98332215398,1012.0594219444445,0.30158208272772224,0.46114974534791664
grid_m3.00_29.25,2004-12-01,22.929027795698946,15.123506129032283,43.211937216,1011.894801344086,0.13428279824193548,0.42554857599059137
grid_m3.00_29.25,2005-01-01,23.900604327957016,13.43342107526884,23.56243129274,1012.0616686155914,0.30905587915295696,0.3766473752022849
grid_m3.00_29.25,2005-02-01,25.71051699404764,11.745284404761927,10.02264025936,1010.2925428571428,0.41440736796279765,0.614423796733631
grid_m3.00_29.25,2005-03-01,23.780295013440885,14.53491236559142,36.125659945980004,1012.0965966397849,0.10493112432006721,0.5020517536826613
grid_m3.00_29.25,2005-04-01,23.606125763888908,14.694416069444467,17.3549652082,1011.956415625,0.11909902320972221,0.8135815948569445
grid_m3.00_29.25,2005-05-01,22.50779153225809,15.029242379032281,60.45055381386,1013.5176529569892,0.1842125303518145,0.6232050208006721
grid_m3.00_29.25,2005-06-01,21.733178708333355,13.623955902777801,2.12001799224,1014.2267247222221,0.5383019978359028,0.7104282373949167
grid_m3.00_29.25,2005-07-01,22.166684341397872,10.677295349462389,0.35953521616,1015.3793354166667,0.43140643211013446,1.0223265445643213
grid_m3.00_29.25,2005-08-01,23.18739849462368,11.002353225806473,4.67538833862,1013.3581259408603,0.6251743481153226,0.7802012856693548
grid_m3.00_29.25,2005-09-01,24.308536333333354,10.67089641666669,8.03375240362,1012.2994052777779,0.5243894578801389,0.6396430324194444
grid_m3.00_29.25,2005-10-01,22.808086115591422,12.841747768817227,37.30535504174,1012.4077833333334,0.6702196270704301,0.4027376690806451
grid_m3.00_29.25,2005-11-01,23.007072888888914,13.201000611111136,20.9712982338,1011.5408183333333,0.4677860333161111,0.4142209141088889
grid_m3.00_29.25,2005-12-01,24.263924502688194,12.240609448924754,7.06243516496,1010.424224126344,0.47274872619741937,0.4930167467291666
grid_m3.00_29.25,2006-01-01,24.602585645161316,11.840323104838735,3.66544724848,1010.7015697580646,0.41064264174791665,0.5431834391445565
grid_m3.00_29.25,2006-02-01,24.73844061011907,12.801794449404786,13.92602921334,1010.7125255952382,0.3093561452641369,0.48412745361116066
grid_m3.00_29.25,2006-03-01,23.38114301075271,14.221407782258087,55.03177643698,1012.0109303091398,0.10013848946305107,0.3782947693581989
grid_m3.00_29.25,2006-04-01,22.092084305555577,15.244642875000022,26.44968027512,1012.4275363888889,0.08355723584513888,0.6287938235541667
grid_m3.00_29.25,2006-05-01,21.678240752688197,15.439333024193571,116.62578590354,1014.0364286290323,0.20469855601857528,0.5343154791175
grid_m3.00_29.25,2006-06-01,21.6384230277778,12.385846222222245,0.18167495404,1014.7463609027778,0.49741882752555555,0.9480048079143055
grid_m3.00_29.25,2006-07-01,22.04173186827959,12.46264239247314,6.52170180478,1015.2041573252687,0.304505931971371,0.9329240865739248
grid_m3.00_29.25,2006-08-01,22.372088938172066,11.818198897849484,21.86059948988,1013.6425235215054,0.4658573527591667,0.6846121120865591
grid_m3.00_29.25,2006-09-01,23.364094986111134,10.624481875000022,6.99329381806,1012.9206807638889,0.6503761088565277,0.7841747088348889
grid_m3.00_29.25,2006-10-01,24.39760424731185,10.86559415322583,5.69486617848,1011.721791061828,0.7297586638821237,0.6154100771653226
grid_m3.00_29.25,2006-11-01,21.93984341666669,14.417446847222244,73.91595851008,1012.336273263889,0.2673465541561806,0.22325426676609722
grid_m3.00_29.25,2006-12-01,21.626886465053786,16.014314072580667,108.29305641452,1013.6407934811828,0.024149543168346773,0.06748562307620967
grid_m3.00_29.25,2007-01-01,22.178205067204324,15.942545483870992,55.98163609788,1013.5833598118279,0.3122551473784946,0.1191081386577957
grid_m3.00_29.25,2007-02-01,22.448435565476213,15.238313377976212,53.20787418986,1012.2918517857142,0.28428738510659823,0.09302107512306548
grid_m3.00_29.25,2007-03-01,23.517604677419374,14.08023169354841,16.98589327358,1011.5834596102151,0.3076500223066532,0.614559727434543
grid_m3.00_29.25,2007-04-01,22.94559088888891,14.3810814027778,20.91884614528,1012.1411975694446,0.18743212006618057,0.6102887883430556
grid_m3.00_29.25,2007-05-01,22.9992963575269,14.346397217741957,5.94425197842,1013.2835323252689,0.2862647058110215,0.9455417921362903
grid_m3.00_29.25,2007-06-01,21.503911986111135,13.666794833333357,31.81314490868,1014.3377795833333,0.15073091782055556,0.7286127301309722
grid_m3.00_29.25,2007-07-01,21.848641384408623,11.928395053763463,9.996414189880001,1014.1293358870968,0.4754425993116935,0.7984673077710484
grid_m3.00_29.25,2007-08-01,22.24298563172045,11.087548346774216,17.4136161499,1013.1308147849462,0.5475214480907258,0.8420507571202958
grid_m3.00_29.25,2007-09-01,23.708000750000025,9.994683347222246,5.97524639882,1012.4610352083334,0.5769749949586112,0.5832504695111111
grid_m3.00_29.25,2007-10-01,23.351687795698947,11.461181223118304,10.10894769588,1011.5012399193548,0.6311338694091397,0.4556594004892473
grid_m3.00_29.25,2007-11-01,22.225605583333355,13.2592522777778,27.8668402944,1011.4500584027778,0.4810485723769444,0.29005400352777777
grid_m3.00_29.25,2007-12-01,23.018458158602176,13.257807620967766,20.84112170518,1011.4253095430107,0.33464575202916663,0.39017185152634404
grid_m3.00_29.25,2008-01-01,23.58537034946239,13.198215564516152,22.81188971174,1011.2422721102151,0.22772549384166668,0.5079992965241935
grid_m3.00_29.25,2008-02-01,22.49963961206899,13.80404331896554,46.58985127186,1012.5623596982758,0.1932794421196552,0.40949437915804604
grid_m3.00_29.25,2008-03-01,22.594165107526905,13.809853723118302,48.95401002886,1011.3153539650538,-0.07794601689610216,0.5260050580451613
grid_m3.00_29.25,2008-04-01,21.464580555555578,14.175189513888911,23.01406851406,1011.6415156944445,0.2346904549773611,0.7451720546663889
grid_m3.00_29.25,2008-05-01,22.601018454301098,12.72641848118282,2.2225380088,1012.6384605510754,0.3497248615596774,0.9023939335590053
grid_m3.00_29.25,2008-06-01,21.438192069444465,12.779559763888912,26.20267851448,1014.3198521527777,0.3383083130814861,0.9087342166534722
grid_m3.00_29.25,2008-07-01,21.43283686827959,11.705197567204323,10.77699666692,1014.6492104166666,0.26549060383655915,0.9202035860293011
grid_m3.00_29.25,2008-08-01,22.398142190860238,10.973409099462389,1.61075591754,1012.4252205645162,0.6333450251344086,0.8164545670987903
grid_m3.00_29.25,2008-09-01,24.2498491527778,9.347802444444467,1.9750595055,1011.7775528472223,0.5192576724052778,0.7337388557808334
grid_m3.00_29.25,2008-10-01,23.145439596774214,12.851460147849485,30.22813795038,1012.2529503360215,0.3910338286644489,0.3338769282298387
grid_m3.00_29.25,2008-11-01,23.52051988888891,13.747851444444468,14.33658598384,1011.6163899305557,0.3375210451611111,0.41853885535944446
grid_m3.00_29.25,2008-12-01,23.818065053763465,12.648367137096796,20.678996949040002,1011.2055090725808,0.4061866265957796,0.5554337846229839
grid_m3.00_29.25,2009-01-01,24.30331314516131,12.03713094086024,24.94239804134,1011.6206274865591,0.25575369209475807,0.27184737756935484
grid_m3.00_29.25,2009-02-01,22.87383074404764,13.692480684523833,17.82941822278,1011.2921796130953,0.2068132894595238,0.5213474984318452
grid_m3.00_29.25,2009-03-01,23.959565268817226,13.775444489247334,31.1436653543,1010.6936405913979,0.15691650536034946,0.6533698817995968
grid_m3.00_29.25,2009-04-01,22.696935041666688,14.959084277777801,22.60303502314,1012.6768277777778,-0.0127568986535,0.6766048840037501
grid_m3.00_29.25,2009-05-01,22.659411330645185,14.409954744623677,32.3281288167,1012.8885004704301,0.21624926089543012,0.7044914695326614
grid_m3.00_29.25,2009-06-01,22.206393972222244,12.219900236111132,4.0626526088,1014.0379330555556,0.4864602840700972,0.8553774507366667
grid_m3.00_29.25,2009-07-01,22.511367486559163,10.563368736559163,0.46682357536,1014.9835262768818,0.43163879931155913,1.1661706350291665
grid_m3.00_29.25,2009-08-01,23.454465873655938,11.197755053763462,0.8540153535,1013.1369821236559,0.7186386564158601,0.9931951329193549
grid_m3.00_29.25,2009-09-01,24.589966375000024,10.930719319444469,7.2827338813599996,1012.7429461805556,0.6792533672707917,0.7487084930336667
grid_m3.00_29.25,2009-10-01,23.917543091397874,12.250411854838733,10.2458000021,1011.5278323252688,0.5229532788802419,0.5089439683158602
grid_m3.00_29.25,2009-11-01,22.739056597222245,14.72404691666669,44.81983204776,1012.0559206944444,0.29027129890416664,0.3450713684066667
grid_m3.00_29.25,2009-12-01,22.965621048387117,14.738093642473142,55.243492159,1012.5391275537634,0.14371855573369086,0.3559196424251344
grid_m3.00_29.25,2010-01-01,22.764192728494645,15.50807360215056,103.73497060496,1012.5909997983872,0.4203899146577957,0.24185275066801076
grid_m3.00_29.25,2010-02-01,22.931310327380974,16.37607627976193,92.97466317094,1011.9992560267858,0.22202019458080358,0.2759678697797619
grid_m3.00_29.25,2010-03-01,23.0071162231183,16.557690766129056,87.37945538314,1012.8304677419355,0.19476761287809138,0.3310589531407258
grid_m3.00_29.25,2010-04-01,22.938079625000025,16.24347954166669,7.158279412760001,1012.5962005555556,0.31027105010506945,0.55869346190875
grid_m3.00_29.25,2010-05-01,22.805162836021527,14.831697392473142,17.63057707384,1013.1452301075269,0.3967549303298656,0.6601097133044355
grid_m3.00_29.25,2010-06-01,22.91858651388891,12.467574555555577,2.74801251976,1014.5591297222222,0.3997154447369444,0.9109635020368055
grid_m3.00_29.25,2010-07-01,22.585010309139804,10.740383051075291,0.0672340401,1014.1201981854838,0.542192601851543,1.0103416428125
grid_m3.00_29.25,2010-08-01,24.015591626344108,8.262875094086045,0.0929832456,1013.0258335349462,0.4626938408956317,1.1717053589260753
grid_m3.00_29.25,2010-09-01,23.99588655555558,10.637170819444465,9.503841426,1012.0584477083333,0.36344394645202777,0.7304548792652779
grid_m3.00_29.25,2010-10-01,24.45069133064518,11.810121814516153,17.59386061516,1011.1419543010752,0.4577410085954301,0.542547203758871
grid_m3.00_29.25,2010-11-01,23.7628607777778,13.430329944444468,26.99422823326,1010.5090376388889,0.36767840896974996,0.4130768233541667
grid_m3.00_29.25,2010-12-01,22.744388870967768,14.554309274193571,80.00326152256,1010.7413139784946,0.2954522613990591,0.4152256962965054
grid_m3.00_29.25,2011-01-01,23.433295591397872,13.729519435483896,17.2510146987,1010.4253696908602,0.3924762154535618,0.4241601480461022
grid_m3.00_29.25,2011-02-01,24.222165312500024,13.22197260416669,10.82611080078,1010.6556060267857,0.18266864046763392,0.5775342214680059
grid_m3.00_29.25,2011-03-01,23.29921235215056,14.013571048387119,35.9649659693,1011.355489516129,-0.033335470509677424,0.43130571084583336
grid_m3.00_29.25,2011-04-01,22.788853361111133,14.149958680555578,10.89668280776,1011.6108715972223,0.09508442349236111,0.6494029586444445
grid_m3.00_29.25,2011-05-01,22.642103655914003,14.475270927419377,20.2875136841,1013.1422140456989,0.2197111301889247,0.7540576489249865
grid_m3.00_29.25,2011-06-01,22.76875829166669,12.7525402777778,19.67430121518,1013.7283291666666,0.23729400656852778,0.7884416798736111
grid_m3.00_29.25,2011-07-01,22.309454596774216,11.863054045698949,0.65660477746,1013.3570667338709,0.30107924665403224,0.816450443827016
grid_m3.00_29.25,2011-08-01,23.14152099462368,11.496083293010775,1.4815330498200001,1013.2508622311829,0.3251583958625,0.7070545268879033
grid_m3.00_29.25,2011-09-01,23.09723244444447,12.607053013888912,14.70994948192,1013.3546306249999,0.3923885558245833,0.5457973242898612
grid_m3.00_29.25,2011-10-01,22.638372903225825,13.443790080645185,20.0200080173,1011.4569362231182,0.35120365240431456,0.29054727984943546
grid_m3.00_29.25,2011-11-01,22.701064958333355,14.41089991666669,69.87428665638,1012.1169934722221,0.14753294998680555,0.23414505829986113
grid_m3.00_29.25,2011-12-01,22.300133602150563,15.284749798387121,76.70450199652,1012.585151814516,0.23072307187446237,0.23803066918400537
grid_m3.00_29.25,2012-01-01,24.06831482526884,12.833921451612925,7.7776909103000005,1011.5636885752689,0.7265287625403682,0.17359680348306453
grid_m3.00_29.25,2012-02-01,24.310617801724163,11.014428534482782,7.57884979222,1010.2582475574712,0.39691302000344825,0.5139174854442529
grid_m3.00_29.25,2012-03-01,24.557789892473142,13.512672016129056,18.80788813374,1011.6238545026882,0.09887999627056451,0.6766317647076344
grid_m3.00_29.25,2012-04-01,22.184086930555576,16.01074061111113,86.23599978374,1012.8333882638889,-0.01367490530136111,0.40650764113769444
grid_m3.00_29.25,2012-05-01,21.21771975806454,15.51614001344088,92.309952026,1014.0427995967742,0.2847149755831989,0.4574911464202957
grid_m3.00_29.25,2012-06-01,21.89596641666669,13.7730726527778,5.1918029764,1014.8271738194445,0.27419764112208334,0.7265644968708332
grid_m3.00_29.25,2012-07-01,22.07696935483873,12.22800163978497,0.78058242452,1013.7398014784945,0.24290634406048386,0.737445312577957
grid_m3.00_29.25,2012-08-01,22.510427083333354,10.859835846774216,8.29267501688,1013.7727732526882,0.4184822561748656,0.6022429739377151
grid_m3.00_29.25,2012-09-01,23.392499861111133,11.702743069444468,5.57374956596,1013.3760556944444,0.4974794816696292,0.4465006922025
grid_m3.00_29.25,2012-10-01,23.53070478494626,13.093908884408625,17.94624322706,1011.5873619623657,0.43529508535336026,0.28442356192708335
grid_m3.00_29.25,2012-11-01,22.227669777777802,14.969311625000023,56.1184885804,1012.4914766666667,0.31412048308208335,0.2714975131434722
grid_m3.00_29.25,2012-12-01,23.388895228494647,14.225100618279592,96.11844999678,1011.9499040322581,0.25129800214072584,0.2956402905372312
grid_m3.00_29.25,2013-01-01,23.853492150537658,15.092479086021527,22.499084581079998,1012.5083703629032,0.35409102845967744,0.24503299740591397
grid_m3.00_29.25,2013-02-01,24.661207247023828,13.134744047619067,2.27022173026,1011.2281539434523,0.36041373362619045,0.4670518454130952
grid_m3.00_29.25,2013-03-01,22.598913508064538,15.44813149193551,98.47545626026,1012.39449375,0.1490643617923387,0.40561163238131726
grid_m3.00_29.25,2013-04-01,21.786081888888912,16.710710750000025,109.00640459968,1013.2870984027778,0.08522357912444445,0.23979547288333333
grid_m3.00_29.25,2013-05-01,21.806994596774217,14.951408709677443,13.26704024694,1014.3993715725807,0.43573170262594085,0.633700236808199
grid_m3.00_29.25,2013-06-01,22.120086375000025,12.792664236111134,0.69046019994,1014.4786853472222,0.4123384686559722,0.8272591709789723
grid_m3.00_29.25,2013-07-01,22.379445793010774,11.559052137096797,0.5388259941,1014.2277953629033,0.3661147795154301,0.7238376971330646
grid_m3.00_29.25,2013-08-01,22.850222661290346,10.527470120967765,1.3074874911,1013.165108467742,0.6584805804375806,0.7919276060372312
grid_m3.00_29.25,2013-09-01,23.359766347222244,12.159877972222246,16.41774179378,1012.9034781944445,0.4467005204273611,0.3829656602152778
grid_m3.00_29.25,2013-10-01,23.038335456989273,12.176199166666688,9.69409937624,1012.4809589381721,0.6468115571907258,0.4307679631182796
grid_m3.00_29.25,2013-11-01,23.529005694444468,12.932936611111133,10.230541263020001,1011.3114830555556,0.3674932474794445,0.3639970335611111
grid_m3.00_29.25,2013-12-01,22.463494543010775,15.057641989247335,143.95618458844,1012.8335022177419,0.3174909144563172,0.2209561262045699
grid_m3.00_29.25,2014-01-01,23.71330454301078,14.143569623655937,12.18318941978,1012.0780728494624,0.4762197519426075,0.3558116224071103
grid_m3.00_29.25,2014-02-01,23.6797320386905,13.861988913690498,19.65665817336,1011.1805087053572,0.12856690156379463,0.24185770980937502
grid_m3.00_29.25,2014-03-01,24.30391682795701,14.147526397849484,19.13547515294,1011.7257756048386,0.22506574425913978,0.6298020474975806
grid_m3.00_29.25,2014-04-01,23.487378777777803,14.294267527777802,21.90780629636,1012.775226875,-0.042717636461805555,0.7710949774441667
grid_m3.00_29.25,2014-05-01,24.024747889784972,12.645710739247333,2.18439105748,1013.0449186155914,0.27120612770780916,1.0762082385411291
grid_m3.00_29.25,2014-06-01,23.54598666666669,12.585526361111134,3.33166122354,1014.3771725694445,0.31764335587344444,0.8994255002365279
grid_m3.00_29.25,2014-07-01,23.695426317204326,10.525342607526904,0.31471252106000003,1015.3272065860215,0.3160679101337366,0.975531033266129
grid_m3.00_29.25,2014-08-01,23.55948474462368,11.626957862903248,7.37047196428,1014.0226058467741,0.34896022103282254,0.6994900650077958
grid_m3.00_29.25,2014-09-01,23.299943638888912,12.167530500000023,21.72231667958,1013.3084880555556,0.36643534799777777,0.6334586870641666
grid_m3.00_29.25,2014-10-01,23.56504495967744,13.723412647849486,24.78647242852,1012.2814755376345,0.3370919378049328,0.3945218765649193
grid_m3.00_29.25,2014-11-01,22.95380018055558,14.581606208333357,14.26362990026,1012.1746718750001,0.37266139915612495,0.3435701584236111
grid_m3.00_29.25,2014-12-01,22.69777748655916,15.396085053763462,92.77820607266,1012.813994422043,0.4310802247936828,0.21310958144596776
grid_m3.00_29.25,2015-01-01,23.392603239247336,14.292642634408626,7.76433947944,1013.0111152553764,0.5425096698250538,0.05088176705819892
grid_m3.00_29.25,2015-02-01,23.999218467261926,14.064266383928596,10.14375683344,1011.4376948660714,0.4510278250578869,0.2525397942769345
grid_m3.00_29.25,2015-03-01,23.39419405913981,15.040070470430129,95.29209138948,1011.8588518817205,0.4183097761721774,0.5023803293122312
grid_m3.00_29.25,2015-04-01,21.723982222222244,16.94930968055558,119.40193187166,1013.7900413888888,0.2060366731961111,0.14014316079666667
grid_m3.00_29.25,2015-05-01,21.887106948924757,16.264633803763466,13.2222175289,1014.4800948924731,0.4441436031504032,0.5237013504209678
grid_m3.00_29.25,2015-06-01,22.362697375000025,14.472327277777799,1.79672241486,1014.8640372916666,0.42229921498458334,0.5049087527236111
grid_m3.00_29.25,2015-07-01,22.52393993279572,12.764226008064538,0.6060600362,1014.8069346774193,0.6326052955747312,0.7115899567141128
grid_m3.00_29.25,2015-08-01,23.06111303763443,11.973425094086043,0.0138282773,1013.6452664650537,0.8027001453884408,0.7157784740692205
grid_m3.00_29.25,2015-09-01,24.173806444444466,12.763549597222244,9.96255879066,1012.7561581944444,0.7250383384218055,0.4733686657240417
grid_m3.00_29.25,2015-10-01,23.339030228494646,15.006634206989268,37.94813159942,1012.8555333333333,0.515780254025242,0.2148607507141129
grid_m3.00_29.25,2015-11-01,22.522195722222243,16.18560023611113,46.96369195536,1012.8001428472222,0.3292036056788889,0.12470489014194444
grid_m3.00_29.25,2015-12-01,22.847249610215076,16.341795362903248,67.74091695026,1013.9894747311828,0.4361457618379435,0.1684405006081989
grid_m3.00_29.25,2016-01-01,23.29235340053766,17.102688024193572,45.365333454,1013.4251589381721,0.3025839816660215,0.11053534514005377
grid_m3.00_29.25,2016-02-01,23.358659712643703,15.708143778735657,17.77124402956,1012.6113119971264,0.4708555816543103,0.23612969530545977
grid_m3.00_29.25,2016-03-01,24.512247553763466,15.95768797043013,11.23142240936,1012.037629233871,0.40550628873954303,0.4371084595751344
grid_m3.00_29.25,2016-04-01,22.757293847222247,17.624726638888912,299.9811184437,1013.2796183333332,0.03423258370793055,0.32643699629666667
grid_m3.00_29.25,2016-05-01,22.675007728494645,16.682402715053787,12.75920857076,1014.875737298387,0.5170100630350806,0.6568386136321236
grid_m3.00_29.25,2016-06-01,22.300656902777803,14.33676641666669,3.28063964536,1016.0037719444445,0.4743171908358431,0.8003912869650693
grid_m3.00_29.25,2016-07-01,22.65069567204303,13.317196680107548,0.11348724378,1014.663392876344,0.41357442329051075,0.8641650505196237
grid_m3.00_29.25,2016-08-01,22.88001467741938,11.837417715053787,0.6222724859000001,1014.1315057795699,0.6612516632354839,0.7896273614485161
grid_m3.00_29.25,2016-09-01,24.221975583333354,11.894180736111133,1.88016891576,1012.9468794444444,0.7624709240024999,0.6493104510895833
grid_m3.00_29.25,2016-10-01,23.504454220430134,14.072973534946259,69.42701332868,1011.6835727150539,0.6903787211922178,0.28817720302016125
grid_m3.00_29.25,2016-11-01,22.606964388888912,14.70240341666669,34.62791432828,1012.5091310416667,0.5070980279734723,0.2533524403002778
grid_m3.00_29.25,2016-12-01,23.713362056451636,13.582008225806474,4.3745040599800005,1011.9959840725807,0.4780366344222581,0.4548972759341398
grid_m3.00_29.25,2017-01-01,24.595031505376365,13.38663239247314,4.23955917702,1011.6209549731183,0.48493186621559137,0.2699398712704301
grid_m3.00_29.25,2017-02-01,23.703981205357167,14.601634940476211,27.72426598134,1011.9286015624999,0.2523445398116578,0.38485218170982144
grid_m3.00_29.25,2017-03-01,23.478680967741955,15.074758172043033,26.24082559098,1011.9954014784946,0.08516192713091399,0.5005488441698924
grid_m3.00_29.25,2017-04-01,22.97473113888891,15.174680569444467,24.0039825218,1012.8142246527779,0.1761082966461111,0.7427535081151388
grid_m3.00_29.25,2017-05-01,22.919976196236583,14.296490268817227,13.39864731818,1014.2420345430107,0.3374764420584678,0.8387027824549732
grid_m3.00_29.25,2017-06-01,23.48716466666669,13.070146472222245,0.0395774843,1014.0025146527779,0.5641462533477778,0.9372838773210694
grid_m3.00_29.25,2017-07-01,23.575938924731208,10.924934704301098,0.7557868961599999,1014.7327580645161,0.4529110687676075,0.8651591478576881
grid_m3.00_29.25,2017-08-01,23.397560336021527,12.764439086021527,9.50860976334,1013.543190188172,0.5760997490340054,0.8094818967517472
grid_m3.00_29.25,2017-09-01,24.310422444444466,12.143558875000023,4.13560865854,1012.9645225694445,0.3997714579230833,0.5871358675475
grid_m3.00_29.25,2017-10-01,24.408176115591424,13.09764663978497,7.87639618512,1011.8123641801075,0.449249443758871,0.3880624062567204
grid_m3.00_29.25,2017-11-01,23.050190833333357,14.744438611111132,39.2785070591,1012.1293794444443,0.41265568908541667,0.3997298109015278
grid_m3.00_29.25,2017-12-01,23.786105900537656,15.014485645161313,34.28220753318,1011.9541771505377,0.37380899377037635,0.43477148648548386
grid_m3.00_29.25,2018-01-01,21.75733723118282,15.384465698924753,101.65452982204,1012.8212723790323,0.13927113884407125,0.12410916547177418
grid_m3.00_29.25,2018-02-01,23.60400531250002,15.142672023809547,14.4457817497,1010.8523616815477,0.3519486921041667,0.30980221503973215
grid_m3.00_29.25,2018-03-01,22.80607799731185,15.605630524193572,45.79591753816,1012.4509947580644,0.008448406663037632,0.2249396122783602
grid_m3.00_29.25,2018-04-01,21.538577500000024,17.195599472222245,308.96568291432,1013.4792990972221,-0.12248747055887223,0.2852863027159722
grid_m3.00_29.25,2018-05-01,21.928871908602172,16.360364905914,14.44816591498,1014.0286745295699,0.4272806315290323,0.5681146821634409
grid_m3.00_29.25,2018-06-01,21.826683430555576,14.2002191527778,2.69746780838,1015.3367166666667,0.44320392649833334,0.6698739777388889
grid_m3.00_29.25,2018-07-01,21.95270348118282,13.134636760752711,4.44316867036,1016.0519585349463,0.503058115665457,0.9084664284575269
grid_m3.00_29.25,2018-08-01,22.486036048387117,13.547303333333359,12.87651066572,1014.6920963709676,0.47572144133575267,0.4552458084475806
grid_m3.00_29.25,2018-09-01,24.25136430555558,12.596953430555578,6.8082808729,1011.9632540972223,0.7891211623558334,0.5618008085416667
grid_m3.00_29.25,2018-10-01,23.783617741935505,14.052757701612926,20.055294128459998,1012.6680198252689,0.5308238821061828,0.41230386376209677
grid_m3.00_29.25,2018-11-01,23.54306888888891,14.863483694444467,31.11839291582,1012.2046824999999,0.3874628860150556,0.4090088961861111
grid_m3.00_29.25,2018-12-01,22.6486247715054,15.471327997311851,80.49011220428,1013.4297287634408,0.2857438973168011,0.231607704647043
grid_m3.00_29.25,2019-01-01,23.83858016129035,14.690923413978517,17.2805786304,1012.9001677419354,0.4107635241783602,0.40065176801505376
grid_m3.00_29.25,2019-02-01,24.747162291666687,14.317669955357164,12.26234436314,1012.0493347470239,0.2699379921549107,0.4568144937529762
grid_m3.00_29.25,2019-03-01,24.25063362903228,14.652724314516153,12.21227654724,1012.3461497311829,0.3058991993583333,0.36729193183104836
grid_m3.00_29.25,2019-04-01,24.071237569444463,16.018306847222245,85.54840081426,1012.4096422916666,0.07884103957694444,0.5806436314986111
grid_m3.00_29.25,2019-05-01,23.09842579301078,16.308572217741958,14.2025947532,1013.6402973790322,0.1583891017748656,0.7244085892695564
grid_m3.00_29.25,2019-06-01,22.724929180555577,15.495494097222245,14.52827455288,1015.3333704166668,0.09968214566597222,0.8068003116292362
grid_m3.00_29.25,2019-07-01,22.595467190860237,13.587310174731206,9.9215506943,1014.4793845430107,0.26241468650954297,0.6889176924241935
grid_m3.00_29.25,2019-08-01,23.67950297043013,12.498775672043031,1.21736527626,1014.6396374999999,0.6673875633232258,0.766833133590457
grid_m3.00_29.25,2019-09-01,24.21593793055558,12.918007319444468,12.080669458320001,1012.934086875,0.6345746768670834,0.6373902199316667
grid_m3.00_29.25,2019-10-01,22.987617620967765,14.214026653225828,23.98824691614,1012.1510420026882,0.4920992704461022,0.40309280593951613
grid_m3.00_29.25,2019-11-01,23.34422838888891,14.427050097222244,55.7279585828,1011.8106890277777,0.24329109286513886,0.2607408950774528
grid_m3.00_29.25,2019-12-01,22.042869233870988,17.262420685483892,462.07714353536,1013.0657928763441,0.045837955832123654,-0.035601317775040324
grid_m3.00_29.25,2020-01-01,22.62059228494626,16.95647911290325,120.26166952798,1013.3711092741936,0.31466266015658606,-0.07462805035564515
grid_m3.00_29.25,2020-02-01,23.121817715517267,16.57654945402301,74.26643340272,1013.1535826149426,0.36197130594367816,0.1263003511408046
grid_m3.00_29.25,2020-03-01,22.97963532258067,17.085344905914,116.12749064018,1012.8886321236558,0.10254747861364248,0.13509756471532258
grid_m3.00_29.25,2020-04-01,22.662917069444468,17.38029213888891,177.82831170546,1013.7761895833333,-0.01417124036625,0.34179831629722224
grid_m3.00_29.25,2020-05-01,22.449034543010775,16.44122162634411,20.93648903808,1015.1426647849463,0.4028592060100941,0.5535477211025538
grid_m3.00_29.25,2020-06-01,22.463138222222245,15.459737847222245,16.368389102960002,1015.1479147916666,0.34904524423805555,0.7008277694769445
grid_m3.00_29.25,2020-07-01,22.120639395161316,14.287617043010776,4.86183166268,1014.4133948924731,0.2619966306594758,0.8008589389899193
grid_m3.00_29.25,2020-08-01,24.014800389784966,12.911607325268841,1.7852783173,1013.060409139785,0.5968398852047043,0.7399115220048388
grid_m3.00_29.25,2020-09-01,23.986598444444468,13.147700625000024,5.45310976412,1012.6453065972222,0.6455215236653611,0.6249453029513888
grid_m3.00_29.25,2020-10-01,23.421984395161314,13.806581827957013,24.9114035766,1012.5774934139785,0.6161025056049731,0.41233521809892476
grid_m3.00_29.25,2020-11-01,22.787786777777804,15.70156629166669,56.22720722304,1012.8737541666667,0.42130293639902777,0.16669358067597223
grid_m3.00_29.25,2020-12-01,23.249934583333356,15.652346814516152,48.66266235522,1012.6640475806452,0.4672670466946236,0.2827405810295699
grid_m3.00_29.25,2021-01-01,22.60149208333336,15.512885887096797,92.86308279642,1012.4649355510753,0.3151463448623656,0.12553572014879033
grid_m3.00_29.25,2021-02-01,23.543961279761927,15.244329642857164,20.84302898932,1012.3029288690476,0.1681215645184524,0.1857744625117113
grid_m3.00_29.25,2021-03-01,23.26015489247314,15.0754110215054,40.11392607818,1011.5830822580645,0.24579283929892473,0.31499308851706986
grid_m3.00_29.25,2021-04-01,23.132598375000022,16.34377713888891,23.08464045798,1013.1114168749999,-0.031599616868125,0.6054688142615278
grid_m3.00_29.25,2021-05-01,22.791557526881743,16.73014428763443,217.26035988006,1014.2267069892474,0.2306366170202957,0.5629007688239248
grid_m3.00_29.25,2021-06-01,22.593118833333357,14.729185472222245,7.6785087687199995,1014.8491954166667,0.4795801163255555,0.8069613779206944
grid_m3.00_29.25,2021-07-01,22.671172002688195,13.81657551075271,3.17430495676,1015.8886605510753,0.3319987226979167,1.0726474020726613
grid_m3.00_29.25,2021-08-01,23.599668064516155,13.157402513440884,8.51964954718,1014.0771479166666,0.5050851970221775,0.6852415127758064
grid_m3.00_29.25,2021-09-01,24.05844533333336,12.8565706527778,5.2695274330199995,1012.9684304861111,0.5585236654176389,0.5980885893413889
grid_m3.00_29.25,2021-10-01,24.13137643817206,14.330224690860238,24.25622939952,1012.2298830645162,0.4600056275337366,0.41670567796639785
grid_m3.00_29.25,2021-11-01,23.461842444444468,14.11862951388891,33.09106814628,1011.9889050694444,0.6217244894170834,0.34913098962125
grid_m3.00_29.25,2021-12-01,23.306453709677445,15.034853118279594,21.41141888314,1012.430424327957,0.42363730816935485,0.38003847518682793
grid_m3.00_29.25,2022-01-01,23.43574801075271,14.84359500000002,107.08570463494,1012.514514516129,0.40897486219630375,0.14820246653077956
grid_m3.00_29.25,2022-02-01,22.147549122023833,16.05672392857145,86.0886574034,1012.9162373511905,0.18037602988794643,0.06322508824092263
grid_m3.00_29.25,2022-03-01,23.506187365591423,15.556312795698947,50.8251190559,1011.2548499327957,0.2604472247879032,0.2308044655126344
grid_m3.00_29.25,2022-04-01,22.488161972222244,16.640638750000026,169.31724654598,1012.0017122222222,0.28406613645305556,0.3522686857436111
grid_m3.00_29.25,2022-05-01,22.34634783602153,16.53087223118282,33.5340498507,1014.5388390456989,0.46283570154260756,0.5170660732930108
grid_m3.00_29.25,2022-06-01,22.02191704166669,14.4752164027778,0.21314620938,1014.5686434027778,0.465717211719375,0.8191297315499999
grid_m3.00_29.25,2022-07-01,22.716797580645185,13.310901424731206,29.81567394898,1015.0310872983872,0.45232426186478497,0.9449205102571236
grid_m3.00_29.25,2022-08-01,23.060590174731207,13.717716397849486,17.41027841616,1013.3516441532257,0.3236333168685484,0.6170878865685484
grid_m3.00_29.25,2022-09-01,23.481167944444465,13.843068791666688,9.06515111796,1012.8448561111111,0.5087456382021917,0.5361230643151389
grid_m3.00_29.25,2022-10-01,24.202631881720453,12.61052927419357,15.01321795232,1011.9163904569892,0.7860510838392474,0.5269253427214919
grid_m3.00_29.25,2022-11-01,22.13930880555558,15.612403763888912,120.7571029447,1012.9857224305555,0.5317603660448611,0.20135459995861113
grid_m3.00_29.25,2022-12-01,22.264904556451633,15.449632674731205,106.1048508786,1012.7712352822581,0.3506635890919355,0.17037436768575268
grid_m3.00_29.25,2023-01-01,22.67972926075271,14.589107123655937,18.31674571154,1012.7600938172043,0.527377282124328,0.15255048157325268
grid_m3.00_29.25,2023-02-01,24.166308720238117,13.212910014880974,15.504836899939999,1012.2361244047619,0.4130819418270833,0.08128910983541666
grid_m3.00_29.25,2023-03-01,22.775950698924756,15.800083185483892,125.1831053989,1012.628326344086,0.11402677661438172,0.17796848762919354
grid_m3.00_29.25,2023-04-01,22.7851002777778,16.72805681944447,46.4944838317,1012.2474059722223,0.11918379482883333,0.4234099631416666
grid_m3.00_29.25,2023-05-01,23.03255655913981,16.772752137096795,130.95331175948,1014.2620718413978,0.4176572164172043,0.5698332023135753
grid_m3.00_29.25,2023-06-01,22.723930166666687,15.378004458333358,18.10646070626,1014.7042497916666,0.4421943454601389,0.659177549075
grid_m3.00_29.25,2023-07-01,23.21253844086024,12.763143817204323,0.25129318154,1015.7878504704302,0.28920489622741935,1.016464623800672
grid_m3.00_29.25,2023-08-01,24.357429274193574,12.266002836021528,1.2030601510599999,1013.9622396505376,0.8926728575501345,0.8923899335879033
grid_m3.00_29.25,2023-09-01,23.528073472222246,15.177342277777802,60.50443657606,1013.19382875,0.4174597003580555,0.21981491368958336
grid_m3.00_29.25,2023-10-01,24.435998844086043,13.788981572580667,5.47647473772,1012.0325543010753,0.6068460402994624,0.384841138225672
grid_m3.00_29.25,2023-11-01,22.437253069444466,16.41918598611113,83.6319923272,1013.0298201388889,0.41190619927838057,0.16225197871458333
grid_m3.00_29.25,2023-12-01,22.908877620967765,17.10533487903228,94.7999953694,1013.1724531586021,0.26804504779974464,0.2380720369451613
grid_m3.00_29.25,2024-01-01,22.097972540322605,17.48130903225809,267.92812379278,1014.7299961693548,0.08361646147930107,-0.04210843427110215
grid_m3.00_29.25,2024-02-01,24.036298448275886,16.362479468390827,16.0536767199,1013.5955655172413,0.3964714339353448,0.13415268611494252
grid_m3.00_29.25,2024-03-01,24.575057701612927,16.44508383064518,72.09444049236,1012.9471081989248,0.18196431733625001,0.4490800879202957
grid_m3.00_29.25,2024-04-01,23.036256847222244,18.08899441666669,149.6496201033,1013.2547400000001,-0.07374978082458333,0.3348565838961111
grid_m3.00_29.25,2024-05-01,23.878741438172064,17.942640497311853,107.45525379422,1014.0419472446237,0.3341671320571237,0.5973182656505377
grid_m3.00_29.25,2024-06-01,22.86370191666669,14.6145936527778,4.01353835622,1015.1132316666667,0.38267369850430555,0.7774425285926388
grid_m3.00_29.25,2024-07-01,23.329741532258087,13.292277432795721,3.4670830247400004,1014.544498857527,0.2076382177473656,0.5892677917708333
grid_m3.00_29.25,2024-08-01,23.26424447580647,12.83788043010755,0.5807876509,1014.0228235215053,0.43370847999993684,0.8220708080470429
grid_m3.00_29.25,2024-09-01,24.568999097222246,11.740764138888911,8.16106796096,1012.7683483333333,0.8353344821795833,0.6604023150958334
grid_m3.00_29.25,2024-10-01,23.350060712365615,15.472629005376367,62.55722037002,1013.3501761424731,0.44353202081986554,0.2576855481920161
grid_m3.00_29.25,2024-11-01,22.388870833333357,15.866393111111133,74.2802617725,1013.173156388889,0.3993662719236111,0.16761146062444443
grid_m3.00_29.25,2024-12-01,22.44156657258067,16.476279448924753,154.33645234228,1013.4309221774193,0.47283951908709676,0.20121225798991935
grid_m3.00_29.25,2025-01-01,23.119309301075294,15.190317580645186,29.13355824446,1012.687194422043,0.5045624607004704,0.0794914812267473
grid_m3.00_29.25,2025-02-01,24.64431241071431,14.156149077380974,9.90200045726,1011.3306515625,0.5856939724900297,0.39648106101101194
grid_m3.00_29.25,2025-03-01,23.357068400537656,16.045781317204323,80.79195044752,1012.4574806451614,0.23745411733938174,0.267986152200672
grid_m3.00_29.25,2025-04-01,22.58565581944447,17.018848958333358,98.8798141903,1012.9043022916667,0.24519193368819445,0.35986687725138894
grid_m3.00_29.25,2025-05-01,22.234497580645183,16.638446854838733,59.29040895432,1014.9000336693549,0.34028734128532256,0.5779290557698925
grid_m3.00_29.25,2025-06-01,22.27741531944447,14.822159513888911,9.41753393096,1015.75192375,0.42416515361262497,0.6173736980429166
grid_m3.00_29.25,2025-07-01,22.245743548387118,13.83376864247314,5.82170488976,1016.0499274193547,0.48306747397674726,0.7733569363544355
grid_m3.00_29.25,2025-08-01,22.314243763440885,12.638267889784968,5.41877745228,1014.7702280241934,0.206818529972789,0.6798024131119623
grid_m3.00_29.25,2025-09-01,23.1581466527778,12.649449083333355,5.07020950412,1013.4719318055556,0.6275138626169444,0.4808147862256944
grid_m3.00_29.25,2025-10-01,23.37156166666669,14.061760604838732,21.39329909836,1012.8518659274193,0.41893147046837365,0.2739867543252688
grid_m3.00_29.25,2025-11-01,23.266237333333358,14.535750180555578,9.83667376844,1012.7916196527777,0.51259534600175,0.4344761961209722
grid_m3.00_29.25,2025-12-01,23.321818911290343,14.82158293010755,32.08446503184,1012.2759684811828,0.34481439870798924,0.29174330751344085
grid_m3.00_29.25,2026-01-01,23.594977486559163,14.818665255376366,29.30068974706,1012.5900716397849,0.4329952947969086,0.23113207669650537
grid_m3.00_29.25,2026-02-01,22.60507625000002,15.805621250000023,94.40994271836,1013.4026713541666,0.07138118300608631,0.22129054265327383
grid_m3.00_29.25,2026-03-01,22.446639354838734,17.078690685483892,188.15565157604001,1012.1128995295699,0.11993885684448925,0.13749741954704303
grid_m3.00_29.25,2026-04-01,24.028923333333356,16.645159583333353,0.0705718996,1011.7252854166667,0.4942143742625,0.6031878769375
