location,month_start,t2m_mean_C,d2m_mean_C,tp_sum_mm,msl_mean_hPa,u10_mean,v10_mean
grid_m4.00_29.50,1940-01-01,20.21313591397852,16.555077110215077,434.92794027642,1012.4096606182795,0.038763682231451616,0.17207453285295699
grid_m4.00_29.50,1940-02-01,20.311754137931057,16.97369100574715,485.35990751152,1012.6524011494253,0.06070005383850575,0.3382105552983477
grid_m4.00_29.50,1940-03-01,20.39761103494626,16.937504932795722,415.3959749826,1012.2153718413978,0.15983692376478495,0.2731218027659946
grid_m4.00_29.50,1940-04-01,20.136150708333357,17.42589505555558,531.76426955496,1012.8659945138888,-0.10339592974944445,0.6131788030904167
grid_m4.00_29.50,1940-05-01,20.317565631720452,17.282378965053784,417.70505971468,1013.096323655914,-0.018884883877016128,0.49205166840725806
grid_m4.00_29.50,1940-06-01,20.618666083333355,16.276752013888913,41.737318062359996,1014.9582134027778,0.1438321424075,0.58231499957
grid_m4.00_29.50,1940-07-01,21.03697709677422,14.548650483870992,8.0823898812,1014.915035282258,0.14114615789623655,0.6555745520691666
grid_m4.00_29.50,1940-08-01,21.992784475806474,13.56008538978497,4.49967385268,1013.5567222446236,0.39819354386747313,0.692087643780914
grid_m4.00_29.50,1940-09-01,20.454240486111132,16.63848279166669,529.19864656128,1013.510431875,0.22334872396833333,0.1201541262138889
grid_m4.00_29.50,1940-10-01,20.137495954301098,17.21105596774196,706.41898995334,1013.1469681451613,0.05818038934300269,0.5143387082553763
grid_m4.00_29.50,1940-11-01,19.654416236111132,16.69901430555558,458.30678929998,1012.0591844444444,0.06182883871951389,0.6678368691009722
grid_m4.00_29.50,1940-12-01,20.278060618279593,17.115966962365615,584.77735515166,1012.9902084005377,-0.21840661521586022,0.8509968441026882
grid_m4.00_29.50,1941-01-01,20.48063897849465,16.948268709677443,432.21235286168,1013.7573211021505,-0.03586957844892473,0.45868829022446234
grid_m4.00_29.50,1941-02-01,20.781486279761925,17.665303913690497,492.83385268478,1013.2357044642856,-0.05921170853020833,0.6360609644355952
grid_m4.00_29.50,1941-03-01,21.94002790322583,17.681297056451633,362.34497964718,1012.3719489247312,0.1706627264905914,-0.22909502813966398
grid_m4.00_29.50,1941-04-01,21.066742152777802,17.818037805555576,310.83536112074,1013.3963813194443,0.06142459408638889,0.551827235874861
grid_m4.00_29.50,1941-05-01,20.091090752688196,17.13513052419357,379.44078425358,1014.6661418010752,-0.02616964389044355,0.5144873170784946
grid_m4.00_29.50,1941-06-01,20.740186583333355,16.981084388888913,154.96087057584,1015.9356463888889,0.11416988412097222,0.31447135092713885
grid_m4.00_29.50,1941-07-01,20.258919717741957,15.801010349462388,43.17688923068,1015.8185951612903,0.17600051299633065,0.5554036787553763
grid_m4.00_29.50,1941-08-01,21.18901362903228,15.585686559139809,47.71280254572,1013.8254300403225,0.24323350095752688,0.41510005552137097
grid_m4.00_29.50,1941-09-01,21.787998847222244,15.51898516666669,72.37100635496,1011.9933908333334,0.3528780708839194,0.3780341874097222
grid_m4.00_29.50,1941-10-01,21.7963637231183,16.717561895161314,287.57071527428,1012.3013362903226,0.18688581348266128,0.5096522297469086
grid_m4.00_29.50,1941-11-01,20.09798973611113,16.894247125000025,520.55430383334,1012.4720752777778,0.2456651689047222,0.3753274503690278
grid_m4.00_29.50,1941-12-01,19.97933151881723,16.840844435483895,582.20195780602,1013.6517708333333,-0.050029200363172044,0.6516538471291666
grid_m4.00_29.50,1942-01-01,20.511388252688196,16.940957419354863,590.6276701318,1013.3809534274194,-0.2678912745698925,0.7929878236708333
grid_m4.00_29.50,1942-02-01,21.35511809523812,17.18200992559526,323.00591450238,1010.790985639881,-0.01101696432916667,0.5688121444651786
grid_m4.00_29.50,1942-03-01,20.198113400537657,17.318587661290344,532.38868701922,1011.8774016129032,-0.046990281006317206,0.5866855295252688
grid_m4.00_29.50,1942-04-01,19.839175763888914,17.18829770833336,523.29921707108,1013.3094115972222,-0.1285252469451389,0.7064584748304167
grid_m4.00_29.50,1942-05-01,20.281455725806474,17.018925591397874,284.24549123224,1013.4361173387097,-0.025318412059327954,0.5245790141449301
grid_m4.00_29.50,1942-06-01,20.79743154166669,16.15661268055558,81.30335807164,1013.7894141666667,0.28655681623309304,0.25346157329448615
grid_m4.00_29.50,1942-07-01,19.819908870967765,13.981388750000022,14.93978496706,1014.9079081317203,0.17270508683185484,0.6853190251080645
grid_m4.00_29.50,1942-08-01,21.493887526881746,13.797614341397873,5.47862055974,1012.579990389785,0.27376976809494624,0.5738614406061827
grid_m4.00_29.50,1942-09-01,22.48364170833336,13.273226500000023,11.5513802038,1011.5290749305556,0.42824819401652775,0.7525798363719444
grid_m4.00_29.50,1942-10-01,21.873680215053785,16.426944408602175,293.55859654312,1010.9248460349462,0.341578595991621,0.5300072708889785
grid_m4.00_29.50,1942-11-01,20.556435111111135,16.997331680555575,414.5631786379,1010.7433914583333,-0.019498719133472217,0.7148957363186111
grid_m4.00_29.50,1942-12-01,20.212577150537655,16.97031404569895,539.72887928626,1011.2233002688173,-0.2532277468592473,0.5636313240430108
grid_m4.00_29.50,1943-01-01,20.85056286290325,17.21856485215056,424.85070315056,1010.4443982526883,-0.0781534687735215,0.7639891306995967
grid_m4.00_29.50,1943-02-01,20.47232474702383,17.3568895386905,593.83129965508,1011.6447130952381,-0.19410325602708337,0.5990943224839881
grid_m4.00_29.50,1943-03-01,20.24585224462368,17.240072849462386,514.4574639842,1010.3279692876345,-0.1839668849611559,0.5292148103898253
grid_m4.00_29.50,1943-04-01,19.734985819444468,17.156853736111135,520.81108149022,1012.7843596527778,-0.3110939110765,0.7035447230860139
grid_m4.00_29.50,1943-05-01,19.810381814516152,15.86287360215056,269.8631287618,1012.898891061828,-0.06789201315107526,0.3974243303530914
grid_m4.00_29.50,1943-06-01,20.093530944444467,14.37627366666669,10.70928575738,1014.2544597916667,0.061111534734444445,0.7451841149366667
grid_m4.00_29.50,1943-07-01,20.59076290322583,14.067209045698947,19.8936461856,1014.0048827284946,0.14109191005482527,0.4956557757083065
grid_m4.00_29.50,1943-08-01,20.98945051075271,14.38028560483873,47.80387869274,1012.3282080645162,0.32568168556465055,0.34745600046384406
grid_m4.00_29.50,1943-09-01,21.17455854166669,15.280510972222244,65.06180793174,1012.4871751388889,0.28920580526295836,0.4011622319865278
grid_m4.00_29.50,1943-10-01,21.595075000000023,15.765453991935505,202.25310370704,1010.7559524865592,0.2814067096557796,0.5437537985323925
grid_m4.00_29.50,1943-11-01,20.30549226388891,17.1495934027778,625.00834447054,1010.9570852777779,-0.1799120157276389,0.6156153149605833
grid_m4.00_29.50,1943-12-01,20.348688400537657,17.44527043010755,557.1577551950201,1011.5465296370968,-0.1664392427798387,0.9383978834298119
grid_m4.00_29.50,1944-01-01,20.18811987903228,16.958208239247334,611.90867411732,1013.1785255376344,-0.28281860139462367,0.96138849511918
grid_m4.00_29.50,1944-02-01,21.098622931034505,17.345980862068988,426.00774813066,1012.328369683908,-0.35082413583505745,0.9318151804528736
grid_m4.00_29.50,1944-03-01,20.907843494623677,17.563270524193573,519.07086237392,1011.3626407930108,-0.2017672754561828,0.7162686006470834
grid_m4.00_29.50,1944-04-01,20.402566069444468,17.647122125000024,670.62854747046,1012.4847965972222,-0.12332604680333334,0.6335317401168056
grid_m4.00_29.50,1944-05-01,19.88363485215056,16.808109381720453,417.75274285284,1012.8811654569893,0.04941326671236559,0.7770248536946237
grid_m4.00_29.50,1944-06-01,20.766243972222245,16.305689944444467,53.80582814572,1013.1265935416667,0.14525171909654166,0.6098442725902777
grid_m4.00_29.50,1944-07-01,20.18475540322583,14.520225685483895,23.076772599639998,1014.9778190188172,0.07316710335611559,0.8743278129544355
grid_m4.00_29.50,1944-08-01,21.783289422043033,14.452197043010775,17.40646363196,1013.1039821908602,0.24640428330577954,0.6684200926303763
grid_m4.00_29.50,1944-09-01,22.601869819444467,14.396956625000023,31.599044788340002,1012.1661484027778,0.34170140233222224,0.5986296145369445
grid_m4.00_29.50,1944-10-01,21.414033306451635,17.333266612903248,514.76097143538,1011.0554846774195,0.04610305742008065,0.4082228140534946
grid_m4.00_29.50,1944-11-01,20.112888388888912,16.978043777777803,547.79696529332,1011.5547989583333,-0.03859492396347222,0.6213109327124999
grid_m4.00_29.50,1944-12-01,20.21822751344088,17.2913698387097,563.24005066274,1010.690585282258,-0.1669798664887097,0.7022408118865591
grid_m4.00_29.50,1945-01-01,20.39908681451615,16.952487043010773,533.53309590216,1011.7231475806451,-0.23445709310416668,0.7404720361073925
grid_m4.00_29.50,1945-02-01,20.42885803571431,16.86669479166669,480.76820423486,1010.7391699404761,0.10154998312648811,0.3255058699681547
grid_m4.00_29.50,1945-03-01,20.114378185483893,17.33494244623658,746.56510427344,1012.7618254032258,-0.15228931940215054,0.742736856804301
grid_m4.00_29.50,1945-04-01,19.8522051527778,17.37654193055558,487.17927942546,1012.6800267361111,-0.23664762658013888,0.7519992815944445
grid_m4.00_29.50,1945-05-01,19.810729314516152,16.65943040322583,304.28886506701997,1013.0017831317203,-0.07107441475748656,0.4479191483055712
grid_m4.00_29.50,1945-06-01,20.374890722222244,15.555804138888913,36.0739231062,1014.468494861111,0.09231211379339306,0.68464547840375
grid_m4.00_29.50,1945-07-01,20.218016182795722,14.193773844086044,7.07006455482,1014.202433669355,0.16867126282626344,0.7171853584123656
grid_m4.00_29.50,1945-08-01,20.89591364247314,15.301601465053787,63.05289259304,1013.2154210349462,0.2606558242039919,0.5702164981428225
grid_m4.00_29.50,1945-09-01,22.008566569444465,14.604961777777799,77.1703716974,1013.2276291666667,0.29042036326972226,0.5312623707430556
grid_m4.00_29.50,1945-10-01,21.443115080645185,17.12060006720432,228.18398524024,1011.8866649865591,0.20376063909744624,0.5541224527576614
grid_m4.00_29.50,1945-11-01,20.334573666666692,17.148314583333352,585.15000381502,1011.44546,-0.20513552112083333,0.7412714223134722
grid_m4.00_29.50,1945-12-01,20.065116935483893,16.846732553763463,621.4656821086,1012.571235954301,-0.17471479667258064,0.6429837748387096
grid_m4.00_29.50,1946-01-01,20.44353532258067,17.13950676075271,579.78629991306,1012.2280027553763,-0.2819047412385753,0.5998572479473119
grid_m4.00_29.50,1946-02-01,21.680161755952405,17.769968511904786,388.51547157092,1010.7710697172619,-0.27395850649047615,0.7103791020963245
grid_m4.00_29.50,1946-03-01,21.35040934139787,17.85973737903228,465.20399962116,1010.8392569892474,-0.20428938486959677,0.6562273939932796
grid_m4.00_29.50,1946-04-01,20.393517625000023,17.904111458333357,549.37243446368,1012.4699430555556,-0.23859799706415277,0.7185622319231944
grid_m4.00_29.50,1946-05-01,20.148300268817227,17.215706411290345,394.49429526456,1013.2855415994625,-0.1145057438720699,0.3827615530003495
grid_m4.00_29.50,1946-06-01,20.2620662777778,15.365645486111134,16.10922824462,1014.9730292361112,0.18101872334009722,0.5080050154154166
grid_m4.00_29.50,1946-07-01,20.67157721774196,14.694399408602175,8.58306893136,1013.7705162634409,0.18358737136397849,0.7095960388622311
grid_m4.00_29.50,1946-08-01,21.231111975806474,12.90719599462368,4.20713425276,1012.8942238575269,0.27332100839534945,0.7404081679583333
grid_m4.00_29.50,1946-09-01,21.303906208333355,16.287006666666688,157.00221131048,1011.75245875,0.25991624093451393,0.2839884733539583
grid_m4.00_29.50,1946-10-01,20.532052069892497,16.850061881720453,383.61859354942,1012.0781034274194,-0.04443753049291667,0.5544285855752688
grid_m4.00_29.50,1946-11-01,20.079498486111135,17.210451138888914,619.01569375396,1011.6832779166667,0.012374781358500002,0.6290311851967362
grid_m4.00_29.50,1946-12-01,19.990797836021528,17.19611086021508,664.50405269042,1011.7390379704301,-0.09386415457782259,0.7216315307958333
grid_m4.00_29.50,1947-01-01,20.2386548387097,17.276987190860236,520.1160914097,1011.5364239919354,-0.018490372079274196,0.6280102507518817
grid_m4.00_29.50,1947-02-01,20.9592832886905,17.444445952380974,346.55404085087997,1011.4231908482143,-0.09033761707306547,0.5032180149403274
grid_m4.00_29.50,1947-03-01,20.659474704301097,17.163011975806477,423.88939821572,1013.0656760752688,0.12641285355282258,0.2325994292533602
grid_m4.00_29.50,1947-04-01,20.25085405555558,17.614727652777802,479.95090468712,1013.2242452083333,-0.15072131689180557,0.7657902819449444
grid_m4.00_29.50,1947-05-01,20.109211922043034,17.017451303763465,282.51457137916,1013.5279777553764,-0.07718272834965054,0.6004701355375
grid_m4.00_29.50,1947-06-01,20.4571129027778,16.422618500000024,85.4034422314,1014.3157048611112,0.12028910223125,0.5284549505572222
grid_m4.00_29.50,1947-07-01,20.64806620967744,14.938471330645184,29.38795091372,1013.652770766129,0.13008808925053764,0.38429924890228495
grid_m4.00_29.50,1947-08-01,21.199255067204327,14.048993427419378,10.162591901879999,1013.1111649193548,0.20195693291478495,0.6809600396360215
grid_m4.00_29.50,1947-09-01,22.464786472222244,13.22190720833336,7.05480574048,1012.0279909722223,0.33237697352869444,0.8006942541162501
grid_m4.00_29.50,1947-10-01,21.892775000000025,17.0869085887097,309.33141727676,1011.3490323924731,0.148385305123293,0.5074606254915323
grid_m4.00_29.50,1947-11-01,20.310572861111133,17.520419347222244,678.81655781808,1011.2677940972222,-0.03781833456902778,0.7365551227319445
grid_m4.00_29.50,1947-12-01,19.776593655914002,16.874698387096796,581.81405120892,1011.775115860215,-0.10903634836518818,0.6676207727090456
grid_m4.00_29.50,1948-01-01,20.163591478494645,17.397441155914,695.92809721304,1012.1569116263441,-0.13140015351975806,0.6333192800349462
grid_m4.00_29.50,1948-02-01,20.1028581034483,17.52704020114945,672.02925614764,1012.3883995689655,-0.12084154194708333,0.7017111155129311
grid_m4.00_29.50,1948-03-01,20.37292665322583,17.488311895161313,672.28651122594,1012.1977065188173,-0.16172724932840052,0.6961261980912634
grid_m4.00_29.50,1948-04-01,20.468990208333356,17.850257236111133,540.32516462198,1011.6240065277777,-0.2825032791415278,0.7770245215361111
grid_m4.00_29.50,1948-05-01,20.646701774193573,17.62669573924733,355.2355773494,1013.1651437500001,-0.07970248848522984,0.5623610710284946
grid_m4.00_29.50,1948-06-01,20.71868080555558,16.597419736111135,62.315940695980004,1014.7266495138889,0.13448079374980554,0.56254858000625
grid_m4.00_29.50,1948-07-01,20.572680013440884,14.232204435483892,4.29677959608,1014.1339372983871,0.11091004727922044,0.7535468702934139
grid_m4.00_29.50,1948-08-01,21.08816118279572,14.985674758064539,44.86942316692,1013.2235331317205,0.2705023977916667,0.5057899897553763
grid_m4.00_29.50,1948-09-01,21.603330833333356,16.318360097222243,147.21727403688,1011.8525412500001,0.3060505343811806,0.3891360819968056
grid_m4.00_29.50,1948-10-01,20.668317594086044,17.36515354838712,542.88983407786,1012.1591740591398,-0.049959326430403225,0.6570945438734543
grid_m4.00_29.50,1948-11-01,20.290557361111134,17.487582180555577,585.71076464894,1011.9230661111111,-0.15106548044052778,0.8898930865103334
grid_m4.00_29.50,1948-12-01,20.178970053763464,17.176023172043035,506.372927551,1011.5749213037634,-0.1416132496685484,0.7116620266330645
grid_m4.00_29.50,1949-01-01,20.59681908602153,17.586233776881745,643.0218212672,1012.4664842069893,-0.20043294097043013,0.522454544156586
grid_m4.00_29.50,1949-02-01,20.494909806547643,17.39831010416669,484.71927674984,1013.0449437500001,0.09380501843690477,0.11894632519122024
grid_m4.00_29.50,1949-03-01,21.12731837365594,17.969318844086043,560.76216748794,1010.9977705645161,-0.17274850441666667,0.60281899606375
grid_m4.00_29.50,1949-04-01,20.18672166666669,18.032862236111132,596.54355075982,1013.5591163888889,-0.18695428669281944,0.7938769251743055
grid_m4.00_29.50,1949-05-01,20.20391607526884,17.30011346774196,373.27647162846,1013.6143760752689,-0.06890588175403226,0.5476469425797044
grid_m4.00_29.50,1949-06-01,19.99762462500002,16.148493944444468,54.59547038772,1014.9032485416667,0.1296934546648611,0.41089386276194445
grid_m4.00_29.50,1949-07-01,20.177023655914002,15.035879610215078,40.14825780256,1014.7460557123655,0.08156903628780914,0.4415217666106855
grid_m4.00_29.50,1949-08-01,21.522311370967767,12.677872983870989,0.77962875326,1012.9966205645161,0.2807405333623656,0.5320591887186827
grid_m4.00_29.50,1949-09-01,22.127754083333357,14.741674986111134,43.39122788948,1012.6784661111111,0.4545629294295833,0.4535791840927778
grid_m4.00_29.50,1949-10-01,21.79717661290325,16.450069852150563,192.29173634042,1012.0757675403225,0.2765431138517473,0.4847049308091398
grid_m4.00_29.50,1949-11-01,20.837602444444467,17.701685333333355,519.12212495514,1011.8749405555554,-0.08944850038430556,0.6389900764758334
grid_m4.00_29.50,1949-12-01,20.08397986559142,17.39890427419357,506.35290114022,1011.5039145833333,-0.059902007182795695,0.7351043040739248
grid_m4.00_29.50,1950-01-01,20.23470862903228,17.246503790322603,631.82663937832,1011.4598368951613,-0.11389470455564517,0.47362614727244623
grid_m4.00_29.50,1950-02-01,20.53625334821431,17.566579285714308,535.53843467824,1011.920430654762,-0.10515896722127975,0.5417452975780208
grid_m4.00_29.50,1950-03-01,20.25212571236561,17.535123091397875,609.5292568548,1011.8285176747312,-0.05277073798534947,0.6539237727955645
grid_m4.00_29.50,1950-04-01,20.01229643055558,17.72476968055558,517.9038050168,1011.8627077777778,-0.1352777484167639,0.6938083013537499
grid_m4.00_29.50,1950-05-01,19.51730869623658,17.02502486559142,374.50313534964,1013.5651367607527,-0.039693155510577956,0.7831790267811828
grid_m4.00_29.50,1950-06-01,19.901381319444468,15.769998847222244,28.635740301,1014.2957284722222,0.1283303373606111,0.6587323080335348
grid_m4.00_29.50,1950-07-01,20.28078974462368,14.122072876344108,14.05858993252,1014.3685039650537,0.16875289597002688,0.3373119604383871
grid_m4.00_29.50,1950-08-01,20.622861303763464,12.948906209677439,9.6094607499,1013.9705650537634,0.16680422153965052,0.3842828206110215
grid_m4.00_29.50,1950-09-01,21.711537361111134,15.41240893055558,133.92090820798,1013.1082692361111,0.23356664379645836,-0.006345769913888884
grid_m4.00_29.50,1950-10-01,20.724056276881743,16.9837985215054,360.00609453986,1012.0846217069892,0.11817126074314516,0.6104656137488441
grid_m4.00_29.50,1950-11-01,19.837042027777798,17.159062069444467,682.71803856232,1011.2919334027777,-0.13091971042972222,0.7644509635293055
grid_m4.00_29.50,1950-12-01,19.879063400537657,17.593860887096795,614.76993709334,1011.98498125,-0.2982723152379301,0.9414235812483871
grid_m4.00_29.50,1951-01-01,20.152293239247335,17.227108817204325,662.86873863644,1011.953849126344,-0.15613301726478496,0.5678801810341398
grid_m4.00_29.50,1951-02-01,20.12549084821431,17.101304553571453,592.4692151693,1012.330459672619,-0.14750069596949406,0.5652870240861607
grid_m4.00_29.50,1951-03-01,20.37286729838712,17.813333252688196,635.79153989162,1011.5991010752689,-0.168345118505914,0.6666378376120967
grid_m4.00_29.50,1951-04-01,20.13587151388891,17.687941347222246,469.20013447454,1013.4806591666668,0.07675965825468055,0.38315815413125
grid_m4.00_29.50,1951-05-01,20.38457807795701,17.361056868279594,318.99499873258003,1014.0594081989248,0.009434689846146507,0.3380161485435484
grid_m4.00_29.50,1951-06-01,20.433245125000024,15.510310472222244,31.82172772028,1014.7564579166666,0.16692021052338887,0.5909284956544444
grid_m4.00_29.50,1951-07-01,20.429929543010775,14.06461482526884,10.94102860582,1015.1340746639786,0.16889127094334677,0.6506764075895968
grid_m4.00_29.50,1951-08-01,21.60919849462368,13.483040376344109,21.59643160486,1013.7486534946237,0.324201460972043,0.6928249063901882
grid_m4.00_29.50,1951-09-01,21.93348854166669,16.902954722222244,161.42654368928,1012.3142859027778,0.28656328718597224,0.2786992180804167
grid_m4.00_29.50,1951-10-01,21.300328548387117,17.576565766129054,730.92055472604,1011.7694110887096,0.022200984246182793,0.4899372411998656
grid_m4.00_29.50,1951-11-01,20.051343875000022,17.711789750000023,751.25121927678,1012.7124067361111,-0.07017491722666667,0.9195598170791666
grid_m4.00_29.50,1951-12-01,19.648770591397874,17.38381092741938,687.0322218217,1013.5789145833334,0.15270545428405916,0.6384504781294355
grid_m4.00_29.50,1952-01-01,20.54640599462368,17.95147346774196,620.33176466156,1012.2854836693549,-0.04611954144637097,0.6458473841459678
grid_m4.00_29.50,1952-02-01,20.521112974137953,17.867842715517263,661.92531525046,1011.8256331896552,-0.030799896695402305,0.7972533334347701
grid_m4.00_29.50,1952-03-01,20.97682103494626,18.063216801075292,603.1022065006,1011.630259811828,-0.16219354432876343,0.8444803293108603
grid_m4.00_29.50,1952-04-01,20.2850461527778,17.9548019027778,583.76121468834,1012.9489740972223,-0.10177563547,0.8041264006350001
grid_m4.00_29.50,1952-05-01,20.346547688172066,17.29632677419357,482.66410810042,1014.0278471774193,0.044252108372002684,0.4758297692219086
grid_m4.00_29.50,1952-06-01,20.092429597222246,16.29768905555558,75.22153830198,1015.7998958333334,0.11807337818938889,0.7516049450729168
grid_m4.00_29.50,1952-07-01,20.222790215053784,14.676805846774217,10.86664194964,1014.9069990591398,0.08547832143548387,0.6987079790221774
grid_m4.00_29.50,1952-08-01,21.494694556451638,13.831472594086044,8.57853881504,1013.2167485215053,0.3310476934581989,0.5666273359784946
grid_m4.00_29.50,1952-09-01,21.993385416666687,15.802410236111134,123.02708651566,1011.8281621527777,0.3328567237861111,0.4782625419084722
grid_m4.00_29.50,1952-10-01,21.45771541666669,17.010505161290347,334.4008917115,1011.9938851478494,0.16920034298010753,0.43949311851989253
grid_m4.00_29.50,1952-11-01,19.985177944444466,17.229188097222245,730.1704888306,1011.9668204166666,0.005204021398055556,0.6034882218658334
grid_m4.00_29.50,1952-12-01,20.16886544354841,18.011096169354865,764.42217831828,1012.0136883736559,-0.23575432826680107,0.9125118881418011
grid_m4.00_29.50,1953-01-01,20.155047150537655,17.273172620967763,579.34665616928,1012.5101720430107,0.15160306284180108,0.44309374043561833
grid_m4.00_29.50,1953-02-01,20.2561326636905,17.758165818452404,684.79418868862,1011.6183205357142,0.01728857879791667,0.5919371784002976
grid_m4.00_29.50,1953-03-01,20.25211684139787,17.708156344086042,648.84638740752,1012.0802912634409,0.02398127903346774,0.6637884812052419
grid_m4.00_29.50,1953-04-01,20.025900958333356,17.928235847222247,571.4235315528,1013.1327220138888,-0.06296908181305556,0.6740921236684723
grid_m4.00_29.50,1953-05-01,19.797930322580665,17.4064147715054,528.52869015558,1014.0445550403225,-0.022925612803514787,0.6582489112694893
grid_m4.00_29.50,1953-06-01,20.468812847222242,15.577611694444467,50.63891390318,1014.4872025694444,0.13582649301527777,0.5652872915191055
grid_m4.00_29.50,1953-07-01,19.816927930107546,14.892518817204325,53.167104707,1015.3173756048387,0.16629229195739248,0.6569792496420699
grid_m4.00_29.50,1953-08-01,21.024862889784966,14.519581814516153,9.911775496959999,1013.9172023521506,0.20093982850241934,0.6004308951982528
grid_m4.00_29.50,1953-09-01,20.99469788888891,16.22197112500002,297.44172104268,1013.1377666666667,0.2800845889950972,0.37673778471972225
grid_m4.00_29.50,1953-10-01,21.462200618279592,17.52730732526884,383.01563234412,1011.7998356854839,0.11002735406765188,0.5160258238422043
grid_m4.00_29.50,1953-11-01,20.1767905277778,17.675763750000023,793.61700878256,1012.7306590277777,-0.07023354936452778,0.8178326704981944
grid_m4.00_29.50,1953-12-01,19.887798145161312,17.592713965053786,778.28192810244,1012.2065417338711,0.031830593777491936,0.6472058042459677
grid_m4.00_29.50,1954-01-01,20.569079072580667,16.746722741935507,342.03362461264,1012.753742405914,0.2016404282458333,0.18187820215846773
grid_m4.00_29.50,1954-02-01,20.695542455357163,17.315576309523834,383.47482742938,1011.9578761160715,-0.0027015097601190453,0.5208223145261741
grid_m4.00_29.50,1954-03-01,20.856391881720455,17.74528677419357,455.12270928798,1012.1083680779569,-0.07440977182930107,0.4558486118114247
grid_m4.00_29.50,1954-04-01,20.462341638888912,17.5527807777778,399.31058793738,1013.7375141666666,-0.07310873713694445,0.3817690454619444
grid_m4.00_29.50,1954-05-01,20.918171357526905,17.330416586021528,297.44505870058,1013.1461279569893,-0.013723066071922042,0.009612443305779568
grid_m4.00_29.50,1954-06-01,20.187700972222245,15.12880501388891,20.26033409036,1014.7808272222222,0.10346086282481945,0.7463008886486111
grid_m4.00_29.50,1954-07-01,20.433980026881745,13.708648024193572,11.20996479264,1013.5536661290323,0.12604003918602152,0.5873390512159946
grid_m4.00_29.50,1954-08-01,21.12538547043013,13.747995819892497,7.8446864745200005,1013.308041061828,0.34743272125981184,0.6093500587706989
grid_m4.00_29.50,1954-09-01,21.799261291666692,14.825887472222245,55.8772088007,1012.2286340972223,0.42299764392958333,0.49292767676434723
grid_m4.00_29.50,1954-10-01,21.302681236559163,16.86343626344088,330.22356140672,1011.4373938844086,0.15501204805268817,0.37963212614631725
grid_m4.00_29.50,1954-11-01,20.180546680555576,17.262837222222245,608.3760274208599,1011.7097323611112,-0.1601984440563889,0.7007063117981944
grid_m4.00_29.50,1954-12-01,20.154832083333357,17.26303223118282,507.19118127475997,1011.5472335349461,-0.04701990530107527,0.6438184345057796
grid_m4.00_29.50,1955-01-01,20.064076155914,17.358332647849487,667.97470982384,1012.3901174731183,-0.2563698677795699,0.8007494194012096
grid_m4.00_29.50,1955-02-01,20.852191904761927,17.100060327380977,457.10682825362,1010.9928139880952,0.16769968023869047,-0.10593532430677084
grid_m4.00_29.50,1955-03-01,20.34091543010755,17.581116290322605,600.04973325296,1011.232179905914,-0.040382015548790326,0.5250520812961021
grid_m4.00_29.50,1955-04-01,20.123272708333356,17.67697256944447,533.87808780176,1011.8903327083333,-0.09233648464458333,0.6510326879974028
grid_m4.00_29.50,1955-05-01,19.564888346774218,16.77261553763443,299.28135891472,1014.4161225806452,-0.04620787895443549,0.7771264363975
grid_m4.00_29.50,1955-06-01,19.5351371527778,16.128304625000023,184.39316722898,1015.0333106249999,0.13305193523043055,0.5551639554108333
grid_m4.00_29.50,1955-07-01,19.939042231182817,15.046619462365614,56.70309059846,1013.9226266801076,0.28518354743481855,0.4485581301939368
grid_m4.00_29.50,1955-08-01,20.965273575268842,13.230425362903249,3.75509258282,1012.5659430107527,0.3273936654848118,0.5313355009866936
grid_m4.00_29.50,1955-09-01,21.0270194027778,16.109823402777803,185.91427786612,1012.0111084722222,0.26144604193041665,0.10502363696513889
grid_m4.00_29.50,1955-10-01,21.25731000000002,17.221699529569914,300.73499656124,1011.1815566532257,0.09105499803604838,0.46476374423521505
grid_m4.00_29.50,1955-11-01,20.536357722222245,17.252377500000023,461.5750309075,1011.42183125,-0.02179501838452778,0.6635032872106944
grid_m4.00_29.50,1955-12-01,20.08121239247314,17.042268844086042,637.31098081704,1011.7633370295699,-0.0048995067330645185,0.6452037040213172
grid_m4.00_29.50,1956-01-01,19.89468381720432,16.685538817204325,507.2176454927,1011.1694535618279,0.10590085776733871,0.18957410711424733
grid_m4.00_29.50,1956-02-01,20.696985660919562,17.56410862068968,540.8024787159,1010.7557518678161,-0.09425853940229884,0.4659139697960201
grid_m4.00_29.50,1956-03-01,20.83344350806454,17.68146294354841,509.09423822558,1011.4385560483871,-0.10556239435994624,0.690477494114785
grid_m4.00_29.50,1956-04-01,19.79288008333336,17.509280583333357,732.42640375564,1012.5337904166666,-0.04379082554991667,0.7180659313955555
grid_m4.00_29.50,1956-05-01,19.595636182795722,17.049268655914002,523.64778486848,1013.7871889784946,0.11733498094426074,0.16487913417002686
grid_m4.00_29.50,1956-06-01,19.54602101388891,16.03272951388891,180.3708077475,1014.6592766666666,0.10902451399888889,0.5175176661629167
grid_m4.00_29.50,1956-07-01,19.78570841397852,13.948806061827979,16.529560023880002,1014.1956412634408,0.1522859764672043,0.6713703524974463
grid_m4.00_29.50,1956-08-01,20.974207405914,14.557193588709701,64.49818599762,1012.6883965053763,0.2929670684744086,0.30434021861155913
grid_m4.00_29.50,1956-09-01,21.314152194444468,16.109573222222245,111.09089816038,1011.2007115277777,0.27127120787125003,0.24371335855825002
grid_m4.00_29.50,1956-10-01,20.99085594086024,16.808643145161312,369.07577524338,1011.1631298387098,0.13388221479852153,0.5757273173348119
grid_m4.00_29.50,1956-11-01,20.30998538888891,17.521114000000026,642.01521840198,1011.1343580555556,-0.12826832231305554,0.6824939747843055
grid_m4.00_29.50,1956-12-01,19.889385604838733,17.132964489247335,633.07571410842,1011.667382594086,-0.13289020669744622,0.7494610014698926
grid_m4.00_29.50,1957-01-01,19.890233360215074,17.008255564516155,660.79592688184,1011.3959450268818,0.12705358734825267,0.45720369120840726
grid_m4.00_29.50,1957-02-01,20.178225892857167,17.180880372023832,603.06477591814,1011.5194901785713,0.19718322269196426,0.23407877044880954
grid_m4.00_29.50,1957-03-01,20.254860860215075,17.436578830645182,652.2340778452,1012.1034923387097,0.1185239978673387,0.29921049663400534
grid_m4.00_29.50,1957-04-01,20.845210208333356,18.22545566666669,485.72063378648,1012.4311475694444,0.008826189635694443,0.6574700850222223
grid_m4.00_29.50,1957-05-01,20.94184236559142,18.59385596774196,413.83051934488,1013.7398952284946,0.009103939429569892,0.6445244212614247
grid_m4.00_29.50,1957-06-01,20.847107875000024,17.257627208333357,174.94678457808,1014.6633319444445,0.20001794908805554,0.3024095097564972
grid_m4.00_29.50,1957-07-01,20.45173849462368,15.993811250000023,56.62632008348,1014.3494770161291,0.15324213170416667,0.5888923829185484
grid_m4.00_29.50,1957-08-01,21.017898682795725,15.601593911290346,38.0032062809,1013.4433817204301,0.20626474093172045,0.4910139683669355
grid_m4.00_29.50,1957-09-01,22.09132666666669,16.952992444444465,112.82348602454,1012.0311828472221,0.20123814407013887,0.48597100445179164
grid_m4.00_29.50,1957-10-01,21.43997055107529,17.922137849462388,548.60019587666,1011.7321900537634,0.03989511989018817,0.509764047108871
grid_m4.00_29.50,1957-11-01,21.324638222222248,18.189149944444466,613.87896434568,1011.5475139583333,-0.14710315677568056,0.2925180232248611
grid_m4.00_29.50,1957-12-01,20.407869690860238,18.121715860215076,705.67822400092,1012.3079127016128,-0.021847761859946236,0.7763968024159947
grid_m4.00_29.50,1958-01-01,21.33852861559142,18.86556931451615,710.0460516179,1011.5971581989247,-0.1519666494294355,0.636844450479301
grid_m4.00_29.50,1958-02-01,21.319546324404786,18.263604910714307,771.58999337074,1012.6014171130952,0.07869811345395833,0.2532837279249107
grid_m4.00_29.50,1958-03-01,21.565771572580665,18.45871844086024,566.59174074256,1012.0683277553763,-0.06671745488379033,0.4116899628016801
grid_m4.00_29.50,1958-04-01,21.34875779166669,18.655092055555578,596.07076625302,1011.7741519444444,-0.15799706749202777,0.6997050622665278
grid_m4.00_29.50,1958-05-01,21.159923266129056,18.02957224462368,316.5142532624,1013.8751946908603,0.10478782509623655,0.5376922274212366
grid_m4.00_29.50,1958-06-01,20.80992475000002,16.956368277777802,128.30662718808,1014.8228352777778,0.2795368186726389,0.4531152136690278
grid_m4.00_29.50,1958-07-01,20.415985752688197,14.884991559139808,39.0481948308,1013.8690087365591,0.2051938782288172,0.5530614932901882
grid_m4.00_29.50,1958-08-01,20.841761895161312,15.88423301075271,116.18256588172,1013.2600168010753,0.22332408856680105,0.4786605155104839
grid_m4.00_29.50,1958-09-01,21.7884099027778,17.239426263888912,174.63827140666,1012.0200322916667,0.18013547162430557,0.5338694042263333
grid_m4.00_29.50,1958-10-01,21.630463669354864,17.400615685483896,247.09272327374,1011.8184279569894,0.13683319057877688,0.6806631641330645
grid_m4.00_29.50,1958-11-01,20.569416097222245,17.987388486111133,579.2331690721,1011.684186875,-0.049119522894097226,0.8641561712154167
grid_m4.00_29.50,1958-12-01,20.866565188172064,18.02065979838712,553.45916737808,1012.3161762768817,0.055578749280645164,0.3144784604619355
grid_m4.00_29.50,1959-01-01,21.2176621370968,18.50189540322583,695.78576169132,1011.5785282258065,-0.07102723247123656,0.49658174462741933
grid_m4.00_29.50,1959-02-01,21.074674955357164,18.096188988095257,649.11985364572,1011.8834566220238,0.04324747137014881,0.3832449920553571
grid_m4.00_29.50,1959-03-01,21.389482674731205,18.34581911290325,509.6986291135,1011.9079364247312,-0.0785812412170699,0.2961476743283602
grid_m4.00_29.50,1959-04-01,21.078343111111135,18.6058672777778,727.94961997158,1011.5712593055555,-0.2302612941879167,0.602857399142125
grid_m4.00_29.50,1959-05-01,21.680112217741957,17.71645279569895,289.48998439582,1011.6521968413979,0.08259207261102151,0.24411029483924732
grid_m4.00_29.50,1959-06-01,20.964098430555577,17.304382763888913,186.40422792802,1013.9302379166667,0.20090211246402778,0.5212970092740278
grid_m4.00_29.50,1959-07-01,20.525004422043033,16.068815215053785,68.80736364594,1014.380356922043,0.24941432136018815,0.5389033898014784
grid_m4.00_29.50,1959-08-01,21.13976912634411,16.2816934543011,110.3038785851,1012.6066924731182,0.18383944860902013,0.3568202761513441
grid_m4.00_29.50,1959-09-01,21.403092875000024,17.30412155555558,233.94417675784,1011.9568009027778,0.22440656280195834,0.25120374855630556
grid_m4.00_29.50,1959-10-01,21.35497986559142,17.684449489247335,467.24295655434,1012.1319463709677,0.06017093258799731,0.34069746073602153
grid_m4.00_29.50,1959-11-01,21.129751250000023,17.544784472222243,382.44795875444,1011.6712569444445,0.086442336575,0.36325444250166666
grid_m4.00_29.50,1959-12-01,20.727435497311852,17.711248803763464,709.09357089858,1011.9337989919354,-0.03969224963991935,0.5674889058205645
grid_m4.00_29.50,1960-01-01,21.01060104838712,18.059025201612926,572.7698808019,1012.2402427419355,-0.043827330218548385,0.40980307837553764
grid_m4.00_29.50,1960-02-01,20.994171867816114,17.844582313218414,425.2140531283,1012.1424710488507,0.050757338735344826,0.5312190885978448
grid_m4.00_29.50,1960-03-01,20.766600604838732,17.707083938172065,492.59400339226,1011.6274725806451,0.00909727420860215,0.4072226141103199
grid_m4.00_29.50,1960-04-01,20.67230830555558,18.349143666666688,614.95781007848,1012.1353185416666,-0.18972085293166666,0.7123950772375
grid_m4.00_29.50,1960-05-01,20.956614543010772,17.998928857526902,295.2358724531,1012.9344250672043,-0.0914754554981183,0.4512152060121505
grid_m4.00_29.50,1960-06-01,20.51177404166669,17.220757444444466,181.71143580752,1014.4636423611112,0.13411731722986112,0.5967341675715278
grid_m4.00_29.50,1960-07-01,19.914366666666687,15.595616344086045,71.38443000568,1014.7523559811829,0.22750596135913975,0.7638892849705644
grid_m4.00_29.50,1960-08-01,20.89766931451615,15.810733064516151,38.81335231944,1013.379727217742,0.22272831796701614,0.6038335946361155
grid_m4.00_29.50,1960-09-01,21.416208236111135,17.059297958333353,227.24890695896,1012.4568488194444,0.2674015684276389,0.20402437837249998
grid_m4.00_29.50,1960-10-01,21.659320806451635,17.944534946236583,471.68826999512,1011.9768158602151,0.10331616452715053,0.4762155894385753
grid_m4.00_29.50,1960-11-01,20.62909641666669,17.839662486111134,585.04891387466,1012.549041388889,-0.13428815146083334,0.6533002219166667
grid_m4.00_29.50,1960-12-01,21.13741537634411,18.221126384408624,477.5438305025,1011.2682061155914,-0.13889043969607529,0.6751436422745968
grid_m4.00_29.50,1961-01-01,20.845572540322603,17.851406317204322,605.905293506,1011.4775245967742,-0.1457068535885215,0.8562890549460349
grid_m4.00_29.50,1961-02-01,20.26788354166669,17.07376366071431,576.84230728216,1012.7635540922619,-0.03157193303873512,0.6244961420331846
grid_m4.00_29.50,1961-03-01,20.709686290322605,18.292990806451634,622.99943019062,1011.7484049731183,-0.22649937311478496,0.7901365300826343
grid_m4.00_29.50,1961-04-01,20.98853241666669,18.23838341666669,613.11006492106,1011.6324126388889,-0.22471824240358332,0.7205607516558334
grid_m4.00_29.50,1961-05-01,21.18396297043013,17.95348360215056,284.47747267434,1013.161335483871,-0.15324654144139785,0.6190859626252688
grid_m4.00_29.50,1961-06-01,20.55764656944447,16.738227569444465,174.27730591276,1013.6826561111111,0.16194464390919722,0.5201154519802778
grid_m4.00_29.50,1961-07-01,19.941359784946258,16.56350092741938,265.40899287062,1014.1844761424732,0.20619037573064514,0.43343176853172044
grid_m4.00_29.50,1961-08-01,20.49093538978497,15.760421720430129,83.06765544286,1014.1168375672044,0.27009705627580644,0.4849702071629032
grid_m4.00_29.50,1961-09-01,21.002148458333355,16.839907694444467,409.37638262554,1012.1211374305556,0.13959751140916665,0.31993916836402775
grid_m4.00_29.50,1961-10-01,20.314060577957015,17.16925552419357,765.88678485922,1011.6286761424732,-0.11076941527688171,0.6725600337397849
grid_m4.00_29.50,1961-11-01,19.6587267777778,16.965566055555577,679.8653609459,1012.0968427083334,0.023503536758055554,0.5293750988963889
grid_m4.00_29.50,1961-12-01,20.002342540322605,17.098042701612925,593.0912490685799,1012.199844623656,0.27358528725403225,0.09329289244802419
grid_m4.00_29.50,1962-01-01,19.80118547043013,17.049248991935507,612.48350028678,1012.4731030913979,0.12955280266860214,0.3103699636626801
grid_m4.00_29.50,1962-02-01,20.31884980654764,17.682038794642878,721.5881349175,1011.9446849702382,-0.13022252528377976,0.7210924280699404
grid_m4.00_29.50,1962-03-01,20.437175201612924,17.43933846774196,508.29815922918,1011.5991185483871,0.0026711275912634403,0.7518504002120968
grid_m4.00_29.50,1962-04-01,20.162348916666687,17.895986027777802,635.87808496362,1012.413558125,-0.17342145707472223,0.8073819984781944
grid_m4.00_29.50,1962-05-01,19.962586088709703,17.16749370967744,331.13622697086,1014.2972799731183,0.08122938379462366,0.5793395562952957
grid_m4.00_29.50,1962-06-01,20.169447986111134,16.40970966666669,189.51058393414,1013.8378977777777,0.143032604741,0.34478636827055553
grid_m4.00_29.50,1962-07-01,20.618874059139806,15.664174610215074,54.1131498161,1015.0437090725806,0.20955639455201613,0.3280907295313172
grid_m4.00_29.50,1962-08-01,20.543913413978515,16.46826420698927,292.1855449898,1013.955460483871,0.19163203341801074,0.16850965877392474
grid_m4.00_29.50,1962-09-01,21.1930704027778,16.517746458333356,202.1880148661,1012.8555383333334,0.22237491684597224,0.40590697162652783
grid_m4.00_29.50,1962-10-01,20.61114669354841,17.14112993279572,437.74271010894,1012.4413604166666,0.14251489637813172,0.37428494917338706
grid_m4.00_29.50,1962-11-01,20.071592347222243,17.294969833333358,544.89564893686,1011.784227638889,0.011213047250756945,0.6655074205558333
grid_m4.00_29.50,1962-12-01,20.048491075268842,17.34601526881723,512.40324974066,1012.5572282258064,0.061472584410564524,0.7588924077722445
grid_m4.00_29.50,1963-01-01,19.782037782258087,16.842610013440883,497.3902706328,1012.1211079301075,0.17219814181465054,0.30000100178790323
grid_m4.00_29.50,1963-02-01,20.630240625000024,17.195413244047643,466.90225607932,1011.391058110119,-0.06163976237842263,0.3663341891355655
grid_m4.00_29.50,1963-03-01,20.274523051075292,17.552060053763466,668.70903888972,1012.8046071236558,-0.11215468397114785,0.6470746888571103
grid_m4.00_29.50,1963-04-01,19.97841051388891,17.747386125000023,684.67521786632,1012.6117177083333,-0.07967427548802777,0.6688286945052777
grid_m4.00_29.50,1963-05-01,20.47151684139787,17.708119704301097,378.2224648588,1013.5319177419354,-0.0049740786481182785,0.4380734760369624
grid_m4.00_29.50,1963-06-01,20.646973847222245,16.561953597222246,87.58926367746,1015.0262865277779,0.09366747586386111,0.33185104661875003
grid_m4.00_29.50,1963-07-01,20.903703198924752,16.07596907258067,45.79591755678,1013.9709487903226,0.24208140638373654,0.3664119359872312
grid_m4.00_29.50,1963-08-01,21.240233709677444,15.978553897849485,50.40454852402,1013.3281110887096,0.22351775625153228,0.42759253352889787
grid_m4.00_29.50,1963-09-01,21.6530225277778,17.0150819027778,210.25228504926,1012.4535054166668,0.23400173160923612,0.49848848880569446
grid_m4.00_29.50,1963-10-01,21.234899663978517,17.288862755376368,409.74640815236,1012.1182538306452,0.005692369305376344,0.6862136455834678
grid_m4.00_29.50,1963-11-01,19.90165468055558,17.297770388888914,765.25521310894,1012.2516619444444,-0.00988616873910972,0.7702617645019444
grid_m4.00_29.50,1963-12-01,20.194799637096796,17.400127231182818,772.30429521152,1012.6060807795698,-0.0023858094115591427,0.5738729666014786
grid_m4.00_29.50,1964-01-01,20.522061088709698,17.83615040322583,709.16199643054,1012.4193512768817,-0.0824974014329301,0.7570179627497311
grid_m4.00_29.50,1964-02-01,20.950681422413815,17.358956422413815,492.40302918038,1011.6598127873564,0.12023546460301725,0.4841758133827873
grid_m4.00_29.50,1964-03-01,21.065097123655935,17.874725161290343,559.87977905342,1012.5883057123656,-0.02734584261419355,0.5048573803847527
grid_m4.00_29.50,1964-04-01,20.407014333333358,18.110409486111134,605.29851849958,1013.062695625,-0.13589341908305555,0.7803586255180556
grid_m4.00_29.50,1964-05-01,20.379045053763466,17.39147807795701,378.3149721502,1015.0950220430108,-0.08596276365045699,0.5094334030448925
grid_m4.00_29.50,1964-06-01,20.67281743055558,16.968239361111134,274.5215902703,1014.4662968055555,-0.025812509754305556,0.08133890326861111
grid_m4.00_29.50,1964-07-01,20.42857038978497,15.460017620967767,28.40280534598,1015.162051344086,0.14808788118284946,0.3666060324731183
grid_m4.00_29.50,1964-08-01,20.63176530913981,15.50859612903228,108.03461112464,1014.0978805107527,0.25083055857715053,0.2385026256034946
grid_m4.00_29.50,1964-09-01,20.646404569444467,16.60080393055558,300.1480108125,1013.2269378472222,0.2962793782175139,0.1641997219348611
grid_m4.00_29.50,1964-10-01,20.277924314516152,16.6688985215054,607.39064260364,1012.4155405913979,0.1737980740299731,0.1507423763158602
grid_m4.00_29.50,1964-11-01,19.96906675000002,16.919150305555576,636.66820434064,1012.4400327083333,-0.08212590476327779,0.5829885916263889
grid_m4.00_29.50,1964-12-01,19.578671841397874,16.788068870967766,531.517506262,1011.271763373656,-0.05195650386739248,0.6764227547552419
grid_m4.00_29.50,1965-01-01,20.278797634408626,16.84520044354841,448.27461225074,1011.4227074596774,-0.034088464688064514,0.5869658074126344
grid_m4.00_29.50,1965-02-01,20.56371586309526,16.891242916666688,448.87399660656,1011.1817858630952,0.06216664551502976,0.4574094052358631
grid_m4.00_29.50,1965-03-01,20.411271465053787,17.387770309139807,538.01155057564,1012.7871086021506,0.031240380302956988,0.6125097162863575
grid_m4.00_29.50,1965-04-01,20.07086369444447,17.564403250000023,583.20355269832,1013.2392931944445,-0.08658421906703749,0.5029474684083334
grid_m4.00_29.50,1965-05-01,20.20218297043013,17.284211787634433,449.2535580567,1014.6681232526881,-0.1533481218827957,0.27615143064260755
grid_m4.00_29.50,1965-06-01,20.520848208333355,15.776927875000021,90.50083166346,1016.2237947916667,0.07693104222958333,0.45797833715458336
grid_m4.00_29.50,1965-07-01,20.51630150537637,16.241528978494646,57.75475512114,1015.875210954301,0.07695665659852151,0.3573124993118279
grid_m4.00_29.50,1965-08-01,21.185606760752712,15.892095631720453,61.84482576162,1013.7722901209678,0.22218536114247311,0.3903948550944086
grid_m4.00_29.50,1965-09-01,21.136175805555578,16.7723134027778,301.65624721398,1013.1317547916666,0.2687250492048472,0.49322130431275
grid_m4.00_29.50,1965-10-01,21.05614481182798,17.219816895161312,534.33442095516,1012.5705340725806,0.10789001573172043,0.6411583814748656
grid_m4.00_29.50,1965-11-01,20.392153430555577,17.501054569444467,640.30766461984,1012.4638908333333,-0.13376008466381945,0.7228571146799999
grid_m4.00_29.50,1965-12-01,20.200439059139807,17.36662848118282,533.48612781892,1012.653821169355,0.01661717043884409,0.6666809810932796
grid_m4.00_29.50,1966-01-01,20.45132663978497,17.548343494623676,529.75082295896,1012.9146936155914,-0.20157315696922046,0.8595004949171451
grid_m4.00_29.50,1966-02-01,20.677655193452402,17.636399627976214,428.20262856192,1012.3293750744048,0.026454746600491068,0.6310853724538541
grid_m4.00_29.50,1966-03-01,20.599843817204324,17.654125833333357,617.88845089986,1012.9499688172043,-0.002271098475255374,0.2519672142580645
grid_m4.00_29.50,1966-04-01,20.28657175000002,17.896661347222246,632.19428037658,1013.7071968055554,-0.13833569422375,0.6400652500856528
grid_m4.00_29.50,1966-05-01,20.701825846774216,17.64055426075271,423.53391671628,1014.7739822580645,-0.15492904818951614,0.5581849496525538
grid_m4.00_29.50,1966-06-01,20.384626833333357,16.5723621527778,231.54783240888,1016.0590190972223,0.06995202452148612,0.4413223700319444
grid_m4.00_29.50,1966-07-01,20.833191962365614,16.255449422043032,61.12956986846,1015.1097195564516,0.032270021810846775,0.4711678453927419
grid_m4.00_29.50,1966-08-01,21.22549791666669,16.213217741935505,194.66400221231999,1013.6933405241934,0.17245692589180106,0.29824950033198927
grid_m4.00_29.50,1966-09-01,20.965064694444468,16.893686500000022,320.75285945496,1013.2793725,0.13158952912291666,0.43058259201
grid_m4.00_29.50,1966-10-01,20.945399919354863,16.832149556451636,477.58340816932,1012.0052475806451,0.03496916560161291,0.5477722141510752
grid_m4.00_29.50,1966-11-01,20.53830180555558,17.25491868055558,564.232825606,1011.4485361805556,0.0578365580325,0.4608584555522222
grid_m4.00_29.50,1966-12-01,20.403896303763464,17.457892177419378,545.77517559096,1010.3951352822581,-0.05670740282943548,0.8579060551950269
grid_m4.00_29.50,1967-01-01,20.548927688172064,17.626648333333357,571.8092917941,1010.8568532930108,-0.23643291604115593,1.0181888663149732
grid_m4.00_29.50,1967-02-01,20.733197261904785,17.814240252976212,553.7421695057,1010.9389979910715,-0.2707969769221726,0.9003510695915179
grid_m4.00_29.50,1967-03-01,21.04207357526884,17.846694650537657,440.32716670048,1010.8490172715054,-0.037179023498655914,0.7640907742128091
grid_m4.00_29.50,1967-04-01,20.538664972222247,17.851417875000024,428.51161983982,1012.0468527777779,-0.16271551818869442,0.7273074331015277
grid_m4.00_29.50,1967-05-01,20.322350322580668,17.610536868279596,453.04083770852,1014.03978172043,-0.048462221526612906,0.4730575245275538
grid_m4.00_29.50,1967-06-01,20.212278819444467,16.832042416666688,289.52121743308,1014.4820484027778,0.060179630652638885,0.33448124622436115
grid_m4.00_29.50,1967-07-01,20.222210833333357,16.06151131720432,140.3706073735,1014.9211308467742,0.17969536024354837,0.4557407138362903
grid_m4.00_29.50,1967-08-01,20.615665766129055,16.13424795698927,89.24913424666,1014.6237588037634,0.18752514570967743,0.5517763926379489
grid_m4.00_29.50,1967-09-01,20.809748097222247,16.95367780555558,424.5188237057,1013.4734754166666,0.07614700892958333,0.34655557407308335
grid_m4.00_29.50,1967-10-01,20.72319278225809,17.539776545698945,578.4628388816,1012.4334206989247,-0.035643013909368276,0.531744617989113
grid_m4.00_29.50,1967-11-01,20.07973747222224,17.46457618055558,514.2505169476,1011.9404276388888,-0.06797399698168055,0.7863444857489443
grid_m4.00_29.50,1967-12-01,20.465025725806477,17.661921357526907,591.57371481258,1012.9118502688171,0.04489307061061828,0.31166148579005376
grid_m4.00_29.50,1968-01-01,20.618853172043032,17.425823911290344,496.64187478968,1011.854780107527,0.09607920742983872,0.3751555205053091
grid_m4.00_29.50,1968-02-01,20.3655281034483,17.780374396551746,690.41776530094,1011.9818918821838,0.05359447345605029,0.2654066418332759
grid_m4.00_29.50,1968-03-01,20.463194274193572,17.112913776881744,496.35314875942,1012.3584815860215,0.14522816998481183,0.3368214644751344
grid_m4.00_29.50,1968-04-01,20.217007944444465,17.513436513888912,496.51408153692,1012.8181561805555,0.02939035593606944,0.47820336395180557
grid_m4.00_29.50,1968-05-01,20.11686603494626,17.3231097715054,489.00079719586,1013.6525162634409,-0.09620627540094086,0.4660990542091398
grid_m4.00_29.50,1968-06-01,20.171115680555577,16.694364750000023,208.08267627186,1014.9636169444444,0.10491515345666666,0.38684149844305554
grid_m4.00_29.50,1968-07-01,19.885086854838733,15.762978951612924,47.06335084958,1015.6263875,0.16149164899299598,0.5663182181166666
grid_m4.00_29.50,1968-08-01,20.868946881720454,15.278353870967766,20.07913588082,1014.2234253360216,0.1975464281579301,0.6544452030502688
grid_m4.00_29.50,1968-09-01,21.66784580555558,16.407073125000025,145.99108752656,1012.763984375,0.28101770584722224,0.42604923315180554
grid_m4.00_29.50,1968-10-01,21.60908776881723,17.524855591397873,418.3568958592,1011.843083064516,0.06959273298924731,0.3518957523697581
grid_m4.00_29.50,1968-11-01,20.14942469444447,17.43776937500002,723.8330848388,1012.4506232638888,-0.14784049908833333,0.6263396589390278
grid_m4.00_29.50,1968-12-01,20.216477473118303,17.54758107526884,669.04950198258,1012.5958119623657,-0.049531711343279564,0.6802809309142472
grid_m4.00_29.50,1969-01-01,20.571438333333354,17.747605268817228,565.56320067884,1011.071748655914,-0.05847545367755376,0.6327153596586022
grid_m4.00_29.50,1969-02-01,20.846275029761927,18.04875961309526,676.22470883578,1011.5926245535715,-0.005171843924553569,0.31921882147857145
grid_m4.00_29.50,1969-03-01,21.015464341397873,18.473551330645183,551.20420551296,1011.9508389784946,-0.06381572174905914,0.5223607302847312
grid_m4.00_29.50,1969-04-01,21.09867418055558,18.558680125000024,530.2562703998,1012.0940707638889,-0.17092003300625,0.7428843862054167
grid_m4.00_29.50,1969-05-01,20.581192473118303,17.808206868279594,472.36657296226,1013.7124014112903,0.019885975870967743,0.5241852441528226
grid_m4.00_29.50,1969-06-01,20.654231083333357,16.58601729166669,75.69193848873999,1014.4082440277779,0.13243817270152777,0.5290912844780555
grid_m4.00_29.50,1969-07-01,20.26420862903228,15.767782701612926,27.82797806724,1015.3100115591398,0.21549700021048387,0.7357171162827958
grid_m4.00_29.50,1969-08-01,20.883846935483895,16.04291397849465,84.1827389527,1013.2895827284947,0.2664037326336021,0.577755301801344
grid_m4.00_29.50,1969-09-01,21.4708622777778,17.326094416666688,242.31505451467999,1012.113844375,0.22376965315086392,0.22526687693958333
grid_m4.00_29.50,1969-10-01,21.369178306451637,17.597858037634435,335.70981030046,1011.2499997983871,-0.039101856695376344,0.6198583614219086
grid_m4.00_29.50,1969-11-01,20.450440750000023,17.652444222222247,597.01418771666,1012.1756896527778,-0.16896615039111113,0.7797708106229166
grid_m4.00_29.50,1969-12-01,20.670659395161312,18.067036989247335,605.18240920112,1012.2433615591398,-0.25904645016626343,0.9692778026534543
grid_m4.00_29.50,1970-01-01,20.557911397849487,17.789688602150562,719.25735292182,1012.9980067876345,0.11435422613333333,0.29862038943373653
grid_m4.00_29.50,1970-02-01,21.22020616071431,18.49450636904764,563.95697651048,1011.9729541666666,-0.07745897185565476,0.6189139797813988
grid_m4.00_29.50,1970-03-01,20.80490405913981,18.147948991935507,630.8214672442,1011.9508818548386,0.0006293631505376353,0.5086372752984274
grid_m4.00_29.50,1970-04-01,20.684388000000023,18.356238416666688,691.2658220796,1012.8605930555556,-0.16964587514791668,0.6634222890783333
grid_m4.00_29.50,1970-05-01,20.730229556451636,17.600713279569916,414.13116371876,1013.2863809139784,-0.03625229835497312,0.2840612556186828
grid_m4.00_29.50,1970-06-01,20.413303347222246,16.644517652777804,70.20020484474,1014.9795090277778,0.12335832391147224,0.6663564244670833
grid_m4.00_29.50,1970-07-01,20.25611288978497,15.926485174731203,68.32695025656,1014.7883354838709,0.15382315463494625,0.5790711205512097
grid_m4.00_29.50,1970-08-01,20.833740134408625,16.652598252688193,134.37914859052,1013.028050672043,0.3115354149509543,0.30404702145631723
grid_m4.00_29.50,1970-09-01,21.591284930555577,16.551463125000023,106.2376499994,1011.4963552777779,0.26097473573962915,0.39037746843515275
grid_m4.00_29.50,1970-10-01,21.37894389784949,17.396385833333355,322.55840293932,1011.2420355510752,0.1999391829185484,0.5446466026123791
grid_m4.00_29.50,1970-11-01,20.69943901388891,17.55731855555558,519.19555685228,1011.5968910416667,-0.023206159312125003,0.5718050843860834
grid_m4.00_29.50,1970-12-01,20.21627560483873,17.460510376344107,691.67041749506,1012.2386840053763,-0.11708070016129031,0.7774870371170699
grid_m4.00_29.50,1971-01-01,20.41002125000002,17.336639516129054,456.454992387,1011.329300672043,0.09101715910487904,0.40380920906612905
grid_m4.00_29.50,1971-02-01,20.5444451636905,17.37901416666669,591.22991794574,1010.5508055803572,0.014282476814821431,0.49352213545089285
grid_m4.00_29.50,1971-03-01,20.760891357526905,17.758098279569914,586.55500410622,1011.0279059139784,-0.15732106819633065,0.6433465410156451
grid_m4.00_29.50,1971-04-01,20.138538486111134,17.799361097222246,554.97860959464,1012.2071701388888,-0.06507513194555556,0.6249123159667138
grid_m4.00_29.50,1971-05-01,20.37298172043013,17.34220922043013,402.7147292519,1013.0254475806452,-0.04727196191130376,0.3469801380793011
grid_m4.00_29.50,1971-06-01,20.018268458333356,16.44873188888891,87.99815188939999,1014.76828125,0.08344277237291667,0.62178001784625
grid_m4.00_29.50,1971-07-01,19.90183243279572,16.125242459677445,113.76333196626,1014.0673053091399,0.233171545777043,0.4350662536662634
grid_m4.00_29.50,1971-08-01,20.408538830645185,15.684819798387117,46.80538177718,1012.8855332661291,0.19947920313112905,0.29787892032620966
grid_m4.00_29.50,1971-09-01,20.926990958333356,16.939488472222244,325.14691334048,1012.5394895138888,0.10326963988655555,0.2624725720977778
grid_m4.00_29.50,1971-10-01,20.864487594086043,17.14196295698927,472.25928274874,1012.3841270833334,-0.05360601296935484,0.44994623432903225
grid_m4.00_29.50,1971-11-01,19.953517861111134,17.16025166666669,582.9133993351,1012.3363821527778,-0.010931672356499998,0.6399676207977778
grid_m4.00_29.50,1971-12-01,19.746955564516153,16.816850577957013,619.54307582072,1012.7518967069892,-0.042424514869623654,0.5973538019004032
grid_m4.00_29.50,1972-01-01,20.246995295698948,17.49164940860217,627.29191826148,1011.1007174059139,-0.14638548003844085,0.5991344454105981
grid_m4.00_29.50,1972-02-01,20.533304497126462,17.285536250000025,426.19419140784,1011.4573734195402,0.13694028712212644,0.10760469472313218
grid_m4.00_29.50,1972-03-01,20.58723245967744,17.548735819892496,485.0916868864,1011.5312561827957,-0.06335927077078898,0.6016692094146505
grid_m4.00_29.50,1972-04-01,20.292955097222244,17.82232379166669,518.67389628272,1012.053291875,-0.1571965591529625,0.6840310087186111
grid_m4.00_29.50,1972-05-01,20.262374005376365,17.7017835215054,410.27307521094,1013.253525,-0.1669937468688172,0.6111880055265726
grid_m4.00_29.50,1972-06-01,20.26970966666669,16.699115847222245,180.30571939388,1014.1697111805555,0.10991009659246388,0.3402758490525764
grid_m4.00_29.50,1972-07-01,20.147470860215076,16.407324838709698,75.49858097486,1014.6447268817204,0.1051347592155914,0.6231019022009409
grid_m4.00_29.50,1972-08-01,20.761343817204327,16.350210094086044,143.01872201584,1012.9443627688172,0.18854649807634408,0.36197757869448927
grid_m4.00_29.50,1972-09-01,21.34546880555558,17.325038902777802,289.24226679236,1012.671083125,0.046241314320138886,0.36172032074138893
grid_m4.00_29.50,1972-10-01,20.887408911290343,17.82418290322583,626.49154603194,1012.3093288306451,-0.05579427515766129,0.4679862185248656
grid_m4.00_29.50,1972-11-01,20.221323111111133,17.798546652777798,757.71355689218,1012.9656508333333,-0.07235486753694444,0.7494276721709723
grid_m4.00_29.50,1972-12-01,20.425164569892498,17.797961908602172,667.2439579379,1013.0006004704301,-0.10418418765051075,0.5549034824823925
grid_m4.00_29.50,1973-01-01,21.24052918010755,18.144835309139808,648.79918064428,1013.2125816532258,0.07720355877150538,0.33064684315376347
grid_m4.00_29.50,1973-02-01,22.02017504464288,18.54293041666669,410.83908078222,1011.8968861607143,-0.10466081159538691,0.4144902440166667
grid_m4.00_29.50,1973-03-01,21.355516303763466,18.560949354838733,681.60414658568,1011.8951103494624,-0.279260573913629,0.8181230695755377
grid_m4.00_29.50,1973-04-01,20.706446708333356,18.22322418055558,577.8551096715601,1012.349498125,-0.2238900715153611,0.82004166946625
grid_m4.00_29.50,1973-05-01,20.480642043010775,17.84690166666669,471.69494632704,1013.3574973790323,-0.0956398336767473,0.5063729408483723
grid_m4.00_29.50,1973-06-01,20.149363958333357,16.994107875000022,126.00827254496001,1014.3903507638889,0.09817850593777777,0.758477719247686
grid_m4.00_29.50,1973-07-01,19.92484856182798,15.653464475806473,41.4309501574,1014.5230133736559,0.0999689940436828,0.7658661467672042
grid_m4.00_29.50,1973-08-01,20.767092190860236,15.691586814516151,26.9711018934,1013.5489649193548,0.3163126262406989,0.5331246236548387
grid_m4.00_29.50,1973-09-01,21.471918722222245,17.055750250000024,217.95606613272,1012.1715071527777,0.2134614729003472,0.1772736229009625
grid_m4.00_29.50,1973-10-01,21.401740779569916,17.589980887096797,413.53011117668,1010.628346438172,0.05937617362672043,0.4039151781936828
grid_m4.00_29.50,1973-11-01,20.550144194444467,17.756911402777803,642.6506025134601,1012.5878633333333,-0.03299155808800972,0.69090595328375
grid_m4.00_29.50,1973-12-01,20.070763897849485,17.365897123655937,656.43668126178,1012.1817259408601,-0.16501550830860215,0.8038550444139786
grid_m4.00_29.50,1974-01-01,19.945594717741958,17.005458293010776,679.74686563982,1011.5849461021505,-0.12943351849112902,0.7746640876856182
grid_m4.00_29.50,1974-02-01,20.587449375000023,17.518908824404786,466.91203155006,1010.1702430803572,-0.25189604019270834,0.8437600821992559
grid_m4.00_29.50,1974-03-01,20.7015133198925,17.496862432795723,444.56100464928,1010.7965097446237,0.03891756766706989,0.5074476565681452
grid_m4.00_29.50,1974-04-01,20.129026194444467,18.0230914027778,533.69307532568,1012.4301218055556,-0.04625409423111111,0.7767612706844306
grid_m4.00_29.50,1974-05-01,19.794898534946263,17.48600986559142,559.67187733318,1013.4584647849463,0.0005324372470430113,0.6839492922784947
grid_m4.00_29.50,1974-06-01,20.20494587500002,16.897924500000023,152.39906313488,1013.3180497916666,0.17142263274125,0.41011490295023606
grid_m4.00_29.50,1974-07-01,19.28484184139787,15.780826532258088,127.5894636532,1015.0409396505376,0.1568536656747312,0.44961990903776883
grid_m4.00_29.50,1974-08-01,20.829230537634434,15.691248279569916,33.5328580198,1012.744168951613,0.1736837399170699,0.4588944967575941
grid_m4.00_29.50,1974-09-01,21.372271611111135,16.04628380555558,124.1574288742,1011.661783611111,0.31526330344083336,0.36423488095499995
grid_m4.00_29.50,1974-10-01,21.234567553763465,17.438394650537656,289.36243025286,1011.0396938844086,0.09956439817473119,0.43138584834489246
grid_m4.00_29.50,1974-11-01,20.408798347222245,17.350353500000022,621.5631958798,1011.7361698611111,-0.04378407782569444,0.4601492987498611
grid_m4.00_29.50,1974-12-01,20.175639435483895,17.37889653225809,672.09696699346,1011.7402704301074,-0.1571658217605914,0.909214286801035
grid_m4.00_29.50,1975-01-01,20.257395725806475,17.28415116935486,634.04226241668,1012.2935694892474,-0.10943322568252688,0.6487544473495968
grid_m4.00_29.50,1975-02-01,21.100915386904784,17.422805505952404,310.43386465038003,1011.3438693452381,-0.06722180820418154,0.798804917618512
grid_m4.00_29.50,1975-03-01,20.808400040322603,17.595196357526905,358.82282136854,1011.6367841397849,0.04227285470017473,0.5710144655627688
grid_m4.00_29.50,1975-04-01,20.190886625000022,17.904061388888913,698.3976374182,1011.7708947222222,-0.2798397486009722,0.7391878640108334
grid_m4.00_29.50,1975-05-01,20.290235658602175,17.502840685483893,435.30178056636,1012.4135087365592,-0.08932860201975806,0.508304615504785
grid_m4.00_29.50,1975-06-01,19.723983041666692,16.59559041666669,246.72007590206,1014.6625892361112,0.08305556038769445,0.6343853044166666
grid_m4.00_29.50,1975-07-01,19.87196404569895,15.766237231182817,67.4614907893,1013.5314491263441,0.22311581904166666,0.44012434425188174
grid_m4.00_29.50,1975-08-01,20.271731881720452,15.405638427419378,49.406290173980004,1013.1915190860215,0.21499438929798387,0.5540558619959678
grid_m4.00_29.50,1975-09-01,20.588945986111135,16.69719476388891,325.09517613034,1012.2767248611111,0.13571859982805556,0.04237359353194445
grid_m4.00_29.50,1975-10-01,20.410276478494648,17.23214178763443,587.2287751651,1011.8933085349463,0.0032014333994623673,0.2949933913185081
grid_m4.00_29.50,1975-11-01,20.248087000000023,17.296756861111135,538.6519442055,1011.4034113888889,-0.14532711762706946,0.718022982563889
grid_m4.00_29.50,1975-12-01,19.963678521505397,17.197211155914,602.16593658832,1011.8221800403226,-0.13235403509086022,0.6742280746518817
grid_m4.00_29.50,1976-01-01,20.38419341397852,17.453923306451635,563.38524828576,1011.0013305779569,-0.13119772631952956,0.7390416883760752
grid_m4.00_29.50,1976-02-01,20.11134196839083,17.231585158046,510.54024642662,1011.0118158764367,-0.0975223777795977,0.7687590315389368
grid_m4.00_29.50,1976-03-01,20.739210631720454,17.737579368279594,496.00386548342,1010.5365820564516,-0.15465781464744624,0.8196936984612904
grid_m4.00_29.50,1976-04-01,20.108166666666687,17.837790722222245,582.07798066446,1012.4786424305555,-0.2318238576901389,0.8622932873754167
grid_m4.00_29.50,1976-05-01,19.90863239247314,17.50703897849465,537.54472779512,1014.0278254704301,-0.14024467843981184,0.6371585676577958
grid_m4.00_29.50,1976-06-01,19.816052083333357,16.46563719444447,237.19906787104,1014.4838391666666,0.03644919966736111,0.5259791280401389
grid_m4.00_29.50,1976-07-01,20.11200856182798,15.47116362903228,64.38469864384,1014.9787954301075,0.11824696829408603,0.555200107605914
grid_m4.00_29.50,1976-08-01,20.602495618279594,16.057005752688195,84.9416258317,1013.6014331989247,0.2572332644465054,0.43819304415698923
grid_m4.00_29.50,1976-09-01,21.3631660277778,17.234585625000022,274.2156990015,1012.8199779861112,0.21890043632388892,0.30511184259722224
grid_m4.00_29.50,1976-10-01,21.0533597715054,17.83888344086024,483.01696823626,1011.3967434811829,-0.05099807251540322,0.5764377340056451
grid_m4.00_29.50,1976-11-01,20.383640347222244,17.41039104166669,458.58407014166,1011.6884716666667,-0.04364382401772222,0.7041226490119444
grid_m4.00_29.50,1976-12-01,20.44292376344088,17.788735322580667,627.23589029982,1011.192266733871,-0.20889186188596776,0.8351694533625
grid_m4.00_29.50,1977-01-01,20.6291283870968,17.770367661290344,566.58768511132,1011.7357385752689,-0.02138711996478495,0.6254779035790726
grid_m4.00_29.50,1977-02-01,21.037907559523834,17.55916309523812,441.4103033431,1012.1563994047619,0.016498361143482142,0.12146704473809525
grid_m4.00_29.50,1977-03-01,20.561563051075293,18.062086357526905,757.6255803365,1012.2832342069892,-0.2019835691705645,0.8692304940123656
grid_m4.00_29.50,1977-04-01,20.617066583333358,18.23954826388891,522.77636492806,1012.1389077777777,-0.1404717975625,0.6497782347954166
grid_m4.00_29.50,1977-05-01,20.782725456989272,17.74364658602153,300.56309730772,1013.3858116263441,-0.042129557096370965,0.5558908719355511
grid_m4.00_29.50,1977-06-01,20.489038097222245,16.823228986111133,131.21843318466,1013.8388526388889,0.15842374211333332,0.4901129376537361
grid_m4.00_29.50,1977-07-01,20.54179598118282,15.96258670698927,32.49502190684,1013.7320698924732,0.19884013166176076,0.6034203193418011
grid_m4.00_29.50,1977-08-01,21.17627663978497,16.259353844086046,80.47437670578,1013.0444161290322,0.2606688468923387,0.4685645411236559
grid_m4.00_29.50,1977-09-01,21.670108069444467,17.53987880555558,289.64638820998,1012.2761045833333,0.2285085418823611,0.3642454993004028
grid_m4.00_29.50,1977-10-01,21.900155873655937,17.909045860215077,312.03579931212,1011.9438494623656,0.19311519360201612,0.554130636510215
grid_m4.00_29.50,1977-11-01,20.3412486527778,17.8247404027778,783.28966961238,1012.7985252083332,-0.07782182582722222,0.6284858917397222
grid_m4.00_29.50,1977-12-01,20.35625735215056,17.84995728494626,616.27411710904,1012.9140551747311,-0.0925996016710215,0.6798552451322043
grid_m4.00_29.50,1978-01-01,20.955493225806475,17.76311778225809,527.20379808642,1013.0287945564517,0.011182846240591397,0.4846205952236425
grid_m4.00_29.50,1978-02-01,21.15659355654764,18.17977248511907,546.94485684332,1012.5605861607143,0.017836889538244048,0.4630829940320833
grid_m4.00_29.50,1978-03-01,20.786326989247335,17.866155739247333,535.53414301782,1012.2550670698924,0.09880367406301076,0.2372996424454301
grid_m4.00_29.50,1978-04-01,20.4273206527778,18.217785208333357,698.16756312616,1012.1919027777778,-0.17563671522986113,0.7644806493337499
grid_m4.00_29.50,1978-05-01,20.646057553763463,17.64089666666669,324.99170300092,1013.6161084005377,-0.005764109597715053,0.4626959110403226
grid_m4.00_29.50,1978-06-01,20.24763025000002,16.953826833333355,191.86735180018,1014.6838142361111,0.15259448133293055,0.4257746520277778
grid_m4.00_29.50,1978-07-01,20.038806935483894,15.930785819892495,44.52133202586,1013.919073655914,0.16739254564412634,0.6209053929408871
grid_m4.00_29.50,1978-08-01,21.090353857526903,15.863287620967764,52.17218410244,1013.4907403225807,0.22601035270591396,0.38508785835954307
grid_m4.00_29.50,1978-09-01,21.628813569444468,16.5799594027778,184.78608135814,1012.3377044444444,0.2340597794011111,0.2778323603119444
grid_m4.00_29.50,1978-10-01,21.379668118279593,17.662771895161313,406.63957665244,1011.5739184811828,0.09125699275336022,0.4160066413839516
grid_m4.00_29.50,1978-11-01,20.222516055555577,17.609293611111134,692.38281258734,1012.9853281944444,-0.07163001151358334,0.8742317834525
grid_m4.00_29.50,1978-12-01,20.52529297043013,18.090895067204322,652.31919201692,1012.4443933467742,0.025881285420698924,0.3892399780994624
grid_m4.00_29.50,1979-01-01,20.55509415322583,17.912871196236583,554.1896810686,1012.0277474462366,-0.04711618763629032,0.6947445820360214
grid_m4.00_29.50,1979-02-01,21.307641473214307,17.741300610119072,340.18087386434,1011.8917601190476,0.19291414581099703,0.1519642340458333
grid_m4.00_29.50,1979-03-01,21.00171973118282,18.328959381720452,610.96835046298,1012.0366404569892,-0.04795146247795699,0.8369961817299731
grid_m4.00_29.50,1979-04-01,20.552846986111135,18.400935180555578,651.84998444192,1012.4698300694444,-0.016296387208638886,0.6427081851916666
grid_m4.00_29.50,1979-05-01,20.508540040322604,18.065770362903248,446.05112066604,1014.1768232526881,-0.06089460688991935,0.712041013464664
grid_m4.00_29.50,1979-06-01,19.991130861111134,16.666378736111135,150.02036075122,1015.4495264583334,0.07943494517833333,0.7518620166533334
grid_m4.00_29.50,1979-07-01,19.955776155914002,15.982157500000024,59.85736846286,1015.9657815188173,0.12360074357995834,0.7670654774955645
grid_m4.00_29.50,1979-08-01,21.249679663978515,16.547390752688194,63.34352529408,1012.6910586021505,0.2319301037526882,0.4919231152850672
grid_m4.00_29.50,1979-09-01,22.058403527777802,16.622837555555577,86.7705344968,1012.2408434722222,0.3299188402716667,0.43686229529208337
grid_m4.00_29.50,1979-10-01,21.6147885887097,17.4639247715054,552.89459222154,1011.9899649865591,0.12261338160712366,0.46454019374166666
grid_m4.00_29.50,1979-11-01,20.78703405555558,17.940121138888912,580.10602057034,1011.5420476388889,-0.18411472958402778,0.7581801293404015
grid_m4.00_29.50,1979-12-01,20.437935080645186,17.681649959677443,665.20285524388,1013.1090049731183,-0.08599638386330645,0.8385246042451612
grid_m4.00_29.50,1980-01-01,21.045045201612925,17.95365478494626,546.33617317084,1012.5014847446237,-0.05342842372486559,0.6163905553313763
grid_m4.00_29.50,1980-02-01,21.104061379310366,18.423846752873587,544.27838452498,1011.3660066091954,-0.24931455953635057,0.7511002972846264
grid_m4.00_29.50,1980-03-01,21.42060283602153,17.953992647849486,408.41388689386,1011.7637701612903,-0.034850171873064516,0.5288312939746909
grid_m4.00_29.50,1980-04-01,21.028957861111135,18.385097875000024,424.63254919528,1012.2326989583333,-0.09835804850170835,0.6771708810586111
grid_m4.00_29.50,1980-05-01,20.429519610215078,18.014323776881742,421.48184806204,1014.0595647177419,-0.024334897522849463,0.534418700713172
grid_m4.00_29.50,1980-06-01,20.540801055555576,17.102341319444466,131.60085636008,1015.0057747222223,0.0451799185705,0.5998441689320834
grid_m4.00_29.50,1980-07-01,20.2012710215054,15.963505147849485,41.2070750017,1015.0572317204301,0.15089957952620967,0.8260050353892474
grid_m4.00_29.50,1980-08-01,20.980414086021526,15.933634556451633,63.93194176618,1014.2337527553764,0.17990446525758738,0.6017439132696236
grid_m4.00_29.50,1980-09-01,21.56048788888891,17.467595722222246,337.85271610996,1012.9393250694445,0.1656941592413889,0.32452488005625
grid_m4.00_29.50,1980-10-01,21.351542083333356,17.525939435483895,424.37529596144,1012.72005625,0.07584110331115591,0.5419641934737903
grid_m4.00_29.50,1980-11-01,20.454555236111137,17.637642319444467,619.33159969674,1012.6791072222221,-0.044993845097736115,0.6675373298300694
grid_m4.00_29.50,1980-12-01,20.502195000000025,17.752775322580668,629.97508101506,1012.4548942876344,-0.027172662111155915,0.6882202392357527
grid_m4.00_29.50,1981-01-01,20.646391989247334,17.834025551075293,607.6807981823,1012.8816758064517,-0.15548790386948924,0.8623692095508065
grid_m4.00_29.50,1981-02-01,21.18582598214288,17.862380580357165,471.0302347113,1011.8962601190476,-0.1629174776014881,0.5711623148269672
grid_m4.00_29.50,1981-03-01,21.011517459677442,17.995200887096797,497.66802777138,1012.1503902553764,-0.07606719650537634,0.5809500504139651
grid_m4.00_29.50,1981-04-01,20.864101986111134,18.345752611111134,461.90524103648,1012.720277986111,-0.05549291021034722,0.50343964886125
grid_m4.00_29.50,1981-05-01,20.5690210887097,17.841974596774218,460.0305551728,1013.8143049731184,0.03308595661869623,0.361468681608871
grid_m4.00_29.50,1981-06-01,20.75142901388891,17.162631583333358,109.2848775355,1014.9149236805556,0.04304798619597222,0.5920195260413889
grid_m4.00_29.50,1981-07-01,20.519519838709698,16.086010712365614,29.56581123486,1014.375697782258,0.20534808734999999,0.5709170539348118
grid_m4.00_29.50,1981-08-01,20.97111783602153,16.615343252688195,232.10263243424,1013.5179840725806,0.19809089170779567,0.3757747032858871
grid_m4.00_29.50,1981-09-01,21.290925930555577,17.171000805555575,289.28661317394,1012.8549449999999,0.07084626063443056,0.35671186477472216
grid_m4.00_29.50,1981-10-01,21.08577482526884,17.953651438172066,622.57576048642,1012.3244436827957,-0.12281918085255376,0.4594719170895161
grid_m4.00_29.50,1981-11-01,20.964704694444467,17.673779166666687,464.64586237756,1011.95552375,-0.05683569016847222,0.5557482415180556
grid_m4.00_29.50,1981-12-01,20.64235049731185,17.987719381720453,652.3923878819201,1012.7792179435484,-0.2214631855436828,0.7798316102766532
grid_m4.00_29.50,1982-01-01,20.99266295698927,17.94889543010755,594.20180341606,1011.8955872983871,-0.1623583347623656,0.6757157649870968
grid_m4.00_29.50,1982-02-01,21.2778839136905,17.869643065476215,531.70800144038,1011.5419967261905,-0.15775738847172618,0.6214826455244048
grid_m4.00_29.50,1982-03-01,21.43073807795701,18.232660860215077,443.99356777514,1011.5725136424732,-0.24892722132190861,0.7651535013117379
grid_m4.00_29.50,1982-04-01,20.864078444444466,18.373163750000025,595.66116244598,1012.6599222916667,-0.1558457901027778,0.6196315989973611
grid_m4.00_29.50,1982-05-01,20.611704381720454,17.98836176075271,491.64104553474,1013.7084284946236,-0.12538296679018818,0.6834641312541666
grid_m4.00_29.50,1982-06-01,20.643879000000023,17.322465750000024,169.32272944208,1015.3163352083334,0.07556436893441666,0.5236806646768055
grid_m4.00_29.50,1982-07-01,20.207573400537658,16.534219341397872,96.90427773346,1014.9635774865592,0.10149375399038979,0.6726330575826613
grid_m4.00_29.50,1982-08-01,20.971041048387118,16.44549350806454,53.10964592046,1014.1567942876344,0.18492620791787634,0.5227522891069892
grid_m4.00_29.50,1982-09-01,21.759027847222246,17.346299722222245,257.894038238,1012.9496439583332,0.23790658337965276,0.4952168789113195
grid_m4.00_29.50,1982-10-01,20.539760739247335,17.567438319892496,753.5817626268,1012.4932100806452,-0.12440045615174732,0.7547910653219085
grid_m4.00_29.50,1982-11-01,20.59246179166669,17.741980000000023,589.92743542888,1012.6821064583334,-0.03656660748325,0.6383596635740277
grid_m4.00_29.50,1982-12-01,20.783586478494644,18.097105618279592,554.01563580678,1012.9091530241936,-0.044411063910887096,0.6102061332413978
grid_m4.00_29.50,1983-01-01,21.1714510215054,18.45808173387099,675.86684282934,1013.498309811828,-0.10495279550779571,0.6456439110262097
grid_m4.00_29.50,1983-02-01,22.13310513392859,18.743685223214307,462.49961859742,1012.4729020089286,-0.14040681373229166,0.40649868306398806
grid_m4.00_29.50,1983-03-01,21.88020938172045,19.065460228494647,499.54128352762,1012.5921013440859,-0.25933476948844086,0.7658582299438172
grid_m4.00_29.50,1983-04-01,21.18399243055558,18.760541583333357,574.08714280404,1013.0089934722223,-0.27192819347125,0.7460717949629166
grid_m4.00_29.50,1983-05-01,21.463613467741958,18.395298723118305,361.32001961058,1012.9150639784947,-0.1645764382489516,0.4639073788709678
grid_m4.00_29.50,1983-06-01,21.5401222777778,17.673119319444467,79.422950942,1014.1222941666667,0.20877715192227775,0.39091358082361116
grid_m4.00_29.50,1983-07-01,20.85292802419357,16.979778427419376,101.73726098406,1014.3968040994623,0.14628502602903226,0.5284039132357528
grid_m4.00_29.50,1983-08-01,21.18527673387099,17.12477985215056,119.44770848419999,1014.76471922043,0.29506937700362906,0.520454039019086
grid_m4.00_29.50,1983-09-01,21.838132458333355,17.108412555555578,118.2706352501,1012.8875633333332,0.23473256443313195,0.3535443209458334
grid_m4.00_29.50,1983-10-01,20.82840245967744,17.644761948924753,500.56600425458,1012.833627217742,-0.000523003554032256,0.37930691565188174
grid_m4.00_29.50,1983-11-01,20.901947222222244,17.705699902777802,457.81731662578,1013.67397375,-0.050966957121050004,0.5743501438927083
grid_m4.00_29.50,1983-12-01,20.59811783602153,17.409115860215074,506.95443078014,1013.1683173387096,0.0015560542223709679,0.48770014462826616
grid_m4.00_29.50,1984-01-01,20.214888938172066,17.32997986559142,610.75806675902,1012.2954190188171,0.12601910339126346,0.42882516730994624
grid_m4.00_29.50,1984-02-01,20.980179252873587,17.543361321839104,615.26274710906,1010.7819504310346,-0.09832553091056033,0.5877099312780316
grid_m4.00_29.50,1984-03-01,20.954735698924754,17.943310564516153,473.00481710484,1011.385468077957,-0.17833315941699462,0.7944712270705646
grid_m4.00_29.50,1984-04-01,20.713535222222244,17.752645027777803,438.38286330242,1012.3481856944444,-0.1439435112209722,0.6509287524601389
grid_m4.00_29.50,1984-05-01,20.772228951612927,17.312389986559165,238.72756928494,1012.5940563844085,-0.03202866997233871,0.6625458923366129
grid_m4.00_29.50,1984-06-01,20.089118736111132,16.592447777777803,153.87225124100001,1014.8343268055556,0.09128390483291667,0.8335850082479861
grid_m4.00_29.50,1984-07-01,20.006265040322603,16.512686653225828,189.94474382324,1014.0431599462366,0.20292253348830647,0.4574433584718818
grid_m4.00_29.50,1984-08-01,20.772638723118302,16.623525672043034,128.3667091857,1013.703873655914,0.10381505894274194,0.3461205258530914
grid_m4.00_29.50,1984-09-01,21.800763055555578,16.760086347222245,125.55932990032,1011.7642565277779,0.2922210705888889,0.23395171661805556
grid_m4.00_29.50,1984-10-01,21.18605802419357,17.741365940860238,703.6316389977,1012.1855573252687,-0.08048518978293011,0.23019934385489246
grid_m4.00_29.50,1984-11-01,20.232572958333357,17.661442666666687,722.49078706668,1012.69251875,-0.17324172082625,0.6131263095674305
grid_m4.00_29.50,1984-12-01,20.43850232526884,17.719790833333356,768.5410976981,1011.5664254704302,-0.0907903079376344,0.681340432550672
grid_m4.00_29.50,1985-01-01,20.974578077957013,17.919816559139807,403.24640213622,1011.3434842741935,-0.15198982025491936,0.7443912865375134
grid_m4.00_29.50,1985-02-01,20.971296755952405,17.12134224702383,318.17817720508,1011.8000741071429,0.3065542271741667,0.22683747602594342
grid_m4.00_29.50,1985-03-01,21.194359381720453,18.138043252688195,562.5841606765,1011.3524280913978,-0.05071912754879033,0.486656045788172
grid_m4.00_29.50,1985-04-01,20.412151069444466,18.0164941527778,662.80388793884,1012.5476252777778,-0.05864023090059722,0.611778683782139
grid_m4.00_29.50,1985-05-01,20.50374603494626,17.643284919354862,349.04670687228,1013.4341186155914,-0.05056522751733871,0.6534150870961022
grid_m4.00_29.50,1985-06-01,20.360721805555578,16.988443319444468,106.38427742064,1015.3381284722223,0.14391909731212915,0.5516364440748611
grid_m4.00_29.50,1985-07-01,19.836209650537658,15.897323373655938,60.78934658066,1015.0100602150537,0.18122503684879032,0.6408129852994623
grid_m4.00_29.50,1985-08-01,20.408603817204323,16.317109139784968,120.47529212302,1014.5047124327956,0.20287589497540323,0.5042389499098118
grid_m4.00_29.50,1985-09-01,20.890644125000023,17.136748847222243,331.35914755196,1012.4684548611111,0.3507577688959722,-0.05563479597847222
grid_m4.00_29.50,1985-10-01,21.205434475806474,17.759710698924753,614.77375090724,1011.8414032258064,0.13503995554301076,0.13577424370906588
grid_m4.00_29.50,1985-11-01,20.544039708333358,17.65671568055558,684.45801689212,1012.6643323611111,-0.07370303952111111,0.6001694576027777
grid_m4.00_29.50,1985-12-01,20.538174583333358,17.999724543010775,945.92189833108,1012.1846063172043,-0.1442834373769086,0.7573176242454907
grid_m4.00_29.50,1986-01-01,20.82324103494626,17.845562298387122,679.47578403878,1012.7172838037634,0.02855645483172043,0.4713174760870968
grid_m4.00_29.50,1986-02-01,21.226377529761926,17.523874360119073,381.32166871332,1011.5832145833334,0.02003819589419643,0.5788120313622024
grid_m4.00_29.50,1986-03-01,20.789685860215076,17.851817473118302,508.20779794458,1011.8537024193548,-0.11514696603333334,0.7582589631401881
grid_m4.00_29.50,1986-04-01,20.6701446527778,18.232484888888912,579.86187969284,1012.2876136111112,-0.11689222027472224,0.5530845644213889
grid_m4.00_29.50,1986-05-01,20.724005685483892,18.076177056451638,362.95843134854,1013.8866511424732,-0.02377363121169355,0.5843369064900538
grid_m4.00_29.50,1986-06-01,20.339528958333354,16.998455319444467,87.71014211092,1014.5881275,0.03809632244841667,0.7362345851166667
grid_m4.00_29.50,1986-07-01,20.17511357526884,15.520076505376366,32.40323037538,1015.8043080645161,0.19050932424000003,0.6898323195313172
grid_m4.00_29.50,1986-08-01,21.341649946236583,16.52299189516131,63.85684025512,1013.3814005376344,0.20342383844596776,0.49776034152231186
grid_m4.00_29.50,1986-09-01,21.572468833333357,16.877223222222245,273.55432578156,1013.4440043055556,0.2727367182063889,0.3033305484522222
grid_m4.00_29.50,1986-10-01,21.388000161290346,17.894227029569915,591.51124902972,1012.7666257392473,0.05212521221774193,0.5527080196969086
grid_m4.00_29.50,1986-11-01,20.41318268055558,17.96035266666669,719.68459946788,1012.4322738888889,-0.19490986795305554,0.7608796646783332
grid_m4.00_29.50,1986-12-01,20.61417809139787,18.16894462365594,835.43395893536,1013.2229309139785,-0.02593903801424731,0.6142093898696237
grid_m4.00_29.50,1987-01-01,21.03447172043013,18.078258198924754,615.36026162996,1013.4397928091398,0.0010080438022311822,0.2282047065357527
grid_m4.00_29.50,1987-02-01,21.800494821428593,18.5112317261905,516.65401540772,1012.9143637648809,-0.019958428552098215,0.4730298867361607
grid_m4.00_29.50,1987-03-01,21.971234556451634,18.56700560483873,433.42018148554,1011.4826215053763,-0.013824792916666665,0.5806378194619624
grid_m4.00_29.50,1987-04-01,21.489667347222245,18.868734111111134,493.43729019228,1013.1870636111111,-0.07767478087930556,0.6152544656859722
grid_m4.00_29.50,1987-05-01,21.227258239247334,18.424067405914002,455.72757711362,1013.5438684139784,-0.14492555741747312,0.49966601059260757
grid_m4.00_29.50,1987-06-01,20.99306304166669,17.38386923611113,82.6594831881,1015.4338269444445,0.11630003185458333,0.46876614893850005
grid_m4.00_29.50,1987-07-01,21.368952701612926,17.130846263440883,58.92181373942,1013.9551676075268,0.1786685866452957,0.6725903590179435
grid_m4.00_29.50,1987-08-01,21.61750651881723,17.327683440860238,132.0056911606,1013.7811887096775,0.29906160075530913,0.4406671220481855
grid_m4.00_29.50,1987-09-01,22.023133458333355,18.1913660277778,323.39334479062,1012.9187912499999,0.19096601213006942,0.20585250934902777
grid_m4.00_29.50,1987-10-01,21.69697544354841,18.548097728494646,512.75229468638,1012.5038526881722,0.03792286953951613,0.5784498032279569
grid_m4.00_29.50,1987-11-01,21.31159830555558,18.287585819444466,559.65328203768,1012.8644179166666,0.04249986006269445,0.43454337709305557
grid_m4.00_29.50,1987-12-01,21.782777029569917,18.6913560215054,524.26481276502,1013.1073719086022,-0.0948093579842742,0.8292739613082741
grid_m4.00_29.50,1988-01-01,21.231283669354863,18.308482674731206,635.10370228192,1012.5562413306451,-0.05246205537719086,0.639373265759543
grid_m4.00_29.50,1988-02-01,21.769379841954045,18.77514607758623,508.1830021233,1011.2931550287357,-0.13704940410158045,0.7619716602482759
grid_m4.00_29.50,1988-03-01,21.837857822580666,18.596295067204323,507.59005554278,1012.5810032930108,-0.00047888162104838477,0.36468534640801076
grid_m4.00_29.50,1988-04-01,21.307021597222242,19.0843315277778,570.7411764645,1012.3941393055555,-0.18118912957222222,0.7271720887577777
grid_m4.00_29.50,1988-05-01,21.12668174731185,18.523797258064537,382.2002403028,1014.15679375,0.028821534752678766,0.5623749763528225
grid_m4.00_29.50,1988-06-01,21.051854625000022,17.556250708333355,115.65780656222,1014.4569443055557,0.09099875526480555,0.5961207502991667
grid_m4.00_29.50,1988-07-01,20.779876491935507,16.83552686827959,87.80074107364,1014.4471635080645,0.2609461508174731,0.5090042029180107
grid_m4.00_29.50,1988-08-01,20.992384247311854,17.384075739247336,187.50143057412,1013.482549327957,0.30370900970537634,0.3100188265002688
grid_m4.00_29.50,1988-09-01,21.592342472222246,17.8274184027778,280.05743109344,1012.1428774999999,0.20228938050527775,0.2221147131152778
grid_m4.00_29.50,1988-10-01,21.39085610215056,18.114691545698946,463.4063233466,1011.6544288306452,0.08419830634717743,0.26451697465228496
grid_m4.00_29.50,1988-11-01,20.774167722222245,18.303649958333356,621.27256314266,1013.1139148611111,-0.04712344257711111,0.7755307098697222
grid_m4.00_29.50,1988-12-01,20.032953870967766,17.86633360215056,756.78253004214,1012.2084690860215,-0.20539575087258066,0.8491794199657258
grid_m4.00_29.50,1989-01-01,20.454928561827977,17.311100954301097,383.95452505728,1012.3383492607527,0.051921495864112904,0.4669189667366936
grid_m4.00_29.50,1989-02-01,20.72255636904764,17.934331502976214,696.08115990002,1012.8805391369048,0.025469371117425595,0.4449031238241072
grid_m4.00_29.50,1989-03-01,20.988070618279593,17.87443627688174,455.47580707842,1011.4519762096774,0.023411452935752686,0.5998760148276882
grid_m4.00_29.50,1989-04-01,20.876283708333357,18.199528361111135,418.12229107598,1012.5223381944444,-0.07867378627458332,0.6274052927054167
grid_m4.00_29.50,1989-05-01,20.547474153225828,17.993429596774217,453.25303102362,1014.6175548387097,-0.04698466329596774,0.6112313738513441
grid_m4.00_29.50,1989-06-01,20.520997069444466,17.400470361111136,96.08936307248,1015.4036753472222,0.06301911631880557,0.6426318695926388
grid_m4.00_29.50,1989-07-01,20.202530309139807,16.48095419354841,67.84415240682,1015.5097463037634,0.18650670204986558,0.5601253930872312
grid_m4.00_29.50,1989-08-01,20.85503037634411,16.58375612903228,102.57983202464,1014.0111823924731,0.23071779261420297,0.49870653003266124
grid_m4.00_29.50,1989-09-01,21.641296888888913,17.62672741666669,242.13814826275998,1011.9068331249999,0.04735340527831111,0.16628911872645832
grid_m4.00_29.50,1989-10-01,21.21696174731185,18.030885819892497,489.93754434974,1012.6031590053763,0.05172895707405914,0.47152636246774193
grid_m4.00_29.50,1989-11-01,21.216886125000023,18.468272722222245,586.9598391199,1012.3048179861112,-0.03385183596033333,0.480965233610125
grid_m4.00_29.50,1989-12-01,20.866143333333355,18.441896948924754,560.44817044222,1012.8602533602151,-0.020030113781129035,0.5473172594411291
grid_m4.00_29.50,1990-01-01,21.32083666666669,18.507660806451636,593.69921631918,1012.3632357526882,-0.09679652052889785,0.6497696702543683
grid_m4.00_29.50,1990-02-01,21.454879494047642,18.37403883928574,479.73370539392,1012.7619533482142,0.028887203469791668,0.5725268637504465
grid_m4.00_29.50,1990-03-01,21.283924569892495,18.695558440860236,571.08020714384,1013.5857435483871,-0.03325999671680108,0.4511648403580645
grid_m4.00_29.50,1990-04-01,21.718680597222246,18.897209236111134,375.5371574377,1012.2693965277779,-0.08550376997777777,0.5288265426384723
grid_m4.00_29.50,1990-05-01,21.11838181451615,18.537797674731205,404.32119316112,1013.7723344086021,-0.04155329227096774,0.718229986927285
grid_m4.00_29.50,1990-06-01,21.104249763888912,17.482132250000024,118.25418465526,1015.1963525694445,0.17507972656987222,0.5975332049639306
grid_m4.00_29.50,1990-07-01,20.637388360215077,15.77509290322583,17.16685292728,1014.9142790322582,0.25811695778252686,0.6587443253772177
grid_m4.00_29.50,1990-08-01,20.98389505376346,16.735007056451636,81.29715901248,1014.9599823252688,0.2969372039780914,0.5304581638038307
grid_m4.00_29.50,1990-09-01,21.379384000000023,17.464035000000024,362.39433288166,1013.4112318055555,0.23167213746527776,0.3931460034815278
grid_m4.00_29.50,1990-10-01,21.70651215053766,17.964212822580667,369.62866830034,1012.3449355510753,0.1334298305110215,0.45986833908037633
grid_m4.00_29.50,1990-11-01,20.95005501388891,18.442174388888912,610.09406954914,1012.4422342361111,-0.1820530368045,0.5817833161491667
grid_m4.00_29.50,1990-12-01,20.76097735215056,18.176207083333356,573.12464696608,1012.5325820564516,-0.09390628020727285,0.7557428032284946
grid_m4.00_29.50,1991-01-01,21.247342567204324,18.435011263440884,546.71526033334,1012.8929963037634,-0.11191622459099462,0.6534805702701613
grid_m4.00_29.50,1991-02-01,21.56614979166669,18.57629803571431,500.85520626542,1012.6368165178571,-0.17999349307113097,0.5679206400845982
grid_m4.00_29.50,1991-03-01,21.707539690860237,18.809377150537657,462.15724923878,1011.6773597446237,-0.06280212001922042,0.6684199098494623
grid_m4.00_29.50,1991-04-01,20.83536604166669,18.677168402777802,609.88569289872,1012.8717056250001,-0.059128231904208337,0.6924719066915278
grid_m4.00_29.50,1991-05-01,20.90358600806454,18.67915600806454,634.10568133932,1013.6002911290321,-0.030873513698655916,0.5899227930013441
grid_m4.00_29.50,1991-06-01,21.554805208333356,18.145124236111133,126.14965473916,1014.2840588194445,0.16699727136833334,0.3684493221908333
grid_m4.00_29.50,1991-07-01,20.24108866935486,16.802571250000025,168.9572337081,1015.7631815860215,0.13802766287876345,0.5595769711946909
grid_m4.00_29.50,1991-08-01,21.287102768817228,16.712888696236583,99.08628445549999,1014.751672983871,0.28731062605443547,0.4454043807604839
grid_m4.00_29.50,1991-09-01,22.080918763888914,17.392177125000025,123.9399907149,1013.1896286111112,0.2802970891575,0.3973230564847222
grid_m4.00_29.50,1991-10-01,20.5001985887097,17.57241794354841,576.67207703134,1012.8177272849463,0.024276650943010757,0.5449022269706989
grid_m4.00_29.50,1991-11-01,20.638602388888913,17.930835486111132,558.01606199962,1012.8527934722223,-0.1040330884517139,0.6363076536137042
grid_m4.00_29.50,1991-12-01,20.752326612903246,17.90423920698927,566.43342905404,1012.832813844086,-0.03513547476491936,0.3717900360044355
grid_m4.00_29.50,1992-01-01,21.165109811827982,18.17590474462368,532.67431376214,1012.9024737903226,-0.11400407546048387,0.7043710524580645
grid_m4.00_29.50,1992-02-01,21.257766178160942,18.135013405172437,664.13187943972,1013.221836566092,-0.07811147280316093,0.4536019920543822
grid_m4.00_29.50,1992-03-01,21.82322797043013,18.52891431451615,485.62789036222,1011.9050626344085,-0.04168801615322581,0.611760558750672
grid_m4.00_29.50,1992-04-01,21.249281194444468,18.706751375000024,608.3364496933,1012.6495699305556,-0.14820139114,0.7133942286070833
grid_m4.00_29.50,1992-05-01,21.08897850806454,18.195967983870993,346.48466067486,1013.5486436827957,-0.011519628932422046,0.5445295084428763
grid_m4.00_29.50,1992-06-01,20.912890875000024,17.682706180555577,275.5608560724,1014.4630129166667,0.26662745881883193,0.2924615440525
grid_m4.00_29.50,1992-07-01,20.400684368279595,16.063458991935505,47.13439965558,1015.6380227822581,0.20254885449018817,0.6422985240872312
grid_m4.00_29.50,1992-08-01,20.98880415322583,15.428390631720452,11.90185541552,1015.1556722446237,0.24124176315127013,0.7693083146149193
grid_m4.00_29.50,1992-09-01,21.699082486111134,17.18635541666669,133.81743457236,1012.3268328472221,0.3034649741325,0.33823998897972224
grid_m4.00_29.50,1992-10-01,21.352358696236582,17.67537186827959,380.9146885487,1012.4344880376344,0.01626677090795699,0.41861041866895166
grid_m4.00_29.50,1992-11-01,20.489909305555578,17.47974491666669,709.3677521244,1012.3220321527778,-0.035734187074305555,0.3227737628049028
grid_m4.00_29.50,1992-12-01,20.47483780913981,17.813426760752712,623.72732223496,1012.8351882392474,-0.11713425795094087,0.5986478654173387
grid_m4.00_29.50,1993-01-01,20.537806491935505,17.621476384408624,529.48546507964,1013.2323856854839,-0.07730641827069892,0.5670325367639785
grid_m4.00_29.50,1993-02-01,20.990326622023833,17.79066650297621,447.46136727664,1012.5883362351191,-0.013354569979464284,0.35756177102901787
grid_m4.00_29.50,1993-03-01,21.15215478494626,17.946582056451636,571.02990079224,1012.8661817876344,-0.14986021757110216,0.6133553689906451
grid_m4.00_29.50,1993-04-01,20.881819361111134,18.33600479166669,670.25208361632,1012.5672111111111,-0.1809778638613889,0.7263982767166667
grid_m4.00_29.50,1993-05-01,21.195243279569915,18.5275535215054,468.85633369326,1013.1988793010753,-0.04517054864112903,0.3898396394083333
grid_m4.00_29.50,1993-06-01,21.0718134027778,17.43575916666669,116.19853947602,1015.0757259027779,0.2831446968073611,0.4819467130323611
grid_m4.00_29.50,1993-07-01,20.69979295698927,15.759344153225829,11.16037368354,1015.3538529569892,0.14825831224101613,0.8364600924764785
grid_m4.00_29.50,1993-08-01,21.214223293010775,16.491131626344107,102.14853245,1014.7624740591398,0.29077925643524194,0.48356045856559143
grid_m4.00_29.50,1993-09-01,21.83189954166669,16.798439375000022,81.0370447691,1013.0185736111112,0.3189887156206861,0.5457372434631528
grid_m4.00_29.50,1993-10-01,22.15600674731185,18.027219448924754,368.38316820316,1012.2311280913979,0.23466967521995966,0.5096557797431451
grid_m4.00_29.50,1993-11-01,21.054145416666692,18.25575126388891,529.68835776988,1011.7649693055555,0.0035719980350000014,0.5965495304865278
grid_m4.00_29.50,1993-12-01,20.96765190860217,18.404526532258085,532.12118127236,1012.2493288306451,-0.24009905834153225,0.7653371544255377
grid_m4.00_29.50,1994-01-01,21.175740147849485,18.018368158602172,550.46915915502,1011.7981965725808,0.0025967009972177415,0.6436732500450268
grid_m4.00_29.50,1994-02-01,21.34003590773812,17.812569821428593,462.76855441998,1012.5140866815477,0.10182380666026784,0.3488338793744048
grid_m4.00_29.50,1994-03-01,21.41345317204303,18.5431523387097,565.0477417166001,1012.6273155913979,-0.09593341537759409,0.5153184099931452
grid_m4.00_29.50,1994-04-01,20.90635079166669,18.395707708333358,601.22776160722,1012.5270605555556,-0.16700990416840278,0.69224758230375
grid_m4.00_29.50,1994-05-01,20.995283723118302,18.11809811827959,456.08377506048,1013.9756363575268,-0.038929057134637096,0.485700975784543
grid_m4.00_29.50,1994-06-01,20.935084555555576,17.240692597222246,83.30106773128,1014.3425222916666,0.2204049212951389,0.5276303388443055
grid_m4.00_29.50,1994-07-01,20.369163306451632,16.386998172043032,121.9334601848,1015.1193491935484,0.2045814149021505,0.6247677759033602
grid_m4.00_29.50,1994-08-01,21.216937594086044,16.059545174731205,48.67696743396,1013.8208606854838,0.2854683782247312,0.6051211828766129
grid_m4.00_29.50,1994-09-01,22.12771151388891,17.61526850000002,150.13742404095998,1012.9702556249999,0.355273837393375,0.5321143059894444
grid_m4.00_29.50,1994-10-01,20.699733991935506,17.804772580645185,652.63390590274,1012.3062942204301,-0.052250892739650535,0.6445741760362903
grid_m4.00_29.50,1994-11-01,20.80729512500002,18.09559318055558,599.13206188594,1012.6884835416666,-0.018549454435402776,0.6023524807894444
grid_m4.00_29.50,1994-12-01,20.529671962365615,18.45767045698927,677.87933286174,1013.4581928091397,-0.12584456598024193,0.9150236823153765
grid_m4.00_29.50,1995-01-01,21.176832607526904,18.208349516129054,562.4983310868,1013.3173815188172,0.0319270274811828,0.5834739030764785
grid_m4.00_29.50,1995-02-01,21.31711004464288,17.759321339285737,397.82857880688,1013.1455493303571,0.10791099602247023,0.47296928239929464
grid_m4.00_29.50,1995-03-01,21.298127419354863,18.31523927419357,471.19617479024,1012.388150873656,-0.09237914921424731,0.6753206351692205
grid_m4.00_29.50,1995-04-01,20.81868568055558,18.539697569444467,665.8816333554,1011.8757627083334,-0.1805723807433889,0.6991619959273611
grid_m4.00_29.50,1995-05-01,21.016116008064536,18.18676422043013,348.27136864608,1013.576434610215,-0.03293186768760753,0.4940011154086022
grid_m4.00_29.50,1995-06-01,21.227016347222243,17.607481375000024,144.08612226932,1014.0990920138888,0.14830623214945834,0.41401782601015275
grid_m4.00_29.50,1995-07-01,20.758313293010772,16.281238225806476,52.71458611376,1013.6335974462366,0.19060360467562634,0.6398653029028629
grid_m4.00_29.50,1995-08-01,21.33113435483873,16.1641900403226,26.81374547356,1013.6559809811828,0.24426894995148388,0.5755510427927419
grid_m4.00_29.50,1995-09-01,22.0326297777778,16.811094041666692,135.26391975074,1013.0751322222222,0.2710024723356944,0.3225127972236111
grid_m4.00_29.50,1995-10-01,21.447505712365615,17.931110967741958,450.62351291692,1011.6993975134409,0.0846888015264785,0.47220568582813177
grid_m4.00_29.50,1995-11-01,21.291566722222242,18.082323958333355,387.37583189741997,1012.1480819444444,0.04236333609876389,0.5585266546370834
grid_m4.00_29.50,1995-12-01,20.889342123655936,17.811501478494648,497.56812933406,1012.984797782258,-0.10245747703588709,0.6530576433444892
grid_m4.00_29.50,1996-01-01,21.03941723118282,17.852229811827982,614.57061809866,1011.5373052419354,-0.13423201564755377,0.5659857519637097
grid_m4.00_29.50,1996-02-01,21.213150948275885,17.98924369252876,526.11875680532,1011.2446139367817,-0.09581888137988506,0.5129991078356322
grid_m4.00_29.50,1996-03-01,21.23181434139787,18.48229493279572,693.80760280824,1011.487232795699,-0.15006602307658604,0.7217842434393011
grid_m4.00_29.50,1996-04-01,20.806301319444465,18.17334630555558,401.36432702257997,1012.5942178472221,-0.07009983044958333,0.7575482893392027
grid_m4.00_29.50,1996-05-01,21.117909690860238,17.984160322580667,302.53362600808,1013.3535479166667,-0.012835081920564513,0.5471362484769409
grid_m4.00_29.50,1996-06-01,20.81486043055558,16.250196125000024,48.307895632139996,1014.4597088194444,0.25039649517393053,0.5623430037583333
grid_m4.00_29.50,1996-07-01,20.55638049731185,15.572110833333356,31.78930287416,1014.9886159946236,0.22230747185215052,0.6331696652872312
grid_m4.00_29.50,1996-08-01,21.517913104838733,15.065517056451634,33.837795322,1013.3667038978494,0.2681931944682796,0.2741200447342742
grid_m4.00_29.50,1996-09-01,21.771878833333357,17.141152000000023,177.44445807948,1012.1771702083333,0.15188914381319446,0.2809206220527778
grid_m4.00_29.50,1996-10-01,21.26764158602153,17.51111170698927,455.52945138602,1012.2771124999999,0.19287261177916667,0.24784262485228492
grid_m4.00_29.50,1996-11-01,20.987305638888913,17.867636694444467,485.24093624236,1011.5130853472223,-0.05667858189819444,0.5046821806373611
grid_m4.00_29.50,1996-12-01,21.02171553763443,17.830637634408625,618.3609948734,1012.4433221774193,-0.18668088571170696,0.7696310066267473
grid_m4.00_29.50,1997-01-01,20.971080537634432,18.034139596774217,623.734235798,1012.2053452284947,-0.15233158836653227,0.6808629795467742
grid_m4.00_29.50,1997-02-01,20.8262682886905,17.678370952380977,657.27257880438,1012.7063889880952,-0.11905354694711309,0.7011146102041369
grid_m4.00_29.50,1997-03-01,21.186176922043032,18.376825779569913,669.19231347888,1011.6496873655914,-0.14604896606155915,0.6465794339627687
grid_m4.00_29.50,1997-04-01,20.717695666666692,17.995062708333357,543.2629576701,1013.413275625,-0.04386509755875,0.5870852992536111
grid_m4.00_29.50,1997-05-01,20.905405309139805,17.648848104838734,336.40480075958,1014.6650003360215,-0.025639232695564514,0.3504236263045699
grid_m4.00_29.50,1997-06-01,20.997440944444467,17.269844375000023,98.1814860546,1014.1161807638889,0.09188626681361112,0.39525979497673613
grid_m4.00_29.50,1997-07-01,20.62883915322583,16.167603091397872,68.00317731952,1015.8042823252688,0.23497265507909945,0.6953433931907257
grid_m4.00_29.50,1997-08-01,21.85910743279572,15.689230981182819,14.71471783886,1014.5795684811828,0.2762983171045699,0.4709705640758065
grid_m4.00_29.50,1997-09-01,22.90386363888891,16.605722972222246,64.35728057182,1012.3989934722222,0.36578790838722225,0.6111124668621765
grid_m4.00_29.50,1997-10-01,21.533742741935505,17.827416438172065,707.0622444589,1012.6471805107527,0.09130484055510751,0.6242742238263441
grid_m4.00_29.50,1997-11-01,21.110437194444465,18.41879141666669,766.60919178326,1012.6269953472223,0.066407246495,0.4842014749526389
grid_m4.00_29.50,1997-12-01,20.63643145161293,17.9144972043011,632.39240693152,1013.7688200268818,0.1051595128313172,0.6221987828341398
grid_m4.00_29.50,1998-01-01,21.325964610215077,18.88728354838712,890.93065173074,1013.0144243951613,0.0007827923142473115,0.5280393973768145
grid_m4.00_29.50,1998-02-01,22.1352139136905,18.953925252976212,533.81538453772,1014.125012202381,0.1509841061922619,0.071795326796875
grid_m4.00_29.50,1998-03-01,22.04056728494626,19.409740846774216,697.75056848692,1012.5847442876344,-0.16523326303239247,0.7240589517067204
grid_m4.00_29.50,1998-04-01,21.71562062500002,19.239802555555578,536.24820765698,1013.3080065972222,-0.11518152963644444,0.8077280055523611
grid_m4.00_29.50,1998-05-01,21.83494426075271,18.659241169354864,216.4454457243,1014.3512639784946,0.03769441768319893,0.48223567197795697
grid_m4.00_29.50,1998-06-01,21.334460194444468,17.425834361111132,96.26102439878,1015.6686404166667,0.12600311726231944,0.6148825438777779
grid_m4.00_29.50,1998-07-01,20.752375819892496,15.694402016129054,17.57478718932,1015.0373829301076,0.13695607255389786,0.781093659466129
grid_m4.00_29.50,1998-08-01,21.278556465053786,16.207759126344108,65.72198899486,1013.6504488575268,0.23989245521293012,0.5984305916205646
grid_m4.00_29.50,1998-09-01,21.869974958333355,17.279305000000022,197.88312898714,1012.7931531944445,0.2399181797486111,0.3764457706036112
grid_m4.00_29.50,1998-10-01,22.015240698924757,17.255076962365614,230.64422613634,1012.4102704973118,0.16990395974688172,0.5470656739415323
grid_m4.00_29.50,1998-11-01,21.592770375000022,17.9422435277778,387.59160125377997,1011.5447552083333,0.03885298797375,0.4801916319805556
grid_m4.00_29.50,1998-12-01,20.793277069892497,17.83427193548389,607.53297775364,1012.4907579973119,-0.22455652306733873,0.9169950575524194
grid_m4.00_29.50,1999-01-01,20.869124892473142,17.84819293010755,695.9309586593,1011.5345064516129,-0.12048848165645162,0.7248493949466398
grid_m4.00_29.50,1999-02-01,21.794482886904785,18.06284992559526,315.37699623328,1011.1315310267858,-0.08302515342857142,0.9274581733095237
grid_m4.00_29.50,1999-03-01,20.843694610215078,17.687902311827983,595.81374961204,1011.0979887096773,-0.029890779082258068,0.6894581088021505
grid_m4.00_29.50,1999-04-01,20.47047701388891,17.7682474027778,477.96583036858,1013.2696334722223,-0.12175699837166666,0.7303183934838889
grid_m4.00_29.50,1999-05-01,20.632499663978518,17.472354596774217,281.63146975836,1013.8559278225806,0.04455586905975806,0.5795671407872311
grid_m4.00_29.50,1999-06-01,20.5320671527778,16.4061660277778,68.58563414878,1014.3271700694444,0.14067359482805555,0.6908237649569444
grid_m4.00_29.50,1999-07-01,20.1333285215054,15.178398965053786,35.25090216374,1015.1983524193549,0.20430158923010752,0.7747543697898898
grid_m4.00_29.50,1999-08-01,20.61262774193551,16.567414690860236,180.2825931749,1014.4092680107527,0.21478636590362904,0.23416348885026883
grid_m4.00_29.50,1999-09-01,21.257918583333353,16.800080958333357,218.19114683658,1012.2661259027778,0.17127942039855557,0.4208880956256944
grid_m4.00_29.50,1999-10-01,21.467095954301097,17.228023158602173,300.65965713502,1012.1422773521506,0.24530907137025537,0.6411502992857526
grid_m4.00_29.50,1999-11-01,20.471722263888914,17.462685930555576,680.87410965562,1012.2827977777778,-0.05415720964930555,0.6374762863019444
grid_m4.00_29.50,1999-12-01,20.485635026881745,17.566437836021528,607.80715909824,1012.3514643817205,-0.1632291327516129,0.5420810127709973
grid_m4.00_29.50,2000-01-01,20.917637526881744,17.810260981182818,470.14832389116,1010.9617909946237,-0.2265037933807258,0.7538127690944221
grid_m4.00_29.50,2000-02-01,21.040376422413814,17.710458994252896,384.27567493118,1012.2058047413794,-0.18054363693778736,0.9416900286587643
grid_m4.00_29.50,2000-03-01,20.74183552419357,17.817699354838734,665.39406789794,1011.5989298387098,-0.22686966571133066,0.745039888546102
grid_m4.00_29.50,2000-04-01,20.825627125000022,17.825169736111132,387.99333602922,1012.2576511805555,-0.12619491113708334,0.627218478675
grid_m4.00_29.50,2000-05-01,21.588651491935508,17.69029674731185,147.44091015934,1013.1052649193548,0.1080141375741129,0.5558816927283602
grid_m4.00_29.50,2000-06-01,20.655203875000023,16.413143819444468,86.11679121562,1014.62165375,0.20529969549347224,0.6614730031016667
grid_m4.00_29.50,2000-07-01,20.339286733870992,14.477900685483894,8.2783698868,1014.0574093413979,0.10452754535181451,0.9020002428808682
grid_m4.00_29.50,2000-08-01,20.937424368279594,16.049329569892496,59.98110757804,1014.0200661962366,0.23655216518360214,0.5495892189931452
grid_m4.00_29.50,2000-09-01,22.3944261527778,15.852775736111134,55.082082798180004,1011.5430743055556,0.3077887231275,0.56330803827
grid_m4.00_29.50,2000-10-01,21.638234529569914,17.379600618279593,392.64559762796,1012.2376313844086,0.24951329792110216,0.41137202871975803
grid_m4.00_29.50,2000-11-01,20.822970222222242,17.774421319444464,596.45771960764,1011.70671875,0.07950276091505555,0.37642417333125
grid_m4.00_29.50,2000-12-01,20.631586250000023,17.72113235215056,617.51794838228,1013.0232080645161,0.028079064653709677,0.6911926055111559
grid_m4.00_29.50,2001-01-01,20.346950309139807,17.349114435483894,637.20250062052,1012.9050153225807,0.1480903627732527,0.2392590848111559
grid_m4.00_29.50,2001-02-01,20.959358854166688,17.838221651785737,532.1578972967,1011.9524881696428,-0.06216819014196428,0.7815226148322917
grid_m4.00_29.50,2001-03-01,20.874576330645183,17.88221120967744,551.69248535864,1012.4177342741934,-0.13151068311102151,0.773497529456371
grid_m4.00_29.50,2001-04-01,20.698517875000025,17.91263125000002,437.8271097168,1012.8954296527778,-0.076766607526875,0.5821855539998612
grid_m4.00_29.50,2001-05-01,20.600058978494648,17.725087688172064,466.6275993316,1014.2754922715054,-0.0024592084244086034,0.5928238329005376
grid_m4.00_29.50,2001-06-01,20.282255458333356,16.879009125000024,155.65586037962,1015.0874706249999,0.18010675689419445,0.5366882959288889
grid_m4.00_29.50,2001-07-01,20.269555201612928,15.932629301075291,87.4295233654,1014.8924665994623,0.1271918307545699,0.6079479338376343
grid_m4.00_29.50,2001-08-01,21.002926290322605,16.003749301075292,42.77801511822,1014.5555971774194,0.15071561030094086,0.3703779403702957
grid_m4.00_29.50,2001-09-01,21.43711951388891,16.75653295833336,251.31773971828,1012.3806429166667,0.11798470658305556,0.2799740469263889
grid_m4.00_29.50,2001-10-01,21.577530672043036,17.795742473118302,366.7407033501,1012.5555166666667,0.20414470858360217,0.25198196101518816
grid_m4.00_29.50,2001-11-01,21.06852368055558,17.75342480555558,537.87350639662,1012.7446125,-0.005213843392722224,0.4024849579727778
grid_m4.00_29.50,2001-12-01,20.949829677419377,18.182427836021528,602.53763219738,1012.52339375,-0.15796145983794355,0.7913321621362903
grid_m4.00_29.50,2002-01-01,20.667393333333358,17.89471194892475,591.3903720849399,1013.1863496639784,0.0329775550672043,0.5651964161241264
grid_m4.00_29.50,2002-02-01,21.387034761904786,18.26522904761907,500.98800632008,1012.7341016369047,-0.13286229541375,0.6975192568705357
grid_m4.00_29.50,2002-03-01,21.067541827957008,18.29249069892475,585.95109035102,1012.2955629704301,-0.10270791474731183,0.6925803151928764
grid_m4.00_29.50,2002-04-01,20.668994083333356,18.30824091666669,596.09270042002,1011.8626577777778,-0.15924811880605555,0.740716425808236
grid_m4.00_29.50,2002-05-01,21.165767016129056,17.893250295698948,229.13169836114,1014.0116143145161,0.06679413902459677,0.642079365100672
grid_m4.00_29.50,2002-06-01,20.729450625000023,16.912205500000024,45.76396933332,1015.3239597222223,0.15761352114055555,0.8131976196520834
grid_m4.00_29.50,2002-07-01,21.04523530913981,16.71633375000002,34.9230769636,1015.1169858198924,0.2134843025471774,0.6391504542956049
grid_m4.00_29.50,2002-08-01,21.123019650537657,16.034032110215076,40.40193533972,1014.4141063172043,0.2348568829528226,0.6309033889134409
grid_m4.00_29.50,2002-09-01,22.037321250000023,16.76399356944447,110.35776125816,1012.9934488888888,0.31673997317472224,0.6616859658323458
grid_m4.00_29.50,2002-10-01,21.71292163978497,17.444783844086043,422.14774970202,1011.7846593413977,0.17296069170688172,0.5566606422383065
grid_m4.00_29.50,2002-11-01,20.750923888888913,17.787269916666688,533.13851315174,1013.1920645833334,-0.10133289647722221,0.8854325621845001
grid_m4.00_29.50,2002-12-01,20.829970887096795,18.052089381720453,622.26200117998,1013.6627075940861,-0.1092450854782258,0.6680857716642473
grid_m4.00_29.50,2003-01-01,21.271926424731205,18.159118212365616,518.21589438484,1013.5425157258065,-0.02195099396806452,0.7274235546994623
grid_m4.00_29.50,2003-02-01,22.189555386904786,18.277101309523832,364.81380485908,1012.0503511904762,-0.05076885209663691,0.73927976370625
grid_m4.00_29.50,2003-03-01,21.852206196236583,18.492811223118302,380.76782215654,1011.9113755376344,-0.03268264383091398,0.8380611377446976
grid_m4.00_29.50,2003-04-01,21.07129141666669,18.344647833333358,524.13272937716,1012.8086675694445,-0.10518502226291666,0.7184144124500278
grid_m4.00_29.50,2003-05-01,21.24253978494626,17.817847029569915,200.30021659238,1014.1018327956989,-0.03491975893518548,0.3382275490571573
grid_m4.00_29.50,2003-06-01,20.462861361111134,17.156067708333357,153.34749182508,1014.4594089583334,0.15387948375416668,0.6301708073756944
grid_m4.00_29.50,2003-07-01,19.968021545698946,15.9159085887097,75.83093635642,1015.7678768145162,0.09359876618483871,0.7806124722377689
grid_m4.00_29.50,2003-08-01,21.38317669354841,15.119851384408625,11.03782653882,1013.8823925403226,0.2293170597703629,0.6311927102918011
grid_m4.00_29.50,2003-09-01,21.840323527777798,17.349679708333355,242.51103381832,1013.1436994444445,0.27087186185930556,0.32870661491777775
grid_m4.00_29.50,2003-10-01,21.841080080645185,17.879619018817227,469.8147783406,1011.9114185483871,0.1543683085826613,0.28374064923293013
grid_m4.00_29.50,2003-11-01,21.394276958333357,17.982079625000022,526.07488512188,1011.7235419444444,-0.12028552159986111,0.6324836303465973
grid_m4.00_29.50,2003-12-01,21.049299879032283,18.126953884408625,692.02852291158,1012.8272380376344,-0.24805973335685486,0.9795127155291263
grid_m4.00_29.50,2004-01-01,21.488889677419376,18.34469875000002,447.5519665824,1011.7540559139785,-0.20117246936438174,0.6914660523451613
grid_m4.00_29.50,2004-02-01,21.460030158046,18.135068548850597,398.11325193132,1012.8479147270115,-0.12529877382033047,0.7348875063311782
grid_m4.00_29.50,2004-03-01,21.46490543010755,18.523890739247335,536.01622429442,1012.1918184811827,-0.1394319021596102,0.571598362280914
grid_m4.00_29.50,2004-04-01,20.896850736111134,18.403598638888912,401.56507467942,1013.1791881944445,-0.02461793677138889,0.7353876131772221
grid_m4.00_29.50,2004-05-01,21.042736384408627,17.840452405914004,157.29141276248,1014.510871438172,0.16799233644800404,0.6013816829111855
grid_m4.00_29.50,2004-06-01,20.316133861111133,16.532247250000022,76.04742026616,1016.6765202083334,0.16810164169101388,0.8339393140073611
grid_m4.00_29.50,2004-07-01,20.35491307795701,15.596009462365613,23.156881298640002,1014.8475030241937,0.1441200639637097,0.9274037053594086
grid_m4.00_29.50,2004-08-01,21.30542224462368,15.79117221774196,45.641899056999996,1014.4185981182796,0.23480306621832392,0.5772618113972178
grid_m4.00_29.50,2004-09-01,21.388090375000026,16.961629986111134,252.83336668526,1012.9068052777778,0.19180346745069446,0.2281795501075
grid_m4.00_29.50,2004-10-01,21.847204529569915,17.924518319892496,394.84214643754,1012.2113826612904,0.09787980062755376,0.5515172386551815
grid_m4.00_29.50,2004-11-01,21.0455384027778,18.02390256944447,558.97569710142,1012.5307014583334,-0.16369027023184168,0.7353372991723611
grid_m4.00_29.50,2004-12-01,20.972652755376366,18.317044139784972,669.65675445748,1012.3655823252687,-0.17487929968548388,0.740802374593414
grid_m4.00_29.50,2005-01-01,21.41443904569895,18.32828053763443,660.04729164466,1012.6083203629032,-0.2260767441316129,0.7559762760865592
grid_m4.00_29.50,2005-02-01,22.681655550595263,18.94292785714288,308.27713016006,1011.0667558779761,-0.23234585197760416,0.6911406287630952
grid_m4.00_29.50,2005-03-01,21.85525619623658,18.679149610215077,521.47483863682,1012.598089045699,-0.1265207509608871,0.7034349532498119
grid_m4.00_29.50,2005-04-01,21.586372555555577,18.62717176388891,435.39810253398,1012.5283304166667,-0.18657046389270834,0.60293434953125
grid_m4.00_29.50,2005-05-01,21.053687069892497,18.19719868279572,551.10239920384,1013.7475756048387,-0.059623574456720424,0.4122360191608871
grid_m4.00_29.50,2005-06-01,20.986701958333356,17.72493004166669,232.54108488952,1014.3686888888889,0.14691066685256945,0.3251485617561111
grid_m4.00_29.50,2005-07-01,20.442348373655935,15.856171680107549,33.90359889224,1015.9108052419356,0.10193997148870969,0.8267016500807796
grid_m4.00_29.50,2005-08-01,21.476510846774215,16.602101895161315,77.93879541548,1013.6527864247312,0.1962796475431183,0.558290584411828
grid_m4.00_29.50,2005-09-01,22.2474496527778,17.301300194444465,193.14050637466,1012.4722521527777,0.17603198220070973,0.3741726565024306
grid_m4.00_29.50,2005-10-01,21.844825295698946,17.929948266129053,480.06463062846,1012.4488518817204,0.20976778175637095,0.2433348419682796
grid_m4.00_29.50,2005-11-01,21.201297819444466,18.103610041666688,590.71540829764,1011.8279345833332,-0.2178815564163889,0.5479136774772222
grid_m4.00_29.50,2005-12-01,21.33324989247314,18.332427432795722,530.94244016686,1011.2219459005377,-0.2128624667947984,0.8972125511724731
grid_m4.00_29.50,2006-01-01,21.386792002688193,18.302247620967766,553.60698590876,1011.4592901209677,-0.2200565989547043,0.9437748893754436
grid_m4.00_29.50,2006-02-01,21.86199316964288,18.573249747023834,450.0951766162,1011.398946875,-0.10997863068308036,0.6912676952647827
grid_m4.00_29.50,2006-03-01,21.421286733870993,17.96175787634411,447.74866078376,1012.3949657258065,-0.06397126292465054,0.5090635769193549
grid_m4.00_29.50,2006-04-01,20.767512902777803,18.343739333333357,545.13669027678,1012.794229375,-0.17584896177083334,0.6971179348465278
grid_m4.00_29.50,2006-05-01,20.746479368279594,18.185295161290348,564.27860196446,1014.2661112903226,-0.01435202509981183,0.45828404918279564
grid_m4.00_29.50,2006-06-01,20.514237111111132,17.18430816666669,115.63277248836,1015.2425603472221,0.09322910254127778,0.7702134649519444
grid_m4.00_29.50,2006-07-01,20.46395104838712,16.528991357526902,123.1055260409,1015.643723857527,0.11897612168189516,0.7427621652026882
grid_m4.00_29.50,2006-08-01,21.16455594086024,16.93185513440862,106.42170930494,1013.7996459005376,0.15073087117580644,0.25811944029569894
grid_m4.00_29.50,2006-09-01,21.757671319444466,17.136008111111135,225.50821287622,1013.2488734027778,0.13628241139005556,0.3897940116455556
grid_m4.00_29.50,2006-10-01,22.31844994623658,17.923193118279592,314.51153628168,1012.0850306451613,0.1910702502507258,0.529527705039875
grid_m4.00_29.50,2006-11-01,20.661056250000023,17.995558388888913,710.82687339132,1012.6191638194445,-0.08528202653805556,0.7449719327508333
grid_m4.00_29.50,2006-12-01,20.935141545698947,18.120785551075294,528.25403236246,1013.7347805107527,0.1531778643125,0.41380960123647853
grid_m4.00_29.50,2007-01-01,21.162254932795722,18.8691433870968,777.9626831982,1013.855254704301,0.040323181157123654,0.5809762593548388
grid_m4.00_29.50,2007-02-01,21.80445639880955,18.467014464285736,459.05923837068,1012.427655282738,0.08328844295732142,0.30338600818348216
grid_m4.00_29.50,2007-03-01,21.722407069892498,18.59382741935486,497.69973791622,1012.11499375,-0.19880264054139782,0.7172812384583332
grid_m4.00_29.50,2007-04-01,21.525362736111134,18.581154625000025,502.53200417628,1012.5155906250001,-0.14290913457319446,0.5909013107886112
grid_m4.00_29.50,2007-05-01,21.15999606182798,18.466012983870993,431.51617097586,1013.701352889785,-0.024381924773252687,0.5344575450479248
grid_m4.00_29.50,2007-06-01,20.59673663888891,17.0987637777778,236.174106771,1014.5993501388888,0.09277871531927777,0.5776171794788889
grid_m4.00_29.50,2007-07-01,20.680210120967764,16.35785153225809,48.82788642458,1014.471197311828,0.22138934042513442,0.6875592114965053
grid_m4.00_29.50,2007-08-01,21.121193655914002,16.272782580645185,124.21846406256,1013.3708969758065,0.21056275776263442,0.4045520702344086
grid_m4.00_29.50,2007-09-01,21.968096972222245,17.232020513888912,157.86886242356,1012.6441147916668,0.19898969877977776,0.19612481827916667
grid_m4.00_29.50,2007-10-01,21.577943091397874,17.65702913978497,402.46725144946,1011.7873839381721,0.0843034969967742,0.5490720649430779
grid_m4.00_29.50,2007-11-01,20.89468093055558,17.811745194444466,781.67390833288,1011.7108099999999,-0.09110447740666666,0.55606013427625
grid_m4.00_29.50,2007-12-01,20.750034946236582,17.868587137096796,585.25681434644,1012.0083304435484,-0.08529581059879032,0.764145410233871
grid_m4.00_29.50,2008-01-01,20.880189852150558,18.061341774193572,652.92048472794,1011.9424925403225,-0.15306168942575268,0.8298829601547043
grid_m4.00_29.50,2008-02-01,20.843002672413817,17.846922198275884,577.75211415374,1012.9375102729884,-0.08737985144109196,0.43744567386264366
grid_m4.00_29.50,2008-03-01,20.721012728494646,17.825945766129056,565.52171732572,1011.7960422715055,-0.137668589622043,0.6156768592792473
grid_m4.00_29.50,2008-04-01,20.419292638888912,17.73944208333336,478.55186449248,1012.0191531944445,-0.1426424457222222,0.6453727923131944
grid_m4.00_29.50,2008-05-01,20.85849487903228,17.681128776881746,336.9622226082,1013.022172110215,0.06450429521478496,0.5057966742465202
grid_m4.00_29.50,2008-06-01,20.21724476388891,16.601022500000024,181.93960201324,1014.7582827083334,0.13407518627319445,0.7384922451852403
grid_m4.00_29.50,2008-07-01,20.209878911290346,15.777344663978518,50.6811142195,1014.9598170698924,0.181100640246371,0.6638703701481183
grid_m4.00_29.50,2008-08-01,21.09307161290325,16.508021975806475,89.64753170808,1012.6776300403226,0.20760971792818547,0.39678339509026883
grid_m4.00_29.50,2008-09-01,22.251113347222244,16.598700305555578,98.33192821764,1012.0223034027778,0.23213473331055556,0.2403496428875
grid_m4.00_29.50,2008-10-01,21.90179783602153,17.69843927419357,377.34699320554,1012.2473067876343,0.0990954566797715,0.1956854586908602
grid_m4.00_29.50,2008-11-01,21.422871944444466,18.256789833333357,546.9584460397,1012.0825322916667,-0.10605805681922222,0.8356978736655555
grid_m4.00_29.50,2008-12-01,21.057435631720452,18.11802221774196,623.82793283378,1011.9745295698925,-0.22428684826458334,0.9761445235152821
grid_m4.00_29.50,2009-01-01,21.534327795698946,18.20840479838712,488.10148160818,1012.2646262096774,-0.25090636023400537,0.8575171113594086
grid_m4.00_29.50,2009-02-01,21.229166250000024,18.166186011904784,481.74643485704,1011.7319025297618,-0.1477370262555357,0.6279512136525297
grid_m4.00_29.50,2009-03-01,21.56388907258067,18.63502465053766,534.51585680144,1011.3727653225806,-0.21572215584079302,0.8014805493991264
grid_m4.00_29.50,2009-04-01,20.957704569444466,18.412553750000026,623.13127622902,1013.1945152083333,-0.12304200045972223,0.66764628120625
grid_m4.00_29.50,2009-05-01,21.102369637096796,18.176763790322603,415.64035424664,1013.2044415994625,0.034122980343010756,0.4255660537975806
grid_m4.00_29.50,2009-06-01,21.02422469444447,17.306309791666692,131.54363637612,1014.4685130555556,0.04680099485847222,0.47250527274652776
grid_m4.00_29.50,2009-07-01,20.39316670698927,16.073372768817226,53.4424784293,1015.6969568548387,0.10005907820787635,0.9257249345032258
grid_m4.00_29.50,2009-08-01,21.50653913978497,16.992861102150563,51.33152019952,1013.5877934139786,0.1819099302916801,0.5557345116572581
grid_m4.00_29.50,2009-09-01,22.685808083333356,17.670584597222245,179.3751711189,1013.0548664583333,0.1897052977620139,0.3368120618938889
grid_m4.00_29.50,2009-10-01,22.116565241935508,18.217654704301097,572.47066452734,1011.7030997311829,0.12492399314704301,0.370761686427957
grid_m4.00_29.50,2009-11-01,21.2775737777778,18.37585631944447,701.48038942516,1012.3412209722221,-0.0220157559475,0.6681914870604444
grid_m4.00_29.50,2009-12-01,21.223304690860235,18.412268279569915,585.6070516002,1012.9271197580645,-0.06159320978239247,0.6534732494033064
grid_m4.00_29.50,2010-01-01,21.843433400537656,18.81990692204303,571.84028631108,1012.887683266129,0.012436180081182795,0.4648266447759409
grid_m4.00_29.50,2010-02-01,22.273465089285736,19.355298452380975,524.70493329102,1012.2356027529762,-0.007871627582291667,0.5434762427177083
grid_m4.00_29.50,2010-03-01,21.95362022849465,19.131594596774217,643.96619851452,1013.1232417338709,-0.12195234467930106,0.5659484853893817
grid_m4.00_29.50,2010-04-01,22.040878888888912,19.146184347222245,430.6340216106,1012.843606875,-0.14335308030805557,0.5338372337277778
grid_m4.00_29.50,2010-05-01,21.917892580645184,18.657916451612927,426.7020235674,1013.4018934139785,0.06084237119341398,0.5100734882745968
grid_m4.00_29.50,2010-06-01,21.370544763888912,17.418071361111135,112.12682715718,1015.0089665277778,0.16950439829555555,0.66382672966
grid_m4.00_29.50,2010-07-01,20.805221962365614,15.917692876344109,22.01414107742,1014.647825873656,0.20113077513346775,0.8362746291836021
grid_m4.00_29.50,2010-08-01,21.889291908602175,15.072682056451635,10.59961321054,1013.6959681451613,0.2550732387374328,0.8559449013407393
grid_m4.00_29.50,2010-09-01,22.303715236111135,17.05753455555558,164.45970553848,1012.2040413888889,0.1398491128277778,0.18187767833194443
grid_m4.00_29.50,2010-10-01,22.611671478494646,17.796496975806473,298.22730999554,1011.1931490591398,0.0592116285672043,0.20374696025403224
grid_m4.00_29.50,2010-11-01,21.67717312500002,18.35807216666669,612.24627470334,1010.8736261111112,-0.10957446580944444,0.6097782123431945
grid_m4.00_29.50,2010-12-01,21.355060725806474,18.008917594086043,447.9627607523,1011.0347563844086,-0.05051075445725807,0.6609899877533603
grid_m4.00_29.50,2011-01-01,21.151040228494644,18.188139448924755,559.89432212138,1011.0127352822581,-0.11311408005510754,0.9106050922236559
grid_m4.00_29.50,2011-02-01,21.497440178571452,18.19960461309526,402.70495466942,1011.2930277529763,-0.16484519355282737,0.6370478582159226
grid_m4.00_29.50,2011-03-01,21.542987634408625,18.19729174731185,428.15065440432,1011.7618301747312,-0.07993351575833332,0.635239263086828
grid_m4.00_29.50,2011-04-01,21.04246634722225,18.26230712500002,538.50841446082,1012.1149198611112,-0.2191937338773611,0.6583819060966667
grid_m4.00_29.50,2011-05-01,21.33647126344088,18.345290819892497,341.83931313254,1013.4317115591398,-0.09575924653077957,0.4571734605251344
grid_m4.00_29.50,2011-06-01,21.393304833333357,17.45039208333336,130.69868023968,1013.9307008333333,0.15757395421472223,0.29826833974166667
grid_m4.00_29.50,2011-07-01,20.994835712365614,16.20278302419357,28.96404240418,1013.8112061827958,0.13024906516505377,0.6749853917104839
grid_m4.00_29.50,2011-08-01,21.56058411290325,16.842605161290344,110.2526190674,1013.3853330645161,0.2360825081248656,0.34646801356545703
grid_m4.00_29.50,2011-09-01,21.766045194444466,17.598361750000024,363.10386634156,1013.3601920138889,0.1270212591772222,0.06120802330200001
grid_m4.00_29.50,2011-10-01,21.34247478494626,17.956209986559163,546.1838240828,1011.6447320564516,-0.041762998890591395,0.5053043988399193
grid_m4.00_29.50,2011-11-01,21.126385513888913,18.1636047777778,583.02307253364,1012.4303994444444,-0.12839342753180555,0.7339239766458333
grid_m4.00_29.50,2011-12-01,21.12133299731185,18.349630819892496,677.38199265508,1012.8551031586021,-0.05932255302862904,0.6273312729163979
grid_m4.00_29.50,2012-01-01,21.692333077957013,18.481232392473142,537.11891188304,1012.2984634408602,-0.04095091736303763,0.9013983829943818
grid_m4.00_29.50,2012-02-01,21.42016166666669,18.19184334770117,453.4909722981,1011.0710456178161,-0.215164363593454,0.8283102751806035
grid_m4.00_29.50,2012-03-01,21.69054170698927,18.34502317204303,504.81867840246,1012.3019306451613,-0.1500896247204301,0.6123466490326209
grid_m4.00_29.50,2012-04-01,21.231420972222242,18.444795527777803,531.59117661506,1012.9473590972223,-0.132022073595,0.4117024102460486
grid_m4.00_29.50,2012-05-01,20.819295309139807,18.131736169354863,462.85724672388,1014.0820414650537,0.007978952165860215,0.32215192187876346
grid_m4.00_29.50,2012-06-01,20.81723112500002,17.44565556944447,139.3108368265,1015.0049450694444,0.09710210147222222,0.3879156803859722
grid_m4.00_29.50,2012-07-01,20.980328750000023,16.496519381720454,38.00392188322,1013.9994967741936,0.1617374626670699,0.47541810627862907
grid_m4.00_29.50,2012-08-01,21.370104153225828,16.286627486559162,144.57297330588,1013.9185105510753,0.13026243701935483,0.20849664825551073
grid_m4.00_29.50,2012-09-01,21.99727426388891,17.614917986111134,230.69429324008001,1013.4280290972222,0.11615081370741667,0.20124787280902778
grid_m4.00_29.50,2012-10-01,21.98180603494626,18.30608541666669,446.5637207436,1011.7191999999999,-0.048675639092876345,0.3570278336020833
grid_m4.00_29.50,2012-11-01,21.23974129166669,18.453263472222247,604.07137804868,1012.6818825694445,-0.1960411917338889,0.6088198329746667
grid_m4.00_29.50,2012-12-01,21.230311209677442,18.29305536290325,615.25392441708,1012.3572914650538,-0.06193179483629032,0.6796813675611559
grid_m4.00_29.50,2013-01-01,22.112186142473142,18.821217755376367,520.48158641102,1012.9177845430107,0.006379651342876343,0.5300671766518817
grid_m4.00_29.50,2013-02-01,22.173295386904783,18.675381845238118,388.6733047927,1011.9092850446428,-0.12065664947232142,0.7697716892002976
grid_m4.00_29.50,2013-03-01,21.561147674731206,18.821747553763462,717.3008903039,1012.7264157930107,-0.0701739192676613,0.6739668093215053
grid_m4.00_29.50,2013-04-01,21.329346277777802,18.891073194444466,506.38103480072,1013.4219924305556,-0.08117724486958333,0.44837023362469447
grid_m4.00_29.50,2013-05-01,21.281643158602176,18.424999529569916,369.07768271866,1014.5460232526882,0.011130465747026882,0.413950048515457
grid_m4.00_29.50,2013-06-01,20.90934956944447,16.857833708333356,42.72508599334,1014.8966315277778,0.15264337320791668,0.7382997516916666
grid_m4.00_29.50,2013-07-01,21.029413911290348,15.821387970430129,16.82949060452,1014.6229116935483,0.22008062189669356,0.6912449249965054
grid_m4.00_29.50,2013-08-01,21.580694032258087,16.015630698924753,81.698894322,1013.352393951613,0.31774427332446237,0.3902217717919624
grid_m4.00_29.50,2013-09-01,22.033388097222243,17.76446255555558,292.70386612114,1012.9210302777777,0.04805278801472222,0.08043202377097222
grid_m4.00_29.50,2013-10-01,21.80941057795701,17.944724583333354,383.36038498622,1012.659570967742,0.12748769565201612,0.4626151874052285
grid_m4.00_29.50,2013-11-01,21.298965444444466,18.196730625000022,537.77789955296,1011.739587361111,-0.10220754362468056,0.7247744889856945
grid_m4.00_29.50,2013-12-01,21.025419529569916,18.331557150537655,614.98403536044,1013.1104965725806,-0.06621282980126882,0.6353388959535753
grid_m4.00_29.50,2014-01-01,21.548651411290347,18.579541720430132,582.86285447774,1012.6978661962365,-0.07993653014448925,0.8124569735141801
grid_m4.00_29.50,2014-02-01,21.843756800595262,18.319554970238116,368.06964845706,1011.602000297619,0.10700841194672618,0.4601165235407738
grid_m4.00_29.50,2014-03-01,21.665567701612925,18.446091975806475,518.27382991296,1012.4160878360215,-0.04179177268548387,0.8000231922245968
grid_m4.00_29.50,2014-04-01,21.244086902777802,18.394994250000025,548.33078355576,1013.4624165277778,-0.1441445035423611,0.8121228114170833
grid_m4.00_29.50,2014-05-01,21.551120040322605,18.34013846774196,233.30688539854,1013.6256175403225,0.05476365098642473,0.5714750604752687
grid_m4.00_29.50,2014-06-01,21.4098650277778,17.84347955555558,106.0433382013,1014.7455365972221,0.09316961511679166,0.49860898296805556
grid_m4.00_29.50,2014-07-01,21.33706193548389,16.25437782258067,20.07102964018,1015.8355319220431,0.21003474887360216,0.711679334301344
grid_m4.00_29.50,2014-08-01,21.65663975806454,17.13772596774196,211.91096319418,1014.0559909946236,0.23109280149565858,0.09761385671706989
grid_m4.00_29.50,2014-09-01,21.8549890277778,17.588388236111136,279.03533019684,1013.4682759722223,0.03455329470444445,0.26746883400444443
grid_m4.00_29.50,2014-10-01,21.86309598118282,18.194160470430127,383.42332787068,1012.4635032930107,0.017527610841935486,0.37406788039963706
grid_m4.00_29.50,2014-11-01,21.575362847222245,18.56122841666669,514.23406546122,1012.3689602777778,-0.06957628422444445,0.51236084895
grid_m4.00_29.50,2014-12-01,21.51345612903228,18.800597311827982,617.34199625306,1013.0837859543011,-0.09000906175860215,0.6277430550166667
grid_m4.00_29.50,2015-01-01,21.41816932795701,18.50564092741938,602.4780283817,1013.4502803091398,0.09092826754610214,0.5916532495075268
grid_m4.00_29.50,2015-02-01,21.671451532738118,18.800725252976214,517.04978969176,1012.0184109374999,-0.08799689158532738,0.6787250383154761
grid_m4.00_29.50,2015-03-01,21.931316545698945,19.027750698924752,491.90616644006,1012.3615319220431,0.0503255372329301,0.7338348319180108
grid_m4.00_29.50,2015-04-01,21.458755888888913,18.69959434722224,522.15004047002,1013.8715324305556,-0.009161079857916667,0.5576575384658333
grid_m4.00_29.50,2015-05-01,21.473659099462388,18.842679811827978,398.90527745794,1014.6366252688172,-0.016196671398387097,0.5163469414774193
grid_m4.00_29.50,2015-06-01,21.708067180555577,17.805728236111136,101.53961187664,1014.9174066666667,0.30707569144614166,0.30387115608888887
grid_m4.00_29.50,2015-07-01,21.345989905914003,17.191495698924754,57.641506289460004,1015.2169532258064,0.23292215484723117,0.5781237901283602
grid_m4.00_29.50,2015-08-01,22.28999360215056,16.784667379032282,22.62735361992,1014.0669735215055,0.2892973502605255,0.6658871552135753
grid_m4.00_29.50,2015-09-01,23.066786736111133,18.667390875000024,209.29145823058,1012.9012759722223,0.20057002241555558,0.2278337253684722
grid_m4.00_29.50,2015-10-01,22.29333125000002,19.095543387096797,591.80355106568,1012.9632217069892,0.1257577301107527,0.4875290763782258
grid_m4.00_29.50,2015-11-01,21.532180972222246,18.83890168055558,654.8788546652,1012.9899535416666,-0.058320809705416664,0.6110235215386722
grid_m4.00_29.50,2015-12-01,21.87017533602153,19.167410631720454,547.5430487616,1014.2424721102151,-0.0027626406490994645,0.7006841271899193
grid_m4.00_29.50,2016-01-01,22.23281428763443,19.57186596774196,502.71606383062,1013.6617953629033,0.06204377467561828,0.46452218689005376
grid_m4.00_29.50,2016-02-01,22.297618577586228,19.609291896551746,668.58053071298,1013.0097279454022,0.019325914541810343,0.5720728063854885
grid_m4.00_29.50,2016-03-01,22.902562231182817,20.007172741935506,527.19259171076,1012.6349628360215,-0.08928012659180108,0.7602587667125
grid_m4.00_29.50,2016-04-01,22.007819722222244,19.522003347222245,610.5694764769601,1013.541380486111,-0.056007216033333335,0.5968593603484723
grid_m4.00_29.50,2016-05-01,21.736043172043033,19.153649502688197,235.5961800843,1015.3085815860215,0.12737737756814516,0.7689201633853494
grid_m4.00_29.50,2016-06-01,21.243907666666686,17.867634347222243,103.9943696119,1016.3470602083333,0.19609182153625,0.6765224727501389
grid_m4.00_29.50,2016-07-01,21.081352190860237,16.696874569892497,41.32604600312,1015.1175025537634,0.19581936234650538,0.7912391948708334
grid_m4.00_29.50,2016-08-01,21.86559228494626,16.246037930107548,46.1406708803,1014.478390658602,0.19273136525916665,0.6175265982412634
grid_m4.00_29.50,2016-09-01,22.702259930555577,17.366405847222246,113.8820648926,1013.1560689583333,0.2412957919195833,0.39741564890888886
grid_m4.00_29.50,2016-10-01,23.02173317204303,18.680828830645183,312.96825454418,1011.6159108198925,0.17416043553868277,0.12575674499314515
grid_m4.00_29.50,2016-11-01,21.80639191666669,18.662171611111134,651.24845327294,1012.5093903472222,-0.13640240471565276,0.3222421430111111
grid_m4.00_29.50,2016-12-01,21.514387553763463,18.81875919354841,575.58012134252,1012.6446601478494,-0.20665574926774194,0.9249454202888038
grid_m4.00_29.50,2017-01-01,21.78529106182798,18.71423724462368,580.33132634092,1012.324315188172,-0.21240595001465054,0.7840737777896505
grid_m4.00_29.50,2017-02-01,21.59128924107145,18.747648735119068,688.12656488364,1012.4407783482143,-0.17217386394092263,0.7096144329790178
grid_m4.00_29.50,2017-03-01,21.43790419354841,18.749725672043034,645.86639387018,1012.5710740591398,-0.1934209021408602,0.6945408852132662
grid_m4.00_29.50,2017-04-01,21.397259944444468,18.6955334027778,517.25864470316,1013.3033417361111,-0.16181216696805556,0.5764883175702084
grid_m4.00_29.50,2017-05-01,21.61763284946239,18.350419663978517,305.55820483338,1014.50275,-0.045099792072930106,0.44889421036891125
grid_m4.00_29.50,2017-06-01,21.56336379166669,18.334285152777802,139.05477495618,1014.6234138888889,0.16345045296569444,0.6804845585901389
grid_m4.00_29.50,2017-07-01,21.534318978494646,16.683170094086044,48.34461200576,1015.2014157930107,0.2727930421533602,0.5867193905653225
grid_m4.00_29.50,2017-08-01,21.85572471774196,17.756603185483893,175.69685060738,1013.7639811827956,0.2982887195993132,0.3460846162670699
grid_m4.00_29.50,2017-09-01,22.492225708333358,17.986169611111134,181.83088321922,1013.0921615972222,0.22559204119047224,0.25237702262694445
grid_m4.00_29.50,2017-10-01,22.60709810483873,18.835365967741957,346.10128444962,1012.1022113575268,0.1660016919797043,0.48562546206290325
grid_m4.00_29.50,2017-11-01,21.418818875000024,18.66528251388891,649.4817739113,1012.5435947222223,-0.06572294616222221,0.7114078740852361
grid_m4.00_29.50,2017-12-01,21.49941112903228,18.894996357526903,708.17899740646,1012.5847483870967,-0.12776216965139786,0.844422393606586
grid_m4.00_29.50,2018-01-01,21.09183922043013,18.10544111559142,486.84382436842,1012.9019914650537,0.24295083757795702,0.32679707460021507
grid_m4.00_29.50,2018-02-01,22.168309925595263,19.123271696428596,390.13767230852,1011.2708883928572,-0.022581917473065476,0.615878990522366
grid_m4.00_29.50,2018-03-01,21.777860376344112,18.43365607526884,407.64093417424,1012.6069156586021,0.0914260288792473,0.37813785535954303
grid_m4.00_29.50,2018-04-01,21.220797958333357,18.704841652777798,622.44081554314,1013.5135111805556,-0.01045947627,0.45550928479855557
grid_m4.00_29.50,2018-05-01,21.3720085215054,18.65296853494626,334.01918366194,1014.1766036962366,0.04889285109395161,0.5258429135231183
grid_m4.00_29.50,2018-06-01,21.18586337500002,17.829277222222245,117.05875387104,1015.6779666666667,0.18771076193470834,0.6961625001739722
grid_m4.00_29.50,2018-07-01,20.481759059139808,16.71338111559142,62.70933126482,1016.5227245295699,0.2101864968848871,0.8108836856787636
grid_m4.00_29.50,2018-08-01,21.79302864247314,17.39835299731185,115.44275245518,1014.7063215053764,0.1376982454467742,0.23104464477607528
grid_m4.00_29.50,2018-09-01,22.998562097222244,18.510386750000023,192.82531763,1012.0918739583334,0.2311499687488889,0.2687995068208333
grid_m4.00_29.50,2018-10-01,22.368533924731206,18.422363024193572,475.43620952522,1012.7582499327957,0.06935216061626344,0.4184296936124059
grid_m4.00_29.50,2018-11-01,21.813828805555577,18.989579750000022,574.37944356062,1012.5251026388888,-0.050175459968749996,0.6420953763484722
grid_m4.00_29.50,2018-12-01,21.29459427419357,18.518664623655937,664.39437787806,1013.6774034946237,-0.046732317397043005,0.5824732211301882
grid_m4.00_29.50,2019-01-01,21.74401607526884,19.03788169354841,696.22373593514,1013.5249157258064,-0.16334890568893817,0.8015057361330107
grid_m4.00_29.50,2019-02-01,22.285129077380976,19.211166681547645,474.46155541604,1012.7225156994048,-0.1602101773188988,0.7638998028746429
grid_m4.00_29.50,2019-03-01,22.121714354838733,18.998992110215077,519.79446482084,1012.8805605510753,-0.12993644396156454,0.6126624475412634
grid_m4.00_29.50,2019-04-01,22.19553791666669,19.4993992777778,484.20000078086,1012.9432292361112,-0.14248871284181944,0.6377820350142334
grid_m4.00_29.50,2019-05-01,21.748036975806475,19.244006370967764,449.24163784838,1013.9915829301076,-0.10420645442298386,0.6116484371172043
grid_m4.00_29.50,2019-06-01,21.46694600000002,17.97883058333336,76.85279837256,1015.5283461111111,0.22078538961001387,0.5322112810755972
grid_m4.00_29.50,2019-07-01,21.474604448924755,17.298549327957012,100.19302379804,1014.7436265456989,0.22536962685913978,0.4370525108534946
grid_m4.00_29.50,2019-08-01,22.06617737903228,17.78789091397852,125.22220574062,1014.9116436155915,0.2557034642012097,0.3929987072077957
grid_m4.00_29.50,2019-09-01,22.601083208333357,18.385636861111134,267.96865545796,1013.1232604861111,0.22682592643125002,0.2613987393456944
grid_m4.00_29.50,2019-10-01,21.634039086021527,18.557684731182817,695.7712174511,1012.4540898521506,0.0304490366172043,0.6176149717465054
grid_m4.00_29.50,2019-11-01,21.701173125000025,18.541433013888913,455.98459255788,1012.0126397916667,-0.057822460890138885,0.3804742397888889
grid_m4.00_29.50,2019-12-01,21.879953736559163,18.73837650537637,469.31552883374,1013.008585483871,0.16152648507158604,0.33592952290416667
grid_m4.00_29.50,2020-01-01,22.205873158602177,19.219085430107548,652.0032875899,1013.3635658602151,0.10637001667893818,0.3242596658208333
grid_m4.00_29.50,2020-02-01,22.50805938218393,19.449287629310366,652.10390028422,1013.3635361350575,-0.03600176627729885,0.5734972249741379
grid_m4.00_29.50,2020-03-01,22.53017766129034,19.177341209677444,593.38617255012,1012.9509988575269,0.03327979599811828,0.32910404399596777
grid_m4.00_29.50,2020-04-01,21.878362888888912,19.235956472222245,665.89069342026,1013.9546496527777,-0.12193355545944444,0.5636787407956945
grid_m4.00_29.50,2020-05-01,22.146925201612927,19.15966677419357,283.65802769924,1015.4341196236559,0.0816961512329301,0.6844307245043159
grid_m4.00_29.50,2020-06-01,21.70104250000002,18.397717875000026,128.8914677391,1015.3772165277777,0.15670312272611112,0.5777062943673611
grid_m4.00_29.50,2020-07-01,20.827962002688196,17.344840295698948,79.49686048994,1014.7417887096775,0.11793003542225806,0.8986464463514785
grid_m4.00_29.50,2020-08-01,22.320170913978515,17.63933797043013,68.62258915898,1013.4035223790323,0.2369779163173387,0.5018087822775538
grid_m4.00_29.50,2020-09-01,22.57511076388891,18.294383055555578,187.6411431824,1012.8652041666667,0.26113567398875,0.41150942857069445
grid_m4.00_29.50,2020-10-01,22.408640725806475,18.336477150537657,413.96236454622,1012.6132998655913,0.2566067485426075,0.24817558842150536
grid_m4.00_29.50,2020-11-01,21.943157638888913,18.83357866666669,710.8230587655399,1012.9014920833333,0.008050169170847221,0.47156418580527776
grid_m4.00_29.50,2020-12-01,21.70627291666669,18.95922103494626,834.56277735884,1013.0397565860214,-0.09160497120188173,0.7109593023785484
grid_m4.00_29.50,2021-01-01,21.40098186827959,18.681870604838732,852.21481327384,1012.7328756048387,-0.014532754342473118,0.6405503665221237
grid_m4.00_29.50,2021-02-01,22.02612736607145,18.8371848511905,481.78195942634,1012.5348895833333,0.06356107655491072,0.25148026180386907
grid_m4.00_29.50,2021-03-01,21.902422943548412,18.730889341397873,673.5866062431,1011.8959671370968,-0.03285693087326747,0.5805878996211021
grid_m4.00_29.50,2021-04-01,21.3695636527778,19.051869500000024,741.86086501742,1013.5199030555555,-0.1837561927605,0.7445150389848612
grid_m4.00_29.50,2021-05-01,21.671755215053786,19.032072526881745,375.44488960062,1014.512600873656,0.10714083793397848,0.6278251126381049
grid_m4.00_29.50,2021-06-01,21.62471300000002,18.414363486111135,108.6044310443,1015.213834513889,0.10020728659166667,0.7116339579915278
grid_m4.00_29.50,2021-07-01,20.9183710215054,17.169208844086043,62.379360353,1016.3636669354838,0.14152965870537634,0.9484979554342741
grid_m4.00_29.50,2021-08-01,21.986428360215076,17.780640819892497,121.9024649693,1014.2442024865592,0.28487429019028226,0.3499957456448925
grid_m4.00_29.50,2021-09-01,22.485167625000024,18.130802833333355,134.68313248276,1013.0570554861112,0.2369294273498611,0.22655266988777778
grid_m4.00_29.50,2021-10-01,22.68955805107529,18.794427500000022,327.29434898832,1012.2973965053764,0.14963988877795698,0.2781296195223118
grid_m4.00_29.50,2021-11-01,22.136622500000023,18.634802958333356,348.19221477532,1012.1580822222222,0.15476485451655833,0.5093062308281666
grid_m4.00_29.50,2021-12-01,21.68959170698927,19.154718158602172,817.88301399952,1012.6355956989248,-0.17502438113041666,0.5769825198797043
grid_m4.00_29.50,2022-01-01,21.968932620967763,18.781139569892495,518.80359643726,1012.8359425403227,0.17079599414637098,0.5749668404333333
grid_m4.00_29.50,2022-02-01,21.528402470238117,18.488626011904785,575.5090714207,1012.874356845238,0.22227811870029762,0.09246238051735119
grid_m4.00_29.50,2022-03-01,22.156698387096796,19.025708803763465,641.2620559419,1011.6440789650538,-0.08665773901948925,0.6644441542428763
grid_m4.00_29.50,2022-04-01,22.0016492777778,19.143565916666688,601.7665859853,1012.1280454166667,0.038051053430972225,0.5483732864861112
grid_m4.00_29.50,2022-05-01,21.880299529569918,18.98422282258067,385.4866033515,1014.606678360215,0.14766459303551077,0.42942090147271506
grid_m4.00_29.50,2022-06-01,21.12984879166669,17.89875388888891,123.40354923458,1014.9424404861111,0.16613767690125,0.8685180234447778
grid_m4.00_29.50,2022-07-01,21.049517043010777,16.81051798387099,39.7009848147,1015.4265038306452,0.2877787312780914,0.8865065819908603
grid_m4.00_29.50,2022-08-01,22.06299489247314,16.894860349462387,75.91152212894,1013.4002429435484,0.23444454698010753,0.4580276444798656
grid_m4.00_29.50,2022-09-01,22.349218444444467,17.974923972222246,175.97722933008,1012.8826113888889,0.2666001831936111,0.31082331452186107
grid_m4.00_29.50,2022-10-01,22.841941989247335,18.261958991935508,206.41565286674,1012.0574758064516,0.25539962180725806,0.2975604762030914
grid_m4.00_29.50,2022-11-01,21.48981029166669,18.406444194444468,550.05693467384,1012.8954759027778,0.1660689048098611,0.4759449854072222
grid_m4.00_29.50,2022-12-01,21.086445645161312,18.398126505376368,679.21352397466,1012.9901566532258,0.03840379344383065,0.6332164270998656
grid_m4.00_29.50,2023-01-01,21.47396853494626,18.547994637096796,706.11596147428,1013.0665721774193,-0.051255687689543014,0.754669519417742
grid_m4.00_29.50,2023-02-01,22.030706383928596,18.45540815476193,493.92509478246,1012.6626924107143,-0.007650829147083331,0.5320293788716667
grid_m4.00_29.50,2023-03-01,21.898375604838733,18.49717536290325,598.99950062868,1012.761091733871,0.15209958808185484,0.39256284554139786
grid_m4.00_29.50,2023-04-01,21.598872500000024,18.949850666666688,628.31497179474,1012.5382790972221,0.004445838362194443,0.6750877532292777
grid_m4.00_29.50,2023-05-01,22.34757360215056,19.475229126344107,311.3889682892,1014.5416508064517,0.060828628922580646,0.553339272515551
grid_m4.00_29.50,2023-06-01,22.1978445277778,18.615016361111135,111.84501633204,1014.8980176388889,0.2581353715701805,0.39649715411875
grid_m4.00_29.50,2023-07-01,21.245817500000022,17.020840739247333,31.76212312012,1016.4301546370967,0.17942430706155912,0.8786380525793817
grid_m4.00_29.50,2023-08-01,22.57544665322583,17.69076489247314,55.52530324798,1014.4229991935484,0.28840774612528625,0.6615720350833333
grid_m4.00_29.50,2023-09-01,22.772843805555578,18.913903263888912,275.94280155584,1013.0098114583334,0.09394082049493056,-0.06297588225
grid_m4.00_29.50,2023-10-01,22.934998870967764,18.91005166666669,307.0235262741,1012.1545737231183,0.14127249402217743,0.40184435179462363
grid_m4.00_29.50,2023-11-01,21.574440638888913,19.223127458333355,883.02993804028,1013.0680579861112,0.037642691387437505,0.5015884615296389
grid_m4.00_29.50,2023-12-01,22.038978319892497,19.356455967741958,626.80578233094,1013.4219355510752,0.0572046780298387,0.7290913368842741
grid_m4.00_29.50,2024-01-01,21.98371208333336,19.089455080645187,707.98730821978,1014.5921047715054,0.2629023120563575,0.022523203447916668
grid_m4.00_29.50,2024-02-01,22.93964114942531,19.748356034482782,511.53230608488,1013.8255637212644,0.03257983181321839,0.535400609670977
grid_m4.00_29.50,2024-03-01,22.958221922043034,19.95917271505379,682.71780031988,1013.3518096102151,-0.036907752992069894,0.6667577062958333
grid_m4.00_29.50,2024-04-01,22.365887069444465,19.88554937500002,695.603849413,1013.4239744444444,-0.05319720883597222,0.7636068557568055
grid_m4.00_29.50,2024-05-01,23.040102580645183,20.20162901881723,214.54238887782,1014.2893210349463,0.0692036740282258,0.6306775880181855
grid_m4.00_29.50,2024-06-01,22.04372862500002,18.282282805555578,58.46548066276,1015.4826900694445,0.19293709938847223,0.8573755258509445
grid_m4.00_29.50,2024-07-01,22.119518400537657,16.791513279569916,12.93754574856,1014.8562949596775,0.2895408341898656,0.7005788547791667
grid_m4.00_29.50,2024-08-01,22.17367373655916,16.860454045698944,51.5398980681,1014.4014706989248,0.28611890870685486,0.725185046912621
grid_m4.00_29.50,2024-09-01,23.309707972222245,17.86513805555558,82.59391806261999,1012.9817875,0.3442252687555278,0.3841911050498611
grid_m4.00_29.50,2024-10-01,22.540264327957008,18.7625710887097,406.05259002692003,1013.3454450268817,0.2204308049030914,0.29879699051416664
grid_m4.00_29.50,2024-11-01,21.659514319444465,18.747649013888914,562.4632840281,1013.1605526388889,0.15195823293115276,0.5254687195291667
grid_m4.00_29.50,2024-12-01,21.764042069892493,19.067548709677443,789.40057969976,1013.6149913978494,-0.015691121243682795,0.6381019059952957
grid_m4.00_29.50,2025-01-01,21.944072043010774,18.99820798387099,664.2429839098,1013.0034209005377,0.03966095559563037,0.6577543035674731
grid_m4.00_29.50,2025-02-01,22.717665372023834,19.2547732886905,459.31816109074,1011.9368939732142,0.01641906992,0.8747423728280059
grid_m4.00_29.50,2025-03-01,22.494338279569913,19.31779103494626,565.8454888397,1012.7043102150537,0.025543992924596776,0.5998388919034946
grid_m4.00_29.50,2025-04-01,21.994854694444467,19.36092001388891,722.28097802028,1013.0636131250001,-0.10265148991111112,0.6179452198825
grid_m4.00_29.50,2025-05-01,21.678319341397874,19.18155806451615,485.68391760526,1015.120004905914,-0.06047080705013441,0.6946847144672043
grid_m4.00_29.50,2025-06-01,21.725964402777798,18.3451039027778,168.87474043676,1015.8727434722222,0.07728608473583333,0.45527924346597226
grid_m4.00_29.50,2025-07-01,21.33300423387099,17.62121409946239,111.34481427934,1016.3607001344086,0.20182141187849464,0.6513745653595431
grid_m4.00_29.50,2025-08-01,21.512535819892495,16.42574106182798,53.339004385,1014.9358348118279,0.2598941765061828,0.3977044829801075
grid_m4.00_29.50,2025-09-01,22.801139527777803,17.34913455555558,93.36757679764,1013.5184488194445,0.26809817388222223,0.28335655916486113
grid_m4.00_29.50,2025-10-01,22.803727419354864,18.444990215053785,299.32594275008,1012.651290860215,0.13770247040524192,0.13595935910873655
grid_m4.00_29.50,2025-11-01,22.034368541666687,18.867632069444465,426.86223948722,1013.0547599305555,-0.008171526594444443,0.6253154973984584
grid_m4.00_29.50,2025-12-01,21.57133110215056,18.65881732526884,578.60183628214,1012.5900670698924,0.0036816908699731166,0.6496075257423387
grid_m4.00_29.50,2026-01-01,21.979270241935506,18.93709743279572,610.3930465216,1012.9298801075269,-0.07565988458975807,0.5267010560176075
grid_m4.00_29.50,2026-02-01,21.75148260416669,18.510123839285736,449.18632462982,1013.4559582589285,0.06848346576056548,0.32891732024322917
grid_m4.00_29.50,2026-03-01,21.937188172043033,18.928384139784967,582.81493251642,1012.177529704301,0.09461648671041667,0.4201728847327957
grid_m4.00_29.50,2026-04-01,22.342640416666683,19.78374958333336,36.3173484741,1012.1388270833332,-0.12419382714583334,0.6965309802291667
