location,month_start,t2m_mean_C,d2m_mean_C,tp_sum_mm,msl_mean_hPa,u10_mean,v10_mean
grid_m4.25_29.50,1940-01-01,22.411178682795722,17.611221451612927,257.03787848972,1011.6638271505376,0.3666471666659946,0.0866108755938172
grid_m4.25_29.50,1940-02-01,22.436153735632207,18.06652030172416,292.46616293068,1011.9118629310344,0.3783578762093391,0.1004526651033046
grid_m4.25_29.50,1940-03-01,22.34256668010755,18.248148145161313,319.64874270296,1011.5137307795699,0.5223621240698925,0.20453666269415322
grid_m4.25_29.50,1940-04-01,22.022964027777803,18.571912333333355,534.15822902428,1012.2081540277777,0.35273335745930556,0.2610696995726111
grid_m4.25_29.50,1940-05-01,22.35824795698927,18.45142422043013,322.32594546372,1012.3978911290322,0.6142176981635752,0.1391962735583199
grid_m4.25_29.50,1940-06-01,23.082676819444465,16.6829425277778,13.47184183456,1014.1973819444445,0.7958761427405556,0.21357856120666668
grid_m4.25_29.50,1940-07-01,23.238548064516152,15.665753790322604,2.96211241788,1014.221242204301,0.6581992485759409,0.47672579560995965
grid_m4.25_29.50,1940-08-01,24.091680255376364,14.824274502688194,1.97911260084,1012.8579654569892,0.8721282508548387,0.33517373980725806
grid_m4.25_29.50,1940-09-01,22.55409704166669,17.42319456944447,303.38931079534,1012.7762091666667,0.7302253517269445,-0.2834265996497222
grid_m4.25_29.50,1940-10-01,22.17187797043013,18.12947055107529,517.85135180078,1012.4542968413979,0.5291460296837365,0.20382596238939651
grid_m4.25_29.50,1940-11-01,21.72893588888891,17.79057793055558,256.21318827878,1011.3793856944444,0.3737022115835416,0.5370805746638333
grid_m4.25_29.50,1940-12-01,22.36838487903228,18.360249838709702,337.89539361751997,1012.2985959005376,-0.033606599956048394,0.8205403009725806
grid_m4.25_29.50,1941-01-01,22.55614651881723,18.23185043010755,307.1818358798,1013.028409610215,0.19103813111680107,0.4454810685183602
grid_m4.25_29.50,1941-02-01,22.747937708333357,18.865806741071452,417.45114325292,1012.5057938244047,0.1585297582766369,0.50284011078125
grid_m4.25_29.50,1941-03-01,24.160670712365615,18.710867016129054,206.92658459046,1011.4714732526882,0.5431360019759409,-0.5881865090134274
grid_m4.25_29.50,1941-04-01,22.9734565277778,19.23396379166669,283.5993766911,1012.6615596527777,0.49148373110805554,0.4449682394805556
grid_m4.25_29.50,1941-05-01,22.063602661290343,18.563870282258087,362.33711234388,1014.0035176747311,0.5783553584823925,0.27153851949475805
grid_m4.25_29.50,1941-06-01,23.099496472222246,17.702668958333355,74.535369752,1015.1655161111111,0.8538847828460279,0.02098176781125
grid_m4.25_29.50,1941-07-01,22.613587553763463,16.170833185483893,14.43314550868,1015.1010260752688,0.9522928833894624,0.254768125565457
grid_m4.25_29.50,1941-08-01,23.619874462365612,15.896551115591421,17.43769638932,1013.066935282258,0.9123862004489247,0.058776816117876336
grid_m4.25_29.50,1941-09-01,24.157023208333353,16.18495763888891,21.19183534436,1011.2065939583334,1.0812404304551388,-0.050971074813888885
grid_m4.25_29.50,1941-10-01,24.122107446236583,17.637061478494644,139.74356648532,1011.4906489919355,0.7625457809314516,0.22115676504623655
grid_m4.25_29.50,1941-11-01,22.034082138888913,18.03179598611113,390.78950804358,1011.7695646527778,0.5632663504770833,0.23768503385327777
grid_m4.25_29.50,1941-12-01,22.0368197715054,18.057436397849486,354.16316995146,1012.9950893817204,0.2249820878948925,0.4935609777063306
grid_m4.25_29.50,1942-01-01,22.70903966397852,18.15967049731185,361.73701229342,1012.6563617607526,-0.1292587772142473,0.6829604711534947
grid_m4.25_29.50,1942-02-01,23.626131651785737,18.24615754464288,185.4875085288,1010.0055337053573,0.43457309973511904,0.2713398704730655
grid_m4.25_29.50,1942-03-01,22.213714892473142,18.45112165322583,412.54568088186,1011.168408064516,0.18346140328467744,0.46081134864932793
grid_m4.25_29.50,1942-04-01,21.693656986111133,18.352872277777802,527.7478700369,1012.6666272222222,0.09518080841111111,0.5142411355393889
grid_m4.25_29.50,1942-05-01,22.327934650537657,18.407906827957014,264.18089827548,1012.74789327957,0.5771195822702957,0.2629258933736559
grid_m4.25_29.50,1942-06-01,23.230990013888913,16.612632013888913,24.56951156038,1012.9912076388888,0.9717049270381944,-0.1599051261345528
grid_m4.25_29.50,1942-07-01,22.184670672043033,14.509331061827979,4.79936600096,1014.247350201613,0.800727967453199,0.4310478777830645
grid_m4.25_29.50,1942-08-01,23.63525545698927,14.814098077957013,1.7094612033199998,1011.9192530913978,0.8252703133667608,0.2104436814543011
grid_m4.25_29.50,1942-09-01,24.513291277777803,14.463946222222244,5.0148963734,1010.8541964583334,0.913135886975,0.34784079810472224
grid_m4.25_29.50,1942-10-01,24.07470475806454,17.337200376344107,163.3648871242,1010.1251735887098,1.0528232399048387,0.1122288440389785
grid_m4.25_29.50,1942-11-01,22.6641876527778,18.18509754166669,281.68606678406,1010.0599574305555,0.4863213234213889,0.6234908420206666
grid_m4.25_29.50,1942-12-01,22.406243306451636,18.15772487903228,335.58535504244,1010.5273442204301,0.12524272539771505,0.5356024060231183
grid_m4.25_29.50,1943-01-01,23.14209043010755,18.315856330645182,233.0846787206,1009.6687766801075,0.26597586657258065,0.7876038285508065
grid_m4.25_29.50,1943-02-01,22.569196428571452,18.48689787202383,367.08593330582,1010.9156749255952,-0.008996705538095241,0.26420604536875
grid_m4.25_29.50,1943-03-01,22.284334462365614,18.42965462365594,386.2667094361,1009.6552100806451,0.1743829865360887,0.27470346120794487
grid_m4.25_29.50,1943-04-01,21.692253583333358,18.492463013888912,433.34102615916,1012.1607865972223,0.009222658997527776,0.5001999962433333
grid_m4.25_29.50,1943-05-01,22.037897123655938,17.07472982526884,207.92698879764,1012.2230174731184,0.4334140076608871,0.177620322722043
grid_m4.25_29.50,1943-06-01,22.22987818055558,15.179054347222245,3.71241570676,1013.6368721527779,0.6850291784318334,0.80061624311875
grid_m4.25_29.50,1943-07-01,22.574775658602174,14.965827701612925,6.63781167436,1013.3710380376344,0.7691712319504032,0.576732775153414
grid_m4.25_29.50,1943-08-01,23.153528494623675,15.403331559139808,15.75279233576,1011.6223157930108,0.9923299785287635,0.06609705249073924
grid_m4.25_29.50,1943-09-01,23.555748833333357,15.795531263888913,27.87566182404,1011.7272236805557,0.9787470906111111,0.09896903644222223
grid_m4.25_29.50,1943-10-01,24.034436155913998,16.467701854838733,119.6711061693,1009.9794439516129,0.962591868964234,0.19983316354959677
grid_m4.25_29.50,1943-11-01,22.35515293055558,18.246904694444467,430.26399647776,1010.2714684722222,0.3313170959576389,0.5873763818569444
grid_m4.25_29.50,1943-12-01,22.484054825268842,18.5387660215054,312.23583247488,1010.8501670026882,0.203739635017957,0.9914722171651882
grid_m4.25_29.50,1944-01-01,22.18715614247314,18.073117123655937,452.89945518648,1012.4980278897849,-0.23057382022674733,0.8453967590525941
grid_m4.25_29.50,1944-02-01,23.323877974137954,18.365812370689678,219.58804103142,1011.5611975574712,-0.23207918664066093,0.876461204445115
grid_m4.25_29.50,1944-03-01,23.069934502688195,18.711970026881744,314.30125136938,1010.6068057123656,0.15533301601021504,0.5682327491357393
grid_m4.25_29.50,1944-04-01,22.247656013888914,19.023274833333357,642.7845961386,1011.8239496527779,0.37072234753819444,0.4430762816216667
grid_m4.25_29.50,1944-05-01,21.853340309139806,17.840020860215077,378.00121256164,1012.248823655914,0.6417693008494624,0.7330349134653226
grid_m4.25_29.50,1944-06-01,23.05461226388891,16.737319708333356,15.48194876998,1012.40082625,0.8354060683017361,0.43861759837527775
grid_m4.25_29.50,1944-07-01,22.36616482526884,15.097571088709701,15.98930362182,1014.3518938844087,0.7957669126178762,0.7662745824571237
grid_m4.25_29.50,1944-08-01,23.896109045698946,15.241348588709702,6.0911178881,1012.4265514784946,0.8178416664430107,0.3770933872311828
grid_m4.25_29.50,1944-09-01,24.772733444444466,15.506014319444466,15.08903501288,1011.4223338888888,0.8782872314797222,0.2438742970022222
grid_m4.25_29.50,1944-10-01,23.638503817204324,18.131049610215076,298.64382722788,1010.2749754704301,0.6175706308725807,0.116201748547043
grid_m4.25_29.50,1944-11-01,22.243093513888912,18.006507722222246,370.82576831656,1010.8584706944445,0.3255665877890834,0.5323854215420833
grid_m4.25_29.50,1944-12-01,22.191545134408624,18.449588709677442,397.34983411526,1010.0342393817205,0.09215046786841397,0.636904315842742
grid_m4.25_29.50,1945-01-01,22.591272647849486,18.111104489247335,276.93796233502,1010.9832364919355,-0.046936092329354834,0.7122882311168012
grid_m4.25_29.50,1945-02-01,22.568919568452404,17.858204836309547,276.45015730584,1009.9794095982143,0.4158054719293155,0.14776713523057292
grid_m4.25_29.50,1945-03-01,22.05929684139787,18.46873168010755,588.26494075576,1012.0847766129033,0.009747864164784945,0.5196566418913978
grid_m4.25_29.50,1945-04-01,21.746568486111133,18.63047230555558,462.10265080624,1012.055499236111,0.036902449565972224,0.5307671861144444
grid_m4.25_29.50,1945-05-01,21.925218333333355,17.93843040322583,257.5516701627,1012.331545766129,0.6341953487360216,0.23260024192096773
grid_m4.25_29.50,1945-06-01,22.696453527777802,16.288637861111134,15.18344881908,1013.7663359722222,0.7383000684994444,0.4998920607663889
grid_m4.25_29.50,1945-07-01,22.562395712365614,14.724508830645183,2.7210712592,1013.5429662634408,0.7788023113484542,0.40686293587392475
grid_m4.25_29.50,1945-08-01,23.15212690860217,15.824592392473141,27.199506781900002,1012.5051505376344,0.9676896999188844,0.16416075930840054
grid_m4.25_29.50,1945-09-01,24.192611055555577,15.527276138888912,34.95311750112,1012.5035375,0.8547134399291666,0.17705094720333334
grid_m4.25_29.50,1945-10-01,23.744203185483897,17.99106862903228,104.50625413332,1011.0731034274194,0.9442365319552419,0.325286556702957
grid_m4.25_29.50,1945-11-01,22.426411694444468,18.210641194444467,362.00928571056,1010.7593470138889,0.15876557524069446,0.6746047538090277
grid_m4.25_29.50,1945-12-01,22.09456866935486,18.04581989247314,384.2175001334,1011.886323454301,0.04677456750860214,0.5828057354373656
grid_m4.25_29.50,1946-01-01,22.522492580645185,18.243673991935506,411.40413209316,1011.5023929435484,-0.15223719226115592,0.5919909313955646
grid_m4.25_29.50,1946-02-01,23.92025955357145,18.93788190476193,196.1810592252,1009.9318807291666,-0.05802339094389881,0.5876664641769346
grid_m4.25_29.50,1946-03-01,23.485460913978518,19.011598225806473,340.84057789184,1010.0571975134409,0.10371895296680107,0.5468720828212366
grid_m4.25_29.50,1946-04-01,22.3317717777778,19.1457506527778,490.22698439844,1011.7888625,0.07269079367630556,0.5766419313554166
grid_m4.25_29.50,1946-05-01,22.263319354838732,18.499440067204326,294.18063116728,1012.5853412634409,0.6040408042876344,0.1537313960766129
grid_m4.25_29.50,1946-06-01,22.59270041666669,16.039875222222246,5.62620168522,1014.260819375,0.7235005483898612,0.34619267748819443
grid_m4.25_29.50,1946-07-01,22.927969341397873,15.283009435483894,2.4175643858,1013.0962857526881,0.7380491072383507,0.4382547352962366
grid_m4.25_29.50,1946-08-01,23.42468112903228,13.840524583333355,1.66463850398,1012.2548693548388,0.7153638614724867,0.35603894277717746
grid_m4.25_29.50,1946-09-01,23.591002722222246,17.092312750000023,71.64502134362,1010.9663942361111,0.9649184130555556,-0.08087290861847223
grid_m4.25_29.50,1946-10-01,22.72201185483873,17.84152196236561,189.3908975846,1011.3330210349463,0.5154215505317205,0.4279939292061828
grid_m4.25_29.50,1946-11-01,22.17933580555558,18.275381375000023,344.75302722238,1010.9618076388889,0.41226084902229304,0.4541858082045834
grid_m4.25_29.50,1946-12-01,21.970264193548406,18.375223723118303,445.35422349438,1011.0869551747311,0.11035554227479838,0.6008396773434139
grid_m4.25_29.50,1947-01-01,22.25009294354841,18.46132665322583,353.1680105918,1010.84208797043,0.16702500083198926,0.5108791933726479
grid_m4.25_29.50,1947-02-01,23.09546779761907,18.453362827380975,171.210527417,1010.6494966517857,0.26558453626363093,0.3347856881577381
grid_m4.25_29.50,1947-03-01,22.68949864247314,18.328835833333354,296.0908411433,1012.3278,0.36928814726868275,0.20327892709853632
grid_m4.25_29.50,1947-04-01,22.074009236111134,18.9369175277778,477.2200589578,1012.5803976388889,0.15204153981098611,0.6768430708291666
grid_m4.25_29.50,1947-05-01,22.08730487903228,18.409289045698948,287.76454957202,1012.875817405914,0.5682647059741788,0.44024563227795704
grid_m4.25_29.50,1947-06-01,22.762522541666687,17.17550163888891,38.46955297994,1013.5900422916667,0.8923010923718055,0.2614993815766667
grid_m4.25_29.50,1947-07-01,23.0743722715054,15.660833642473142,13.02528387318,1012.9275744623656,0.8059428427817205,0.16319315763032258
grid_m4.25_29.50,1947-08-01,23.430839368279596,14.622214516129054,2.84433364494,1012.4347571236559,0.7659020897580645,0.4283558753004032
grid_m4.25_29.50,1947-09-01,24.49192101388891,14.352468069444466,2.00891493602,1011.3550346527777,0.8129854266134722,0.5003185479861111
grid_m4.25_29.50,1947-10-01,24.098916196236583,17.957870967741957,145.76530459306,1010.5572263440861,0.8533636747452419,0.16239279007728497
grid_m4.25_29.50,1947-11-01,22.26388231944447,18.565647458333356,557.87944836718,1010.5874605555556,0.29046128514191666,0.6097606884620833
grid_m4.25_29.50,1947-12-01,21.61922294354841,18.087932620967763,465.09432904058,1011.1535916666667,0.10523905208043012,0.6875129813744624
grid_m4.25_29.50,1948-01-01,22.112062325268838,18.492571787634432,488.29960833552,1011.4608133736558,0.009537241879569894,0.5380453700926076
grid_m4.25_29.50,1948-02-01,21.946913893678182,18.690401609195426,558.39181007108,1011.7262674568966,0.08564249570028735,0.6298551962264368
grid_m4.25_29.50,1948-03-01,22.28504903225809,18.66767665322583,539.61587037366,1011.5140449596773,-0.023974182418145164,0.6206001143430511
grid_m4.25_29.50,1948-04-01,22.258554625000023,19.16695048611113,536.5698351031,1010.9951413194445,0.03777802547166667,0.6595549041658333
grid_m4.25_29.50,1948-05-01,22.727181411290346,18.855158817204323,277.16231302428,1012.4589238575269,0.5900697511180913,0.38902122628010755
grid_m4.25_29.50,1948-06-01,23.152548930555582,16.953727083333355,20.41721344834,1013.9468211805556,0.8890896266667222,0.28113175117531947
grid_m4.25_29.50,1948-07-01,22.939628494623676,14.786529610215077,1.62577629722,1013.463176344086,0.7072248368806451,0.4904407188104839
grid_m4.25_29.50,1948-08-01,23.427490040322603,15.506986263440883,14.18638230948,1012.4904887096774,0.8940349283344087,0.0724863212530914
grid_m4.25_29.50,1948-09-01,23.88949073611113,17.097711472222244,61.62285779194,1011.038367638889,1.071324243112361,0.04028082978208334
grid_m4.25_29.50,1948-10-01,22.850653185483896,18.354225201612927,322.91507694836,1011.4219491263441,0.520460804800672,0.43704902654569894
grid_m4.25_29.50,1948-11-01,22.359017333333355,18.553250847222245,365.69428428806,1011.23196,0.25154275439444446,0.8790098399273611
grid_m4.25_29.50,1948-12-01,22.114173252688193,18.539236223118305,363.12460877584,1010.914704704301,0.1854026170388441,0.9124138744099461
grid_m4.25_29.50,1949-01-01,22.50750283602153,18.746321908602173,432.18755758128,1011.7563224462365,-0.034958101474462364,0.47524745911922045
grid_m4.25_29.50,1949-02-01,22.513455312500025,18.425708645833357,311.67840965312,1012.3011008928571,0.39871776641175594,-0.0721416710669643
grid_m4.25_29.50,1949-03-01,23.000184462365617,19.278127862903247,436.37633463346,1010.2842268145162,0.18453686151948923,0.48348935949373656
grid_m4.25_29.50,1949-04-01,21.980669736111135,19.133801083333356,577.52513882084,1012.8936654861111,0.0017406462943819455,0.7358921698372222
grid_m4.25_29.50,1949-05-01,22.15506965053766,18.545359946236584,336.13300284596,1012.947986827957,0.49734416934513576,0.44406569032258064
grid_m4.25_29.50,1949-06-01,22.325440166666688,16.802380833333356,19.15955544656,1014.1765050694445,0.7629874557579167,0.16720354067305554
grid_m4.25_29.50,1949-07-01,22.6316422043011,15.469026948924753,17.05265048752,1014.045236827957,0.7053955845788441,0.11983761542163979
grid_m4.25_29.50,1949-08-01,23.795467715053785,13.932033924731206,0.1459121707,1012.336361827957,0.7379739209973118,0.19611512276505375
grid_m4.25_29.50,1949-09-01,24.314966458333355,15.852590125000024,16.15452785236,1011.914571736111,1.0988174892255556,0.04868416416499999
grid_m4.25_29.50,1949-10-01,24.045157970430132,17.337723279569914,96.16327293462,1011.2917954301075,0.9016205567493278,0.1605570589439516
grid_m4.25_29.50,1949-11-01,22.84554262500002,18.69591550000002,367.99550018158,1011.1517513194444,0.3600523694616667,0.5228808650916666
grid_m4.25_29.50,1949-12-01,22.068638346774215,18.45503805107529,360.66293667518,1010.8223820564516,0.2464288482252688,0.657069874315121
grid_m4.25_29.50,1950-01-01,22.327676182795724,18.3008584543011,325.27756673748,1010.732325,0.09001259641411291,0.28382387271653226
grid_m4.25_29.50,1950-02-01,22.57335648809526,18.700069255952403,343.29438209606,1011.1819986607143,0.04963345496160715,0.4454579780412202
grid_m4.25_29.50,1950-03-01,22.09588116935486,18.788885282258086,526.22485055116,1011.1450463037635,0.23916107111401883,0.5332553001444892
grid_m4.25_29.50,1950-04-01,21.793345652777802,18.866200388888913,531.15439392796,1011.2136140277778,0.10387698106111111,0.6178236015262499
grid_m4.25_29.50,1950-05-01,21.41854715053766,18.28095534946239,351.50813985999997,1012.9372291666667,0.5347579207155914,0.7035616181971774
grid_m4.25_29.50,1950-06-01,22.15333143055558,16.576574444444468,14.58740228554,1013.6201450694444,0.846726331745139,0.5362469564365278
grid_m4.25_29.50,1950-07-01,22.57016723118282,14.919746209677442,5.65528869068,1013.6862846774194,0.8042614424911291,0.15843957424516128
grid_m4.25_29.50,1950-08-01,22.78967198924734,14.174310712365616,2.97832489238,1013.3229257392474,0.8138149424461022,0.2833542998010753
grid_m4.25_29.50,1950-09-01,23.968880972222244,16.33908250000002,51.24783479756,1012.3295434722222,0.9866061915555556,-0.3534906822801389
grid_m4.25_29.50,1950-10-01,22.9544410887097,17.964327338709698,173.84767511738,1011.3320309139784,0.7168027608879032,0.3810941840346774
grid_m4.25_29.50,1950-11-01,21.81858266666669,18.21944331944447,496.8125830208,1010.6471159722223,0.2035678644105278,0.7180384716615278
grid_m4.25_29.50,1950-12-01,21.787326948924754,18.795610268817228,460.1655017137,1011.3428330645161,-0.14266023108360215,0.9446184099216397
grid_m4.25_29.50,1951-01-01,22.090415483870988,18.380114435483897,443.92633453126,1011.2590810483871,-0.012626894265026882,0.4532994697020161
grid_m4.25_29.50,1951-02-01,22.07261386904764,18.234663645833354,441.71047220232,1011.6493026785714,0.04985212011741071,0.40657381741607146
grid_m4.25_29.50,1951-03-01,22.16481217741938,19.03958854838712,600.07977589288,1010.9356448252688,0.11121427445427419,0.4961817407650538
grid_m4.25_29.50,1951-04-01,22.030397583333354,18.856784097222242,400.06041583338,1012.7858864583334,0.41020556737097225,0.3065929411819444
grid_m4.25_29.50,1951-05-01,22.400404610215073,18.710023185483895,268.97001320114,1013.3596737903226,0.8276208039747984,0.0667207872545699
grid_m4.25_29.50,1951-06-01,22.817571111111132,16.056898013888908,10.83087916566,1014.0344609027778,0.823773780501111,0.33893061103859584
grid_m4.25_29.50,1951-07-01,22.710651854838733,14.94883166666669,4.63366509862,1014.4772900537635,0.8544105828594086,0.4202667233447043
grid_m4.25_29.50,1951-08-01,23.587764086021526,14.743570000000021,9.4628333531,1013.0887659946236,0.9192102298642473,0.330745982931586
grid_m4.25_29.50,1951-09-01,24.340850625000026,17.598096500000022,59.60869780338,1011.4717686111111,0.9990063195536806,-0.16023036205916666
grid_m4.25_29.50,1951-10-01,23.38232873655916,18.593380174731205,521.84057289312,1011.0214596774193,0.5794138969501345,0.2516218626027688
grid_m4.25_29.50,1951-11-01,21.91272626388891,18.773529736111133,588.46402193582,1012.0496526388889,0.12746098939652778,0.8059367691940278
grid_m4.25_29.50,1951-12-01,21.453962486559163,18.4301373387097,591.74418467436,1012.917483467742,0.3472330287875,0.4695196040334677
grid_m4.25_29.50,1952-01-01,22.427357110215077,19.09489416666669,437.35575630866,1011.5933310483872,0.16623292386903227,0.5380894877849463
grid_m4.25_29.50,1952-02-01,22.41874487068968,18.982872643678185,438.99226114558,1011.1161338362069,0.08306364263017241,0.6564936362714081
grid_m4.25_29.50,1952-03-01,22.83822802419357,19.341020309139807,477.68330587488,1010.9193189516128,-0.006720593573252688,0.7597845344516129
grid_m4.25_29.50,1952-04-01,22.049816305555577,19.130794666666688,630.32317093584,1012.3002743055556,0.15168709202805555,0.6740374248923611
grid_m4.25_29.50,1952-05-01,22.292868387096796,18.437935564516152,464.27297647312,1013.3372508064516,0.5444923110173386,0.3112094225766129
grid_m4.25_29.50,1952-06-01,22.286168444444467,17.199053583333356,47.87278193524,1015.1227048611112,0.9381254619479167,0.5704743027197222
grid_m4.25_29.50,1952-07-01,22.564676451612925,15.25555051075271,4.1272640279,1014.2308011424732,0.7440515965497311,0.49265198079569894
grid_m4.25_29.50,1952-08-01,23.569217688172063,14.909970416666688,3.7674903948200003,1012.5412311155914,0.9043279449482526,0.2619870880504032
grid_m4.25_29.50,1952-09-01,24.09900850000002,16.945235069444468,43.75720022488,1011.0491764583334,1.0577115953493055,0.20634956411833333
grid_m4.25_29.50,1952-10-01,23.740118051075292,17.752695443548408,163.7942796964,1011.1899047715053,0.8138050975094087,0.14695489324301075
grid_m4.25_29.50,1952-11-01,21.8961074027778,18.26980801388891,511.04855492536,1011.3071100694444,0.3920678995697778,0.5204288679632778
grid_m4.25_29.50,1952-12-01,22.033270295698948,19.207272069892493,605.87572998186,1011.3654145161291,-0.0632663517077957,0.9706554201993279
grid_m4.25_29.50,1953-01-01,22.05219294354841,18.349178924731206,413.37156282182,1011.8066364247311,0.3801213127652285,0.23713093445188174
grid_m4.25_29.50,1953-02-01,22.0858851636905,18.79388055059526,529.84905292082,1010.9305898065477,0.2505591320047619,0.39365284637053566
grid_m4.25_29.50,1953-03-01,22.033828897849485,18.742522674731205,589.17665513184,1011.4032475806451,0.20695942819932794,0.5220832241055564
grid_m4.25_29.50,1953-04-01,21.77445756944447,18.995304611111134,600.2440459105,1012.4675954166668,0.15937385592972222,0.6538704972823611
grid_m4.25_29.50,1953-05-01,21.57229416666669,18.682291357526903,559.1185087615399,1013.4071696236559,0.5339945936079301,0.47799962318548384
grid_m4.25_29.50,1953-06-01,22.611119472222246,16.78494113888891,30.66492086034,1013.7915447222223,0.67469774989375,0.4212646692643055
grid_m4.25_29.50,1953-07-01,22.18123294354841,15.49005215053766,25.54059030886,1014.6362561827957,0.8774516186449973,0.39086990613629036
grid_m4.25_29.50,1953-08-01,23.356167258064538,15.168465833333356,3.97157672066,1013.227998454301,0.7538894655658602,0.3201640201619624
grid_m4.25_29.50,1953-09-01,23.118696375000027,17.10387516666669,228.03521081714,1012.410931736111,0.97513124687375,0.021612188363055562
grid_m4.25_29.50,1953-10-01,23.657557567204325,18.408613266129056,230.22889996674,1010.9942829973119,0.7812893778284946,0.22041484225685484
grid_m4.25_29.50,1953-11-01,22.062614069444468,18.837173375000024,643.14150834608,1012.0477457638888,0.15833361584741668,0.6877559018913889
grid_m4.25_29.50,1953-12-01,21.762971303763464,18.58199298387099,538.67149371388,1011.532017204301,0.2055747138937903,0.4648590073607796
grid_m4.25_29.50,1954-01-01,22.63852790322583,17.857880120967764,203.04489161042,1012.0132297715053,0.49892495447405916,0.0740166123266129
grid_m4.25_29.50,1954-02-01,22.731312574404786,18.542720312500023,290.44151293994,1011.2219438244048,0.25855075723854165,0.3352885198455357
grid_m4.25_29.50,1954-03-01,22.866322809139806,18.936482540322604,362.95437871252,1011.3718945564516,0.30930447438965053,0.32738339239623654
grid_m4.25_29.50,1954-04-01,22.371282708333357,18.81859038888891,401.3144966163,1013.0380665277778,0.3780658516502778,0.2106305360513889
grid_m4.25_29.50,1954-05-01,23.242618870967764,18.54182685483873,189.44454197922,1012.341342876344,0.7205298639327956,-0.2757301919560484
grid_m4.25_29.50,1954-06-01,22.625686527777802,15.726420194444467,8.0900191995,1014.0778690277779,0.6881518886573056,0.61799685195875
grid_m4.25_29.50,1954-07-01,22.714600658602173,14.776324905914002,4.67586511462,1012.8980648521505,0.7098957808963037,0.4625897568494624
grid_m4.25_29.50,1954-08-01,23.258662634408626,14.716143897849484,2.91681290888,1012.6359893817205,0.8957712520025537,0.2278068273077957
grid_m4.25_29.50,1954-09-01,24.01173933333336,15.784055125000021,18.2476043295,1011.4757729166666,1.0411684864931945,0.10153499111138889
grid_m4.25_29.50,1954-10-01,23.561541008064538,17.731072755376367,152.86564792328,1010.6353898521505,0.8712287616534946,0.08474568996209678
grid_m4.25_29.50,1954-11-01,22.22362666666669,18.4120911527778,396.5272905952,1011.0526403472222,0.24010537229930556,0.7618065707305555
grid_m4.25_29.50,1954-12-01,22.205292795698945,18.33044869623658,319.39506510458,1010.8335069892472,0.2544268256155914,0.5214895431027688
grid_m4.25_29.50,1955-01-01,22.043195725806473,18.597829462365613,503.80849895796,1011.7211608198925,-0.09894510517043012,0.6772680813075806
grid_m4.25_29.50,1955-02-01,22.94375937500002,18.14418854166669,265.07067719508,1010.2102441964287,0.48503017689502526,-0.2950367698358631
grid_m4.25_29.50,1955-03-01,22.22070111559142,18.716535309139807,529.18577039414,1010.5437541666666,0.22364556869462365,0.31377593388333336
grid_m4.25_29.50,1955-04-01,21.949051013888912,18.855992875000023,487.6151080822,1011.2335876388889,0.26446011788694446,0.48060354317777776
grid_m4.25_29.50,1955-05-01,21.521979569892498,18.299148413978518,349.48802004204,1013.7965753360215,0.60561608905,0.6714240464567205
grid_m4.25_29.50,1955-06-01,21.787179402777802,17.054858888888912,110.36825174136,1014.3471593055556,0.9064433177583333,0.2940759024183333
grid_m4.25_29.50,1955-07-01,22.30938737903228,15.41424743279572,18.84508143446,1013.2169528225807,0.9381048352954301,0.09629865022715053
grid_m4.25_29.50,1955-08-01,23.30211413978497,14.466175954301098,1.01661680594,1011.8917849462366,0.7997125819012098,0.21399994174489248
grid_m4.25_29.50,1955-09-01,23.329105000000023,16.851891472222245,66.7607782924,1011.2076271527778,1.0307290829690277,-0.23632022114055556
grid_m4.25_29.50,1955-10-01,23.574059811827976,18.020457163978516,128.89385187574,1010.3814288978494,0.7619600005776882,0.2237457585
grid_m4.25_29.50,1955-11-01,22.71749901388891,18.3125530277778,263.42725714512,1010.683247986111,0.3792303716593055,0.6255068661752167
grid_m4.25_29.50,1955-12-01,22.054509301075292,18.21724106182798,441.62082679638,1011.0742795698924,0.29828902200107527,0.4858704428786156
grid_m4.25_29.50,1956-01-01,21.981908319892494,17.780415201612925,341.63308012836,1010.4768011424732,0.45814196185927425,0.043475633128763444
grid_m4.25_29.50,1956-02-01,22.78890879310347,18.673862399425314,290.46964669704,1010.0052025143679,0.16334068937998564,0.20758091752772986
grid_m4.25_29.50,1956-03-01,22.80480290322583,18.896314543010778,344.55657018344,1010.7074197580646,0.16770446965241934,0.5091256384339382
grid_m4.25_29.50,1956-04-01,21.5648631527778,18.655447986111135,778.82647561422,1011.8903946527778,0.16410441102027779,0.6195239933827777
grid_m4.25_29.50,1956-05-01,21.63874677419357,18.244877741935504,408.67543248434,1013.1092507392473,0.7991764312040324,-0.07871283161470968
grid_m4.25_29.50,1956-06-01,21.832069625000024,16.874135833333355,106.91452000338,1013.9811243749999,0.8080506637672528,0.1966300791773611
grid_m4.25_29.50,1956-07-01,22.237442002688194,14.540419408602174,6.06393815508,1013.5479532258065,0.7037983348366935,0.3636494701120968
grid_m4.25_29.50,1956-08-01,23.212168776881743,15.332269623655938,25.10333044678,1011.9770793010754,0.9338427720615592,0.012699802944758056
grid_m4.25_29.50,1956-09-01,23.717159847222245,16.790890722222244,43.267011572979996,1010.4083551388889,0.9577322540853056,-0.12860245147875
grid_m4.25_29.50,1956-10-01,23.247066935483897,17.615323185483895,174.096346004,1010.3988350806451,0.7089672702784274,0.20557731489301076
grid_m4.25_29.50,1956-11-01,22.428824319444466,18.47992229166669,368.9959047341,1010.4232104166666,0.2512401396540278,0.6768936585404166
grid_m4.25_29.50,1956-12-01,21.844366747311852,18.294866774193572,471.75574230978,1011.0066029569894,0.13282273584489246,0.698531426985672
grid_m4.25_29.50,1957-01-01,21.691335147849486,18.10068545698927,480.89623542424,1010.7017715053763,0.3942248113222715,0.3503160365189516
grid_m4.25_29.50,1957-02-01,22.013114241071452,18.11510755952383,440.99664728804,1010.8256322916667,0.5169638464708333,0.1393594725044643
grid_m4.25_29.50,1957-03-01,22.0524447715054,18.35020293010755,482.49292452634,1011.3954499327957,0.4404076612311828,0.11675475674784945
grid_m4.25_29.50,1957-04-01,22.445766458333356,19.189282250000023,367.16031943838,1011.7360504166666,0.21867726314402777,0.7758294613794444
grid_m4.25_29.50,1957-05-01,22.41178158602153,19.298878655914,409.57450863726,1013.0599087365591,0.42524688495278223,0.5832753124497312
grid_m4.25_29.50,1957-06-01,22.91085819444447,18.122973069444466,117.79046053848,1013.9093209722222,0.8855187101184723,0.06031152814291666
grid_m4.25_29.50,1957-07-01,22.802245806451637,16.28734168010755,18.7180041942,1013.6145659274193,0.8035579391526881,0.34198483086962367
grid_m4.25_29.50,1957-08-01,23.326208736559163,15.80156853494626,15.24376869538,1012.6985536962366,0.7830495937747984,0.19322803606989247
grid_m4.25_29.50,1957-09-01,24.344014777777797,17.079232236111135,47.98960699876,1011.2294122222222,0.8218395454131945,0.207974856626625
grid_m4.25_29.50,1957-10-01,23.479539368279593,18.424639516129055,339.72501723148,1010.9336870967742,0.6086456448530914,0.27302770637544355
grid_m4.25_29.50,1957-11-01,23.244364444444464,19.013745944444466,402.9524325804,1010.7909672222221,0.5102183498253333,0.14788775891972222
grid_m4.25_29.50,1957-12-01,22.259308198924753,18.967072782258086,500.33426188774,1011.5847200268818,0.18644488159892472,0.6437588775650618
grid_m4.25_29.50,1958-01-01,23.01215174731185,19.633323440860238,556.41865773308,1010.8574387768816,0.009847392349416667,0.45054021591922044
grid_m4.25_29.50,1958-02-01,23.194540133928594,19.052740014880975,433.78376963147997,1011.7945495535714,0.33434822513452384,0.0038490284224702385
grid_m4.25_29.50,1958-03-01,23.538301814516153,19.478367567204327,398.70119070158,1011.265029704301,0.2502965204267473,0.1741398228130376
grid_m4.25_29.50,1958-04-01,22.918877569444465,19.749582875000023,600.8896823194,1011.0730950694444,0.15047189901458333,0.44537563511916667
grid_m4.25_29.50,1958-05-01,22.927973763440882,19.132683750000023,219.85149394024,1013.1554581317204,0.8354114613004032,0.2748354667983871
grid_m4.25_29.50,1958-06-01,23.09300075000002,17.460174180555576,57.71684663068,1014.0264986111112,1.0205863525702779,0.03425670642416667
grid_m4.25_29.50,1958-07-01,22.926002809139806,15.77338482526884,13.48757747938,1013.1274411962366,0.7539288099743507,0.2453064828373656
grid_m4.25_29.50,1958-08-01,23.044653454301095,16.018500026881743,53.77030371432,1012.507042405914,0.7795394373221773,0.08064697933494624
grid_m4.25_29.50,1958-09-01,23.838825027777798,17.705091750000022,78.34744437584,1011.2377684027778,0.8026791481252779,0.26141117883916665
grid_m4.25_29.50,1958-10-01,23.79248420698927,18.138088736559162,121.42896660136,1011.0329240591398,0.6647085380115592,0.40914466197029564
grid_m4.25_29.50,1958-11-01,22.493173777777802,18.866522194444467,398.16737149138,1010.9587459722222,0.22301182528277777,0.7891914372555555
grid_m4.25_29.50,1958-12-01,22.462512526881746,18.69835231182798,384.7103117689,1011.6188780913978,0.4549363685678764,0.13329986483346773
grid_m4.25_29.50,1959-01-01,22.889130053763463,19.216962043010774,482.14483222872,1010.828863172043,0.15178258995000002,0.30418055463844085
grid_m4.25_29.50,1959-02-01,22.96606748511907,18.796288273809544,393.58520447598,1011.1008228422619,0.315401778840625,0.1390869278578869
grid_m4.25_29.50,1959-03-01,23.114309771505397,19.221775053763462,353.55591758916,1011.1401719086022,0.2587567858513441,0.23271442882432794
grid_m4.25_29.50,1959-04-01,22.64617337500002,19.52251529166669,655.66754314654,1010.8569972222222,0.1444945648926389,0.3573862078994444
grid_m4.25_29.50,1959-05-01,23.53539478494626,18.61216563172045,241.29819864956,1010.8410377016129,0.6067265533206989,0.01381743153790322
grid_m4.25_29.50,1959-06-01,23.129942708333353,17.83313150000002,92.3888684695,1013.1462572222222,0.9658733567006945,0.18946107161597223
grid_m4.25_29.50,1959-07-01,22.67351545698927,16.50346686827959,29.66403947304,1013.6337036962366,0.9571819286396103,0.25223635550094087
grid_m4.25_29.50,1959-08-01,23.21825673387099,16.308745819892497,59.134959930120004,1011.8393985887096,0.7841707465072582,0.020150354661559143
grid_m4.25_29.50,1959-09-01,23.56232397222225,17.348422263888914,114.66050153418,1011.1417247222222,0.9075513650106944,-0.16760728669344443
grid_m4.25_29.50,1959-10-01,23.076286424731205,18.36219408602153,338.46139916232,1011.3779597446236,0.6150395689403226,0.25710554706922045
grid_m4.25_29.50,1959-11-01,22.87011586111113,18.31670604166669,232.19895369398,1010.9258038194445,0.5913319309065833,0.14830082825125
grid_m4.25_29.50,1959-12-01,22.519044448924756,18.6986035887097,499.95136245858,1011.2095079973119,0.2116741520229839,0.4284783849138441
grid_m4.25_29.50,1960-01-01,22.72032063172045,18.810085833333357,405.18283770384,1011.5129929435484,0.22270466445787634,0.39779162241317206
grid_m4.25_29.50,1960-02-01,22.760840876436806,18.703499612068985,313.51041819644,1011.3932076149425,0.2756136598987069,0.3151237644712644
grid_m4.25_29.50,1960-03-01,22.59924295698927,18.61737155913981,366.388559763,1010.8775935483872,0.2982030883249597,0.2945609022504032
grid_m4.25_29.50,1960-04-01,22.16999444444447,19.2778956527778,656.30054513342,1011.462233125,0.12626221987125,0.580997235906389
grid_m4.25_29.50,1960-05-01,22.71663505376346,19.02374940860217,243.3025833015,1012.1982691532259,0.5323300918177151,0.2046699284471371
grid_m4.25_29.50,1960-06-01,22.62341713888891,17.803960680555576,93.58811371308,1013.7179770833334,0.8892008680345833,0.30802838409444444
grid_m4.25_29.50,1960-07-01,22.104743696236582,15.65075797043013,29.09946429324,1014.0621474462366,0.8009345359708333,0.44605100554784943
grid_m4.25_29.50,1960-08-01,23.16722670698927,15.87214111559142,8.47530365162,1012.6547135080644,0.7251250977927822,0.30067394275564513
grid_m4.25_29.50,1960-09-01,23.47726187500002,17.15564129166669,113.84034213187999,1011.6539757638889,0.9390066554395833,-0.22691366381118058
grid_m4.25_29.50,1960-10-01,23.471132809139807,18.303413763440883,287.80221892694,1011.2134200268816,0.7056491517715053,0.13075070093951613
grid_m4.25_29.50,1960-11-01,22.5640976527778,18.59026993055558,349.75218789682,1011.8085081249999,0.21913117267541665,0.6198868632123612
grid_m4.25_29.50,1960-12-01,23.09568370967744,19.062611155914,284.29937371262,1010.5121129032258,0.19506374456935485,0.6651246885282258
grid_m4.25_29.50,1961-01-01,22.77286809139787,18.880926209677444,378.87978528292,1010.7302527553763,0.06263697953293011,0.7819416702034946
grid_m4.25_29.50,1961-02-01,22.207226011904783,18.180403839285738,384.3727108849,1012.0414746279762,0.2217980792061012,0.3624010073464286
grid_m4.25_29.50,1961-03-01,22.64950184139787,19.345528293010776,507.6935281638,1011.0273231182796,-0.08800732141729839,0.6666092496267474
grid_m4.25_29.50,1961-04-01,22.584780444444466,19.386660958333355,539.9980536538,1010.9394372222222,0.0002654811819444449,0.6089857737686112
grid_m4.25_29.50,1961-05-01,23.097679086021525,19.250461411290345,262.23635705706,1012.4328483198924,0.4978502533224462,0.389392948922043
grid_m4.25_29.50,1961-06-01,22.910000805555583,17.543061625000025,93.57595444116,1012.9052807638889,0.8629225612286111,0.09011328275375
grid_m4.25_29.50,1961-07-01,21.991763198924755,17.19630590053766,145.1697352812,1013.4638573924732,0.9619959350451613,0.02843003697115591
grid_m4.25_29.50,1961-08-01,22.665215134408626,16.168690215053786,29.6332835872,1013.3751637096774,0.8453593094960081,0.03778989775067204
grid_m4.25_29.50,1961-09-01,23.143853347222244,17.576730250000026,203.10592660324,1011.3285177777778,0.9327086760054167,-0.10760396520569444
grid_m4.25_29.50,1961-10-01,22.308655053763463,18.154591518817224,525.76589542996,1010.9299313172043,0.3223649292344086,0.4186262205315592
grid_m4.25_29.50,1961-11-01,21.522944500000023,18.062327347222247,516.98589376898,1011.433573611111,0.35438597012,0.36139278582222223
grid_m4.25_29.50,1961-12-01,21.890336922043033,18.02597684139787,350.77357326398,1011.4885491935484,0.6296473256612903,-0.0691630038272715
grid_m4.25_29.50,1962-01-01,21.73384690860217,18.13989040322583,435.37688186664,1011.7973739247312,0.38744405745846777,0.1488276233311828
grid_m4.25_29.50,1962-02-01,22.272253809523832,18.738731696428594,549.02958874658,1011.2340245535715,0.0646874346280506,0.5379390029922619
grid_m4.25_29.50,1962-03-01,22.386795362903246,18.637452056451636,348.36649881046,1010.8871927419355,0.19060559438991934,0.6389432352068414
grid_m4.25_29.50,1962-04-01,21.96524868055558,19.010124430555578,653.4171110475,1011.7583357638889,-0.01509626033194445,0.6617127815324166
grid_m4.25_29.50,1962-05-01,21.965457567204325,18.41405163978497,332.43703819266,1013.6096774865591,0.6686527299137096,0.3116603623547043
grid_m4.25_29.50,1962-06-01,22.48043400000002,17.307034972222244,100.46887430334,1013.0901772916666,0.8466960705583334,-0.037266582632638885
grid_m4.25_29.50,1962-07-01,23.0933572715054,16.198840241935507,19.13380613092,1014.2757217069892,0.8940610785288978,-0.09955176472930108
grid_m4.25_29.50,1962-08-01,22.809850618279594,16.999501424731204,142.05622660872,1013.1807057123656,0.8556341538153225,-0.2854606459051613
grid_m4.25_29.50,1962-09-01,23.50465041666669,17.032074458333355,81.9222929593,1012.0581335416666,0.9030891629975416,0.009014341827361107
grid_m4.25_29.50,1962-10-01,22.850787795698945,17.895508252688195,207.05151580152,1011.6755357526882,0.7295234636926076,0.13423302360416667
grid_m4.25_29.50,1962-11-01,22.158910458333356,18.301764958333354,354.00128359898,1011.0933474999999,0.4295439375279167,0.6495229930194445
grid_m4.25_29.50,1962-12-01,21.897089623655937,18.562433803763465,425.26984151034,1011.8963475806452,0.3139153041890188,0.7415072314911291
grid_m4.25_29.50,1963-01-01,21.846312110215077,17.894333817204323,295.40181209438,1011.4180839381721,0.50827215042957,0.06684014191259409
grid_m4.25_29.50,1963-02-01,22.72455994047621,18.28513811011907,266.89076452462,1010.6576227678571,0.19999615460208334,0.2062128167154762
grid_m4.25_29.50,1963-03-01,22.21038810483873,18.748821465053787,515.0990480492,1012.1284067876345,0.06042648899066666,0.5378821384788387
grid_m4.25_29.50,1963-04-01,21.7779872777778,18.88573781944447,681.2281608472,1011.9576032638889,0.20538296098088887,0.5631876901375
grid_m4.25_29.50,1963-05-01,22.459464798387117,18.78021166666669,286.92030894484,1012.8049276209678,0.5447466036620967,0.2126647373079301
grid_m4.25_29.50,1963-06-01,23.043266055555577,17.586191166666687,47.43576060976,1014.2666993055556,0.8703710340901389,0.03472105684666667
grid_m4.25_29.50,1963-07-01,23.385991169354863,16.48668165322583,16.6759490907,1013.182232123656,0.9579240317908602,-0.06226749838723119
grid_m4.25_29.50,1963-08-01,23.671837741935505,16.32346423387099,16.7503357019,1012.5387610887097,0.9038694236223119,0.027144153574865586
grid_m4.25_29.50,1963-09-01,23.960403333333357,17.498402041666687,98.03652757068001,1011.6436395138888,0.9333154250844444,0.17608316206277777
grid_m4.25_29.50,1963-10-01,23.47344862903228,18.113241545698948,205.33514059564,1011.343245766129,0.5270822380048388,0.3833808302159946
grid_m4.25_29.50,1963-11-01,21.79741163888891,18.440258222222248,589.22290814072,1011.598775,0.19809587180777777,0.6399422114102917
grid_m4.25_29.50,1963-12-01,22.0301622043011,18.534961330645185,565.1519309386,1011.9447883064516,0.27785612620255373,0.41951046164247313
grid_m4.25_29.50,1964-01-01,22.3683997043011,18.931991935483893,540.07148632446,1011.7356395833333,0.10223173336032257,0.6170020011973117
grid_m4.25_29.50,1964-02-01,23.002880215517266,18.50927714080462,295.50075535638,1010.8946403735632,0.342588644204454,0.27148022034942526
grid_m4.25_29.50,1964-03-01,23.054205188172066,19.029134489247333,394.61898808326,1011.8139469758064,0.16711216584018818,0.3025212440509409
grid_m4.25_29.50,1964-04-01,22.323016333333356,19.15096651388891,539.7980213155,1012.3674114583333,0.02384101059347778,0.6428437034341666
grid_m4.25_29.50,1964-05-01,22.37143748655916,18.83885370967744,328.10235096632,1014.4093844086023,0.610832954541129,0.26877375115530916
grid_m4.25_29.50,1964-06-01,23.052876347222245,17.8581617777778,112.90192635782,1013.6702545833334,0.7511243387420834,-0.22720194879155556
grid_m4.25_29.50,1964-07-01,22.801422741935507,15.945920658602173,9.13763042386,1014.4206852822581,0.8446053328606183,0.16474242407002687
grid_m4.25_29.50,1964-08-01,23.014882365591422,16.082872620967763,38.40088873294,1013.3483975806452,1.0533365434810482,-0.15465828757728495
grid_m4.25_29.50,1964-09-01,22.950725805555578,17.067082500000023,117.39492429692,1012.4332908333332,1.0105575373910973,-0.2822955033686111
grid_m4.25_29.50,1964-10-01,22.36732231182798,17.409280120967765,345.4596999797,1011.7025968413978,0.7884509734177418,-0.11418170231021506
grid_m4.25_29.50,1964-11-01,22.097134250000025,17.871155319444465,355.9362886043,1011.7413761111111,0.3695817241241111,0.5478893075403195
grid_m4.25_29.50,1964-12-01,21.62174799731185,17.972722567204325,360.64744033382,1010.6311981854839,0.3218096679560484,0.6335314465601344
grid_m4.25_29.50,1965-01-01,22.206259018817228,18.144700927419375,300.1675607473,1010.7375467741936,0.19437334592177422,0.5517163648369623
grid_m4.25_29.50,1965-02-01,22.71406815476193,17.97094566964288,254.07910442226,1010.4085087797619,0.3591884196650893,0.18747851873720237
grid_m4.25_29.50,1965-03-01,22.336758440860237,18.606373400537656,472.37586885914,1012.0760329973118,0.2174986773629032,0.4376275890262097
grid_m4.25_29.50,1965-04-01,21.9915017777778,18.6039731527778,449.65171806798,1012.552630625,0.16503931720708334,0.32495131958708334
grid_m4.25_29.50,1965-05-01,22.288663884408624,18.622094932795722,311.6838924815,1013.9543008064516,0.4685502414638441,0.03940590331854839
grid_m4.25_29.50,1965-06-01,22.96643763888891,16.576388222222246,70.9707738968,1015.4850662499999,0.7337981759045833,0.1630944398186111
grid_m4.25_29.50,1965-07-01,22.9435896370968,16.57027118279572,18.37658885242,1015.1306948924731,0.7845234418034945,0.17326065914532257
grid_m4.25_29.50,1965-08-01,23.52962998655916,16.274236317204323,25.2134799612,1013.0054500672043,0.9844186424327956,0.05624246904879033
grid_m4.25_29.50,1965-09-01,23.448499222222246,17.344268027777797,130.88846222758,1012.3377202777777,0.9060650003647223,0.0063723454577777824
grid_m4.25_29.50,1965-10-01,23.145901586021527,18.083683709677445,338.97256919406,1011.8213962365592,0.6036201815360215,0.2618111032733871
grid_m4.25_29.50,1965-11-01,22.392039236111135,18.56184841666669,425.77171303922,1011.7822067361111,0.311247239420875,0.7631565940608334
grid_m4.25_29.50,1965-12-01,22.115509892473142,18.392830618279593,339.51187226416,1011.9517041666667,0.21668516270788976,0.5109783307517474
grid_m4.25_29.50,1966-01-01,22.35435016129035,18.761205040322604,414.57653053906,1012.2337627016129,-0.012509868659274191,0.7697197477094087
grid_m4.25_29.50,1966-02-01,22.66123693452383,18.786182767857166,271.6414934412,1011.5974162202381,0.2275161775199405,0.5259566757608631
grid_m4.25_29.50,1966-03-01,22.622853360215075,18.732985806451634,421.92125179614,1012.2058024865592,0.3213898038471774,0.050950224200268825
grid_m4.25_29.50,1966-04-01,22.117013541666687,19.047841583333355,627.61449766216,1013.0432715277777,0.09720575751402778,0.5054800175081945
grid_m4.25_29.50,1966-05-01,22.608385456989275,18.979545174731204,391.03341073334,1014.090448655914,0.4180388091754032,0.30436270457086023
grid_m4.25_29.50,1966-06-01,22.584629472222243,17.691543875000022,133.59022161524,1015.3387964583334,0.8459489310545834,0.18287917293527778
grid_m4.25_29.50,1966-07-01,23.281202970430133,16.528992204301098,19.7126865843,1014.3414362903226,0.7368624894661694,0.20950553706747313
grid_m4.25_29.50,1966-08-01,23.475072728494645,16.828501935483892,114.05158093692,1012.9210891129032,0.7896129239501344,-0.020179441686155916
grid_m4.25_29.50,1966-09-01,23.174428986111135,17.61381433333336,156.39162095388,1012.5048205555556,0.6982846802773611,0.12865930608347223
grid_m4.25_29.50,1966-10-01,23.176782083333354,17.605826209677442,271.03424012954,1011.2546864919356,0.541058241607258,0.25172020415685487
grid_m4.25_29.50,1966-11-01,22.543504847222245,18.25123491666669,345.03269224382,1010.7423209722222,0.5942813260025833,0.37058339083347225
grid_m4.25_29.50,1966-12-01,22.44835052419357,18.49733541666669,317.8882594039,1009.6931205645161,0.3202115958827957,0.7795106631075268
grid_m4.25_29.50,1967-01-01,22.620943978494648,18.77037860215056,354.21776756326,1010.1377338037635,-0.06242627944314516,0.9726605773024193
grid_m4.25_29.50,1967-02-01,22.782920773809547,18.934077827380975,361.38248448086,1010.2149744047618,-0.09349856522470239,0.7803181703258928
grid_m4.25_29.50,1967-03-01,22.954513077957014,18.884878131720452,318.1667329582,1010.0868747311828,0.2240396313420699,0.6417159429005376
grid_m4.25_29.50,1967-04-01,22.257374375000023,19.069511847222245,450.959921125,1011.3706040277777,0.07013088945819444,0.7195356245365279
grid_m4.25_29.50,1967-05-01,22.265389731182818,18.71428299731185,380.07998502,1013.3369289650537,0.4353181775995968,0.267786451577285
grid_m4.25_29.50,1967-06-01,22.386514013888913,17.87256655555558,174.6613984784,1013.7680150694445,0.7827002479921944,0.04753734472736111
grid_m4.25_29.50,1967-07-01,22.28302590053766,16.52814795698927,68.28641875072,1014.2073824596774,0.8221461653047043,0.09960910824905914
grid_m4.25_29.50,1967-08-01,22.72997373655916,16.33139000000002,40.60459119322,1013.912926545699,0.890595016154973,0.16037959163360213
grid_m4.25_29.50,1967-09-01,22.805993486111134,17.576179486111133,234.49111018154,1012.7304605555556,0.750056514423611,-0.09144220301138889
grid_m4.25_29.50,1967-10-01,22.74433110215056,18.225021666666688,336.12108223648,1011.7148825268818,0.4819351091545699,0.3405746335981183
grid_m4.25_29.50,1967-11-01,21.970661083333354,18.441377250000023,360.8441362224,1011.2807158333334,0.21295997693930555,0.7075223297783333
grid_m4.25_29.50,1967-12-01,22.298025336021524,18.565761599462387,417.28353534082,1012.1958203629033,0.29730297652392473,0.17123599725985214
grid_m4.25_29.50,1968-01-01,22.60998528225809,18.392403239247333,293.84994507082,1011.1012658602151,0.32963778043373654,0.2287485881172043
grid_m4.25_29.50,1968-02-01,22.23759303160922,18.695621551724162,491.57142646272,1011.2578987068964,0.3421981599066092,0.03769920705948276
grid_m4.25_29.50,1968-03-01,22.28399775537637,18.302395685483894,394.8969834614,1011.6500321908603,0.46956636644771504,0.28377206761317203
grid_m4.25_29.50,1968-04-01,21.89306526388891,18.67280016666669,485.50033505262,1012.1633439583334,0.3599418425388889,0.44994679831833334
grid_m4.25_29.50,1968-05-01,21.920306612903246,18.573645228494644,427.35075871498,1012.9890699596775,0.5215535107942204,0.2140251717689516
grid_m4.25_29.50,1968-06-01,22.320198361111135,17.5514390277778,151.25584608672,1014.2379210416667,0.8129012635283333,-0.03522745674219445
grid_m4.25_29.50,1968-07-01,22.208777715053788,16.04077170698927,18.90277862494,1014.931486155914,0.8622303730962634,0.27358441984018816
grid_m4.25_29.50,1968-08-01,23.10733618279572,15.572060080645183,8.84151457748,1013.5286653897849,0.7901597293329745,0.36094617039556454
grid_m4.25_29.50,1968-09-01,24.00508229166669,16.622719708333356,56.073665791740005,1011.9585972222221,0.8882903833030555,0.04940806560652777
grid_m4.25_29.50,1968-10-01,23.83435061827959,18.30741530913981,216.1543370753,1011.014996639785,0.7908865220600806,0.04133837489435484
grid_m4.25_29.50,1968-11-01,21.975300583333357,18.60034798611113,614.85219078756,1011.8081803472222,0.23386929912708332,0.6083492055952361
grid_m4.25_29.50,1968-12-01,22.157224583333356,18.552776075268838,386.4936826022,1011.8950118951612,0.128702760022043,0.5465771864939516
grid_m4.25_29.50,1969-01-01,22.524264139784968,18.812693857526902,404.67333787178,1010.3508164650538,0.14357191354435483,0.49192366237486557
grid_m4.25_29.50,1969-02-01,22.679562202380975,19.011254627976214,487.66684516944,1010.8766277529761,0.28252608478050595,0.07289255581250001
grid_m4.25_29.50,1969-03-01,22.772995927419377,19.46218923387099,463.75179303984,1011.2518623655915,0.35492220346895165,0.37903837052244627
grid_m4.25_29.50,1969-04-01,22.826362611111133,19.70162994444447,498.54993785528,1011.3993388888889,0.21715505482055555,0.48035251280625
grid_m4.25_29.50,1969-05-01,22.507251948924754,18.899184408602174,447.10755295402,1013.0098507392473,0.6521485023104099,0.24246665031048387
grid_m4.25_29.50,1969-06-01,22.964935736111133,17.15647650000002,32.2058202933,1013.6644168055554,0.8854058360755556,0.2647615859361111
grid_m4.25_29.50,1969-07-01,22.531182795698946,16.070086491935506,12.140274035080001,1014.6150689516129,0.9054174054090054,0.3980548832826613
grid_m4.25_29.50,1969-08-01,23.122800604838734,16.33299791666669,35.65835951178,1012.5643038306451,1.0074925974067204,0.18659870718521504
grid_m4.25_29.50,1969-09-01,23.668122388888914,17.76590605555558,107.94377364586,1011.2996967361112,0.9337577168706652,-0.2300635266513889
grid_m4.25_29.50,1969-10-01,23.579270416666688,18.44456676075271,161.4315508194,1010.4529496639784,0.5859047054049732,0.4186247941262769
grid_m4.25_29.50,1969-11-01,22.40122705555558,18.742233763888912,453.96876291956,1011.4972486805556,0.16654952964901387,0.6824577118041388
grid_m4.25_29.50,1969-12-01,22.54189239247314,19.12987043010755,413.9726149447,1011.5405424731182,-0.09475556020504032,0.9441431306194893
grid_m4.25_29.50,1970-01-01,22.439566263440884,18.71810295698927,486.6676331376,1012.2535140456989,0.38462314753471777,0.11966268480685485
grid_m4.25_29.50,1970-02-01,23.10025154761907,19.482287633928593,355.29780420068,1011.203960267857,0.16517175935659226,0.4268842993293155
grid_m4.25_29.50,1970-03-01,22.61447934139787,19.296570389784968,479.96234866306,1011.232454233871,0.27027349708669357,0.44392031846518815
grid_m4.25_29.50,1970-04-01,22.34207376388891,19.460825444444467,651.18551190214,1012.1926277777778,0.16772120319919442,0.5749497936143055
grid_m4.25_29.50,1970-05-01,22.720757634408628,18.73032047043013,328.56774293528,1012.5587113575269,0.6799105982697581,0.02033293984233871
grid_m4.25_29.50,1970-06-01,22.658917458333356,17.033672444444466,33.31518178484,1014.2620509027778,0.86360083718625,0.4562788426188472
grid_m4.25_29.50,1970-07-01,22.604926881720452,16.370632056451637,35.07542602258,1014.0758940860214,0.8944565559239248,0.23938881829301076
grid_m4.25_29.50,1970-08-01,23.17350743279572,16.61403731182798,47.29604693466,1012.2457354166667,1.0832665561826613,-0.17740222924919358
grid_m4.25_29.50,1970-09-01,23.959058263888913,16.764182958333357,41.76044455878,1010.6849684722222,0.9685146122732222,-0.024607339109027772
grid_m4.25_29.50,1970-10-01,23.586329502688194,18.09706166666669,171.07748952245998,1010.4348143817205,0.8876491960696237,0.17695375473575267
grid_m4.25_29.50,1970-11-01,22.71232418055558,18.5528456527778,326.0483744206,1010.8567378472221,0.3592672547833333,0.4743427925526389
grid_m4.25_29.50,1970-12-01,22.042363306451637,18.458265819892496,521.85439964268,1011.5628047043011,0.058558792074462365,0.6551332060560484
grid_m4.25_29.50,1971-01-01,22.382438534946257,18.410257459677442,275.30741659908,1010.6081517473118,0.44873305244204303,0.33634108070981183
grid_m4.25_29.50,1971-02-01,22.621550133928594,18.36657818452383,319.53334847482,1009.8050579613096,0.2853483242028274,0.2524448928335119
grid_m4.25_29.50,1971-03-01,22.683385766129053,19.04913995967744,550.41313233378,1010.3129157258064,0.1334740427473118,0.3993936140372312
grid_m4.25_29.50,1971-04-01,21.917157000000024,18.839400013888913,493.7810892305,1011.5306704166667,0.22273275605555554,0.5591028556904166
grid_m4.25_29.50,1971-05-01,22.246160067204322,18.514958830645185,337.9836090167,1012.3352592069892,0.6619342409350067,0.11353575991663171
grid_m4.25_29.50,1971-06-01,22.24614330555558,17.048048319444465,41.80097577324,1014.0732934722223,0.8897443127288889,0.46049665210527774
grid_m4.25_29.50,1971-07-01,22.14173866935486,16.510078965053786,51.80835735142,1013.3633231854839,1.07401942275,0.07209608798978495
grid_m4.25_29.50,1971-08-01,22.810948252688195,15.823712325268842,10.68234443356,1012.1458828629032,0.8875934934327957,-0.11698294379650537
grid_m4.25_29.50,1971-09-01,23.112649458333358,17.368730750000022,151.8807411068,1011.747433888889,0.770314725125,-0.11036271450319445
grid_m4.25_29.50,1971-10-01,22.955565443548412,17.946978360215077,315.05322429398,1011.6361665994624,0.433231394315457,0.17046953614153226
grid_m4.25_29.50,1971-11-01,21.923732847222244,18.18990354166669,368.62969409976,1011.6523386805555,0.38017347129958334,0.5685198677815277
grid_m4.25_29.50,1971-12-01,21.618258736559163,17.957037163978516,439.27121211754,1012.0998584005378,0.19264484214166666,0.5170394122331989
grid_m4.25_29.50,1972-01-01,22.142781424731208,18.61419994623658,429.26859878678,1010.4103022849462,0.08854080567876343,0.4798940631004033
grid_m4.25_29.50,1972-02-01,22.5951705172414,18.33923574712646,276.66568801258,1010.707024066092,0.4680412777981322,-0.0987881396474138
grid_m4.25_29.50,1972-03-01,22.43137110215056,18.724255053763464,379.53591363372,1010.8189883064516,0.27091518464744624,0.3943780670254973
grid_m4.25_29.50,1972-04-01,22.011040208333355,18.95149851388891,547.99318286276,1011.3960297916667,0.1660985253361111,0.4928254969765278
grid_m4.25_29.50,1972-05-01,21.98424038978497,18.923719838709697,433.89272732194,1012.6106675403225,0.39520435822204303,0.41127752382580646
grid_m4.25_29.50,1972-06-01,22.453314347222246,17.364084138888913,93.0767058906,1013.4215564583333,0.7416375271056389,0.02085717566944444
grid_m4.25_29.50,1972-07-01,22.426132392473143,17.026785672043033,36.50999084182,1013.9471067876344,0.8528127967552419,0.3620578190697984
grid_m4.25_29.50,1972-08-01,23.092768454301094,16.767540645161315,71.40421854606,1012.1951493279571,0.9153373878290592,-0.02905038567275537
grid_m4.25_29.50,1972-09-01,23.515949166666687,18.097451194444467,151.44133560294,1011.8874374305556,0.7428219902593055,0.07132589553416667
grid_m4.25_29.50,1972-10-01,22.726097741935508,18.83076669354841,463.72270569326,1011.5988635752688,0.36692602967782256,0.3361765338369624
grid_m4.25_29.50,1972-11-01,21.899150000000024,18.814535166666687,619.6997166539,1012.3016685416667,0.17947076194680556,0.6868720625190278
grid_m4.25_29.50,1972-12-01,22.285663172043037,18.875070967741955,466.6600229494,1012.2888930107526,0.10459411174731183,0.382103109601707
grid_m4.25_29.50,1973-01-01,23.123913723118303,19.1300898387097,393.96953677142,1012.4304051075269,0.34132827470860216,0.14425466423892472
grid_m4.25_29.50,1973-02-01,24.0056492261905,19.614416964285738,286.40508710474,1011.0889526041667,0.24124576315714283,0.3383474361733631
grid_m4.25_29.50,1973-03-01,23.425768373655934,19.79286235215056,490.43178588806,1011.1389227150537,-0.15267891084973118,0.6169538187153225
grid_m4.25_29.50,1973-04-01,22.38909379166669,19.404449486111133,598.92558991026,1011.6777689583333,0.05250695597181945,0.6309235574180556
grid_m4.25_29.50,1973-05-01,22.351022069892498,19.033446169354864,414.95823836962,1012.6599521505376,0.5368904605282259,0.24438511004010752
grid_m4.25_29.50,1973-06-01,22.30282851388891,17.62173650000002,61.45334245106,1013.7006044444444,0.9109606235940279,0.6129441365630403
grid_m4.25_29.50,1973-07-01,22.217833373655935,16.23183905913981,20.05577091666,1013.8483649865591,0.7720369420737903,0.611804222812957
grid_m4.25_29.50,1973-08-01,23.1045733198925,15.891265645161313,11.01136202526,1012.8215349462365,1.0039675125799732,0.11930101450336023
grid_m4.25_29.50,1973-09-01,23.779443708333357,17.58970504166669,88.64450454656,1011.3399620833333,0.9378782493215279,-0.1962737423851389
grid_m4.25_29.50,1973-10-01,23.546859973118302,18.379418844086043,218.63150561298,1009.8318830645161,0.692183421239301,0.07652128957459678
grid_m4.25_29.50,1973-11-01,22.375212236111132,18.69563181944447,456.41422178996,1011.8896322222223,0.20936819659166667,0.6087105868188889
grid_m4.25_29.50,1973-12-01,21.97360659946239,18.43814163978497,462.47863763122,1011.5220501344086,-0.04122439820201613,0.7631400014060484
grid_m4.25_29.50,1974-01-01,21.94953793010755,18.031473723118303,440.37699651288,1010.8883620295699,0.05022510349305107,0.5704470193698925
grid_m4.25_29.50,1974-02-01,22.741235014880974,18.739992529761928,295.4444881497,1009.4328119047618,-0.02230067393452381,0.7026206413941964
grid_m4.25_29.50,1974-03-01,22.484716518817226,18.689670645161314,404.98757371638,1010.1065314516129,0.4204043575837365,0.29789230723657256
grid_m4.25_29.50,1974-04-01,21.876581958333357,18.990886902777802,520.12729698442,1011.7649465277779,0.2522213822636111,0.6608310943559722
grid_m4.25_29.50,1974-05-01,21.539626935483895,18.484472002688197,522.3612796842,1012.8193282930107,0.33751344257405913,0.5158007172024194
grid_m4.25_29.50,1974-06-01,22.353749486111134,17.551589486111133,82.74555154896,1012.5948397916667,0.829709850007861,0.09370322724027778
grid_m4.25_29.50,1974-07-01,21.49572731182798,16.352280779569917,77.21567153734,1014.3839689516129,0.828433333908199,0.14099465684395163
grid_m4.25_29.50,1974-08-01,23.149282970430132,16.142265080645185,11.5551948735,1012.0149160618279,0.8111939789834381,0.10357144562231183
grid_m4.25_29.50,1974-09-01,23.659662708333357,16.333466069444466,60.956716573979996,1010.8920544444444,0.9470748250651388,-0.04334432759652778
grid_m4.25_29.50,1974-10-01,23.397656330645184,18.233694354838732,154.13069716628,1010.2563891129032,0.7542091083305107,0.07430524425403226
grid_m4.25_29.50,1974-11-01,22.33870562500002,18.3393884027778,438.40360547666,1011.0358922222222,0.3803017515315278,0.35152163835666667
grid_m4.25_29.50,1974-12-01,22.14045186827959,18.390494475806474,438.20262019498,1011.0454715053763,0.01595481984018817,0.8106287265034946
grid_m4.25_29.50,1975-01-01,22.22120561827959,18.303319986559163,418.20025411718,1011.5860192204301,0.09770171851760752,0.38520858041478495
grid_m4.25_29.50,1975-02-01,23.129587261904785,18.556437767857165,196.67673132824,1010.5903017113096,0.20560388873705357,0.6397865387217262
grid_m4.25_29.50,1975-03-01,22.801249247311855,18.87993534946239,274.87254141392,1010.8961850134409,0.38550044615698925,0.4267339185938172
grid_m4.25_29.50,1975-04-01,21.90341143055558,19.080122055555577,693.53151304622,1011.1297230555556,-0.010327487214166669,0.5720695390734166
grid_m4.25_29.50,1975-05-01,22.167585255376366,18.73216975806454,456.15005525768,1011.754355376344,0.5432095681386802,0.1898651751106183
grid_m4.25_29.50,1975-06-01,21.859966486111134,17.521236208333356,165.6317709269,1013.9969361111112,0.8700103135490278,0.30908555396402776
grid_m4.25_29.50,1975-07-01,22.220531370967766,16.206813750000023,25.35247805502,1012.8231212365591,0.9249662986514247,0.07008591196733872
grid_m4.25_29.50,1975-08-01,22.61257844086024,15.512123104838732,18.01538474536,1012.4865762096774,0.8882252885348119,0.1731151067717742
grid_m4.25_29.50,1975-09-01,22.837451319444465,17.343820500000025,137.38918329388,1011.4826902083333,0.8888571648433333,-0.4946326984176389
grid_m4.25_29.50,1975-10-01,22.467066881720452,17.995750698924756,346.12798679278,1011.1548240591397,0.5768058935834005,-0.10413846844287633
grid_m4.25_29.50,1975-11-01,22.33149069444447,18.22497375000002,326.8051146151,1010.70442875,0.2936295879901389,0.6702758568784722
grid_m4.25_29.50,1975-12-01,21.820680443548408,18.260212352150564,379.11987377508,1011.1500678763441,0.06276945271651746,0.4869433370325
grid_m4.25_29.50,1976-01-01,22.252131088709696,18.530383736559163,370.0072766389,1010.3071303091398,0.10120314849260752,0.6016167678416936
grid_m4.25_29.50,1976-02-01,22.006366724137955,18.406479928160945,408.72645286354,1010.3314357040231,0.09641367371495833,0.5435617552454023
grid_m4.25_29.50,1976-03-01,22.51783282258067,18.934928803763462,393.79644379518,1009.8267147177419,-0.003673900537634407,0.6624513854408602
grid_m4.25_29.50,1976-04-01,21.818268472222243,18.925694861111133,628.7765489384,1011.8376559027778,-0.06939167474930555,0.7349156269970375
grid_m4.25_29.50,1976-05-01,21.613367043010776,18.646186021505397,549.86357634498,1013.3909573924732,0.3799428633965054,0.4020878988548387
grid_m4.25_29.50,1976-06-01,21.95889316666669,17.36641070833336,151.10588076856,1013.7966290972222,0.7509348771056487,0.2837373744923611
grid_m4.25_29.50,1976-07-01,22.4707008870968,15.776494112903247,34.10220147234,1014.2778803763441,0.7135313804053764,0.24083230158945565
grid_m4.25_29.50,1976-08-01,22.969824516129055,16.20687161290325,28.17368509214,1012.860984811828,0.9014967474302419,0.06483508828077957
grid_m4.25_29.50,1976-09-01,23.602532319444467,17.769603847222246,138.82041003252,1012.0231725,0.9911280840763889,-0.11200377111875
grid_m4.25_29.50,1976-10-01,23.085040752688197,18.645022728494645,311.97166428132,1010.651364045699,0.4927529759784946,0.3096970387075269
grid_m4.25_29.50,1976-11-01,22.598359708333355,18.436449583333356,253.70121026174,1010.9459991666666,0.3831112757929167,0.6199850092004167
grid_m4.25_29.50,1976-12-01,22.417559516129053,18.83514841397852,430.02200194504,1010.4900000000001,0.033287762949731174,0.8390389510130376
grid_m4.25_29.50,1977-01-01,22.498185241935506,18.762140524193573,387.63189251786,1011.0270659946237,0.15670690187688172,0.4777977650379032
grid_m4.25_29.50,1977-02-01,23.02255303571431,18.5875245386905,276.94654471386,1011.3974578869047,0.3793262061904167,-0.08737055462053571
grid_m4.25_29.50,1977-03-01,22.291396572580666,19.120047432795722,637.20655385208,1011.6021643817204,-0.08341654410430108,0.6517327001767473
grid_m4.25_29.50,1977-04-01,22.269643625000022,19.2669544027778,495.02634984542,1011.4594950000001,0.13852125843333332,0.5615607330768055
grid_m4.25_29.50,1977-05-01,22.627265752688192,18.980397016129054,269.05894278754,1012.6858282930107,0.5691854413084677,0.3546428688383064
grid_m4.25_29.50,1977-06-01,22.84266988888891,17.6774335277778,62.26706504724,1013.0920207638889,0.9179153865243332,0.15405947025444444
grid_m4.25_29.50,1977-07-01,22.876019448924758,16.40070075268819,13.09275627144,1013.0106797715054,0.8480664934291666,0.2993261065169624
grid_m4.25_29.50,1977-08-01,23.41469169354841,16.64785237903228,27.6713371135,1012.2985072580645,1.0386557641020162,0.0887342343216398
grid_m4.25_29.50,1977-09-01,23.930044638888912,17.942211930555576,158.34665305466,1011.4652506250001,0.9126828019877777,-0.059221840496666664
grid_m4.25_29.50,1977-10-01,23.896120739247337,18.729037728494646,169.3735122665,1011.1460068548388,0.7963578006337769,0.18327446462096772
grid_m4.25_29.50,1977-11-01,22.115876833333356,18.810628861111134,614.5176886623,1012.1175407638888,0.13388064718778056,0.5318251931329167
grid_m4.25_29.50,1977-12-01,22.185427647849483,18.84405893817207,421.73242594538,1012.217001545699,0.10421843187916667,0.5358227763305108
grid_m4.25_29.50,1978-01-01,22.78397788978497,18.77369723118282,376.08003585432,1012.2966372311829,0.21209482992389517,0.3435020631649194
grid_m4.25_29.50,1978-02-01,23.015119761904785,19.26901505952383,396.96216580596,1011.7958320684523,0.2793056869372024,0.30807840292991073
grid_m4.25_29.50,1978-03-01,22.732647526881742,18.93830551075271,382.2441105739,1011.5011807795698,0.5074557016269355,0.04842011708771505
grid_m4.25_29.50,1978-04-01,22.107292972222243,19.292448444444467,691.4556019392,1011.5296143055556,0.10235536335358056,0.6223894509268055
grid_m4.25_29.50,1978-05-01,22.40426665322583,18.92785665322583,323.80080248348,1012.940813172043,0.8212465066941802,0.20676828106841397
grid_m4.25_29.50,1978-06-01,22.3984271527778,17.76703466666669,104.93421562740001,1013.9604701388889,0.995234997338889,0.08706208486277778
grid_m4.25_29.50,1978-07-01,22.3308859543011,16.13776216397852,16.77870750202,1013.2209506048388,0.8767195061173387,0.33570976516276885
grid_m4.25_29.50,1978-08-01,23.456937688172065,16.09777288978497,17.7373886687,1012.7334067876344,0.8828483912317205,0.0072106710241935466
grid_m4.25_29.50,1978-09-01,23.943812013888913,17.117185222222243,73.873758032,1011.5195863194446,0.9232918195377777,-0.15614387673806945
grid_m4.25_29.50,1978-10-01,23.567625228494645,18.385459556451636,195.72281857308,1010.7800898521506,0.6864035809435485,0.079272404278293
grid_m4.25_29.50,1978-11-01,22.031175222222245,18.68842480555558,540.1499265055199,1012.3322418055556,0.18744252540569445,0.82274388395625
grid_m4.25_29.50,1978-12-01,22.317311397849487,19.08476291666669,485.42404170926,1011.7327487231182,0.31712661354610217,0.28092948163293013
grid_m4.25_29.50,1979-01-01,22.306309905914,19.094798252688197,523.12874785696,1011.3613379032258,0.2449088148356183,0.5625936234951076
grid_m4.25_29.50,1979-02-01,23.316384330357167,18.85706410714288,207.87858945136,1011.102070610119,0.5873625622506399,0.07918707684642858
grid_m4.25_29.50,1979-03-01,22.895415927419375,19.37682111559142,495.3927979979,1011.2847756048387,0.17059902503615593,0.6612634981577956
grid_m4.25_29.50,1979-04-01,22.205325861111135,19.41650554166669,651.81708365356,1011.7887519444444,0.31927354658444446,0.5189288867923333
grid_m4.25_29.50,1979-05-01,22.085872526881744,19.165594973118303,520.47872433906,1013.5271388440859,0.5647997507984811,0.5103624799195698
grid_m4.25_29.50,1979-06-01,22.146759736111132,17.529168833333358,151.23391125016,1014.7518776388889,0.7503035442325,0.5616439186625
grid_m4.25_29.50,1979-07-01,22.25072169354841,16.628998629032278,40.8601760728,1015.2930038978495,0.8447304594893146,0.5290519933653226
grid_m4.25_29.50,1979-08-01,23.562717580645185,16.861714771505397,25.1326561554,1011.9321524193548,0.9136875483064516,0.16068466761935485
grid_m4.25_29.50,1979-09-01,24.428436972222244,16.99641362500002,34.95097154676,1011.4170849999999,1.125867462488889,-0.005808059983194442
grid_m4.25_29.50,1979-10-01,23.774740645161312,18.287710228494646,338.90390351992,1011.2065307795699,0.6860203780551614,0.08428592105107527
grid_m4.25_29.50,1979-11-01,22.79457516666669,19.085544972222245,368.83878737458,1010.8207561111111,0.18514118622402778,0.7442966677552778
grid_m4.25_29.50,1979-12-01,22.341738723118304,18.750344905914,491.12129330498,1012.4014936827956,0.14836680241182795,0.7000076136895161
grid_m4.25_29.50,1980-01-01,23.064479690860235,18.946383306451636,367.23423028932,1011.730201344086,0.18419522039314518,0.4965818269086022
grid_m4.25_29.50,1980-02-01,22.948664080459793,19.459690431034506,439.55183061004,1010.6440892241379,-0.06271395223376436,0.5874966144225575
grid_m4.25_29.50,1980-03-01,23.299692607526904,19.280999475806475,330.23738804398,1011.0270308467742,0.3224548839650538,0.42052211257822586
grid_m4.25_29.50,1980-04-01,22.845828430555578,19.50245105555558,409.83820013766,1011.501794375,0.19951657254583333,0.62691724613875
grid_m4.25_29.50,1980-05-01,22.31384981182798,19.16289501344088,426.1450768058,1013.3559088037633,0.4713768902293011,0.297498600347715
grid_m4.25_29.50,1980-06-01,22.862629777777798,17.943454402777803,86.85612665024,1014.2616743055555,0.7225819914684722,0.3735149597333334
grid_m4.25_29.50,1980-07-01,22.480980389784968,16.528929502688193,20.92981342974,1014.3678506048387,0.875684841080914,0.6136079406344086
grid_m4.25_29.50,1980-08-01,23.253021827957014,16.283144435483894,31.37397768884,1013.50530625,0.9132005206168011,0.270552718968414
grid_m4.25_29.50,1980-09-01,23.829383972222246,18.024624111111134,172.4259846584,1012.122424375,0.7701415890786111,0.011234134547222226
grid_m4.25_29.50,1980-10-01,23.47313170698927,18.29113423387099,264.647245163,1011.9561768817205,0.6325027295448925,0.2831252521138441
grid_m4.25_29.50,1980-11-01,22.40105569444447,18.668137500000025,470.74413272586,1011.9867514583334,0.28985315883819446,0.5568236254808194
grid_m4.25_29.50,1980-12-01,22.517657661290347,18.770597513440883,400.78258479284,1011.7235466397849,0.22839269394838707,0.4768653368833333
grid_m4.25_29.50,1981-01-01,22.64362237903228,18.9810146370968,434.11922485042,1012.1554526209677,0.007931431425806448,0.6693406045235215
grid_m4.25_29.50,1981-02-01,23.28687098214288,18.96598619047621,293.96796205782,1011.1191599702381,0.03790853064851191,0.4051655809151785
grid_m4.25_29.50,1981-03-01,22.812335887096797,19.278722405914003,488.94500767430003,1011.4250676747312,0.17248502391357529,0.5285241317840054
grid_m4.25_29.50,1981-04-01,22.618502069444467,19.482824111111135,414.09683134174,1012.0142868749999,0.29733640960069446,0.43716225098684725
grid_m4.25_29.50,1981-05-01,22.36463590053766,18.978943225806475,445.16682642216,1013.1022985887096,0.5320792043048388,0.1374630952161559
grid_m4.25_29.50,1981-06-01,22.896377958333353,17.966603013888914,74.52416429776,1014.1811647222222,0.6773619497210694,0.3806669875806945
grid_m4.25_29.50,1981-07-01,22.92068243279572,16.437475927419378,8.8083744111,1013.6283056451614,0.8304242185858871,0.3017572641370968
grid_m4.25_29.50,1981-08-01,23.146155873655935,17.25219846774196,133.46004466052,1012.766159610215,0.8077494094948038,0.0864365628103172
grid_m4.25_29.50,1981-09-01,23.566704138888912,17.679198361111133,130.4717065697,1012.0470753472223,0.6934265546972221,0.0029331100753333277
grid_m4.25_29.50,1981-10-01,23.039766626344107,18.790906518817227,390.27619414208,1011.5841262096775,0.35345192398655917,0.20716833198840054
grid_m4.25_29.50,1981-11-01,23.03639491666669,18.657099500000022,277.76646585678,1011.2089473611111,0.41273489232486116,0.38928231151347226
grid_m4.25_29.50,1981-12-01,22.515258346774214,19.063440067204326,522.50385171712,1012.0659585349462,0.0019976771950268872,0.6934058275744623
grid_m4.25_29.50,1982-01-01,23.046106384408628,19.101291975806475,322.13997735214,1011.1101688172043,0.06140048561045699,0.6222515926748655
grid_m4.25_29.50,1982-02-01,23.29997598214288,18.9878186011905,331.23278581144,1010.7583136160714,0.06528541622425596,0.5681931411215774
grid_m4.25_29.50,1982-03-01,23.29797043010755,19.50301341397852,382.95531249612,1010.8154301747311,0.026367585351962368,0.6381176844065323
grid_m4.25_29.50,1982-04-01,22.588205069444466,19.438015347222244,575.98877013636,1011.9640071527779,0.18524985998333332,0.5122259990948055
grid_m4.25_29.50,1982-05-01,22.235483172043033,19.183265067204324,541.67270667622,1013.0512137096774,0.33629089251403227,0.5208310365788978
grid_m4.25_29.50,1982-06-01,22.77064230555558,18.32907373611113,96.88496609042,1014.5812598611112,0.8340116346700001,0.20842865829222224
grid_m4.25_29.50,1982-07-01,22.41583870967744,17.161458252688195,49.8981474308,1014.2528817876345,0.8919672811606183,0.3954363175757325
grid_m4.25_29.50,1982-08-01,23.204993266129055,16.686047715053785,22.4404334643,1013.4106669354838,0.9429224693057795,0.12675357232740592
grid_m4.25_29.50,1982-09-01,23.83660681944447,18.000021875000023,149.46937565182,1012.14853125,0.9806908706713888,0.09746297197666666
grid_m4.25_29.50,1982-10-01,22.349467540322607,18.532436854838732,538.36083432604,1011.8089291666666,0.23529218761881718,0.5046965590705645
grid_m4.25_29.50,1982-11-01,22.453738625000025,18.762566736111136,402.42695881206,1011.9735129166667,0.2364409340167639,0.5514171184559722
grid_m4.25_29.50,1982-12-01,22.63651926075271,19.092664018817228,368.4763901594,1012.1762165994624,0.19814789609969086,0.4740216047639785
grid_m4.25_29.50,1983-01-01,23.08866649193551,19.329574032258087,433.89892563286,1012.7360686155914,0.08656896083413979,0.46471339372311826
grid_m4.25_29.50,1983-02-01,24.151604895833355,19.783567113095263,299.24535719086,1011.6316578869048,0.10931271746071428,0.3455129330907738
grid_m4.25_29.50,1983-03-01,23.679215739247333,20.1338510887097,431.34307891916,1011.8116038306451,-0.08144944814758065,0.5901872363830645
grid_m4.25_29.50,1983-04-01,22.871853333333355,19.89983229166669,582.36432116582,1012.2987764583334,0.03362057963170833,0.7076888181156944
grid_m4.25_29.50,1983-05-01,23.335828333333357,19.738843588709702,333.31680213204,1012.1807075940861,0.5675894815419356,0.24569028712432797
grid_m4.25_29.50,1983-06-01,23.683739333333353,18.4144114027778,56.49042146432,1013.3171308333334,0.9700835757841667,0.019785923018194443
grid_m4.25_29.50,1983-07-01,23.04388803763443,17.418123830645186,64.17798986236,1013.651443077957,0.9031393398579302,0.1815457156764785
grid_m4.25_29.50,1983-08-01,23.29650788978497,17.429824448924755,92.91219732862,1013.98684952957,0.8937914429548388,0.13815475761827958
grid_m4.25_29.50,1983-09-01,24.22515454166669,17.183889972222246,47.48535164268,1012.0549436805554,0.8162660400531945,-0.09877773014027777
grid_m4.25_29.50,1983-10-01,22.975068198924756,18.41471864247314,302.08492244792,1012.0752249999999,0.5424496855961022,0.13453493690752688
grid_m4.25_29.50,1983-11-01,23.009157666666688,18.5998079027778,234.78555657148,1012.9139826388889,0.3874160175020833,0.40820973705236113
grid_m4.25_29.50,1983-12-01,22.542728978494647,18.47774064516131,314.89777588316,1012.4508172715053,0.3218856192483871,0.5153234756353495
grid_m4.25_29.50,1984-01-01,22.261813844086046,18.239064663978517,359.82155795654,1011.5562881048387,0.3882116964014113,0.137469581619086
grid_m4.25_29.50,1984-02-01,23.210375761494273,18.57794794540232,307.3394293702,1009.9767919540229,0.09291234531801724,0.3137224125454454
grid_m4.25_29.50,1984-03-01,22.784884435483892,19.242070215053786,424.66664323054,1010.6871816532258,0.11697855231439651,0.5942536004543011
grid_m4.25_29.50,1984-04-01,22.47792587500002,19.086409611111133,453.07588622992,1011.6565834722223,0.20295861667805554,0.5245927590554167
grid_m4.25_29.50,1984-05-01,22.82036370967744,18.80747598118282,190.35172519756,1011.8951032930107,0.72025260192,0.49123792622311824
grid_m4.25_29.50,1984-06-01,22.21413766666669,17.598271722222243,111.33432372466,1014.1537950694444,0.9313351744741667,0.6667555802800972
grid_m4.25_29.50,1984-07-01,22.192736303763464,17.048966720430133,85.9589576897,1013.3219536290322,1.061402351362231,0.13617267395932797
grid_m4.25_29.50,1984-08-01,23.03867318548389,16.89413306451615,50.6532189611,1012.9430722446236,0.8477706081908601,0.057698566847177404
grid_m4.25_29.50,1984-09-01,24.033138972222247,17.1640657777778,53.99632440946,1010.9452183333334,0.9672102202258333,-0.10723073801111112
grid_m4.25_29.50,1984-10-01,23.046787446236582,18.64016618279572,476.88746483662,1011.4742356182795,0.558262814369086,0.10534372581102151
grid_m4.25_29.50,1984-11-01,21.989948472222245,18.70434638888891,581.48956327678,1012.0288747222222,0.15590459893958333,0.5820160129525
grid_m4.25_29.50,1984-12-01,22.172247379032278,18.674970833333354,545.69101403734,1010.8815011424731,0.11837651621657662,0.6295642445759408
grid_m4.25_29.50,1985-01-01,22.896274569892494,18.97437784946239,280.20477285076,1010.6134208333333,0.10772855179748657,0.6165416676701613
grid_m4.25_29.50,1985-02-01,22.868274880952402,18.181656815476213,188.41409712002,1011.051219717262,0.6088584486224107,0.24863574595431545
grid_m4.25_29.50,1985-03-01,22.904921908602173,19.219580672043033,456.90202707012,1010.6224080645162,0.3448897542166667,0.2719737432955645
grid_m4.25_29.50,1985-04-01,21.962153847222243,18.911597902777803,639.34564512378,1011.8843472916667,0.24107629449624998,0.47405488691311665
grid_m4.25_29.50,1985-05-01,22.10616686827959,18.740001935483892,394.32358748256,1012.7862350134409,0.5146373832446237,0.3557827233446237
grid_m4.25_29.50,1985-06-01,22.50973419444447,17.6184314027778,50.37188502624,1014.6087014583334,0.8528695630143056,0.2580681895764722
grid_m4.25_29.50,1985-07-01,21.995856357526904,16.39277657258067,35.67433353448,1014.3304817876343,0.9635303546766263,0.27745035563575265
grid_m4.25_29.50,1985-08-01,22.55144491935486,16.323564354838734,57.53016489236,1013.7969553763442,1.0086016500944892,0.12768484861276883
grid_m4.25_29.50,1985-09-01,23.121403555555577,17.538842722222245,148.52690687612,1011.6561545833334,1.1438974167518057,-0.6805059421083334
grid_m4.25_29.50,1985-10-01,23.173612392473142,18.304997594086043,344.7527894773,1011.081576344086,0.8260629310772849,-0.15593573666209679
grid_m4.25_29.50,1985-11-01,22.165328777777802,18.63160951388891,550.82297322632,1012.0046656944445,0.32589412976819443,0.43937437450372224
grid_m4.25_29.50,1985-12-01,22.183910201612925,18.96350732526884,831.36034133796,1011.5203790322581,-0.025285884109274195,0.5883158714596775
grid_m4.25_29.50,1986-01-01,22.55577848118282,18.677997701612927,477.18095827142,1011.9937574596773,0.2715446307587365,0.22831617397795698
grid_m4.25_29.50,1986-02-01,23.222564181547643,18.613328630952402,245.62287298178,1010.7977537202381,0.31494117769970237,0.34365229322447916
grid_m4.25_29.50,1986-03-01,22.67943418010755,19.00149177419357,404.63996017742,1011.1286977822581,0.057125747210215044,0.6218092919010753
grid_m4.25_29.50,1986-04-01,22.3101262777778,19.33582156944447,550.23932510866,1011.6156777777778,0.27648749773277775,0.4290245055929167
grid_m4.25_29.50,1986-05-01,22.262335860215078,19.195676841397873,398.17786186894,1013.2349064516129,0.5707455421380376,0.4576476108700941
grid_m4.25_29.50,1986-06-01,22.386159555555576,17.62256851388891,63.95959846638,1013.8852732638888,0.6923402986933334,0.5911607996448611
grid_m4.25_29.50,1986-07-01,22.397583373655937,15.79018473118282,12.97426226486,1015.1201464381721,0.8193000658629033,0.41816680680120966
grid_m4.25_29.50,1986-08-01,23.483354368279596,16.59271100806454,25.84958071418,1012.6413064516129,0.8389927634508064,0.08440401123123656
grid_m4.25_29.50,1986-09-01,23.63924688888891,17.168892250000024,117.06542980260001,1012.6341466666667,0.973318586591111,-0.22618876697722223
grid_m4.25_29.50,1986-10-01,23.048221989247335,18.755783951612926,394.40584139134,1012.0280420698924,0.5156655683563924,0.3728866362129032
grid_m4.25_29.50,1986-11-01,22.08340581944447,18.909587736111135,660.2463724403,1011.7820865277778,0.012376373597499997,0.6785703663025
grid_m4.25_29.50,1986-12-01,22.26117438172045,19.02561810483873,579.2949197348,1012.5260593413979,0.16463765810510753,0.4267999588336828
grid_m4.25_29.50,1987-01-01,22.91972594086024,18.945219583333355,354.68530684774,1012.6677105510753,0.3277246418002688,-0.007972471075537635
grid_m4.25_29.50,1987-02-01,23.455721413690497,19.302592767857167,322.41344429898,1012.1296,0.2842146325331845,0.1790613215453869
grid_m4.25_29.50,1987-03-01,23.632984637096797,19.479330188172067,335.0269785243,1010.6993540322582,0.24020877821966127,0.4001772061416667
grid_m4.25_29.50,1987-04-01,22.98742400000002,19.803651333333356,471.0276116478,1012.4690656944445,0.24542227993361113,0.4776757991226389
grid_m4.25_29.50,1987-05-01,22.73320422043013,19.464915107526902,461.09628546882,1012.8583393145161,0.4257833420502688,0.304839166114543
grid_m4.25_29.50,1987-06-01,23.121068958333357,17.855592388888912,42.05679901028,1014.6647747222222,0.7507903207172223,0.33028822809444447
grid_m4.25_29.50,1987-07-01,23.41931928763443,17.542638252688192,27.5394916382,1013.2241578629032,0.910636304981586,0.43759450632674735
grid_m4.25_29.50,1987-08-01,23.59030239247314,17.529372755376365,59.76533888124,1013.0001335349463,1.1287643265517473,0.05973030404833332
grid_m4.25_29.50,1987-09-01,24.171847847222246,18.462253180555575,137.03179345208,1012.0608016666666,0.8519523404465278,-0.2381362074425
grid_m4.25_29.50,1987-10-01,23.485940631720453,19.19227165322583,326.75528510038,1011.7405480510752,0.5221062301300942,0.22285373111787637
grid_m4.25_29.50,1987-11-01,23.204249833333353,19.145883958333357,393.84222035922,1012.1131783333334,0.5778283658274223,0.24601662980119998
grid_m4.25_29.50,1987-12-01,23.51434229838712,19.587777325268842,328.0072207429,1012.3386688172043,0.17657263484932795,0.7637615815737904
grid_m4.25_29.50,1988-01-01,23.142598185483894,19.205738965053786,404.79254786174,1011.7865534946236,0.1531857303737769,0.46389916055497316
grid_m4.25_29.50,1988-02-01,23.69638192528738,19.710072643678185,339.6530146907,1010.5231227011494,0.1132340240933908,0.5696295382090517
grid_m4.25_29.50,1988-03-01,23.750922822580666,19.571641922043035,346.79913498226,1011.7899530913979,0.32080886778091394,0.22371382399556453
grid_m4.25_29.50,1988-04-01,22.937134805555576,19.946226319444467,566.11013425506,1011.6958634027778,0.10509830599981945,0.5835319504905973
grid_m4.25_29.50,1988-05-01,22.887746881720453,19.537038293010774,333.72926738796,1013.4559635080645,0.7973079672418011,0.3667513934880376
grid_m4.25_29.50,1988-06-01,23.057421194444466,18.250692111111135,93.53041659914,1013.7289548611111,0.9122335645672223,0.30946981718541666
grid_m4.25_29.50,1988-07-01,23.027750376344105,16.868887768817228,35.28356567902,1013.6818913306452,0.9922116385663172,0.12179323474712365
grid_m4.25_29.50,1988-08-01,23.136771532258084,17.44145159946239,86.78007143928,1012.7087090053762,1.1555629038571236,-0.08780307146586022
grid_m4.25_29.50,1988-09-01,23.72336933333336,18.167961847222244,147.32456271572,1011.3298707638888,0.8881183705986111,-0.22343785991666668
grid_m4.25_29.50,1988-10-01,23.28394654569895,18.827377043010777,269.23394248574,1010.890094623656,0.7854358102244623,0.06033271853844086
grid_m4.25_29.50,1988-11-01,22.40664355555558,18.99681404166669,461.78102438794,1012.4363347222222,0.30198815664805556,0.7084774860641667
grid_m4.25_29.50,1988-12-01,21.86188185483873,18.91083544354841,563.37881106618,1011.5671249327957,-0.0040204268818548414,0.8454057428887499
grid_m4.25_29.50,1989-01-01,22.359209919354864,18.354117002688195,237.81704900809999,1011.6273475134409,0.22726696835165325,0.4659292766959678
grid_m4.25_29.50,1989-02-01,22.701289627976212,18.721917767857164,388.74745332226,1012.12949375,0.21796408164157738,0.10367445655758929
grid_m4.25_29.50,1989-03-01,22.952410094086044,18.778525927419377,336.91430141238,1010.7000996639786,0.25275138111383466,0.395867645325
grid_m4.25_29.50,1989-04-01,22.394686458333357,19.23498063888891,419.62671281636,1011.8577772916667,0.3368915347502778,0.5206941396343056
grid_m4.25_29.50,1989-05-01,22.04279868279572,18.984012956989268,475.63552804018,1013.9754933467742,0.5437109538925,0.41986450155067206
grid_m4.25_29.50,1989-06-01,22.459590083333357,18.04270404166669,63.12632564936,1014.7092486111111,0.8713822913325971,0.47037302609236115
grid_m4.25_29.50,1989-07-01,22.449637647849485,16.512036142473143,24.77049821276,1014.7856821236559,0.9074237766857527,0.3202309743805108
grid_m4.25_29.50,1989-08-01,23.034124717741957,16.553009583333356,37.2228621913,1013.2733543010753,0.9317400333960619,0.1893764210222043
grid_m4.25_29.50,1989-09-01,23.698675847222244,17.979562194444465,106.86230697032,1011.1173002777778,0.8549624553113888,-0.10953417882541668
grid_m4.25_29.50,1989-10-01,23.254231317204322,18.471934583333358,351.24301885676,1011.8326584005376,0.6166336095578845,0.20698030554180108
grid_m4.25_29.50,1989-11-01,22.927896722222243,19.345950402777802,476.2511245815,1011.6081963888888,0.43711441802083334,0.39227301241
grid_m4.25_29.50,1989-12-01,22.69503540322583,19.260455819892496,404.64281958648,1012.1296584677418,0.22171767128494627,0.3075869154224462
grid_m4.25_29.50,1990-01-01,22.911121491935504,19.285183091397872,492.59424136178,1011.6666735887096,0.21269109974811828,0.5249140544129973
grid_m4.25_29.50,1990-02-01,23.28478273809526,19.12267525297621,318.51482373894,1011.9887223958334,0.24443866974895836,0.48606911089315474
grid_m4.25_29.50,1990-03-01,23.039773333333354,19.56619485215056,486.69695821332,1012.8471212365592,0.26192045673830644,0.2710415627765538
grid_m4.25_29.50,1990-04-01,23.363993333333358,19.85039929166669,324.48697113598,1011.5225024305556,0.31541718400847224,0.5153988109526388
grid_m4.25_29.50,1990-05-01,22.757665268817227,19.47294537634411,437.27302544922,1013.0775193548387,0.4514742623808602,0.4387677255230443
grid_m4.25_29.50,1990-06-01,23.250536333333358,18.007053763888912,71.86222080984,1014.4437676388889,0.9567271328979583,0.25316471395972223
grid_m4.25_29.50,1990-07-01,22.985131424731208,15.85314680107529,7.43770598942,1014.1866274865592,0.9409625347246707,0.33869040418333335
grid_m4.25_29.50,1990-08-01,23.16306298387099,16.671745712365613,28.2552242078,1014.196020766129,1.032242827731613,0.1768900357485215
grid_m4.25_29.50,1990-09-01,23.476600416666688,17.753900305555575,243.49069720834,1012.6207701388889,0.9279462809040278,-0.01929431882548611
grid_m4.25_29.50,1990-10-01,23.86223692204303,18.476511706989267,195.0860025338,1011.5507317876344,0.7448984046473119,0.17931138135728494
grid_m4.25_29.50,1990-11-01,22.889969222222245,19.374260111111134,483.29854042782,1011.7357304166666,0.2614094201111111,0.4706247341364167
grid_m4.25_29.50,1990-12-01,22.66820112903228,19.169368723118303,394.27566481702,1011.8183010752688,0.2636967316436828,0.665597156217742
grid_m4.25_29.50,1991-01-01,23.12752974462368,19.29806666666669,360.08024254814,1012.1424457661291,0.11588272859727151,0.5159493318950269
grid_m4.25_29.50,1991-02-01,23.77804873511907,19.51143541666669,293.04575944506,1011.8043141369047,0.05768031265863095,0.4509307775126488
grid_m4.25_29.50,1991-03-01,23.665337594086044,19.77357815860217,354.27951815954,1010.8953320564516,0.26364408567567205,0.5362518896448925
grid_m4.25_29.50,1991-04-01,22.49299141666669,19.536977694444467,600.67844300846,1012.1828934027778,0.26654044200856947,0.5018848824959723
grid_m4.25_29.50,1991-05-01,22.4531859543011,19.520805577957013,622.1370692411,1012.9172548387096,0.4480870771331989,0.32792839971518817
grid_m4.25_29.50,1991-06-01,23.532767916666693,18.572953666666688,70.90377847748,1013.4920484027779,0.8249589685958333,0.10650949160833334
grid_m4.25_29.50,1991-07-01,22.371979462365616,17.216421263440882,77.40592933706,1015.0416565188173,0.8884069997859947,0.30924751286596774
grid_m4.25_29.50,1991-08-01,23.442517661290346,16.779491612903247,39.0224458049,1013.9792603494624,0.9628424882123656,0.029480638787903225
grid_m4.25_29.50,1991-09-01,24.23391881944447,17.558423402777798,50.93717555194,1012.376272638889,0.8949075491505555,0.007724803556944446
grid_m4.25_29.50,1991-10-01,22.467927782258087,18.328237674731206,379.67705740446,1012.1022756048387,0.4291549993205645,0.2967752838261962
grid_m4.25_29.50,1991-11-01,22.6303637777778,18.742890402777803,381.42442698794,1012.1576724305555,0.3140726515415,0.5502073919727778
grid_m4.25_29.50,1991-12-01,22.631104072580666,18.881488682795723,368.98684442816,1012.1168141801076,0.34019923376228495,0.26616246225904566
grid_m4.25_29.50,1992-01-01,22.93976536290325,19.060326384408626,385.22124313716,1012.1771983198925,0.16066594169741935,0.4939178964261424
grid_m4.25_29.50,1992-02-01,23.339502744252894,19.10002872126439,359.78865630458,1012.4208311781609,0.21052167741123562,0.24097094091020116
grid_m4.25_29.50,1992-03-01,23.68744932795701,19.716089045698947,448.06766568136,1011.1444174059139,0.3938522961008064,0.3959520608977151
grid_m4.25_29.50,1992-04-01,22.877620597222247,19.711696472222243,625.45871810716,1011.9397283333333,0.16356889902472224,0.5594703475059722
grid_m4.25_29.50,1992-05-01,22.777691330645183,19.327310309139808,306.9758421559,1012.8574669354838,0.6784099639184946,0.31419989129005377
grid_m4.25_29.50,1992-06-01,22.9337516527778,18.264517680555578,191.29848473976,1013.691791111111,1.0058160981394444,-0.07877055278769445
grid_m4.25_29.50,1992-07-01,22.63485736559142,16.076595698924756,17.860412712,1014.9210484543012,0.8408492675642742,0.2943390665990591
grid_m4.25_29.50,1992-08-01,23.096730107526906,15.282856048387119,2.56633758888,1014.4737735887096,0.7440257550140995,0.4175673052053763
grid_m4.25_29.50,1992-09-01,23.84036980555558,17.439903125000022,55.02223974822,1011.5333626388889,1.10953322544625,-0.06963761662541666
grid_m4.25_29.50,1992-10-01,23.514236774193574,18.397482177419377,173.0780597199,1011.6282762768817,0.6202523000083333,0.26732461247069894
grid_m4.25_29.50,1992-11-01,22.554728555555577,18.488528694444465,447.28898982396,1011.5959991666666,0.5342636450494445,0.11750168090013889
grid_m4.25_29.50,1992-12-01,22.378769919354866,18.882364005376367,481.98270920804,1012.1422764112903,0.17633327427332793,0.457332447575
grid_m4.25_29.50,1993-01-01,22.44574447580647,18.807217338709698,421.46587371072,1012.5320495967742,0.19670730548024193,0.5198241412224865
grid_m4.25_29.50,1993-02-01,23.009346562500024,18.827365580357167,329.17165788776,1011.8239986607143,0.29390657846510415,0.2108521465328125
grid_m4.25_29.50,1993-03-01,23.175907728494646,19.07672724462368,409.99364815591997,1012.1068235215054,0.020022279401344087,0.42617695305403225
grid_m4.25_29.50,1993-04-01,22.537484013888914,19.494161375000026,667.19865789966,1011.900435625,0.15745936706569444,0.4660521406308333
grid_m4.25_29.50,1993-05-01,23.02464412634411,19.461333776881744,388.3676535868,1012.4589012096774,0.5686383593596774,0.11614356084045699
grid_m4.25_29.50,1993-06-01,23.19444783333336,17.629677083333355,49.708843287440004,1014.2971506944446,0.955297745738611,0.19534867534555553
grid_m4.25_29.50,1993-07-01,22.799877486559165,15.656154072580668,4.8718452476,1014.6633102822582,0.7491986476641264,0.5638193301422043
grid_m4.25_29.50,1993-08-01,23.258160766129055,16.606680752688195,41.39089591304,1014.0282452284946,0.970113673397594,0.0940734711579301
grid_m4.25_29.50,1993-09-01,23.97133375000002,16.795427986111132,28.96857247962,1012.2327350694444,0.8886040606366666,0.19208869794358335
grid_m4.25_29.50,1993-10-01,24.23155130376346,18.44412474462368,218.70112433504,1011.4087793010752,0.9220029769872446,0.16520879414474463
grid_m4.25_29.50,1993-11-01,22.994990208333355,19.081415888888912,365.17047784694,1011.0323894444444,0.4571649339168055,0.4817776674416666
grid_m4.25_29.50,1993-12-01,23.10646548387099,19.120249865591422,282.22942358686,1011.5117515456989,0.058601744855107524,0.7737350657215054
grid_m4.25_29.50,1994-01-01,23.26711668010755,18.907158279569913,309.76462393511997,1011.014990860215,0.24502965427688173,0.3807482356767473
grid_m4.25_29.50,1994-02-01,23.437319955357165,18.729684136904787,256.67142821942,1011.6922671875,0.37810961404955357,0.11873424780446427
grid_m4.25_29.50,1994-03-01,23.375480268817228,19.517297298387117,357.07020785536,1011.8489100806452,0.1989149558548387,0.40574783273252685
grid_m4.25_29.50,1994-04-01,22.7103274027778,19.538670472222243,570.99795431146,1011.8386613194444,0.27325431123125,0.43651977107902773
grid_m4.25_29.50,1994-05-01,22.853545806451635,19.201444448924754,425.8179661551,1013.2639,0.644655503477285,0.2143531106579301
grid_m4.25_29.50,1994-06-01,23.190038097222246,17.599058347222243,34.9659920312,1013.5689006250001,0.8936009935258332,0.22634181836791667
grid_m4.25_29.50,1994-07-01,22.63412407258067,16.67973114247314,61.10572805146,1014.403663844086,0.8988162834758064,0.2574975829448925
grid_m4.25_29.50,1994-08-01,23.389321962365617,16.187010040322605,16.9830322696,1013.0836933467741,0.9403952944216398,0.2604458107973118
grid_m4.25_29.50,1994-09-01,24.150733958333355,17.691637694444466,77.0154002214,1012.1637730555556,1.0540273640366666,0.15191004023555557
grid_m4.25_29.50,1994-10-01,22.806457728494646,18.408951922043034,403.21803139726,1011.5761496639785,0.3671879512049731,0.2726849984267473
grid_m4.25_29.50,1994-11-01,22.70038905555558,18.8679652777778,428.54332929843997,1011.9669871527777,0.37005731651236107,0.5266783835101388
grid_m4.25_29.50,1994-12-01,22.254502096774218,19.38423918010755,627.33078118092,1012.7889841397849,0.01701051426962365,0.804232402453629
grid_m4.25_29.50,1995-01-01,23.124699516129052,19.06855424731185,348.03605045951997,1012.5400461693548,0.3194380532028226,0.33507131788709676
grid_m4.25_29.50,1995-02-01,23.33726311011907,18.8051529761905,261.28125208978,1012.3494330357144,0.3864885286889881,0.2635533019136161
grid_m4.25_29.50,1995-03-01,23.18029426075271,19.38399799731185,402.37140681992,1011.6461831989246,0.21270606309919354,0.5701039012810484
grid_m4.25_29.50,1995-04-01,22.607770250000023,19.67814938888891,697.11589786258,1011.1922815972223,0.22370143754180558,0.41609857393638894
grid_m4.25_29.50,1995-05-01,22.767846330645185,19.40776686827959,340.25263798572,1012.8880624999999,0.6677084101634408,0.3023848518092742
grid_m4.25_29.50,1995-06-01,23.392538458333355,18.105363055555582,86.29179014448,1013.3215623611111,0.8178212065202778,0.11846389847125
grid_m4.25_29.50,1995-07-01,23.00814498655916,16.615216935483893,22.78971677104,1012.9073543682797,0.8805463226934678,0.34123669035772847
grid_m4.25_29.50,1995-08-01,23.52690932795701,16.437840147849485,14.08267022144,1012.923825873656,0.9872794420961022,0.2241224259379032
grid_m4.25_29.50,1995-09-01,24.334666777777798,17.204963513888913,60.50109857076,1012.2615314583333,1.00245049713,-0.09050125556966111
grid_m4.25_29.50,1995-10-01,23.64304430107529,18.5272448387097,238.60621429554,1010.898292405914,0.6874181887251263,0.1557508690876344
grid_m4.25_29.50,1995-11-01,23.490603722222243,18.758449069444467,178.1258584515,1011.3624672222223,0.5694453136763888,0.44772071916805556
grid_m4.25_29.50,1995-12-01,22.997782432795724,18.68540670698927,271.09098377598,1012.2425262768818,0.2963199812919489,0.5457657132882312
grid_m4.25_29.50,1996-01-01,23.01754708333336,18.84404431451615,376.0001653392,1010.791720766129,0.1256543664070699,0.3967713583416129
grid_m4.25_29.50,1996-02-01,23.388589870689678,18.94752909482761,306.0235974297,1010.443011637931,0.14991707578155172,0.2909602239843391
grid_m4.25_29.50,1996-03-01,23.009783252688194,19.545317741935506,608.01482030784,1010.7590859543011,0.04885345683314919,0.5052656367481183
grid_m4.25_29.50,1996-04-01,22.47455737500002,19.362321708333354,433.65430858508,1011.9393531944444,0.4166718166758333,0.5900434062475
grid_m4.25_29.50,1996-05-01,23.061390107526908,19.295576344086044,263.52357891382,1012.6388801747311,0.7884974525727151,0.31605845923508064
grid_m4.25_29.50,1996-06-01,23.157319430555578,16.555656750000022,19.14834975036,1013.707638125,0.8861861550301389,0.27872348240416667
grid_m4.25_29.50,1996-07-01,22.89533393817207,15.88965669354841,11.75403592088,1014.2665632392474,0.7924650884544355,0.3914586357830645
grid_m4.25_29.50,1996-08-01,23.762470887096796,15.676115900537656,6.08634943478,1012.6263911962365,0.8305199311806184,-0.025411625274193547
grid_m4.25_29.50,1996-09-01,23.968317319444466,17.57160968055558,75.9315492493,1011.3654202083333,0.7315739314372222,-0.011736170995694446
grid_m4.25_29.50,1996-10-01,23.47364647849465,18.182251626344108,222.54085589334,1011.4710086693548,0.7783257696634812,-0.15500253103575268
grid_m4.25_29.50,1996-11-01,23.09900805555558,18.6847185277778,283.10298873204,1010.7636266666667,0.3994452789190278,0.5352268839812501
grid_m4.25_29.50,1996-12-01,22.992846814516152,18.82676301075271,346.41480394352,1011.7053016129032,0.08101537126236559,0.7098716830880376
grid_m4.25_29.50,1997-01-01,23.064617943548413,18.985731612903248,367.08021097602,1011.4529745967742,0.033620876410577955,0.5982791318700269
grid_m4.25_29.50,1997-02-01,23.04481772321431,18.625308407738117,338.75465319916,1011.9052665178572,0.014875026202380948,0.378408658371875
grid_m4.25_29.50,1997-03-01,23.149897110215075,19.545442580645183,559.72576119886,1010.9109037634408,0.2720549809938172,0.32060969731747313
grid_m4.25_29.50,1997-04-01,22.45857318055558,19.09594679166669,518.3143624577,1012.714261388889,0.29167228299468057,0.45966288283444445
grid_m4.25_29.50,1997-05-01,22.727807513440883,18.79871928763443,293.5383316553,1013.960608266129,0.6326964634058696,0.1598889323335484
grid_m4.25_29.50,1997-06-01,23.181089500000024,18.006199361111136,54.98838422936,1013.367725625,0.9305825557390557,0.12120516079819446
grid_m4.25_29.50,1997-07-01,22.745955739247336,16.4147812903226,37.57667544918,1015.1068563844086,0.9322395942538979,0.39159701485696236
grid_m4.25_29.50,1997-08-01,24.03813623655916,16.062535309139808,6.00719457548,1013.8392056451612,0.8578977290838038,0.13438202242271505
grid_m4.25_29.50,1997-09-01,24.970557236111134,17.11194576388891,30.9395788964,1011.6000195138889,0.9947660424639819,0.2644897453298611
grid_m4.25_29.50,1997-10-01,23.46382678763443,18.640328978494647,564.01681905358,1011.9004364247312,0.6824795508037634,0.3274359746159005
grid_m4.25_29.50,1997-11-01,22.829700222222243,19.190650125000023,528.92160448398,1011.9051394444444,0.42114493248625,0.38552661701881946
grid_m4.25_29.50,1997-12-01,22.39901966397852,18.998904314516153,435.60075819512,1013.0549055107527,0.42912099736209675,0.4740461122529435
grid_m4.25_29.50,1998-01-01,23.01369034946239,19.795818024193572,687.26277325852,1012.2716118951612,0.2729050828094086,0.39214101306088706
grid_m4.25_29.50,1998-02-01,24.120222455357165,19.75427629464288,318.670273327,1013.2753750744048,0.5079162458230952,-0.032300131724404754
grid_m4.25_29.50,1998-03-01,23.7091497043011,20.41116599462368,606.54544911748,1011.8387448924731,0.0983847945202957,0.4983430683752688
grid_m4.25_29.50,1998-04-01,23.4056324027778,20.363278111111136,498.0239866078,1012.5678972222223,0.2705701534713889,0.66891507013
grid_m4.25_29.50,1998-05-01,23.877093830645183,19.580714489247335,180.03034576158,1013.5480316532257,0.6720872684838709,0.3420740160537635
grid_m4.25_29.50,1998-06-01,23.59486363888891,18.081413805555577,51.83124559632,1014.8776007638888,0.9098613501325,0.3228211829386111
grid_m4.25_29.50,1998-07-01,23.08649110215056,16.124304650537656,8.03518297026,1014.3107951612902,0.7674925546487904,0.5582339573538978
grid_m4.25_29.50,1998-08-01,23.52309619623658,16.80194215053766,29.45709244652,1012.8946877688172,0.8989080689201612,0.31259704935389787
grid_m4.25_29.50,1998-09-01,24.240783888888913,17.757031583333355,82.51237896134,1011.9525139583333,1.0207395778095834,-0.04651158628333333
grid_m4.25_29.50,1998-10-01,24.308561586021526,17.991659422043035,107.00297363818,1011.574266061828,0.7687809134768816,0.22119175536908603
grid_m4.25_29.50,1998-11-01,23.773382736111135,18.742571388888912,246.96063944256,1010.7651006944445,0.6662645572345833,0.34768091783541666
grid_m4.25_29.50,1998-12-01,22.907146384408627,18.8795983870968,354.61902619366,1011.7563778897849,0.019122071780645164,0.922170576917742
grid_m4.25_29.50,1999-01-01,22.910977405914,18.937369422043034,409.59548929144,1010.784716532258,0.10820828025698925,0.6061130435942205
grid_m4.25_29.50,1999-02-01,23.952854955357164,19.1734423809524,203.4475803375,1010.3344568452382,0.291581023838244,0.7814024957116071
grid_m4.25_29.50,1999-03-01,22.87383419354841,18.845252594086045,481.21047177554,1010.3601076612903,0.1446986461576613,0.5675663077567205
grid_m4.25_29.50,1999-04-01,22.20349238888891,19.089295472222243,535.05015334044,1012.6217303472222,0.3311984590359722,0.5576282359808333
grid_m4.25_29.50,1999-05-01,22.58790053763443,18.568750806451636,268.32199062956,1013.1720318548387,0.8212039484807796,0.3220237190138441
grid_m4.25_29.50,1999-06-01,22.82733629166669,17.002240625000024,35.00175476412,1013.6035296527778,0.953347205330875,0.4241543872278472
grid_m4.25_29.50,1999-07-01,22.42206529569895,15.494794784946258,15.1064396153,1014.5202207661291,0.9458826736409544,0.533007898253992
grid_m4.25_29.50,1999-08-01,22.811796814516153,16.947137580645187,77.33678815264,1013.6439438844086,1.0382687556067702,-0.2113537740419355
grid_m4.25_29.50,1999-09-01,23.53448922222224,17.275368430555577,111.33718536708,1011.4833521527778,0.8545069578154166,0.04054005952575
grid_m4.25_29.50,1999-10-01,23.596571975806476,17.976019784946256,161.07726123044,1011.3534836693548,0.8498130723168011,0.2813067074990591
grid_m4.25_29.50,1999-11-01,22.492097222222245,18.484783361111134,535.19177452114,1011.599961111111,0.36206186718805555,0.6780443194096945
grid_m4.25_29.50,1999-12-01,22.407515120967766,18.609871330645184,420.84932346158,1011.6699556451614,0.33174367118230375,0.4137129222170699
grid_m4.25_29.50,2000-01-01,23.003585658602173,18.921880094086045,300.4238600667,1010.2174663978495,0.017472758553709673,0.6784927624068549
grid_m4.25_29.50,2000-02-01,23.33303982758623,18.86400652298853,196.43831216894,1011.4077818965517,0.06507866832695403,0.8192128145093391
grid_m4.25_29.50,2000-03-01,22.70524584677422,19.028565806451635,578.67741605514,1010.8934428091397,-0.05977640840727285,0.6332431710670295
grid_m4.25_29.50,2000-04-01,22.692331458333356,19.134169569444467,337.68439267002,1011.5686061805555,0.38999432418597224,0.36156228463180556
grid_m4.25_29.50,2000-05-01,23.74266248655916,18.642941384408626,93.62554567836,1012.3337409274194,0.9183641249658602,0.2698381343603494
grid_m4.25_29.50,2000-06-01,22.993626416666693,16.865352361111135,37.8208160457,1013.8667242361112,1.0295849051458332,0.37220298401625
grid_m4.25_29.50,2000-07-01,22.599212244623676,14.734330040322604,3.31830978266,1013.4100973790323,0.7163557631658602,0.6726760657532258
grid_m4.25_29.50,2000-08-01,23.19281092741938,16.284276532258087,23.68998514818,1013.2905701612904,0.9637013907253361,0.15936324495483872
grid_m4.25_29.50,2000-09-01,24.610935222222245,16.27180288888891,25.59924126578,1010.7633067361112,0.9762443972480556,0.21172383745916667
grid_m4.25_29.50,2000-10-01,23.82109860215056,18.117973360215075,226.76157910824,1011.4211495295699,0.9853610168605241,0.025356822664381717
grid_m4.25_29.50,2000-11-01,22.8773456527778,18.749060722222247,346.60911497454,1010.9621390972222,0.5328217177777778,0.28012832983583336
grid_m4.25_29.50,2000-12-01,22.458676626344108,18.69389362903228,429.85272391002,1012.3186211021505,0.2441303896438172,0.5023485197623656
grid_m4.25_29.50,2001-01-01,22.34324922043013,18.226584663978517,380.0942900515,1012.1770313844086,0.4163274058663979,0.0342400256
grid_m4.25_29.50,2001-02-01,22.87183430059526,18.856189330357168,350.530624181,1011.2359834077381,0.1344216893970238,0.5802475614022322
grid_m4.25_29.50,2001-03-01,22.811889543010775,18.984167258064538,450.89244859458,1011.702834811828,-0.01760201764206989,0.5788951384409946
grid_m4.25_29.50,2001-04-01,22.508326694444467,19.266011111111133,384.25183303338,1012.2250253472222,0.4184685815726389,0.3933888960065278
grid_m4.25_29.50,2001-05-01,22.626145766129056,18.925639704301098,377.6421533061,1013.5859123655914,0.6751937872737903,0.3475071322494624
grid_m4.25_29.50,2001-06-01,22.5302402777778,17.357939916666687,83.78910997128,1014.3621227777778,0.9404678147959722,0.2598016326211111
grid_m4.25_29.50,2001-07-01,22.559447352150563,16.365267486559162,38.581371422,1014.1866049059139,0.8165806391196236,0.3468552853689516
grid_m4.25_29.50,2001-08-01,23.382491706989267,16.261060255376368,12.718915889,1013.8099601478494,0.7105641892962365,0.03349800394072581
grid_m4.25_29.50,2001-09-01,23.828032305555578,17.315864166666692,108.40988195008,1011.5893684027778,0.7045203524888889,-0.07997061417347223
grid_m4.25_29.50,2001-10-01,23.835912244623678,18.445886491935507,191.5178300821,1011.741627016129,0.8236751717657259,-0.08970203361209676
grid_m4.25_29.50,2001-11-01,23.084984041666694,18.729816861111136,343.4731947136,1012.0133815972222,0.5307738402715277,0.2925321560098611
grid_m4.25_29.50,2001-12-01,22.973939032258087,19.279605954301097,413.50722309396,1011.7939616263441,0.13101309612901882,0.7662198047387635
grid_m4.25_29.50,2002-01-01,22.56838251344088,18.87027677419357,452.12864862322,1012.4734315860214,0.30910847823508064,0.4306880580810484
grid_m4.25_29.50,2002-02-01,23.30236139880955,19.459027366071453,338.63759036718,1011.9939211309525,0.17310112996592264,0.5584521057446429
grid_m4.25_29.50,2002-03-01,22.94061279569895,19.370975201612925,467.82684470852,1011.5677018145161,0.11041372487674732,0.5388452252205241
grid_m4.25_29.50,2002-04-01,22.442133097222246,19.496939583333358,601.2473104550199,1011.1921854861112,0.23077331203291665,0.5731071059616251
grid_m4.25_29.50,2002-05-01,23.144183172043032,19.12000724462368,182.69586612934,1013.2866778225807,0.7694623594591398,0.47968647062905917
grid_m4.25_29.50,2002-06-01,23.008891166666686,17.556170125000023,21.4486122318,1014.5870636805556,0.9574019330325,0.6122346199129167
grid_m4.25_29.50,2002-07-01,23.394745067204322,16.94313791666669,13.88263702542,1014.3743398521506,0.9909461868231989,0.35698164614125
grid_m4.25_29.50,2002-08-01,23.39820041666669,16.379577647849484,18.33248140178,1013.6845680107527,0.9856982500035618,0.3899562797299731
grid_m4.25_29.50,2002-09-01,24.28515454166669,17.294904458333356,52.26826632258,1012.2036574305556,1.0553196160512501,0.27930749198000415
grid_m4.25_29.50,2002-10-01,23.97398408602153,18.15080931451615,218.27364027229999,1010.9817813844087,0.8305180255798388,0.16560905242661292
grid_m4.25_29.50,2002-11-01,22.7722895277778,18.868229347222247,327.9745581394,1012.4821374305557,0.2851525628277778,0.7872921008065278
grid_m4.25_29.50,2002-12-01,22.89097928763443,19.112132123655936,363.91973501536,1012.9180671370967,0.23257804133258067,0.5704478980728495
grid_m4.25_29.50,2003-01-01,23.318544086021525,19.076659556451638,317.28696846102,1012.7681632392473,0.17980104292083335,0.5854794073780913
grid_m4.25_29.50,2003-02-01,24.406038125000027,19.302875758928593,161.48757960742,1011.2153866071428,0.2392455032157738,0.6236864446055357
grid_m4.25_29.50,2003-03-01,23.921056491935506,19.572324663978517,249.58515159088,1011.1213137096775,0.2972904746575269,0.6395958100137097
grid_m4.25_29.50,2003-04-01,22.924359638888912,19.5304850277778,530.2734362908,1012.0999853472222,0.24567353938033334,0.5633471379901389
grid_m4.25_29.50,2003-05-01,23.316335685483892,19.003186236559163,174.73793043446,1013.3622620295699,0.6664083140217608,0.12095945528588709
grid_m4.25_29.50,2003-06-01,22.77130879166669,17.779724750000025,82.89957058988,1013.715815138889,0.9127621336741806,0.34730947910972226
grid_m4.25_29.50,2003-07-01,22.2851996370968,16.180935255376365,30.39431579522,1015.0890864919355,0.7531394146383065,0.5351855164358602
grid_m4.25_29.50,2003-08-01,23.708319704301097,15.593303172043033,4.8270225585,1013.1697649193549,0.725888589953629,0.3059908341702957
grid_m4.25_29.50,2003-09-01,24.124381097222244,17.75113141666669,112.72025135944,1012.319848263889,0.9997672620840278,-0.098350947385
grid_m4.25_29.50,2003-10-01,24.052757768817226,18.439378077957013,249.86696274678,1011.1015465053763,0.7593868416127688,-0.08226027388834678
grid_m4.25_29.50,2003-11-01,23.586361833333356,18.886965611111137,286.07201605624,1010.9571115277777,0.3945446635443333,0.53874855057875
grid_m4.25_29.50,2003-12-01,22.905178615591424,19.16335987903228,469.38133305586,1012.1143696908603,-0.06656480588951613,0.8376512627310483
grid_m4.25_29.50,2004-01-01,23.477126263440883,19.496176155914,329.07772018586,1010.9781688172043,0.16037879427916665,0.6776340420034946
grid_m4.25_29.50,2004-02-01,23.410110502873586,19.322716882183933,270.96509942126,1012.0937983477012,0.12306520325785919,0.8294232445729884
grid_m4.25_29.50,2004-03-01,23.428751975806474,19.675018938172066,421.16904202492,1011.437065389785,0.19222263649314514,0.47511949973583334
grid_m4.25_29.50,2004-04-01,22.609445416666688,19.4597757777778,418.96486218968,1012.4948632638889,0.3833410477677778,0.5917827397544444
grid_m4.25_29.50,2004-05-01,23.175661344086045,18.640377459677442,74.39422617586,1013.7658682123655,0.9101562115166667,0.40143576056720426
grid_m4.25_29.50,2004-06-01,22.5129685277778,17.115856944444467,36.66543949574,1015.9770946527777,1.0185465194986112,0.6332638585452778
grid_m4.25_29.50,2004-07-01,22.58751848118282,15.971649905914001,7.31086727988,1014.1647647849462,0.815120881394086,0.7135443950188172
grid_m4.25_29.50,2004-08-01,23.618853911290344,16.016133104838733,18.05973054188,1013.6737956989248,0.8057088550547044,0.21219807421034947
grid_m4.25_29.50,2004-09-01,23.578077819444463,17.534869666666687,128.25250594592,1012.1284186111111,0.899476262198125,-0.09500567036373611
grid_m4.25_29.50,2004-10-01,23.868135107526903,18.680194287634432,231.51540730706,1011.4298606854838,0.7539814778726694,0.2330252949130376
grid_m4.25_29.50,2004-11-01,23.02354418055558,18.950459500000022,334.03778064694,1011.8061542361112,0.2310593508675,0.6634256787863889
grid_m4.25_29.50,2004-12-01,22.844888427419377,19.279714516129054,444.17309871676,1011.635458467742,0.04759450085658602,0.661667997666129
grid_m4.25_29.50,2005-01-01,23.282125215053785,19.447205752688195,469.24328840208,1011.8704979838709,0.03136954555283467,0.8096176474829301
grid_m4.25_29.50,2005-02-01,24.723258675595257,20.303276755952403,219.87771950462,1010.257816220238,0.19967987671994047,0.5889387135327381
grid_m4.25_29.50,2005-03-01,23.84902422043013,19.88318284946239,444.4987777335,1011.8172574596774,0.16483089499435483,0.640778756936828
grid_m4.25_29.50,2005-04-01,23.39587456944447,20.00772725000002,424.3364336449,1011.7888947916666,0.2577464849452778,0.46380674440527775
grid_m4.25_29.50,2005-05-01,22.934270887096798,19.335001008064538,467.3352240178,1012.9978914650538,0.48784865078279566,0.13404302853897848
grid_m4.25_29.50,2005-06-01,23.142187666666686,18.35912280555558,138.93032095064,1013.5884358333333,0.9301734724743055,-0.011532211776666666
grid_m4.25_29.50,2005-07-01,22.68753606182798,16.16417478494626,18.43833923858,1015.2261440188172,0.7663148658846102,0.6016066200717742
grid_m4.25_29.50,2005-08-01,23.64806286290325,16.805744045698948,30.086517350159998,1012.889255577957,0.8262254667805107,0.30237608083790324
grid_m4.25_29.50,2005-09-01,24.523087430555577,17.638637236111133,85.55364601626,1011.6213943055556,0.8159896618039723,0.0919705107407361
grid_m4.25_29.50,2005-10-01,23.97064430107529,18.45302096774196,246.25372849962,1011.6025010752688,0.9207315358077957,-0.14410057885389785
grid_m4.25_29.50,2005-11-01,23.374122347222247,18.93445305555558,329.37216746256,1011.0624831250001,0.24548242901805556,0.43790526698416665
grid_m4.25_29.50,2005-12-01,23.337426465053785,19.223666989247334,310.828685191,1010.4648659274194,0.09043369591330647,0.8430684603948926
grid_m4.25_29.50,2006-01-01,23.380619946236582,19.328551505376367,352.04291348966,1010.7270149865591,0.035401126425,0.9572997550026883
grid_m4.25_29.50,2006-02-01,23.872412842261927,19.58783096726193,289.06440791286,1010.5941979166666,0.19202913610520833,0.5717405152816963
grid_m4.25_29.50,2006-03-01,23.382843870967765,19.17954432795701,314.7883413206,1011.6380537634409,0.20274974516250002,0.4665174790497312
grid_m4.25_29.50,2006-04-01,22.479527236111135,19.403592125000024,552.97398666378,1012.1254118749999,0.17523475320444443,0.6132773326218056
grid_m4.25_29.50,2006-05-01,22.597309489247333,19.184415698924752,436.55204732972,1013.5530798387098,0.539786814628629,0.2229587383418683
grid_m4.25_29.50,2006-06-01,22.582650986111133,17.91040700000002,74.4140149038,1014.5481386111112,0.9357706073101528,0.5516519959797221
grid_m4.25_29.50,2006-07-01,22.601391330645182,16.751697110215076,58.81357170576,1014.9367112231183,0.8170017319336023,0.5631993607141129
grid_m4.25_29.50,2006-08-01,23.344621357526908,17.4231947715054,43.85232931882,1013.0383717741935,0.8097937405151883,-0.047091781548521505
grid_m4.25_29.50,2006-09-01,23.99533919444447,17.324232486111132,96.2719916977,1012.4340490277777,0.8211443370722222,0.02109419522888889
grid_m4.25_29.50,2006-10-01,24.49436775537637,18.35641918010755,155.68804762392,1011.2596778225807,0.8536154022509408,0.11048788821693548
grid_m4.25_29.50,2006-11-01,22.545887111111135,18.867490236111134,497.05982132478,1011.9190770833333,0.1473799202661111,0.6592948498691666
grid_m4.25_29.50,2006-12-01,22.731430752688198,18.933385497311853,336.00997901338,1013.0072165322581,0.4160608757495967,0.3306836568978763
grid_m4.25_29.50,2007-01-01,22.910214771505398,19.529709059139808,520.93839650162,1013.1257069892473,0.22569416946505377,0.4414905829951613
grid_m4.25_29.50,2007-02-01,23.709657038690498,19.321091220238117,284.20305272132,1011.6453824404763,0.47270581933497025,0.15529291940026785
grid_m4.25_29.50,2007-03-01,23.53242669354841,19.722558051075293,367.45452848554,1011.379126545699,0.1671484048485215,0.586495368391801
grid_m4.25_29.50,2007-04-01,23.27799620833336,19.755500791666687,495.77903733438,1011.7864949305555,0.3377698469829167,0.4108286115864722
grid_m4.25_29.50,2007-05-01,23.041603508064536,19.52062442204303,357.21588063252,1012.9935893145162,0.7185340601500001,0.24587151282123654
grid_m4.25_29.50,2007-06-01,22.696557486111132,17.608532097222245,132.45248805232,1013.8665800694445,0.67560070959,0.32497774730625
grid_m4.25_29.50,2007-07-01,22.911379543010774,16.659845887096797,22.2697258691,1013.7344264784947,0.8672371110044623,0.43795692354502685
grid_m4.25_29.50,2007-08-01,23.39447856182798,16.597282056451636,63.78173830308,1012.6194351478493,0.8845680802018818,0.09779724923844085
grid_m4.25_29.50,2007-09-01,24.279949222222246,17.86268488888891,64.70441810834,1011.800567986111,0.9464913240795833,-0.2571358161861111
grid_m4.25_29.50,2007-10-01,23.819088534946257,18.326694422043033,214.56241577732,1010.9839213709677,0.7189706781423387,0.22355516884005378
grid_m4.25_29.50,2007-11-01,22.856937041666686,18.772997541666687,497.49541289704,1010.9881922916666,0.3165710326648611,0.3400865560486111
grid_m4.25_29.50,2007-12-01,22.72019196236561,18.838360860215076,382.96985597224,1011.2924616935484,0.16981932996209678,0.6490934838032258
grid_m4.25_29.50,2008-01-01,22.80239545698927,19.123679112903247,476.71937976962,1011.2219281586023,0.004759475053763439,0.7374560455866936
grid_m4.25_29.50,2008-02-01,22.929307772988526,18.852074396551746,385.72454450726,1012.1709209770115,0.1955538771395115,0.20023780037096262
grid_m4.25_29.50,2008-03-01,22.732275161290346,18.934444166666687,391.2551394389,1011.0563448252689,0.14380980013965053,0.5306594807060484
grid_m4.25_29.50,2008-04-01,22.13948001388891,19.06045162500002,504.158019805,1011.3688596527778,0.3660462472643986,0.4675692454847222
grid_m4.25_29.50,2008-05-01,22.887458763440883,18.944935094086045,254.51922415798,1012.3175571236559,0.912350871007258,0.23128679463221774
grid_m4.25_29.50,2008-06-01,22.439306805555578,17.0510849027778,100.42810420812,1014.0536769444444,0.8158148232746251,0.47812440675833334
grid_m4.25_29.50,2008-07-01,22.494237096774217,16.10548287634411,20.35617828302,1014.2608755376344,0.8468051836273522,0.4263097288702285
grid_m4.25_29.50,2008-08-01,23.359586276881743,16.62950958333336,35.360813062220004,1011.9261561155914,0.9244643441487904,0.10208597367620967
grid_m4.25_29.50,2008-09-01,24.64333041666669,17.203241097222246,38.6724472497,1011.1919816666666,0.9632477426249999,-0.16468507986194444
grid_m4.25_29.50,2008-10-01,24.043677553763466,18.479332016129057,205.10244394488,1011.4209543682796,0.7614804751344086,-0.16036345369448923
grid_m4.25_29.50,2008-11-01,23.32446143055558,19.165812208333357,337.3994816916,1011.3331294444445,0.20885215290055556,0.8183543957583332
grid_m4.25_29.50,2008-12-01,22.930992177419377,19.205183118279592,458.99772589856,1011.2597866263441,-0.03934769860416667,0.9048278974349463
grid_m4.25_29.50,2009-01-01,23.526932795698944,19.328779274193572,294.13461712884,1011.4918471102151,-0.0042678873834677425,0.8994462944014786
grid_m4.25_29.50,2009-02-01,23.1360207886905,19.098960312500022,315.43683970416,1010.999645982143,0.23888726548065475,0.4473757958193453
grid_m4.25_29.50,2009-03-01,23.42257623655916,19.788922338709696,423.33888973894,1010.6269688844086,0.11329146409576613,0.6507709674614784
grid_m4.25_29.50,2009-04-01,22.669398694444467,19.5562769027778,622.7145194145199,1012.5027479166666,0.3151632940777778,0.46045905152791666
grid_m4.25_29.50,2009-05-01,23.0312535215054,19.113321263440884,360.00347083858003,1012.4827414650538,0.7084354476962366,0.18032679724249998
grid_m4.25_29.50,2009-06-01,23.25266963888891,18.040481097222244,68.82429110282,1013.7228184722221,0.8407381692456946,0.19815495708777778
grid_m4.25_29.50,2009-07-01,22.592574395161314,16.274683750000023,22.421836637960002,1015.0142583333334,0.764506166247043,0.7545403544385753
grid_m4.25_29.50,2009-08-01,23.74511474462368,16.97867221774196,17.25769050584,1012.8147603494623,0.8397717830627689,0.31647144740665323
grid_m4.25_29.50,2009-09-01,24.81101948611113,17.912919125000023,72.05390952748,1012.1948505555556,0.8624158023676848,0.041043831545555555
grid_m4.25_29.50,2009-10-01,24.153769408602173,18.852499516129058,301.35393090266,1010.8739646505377,0.7843150079975807,0.03681012638037634
grid_m4.25_29.50,2009-11-01,22.992303736111136,19.223395597222243,529.41131695672,1011.6230802777778,0.3498321162008333,0.6089616138875694
grid_m4.25_29.50,2009-12-01,23.035925645161313,19.240506155914,345.86763351024,1012.1783125,0.23388388894701614,0.5806156471460618
grid_m4.25_29.50,2010-01-01,23.610454596774215,19.6156535887097,314.76640682906,1012.1045784274194,0.3512101739056452,0.23589755701581988
grid_m4.25_29.50,2010-02-01,23.92409666666669,20.216249062500022,397.73702668708,1011.4580506696428,0.32530475787377977,0.4176900481805059
grid_m4.25_29.50,2010-03-01,23.574228279569915,20.018791357526904,519.89984522432,1012.3732581989246,0.190035747527957,0.391882783184543
grid_m4.25_29.50,2010-04-01,23.591823305555575,20.237644305555577,404.2902000756,1012.09618875,0.46627691052083337,0.33693646404194444
grid_m4.25_29.50,2010-05-01,23.707994704301097,19.70295119623658,350.50344489466,1012.6546641129032,0.804165255844758,0.23107850823951614
grid_m4.25_29.50,2010-06-01,23.549109333333355,17.891855250000024,51.72252648226,1014.230468263889,0.8701364510263889,0.40011009662222224
grid_m4.25_29.50,2010-07-01,23.032924005376366,16.050352809139806,9.0827941913,1013.9417338037634,0.820238585326344,0.5684379240223119
grid_m4.25_29.50,2010-08-01,23.847360134408625,15.70250670698927,5.25331496434,1013.0113204301076,0.8543085301891398,0.6070172814069893
grid_m4.25_29.50,2010-09-01,24.453403041666693,17.394137097222245,62.33692136708,1011.3611938888889,0.8246974751790972,-0.18179012763055552
grid_m4.25_29.50,2010-10-01,24.75034354838712,18.377656935483895,130.91754953616,1010.3348006048386,0.699353596975672,-0.04992827484838709
grid_m4.25_29.50,2010-11-01,23.5097821527778,19.13318380555558,383.18610128386,1010.1002618055556,0.35475387581305556,0.5016103536768611
grid_m4.25_29.50,2010-12-01,23.074708588709697,18.796523024193572,341.526270688,1010.2986119623655,0.3265972538017473,0.6151217391284947
grid_m4.25_29.50,2011-01-01,22.830512889784966,19.002558373655937,403.99003112908,1010.3106183467742,0.04761839452258065,0.7360957351928764
grid_m4.25_29.50,2011-02-01,23.41258898809526,19.179861086309547,218.89662706878,1010.525311830357,0.15565186454821428,0.5137466702343749
grid_m4.25_29.50,2011-03-01,23.47228900537637,19.220463884408623,304.48818247712,1011.0067274865592,0.15129390877290322,0.5732971104145161
grid_m4.25_29.50,2011-04-01,22.683246069444465,19.464662013888912,504.50134331284,1011.4289443750001,0.2573484210537083,0.4423377978915278
grid_m4.25_29.50,2011-05-01,23.137525685483897,19.587284368279594,336.82632373938,1012.7145307123657,0.6106052099673387,0.22441031352862903
grid_m4.25_29.50,2011-06-01,23.69056513888891,18.05532087500002,50.90856544406,1013.1061538194446,0.8514975645991112,0.0027239055003333346
grid_m4.25_29.50,2011-07-01,23.342108763440887,16.296383225806473,11.267662033919999,1013.0799676075269,0.6434365958974463,0.40150326339516124
grid_m4.25_29.50,2011-08-01,23.750266155914,16.96551055107529,44.8684690711,1012.6000307123655,0.8908860412079301,0.025856243468655914
grid_m4.25_29.50,2011-09-01,23.978626180555583,17.884662472222246,175.9567264054,1012.5284570138889,0.78187016424625,-0.4140117036790278
grid_m4.25_29.50,2011-10-01,23.199515967741956,18.865489341397872,366.48225785658,1010.912672110215,0.5174397913314059,0.3916136236655914
grid_m4.25_29.50,2011-11-01,22.894218652777802,18.979338027777803,427.43086711762,1011.7028129166666,0.1613024820161111,0.6335130063754028
grid_m4.25_29.50,2011-12-01,22.86366005376346,19.093855766129053,429.65364492728,1012.1200642473118,0.1680655625716398,0.49885292487916666
grid_m4.25_29.50,2012-01-01,23.463113763440884,19.24825434139787,321.71916916784,1011.5196764784947,0.08820209682580646,0.7506139840895161
grid_m4.25_29.50,2012-02-01,23.40473567528738,19.13279475574715,287.33086565628,1010.297071408046,-0.029538915112672412,0.7063676462634195
grid_m4.25_29.50,2012-03-01,23.60127869623658,19.383292795698946,376.81961003522,1011.524523655914,0.08453739075137365,0.4566033060614651
grid_m4.25_29.50,2012-04-01,22.90466054166669,19.4344681527778,468.50585940688,1012.2140363194444,0.20780268722625,0.31576463925828613
grid_m4.25_29.50,2012-05-01,22.63754163978497,19.017541559139808,366.8043612758,1013.3722112903226,0.6547114052525538,0.0850926890422043
grid_m4.25_29.50,2012-06-01,22.912215583333353,17.9810852777778,80.5058476175,1014.254304236111,0.8098421740504166,0.1402458649222222
grid_m4.25_29.50,2012-07-01,23.293640201612924,16.57990298387099,13.61227037432,1013.2471683467742,0.7363513010582526,0.2025266408052016
grid_m4.25_29.50,2012-08-01,23.6477947043011,16.80955606182798,84.7854611066,1013.1454979838709,0.7290055047453629,-0.1237223014704301
grid_m4.25_29.50,2012-09-01,24.196232388888912,18.03711063888891,92.08536167216,1012.5877968055555,0.7745383995458334,-0.17825380831305554
grid_m4.25_29.50,2012-10-01,24.081365698924753,18.89348810483873,215.27171109752,1010.8887900537634,0.538809397123387,0.13048764727553763
grid_m4.25_29.50,2012-11-01,22.99440143055558,19.2022489027778,451.71189365912,1011.9640545833333,0.17532789458808334,0.6192432821041667
grid_m4.25_29.50,2012-12-01,22.969857634408626,19.06861181451615,382.44247386334,1011.6290018145161,0.2247982431827957,0.6238781706935485
grid_m4.25_29.50,2013-01-01,23.780916948924755,19.665627150537656,346.43030170502,1012.1372784946237,0.2645334218973118,0.4309500220248656
grid_m4.25_29.50,2013-02-01,24.02594196428574,19.72210541666669,236.17362931408,1011.1267904761904,0.19548220762410715,0.709636074591369
grid_m4.25_29.50,2013-03-01,23.255753938172063,19.812693844086045,622.8408820766,1011.9924742607526,0.22356400581008062,0.5462051304525538
grid_m4.25_29.50,2013-04-01,22.94882881944447,19.74900512500002,484.55095319616,1012.6861347916667,0.352221192438,0.37210612889708333
grid_m4.25_29.50,2013-05-01,23.03465423387099,19.29802549731185,276.99661278266,1013.8392389784946,0.8452920406588171,0.15962770927903228
grid_m4.25_29.50,2013-06-01,23.164159388888912,17.106705388888912,20.01667017822,1014.1668344444445,0.8987154204124167,0.5260113402233333
grid_m4.25_29.50,2013-07-01,23.252127728494646,16.107938145161313,6.58655164606,1013.9161913978494,0.8886400343604974,0.39984602693965055
grid_m4.25_29.50,2013-08-01,23.75459790322583,16.331307056451635,36.08131412656,1012.6019265456989,1.0070858301432795,0.031002968509274198
grid_m4.25_29.50,2013-09-01,24.279077791666687,18.124963125000026,137.98189188216,1012.07847125,0.6704676095111111,-0.22078054137652778
grid_m4.25_29.50,2013-10-01,23.901411465053787,18.473108360215075,221.69589968464,1011.8570900537635,0.7532253674825269,0.14393816630532255
grid_m4.25_29.50,2013-11-01,23.22881000000002,18.856398847222245,309.7243308596,1010.9851930555556,0.33307891460375,0.5878075285138888
grid_m4.25_29.50,2013-12-01,22.729665752688195,19.145060134408624,449.01180296312,1012.4016222446237,0.19712170966532258,0.517384849312164
grid_m4.25_29.50,2014-01-01,23.395020779569915,19.328659543010776,357.51104280088,1011.9405959005376,0.06218087923333333,0.7109574768647312
grid_m4.25_29.50,2014-02-01,23.789882961309548,19.281570833333358,231.19783389524,1010.8132484375,0.34076143492872024,0.4567043666873512
grid_m4.25_29.50,2014-03-01,23.378983373655934,19.476906115591422,360.14032357088,1011.6642984543012,0.20526672746129032,0.6105018124081452
grid_m4.25_29.50,2014-04-01,22.788407083333357,19.48706230555558,568.53580531914,1012.7682999305555,0.20318622672388886,0.57043037426
grid_m4.25_29.50,2014-05-01,23.415908588709698,19.333916841397873,198.55451580796,1012.8888968413978,0.8277286199951613,0.293299131652957
grid_m4.25_29.50,2014-06-01,23.6006226527778,18.043070069444468,40.34471517854,1013.9535619444445,0.8341147104537777,0.22573029219625002
grid_m4.25_29.50,2014-07-01,23.509102150537654,16.260071868279592,7.05099105288,1015.1000077284947,0.8133167359146505,0.4405926755298387
grid_m4.25_29.50,2014-08-01,23.745758723118303,17.621851626344107,93.11485280774001,1013.2553776881721,0.9740468494591398,-0.3166402785083333
grid_m4.25_29.50,2014-09-01,23.85231450000002,18.105820097222246,164.07322897104,1012.6735573611111,0.6765685393994445,-0.05488630893819445
grid_m4.25_29.50,2014-10-01,23.923902728494642,18.856012405914,225.32177003378,1011.6540595430107,0.6995239454365592,0.18251987261451613
grid_m4.25_29.50,2014-11-01,23.528425500000022,19.261649208333356,313.55190241962,1011.601358888889,0.4846690501123153,0.5140630496113889
grid_m4.25_29.50,2014-12-01,23.289928709677444,19.496872822580666,418.15185552418,1012.3319949596774,0.24809945243633066,0.6501081747849462
grid_m4.25_29.50,2015-01-01,23.293649865591423,19.223377607526906,395.17068820874,1012.6720745967742,0.2799653028056452,0.39702460633965053
grid_m4.25_29.50,2015-02-01,23.924218497023833,19.585529449404785,275.4387857218,1011.1651945684524,0.18133671962264883,0.49800429823101194
grid_m4.25_29.50,2015-03-01,23.747418669354865,19.77403306451615,419.89755558932,1011.5808797715054,0.4610146963513441,0.48127529165026883
grid_m4.25_29.50,2015-04-01,23.055688152777797,19.402762722222242,425.68922050046,1013.1455881944445,0.34075753975266665,0.3753116189815278
grid_m4.25_29.50,2015-05-01,23.089184637096796,19.739397768817227,335.27278956226,1013.9100595430108,0.7157237969349463,0.24252222981309138
grid_m4.25_29.50,2015-06-01,23.823531583333356,17.923075458333358,44.1269874332,1014.1132611805556,0.99180062626875,-0.07126447665255554
grid_m4.25_29.50,2015-07-01,23.490313924731204,17.31641436827959,31.22615815834,1014.4724122311828,1.0289991057764785,0.20193065172640456
grid_m4.25_29.50,2015-08-01,24.26741752688174,16.74023610215056,8.66222387066,1013.3219380376345,0.9790313666817204,0.3196550597931451
grid_m4.25_29.50,2015-09-01,25.15837181944447,18.383840388888913,85.09874347408,1012.0220311805556,0.8954430701808332,-0.14057312080588888
grid_m4.25_29.50,2015-10-01,24.25262556451615,19.37471715053766,365.15903630922,1012.1341423387096,0.7045770882254032,0.09664024852083333
grid_m4.25_29.50,2015-11-01,23.242535180555578,19.455052819444468,464.30683162576,1012.2345421527777,0.2545047121236111,0.4958868028615278
grid_m4.25_29.50,2015-12-01,23.525684973118302,19.614500564516153,319.64254332828,1013.4594532930108,0.27271592784623655,0.6379478607885618
grid_m4.25_29.50,2016-01-01,23.850387540322608,20.14958408602153,312.95156498773997,1012.8666911962366,0.31565994419905913,0.32307682366612905
grid_m4.25_29.50,2016-02-01,24.130761106321863,20.37406107758623,443.9349169431,1012.1923931752873,0.33347456426724137,0.31033020449899423
grid_m4.25_29.50,2016-03-01,24.754358803763466,20.827576545698946,366.89805971354,1011.7679600806453,0.2556367609262097,0.49912280564623657
grid_m4.25_29.50,2016-04-01,23.350550083333356,20.296118347222244,617.0811647779,1012.7955059027778,0.23429090650458334,0.46089473373472223
grid_m4.25_29.50,2016-05-01,23.435069717741957,19.72955038978497,188.98868506364,1014.549539516129,0.8505573485658602,0.5509183338688172
grid_m4.25_29.50,2016-06-01,23.21956666666669,18.078170347222244,54.3079376626,1015.5970618749999,0.9863953706306944,0.40058795684736115
grid_m4.25_29.50,2016-07-01,23.15322690860217,16.580249529569915,16.01791380698,1014.4051654569893,0.8330027665771506,0.5602244094818548
grid_m4.25_29.50,2016-08-01,23.942608978494643,16.197643118279593,19.84691632684,1013.7484698252689,0.820607237751344,0.3163830748077957
grid_m4.25_29.50,2016-09-01,24.82734918055558,17.33481391666669,39.96658321756,1012.3266572916667,0.9035435140173612,0.1281081950963889
grid_m4.25_29.50,2016-10-01,25.045740161290347,18.800334408602172,138.34095029914,1010.7337526209677,0.8800812377706989,-0.18938548718494622
grid_m4.25_29.50,2016-11-01,23.695405722222247,19.281428847222244,402.36282321384,1011.7347098611111,0.38649934180305556,0.22861828087083333
grid_m4.25_29.50,2016-12-01,23.288082123655933,19.53519110215056,395.2493660034,1011.9020642473118,0.07499458860793011,0.8989496939853495
grid_m4.25_29.50,2017-01-01,23.84609994623658,19.470034139784968,318.45331175542,1011.5089100806451,0.0747139249703629,0.7055970065735214
grid_m4.25_29.50,2017-02-01,23.530280654761928,19.615260520833356,470.51143549042,1011.6624023809524,0.07770115923355655,0.5372729526296132
grid_m4.25_29.50,2017-03-01,23.385188306451635,19.667899502688194,501.656055202,1011.7908116935483,0.012887113981720428,0.4710695202924731
grid_m4.25_29.50,2017-04-01,23.003203791666692,19.79306930555558,495.03898656422,1012.5930635416667,0.36643083433430557,0.34812867018194443
grid_m4.25_29.50,2017-05-01,23.348051330645184,19.287887755376367,282.41443596058,1013.7771118951613,0.7043817371653226,0.2145362746807796
grid_m4.25_29.50,2017-06-01,23.53093705555558,18.70067743055558,76.8136975664,1013.8531453472223,1.015588041195,0.3731996760929167
grid_m4.25_29.50,2017-07-01,23.67086478494626,16.712018185483895,29.65831758488,1014.4468726478495,0.8931451809979839,0.2704220849219086
grid_m4.25_29.50,2017-08-01,23.872990940860237,17.7646885215054,86.16352101096,1012.9650817876344,1.0358913647653225,-0.06989819462298388
grid_m4.25_29.50,2017-09-01,24.596593250000023,18.090746097222244,76.21765141454,1012.245024236111,0.9297410766711112,-0.14118037825555557
grid_m4.25_29.50,2017-10-01,24.519230846774217,19.278166250000023,200.35362211336,1011.2676733870967,0.7671966685080646,0.21062861290403226
grid_m4.25_29.50,2017-11-01,23.088341888888912,19.33496069444447,447.44491593012,1011.8225025,0.31566675562722224,0.6131385577896528
grid_m4.25_29.50,2017-12-01,23.16716448924733,19.633410940860237,525.1929766729,1011.8409076612903,0.07774648370967742,0.7323684088347849
grid_m4.25_29.50,2018-01-01,22.899587728494645,18.7288772043011,315.45996654754,1012.1433893145162,0.5525972784553763,0.06540647172916667
grid_m4.25_29.50,2018-02-01,23.995016101190497,19.781227604166688,249.55797297654,1010.4529494791667,0.3940702167150298,0.35507576828854165
grid_m4.25_29.50,2018-03-01,23.540192741935506,19.353567016129055,340.44456472226,1011.8406690188172,0.46072678921397847,0.40420971169905917
grid_m4.25_29.50,2018-04-01,22.716306222222247,19.460063111111133,551.38111052234,1012.7963388888888,0.29318635625944445,0.4485377144184722
grid_m4.25_29.50,2018-05-01,22.894130604838733,19.420334301075293,332.1242330215,1013.4759733870967,0.8046065308567205,0.25501483170362904
grid_m4.25_29.50,2018-06-01,23.04245488888891,18.230229597222245,69.19050210372,1014.9508690277778,1.0411327989936112,0.3931053175373611
grid_m4.25_29.50,2018-07-01,22.36869591397852,16.66284674731185,31.15987786668,1015.8462141801075,0.98337592045,0.5484653259536291
grid_m4.25_29.50,2018-08-01,23.739139260752708,17.245027741935505,45.85313806822,1013.9319804435484,0.8552984230451075,-0.07263610155336021
grid_m4.25_29.50,2018-09-01,24.856884819444467,18.455384930555578,89.98394030684,1011.2327004166666,1.0474422855918055,-0.11399942945416666
grid_m4.25_29.50,2018-10-01,24.101422916666692,18.744605094086044,272.25065223878,1011.9668135080645,0.6970088317360215,0.034904457843548384
grid_m4.25_29.50,2018-11-01,23.560801597222245,19.519248347222245,361.16456976544,1011.7720644444444,0.4268929532711111,0.4649550754513889
grid_m4.25_29.50,2018-12-01,22.99926840053766,19.356991236559164,437.29972877726,1012.9369733870968,0.2685818615958333,0.45391611857002684
grid_m4.25_29.50,2019-01-01,23.464113360215077,19.733204448924752,439.98861350982,1012.7506786290323,0.02956156416155914,0.6369405152344085
grid_m4.25_29.50,2019-02-01,24.103915818452403,20.02499465773812,321.22182821174,1011.9136555803572,0.12351755807098214,0.5537063508501487
grid_m4.25_29.50,2019-03-01,24.251494569892497,19.87801607526884,294.12365025324,1012.0464377016128,0.18288120096129032,0.4309640704419355
grid_m4.25_29.50,2019-04-01,23.822881611111132,20.327448611111134,456.02846007824,1012.1659997916668,0.2453408765823889,0.41678051426180557
grid_m4.25_29.50,2019-05-01,23.084798696236582,20.050019973118303,482.69557949368,1013.292217876344,0.4766067189946237,0.41034267723798384
grid_m4.25_29.50,2019-06-01,23.44754763888891,18.059141736111137,29.10327912064,1014.7532905555555,0.8267627655654166,0.3137013538481944
grid_m4.25_29.50,2019-07-01,23.491054072580667,17.380772083333355,40.25840745134,1013.9862506048387,0.8802532278424596,0.12568395813817204
grid_m4.25_29.50,2019-08-01,24.064922513440884,17.493195040322604,52.72579201128,1014.1066702284946,1.013013244361156,0.002801605615188174
grid_m4.25_29.50,2019-09-01,24.67968841666669,18.303157375000023,104.48837268192,1012.261104375,0.9088178436847222,-0.16881095195861112
grid_m4.25_29.50,2019-10-01,23.259004448924756,19.138112137096797,513.3233070186,1011.7188129032259,0.566948061090457,0.3092784879092742
grid_m4.25_29.50,2019-11-01,23.550209958333355,19.325701972222245,328.0348775474,1011.2439403472223,0.4541838324672222,0.2320896369325
grid_m4.25_29.50,2019-12-01,23.35782924731185,19.380846801075293,269.30952006494,1012.2293802419356,0.4675633220641801,0.1251416575233871
grid_m4.25_29.50,2020-01-01,23.82983110215056,19.884063776881742,468.61791597366,1012.572033467742,0.4329750451276882,0.2976693401677957
grid_m4.25_29.50,2020-02-01,23.998282471264393,20.178221465517264,468.58358354658,1012.5837014367816,0.2535476119992816,0.5014224224982758
grid_m4.25_29.50,2020-03-01,24.066468494623678,20.048555685483894,476.47380788916,1012.1421820564516,0.40608646805981186,0.19407065119986558
grid_m4.25_29.50,2020-04-01,23.25777393055558,20.058023791666688,656.6367138135,1013.2097695138889,0.24852678433430553,0.4429539143063889
grid_m4.25_29.50,2020-05-01,23.584514233870994,19.925620067204324,266.29590972552,1014.6978444220431,0.8332738773345577,0.44155542790698926
grid_m4.25_29.50,2020-06-01,23.53475804166669,18.38230723611113,58.7229728914,1014.5917166666666,0.9093737488341668,0.2759973099897222
grid_m4.25_29.50,2020-07-01,22.707750161290345,17.299855309139808,48.06137099494,1014.0411454301075,0.816580435467742,0.7538211805478494
grid_m4.25_29.50,2020-08-01,24.254202741935504,17.55044475806454,25.65670008398,1012.6224017473118,0.9119401117077957,0.16945201045819894
grid_m4.25_29.50,2020-09-01,24.57294530555558,18.1619690277778,71.40922541476,1012.0329003472223,0.94942506165375,-0.024341265737083336
grid_m4.25_29.50,2020-10-01,24.408451478494644,18.57659876344088,239.28237043096,1011.7777823924731,0.9335496348842741,-0.19577182460739248
grid_m4.25_29.50,2020-11-01,23.67283994444447,19.3086084027778,406.51750574142,1012.1341101388888,0.4592722286343056,0.2741832731693056
grid_m4.25_29.50,2020-12-01,23.16417060483873,19.429947715053785,525.92515958974,1012.3020146505376,0.1200531390842742,0.5691897282669355
grid_m4.25_29.50,2021-01-01,22.961730389784968,19.24129403225809,530.73549181684,1012.0101688844086,0.2067728453611559,0.4638096180329301
grid_m4.25_29.50,2021-02-01,23.961752410714308,19.45684549107145,239.01510182184,1011.7308399553572,0.419898850849256,0.11317604965714285
grid_m4.25_29.50,2021-03-01,23.710299879032284,19.602563051075293,443.75753507046,1011.128925672043,0.4309433149348118,0.3109267019762097
grid_m4.25_29.50,2021-04-01,22.70125337500002,19.783878583333355,754.11605860072,1012.8473960416667,0.16266172194958334,0.6325969060056944
grid_m4.25_29.50,2021-05-01,23.098754341397875,19.545337258064542,293.86234305624,1013.7814764784947,0.8354096981413978,0.2769057780337769
grid_m4.25_29.50,2021-06-01,23.18880287500002,18.7802001527778,75.81329360614,1014.5206485416668,0.9379419344412083,0.5352586311609723
grid_m4.25_29.50,2021-07-01,22.695371021505398,17.046595618279593,31.74972543248,1015.6790599462365,0.8614281682489918,0.7732614303901881
grid_m4.25_29.50,2021-08-01,23.857582782258085,17.668829502688194,51.95856074812,1013.4708592069892,1.0432275766525536,0.06298350205201612
grid_m4.25_29.50,2021-09-01,24.490351347222244,18.052677819444465,55.57155610474,1012.2266561805556,0.9938046981597222,-0.16521572148652777
grid_m4.25_29.50,2021-10-01,24.64556840053766,18.828391760752712,146.220684019,1011.4705651881721,0.812568315628965,-0.10004946057889785
grid_m4.25_29.50,2021-11-01,24.136012069444465,18.962127458333356,198.7667084409,1011.3675388194445,0.6743815527823611,0.3013404648116667
grid_m4.25_29.50,2021-12-01,23.361039435483896,19.744966384408624,588.7370114724,1011.9184518817204,0.21830585380327958,0.5511981191935483
grid_m4.25_29.50,2022-01-01,23.65105096774196,19.20680791666669,278.61356831834,1012.0556954973118,0.4850404191591398,0.556561785568414
grid_m4.25_29.50,2022-02-01,23.205662976190496,19.016309657738116,329.73623255086,1012.1105641369047,0.6535060291964286,-0.14750169558258927
grid_m4.25_29.50,2022-03-01,23.971915793010773,19.7555397043011,431.0746193779,1010.8584991935484,0.29877467838776883,0.43690377961223115
grid_m4.25_29.50,2022-04-01,23.506497111111134,19.870532569444467,530.29489538,1011.3833040972222,0.5765249033894444,0.25368198825855554
grid_m4.25_29.50,2022-05-01,23.40614926075271,19.583543709677443,292.7365305419,1013.8646639784947,0.9371851852188172,0.059492725602956986
grid_m4.25_29.50,2022-06-01,22.656986347222244,18.120319583333355,101.5033719836,1014.281329236111,0.9516302976383334,0.6763359490458333
grid_m4.25_29.50,2022-07-01,22.71313822580648,16.711454623655936,13.67616651808,1014.7601764784946,1.0274329479353588,0.6453547123056451
grid_m4.25_29.50,2022-08-01,23.84260926075271,16.75544022849465,24.14369587036,1012.6553639784946,0.9285205919685484,0.1323348611014785
grid_m4.25_29.50,2022-09-01,24.307019486111134,18.166492819444468,74.00083545048,1012.0668231944445,1.0121310550916667,-0.09519475479972223
grid_m4.25_29.50,2022-10-01,24.960494448924756,18.151741411290345,84.33675766374,1011.2039543010752,0.924249115101836,-0.1437000766876344
grid_m4.25_29.50,2022-11-01,23.15231079166669,18.860703458333358,322.28851252038,1012.1593578472223,0.6479102677966667,0.3565832776236111
grid_m4.25_29.50,2022-12-01,22.764576196236582,18.88687239247314,453.09734221492,1012.2611311155913,0.3684648541221774,0.48035945630517474
grid_m4.25_29.50,2023-01-01,23.077615067204324,18.985399690860238,452.64482580874,1012.3476374327958,0.27417064207298386,0.5761200266034006
grid_m4.25_29.50,2023-02-01,24.11875967261907,19.05761299107145,259.1271401991,1011.8285296874999,0.32258569679910715,0.19386409650252975
grid_m4.25_29.50,2023-03-01,23.50119299731185,19.13905786290325,428.36427575578,1011.9846032258065,0.5396478909645162,0.044810777983561825
grid_m4.25_29.50,2023-04-01,22.97182176388891,19.676011180555577,614.201545786,1011.8325984722221,0.4775320484122639,0.393082271755
grid_m4.25_29.50,2023-05-01,23.824745618279593,20.144203158602174,277.13155748578,1013.7779793010753,0.8654334387294355,0.26239452619596776
grid_m4.25_29.50,2023-06-01,24.078834458333354,18.813342263888913,46.29802691894,1014.0834534027776,1.0624770046713887,-0.021316973249027777
grid_m4.25_29.50,2023-07-01,23.254307500000024,17.17983923387099,15.6469345014,1015.7246309139786,0.9352219911235214,0.6716619301430108
grid_m4.25_29.50,2023-08-01,24.461751263440885,17.466048319892497,18.46122740276,1013.6506704301075,0.9787193004952957,0.35317123552190866
grid_m4.25_29.50,2023-09-01,24.796563305555576,19.105770861111132,106.97221765304,1012.1319538888888,0.8556283745041666,-0.38232674196388894
grid_m4.25_29.50,2023-10-01,25.13219055107529,19.169289556451638,121.19197857362,1011.2833657930107,0.8456877634025538,0.05293983594825268
grid_m4.25_29.50,2023-11-01,23.127481541666693,19.76689418055558,650.74014642082,1012.344085763889,0.5036610284055556,0.3450617685604167
grid_m4.25_29.50,2023-12-01,23.627523145161312,19.814283091397872,387.17889788828,1012.6336207661291,0.3697558697522849,0.6413096549052419
grid_m4.25_29.50,2024-01-01,23.62179051075271,19.562090752688196,421.36859777674,1013.7864563172043,0.6774307774811827,-0.16016486358002688
grid_m4.25_29.50,2024-02-01,24.61199885057474,20.130843491379334,281.67486251872,1012.9853715517241,0.4275095638939655,0.395268101800862
grid_m4.25_29.50,2024-03-01,24.48643225806454,20.706857486559162,571.89607512004,1012.5394051075269,0.4108054633189516,0.4994137462295699
grid_m4.25_29.50,2024-04-01,23.67187413888891,20.539048375000025,618.53504091736,1012.6754414583334,0.3278249266722778,0.6720174987820833
grid_m4.25_29.50,2024-05-01,24.45328786290325,20.583939946236583,149.38211428522,1013.4787029569893,0.7708520157267473,0.43596362644840053
grid_m4.25_29.50,2024-06-01,23.93178655555558,18.45118418055558,30.76028822044,1014.719376111111,0.9106671357238194,0.6795516339191875
grid_m4.25_29.50,2024-07-01,24.10839290322583,17.163072123655937,6.64854048018,1014.1235761424731,0.8657652131151882,0.4487084223431452
grid_m4.25_29.50,2024-08-01,24.19856559139787,17.078298266129057,18.583297769799998,1013.651166733871,0.9618489665176075,0.3625955261936828
grid_m4.25_29.50,2024-09-01,25.311937583333357,17.74812418055558,31.26001341084,1012.1360791666666,1.0394957244343055,-0.007769886426250001
grid_m4.25_29.50,2024-10-01,24.31873681451615,19.266294086021528,236.61804224686,1012.5257338709677,0.9106137260994623,-0.031541024114744624
grid_m4.25_29.50,2024-11-01,23.442685097222242,19.2487474027778,343.68228913126,1012.4129725694445,0.6236080791164306,0.33057804150894443
grid_m4.25_29.50,2024-12-01,23.25687840053766,19.578623938172065,548.35653261938,1012.8812514784946,0.33342340850111557,0.4762537338579758
grid_m4.25_29.50,2025-01-01,23.633609193548413,19.469386424731205,408.41889433048,1012.2412770833333,0.32328410786344086,0.6167268640236022
grid_m4.25_29.50,2025-02-01,24.541759122023834,19.71801267857145,261.20090459974,1011.1113100446429,0.35100653078497024,0.7455759944744047
grid_m4.25_29.50,2025-03-01,24.157335120967765,20.042820188172065,426.36299061552,1011.9194147849463,0.40809660156021504,0.45682236588172037
grid_m4.25_29.50,2025-04-01,23.298348333333358,20.106473458333355,636.61813834682,1012.3426218750001,0.35799711005069446,0.4694127764952778
grid_m4.25_29.50,2025-05-01,23.035274045698948,19.90013430107529,458.34255143562,1014.4412637096775,0.5559422699310483,0.6350527108915323
grid_m4.25_29.50,2025-06-01,23.48401541666669,18.652756069444465,86.03143694306,1015.1379270833334,0.8962910754055555,0.2760786694736111
grid_m4.25_29.50,2025-07-01,23.249802446236583,17.49111047043013,43.3697700846,1015.6207172715054,0.9091584952010753,0.4274188592371371
grid_m4.25_29.50,2025-08-01,23.665320120967763,16.4548360215054,16.10755933036,1014.1668797043011,0.8752860623669355,0.01701574355954301
grid_m4.25_29.50,2025-09-01,24.95898987500002,17.374850500000022,27.75239949356,1012.6945354861111,0.9073681942905556,-0.17114647761708332
grid_m4.25_29.50,2025-10-01,24.84489802419357,18.658762903225828,120.26691437976,1011.7883424731183,0.710352681850672,-0.21825455943978495
grid_m4.25_29.50,2025-11-01,23.997180694444467,19.258658361111134,227.72407530518,1012.2579736111112,0.4281552425806945,0.5736689037640278
grid_m4.25_29.50,2025-12-01,23.479504905914002,19.22436731182798,344.09380001292,1011.8381377688172,0.3242763972712365,0.5329883741751344
grid_m4.25_29.50,2026-01-01,23.772507056451637,19.50889549731185,349.40290486618,1012.131015860215,0.28231852628333337,0.3927662964740188
grid_m4.25_29.50,2026-02-01,23.61478104166669,19.16008154761907,260.86902630812,1012.6586107886903,0.49096736406875,0.21005862194345237
grid_m4.25_29.50,2026-03-01,23.505842392473138,19.500221935483893,403.02348130296,1011.3972866935484,0.4438399602785081,0.22798958712674733
grid_m4.25_29.50,2026-04-01,23.56415937500002,20.297869791666688,33.2951546073,1011.3712229166667,0.4463628133333333,0.5533018085208333
