location,month_start,t2m_mean_C,d2m_mean_C,tp_sum_mm,msl_mean_hPa,u10_mean,v10_mean
grid_m2.75_29.00,1940-01-01,19.303856276881746,11.567074018817227,52.10423466194,1013.0612951612903,-0.18779488063006722,-0.18940585158776882
grid_m2.75_29.00,1940-02-01,19.509313850574735,11.57153574712646,45.57466505604,1013.1571415948275,-0.4034617845820402,0.04052876885150862
grid_m2.75_29.00,1940-03-01,18.66488182795701,13.29607912634411,154.75702294506,1012.9203669354839,-0.41268990542580647,0.22380277147462363
grid_m2.75_29.00,1940-04-01,19.12229962500002,12.363885944444469,54.1327001683,1013.2023573611111,-1.1799638549054168,0.7515075255894444
grid_m2.75_29.00,1940-05-01,19.49893611559142,11.640656061827979,26.02863298838,1013.4099577284946,-1.368435193000269,0.82204184975
grid_m2.75_29.00,1940-06-01,19.873532611111134,9.167981861111132,0.51403045118,1015.191488125,-1.2509256155041668,0.8407215762368055
grid_m2.75_29.00,1940-07-01,20.016493239247335,8.099366357526904,1.20592116862,1015.4339298387097,-0.782949735905914,0.7431291557769624
grid_m2.75_29.00,1940-08-01,20.849282741935507,6.597417607526904,0.37717819266,1014.0863592069892,-0.631091518987164,0.9573950006196909
grid_m2.75_29.00,1940-09-01,18.902577444444468,12.1691551527778,110.46838771376,1014.409754375,-0.6222594580489306,0.3979753071891666
grid_m2.75_29.00,1940-10-01,19.309515268817226,11.837704086021528,54.28886421216,1013.7656913978495,-0.8195484739071236,0.5283964839545027
grid_m2.75_29.00,1940-11-01,18.75955441666669,12.160084861111134,84.22684653914,1012.6619239583333,-0.21819096260152776,0.058134314155944444
grid_m2.75_29.00,1940-12-01,20.23432556451615,10.575560524193572,20.5900667733,1013.184953561828,-0.7641619796774194,0.22275148024126343
grid_m2.75_29.00,1941-01-01,20.020514932795724,11.259461478494647,39.10970686216,1014.1295652553763,-0.37430230019153227,-0.06432262181317204
grid_m2.75_29.00,1941-02-01,20.562233869047642,11.15265748511907,42.00601588552,1013.5071909226191,-0.565700326911756,0.16946753973482143
grid_m2.75_29.00,1941-03-01,21.063717916666686,12.32675543010755,62.15715425712,1013.1552705645162,-0.2392139443756048,-0.09679574936801076
grid_m2.75_29.00,1941-04-01,20.57684680555558,12.593416986111134,28.97763245934,1013.6719034722222,-0.7352279688288889,0.44133597045152784
grid_m2.75_29.00,1941-05-01,19.246342594086045,11.07963485215056,30.12800207838,1014.8991090725807,-1.45617609940914,0.9546886159038979
grid_m2.75_29.00,1941-06-01,20.035963347222246,10.077517347222244,2.06923483752,1016.3468738194445,-1.3103825238884723,0.8898104348570833
grid_m2.75_29.00,1941-07-01,19.319812594086045,8.342456357526906,2.7279853746400002,1016.1228762768817,-1.302032082219086,1.1379796530912636
grid_m2.75_29.00,1941-08-01,20.47539572580647,7.752072432795721,2.05183031372,1014.3243480510753,-1.1035905739518816,1.1375449822908603
grid_m2.75_29.00,1941-09-01,21.186382708333355,6.821660069444468,5.83577156544,1012.5658631250001,-0.9883749127656944,1.0887221231119446
grid_m2.75_29.00,1941-10-01,21.462699489247335,8.997759489247334,25.78616146444,1012.976184811828,-0.579118523372043,0.5439434875188172
grid_m2.75_29.00,1941-11-01,18.449082930555576,13.190378388888911,119.23384694732,1013.2128793055556,-0.06904294760125,-0.0933194688848611
grid_m2.75_29.00,1941-12-01,19.26289668010755,10.95533543010755,29.770612686059998,1014.0007005376343,-0.7175805494129569,0.18346431926282258
grid_m2.75_29.00,1942-01-01,20.246642741935503,9.67099540322583,31.21304520706,1013.6050817204301,-0.6321057714384408,-0.23801409878086022
grid_m2.75_29.00,1942-02-01,21.080332068452403,9.071870565476214,14.2838954701,1010.9810880208332,-1.0846805870260416,0.5666860854375
grid_m2.75_29.00,1942-03-01,19.327552607526904,12.909998467741959,109.78722615886,1012.2446009408602,-0.49592288780282257,0.18345578510967742
grid_m2.75_29.00,1942-04-01,19.301266125000023,11.476779472222244,39.610624242,1013.5101600694444,-1.0232002697296112,0.6231441282406944
grid_m2.75_29.00,1942-05-01,19.745675134408625,10.440700604838732,12.4919414152,1013.6350170698925,-1.4497175105846776,0.9687009985278227
grid_m2.75_29.00,1942-06-01,19.798991736111134,9.225362097222245,1.23047829156,1014.3394313888889,-1.2216883564307084,0.902145926646111
grid_m2.75_29.00,1942-07-01,19.109286411290345,7.112093279569916,0.07963180542,1015.0901459005376,-1.2724079015346774,0.8963142791262096
grid_m2.75_29.00,1942-08-01,20.682145927419377,4.631562338709701,0.67305565036,1012.9413798387096,-1.2250830327868278,1.1877924195909946
grid_m2.75_29.00,1942-09-01,22.017067125000022,3.4771733055555787,0.25916099374,1011.8218735416667,-0.83645720991,1.2554932486155554
grid_m2.75_29.00,1942-10-01,21.36835860215056,7.795171250000022,38.64335999344,1011.4525760752689,-0.7575241207836021,0.9316002208676075
grid_m2.75_29.00,1942-11-01,20.398861055555578,9.519904263888911,28.1329155827,1011.0383271527777,-0.9405558494724027,0.5928132172027778
grid_m2.75_29.00,1942-12-01,20.14733106182798,9.777109489247335,24.78146553462,1011.5106709677419,-0.9709631190720968,0.3588669064509408
grid_m2.75_29.00,1943-01-01,20.868897043010776,9.580449704301099,42.46568663144,1010.7131011424731,-0.46243343781370966,-0.052805643631989245
grid_m2.75_29.00,1943-02-01,20.748424821428596,9.569152440476213,22.130727789519998,1011.644064360119,-0.7194459253430059,0.059649626337202374
grid_m2.75_29.00,1943-03-01,20.004990336021528,10.218294287634432,34.92164624564,1010.4667492607526,-1.1017400603891128,0.7276315741178764
grid_m2.75_29.00,1943-04-01,19.939209347222246,10.057987222222245,24.42359922552,1012.6757034027778,-1.3469256178513889,0.7853223383027084
grid_m2.75_29.00,1943-05-01,19.28615375000002,10.218076868279592,26.94654475252,1013.1300216397849,-1.0451593722521506,0.6109751826356989
grid_m2.75_29.00,1943-06-01,19.272998722222244,8.155649250000023,4.29010390926,1014.5032138194445,-0.9969546006991666,0.5627690201776389
grid_m2.75_29.00,1943-07-01,19.474000793010774,7.96304235215056,5.5854320695,1014.5389298387097,-0.7755419406917473,0.5770701097794355
grid_m2.75_29.00,1943-08-01,19.315950134408627,9.017797392473142,30.16424178974,1013.2267867607527,-0.6669297793554435,0.9240675895004032
grid_m2.75_29.00,1943-09-01,20.593615194444467,7.757686708333357,5.73682783104,1013.1055952777778,-0.9646407659083334,1.043909899166889
grid_m2.75_29.00,1943-10-01,21.558658790322603,6.063134462365614,12.14623457976,1011.1821051747311,-0.8325636444764932,1.192493193296371
grid_m2.75_29.00,1943-11-01,20.141649291666692,10.471875152777802,30.58791163472,1011.5050125,-0.8613003621859722,0.5980846617972222
grid_m2.75_29.00,1943-12-01,20.896450631720455,9.933643669354863,17.28606233206,1011.6830163978494,-0.8388130254065861,0.38233873360389786
grid_m2.75_29.00,1944-01-01,19.919297016129054,10.623630766129054,32.27853762628,1013.470719422043,-0.5168903957318951,-0.04094396634805107
grid_m2.75_29.00,1944-02-01,21.05894603448278,9.530677428160944,32.05752400006,1012.4708114224138,-0.6771587729043104,-0.1480735254479023
grid_m2.75_29.00,1944-03-01,20.77532541666669,10.126812728494647,24.23000328284,1011.4839443548387,-0.9374141685499999,0.5625308868800134
grid_m2.75_29.00,1944-04-01,19.989344208333357,11.018994625000023,51.07736572702,1012.6055992361112,-1.35215227239875,0.93065494983125
grid_m2.75_29.00,1944-05-01,18.93469994623658,10.783929018817227,56.54764163636,1013.0068206989248,-1.3128979851818547,1.0092275260032257
grid_m2.75_29.00,1944-06-01,20.091602069444466,8.703744722222243,2.82907486974,1013.37041125,-1.3584225976388888,0.9830050781271805
grid_m2.75_29.00,1944-07-01,19.445395645161312,6.571844408602175,0.95701217958,1015.0776765456989,-1.337029835102957,1.0332909234194891
grid_m2.75_29.00,1944-08-01,20.778509408602176,6.820557379032281,1.77764892032,1013.549610282258,-1.1469062644489247,1.1040247215915915
grid_m2.75_29.00,1944-09-01,21.869947194444467,5.877327277777801,0.7958412221800001,1012.7100218055555,-0.7883482417311112,1.0601638996169445
grid_m2.75_29.00,1944-10-01,20.901454247311854,10.580150053763463,27.52566349326,1011.7142364247312,-1.067386891208871,0.695098549446371
grid_m2.75_29.00,1944-11-01,19.75248758333336,11.080341347222246,59.4837667815,1012.0177018055555,-0.5400326401794444,0.2680570810940278
grid_m2.75_29.00,1944-12-01,19.62240059139787,11.631206021505399,35.56537626034,1011.0832817204301,-0.7755056241336022,0.3284549514797043
grid_m2.75_29.00,1945-01-01,19.98502931451615,10.761828978494647,40.98200796302,1012.1395684811828,-0.28161823547043013,-0.252870539547043
grid_m2.75_29.00,1945-02-01,19.50635236607145,11.802305119047642,56.73122398898,1011.2469771577382,-0.21071023538526784,-0.1904548244501488
grid_m2.75_29.00,1945-03-01,19.398794368279592,11.507649381720453,75.11210425896,1013.0140602150537,-0.7061236397534946,0.31990629629448925
grid_m2.75_29.00,1945-04-01,19.84542105555558,11.037845611111134,28.02205084536,1012.6433098611111,-1.2295363533939445,0.7379517028721388
grid_m2.75_29.00,1945-05-01,19.287929193548408,10.08230309139787,9.45472720012,1013.2196722446236,-1.4981144302155243,1.031629192889785
grid_m2.75_29.00,1945-06-01,19.82210176388891,7.590669305555578,6.12735748108,1014.6418480555556,-1.1204523714719445,0.7911613188476389
grid_m2.75_29.00,1945-07-01,19.577480282258087,6.403739758064541,0.013351440579999999,1014.305723655914,-1.3294950598087367,1.1262692286241935
grid_m2.75_29.00,1945-08-01,20.106712338709702,7.098904086021529,2.02322005348,1013.408472110215,-1.223958065454301,1.3325311601410847
grid_m2.75_29.00,1945-09-01,21.109302319444467,6.6006051111111335,7.32946395876,1013.7314713194444,-1.0109603868495833,1.1376507182319444
grid_m2.75_29.00,1945-10-01,21.111070752688196,9.39087923387099,34.16657443482,1012.4787871639785,-0.664098903498078,0.5622972271283602
grid_m2.75_29.00,1945-11-01,20.576417083333357,10.0968442777778,18.85199543388,1011.7434930555555,-0.7549998879334723,0.41368488717375
grid_m2.75_29.00,1945-12-01,19.75525287634411,10.693360000000023,53.48587015434,1012.9208375672043,-0.5407078450991936,-0.012158403561155913
grid_m2.75_29.00,1946-01-01,20.53261541666669,10.383978467741958,40.3246877691,1012.5086899193549,-0.3555695811627688,-0.2858179965369624
grid_m2.75_29.00,1946-02-01,21.7532642261905,10.045036547619068,24.34992795964,1011.0304746279762,-0.5489698426799107,-0.2313381375982887
grid_m2.75_29.00,1946-03-01,21.311648790322607,10.361002271505399,25.76827999704,1011.0593978494625,-0.9216532954368281,0.3338462614365591
grid_m2.75_29.00,1946-04-01,20.546561583333357,11.626417680555578,43.51377487702,1012.54189625,-1.1982605397256945,0.6244934929254708
grid_m2.75_29.00,1946-05-01,19.832405645161312,10.9990123387097,18.45788945686,1013.5541836021505,-1.575388114172043,0.9354499885380376
grid_m2.75_29.00,1946-06-01,19.482666847222244,9.25085130555558,3.42965125136,1015.4537581944444,-1.0251783798816667,0.716467199373264
grid_m2.75_29.00,1946-07-01,20.228661478494647,6.7026716263441095,0.188827515,1014.0442827956989,-1.108011040438172,1.0156250008560483
grid_m2.75_29.00,1946-08-01,20.585215215053786,4.23512418010755,0.009775161760000001,1013.1208670026881,-1.0301628504899194,1.2469356501099462
grid_m2.75_29.00,1946-09-01,20.549929777777802,9.3298394027778,10.84923744392,1012.5380384722222,-0.9368597446388888,0.72826066410825
grid_m2.75_29.00,1946-10-01,20.33907650537637,10.368384973118301,23.28681947612,1012.7133941532259,-0.5205891901319892,0.2584238296208333
grid_m2.75_29.00,1946-11-01,19.741817111111132,12.130579000000024,79.9360274983,1012.1331288888889,-0.3548439144590278,0.13649510614625002
grid_m2.75_29.00,1946-12-01,19.739057500000023,11.704731559139807,49.10254478496,1012.0116779569893,-0.7374490306776881,0.17969053477419356
grid_m2.75_29.00,1947-01-01,20.053853817204324,11.699342782258087,39.362907193619996,1011.8577295698924,-0.6812035359376345,0.10914448080282259
grid_m2.75_29.00,1947-02-01,20.515688630952404,11.022111622023832,29.65879451606,1011.9561298363095,-0.824087734575744,0.2838111594700893
grid_m2.75_29.00,1947-03-01,19.711568709677444,12.79463548387099,81.34698862890001,1013.6759989247312,-0.28563876853389786,-0.022855669390268816
grid_m2.75_29.00,1947-04-01,19.937547944444468,12.377702194444467,51.2154100573,1013.3969127777777,-0.8526676600499999,0.4730887297556945
grid_m2.75_29.00,1947-05-01,19.422615120967762,10.560784905914,18.70679858046,1013.6831691532258,-1.6387547322311826,1.1475092076323925
grid_m2.75_29.00,1947-06-01,19.75504913888891,9.079600722222244,0.93293189374,1014.5087470833333,-1.4862185982319445,1.110545879924389
grid_m2.75_29.00,1947-07-01,20.057910241935506,7.13864045698927,0.3857612597,1014.0841752688171,-0.8520227044720834,0.7871509689150538
grid_m2.75_29.00,1947-08-01,20.88880552419357,6.159441747311851,0.34427642786,1013.3471192876345,-1.0004185812373656,1.1066021577426075
grid_m2.75_29.00,1947-09-01,21.860389138888912,4.798933527777801,1.6834735899,1012.3032757638889,-1.0326742968347222,1.3451007210172221
grid_m2.75_29.00,1947-10-01,21.57415291666669,9.303899946236582,19.36316483904,1011.9239,-1.127938568183871,0.786846755650672
grid_m2.75_29.00,1947-11-01,19.923398361111136,11.460005236111133,50.22716502072,1011.6795261805555,-0.6805198869065278,0.5347945954773611
grid_m2.75_29.00,1947-12-01,18.99644614247314,11.761658911290345,54.5291900809,1012.2296655241936,-0.6147040851521774,0.2908999742961559
grid_m2.75_29.00,1948-01-01,20.05438420698927,11.793586491935507,68.04108601038,1012.4814565860214,-0.5043787735346774,-0.019868461167930104
grid_m2.75_29.00,1948-02-01,19.510266436781635,12.139600330459793,68.69030006422,1012.7543622844827,-0.6512005696949713,0.2818776355769109
grid_m2.75_29.00,1948-03-01,20.104836465053786,12.067592217741957,53.27272418562,1012.5506128360215,-0.6651452184701613,0.12292338845645162
grid_m2.75_29.00,1948-04-01,20.37469461111113,11.38145541666669,29.54649924742,1011.7232575694445,-1.3691664192819446,0.8712234689027778
grid_m2.75_29.00,1948-05-01,20.427109341397873,10.864181505376367,15.41996005696,1013.3494612903226,-1.5871382793387097,0.9603181640865592
grid_m2.75_29.00,1948-06-01,20.289763763888914,8.658769833333357,0.5211830126,1014.911323125,-1.3134412977666667,0.9484521717773611
grid_m2.75_29.00,1948-07-01,20.434787473118302,5.699796895161314,0.00667572032,1014.142263172043,-1.1254968331760753,0.9587378775599866
grid_m2.75_29.00,1948-08-01,20.49228178763443,7.526740309139808,0.86975098452,1013.5766379032258,-1.0746927563215054,1.2078688599076612
grid_m2.75_29.00,1948-09-01,20.93283101388891,9.177740583333357,10.56647299392,1012.5899579166665,-0.8416097859359722,0.6852054161730555
grid_m2.75_29.00,1948-10-01,20.859620900537656,10.391943897849485,23.30994605324,1012.6931268817204,-0.7058326135555107,0.3813941496801075
grid_m2.75_29.00,1948-11-01,20.388910569444466,11.140900486111134,28.88751026992,1012.3269821527778,-0.6404819864819444,0.26850908060680556
grid_m2.75_29.00,1948-12-01,19.906517580645183,11.939902701612926,41.03112222254,1012.0241436827957,-0.40325718148978495,0.04369196362813172
grid_m2.75_29.00,1949-01-01,19.89281174731185,12.607896948924754,75.84738753096,1012.9432789650538,-0.5070131866892876,0.030408803190268816
grid_m2.75_29.00,1949-02-01,19.463456190476215,12.388160773809545,69.04172915078,1013.6073843749999,-0.43078924417187503,0.02418197865724702
grid_m2.75_29.00,1949-03-01,20.714560793010772,11.538455282258086,29.983997384680002,1011.3279747311828,-1.0656587137530242,0.49944381812244626
grid_m2.75_29.00,1949-04-01,19.973092875000024,12.859590250000025,55.2601814505,1013.8264186805555,-0.7108393776176389,0.2589675265059722
grid_m2.75_29.00,1949-05-01,19.326380228494646,11.903503588709702,30.60579309956,1013.9854683467743,-1.275509229104973,0.803753084235484
grid_m2.75_29.00,1949-06-01,19.06103029166669,10.021379986111135,10.051250511,1015.305757013889,-1.145990137173611,0.8318275640381945
grid_m2.75_29.00,1949-07-01,19.72511127688174,7.401100577957012,0.60224532636,1015.0852168010753,-1.1755622337130376,1.0607962741268817
grid_m2.75_29.00,1949-08-01,21.030018709677442,4.399297795698947,0.00190734866,1013.4533006720429,-0.6665159052469086,1.0176483275612365
grid_m2.75_29.00,1949-09-01,21.151851069444465,7.343215375000023,2.32005119716,1013.4089708333333,-0.5819469439775,1.0217839377708333
grid_m2.75_29.00,1949-10-01,21.079883655914003,8.710087567204324,22.6712226527,1012.7214596774193,-0.7046816837700269,0.7787486863138441
grid_m2.75_29.00,1949-11-01,20.73112204166669,11.270445861111133,30.55858615202,1012.2870688194445,-0.7761360547081945,0.40654107345226387
grid_m2.75_29.00,1949-12-01,19.92824978494626,11.770772150537656,49.32308187688,1011.8314181451614,-0.6222970004697581,0.20677349171727152
grid_m2.75_29.00,1950-01-01,19.670268346774215,12.090697809139808,72.97611223418,1011.9240656586022,-0.48036290887634403,0.004580815998521505
grid_m2.75_29.00,1950-02-01,20.425945505952402,11.787198422619072,37.97364213328,1012.2502425595237,-0.46238756455572916,0.027285778174136903
grid_m2.75_29.00,1950-03-01,19.818723763440886,11.943593911290346,64.26572794838,1012.1069195564517,-0.5328759032127689,0.33255595546660754
grid_m2.75_29.00,1950-04-01,19.216089055555578,13.333765000000025,58.6273669561,1012.2150234027777,-0.9385288868063889,0.5120700200591667
grid_m2.75_29.00,1950-05-01,18.318037419354862,13.27056216397852,85.32404925656,1013.8290423387097,-1.0388320995520162,0.7160364167715053
grid_m2.75_29.00,1950-06-01,18.818145069444466,10.033114125000022,10.88023184536,1014.6678308333334,-0.9556689597829168,0.7327354004754472
grid_m2.75_29.00,1950-07-01,18.902439919354862,7.964505255376366,6.21056553652,1015.0658563844086,-0.7263808304563172,0.6698958067626344
grid_m2.75_29.00,1950-08-01,18.921329758064537,7.29109924731185,11.49964332816,1014.7898261424731,-0.636086351365793,0.520593356722137
grid_m2.75_29.00,1950-09-01,20.196696333333357,8.963065111111133,19.52338218992,1014.2029323611112,-0.7816907890069444,0.9610058461444445
grid_m2.75_29.00,1950-10-01,20.36091424731185,10.081525161290346,19.88315584736,1012.6299378360214,-0.6910919064169758,0.5621244599115591
grid_m2.75_29.00,1950-11-01,19.55872463888891,10.708817847222244,31.09264366206,1011.6788031250001,-0.8429219353390695,0.6171080271488889
grid_m2.75_29.00,1950-12-01,20.219975658602173,10.868564018817228,21.875619898980002,1012.0742168010753,-0.7612784474403226,0.28162435296581584
grid_m2.75_29.00,1951-01-01,19.824860994623677,11.896815336021529,91.75014479492,1012.2738105510753,-0.5016248147043011,-0.0074293280280914005
grid_m2.75_29.00,1951-02-01,19.534408616071453,11.549143005952404,43.64299781038,1012.6997078869047,-0.6854166089404613,0.1777864404253631
grid_m2.75_29.00,1951-03-01,20.00710794354841,11.889878225806473,44.21234138182,1011.8819094086022,-1.0418395847616935,0.6805840432963709
grid_m2.75_29.00,1951-04-01,19.050389833333355,13.991055625000023,96.03762624938,1014.043019236111,-0.5640199653909722,0.1924246468102639
grid_m2.75_29.00,1951-05-01,18.971405161290345,12.845990873655937,35.33697125676,1014.6568273521506,-1.3702367966760751,1.0219616727741936
grid_m2.75_29.00,1951-06-01,19.490685222222243,9.240122930555579,0.6785392783799999,1015.1483938194444,-1.2215170184544444,0.9247962264895833
grid_m2.75_29.00,1951-07-01,19.812590094086044,6.043582137096798,0.45585632214,1015.3779807123656,-1.1162794163399195,0.857281066738918
grid_m2.75_29.00,1951-08-01,20.613215698924755,6.70095743279572,1.0671615514400001,1014.1141456989247,-1.0281945301915323,1.0638241499153818
grid_m2.75_29.00,1951-09-01,21.281920569444466,9.508952361111135,15.22231108988,1013.0610323611112,-0.8803217479809722,0.7809792212333889
grid_m2.75_29.00,1951-10-01,20.688090228494648,11.244747110215076,55.58156977224,1012.5176372311828,-0.7680690948756721,0.6872068032361559
grid_m2.75_29.00,1951-11-01,19.496102625000024,12.778672944444468,69.53716286552,1013.1613977777778,-0.4016514247275833,0.31631817220527775
grid_m2.75_29.00,1951-12-01,18.24653489247314,14.421794637096797,207.77964604192,1014.2018786290323,-0.1330808356519758,0.08427094937948926
grid_m2.75_29.00,1952-01-01,19.62549670698927,13.669404381720453,75.5786895316,1012.7933896505375,-0.561176192075672,0.1430358285577957
grid_m2.75_29.00,1952-02-01,20.141839295977032,12.426896982758642,70.98388697464,1012.200489295977,-0.3410886002635058,0.08647859619755746
grid_m2.75_29.00,1952-03-01,20.98334743279572,11.442493333333356,36.43465050444,1011.9131657930108,-0.7111529260583334,0.2544475676227688
grid_m2.75_29.00,1952-04-01,19.787918722222244,13.090736597222245,80.6083678591,1013.1995414583332,-1.043685084768889,0.6189484498499583
grid_m2.75_29.00,1952-05-01,19.135704905914004,13.53367548387099,79.0627001037,1014.5838284274193,-0.8810356095303763,0.4495780907973656
grid_m2.75_29.00,1952-06-01,19.12705650000002,10.0494822777778,4.15897370086,1016.0909736805555,-1.3703231596111112,1.0227231087730555
grid_m2.75_29.00,1952-07-01,19.744568534946257,7.420914395161312,0.6861686676000001,1015.059572983871,-1.099467392453988,0.8925792625342742
grid_m2.75_29.00,1952-08-01,20.29449905913981,7.88430669354841,4.2641163085,1013.8582705645161,-0.7558335550326465,0.9872776945537635
grid_m2.75_29.00,1952-09-01,21.0171054027778,9.184045444444466,12.3779773474,1012.5670974305556,-0.8066018247393055,0.8522005302655556
grid_m2.75_29.00,1952-10-01,20.92537604838712,10.040177379032281,27.4367332862,1012.6860153897849,-0.7444644440714651,0.6757897409651882
grid_m2.75_29.00,1952-11-01,18.613606597222244,12.4838677777778,73.10009000084,1012.6668239583335,-0.6529326430142445,0.5761092066347222
grid_m2.75_29.00,1952-12-01,19.92983055107529,12.824674784946259,64.2561911773,1012.3039540994624,-0.6050380263611559,0.3059156270965054
grid_m2.75_29.00,1953-01-01,18.6521937231183,14.417848037634432,191.56861281276,1013.1963527553763,-0.14763196318024194,0.07039995115658602
grid_m2.75_29.00,1953-02-01,18.62280336309526,14.53372184523812,148.61536038094,1012.2718379464286,-0.3001349252260417,0.24297739287535713
grid_m2.75_29.00,1953-03-01,18.436400981182818,14.572671881720453,161.58342375972,1012.7448596774193,-0.3684065217248656,0.27991278925389784
grid_m2.75_29.00,1953-04-01,18.729782972222242,14.719472083333356,111.48405060182,1013.6861787500001,-0.38438157006606943,0.24180995101416666
grid_m2.75_29.00,1953-05-01,18.059415215053786,13.77300905913981,59.47828292,1014.5386576612904,-1.1282407902930107,0.8828569731313172
grid_m2.75_29.00,1953-06-01,18.7312559027778,11.717593569444466,17.24696161382,1015.1157722916666,-0.7595524676170833,0.6037041763410694
grid_m2.75_29.00,1953-07-01,18.564979905914,8.545594663978518,0.55956840614,1015.6376811155914,-1.1740935543047042,1.085998644906183
grid_m2.75_29.00,1953-08-01,19.969290551075293,7.756049018817228,6.45542145458,1014.4003290994624,-0.9043805988775537,0.9717412232765725
grid_m2.75_29.00,1953-09-01,19.599748680555578,9.997158305555578,26.25489241354,1013.6867263194446,-1.1011993198025,1.0161325888222223
grid_m2.75_29.00,1953-10-01,20.82926744623658,10.894752002688195,32.32812871132,1012.4324293010752,-0.767133159661828,0.5886812892337365
grid_m2.75_29.00,1953-11-01,19.855295708333358,12.306622902777802,71.4678766257,1013.2350497222222,-0.37750351433545837,0.23369774347424999
grid_m2.75_29.00,1953-12-01,18.92539844086024,14.074912970430132,129.15420546076,1012.710101545699,-0.2984076658573925,0.1374428046047715
grid_m2.75_29.00,1954-01-01,18.374598723118304,13.639946478494645,78.555583841,1013.6715081317204,-0.07999284629811829,-0.11969190993185483
grid_m2.75_29.00,1954-02-01,19.238587068452404,13.027720029761927,62.24465376464,1012.5374421875001,-0.32692461928348215,0.15957121014041667
grid_m2.75_29.00,1954-03-01,19.6426684543011,13.001715913978517,62.97206890688,1012.6140688844087,-0.8375447992607526,0.39317403879349466
grid_m2.75_29.00,1954-04-01,18.86800891666669,13.765240263888911,106.79197338018,1014.3953146527779,-0.9255582816536111,0.5377654092721528
grid_m2.75_29.00,1954-05-01,19.348554529569917,12.238162889784968,28.38563914888,1014.0518432123656,-1.0277493388185484,0.5800614529552285
grid_m2.75_29.00,1954-06-01,18.927618138888914,9.670085611111134,7.1048736454600006,1015.2988665972222,-1.0125642569454472,0.7663204184588194
grid_m2.75_29.00,1954-07-01,19.24456100806454,7.286400322580668,0.98419189388,1014.0520512768817,-0.7726507926120967,0.7060110843373657
grid_m2.75_29.00,1954-08-01,19.771475873655934,7.565160336021528,0.48375129806,1013.896749126344,-0.9350681715807796,1.0538658209536291
grid_m2.75_29.00,1954-09-01,20.302921194444465,8.186426208333357,17.69709589922,1012.990425625,-0.5702654309746945,0.9399790028522221
grid_m2.75_29.00,1954-10-01,20.25340666666669,10.426103924731207,37.7681254902,1012.2509959005376,-0.6593032551091398,0.49041946723938173
grid_m2.75_29.00,1954-11-01,19.92199375000002,10.732970888888913,23.79560467692,1012.1247305555555,-0.9874933661941666,0.5755286325291945
grid_m2.75_29.00,1954-12-01,19.55398618279572,12.109764422043034,59.64279186206,1012.0029057123656,-0.4315216998763441,0.10006213413857527
grid_m2.75_29.00,1955-01-01,20.01294053763443,11.15029598118282,37.51826287662,1012.5536475806451,-0.7306799740934408,0.1279713618218414
grid_m2.75_29.00,1955-02-01,19.56032197916669,13.07282090773812,96.75741193742,1011.8099320684523,-0.08934116092877976,-0.18910444331979168
grid_m2.75_29.00,1955-03-01,19.497729543010777,13.028122083333358,101.3748644584,1011.5900813844087,-0.5260853514052419,0.2338028151933602
grid_m2.75_29.00,1955-04-01,19.30116944444447,13.155610402777802,51.56898506282,1012.162325625,-0.9910574593908333,0.5822026634270834
grid_m2.75_29.00,1955-05-01,18.460296169354862,12.234665846774215,36.6230010237,1014.6683686155914,-1.2686436133879033,0.9164926676744625
grid_m2.75_29.00,1955-06-01,18.490676305555578,10.087427319444467,5.48124308766,1015.3323349305556,-1.3822421188736111,0.9892948139654166
grid_m2.75_29.00,1955-07-01,19.085697002688192,8.982976854838732,3.2391548134,1014.375120094086,-1.1568461792739249,0.9668227377584409
grid_m2.75_29.00,1955-08-01,19.993586559139807,6.687994502688195,10.29682157078,1013.248939045699,-0.5798105842965053,0.8873778522653226
grid_m2.75_29.00,1955-09-01,19.901866861111134,9.967223263888911,21.07167242744,1012.9623738888889,-0.7498658069361112,0.5380016121555555
grid_m2.75_29.00,1955-10-01,20.498531317204325,10.494055913978517,37.06979744062,1011.9979796370968,-0.6405688260076076,0.4422896804404973
grid_m2.75_29.00,1955-11-01,20.178365625000023,11.2944076527778,23.91147620192,1011.9625670833334,-0.5609823020901389,0.27230998089611114
grid_m2.75_29.00,1955-12-01,19.627696357526904,11.611265712365613,53.15971381272,1012.1659628360215,-0.5396947953704839,0.17590241829758063
grid_m2.75_29.00,1956-01-01,18.627588884408624,12.62174735215056,104.63643088996,1011.8227180107526,-0.24341056225991936,0.018907997875
grid_m2.75_29.00,1956-02-01,20.16535695402301,11.886464396551746,40.24434074234,1011.1645830459771,-0.5365487460602012,-0.0060435325257183915
grid_m2.75_29.00,1956-03-01,20.511211841397873,11.31430168010755,46.19598379988,1011.6793341397849,-0.7511804643766129,0.3373595811997312
grid_m2.75_29.00,1956-04-01,18.986566875000026,13.185723986111133,114.7904396704,1012.8405434722222,-0.7530735923893334,0.5072165921385
grid_m2.75_29.00,1956-05-01,18.071781223118304,13.492086841397871,70.97578048798,1014.4510330645161,-1.0616056596021506,0.5985542639932796
grid_m2.75_29.00,1956-06-01,18.45402891666669,9.753202375000022,4.65273860244,1015.0327615277777,-1.2938237926220832,0.9400952469001944
grid_m2.75_29.00,1956-07-01,19.00825681451615,7.120518413978517,0.7591247626200001,1014.5077497311829,-1.0010159607698925,0.8870922202313173
grid_m2.75_29.00,1956-08-01,19.969595725806474,8.345392567204323,9.444236718099999,1013.4479637768817,-0.8438803146802419,0.8300130481731183
grid_m2.75_29.00,1956-09-01,20.383783291666692,9.19651738888891,16.06440534536,1011.9998498611112,-0.9567683421353472,0.7338677093063889
grid_m2.75_29.00,1956-10-01,20.49137810483873,9.807724112903248,43.81132144322,1011.8046776209678,-0.6532954131552419,0.6130427706760753
grid_m2.75_29.00,1956-11-01,19.84568391666669,11.639088152777799,37.62912740272,1011.6840037500001,-0.6833613679877778,0.4122208061551389
grid_m2.75_29.00,1956-12-01,19.625134005376367,11.266776948924754,45.09043697022,1011.9677709005375,-0.7176962599318548,0.3693392973090054
grid_m2.75_29.00,1957-01-01,18.94939920698927,13.677917190860237,156.56423584298,1012.0927426075268,0.22384090712241933,-0.29743366838870966
grid_m2.75_29.00,1957-02-01,18.538185208333356,14.098163214285737,195.65892221024,1012.3558257440477,0.22754094638675598,-0.16249715831205358
grid_m2.75_29.00,1957-03-01,18.60785923387099,14.609947110215078,155.34734720444,1012.8985467069894,0.10494269084341398,-0.0599991163427285
grid_m2.75_29.00,1957-04-01,19.50610700000002,14.826106583333356,70.79529744274,1013.1099912499999,0.07075652834388889,-0.17325229926333335
grid_m2.75_29.00,1957-05-01,19.63486048387099,14.86598096774196,75.26659977786,1014.1618929435483,-0.7728666695994624,0.4582057464926075
grid_m2.75_29.00,1957-06-01,19.665944513888913,12.610565111111132,28.90157696732,1015.2734370833334,-0.9278412076358333,0.68369070536375
grid_m2.75_29.00,1957-07-01,19.6868384543011,9.449939704301098,2.8698444425400003,1014.6380411962366,-1.1938510198973118,1.02775222072875
grid_m2.75_29.00,1957-08-01,20.455705752688196,7.602111034946259,0.72002410484,1013.7530163978494,-1.0585451438185485,1.1574955607533604
grid_m2.75_29.00,1957-09-01,21.768401694444467,8.84116263888891,10.949134769679999,1012.3591240277777,-0.9786243219930556,1.1502681507019443
grid_m2.75_29.00,1957-10-01,20.754854260752712,11.722830255376365,26.60012246014,1012.4030872311829,-0.7558536838010753,0.5705117451899193
grid_m2.75_29.00,1957-11-01,20.45183762500002,12.272697305555576,32.07945840672,1012.236779236111,-1.171514504598611,0.6867251077222917
grid_m2.75_29.00,1957-12-01,19.637148978494643,13.29516104838712,82.51547802888,1012.6989272177419,-0.36111922577991934,0.14348192110241936
grid_m2.75_29.00,1958-01-01,20.48122221774196,14.66767677419357,67.9361822207,1012.1008493951613,-0.4763717848311828,0.16643665642735217
grid_m2.75_29.00,1958-02-01,19.87600074404764,14.454836622023834,100.18205674254,1013.3470234375001,-0.10200664002574406,-0.1881370540828869
grid_m2.75_29.00,1958-03-01,20.446982473118304,13.226773897849487,43.0951119477,1012.5576738575269,-0.6800302068326612,0.2759477756311022
grid_m2.75_29.00,1958-04-01,20.8316949027778,13.181347861111135,60.39834003692,1012.0674331944444,-1.1418729370104166,0.7017721172323611
grid_m2.75_29.00,1958-05-01,19.794592096774217,13.687570860215075,101.67908663722,1014.3218385080645,-1.1618150494973118,0.7540795757452957
grid_m2.75_29.00,1958-06-01,19.984574805555578,10.565200597222246,4.39786911012,1015.1670294444443,-1.2587824063119444,0.9861203136761112
grid_m2.75_29.00,1958-07-01,19.817118924731204,8.714082459677442,4.47893142876,1014.2553475806452,-0.9405239476221774,0.8604096007418682
grid_m2.75_29.00,1958-08-01,20.14101286290325,9.474420376344108,9.85717774466,1013.7805863575269,-1.0073586114077555,0.9330954763571235
grid_m2.75_29.00,1958-09-01,21.452526625000022,8.914282458333357,10.47968865684,1012.5634627083333,-0.6824092859141666,0.6389746552569444
grid_m2.75_29.00,1958-10-01,21.575928682795723,9.374889139784969,26.19671827422,1012.2716772849462,-0.6807031920956989,0.5549898083525134
grid_m2.75_29.00,1958-11-01,20.657748805555578,11.414539361111135,44.02279852232,1011.9769955555556,-0.5092160943375,0.3334378553433333
grid_m2.75_29.00,1958-12-01,19.540049448924755,13.964271290322603,107.41448420372,1012.9545602822581,-0.4683955989215054,0.23095742677432796
grid_m2.75_29.00,1959-01-01,19.899486706989272,14.300671129032283,54.56566813876,1012.2378560483871,-0.24545126978803763,0.016040802170201613
grid_m2.75_29.00,1959-02-01,19.674787113095263,14.27383662202383,105.11970510772,1012.5925466517857,-0.09995844412127977,-0.15220916859819048
grid_m2.75_29.00,1959-03-01,19.993315913978517,14.622273346774216,68.8607693131,1012.613421438172,-0.18419437460873656,-0.06009681260846774
grid_m2.75_29.00,1959-04-01,19.758339638888913,14.221901930555578,98.11115244704,1012.0153409722222,-0.9930556188409168,0.5550438146079166
grid_m2.75_29.00,1959-05-01,20.116186989247332,13.545696169354862,41.8784616914,1012.4794565188172,-0.6460823766487903,0.4406146219344758
grid_m2.75_29.00,1959-06-01,19.86946912500002,11.025557236111135,1.99437140958,1014.3246096527778,-1.1544404973333333,0.99993199286
grid_m2.75_29.00,1959-07-01,19.22413342741938,10.054434637096797,10.831594538860001,1014.832369892473,-1.1610621998655914,1.0088714687280915
grid_m2.75_29.00,1959-08-01,20.114118481182818,9.641703938172066,9.00959968784,1013.1507311827957,-1.0789044290803764,1.0151113442116937
grid_m2.75_29.00,1959-09-01,19.970320708333357,11.656955750000023,25.039672882,1012.7462644444444,-0.9530416237995833,0.7309943323899584
grid_m2.75_29.00,1959-10-01,19.908790604838735,12.689340107526903,49.0164758652,1012.96680577957,-0.5395946395353495,0.44946473304584683
grid_m2.75_29.00,1959-11-01,19.390908569444466,13.423324722222247,83.56881159288,1012.441975625,-0.5335785506084723,0.4134321223811944
grid_m2.75_29.00,1959-12-01,19.922425255376364,12.709363924731205,64.24307834844,1012.4301816532259,-0.5102273641061829,0.19890481692533601
grid_m2.75_29.00,1960-01-01,19.694945725806477,13.596486290322604,79.076290108,1012.9089592741935,-0.24594032894086024,-0.004437933084912634
grid_m2.75_29.00,1960-02-01,20.264744554597723,12.303620100574735,43.75672349718,1012.5387194683908,-0.4662988316743103,0.25283703872507185
grid_m2.75_29.00,1960-03-01,19.61213868279572,13.181735631720453,79.4866084068,1012.1514612903227,-0.3124280545947581,0.13055353041962367
grid_m2.75_29.00,1960-04-01,19.913060861111134,13.782398583333356,69.27013401434,1012.4183656944443,-0.9384743816079167,0.5266935805188889
grid_m2.75_29.00,1960-05-01,20.617466411290344,12.238630336021528,13.43059535678,1013.2014901881721,-1.449867334325269,0.9023385146532258
grid_m2.75_29.00,1960-06-01,19.658828180555577,10.694954500000023,2.25424765294,1014.6291721527779,-1.5571682219736112,1.09076628543675
grid_m2.75_29.00,1960-07-01,18.880688387096797,9.90759673387099,1.80053711732,1014.9013145833334,-1.283727132125,1.0259401177083334
grid_m2.75_29.00,1960-08-01,20.02296875000002,10.035006827957012,6.98852533116,1013.760827688172,-1.0751770573267474,0.962414482836828
grid_m2.75_29.00,1960-09-01,20.15377318055558,11.054227805555579,21.57878879884,1013.1814721527778,-1.0762399238408333,0.8373088832691667
grid_m2.75_29.00,1960-10-01,20.67908846774196,11.671349220430129,25.92015257906,1012.6325290322582,-1.0245728317047043,0.6880522125135753
grid_m2.75_29.00,1960-11-01,20.315283638888914,11.740578819444467,44.62623596086,1012.9530481249999,-0.5444132057720833,0.2955813094951806
grid_m2.75_29.00,1960-12-01,20.82545118279572,11.919631908602172,29.41393836668,1011.6143235215053,-0.6582943699907258,0.29178641982471637
grid_m2.75_29.00,1961-01-01,20.220593319892497,11.801410228494646,81.18772468922,1011.7895422043011,-0.4092251569627688,0.060922212729301074
grid_m2.75_29.00,1961-02-01,19.361784687500023,11.705004270833356,62.25490575628,1013.1678322172619,-0.3918145044979018,0.09917527197660714
grid_m2.75_29.00,1961-03-01,20.364022715053785,12.23918051075271,40.30537615944,1011.9850920698925,-0.6926360199305107,0.2767022324215054
grid_m2.75_29.00,1961-04-01,20.640651069444466,12.0189739027778,43.89286050592,1011.8237425694444,-0.9745378490655555,0.4836670333568055
grid_m2.75_29.00,1961-05-01,21.09425361559142,10.829100766129056,15.6478880963,1013.2662727822582,-1.4891801024005376,0.8997426733313172
grid_m2.75_29.00,1961-06-01,20.145843361111133,8.998055861111133,3.231286994,1013.8532770138888,-1.2861605533097222,1.0331891828115278
grid_m2.75_29.00,1961-07-01,18.858125766129053,10.334161276881742,22.63212199178,1014.4905233870968,-1.474719143298387,1.0709472592182796
grid_m2.75_29.00,1961-08-01,19.597018400537657,9.271554986559162,9.06920431266,1014.5365194892473,-1.1700714256493279,0.9926448842923387
grid_m2.75_29.00,1961-09-01,20.473172222222246,9.426624013888913,20.45750614688,1012.7302224305555,-1.1649869082929167,0.7368594693710417
grid_m2.75_29.00,1961-10-01,20.163493911290345,10.15028110215056,23.37670326476,1012.0258906586022,-0.840732819373656,0.46086648504462363
grid_m2.75_29.00,1961-11-01,18.54751579166669,13.23602505555558,172.09124530382,1012.787924236111,-0.3439457368638889,0.20290076010513888
grid_m2.75_29.00,1961-12-01,18.261079059139806,14.446512768817227,207.9181669488,1013.0283442876344,-0.13318974629819894,0.022661434666438177
grid_m2.75_29.00,1962-01-01,18.131866975806474,14.237013709677441,161.24844539158,1013.1980491935484,0.045397791888575276,-0.10981836591169356
grid_m2.75_29.00,1962-02-01,19.553721800595262,12.699596532738118,72.9341507535,1012.2626758184524,-0.4692393948891369,0.17814983666309525
grid_m2.75_29.00,1962-03-01,19.08396111559142,13.53235106182798,122.4174501488,1012.1475877016129,-0.33832375636212364,0.25407391485873654
grid_m2.75_29.00,1962-04-01,19.28786441666669,13.366670083333355,62.761545085099996,1012.6980996527777,-0.74351287372,0.5017369241788889
grid_m2.75_29.00,1962-05-01,18.235994516129054,13.813646922043032,153.77020843182,1014.8541851478495,-0.950493146308871,0.6231496716643413
grid_m2.75_29.00,1962-06-01,18.54535936111113,11.298902500000024,14.79339601712,1014.4488724305555,-0.8855372743027778,0.6380996269459722
grid_m2.75_29.00,1962-07-01,18.97626482526884,9.05720973118282,1.04212760844,1015.7290010080646,-0.9813064462433333,0.7240960111023521
grid_m2.75_29.00,1962-08-01,18.70703846774196,11.395163682795722,27.12845802272,1014.8277399193548,-0.9361558944055108,0.564434871806586
grid_m2.75_29.00,1962-09-01,19.6898176527778,10.530001847222245,16.2963866934,1013.7102429166667,-0.8018614668808334,0.558306333545
grid_m2.75_29.00,1962-10-01,19.582332567204322,11.63961481182798,78.81903656012,1013.2465488575269,-0.5042044327650269,0.45280897496357525
grid_m2.75_29.00,1962-11-01,18.854277458333357,12.529192861111135,90.44790236284,1012.5081634722221,-0.3589136332604167,0.3520267904941667
grid_m2.75_29.00,1962-12-01,19.205455107526905,12.746597150537658,57.4891566457,1013.021446841398,-0.44855686914395165,0.25675420864364246
grid_m2.75_29.00,1963-01-01,18.040291169354862,13.375445685483893,127.62188924728,1012.8143120295698,-0.31936194265030915,0.1101291613983871
grid_m2.75_29.00,1963-02-01,19.78524086309526,11.991262321428595,41.72587391498,1011.8866948660715,-0.39486410221279766,0.06838816665
grid_m2.75_29.00,1963-03-01,19.43818927419357,12.30440405913981,81.3758370794,1013.2068909274194,-0.6510006071372312,0.21524767797150537
grid_m2.75_29.00,1963-04-01,19.182086083333356,13.141654180555578,92.00501425614,1012.9963252777777,-0.8475087475801389,0.4787218160746528
grid_m2.75_29.00,1963-05-01,19.27353481182798,13.500854637096797,58.2277774026,1014.126997311828,-0.938865784981586,0.513293728202957
grid_m2.75_29.00,1963-06-01,19.557325236111133,9.542823361111134,2.4595260795,1015.5882466666667,-1.1842066034651388,0.906057590406111
grid_m2.75_29.00,1963-07-01,19.87799491935486,8.185885067204325,1.0342598134,1014.4521565188172,-1.1101071962674731,1.008759048461156
grid_m2.75_29.00,1963-08-01,20.65564536290325,8.183490336021528,3.23009490516,1013.7850514112904,-0.9496816433438925,0.8249353393185483
grid_m2.75_29.00,1963-09-01,21.22696116666669,9.041186638888913,11.11125941172,1012.9001143055556,-1.1518286167502778,0.8585321635396668
grid_m2.75_29.00,1963-10-01,20.879160147849486,10.479040362903248,33.37311744502,1012.6729882392474,-0.8829690052565591,0.449338175143414
grid_m2.75_29.00,1963-11-01,19.356591236111132,12.332581458333355,69.06700116318,1012.6721584027777,-0.4431435486934723,0.22306802492263889
grid_m2.75_29.00,1963-12-01,19.104141908602173,13.005591034946258,81.65740978618,1013.2067911290322,-0.3414918883376344,0.1618344712938172
grid_m2.75_29.00,1964-01-01,19.447096774193568,13.40576409946239,41.59665104002,1012.8673178091399,-0.5277219592397849,0.30831374573024195
grid_m2.75_29.00,1964-02-01,19.481687844827608,13.353338850574735,76.77316664118,1012.3952832614942,-0.15119699531135058,0.023276197023706896
grid_m2.75_29.00,1964-03-01,20.36712784946239,12.492264032258086,58.01391604276,1013.050064717742,-0.3807446470841398,0.0720209922735215
grid_m2.75_29.00,1964-04-01,19.876235847222247,12.895909986111135,74.20659055218,1013.380381875,-0.8572475858465277,0.38215848370704164
grid_m2.75_29.00,1964-05-01,19.61934744623658,11.689689180107548,23.02265165812,1015.5305132392473,-1.326325771061828,0.7019500992246773
grid_m2.75_29.00,1964-06-01,19.727895611111133,10.219665680555577,10.3790760562,1015.1234768055556,-1.1785061940222223,0.5632494397878611
grid_m2.75_29.00,1964-07-01,19.156531962365616,9.16803857526884,12.10570335012,1015.9043092741936,-0.8820372352521506,0.6794354886741936
grid_m2.75_29.00,1964-08-01,19.47857111559142,8.205759677419376,3.75151633918,1014.7335688844086,-1.0631237855607527,1.014938067295699
grid_m2.75_29.00,1964-09-01,19.426092305555578,10.572196138888913,22.47261996332,1013.986518125,-0.84609801104125,0.6601049413445
grid_m2.75_29.00,1964-10-01,18.695696209677443,11.663784932795721,99.3328094032,1013.3470409946237,-0.7309109525188172,0.4699076796225806
grid_m2.75_29.00,1964-11-01,18.9027340277778,11.82585088888891,55.82690211306,1013.1334969444445,-0.5722097270375931,0.368306244960375
grid_m2.75_29.00,1964-12-01,19.02740479838712,10.892734233870993,38.48075861126,1011.712343077957,-0.6437691278609677,0.35703168915779565
grid_m2.75_29.00,1965-01-01,20.08808166666669,10.904062513440882,25.897502759,1011.699995967742,-0.3537420486103494,0.04410993932344086
grid_m2.75_29.00,1965-02-01,19.773095148809546,11.577269017857166,58.57133866602,1011.6630863839285,-0.20088906523214287,-0.16718950659880952
grid_m2.75_29.00,1965-03-01,19.725228319892498,12.03968344086024,100.90827918146,1013.1952252016129,-0.47429084761169354,0.1598756236967742
grid_m2.75_29.00,1965-04-01,18.916149069444465,12.863462069444466,73.2531546594,1013.6739618749999,-0.7304929104885959,0.38000910052111114
grid_m2.75_29.00,1965-05-01,19.089836586021526,12.215871357526904,32.8209400387,1015.2579369623655,-1.1504066204105914,0.6300621427883065
grid_m2.75_29.00,1965-06-01,19.53889637500002,7.431368611111134,2.04586982782,1016.62267375,-1.0870744919479167,0.6993696685603611
grid_m2.75_29.00,1965-07-01,19.45110056451615,9.180730591397872,4.03928754682,1016.5341057123657,-0.910321777498656,0.501317403193414
grid_m2.75_29.00,1965-08-01,20.24290922043013,8.119130913978518,1.42025947476,1014.3933516801076,-1.0000718638481183,0.8875819870761156
grid_m2.75_29.00,1965-09-01,20.197457597222243,9.961370805555578,24.68705186804,1013.6296870138889,-1.0605636870594444,0.8245865919718055
grid_m2.75_29.00,1965-10-01,20.709139220430128,10.239962096774217,34.9733829588,1013.0276389784946,-0.8431059727487903,0.6271452337592742
grid_m2.75_29.00,1965-11-01,20.204568680555578,11.161324583333355,26.41296388428,1012.9979166666667,-0.7930225088280556,0.4273357394709722
grid_m2.75_29.00,1965-12-01,19.368446948924756,12.415564193548411,88.95373336926,1013.1272367607527,-0.2693686332574597,0.02299503579569892
grid_m2.75_29.00,1966-01-01,20.321866478494645,11.121255255376367,20.0111866298,1013.1050815860216,-0.7412473217929059,0.3854620949767473
grid_m2.75_29.00,1966-02-01,20.1042704761905,12.557327172619072,71.50626173126,1012.8093114583334,-0.11932627029098215,-0.07542417160446428
grid_m2.75_29.00,1966-03-01,19.592498293010777,12.866478198924753,72.05820068938,1013.5078270833333,-0.6527234157528226,0.2260292423482527
grid_m2.75_29.00,1966-04-01,19.550379736111132,12.5365296527778,58.71748918078,1014.0174747916666,-0.9953737257527777,0.4903066776062083
grid_m2.75_29.00,1966-05-01,20.006421290322603,11.432698629032283,19.19651035942,1015.082431048387,-1.380193402611559,0.8128669376091398
grid_m2.75_29.00,1966-06-01,19.53463793055558,9.453536305555577,4.45580481686,1016.3719388888888,-1.5627913022847222,0.9871597709920833
grid_m2.75_29.00,1966-07-01,20.726035094086043,7.494198400537656,1.60765649396,1015.4700370967741,-1.136347144298387,0.8214492638201613
grid_m2.75_29.00,1966-08-01,20.606646814516154,8.903886397849485,26.084423073099998,1014.2908151209677,-0.7592742663158601,0.711706899349543
grid_m2.75_29.00,1966-09-01,19.763352847222244,10.740209125000023,41.23783121042,1014.0280048611112,-0.7691537442069445,0.5621798142365277
grid_m2.75_29.00,1966-10-01,20.41628405913981,9.94885170698927,29.08110625114,1012.5297300403226,-0.9832324355219085,0.6247395147845429
grid_m2.75_29.00,1966-11-01,19.633253472222243,12.094713250000021,61.16723992764,1012.1021977083334,-0.7376427710988889,0.4635629912126389
grid_m2.75_29.00,1966-12-01,20.16979106182798,11.221960631720453,32.08827962702,1010.7254913978495,-0.5951293610693549,0.20493226478817203
grid_m2.75_29.00,1967-01-01,20.80717100806454,10.684462540322604,34.0127944678,1010.9826561827957,-0.5615389720290322,0.04898865062486559
grid_m2.75_29.00,1967-02-01,20.80733174107145,11.17112680059526,41.1424636899,1011.0822977678571,-0.6175842024235119,0.028914360403124995
grid_m2.75_29.00,1967-03-01,20.420045040322602,12.800785900537656,78.41825501058,1011.3064459005376,-0.32709470405779567,0.12203637047244623
grid_m2.75_29.00,1967-04-01,19.84774445833336,13.276431472222246,79.55908803764,1012.3770103472222,-0.5192571319943056,0.26770592498597223
grid_m2.75_29.00,1967-05-01,19.212744448924756,13.72718862903228,66.67733201246,1014.5872995967743,-0.9956123383482527,0.5347765360935484
grid_m2.75_29.00,1967-06-01,19.22279026388891,10.840622319444467,10.48445702648,1015.0183976388889,-1.2746836488640279,0.7999529800315277
grid_m2.75_29.00,1967-07-01,19.201406720430132,10.429672903225828,7.36236571156,1015.3451210349463,-1.2334102653091397,0.9336026715837364
grid_m2.75_29.00,1967-08-01,20.006571693548413,8.790744448924753,1.1966228560999999,1014.8302339381721,-1.494678576126344,1.3247006723158603
grid_m2.75_29.00,1967-09-01,20.214384125000024,10.35305376388891,41.99957856338,1013.9282088888888,-1.2926179098902777,0.8753492462069444
grid_m2.75_29.00,1967-10-01,20.32921049731185,11.209304381720454,38.49959378918,1013.0211710349462,-0.9227962291091398,0.5203815794106854
grid_m2.75_29.00,1967-11-01,20.061090569444467,11.59339863888891,43.59245295848,1012.2999380555556,-0.6770587407262042,0.3064196265684722
grid_m2.75_29.00,1967-12-01,19.949563064516152,13.18431413978497,58.26377868764,1013.4015560483871,-0.3664681304490591,-0.03296400934989247
grid_m2.75_29.00,1968-01-01,19.853495712365614,12.68116668010755,80.73091509538,1012.3866754032257,-0.20016969014045696,-0.08460065372104167
grid_m2.75_29.00,1968-02-01,19.07747040229887,13.88694626436784,173.91037966108,1012.5942209770114,-0.46456594097083337,0.12538497745229885
grid_m2.75_29.00,1968-03-01,18.578783145161314,13.925573709677442,123.67486937011999,1013.1218530241936,0.022048725198521503,-0.0918435333139785
grid_m2.75_29.00,1968-04-01,18.70620616666669,14.410167402777802,121.30665781164,1013.3817876388889,-0.5573623020548611,0.31933698967077223
grid_m2.75_29.00,1968-05-01,18.740852594086043,13.117748037634433,36.20576864878,1014.1568575268818,-1.1568450313534946,0.6187040089348118
grid_m2.75_29.00,1968-06-01,19.033990361111133,11.2610719027778,16.1037444741,1015.4454156944444,-1.1548626802798612,0.8007019047901388
grid_m2.75_29.00,1968-07-01,18.993999395161314,9.762819018817227,3.63373759552,1015.9197618951613,-1.2494718376612903,0.8777707765466398
grid_m2.75_29.00,1968-08-01,19.986467567204322,8.698068467741958,2.22492213534,1014.4873147177419,-1.3407324584510754,1.0954550531140324
grid_m2.75_29.00,1968-09-01,20.664127013888912,9.800218319444468,13.67330545066,1013.4187259722223,-1.0246843336451388,0.8789857020302361
grid_m2.75_29.00,1968-10-01,21.036879623655935,10.96395673387099,28.752327027299998,1012.6003040322581,-0.9231368652083334,0.5343633066741935
grid_m2.75_29.00,1968-11-01,19.285996500000024,12.238651000000022,68.76611702294,1012.9394581944445,-0.9615028811726388,0.6190696923602778
grid_m2.75_29.00,1968-12-01,19.633595658602175,12.655365215053786,79.87880717808,1013.0629003360215,-0.4032809761556452,0.023876046420698925
grid_m2.75_29.00,1969-01-01,19.891146854838734,12.884728508064539,75.44469820684,1011.5268073252688,-0.45019514895698926,0.10198383051290323
grid_m2.75_29.00,1969-02-01,19.4978114136905,13.802491264880976,76.79080955872,1012.1915514880952,-0.664818013731994,0.34368374628125
grid_m2.75_29.00,1969-03-01,19.95556048387099,14.175978104838732,94.89774694798,1012.4724505376345,-0.7719193540340054,0.5381668663388441
grid_m2.75_29.00,1969-04-01,20.703950569444466,13.437043319444468,40.18330579402,1012.3320639583334,-1.2170083577180555,0.7775543880824999
grid_m2.75_29.00,1969-05-01,19.82773544354841,13.268051841397872,53.7233351465,1014.0872668010752,-1.3049667509650538,0.7967446246874597
grid_m2.75_29.00,1969-06-01,19.874508305555576,10.104300986111134,1.79862976624,1014.7190523611112,-1.3873643443206944,0.9666699505786945
grid_m2.75_29.00,1969-07-01,19.67491611559142,8.736784408602173,0.19407272256,1015.3898877688172,-1.4528222099556451,1.112361785299059
grid_m2.75_29.00,1969-08-01,20.024106935483893,8.857018091397872,0.9996891062400001,1013.4931764784947,-1.4946547883365593,1.2579940864637096
grid_m2.75_29.00,1969-09-01,20.850419375000023,10.526960013888912,16.72434802866,1012.7061534722222,-1.1756932356253333,0.749434084892639
grid_m2.75_29.00,1969-10-01,21.039370510752708,10.695194086021527,18.01300049718,1011.8059497311827,-0.8671717284084678,0.47896034431048384
grid_m2.75_29.00,1969-11-01,20.311841986111133,11.407121555555578,41.26715666102,1012.568554236111,-0.766113772210875,0.36847116702847227
grid_m2.75_29.00,1969-12-01,21.033050900537656,11.502613024193568,39.35289389708,1012.3973315188172,-0.7265324301692608,0.13021372640407258
grid_m2.75_29.00,1970-01-01,19.610803306451636,13.548170524193573,124.7661112331,1013.5979237903226,-0.27202325221465057,0.030068326010322582
grid_m2.75_29.00,1970-02-01,20.71928491071431,13.41356480654764,54.63170989722,1012.3786164434523,-0.6581329162866071,0.12291323641471727
grid_m2.75_29.00,1970-03-01,20.002004032258085,13.736335846774216,148.74649055102,1012.4715654569893,-0.4209831195608871,0.12734999646022985
grid_m2.75_29.00,1970-04-01,19.244260444444468,14.755996986111134,125.12731537806,1013.3468569444444,-0.8718065202541666,0.5441297531731945
grid_m2.75_29.00,1970-05-01,19.23169680107529,13.286394018817228,42.85740850652,1013.9840184139786,-1.2150564293511694,0.7391341277778225
grid_m2.75_29.00,1970-06-01,19.468481611111134,10.950922416666687,4.81843948818,1015.2861948611111,-1.3861455286129167,1.0033396614419445
grid_m2.75_29.00,1970-07-01,19.20920920698927,9.711908897849485,0.37121772644,1015.0537250000001,-1.3695697161330644,1.0789280489841397
grid_m2.75_29.00,1970-08-01,19.639351276881744,10.172801881720453,1.5583038354,1013.5213788978494,-1.3602687061473118,1.0881650157311828
grid_m2.75_29.00,1970-09-01,20.868766930555577,9.254393208333356,14.01543614082,1012.0683778472222,-1.0312588790776667,0.8903177892700417
grid_m2.75_29.00,1970-10-01,20.76437922043013,10.536597096774216,36.80419917176,1011.8270758736559,-0.7447642785266129,0.6714829068623657
grid_m2.75_29.00,1970-11-01,19.903006083333356,12.304641416666689,62.63637534574,1012.2039858333333,-0.46625357769722225,0.22148092036784722
grid_m2.75_29.00,1970-12-01,19.81586919354841,11.853440295698947,64.00966652032,1012.6017031586022,-0.5729555635266129,0.11863549498518548
grid_m2.75_29.00,1971-01-01,19.30604106182798,12.731528642473142,92.72551559788,1011.9390807123656,-0.15031322426935484,-0.04493307349717742
grid_m2.75_29.00,1971-02-01,19.663507514880976,12.085307470238117,69.99516483864,1010.979957514881,-0.41082738711875,-0.11000220983928573
grid_m2.75_29.00,1971-03-01,20.1390333870968,11.434991868279594,40.84658631376,1011.1936179435484,-1.1024235569303762,0.5231387847921599
grid_m2.75_29.00,1971-04-01,19.290219958333356,13.217419625000025,122.2825051183,1012.579232361111,-0.7369826852302083,0.37826518036641665
grid_m2.75_29.00,1971-05-01,18.867151827957013,13.32442920698927,52.72674559844,1013.685534811828,-1.1476872637157258,0.7423921311154571
grid_m2.75_29.00,1971-06-01,19.156744652777803,9.998167847222245,2.24137304502,1015.0353877083334,-1.3500180559972221,1.1127481686166667
grid_m2.75_29.00,1971-07-01,19.138593736559162,9.575485147849486,5.6440830088,1014.418153763441,-1.2718412133790322,1.1323148160810483
grid_m2.75_29.00,1971-08-01,20.04003399193551,8.16669294354841,5.2475929113,1013.290333266129,-1.0115856159034946,1.0101250695326613
grid_m2.75_29.00,1971-09-01,20.116026694444468,10.313878208333355,38.07783141612,1013.1439062500001,-1.0495840920394444,0.7611908321417222
grid_m2.75_29.00,1971-10-01,20.415412956989268,10.561556559139808,38.444757420180004,1012.9650879704301,-0.8927724701922044,0.578365515510914
grid_m2.75_29.00,1971-11-01,19.216243125000023,12.187437958333355,97.26595848566,1012.8978111111111,-0.4650956259012361,0.2572785486934722
grid_m2.75_29.00,1971-12-01,18.591637634408624,12.348421021505398,113.0733488643,1013.3537647177419,-0.253407956093414,0.02791679534778226
grid_m2.75_29.00,1972-01-01,19.243296384408623,12.510980793010775,68.03226464338,1011.5384373655913,-0.5158949417877688,0.21645714202284946
grid_m2.75_29.00,1972-02-01,18.980508117816115,13.435337198275885,107.73825666392,1012.2031714798851,-0.22608419338979885,0.04667337003716522
grid_m2.75_29.00,1972-03-01,19.25358471774196,12.937741317204324,85.94679822866,1012.0261990591398,-0.7447478790098119,0.5044014841637097
grid_m2.75_29.00,1972-04-01,19.74447669444447,12.533295847222245,48.70128635268,1012.2970729861111,-1.0905339609187499,0.6709789796455555
grid_m2.75_29.00,1972-05-01,19.587110147849483,12.865035120967766,33.278942055339996,1013.5419646505376,-1.4491717430389786,0.8305706702369624
grid_m2.75_29.00,1972-06-01,18.864859361111133,12.165581847222246,74.4309422849,1014.7920096527779,-0.99831744262125,0.6297357556653694
grid_m2.75_29.00,1972-07-01,19.371938696236583,10.143489959677442,1.02114676968,1014.946851545699,-1.3281124687681451,1.0334458502736559
grid_m2.75_29.00,1972-08-01,19.880626155914,9.51845728494626,13.83972166276,1013.4468999327958,-1.3172433087896505,1.020132137205645
grid_m2.75_29.00,1972-09-01,20.48013905555558,10.553125958333355,21.6224193762,1013.3304864583333,-1.1463395225333335,0.6032811909920833
grid_m2.75_29.00,1972-10-01,19.944931505376367,13.133887217741957,113.88206471584,1013.0367114919354,-0.7285198301889786,0.43414780406647846
grid_m2.75_29.00,1972-11-01,19.296800875000024,13.637077305555577,95.0970650071,1013.4767066666667,-0.4735498007318055,0.24772750434998614
grid_m2.75_29.00,1972-12-01,19.759220228494648,13.106330188172064,109.99488839238,1013.4699682795699,-0.4804350800141129,0.13583478683212366
grid_m2.75_29.00,1973-01-01,20.236472903225827,13.690048413978516,109.85326767656,1013.8186731182795,-0.32490392670520163,-0.01656312771047043
grid_m2.75_29.00,1973-02-01,21.5076686011905,12.827810104166687,35.1469517983,1012.4149626488096,-0.567497668897619,0.11682178859747024
grid_m2.75_29.00,1973-03-01,21.516874919354862,12.03611033602153,42.17195525034,1012.0655108198926,-0.871992008947043,0.22311167590739245
grid_m2.75_29.00,1973-04-01,20.28605591666669,12.583233458333357,51.7032146381,1012.4488089583334,-1.2467416336031945,0.7464386959565278
grid_m2.75_29.00,1973-05-01,19.92504118279572,12.355089489247336,23.68974689488,1013.7014964381721,-1.3483345694995967,0.8260304606717069
grid_m2.75_29.00,1973-06-01,19.536622847222244,10.777137708333356,2.26712226894,1014.4596583333333,-1.4692694095733334,1.012012335138611
grid_m2.75_29.00,1973-07-01,19.37227436827959,9.197420793010776,5.49817084442,1014.6605839381721,-1.1196131851438171,0.7753587532787635
grid_m2.75_29.00,1973-08-01,19.829826263440882,9.320498440860238,1.3232231159399999,1013.9438907258066,-1.197603388460215,1.137244037825
grid_m2.75_29.00,1973-09-01,20.552968236111134,10.546573138888911,23.32758899882,1012.9515799305556,-0.8674277412197223,0.6537330413751389
grid_m2.75_29.00,1973-10-01,20.677942513440883,11.175745336021528,42.7494048866,1011.2983212365591,-0.8816205494287634,0.6003499380935484
grid_m2.75_29.00,1973-11-01,19.884155208333354,12.627798680555578,67.45791435782,1013.0651751388889,-0.5386312061339306,0.2616538366458333
grid_m2.75_29.00,1973-12-01,20.14545552419357,11.055636424731205,39.074659314659996,1012.4164233870968,-0.6650483235009946,0.10024045094932796
grid_m2.75_29.00,1974-01-01,19.68371612903228,10.90788612903228,51.289319910319996,1011.7880203629032,-0.6003335324448925,0.0034291047408602166
grid_m2.75_29.00,1974-02-01,20.561707380952402,10.796049270833358,30.09438498694,1010.3668614583333,-0.7252483818973214,-0.029979978613988097
grid_m2.75_29.00,1974-03-01,20.294473293010775,12.068356357526904,62.61897081136,1011.1264054435484,-0.6694617052506505,0.4052236158447581
grid_m2.75_29.00,1974-04-01,19.2029820277778,13.93653843055558,83.35852635532,1012.7239883333333,-0.7462120468770833,0.38274678243741667
grid_m2.75_29.00,1974-05-01,18.67462626344088,13.885828427419378,118.46375482322,1013.8306506048386,-0.8523531469984408,0.5001337137055107
grid_m2.75_29.00,1974-06-01,18.52766750000002,12.621440680555578,19.78707313976,1013.9243848611111,-0.9959818819170833,0.6920566334133333
grid_m2.75_29.00,1974-07-01,17.606564623655938,11.09940110215056,12.27355002182,1015.5582215725806,-1.0974765494946235,0.8784004140767474
grid_m2.75_29.00,1974-08-01,19.88885346774196,9.45742974462368,0.5471706444,1013.2565807123656,-0.9570561886155914,0.9045246428348118
grid_m2.75_29.00,1974-09-01,20.407379222222243,9.013677180555577,15.27094849026,1012.3263863194444,-1.0165631403722222,0.9156129199022222
grid_m2.75_29.00,1974-10-01,20.032141115591422,11.35716111559142,76.60508133736,1011.8230241263442,-0.7906445123497312,0.6375087901649193
grid_m2.75_29.00,1974-11-01,19.428863875000022,12.46421531944447,73.19545733794,1012.382730625,-0.6264799344670833,0.41092241025111115
grid_m2.75_29.00,1974-12-01,20.15606112903228,10.990641411290344,40.83871820686,1011.9697209005377,-0.5323902737700269,0.10747878746841398
grid_m2.75_29.00,1975-01-01,19.9009451075269,11.51956044354841,59.88383289022,1012.6001634408602,-0.6232652358744624,0.14724760220524194
grid_m2.75_29.00,1975-02-01,20.77719678571431,11.382394434523833,48.41113094598,1011.6281922619048,-0.5804722479427082,0.10409405170818452
grid_m2.75_29.00,1975-03-01,20.136748118279595,11.910329596774218,52.29640003924,1011.9947586021506,-0.6378071061830646,0.28783234191223117
grid_m2.75_29.00,1975-04-01,19.99450823611113,12.410729375000024,52.76870721272,1011.8774209027779,-1.2163265669888887,0.6876931813809305
grid_m2.75_29.00,1975-05-01,19.944684905914,11.83546489247314,26.9117355144,1012.6602846102152,-1.4858195398333334,0.9045960432489247
grid_m2.75_29.00,1975-06-01,19.150532222222246,10.2627859027778,8.65578655016,1014.8127661805556,-1.4607147868513888,0.9660110074354167
grid_m2.75_29.00,1975-07-01,19.036207419354863,9.124060241935506,8.65364073784,1013.8286468413978,-1.1992185868992742,0.9045533167387634
grid_m2.75_29.00,1975-08-01,19.693851250000023,8.780184677419378,8.8033676254,1013.5042829973119,-1.2926999778857526,1.0853767399809946
grid_m2.75_29.00,1975-09-01,19.488930055555578,10.908039944444468,43.21622842352,1013.0965719444445,-0.9220871174930555,0.599342452231375
grid_m2.75_29.00,1975-10-01,19.41920744623658,12.241246008064538,97.66268703798,1012.6407348118279,-0.8580663125389785,0.5054911748515591
grid_m2.75_29.00,1975-11-01,19.71771566666669,10.870324333333356,24.46222307008,1011.904713263889,-0.7089135438229167,0.4664238605529167
grid_m2.75_29.00,1975-12-01,19.253499502688193,12.441330685483893,77.88944213384,1012.2563565860215,-0.4584917808420699,0.16045644187123656
grid_m2.75_29.00,1976-01-01,20.23289974462368,11.366176908602172,48.3279228327,1011.1773840725807,-0.691923113764785,0.19175322298763442
grid_m2.75_29.00,1976-02-01,18.976671594827607,12.498790172413818,89.91122233176,1011.3561427442529,-0.6164124070689655,0.35385607036609196
grid_m2.75_29.00,1976-03-01,20.59160786290325,11.587569422043032,43.58053200976,1010.7144969086022,-0.6972209762571236,0.30439815669744624
grid_m2.75_29.00,1976-04-01,19.89930701388891,12.291108555555578,75.1891139759,1012.5857050694444,-0.9560073433820833,0.5039965742391667
grid_m2.75_29.00,1976-05-01,19.306849247311852,12.909679462365615,66.67661671058,1014.2269989247312,-1.3377925101599462,0.7579727374002689
grid_m2.75_29.00,1976-06-01,18.6544172777778,10.6416055277778,6.77943230762,1014.8100683333333,-1.3298092104398611,0.8811155729118056
grid_m2.75_29.00,1976-07-01,19.219054677419376,8.649225698924754,1.7120838149,1015.3035081989248,-1.1681470469502688,0.8256304779652419
grid_m2.75_29.00,1976-08-01,19.54366807795701,9.587870241935507,5.38516040762,1014.1428918010752,-1.091672566996371,0.9216925510897849
grid_m2.75_29.00,1976-09-01,20.709870263888913,10.112293013888912,21.2383270354,1013.3617925694446,-1.2380548613113889,0.8577784028048612
grid_m2.75_29.00,1976-10-01,20.55144099462368,11.94521302419357,33.23912620522,1011.9113840725806,-0.9621873272673387,0.6013138273163979
grid_m2.75_29.00,1976-11-01,19.85903163888891,11.9139499027778,45.282364130139996,1012.2244693055555,-0.47801339903597223,0.23993943599673612
grid_m2.75_29.00,1976-12-01,20.2808222043011,11.887772567204324,30.53975108636,1011.4962352822581,-0.5753009998362903,0.26511553151099865
grid_m2.75_29.00,1977-01-01,19.53383803763443,13.581077284946259,126.35374060424,1012.3119920026882,-0.3019480134111559,0.008640863684408603
grid_m2.75_29.00,1977-02-01,19.77600892857145,13.496061949404785,59.13686759174,1012.8718700892857,-0.2877212030575893,-0.02449853148363095
grid_m2.75_29.00,1977-03-01,20.39902850806454,12.238570967741959,46.07915884468,1012.4398034946237,-0.7625645727259409,0.3907870631260753
grid_m2.75_29.00,1977-04-01,19.93028030555558,14.183124833333355,91.48716944462,1012.4914560416667,-0.60277241559375,0.27790459178666665
grid_m2.75_29.00,1977-05-01,19.876184072580667,12.643231169354861,35.91847430794,1013.7541132392473,-1.1783193354783603,0.720878745405914
grid_m2.75_29.00,1977-06-01,19.751312472222246,10.014836000000022,3.19552421748,1014.1625771527779,-1.3375682847294446,0.9340250212429168
grid_m2.75_29.00,1977-07-01,19.75673422043013,9.140068951612925,0.63943862524,1014.0528238575268,-1.125372055416801,0.9709307172751344
grid_m2.75_29.00,1977-08-01,20.419018131720453,8.943184045698949,5.55276871456,1013.4905235215053,-1.335908458755914,1.092706114041129
grid_m2.75_29.00,1977-09-01,21.16489680555558,10.414425930555579,9.98544695316,1012.8298200694445,-1.1403486099815276,0.7874632728852778
grid_m2.75_29.00,1977-10-01,20.872673051075292,12.137088897849486,32.74869934008,1012.6205532930109,-0.6982934198846774,0.5859975511882258
grid_m2.75_29.00,1977-11-01,19.589365958333357,12.90331818055558,76.2794018107,1013.2792770138889,-0.5387973034631944,0.36873111699533334
grid_m2.75_29.00,1977-12-01,19.927746196236583,13.173157540322602,96.33159701136,1013.3065243279569,-0.5127170519883064,0.16950158112150537
grid_m2.75_29.00,1978-01-01,20.209349462365616,13.162306276881743,60.80579758536,1013.5478370967742,-0.2232735329905914,-0.06046010192298387
grid_m2.75_29.00,1978-02-01,20.339411071428593,13.567113556547643,98.60396369434,1013.0562863839285,-0.5502173110025298,0.1950441991120536
grid_m2.75_29.00,1978-03-01,19.121337701612926,14.694585053763465,164.1902926269,1013.0238023521505,-0.24080512248844088,0.060283250125134406
grid_m2.75_29.00,1978-04-01,19.317334750000025,14.057862263888913,85.64329150058,1012.5256839583334,-0.9841368776437501,0.5879235771186111
grid_m2.75_29.00,1978-05-01,19.538291465053785,12.907582715053785,30.65776826906,1014.0321438172043,-1.467086196626344,0.9415724983863978
grid_m2.75_29.00,1978-06-01,19.300439708333357,10.781449708333357,3.23557853898,1015.0529316666667,-1.4262208963871388,0.9929513024302778
grid_m2.75_29.00,1978-07-01,19.40739915322583,8.745480510752712,0.9272098531,1014.1458715053762,-1.2132502532943548,0.944370722942473
grid_m2.75_29.00,1978-08-01,20.51157788978497,8.793230094086045,3.66973874634,1013.9729530241935,-1.0460016807465053,0.9069135029116935
grid_m2.75_29.00,1978-09-01,21.084363625000023,9.471856638888912,19.18029776954,1013.0354229166667,-0.8793598181048612,0.7251088344805973
grid_m2.75_29.00,1978-10-01,20.28147114247314,11.868152177419377,39.373159315980004,1012.3785202284946,-0.7544763228916667,0.49512395676209675
grid_m2.75_29.00,1978-11-01,19.239649638888913,12.938940250000023,145.0469490895,1013.436259236111,-0.6444964934299305,0.4025290386855833
grid_m2.75_29.00,1978-12-01,19.268813965053784,14.49180286290325,114.47048192962,1013.0658569220429,-0.2797040223567204,0.09242141874798387
grid_m2.75_29.00,1979-01-01,19.438681115591418,13.76056678763443,49.28088181032,1012.4980012096773,-0.6336968541127688,0.4351312165159947
grid_m2.75_29.00,1979-02-01,19.50108531250002,14.490739553571451,112.06960664874,1012.7446359375,-0.11993753323883928,-0.030648594016220238
grid_m2.75_29.00,1979-03-01,20.197042715053787,13.403818655914002,50.28939263562,1012.3946784274194,-0.5597725946306451,0.2665668609407258
grid_m2.75_29.00,1979-04-01,19.29140193055558,14.974073638888912,100.57258603982,1012.8796043750001,-0.666771103808611,0.4359251453498194
grid_m2.75_29.00,1979-05-01,18.877153185483895,14.353270913978518,81.86554878305999,1014.5961629704301,-1.2322681991962365,0.984046486590457
grid_m2.75_29.00,1979-06-01,18.939042583333357,11.869240402777802,5.12528418828,1015.7099745138889,-1.2778852031479166,0.9113645143795834
grid_m2.75_29.00,1979-07-01,19.241123736559164,9.730823575268841,0.95319748094,1016.0662150537634,-1.2768318824323925,0.9702639817268818
grid_m2.75_29.00,1979-08-01,20.514188709677445,9.903471344086045,1.82819366724,1013.0566664650538,-1.1805113558014786,1.1081314278868817
grid_m2.75_29.00,1979-09-01,21.38636079166669,8.574218041666688,1.19948387468,1012.5947861805555,-1.17675569385,1.2079614704943056
grid_m2.75_29.00,1979-10-01,20.820817540322604,11.539684435483895,27.28700638992,1012.6778836021505,-0.8883466943598117,0.6220949024891129
grid_m2.75_29.00,1979-11-01,20.234709611111136,12.27164513888891,39.7870539664,1012.0251861111111,-0.5713109096438889,0.3025757473840278
grid_m2.75_29.00,1979-12-01,20.155588319892498,12.022377647849485,38.096904682019996,1013.4063907258064,-0.4514853997607527,0.24199061448185485
grid_m2.75_29.00,1980-01-01,20.475638319892496,12.465068951612926,50.05788813088,1012.928774798387,-0.4288812666520161,0.05745159738158603
grid_m2.75_29.00,1980-02-01,20.964482686781633,12.328831163793128,26.06630320632,1011.5150477011495,-0.9734188168127299,0.4713193516843391
grid_m2.75_29.00,1980-03-01,20.85332739247314,12.374211559139809,54.23498160996,1012.0570646505375,-0.7994776084547043,0.4668077632668011
grid_m2.75_29.00,1980-04-01,20.769081777777803,12.886538763888911,29.94418132916,1012.4957959722221,-0.6890779922805556,0.42313577951291664
grid_m2.75_29.00,1980-05-01,19.656032540322602,13.584551854838733,56.13684659104,1014.4376123655915,-1.232355836155914,0.7254863031503359
grid_m2.75_29.00,1980-06-01,20.120230611111133,10.959160861111135,2.9654502899,1015.2856639583333,-1.2387217201791667,0.9101102823972221
grid_m2.75_29.00,1980-07-01,19.472007580645183,9.452762701612926,0.5493164058000001,1015.1212723790322,-1.5332480814352152,1.2223122105364248
grid_m2.75_29.00,1980-08-01,20.35592856182798,8.479448951612925,1.46698952248,1014.4087742607528,-1.4799446375719087,1.2724362755184677
grid_m2.75_29.00,1980-09-01,20.818425111111132,10.760876402777802,30.641555744719998,1013.5918252777777,-0.917491335198611,0.6663366744734722
grid_m2.75_29.00,1980-10-01,20.892793776881746,10.85907598118282,23.79250532068,1013.2098831989247,-1.1548245345974462,0.7762775006776882
grid_m2.75_29.00,1980-11-01,19.8458177777778,12.54556816666669,63.19165232074,1013.1760065277778,-0.6684028635242499,0.3700316310793611
grid_m2.75_29.00,1980-12-01,20.1294948387097,12.16045098118282,66.15662552734,1012.7304364919355,-0.5483590815026882,0.2163226631580645
grid_m2.75_29.00,1981-01-01,20.954812580645182,11.112931330645186,28.59902380992,1012.8907148521505,-0.6336412569745027,0.17476420193158604
grid_m2.75_29.00,1981-02-01,20.893552023809544,11.810582380952404,38.94305218166,1012.209632514881,-0.618457726240625,0.079915047064186
grid_m2.75_29.00,1981-03-01,20.69165154569895,12.81302481182798,45.75943953212,1012.5500932795699,-0.413368470739086,0.16555133873104838
grid_m2.75_29.00,1981-04-01,19.83558336111113,14.512140097222245,95.77894215978,1013.2264550000001,-0.886314306391389,0.4272976130902778
grid_m2.75_29.00,1981-05-01,19.281416088709697,14.026728911290345,86.64441112072,1014.335205577957,-1.0798592717088709,0.675329830521371
grid_m2.75_29.00,1981-06-01,19.86399706944447,11.370180819444467,8.85295865416,1015.3027254166667,-1.272975775761111,0.8575577201203389
grid_m2.75_29.00,1981-07-01,19.631732822580666,9.909255483870991,2.05564500026,1014.692345967742,-1.1259691165407257,0.9241386609108871
grid_m2.75_29.00,1981-08-01,19.791658911290344,10.90739049731185,25.60186384708,1014.112561827957,-1.0846488908544356,0.7716040995183602
grid_m2.75_29.00,1981-09-01,20.295442569444464,10.9560836527778,38.14172753078,1013.5733010416666,-0.9760802774180555,0.5970737352883806
grid_m2.75_29.00,1981-10-01,20.480710779569915,12.166143239247335,51.292896382260004,1012.9216347446237,-0.999638422621371,0.5906870037856183
grid_m2.75_29.00,1981-11-01,20.889420111111136,11.402319208333354,26.38673787022,1012.454555,-0.8271766743183333,0.39363072747430555
grid_m2.75_29.00,1981-12-01,20.79902029569895,11.455133252688196,32.88769713134,1012.9465868951612,-0.8356264918175215,0.30697190904314514
grid_m2.75_29.00,1982-01-01,20.98584060483873,11.500684650537655,39.71123697222,1012.223658467742,-0.5055281729916666,0.02847009025747312
grid_m2.75_29.00,1982-02-01,20.830842083333355,12.002341488095261,55.17911910182,1011.973300595238,-0.3232091663721726,-0.08292845278125001
grid_m2.75_29.00,1982-03-01,21.306373387096798,11.679391317204324,44.7518823278,1011.7353967741935,-0.9238041006533602,0.4342313847458333
grid_m2.75_29.00,1982-04-01,20.088460152777802,13.724630805555577,84.84458937012,1013.0354258333333,-0.8884616219002778,0.5420572693445833
grid_m2.75_29.00,1982-05-01,19.44737119623658,14.082723239247333,123.90971241326,1014.0752997311829,-1.236430197454301,0.7787603568884408
grid_m2.75_29.00,1982-06-01,19.78650038888891,11.382445083333355,4.1620731322,1015.5912127083334,-1.4571898076805556,0.9979875784472223
grid_m2.75_29.00,1982-07-01,19.470476223118304,9.48531724462368,0.77700614882,1015.0744930107526,-1.479064778267473,1.1082796896278226
grid_m2.75_29.00,1982-08-01,20.384458051075292,9.013107096774217,0.22435188382,1014.3938842069891,-1.378176266618145,1.1499915575587365
grid_m2.75_29.00,1982-09-01,21.612364472222243,9.904023000000024,8.08238980392,1013.3592429861111,-1.2133426042171527,0.9008836542625
grid_m2.75_29.00,1982-10-01,20.45321979838712,11.328734529569918,48.03895951426,1012.8391981182796,-0.9019581579005376,0.4423160045863952
grid_m2.75_29.00,1982-11-01,20.324913638888912,12.192764319444468,77.8861046972,1013.0929314583333,-0.40678687756638887,0.07864557924731945
grid_m2.75_29.00,1982-12-01,20.215363521505395,13.279318494623679,46.62299154604,1013.3776364919355,-0.46063538924643815,0.07697806804911828
grid_m2.75_29.00,1983-01-01,20.737970147849484,12.920948360215075,50.29606843078,1013.9409948252687,-0.5114023088678764,0.012534766759677421
grid_m2.75_29.00,1983-02-01,22.109356666666688,12.085194523809545,18.94521718798,1012.9060773065477,-0.6249445727451488,0.07742618382410715
grid_m2.75_29.00,1983-03-01,22.209447177419378,12.817142836021528,27.6603697888,1012.7300279569893,-0.9998342855268817,0.4363169518182796
grid_m2.75_29.00,1983-04-01,21.269385125000024,13.031730444444467,40.22765176108,1013.1353440972223,-1.270038818028611,0.7174232478550001
grid_m2.75_29.00,1983-05-01,21.01804918010755,12.673041612903248,13.6573314637,1013.2260720430107,-1.6609038272096774,0.9638719371448925
grid_m2.75_29.00,1983-06-01,20.63005787500002,10.814080555555577,7.06291197812,1014.4508006944444,-1.5001773832833332,1.0518958416175
grid_m2.75_29.00,1983-07-01,20.021453306451637,9.85846658602153,4.77623939634,1014.6598233198926,-1.3832349876733872,1.0503227532547044
grid_m2.75_29.00,1983-08-01,20.40599840053766,11.013905954301098,4.46701050698,1015.1984558467742,-1.0566781966982528,0.8789601063412634
grid_m2.75_29.00,1983-09-01,21.537776847222247,9.717755347222246,7.90095318394,1013.4024227083335,-1.1017515412238887,0.9647856382152222
grid_m2.75_29.00,1983-10-01,20.0971987903226,12.304114986559163,46.0827351205,1013.5283096774194,-0.7397755645923091,0.4066204770034946
grid_m2.75_29.00,1983-11-01,20.27218951388891,11.77584466666669,42.64998426818,1014.2957531944444,-0.535024573338889,0.2850652057497222
grid_m2.75_29.00,1983-12-01,19.94152916666669,12.204736182795722,73.1821058413,1013.7566270833333,-0.25854034245,-0.042251709255197584
grid_m2.75_29.00,1984-01-01,19.369642405914,12.985854072580668,92.14258197346,1012.8133864919355,-0.09000334762782257,-0.2180556085576613
grid_m2.75_29.00,1984-02-01,20.564772428160943,11.26506070402301,32.7928065712,1011.1103770114942,-0.47233914793678167,-0.145913004704454
grid_m2.75_29.00,1984-03-01,20.556854516129054,10.919607553763463,24.09935000036,1011.4890317876344,-1.0413702689946909,0.6842259860247312
grid_m2.75_29.00,1984-04-01,20.1948775277778,11.715212861111134,39.93844964316,1012.5381128472222,-1.1304249011173613,0.7826846658241945
grid_m2.75_29.00,1984-05-01,20.21724231182798,10.293333508064539,8.670330073,1012.680315188172,-1.7228600076290321,1.173739607912231
grid_m2.75_29.00,1984-06-01,19.5874692777778,9.07202079166669,0.61607360932,1014.7591571527778,-1.635248756763889,1.1831536942036112
grid_m2.75_29.00,1984-07-01,19.107875094086044,10.304329811827982,4.9257278754,1014.3763140456989,-1.4746202054973117,1.0773925372849462
grid_m2.75_29.00,1984-08-01,20.04546440860217,9.968005779569914,17.47798923988,1014.152650672043,-1.3488610381766128,0.9814453120658603
grid_m2.75_29.00,1984-09-01,20.929932486111134,9.341447194444466,23.20909521438,1012.5514163194445,-1.0253529865347224,0.8347478859451388
grid_m2.75_29.00,1984-10-01,19.61905814516131,12.476974905914002,102.30159742434,1013.103160282258,-1.0374206219778226,0.7029894764583333
grid_m2.75_29.00,1984-11-01,19.590178972222244,12.51514001388891,52.52742768542,1013.1934216666666,-0.6730179251176389,0.2840396665693361
grid_m2.75_29.00,1984-12-01,20.062002970430132,12.29427423387099,66.3623809176,1011.8966558467743,-0.5700107906950538,0.13543543270912634
grid_m2.75_29.00,1985-01-01,20.964213763440885,10.943448172043034,29.78444097252,1011.5208505376345,-0.7823097234821237,0.330349788458871
grid_m2.75_29.00,1985-02-01,19.46585273809526,13.885037842261928,124.18866205188,1012.6532162946429,0.30755404031666667,-0.3463262378450446
grid_m2.75_29.00,1985-03-01,20.210278844086044,13.107181827957012,106.82964275518,1011.7585020833333,-0.7919221894250403,0.5148962913079436
grid_m2.75_29.00,1985-04-01,19.1744582777778,14.305000569444466,117.72775633266,1013.0487759722222,-0.744895113556111,0.43904512173652777
grid_m2.75_29.00,1985-05-01,19.659410241935507,12.866640000000022,42.02151301978,1013.7179588037634,-1.389680492594086,0.8625805961495968
grid_m2.75_29.00,1985-06-01,19.4396199027778,11.03955504166669,4.0535926866,1015.7009169444445,-1.2414650170145833,0.8797139707852777
grid_m2.75_29.00,1985-07-01,18.965758803763464,8.888182862903248,1.08194351656,1015.2439227822581,-1.3046909344973119,1.0925952140215054
grid_m2.75_29.00,1985-08-01,19.576478198924754,9.651377029569915,1.28030776806,1014.7868984543011,-1.441417776532258,1.2923222615517473
grid_m2.75_29.00,1985-09-01,19.930959930555577,10.869726375000022,35.05110735248,1013.1825034722222,-1.2156728955569445,0.8827563194640556
grid_m2.75_29.00,1985-10-01,19.690696639784967,12.550820698924754,55.0415517923,1012.7385756048387,-1.0109023219205644,0.7486092146522406
grid_m2.75_29.00,1985-11-01,19.289126902777802,13.457602069444468,77.36611362806,1013.2329538888888,-0.7414927522493056,0.40734447915527777
grid_m2.75_29.00,1985-12-01,19.82158239247314,13.19848366935486,68.40586635944,1012.568500672043,-0.5523461172620968,0.2886293164270161
grid_m2.75_29.00,1986-01-01,20.51053672043013,12.472355147849484,51.3207912811,1013.1177825268817,-0.35292377195978225,0.005230708821021505
grid_m2.75_29.00,1986-02-01,20.574475461309547,12.108974672619071,63.26746951234,1011.9941000744047,-0.5243300024497619,0.2215965137325893
grid_m2.75_29.00,1986-03-01,20.514197849462384,11.545266451612925,36.8061065523,1012.1002854166666,-0.6745335156479839,0.3650074821621237
grid_m2.75_29.00,1986-04-01,19.661724569444466,14.353524444444467,100.7983686264,1012.6955424999999,-1.0497020058540278,0.63558374966875
grid_m2.75_29.00,1986-05-01,19.197942755376367,14.041493131720452,57.2519301906,1014.3578283602151,-1.2462382450169354,0.910663666461828
grid_m2.75_29.00,1986-06-01,19.528271319444467,11.9167957777778,5.15866279742,1014.8965668750001,-1.1984813685597222,0.7330376992927777
grid_m2.75_29.00,1986-07-01,19.404458293010777,9.518479973118303,1.34110450364,1016.0532161290322,-1.2051678116989248,0.9531589824501345
grid_m2.75_29.00,1986-08-01,21.006492661290345,8.844293897849484,2.63404846424,1013.6181713709677,-1.3214732536415859,1.0958261195349461
grid_m2.75_29.00,1986-09-01,20.997436569444467,10.13066291666669,25.02155284384,1014.0472508333334,-1.0788054354699999,0.7741326870705556
grid_m2.75_29.00,1986-10-01,20.55765154569895,12.571935577957012,76.6673086602,1013.4439799731182,-0.5692048016251344,0.38628549467083334
grid_m2.75_29.00,1986-11-01,20.022234986111133,12.385290236111134,32.71317484814,1012.7943520138889,-0.7471627430498528,0.5172001944892639
grid_m2.75_29.00,1986-12-01,20.02916178763443,13.71495606182798,108.92844204186,1013.6982719758064,-0.25970237466491936,0.02726645104173387
grid_m2.75_29.00,1987-01-01,19.85877232526884,14.022071666666688,92.11039551362,1014.1140920698925,-0.2985367504567742,-0.031915316426881724
grid_m2.75_29.00,1987-02-01,21.096759627976216,14.003956785714308,55.08470546972,1013.3947747767858,-0.5440920199072917,0.20481379848020834
grid_m2.75_29.00,1987-03-01,21.43114040322583,13.336453118279593,59.45158001948,1011.97036875,-0.6672238595982527,0.35382592824712367
grid_m2.75_29.00,1987-04-01,20.94966104166669,14.096964625000023,70.1861380849,1013.549076111111,-0.9309286331845834,0.5103350322193889
grid_m2.75_29.00,1987-05-01,20.356555631720454,13.918961209677441,45.69959649456,1013.9882454301076,-1.4309047975981182,0.8281952838252689
grid_m2.75_29.00,1987-06-01,19.935405347222247,12.836207250000022,10.30588145884,1015.9632713194445,-1.181764475448611,0.7663776397148611
grid_m2.75_29.00,1987-07-01,21.021204637096798,10.180425201612927,0.6611347174,1014.1817636424732,-1.2939653498010752,1.0635028141798388
grid_m2.75_29.00,1987-08-01,20.792660752688196,10.521336881720453,10.43510437788,1014.1661703629032,-1.4708621121308696,1.2410099687446237
grid_m2.75_29.00,1987-09-01,21.288104319444468,11.718202611111135,50.15587808148,1013.6137391666666,-1.0316481905772223,0.6465860146688472
grid_m2.75_29.00,1987-10-01,21.218590940860235,13.05388913978497,48.21538943932,1012.9607092741935,-1.0240219074704302,0.5231033841936827
grid_m2.75_29.00,1987-11-01,20.481430722222246,13.242742833333356,47.66750345284,1013.5620047222221,-0.7629878773056944,0.43764396298656943
grid_m2.75_29.00,1987-12-01,21.844452526881742,11.95855038978497,31.49795543284,1013.3747021505376,-0.6719328570141129,0.27370309264896503
grid_m2.75_29.00,1988-01-01,20.809343615591423,12.914174516129055,73.7073419268,1013.0198686155915,-0.43896685498306454,0.0032281157565725816
grid_m2.75_29.00,1988-02-01,21.730679468390825,12.519486091954045,21.8567848688,1011.5292326867816,-0.9382193143442529,0.31006736344798846
grid_m2.75_29.00,1988-03-01,21.026192177419375,13.70440728494626,74.01704790554,1013.1741502688171,-0.6424151521081989,0.21996639588051073
grid_m2.75_29.00,1988-04-01,20.64359679166669,14.065717152777799,49.147128881,1012.7201011805556,-1.0903674590345833,0.5891390481619444
grid_m2.75_29.00,1988-05-01,20.51108739247314,13.465145725806472,27.0442963437,1014.465159139785,-1.4704066674731182,0.9480279078969893
grid_m2.75_29.00,1988-06-01,20.356975888888915,10.865715152777799,1.75523757898,1014.6446532638889,-1.4993875292152776,1.10542250700125
grid_m2.75_29.00,1988-07-01,19.903435551075294,10.943623776881743,2.4209022627,1014.782445967742,-1.271263350219086,0.9327785123258064
grid_m2.75_29.00,1988-08-01,19.859023145161313,11.644429704301098,17.67897615484,1014.0415010080646,-1.158671018063172,0.9356908672396506
grid_m2.75_29.00,1988-09-01,20.274424722222243,12.096602333333358,32.23419192534,1012.9590163888888,-0.9264378326595277,0.69409821915875
grid_m2.75_29.00,1988-10-01,19.81020861559142,13.673600107526907,101.18126844354,1012.6368987903227,-0.7386855474674731,0.5018216610622849
grid_m2.75_29.00,1988-11-01,20.043099111111136,13.526515000000023,69.89812839898,1013.5893960416666,-0.7463516862665277,0.4701758923257361
grid_m2.75_29.00,1988-12-01,20.132074758064537,11.678673709677442,40.32802562626,1012.34981827957,-0.8104930390510752,0.40191642142639783
grid_m2.75_29.00,1989-01-01,19.698278924731206,13.216187836021529,47.22189900418,1012.8832497983872,0.41044069088091395,-0.4174712599370968
grid_m2.75_29.00,1989-02-01,19.883572901785737,12.664317931547641,56.17213227644,1013.3773508928571,-0.41685095360788693,-0.09569542693339285
grid_m2.75_29.00,1989-03-01,20.405375228494645,12.18770235215056,33.05578242972,1011.8853665994623,-0.45093278045067203,0.17747729340241936
grid_m2.75_29.00,1989-04-01,19.827007861111134,13.811510180555578,67.56353378488001,1012.8737059722223,-1.028911146638889,0.6949196713183472
grid_m2.75_29.00,1989-05-01,19.477965053763466,13.39116303763443,40.32397275714,1014.9445993279569,-1.3244872333145161,0.9061913145244623
grid_m2.75_29.00,1989-06-01,19.693626152777803,11.730404791666688,5.80453871902,1015.6791668055555,-1.3853342893111111,0.9338563703268056
grid_m2.75_29.00,1989-07-01,18.998166545698947,10.987008172043033,3.0817985495399998,1015.879250672043,-1.2344442390040322,0.8953685352840296
grid_m2.75_29.00,1989-08-01,19.752333857526903,11.119334220430131,2.02941894732,1014.4950952956989,-1.1727862817513441,0.908148734579973
grid_m2.75_29.00,1989-09-01,20.5459872777778,11.39775630555558,29.4489859546,1012.7235414583333,-1.1173899761430555,0.7606562520518055
grid_m2.75_29.00,1989-10-01,20.059141922043032,12.917068360215076,76.04932808644,1013.381737701613,-0.7031079153247312,0.43576632118736564
grid_m2.75_29.00,1989-11-01,20.209529083333358,13.948950500000024,61.71512608468,1012.9169029861112,-0.8717939985784723,0.5840875192952222
grid_m2.75_29.00,1989-12-01,19.771241532258088,14.584997446236581,104.46929904282,1013.4381549731183,-0.3781266562618548,0.09591568152258065
grid_m2.75_29.00,1990-01-01,20.24102919354841,13.786188346774217,59.15260315712,1012.8420698924731,-0.7246133252822581,0.30354282484260753
grid_m2.75_29.00,1990-02-01,20.358899940476213,14.078820550595262,68.1080819538,1013.3671836309524,-0.23218341017217262,0.0716069765875
grid_m2.75_29.00,1990-03-01,19.975999986559163,14.423627809139806,87.96763419208,1014.1304713709678,-0.6648924840840054,0.38543588361706993
grid_m2.75_29.00,1990-04-01,20.94514304166669,14.412706444444469,50.25815979882,1012.7736638888888,-0.6990535741448889,0.2779896845405
grid_m2.75_29.00,1990-05-01,20.23386590053766,13.773190631720452,62.91055687838,1014.0778166666668,-1.25647579725,0.837241978296371
grid_m2.75_29.00,1990-06-01,20.259851805555577,11.355482569444467,0.55789947156,1015.4779569444444,-1.3086320259888888,0.9999678265229167
grid_m2.75_29.00,1990-07-01,19.71880538978497,8.995501424731206,0.06008148226,1015.1107910618279,-1.183589874537231,0.9977296460811829
grid_m2.75_29.00,1990-08-01,19.96106407258067,11.5252197715054,3.19528582266,1015.3472671370969,-1.2940616203091397,1.0913843757041666
grid_m2.75_29.00,1990-09-01,20.3443657777778,11.847718138888911,27.719736110339998,1014.0270284722222,-1.0870927815263889,0.7796707958666667
grid_m2.75_29.00,1990-10-01,20.74775354838712,12.115818333333356,31.74710282126,1013.0854278897849,-0.8239938828256721,0.5027543962026478
grid_m2.75_29.00,1990-11-01,20.378942083333357,12.767917833333357,36.67235384024,1012.9002065277778,-1.003114236221389,0.6608089242947222
grid_m2.75_29.00,1990-12-01,19.895123373655935,13.223578225806476,52.39105225342,1012.995029905914,-0.6256327479844489,0.3510954659050538
grid_m2.75_29.00,1991-01-01,20.660005819892497,13.368515766129056,42.0210363152,1013.2906108870968,-0.5723063785439113,0.22256186698145164
grid_m2.75_29.00,1991-02-01,20.78185636904764,13.275061101190499,45.6850527806,1013.160397172619,-0.4735464380815476,-0.0978537516641369
grid_m2.75_29.00,1991-03-01,20.8769760215054,13.588115107526905,52.50835414694,1012.0817578629033,-0.7581566228353495,0.3920212204013441
grid_m2.75_29.00,1991-04-01,19.56916354166669,14.58663330555558,90.76547634892,1013.2998744444444,-0.9141751617144445,0.5895300110518208
grid_m2.75_29.00,1991-05-01,19.57047341397852,14.80610920698927,60.49633030368,1014.0968301747312,-1.1489850725276882,0.7590610549958333
grid_m2.75_29.00,1991-06-01,19.910727347222245,13.91627276388891,34.56687933668,1014.9902327777777,-0.9973025899954167,0.6649336973845833
grid_m2.75_29.00,1991-07-01,18.884087029569915,11.754542083333355,7.52210614048,1016.2274879032259,-1.1939458330342743,0.8047847243633064
grid_m2.75_29.00,1991-08-01,20.32087543010755,10.444134704301097,3.3967494777000002,1015.2906299059139,-1.0266765298615592,0.8612493698829838
grid_m2.75_29.00,1991-09-01,21.222571805555578,10.620231583333357,9.87386704716,1013.8738663888889,-1.0029290932579167,0.7516267131065278
grid_m2.75_29.00,1991-10-01,19.37726224462368,12.829172405914,85.84809332992,1013.4766959005376,-0.6062952679913979,0.34054077328642474
grid_m2.75_29.00,1991-11-01,19.771045458333354,12.30361916666669,20.78318599124,1013.3795767361111,-0.9524054849250001,0.6295381747604861
grid_m2.75_29.00,1991-12-01,19.987450053763464,13.093347876344108,41.29815101244,1013.3684237231183,-0.5858957228905645,0.3193982439620161
grid_m2.75_29.00,1992-01-01,20.501684959677444,13.083664206989269,55.7749273301,1013.337995967742,-0.6965577320805107,0.36933004749892473
grid_m2.75_29.00,1992-02-01,20.35010461206899,13.450479612068987,72.4995136421,1013.846123275862,-0.3046178488150862,-0.09034332208318965
grid_m2.75_29.00,1992-03-01,21.192728212365616,12.142841155914,23.03576478662,1012.3101142473118,-0.8024433311038979,0.5443751221047043
grid_m2.75_29.00,1992-04-01,20.42474241666669,14.100165083333357,71.43068302032,1013.0043346527777,-0.9853121206416666,0.6082754148144445
grid_m2.75_29.00,1992-05-01,19.640405672043034,13.21365610215056,64.89276899012,1014.0297171370969,-1.249166901572043,0.8700057129587365
grid_m2.75_29.00,1992-06-01,19.266403430555577,12.690000833333357,32.63473516748,1015.110863888889,-1.1821640435453056,0.7864950193134722
grid_m2.75_29.00,1992-07-01,18.990037755376367,10.229272553763463,0.5788803098,1015.9766112231183,-1.2256646165524194,0.8974950436717742
grid_m2.75_29.00,1992-08-01,19.837061895161312,9.202920322580669,1.96647642502,1015.4039063172044,-1.2671338368487903,0.998854318782258
grid_m2.75_29.00,1992-09-01,20.510532847222244,10.712242222222246,14.76097098626,1012.9932982638888,-1.166329404525,0.9568367193859723
grid_m2.75_29.00,1992-10-01,20.34485864247314,11.903646061827981,42.08707795144,1013.2559984543011,-0.5134278170092742,0.31780134201720434
grid_m2.75_29.00,1992-11-01,19.329921444444466,12.2900904027778,69.66495514358,1013.0754818055556,-0.8369128425959722,0.5277786466549444
grid_m2.75_29.00,1992-12-01,19.63911575268819,13.039206908602175,76.01499545218,1013.3409911290322,-0.7041651415454302,0.3695337034600807
grid_m2.75_29.00,1993-01-01,19.70331799731185,13.120323897849483,80.99746714476,1013.7469049059139,-0.28230841584032257,0.024397183281451615
grid_m2.75_29.00,1993-02-01,20.423248883928597,12.841590014880975,52.83212656042,1013.0512622023809,-0.40594141326741073,0.0817032089157738
grid_m2.75_29.00,1993-03-01,20.950355698924753,11.380238750000021,31.92377084728,1013.1155162634408,-0.8068006372284946,0.24459408222432796
grid_m2.75_29.00,1993-04-01,20.810435486111132,12.565529041666691,35.48908231034,1012.6844671527778,-1.3456941189083333,0.7815306553263889
grid_m2.75_29.00,1993-05-01,20.804925551075293,12.959737647849487,24.97911452236,1013.5825975806451,-1.3876289665366934,0.7846150300798387
grid_m2.75_29.00,1993-06-01,20.140208277777802,11.67663366666669,3.4437179543800003,1015.4614495833333,-1.2750028199375,0.9601083328722222
grid_m2.75_29.00,1993-07-01,20.024019448924754,9.358790672043034,0.08344650228,1015.4441385752688,-1.4898045225672043,1.0667818328787635
grid_m2.75_29.00,1993-08-01,20.270824489247335,10.071181182795723,9.61303707886,1015.1370758064515,-1.2971008682104839,1.0700256195193547
grid_m2.75_29.00,1993-09-01,21.526300583333356,9.116411097222244,3.0837058915399997,1013.3081065972223,-1.0626044374361112,1.1500219118120834
grid_m2.75_29.00,1993-10-01,21.790560013440885,10.902927970430131,17.66228676538,1012.8274486559139,-0.9034102252602151,0.763957116264113
grid_m2.75_29.00,1993-11-01,20.408306319444467,12.668882819444466,86.8544581461,1012.2633859722222,-0.743106332749861,0.4482910677279722
grid_m2.75_29.00,1993-12-01,20.692069489247334,12.248473373655937,29.47473524856,1012.5753704973118,-0.8497116365350806,0.4430689047450175
grid_m2.75_29.00,1994-01-01,20.311070201612928,13.118290403225828,65.16528126046,1012.2940465725806,-0.4155295583176076,-0.06403135460053763
grid_m2.75_29.00,1994-02-01,20.080572470238117,13.56694711309526,67.20924377116,1013.2105578125,-0.01911154203705357,-0.22532674262113095
grid_m2.75_29.00,1994-03-01,20.55657487903228,13.13493611559142,44.39330106384,1013.088488172043,-0.7154205615269892,0.16707674634798386
grid_m2.75_29.00,1994-04-01,20.325618722222245,12.801685958333357,40.33684731476,1012.7357567361112,-1.2924263011222223,0.7645498276876389
grid_m2.75_29.00,1994-05-01,19.93147103494626,12.927082607526906,22.99928681126,1014.3938240591398,-1.4014319447576613,0.8738963832862904
grid_m2.75_29.00,1994-06-01,19.96714004166669,11.261848763888912,1.128196721,1014.7078815972222,-1.2195269910145834,0.8260908957119723
grid_m2.75_29.00,1994-07-01,19.12775049731185,10.142942029569914,0.59342384264,1015.3723549731183,-1.2920767472430108,1.0286078714197582
grid_m2.75_29.00,1994-08-01,20.104136854838732,10.008918494623678,2.24757195934,1014.246176545699,-1.0805601112063172,1.0108527105356182
grid_m2.75_29.00,1994-09-01,21.339744750000023,10.914481486111134,15.87533949648,1013.500059375,-0.9794185469638889,1.0363108111079584
grid_m2.75_29.00,1994-10-01,20.06644932795701,12.32581060483873,32.16028213722,1012.8329471774194,-0.844786490095699,0.4990860524557795
grid_m2.75_29.00,1994-11-01,19.60851854166669,13.4372114027778,95.71981447316,1013.3729720833333,-0.42921161727375,0.2666726857421389
grid_m2.75_29.00,1994-12-01,20.18141698924733,13.207127271505398,50.38833628834,1013.7168551075268,-0.6483002527463709,0.3359824966485215
grid_m2.75_29.00,1995-01-01,20.518989381720452,12.946263373655936,51.98717124488,1013.717788172043,-0.3419283989031317,0.035156373123118284
grid_m2.75_29.00,1995-02-01,20.69036340773812,12.45241043154764,43.53380195338,1013.6217190476191,-0.2750933288965774,-0.003912926084523809
grid_m2.75_29.00,1995-03-01,21.056895685483894,12.328559731182818,39.9365424961,1012.5987911290323,-0.8735241406740591,0.504218748116922
grid_m2.75_29.00,1995-04-01,20.398153750000024,13.119316833333356,43.1098936959,1012.0827486805555,-1.319861388364722,0.8035768720310555
grid_m2.75_29.00,1995-05-01,19.909720846774213,13.01824669354841,27.42767341586,1013.9986120967742,-1.3721048859603495,1.013445734006855
grid_m2.75_29.00,1995-06-01,20.20657656944447,11.683083347222244,4.63771820344,1014.5236980555554,-1.1726532390166666,0.8048272873609722
grid_m2.75_29.00,1995-07-01,19.768233897849488,10.072663669354862,0.5686283099,1013.918142405914,-1.212467315882527,1.0498587930215053
grid_m2.75_29.00,1995-08-01,20.389132446236584,8.807345739247335,0.23746490292,1013.8706952956989,-1.4077414041737903,1.2986365077207795
grid_m2.75_29.00,1995-09-01,21.096879250000022,9.774274680555578,8.83913041186,1013.7096477083334,-1.0989288981381944,0.8273196526402304
grid_m2.75_29.00,1995-10-01,20.14168193548389,12.755308844086041,52.58131022196,1012.560085954301,-0.6790329513986559,0.3459771070724463
grid_m2.75_29.00,1995-11-01,20.602916250000025,12.230183555555577,35.778999271320004,1012.8351581944444,-0.6348868255891666,0.4162537063996389
grid_m2.75_29.00,1995-12-01,20.662448857526904,11.297598481182819,22.134780822779998,1013.3611317876343,-0.6911382781557796,0.26129463342803766
grid_m2.75_29.00,1996-01-01,20.954332647849483,11.558796115591422,44.62838167374,1011.8857694892472,-0.6545153767338884,0.12059974696623656
grid_m2.75_29.00,1996-02-01,20.371800646551748,12.65003114942531,65.13023383264,1011.7533173850574,-0.46485988602456896,0.03205330076551724
grid_m2.75_29.00,1996-03-01,20.373579059139807,13.530569838709699,54.01039122948,1011.8998772849462,-0.7158737348426075,0.3440002528483871
grid_m2.75_29.00,1996-04-01,19.836278944444466,13.005474902777799,36.07082357758,1012.8007975694444,-1.3003569927426388,0.8903445137704166
grid_m2.75_29.00,1996-05-01,20.399613844086044,11.94609291666669,7.18975066578,1013.6342971102151,-1.645780154561828,1.0296001247653226
grid_m2.75_29.00,1996-06-01,19.7319176527778,10.9394565277778,1.02949142462,1014.8539763888889,-1.1412335507625,0.8354983869076389
grid_m2.75_29.00,1996-07-01,19.302902016129057,10.10172041666669,1.31177902412,1015.4346680107527,-0.9919390523413979,0.8579903667202661
grid_m2.75_29.00,1996-08-01,20.288581102150562,8.134538172043035,4.17375564332,1014.0731101478495,-0.8354812545344086,0.7980760156321237
grid_m2.75_29.00,1996-09-01,20.611530097222246,10.716083972222245,22.79520027186,1012.970507013889,-0.8042889700169444,0.6438098895177777
grid_m2.75_29.00,1996-10-01,19.61277725806454,12.529582284946258,60.34684166476,1013.1381038306452,-0.8003268924256721,0.5856938718485215
grid_m2.75_29.00,1996-11-01,19.425418263888915,12.592880930555577,52.43206011838,1012.3786563194444,-0.5100667110611111,0.4506904814393055
grid_m2.75_29.00,1996-12-01,20.78420065860217,11.648088481182818,28.52988247158,1012.7966891801076,-0.6218799251564516,0.15761771156760754
grid_m2.75_29.00,1997-01-01,20.40743857526884,12.535925013440885,67.02327718272,1012.6840243951613,-0.3375660684556452,-0.03620297454354839
grid_m2.75_29.00,1997-02-01,20.445868407738118,11.997838318452404,37.336349510219996,1013.0599788690475,-0.2027022272938988,-0.3088878909174107
grid_m2.75_29.00,1997-03-01,20.740520483870988,12.47322173387099,29.21819675818,1011.8775112903227,-1.093012697681586,0.5983144085955645
grid_m2.75_29.00,1997-04-01,19.26623929166669,14.159182069444467,80.19161241082,1014.0068903472222,-0.6618853884129167,0.3837120900740278
grid_m2.75_29.00,1997-05-01,19.525482970430133,12.890277029569916,52.27470383854,1015.240405107527,-1.1465282187060484,0.8110802345876343
grid_m2.75_29.00,1997-06-01,19.869850916666692,11.018135166666688,1.07574462618,1014.5737552083333,-1.3799100665355557,1.0598960243952777
grid_m2.75_29.00,1997-07-01,19.36416663978497,10.129814274193572,3.8297176355,1016.0879754032258,-1.286746671294758,1.102384879279973
grid_m2.75_29.00,1997-08-01,20.743870537634432,9.031274771505398,0.48589705876,1015.1340225134408,-1.054564731791801,1.062280469375
grid_m2.75_29.00,1997-09-01,22.681497305555578,7.894639263888911,1.8868446289599998,1012.7387679861112,-1.108836386143672,1.1706814242091668
grid_m2.75_29.00,1997-10-01,20.474382500000022,11.646623911290344,42.6626206788,1013.258260685484,-1.0671686757708332,0.7635078846443548
grid_m2.75_29.00,1997-11-01,19.856650944444468,14.202086875000022,103.25098027302,1013.4004139583333,-0.41140850832180553,0.24895163613638888
grid_m2.75_29.00,1997-12-01,19.202470174731204,14.539281814516153,126.53350826568,1014.4258512768816,-0.29956132622083337,0.10313743656334678
grid_m2.75_29.00,1998-01-01,20.25604083333336,15.226804529569915,103.57928304804,1013.6042479166666,-0.33914365041317207,0.08584953600725806
grid_m2.75_29.00,1998-02-01,20.473293125000023,15.484657767857165,114.46189909576,1015.0485951636905,-0.25536616535684525,-0.08323106278110119
grid_m2.75_29.00,1998-03-01,21.076865268817226,14.588918803763463,57.09314347044,1013.0527551075269,-0.804862011978992,0.4541654282117877
grid_m2.75_29.00,1998-04-01,20.97003116666669,14.901144138888913,60.56451794276,1013.653072638889,-1.1354953844054168,0.6969030802599167
grid_m2.75_29.00,1998-05-01,20.634001263440883,14.271298978494647,54.48436739838,1014.9862153225806,-1.0419151132895161,0.6634982730670699
grid_m2.75_29.00,1998-06-01,20.425332083333355,11.096135555555579,2.1128654501,1016.1124704166666,-1.1848991165861111,0.8539694576078471
grid_m2.75_29.00,1998-07-01,20.03034716397852,9.501005819892496,1.16491318272,1015.283123655914,-1.2056152268431453,0.9606144601853495
grid_m2.75_29.00,1998-08-01,20.416881747311848,9.830782271505397,4.469394665399999,1014.0847094758064,-1.089293113642473,0.9832408444111693
grid_m2.75_29.00,1998-09-01,21.2760594027778,9.796671722222245,4.9624442873,1013.2866131944445,-1.2493220003166667,0.9402722668245834
grid_m2.75_29.00,1998-10-01,21.050533830645186,10.92884159946239,44.97265825238,1013.2330696908602,-0.690085328763441,0.5831787963744623
grid_m2.75_29.00,1998-11-01,21.097547347222246,11.131341055555577,20.31612390234,1012.1512916666668,-1.0939269603102777,0.6820003071440278
grid_m2.75_29.00,1998-12-01,20.908483131720455,10.74358053763443,15.18535614652,1012.6853144489248,-0.7363894687100202,0.21802176145309138
grid_m2.75_29.00,1999-01-01,20.242258319892496,12.44755541666669,77.0235061241,1011.9296356854838,-0.6227999438545699,0.09377344202684139
grid_m2.75_29.00,1999-02-01,21.888663273809545,9.583773020833357,9.18984409092,1011.1248697172618,-0.8638086724273809,0.4157001858428572
grid_m2.75_29.00,1999-03-01,19.920514422043034,13.006786881720453,94.33245631088,1011.5498991935484,-0.5315984500287232,0.21475422791290322
grid_m2.75_29.00,1999-04-01,19.680635930555578,12.341758444444467,35.20607945418,1013.5001385416667,-1.35295138839,0.8891888360702778
grid_m2.75_29.00,1999-05-01,20.085157029569917,10.526661545698948,7.37571716666,1014.0363426747311,-1.688301784467742,1.125797659202957
grid_m2.75_29.00,1999-06-01,19.861112013888913,8.597789500000022,0.2145767216,1014.4095363194444,-1.6069772322438887,1.2002706541461112
grid_m2.75_29.00,1999-07-01,19.203241908602173,8.290498965053787,0.44584274933999996,1015.3536179435484,-1.4643497055577956,1.1236667632323925
grid_m2.75_29.00,1999-08-01,19.318228548387122,10.551829233870992,20.143985735959998,1014.9716099462365,-1.3167720914032257,1.0386632902037634
grid_m2.75_29.00,1999-09-01,20.413192125000023,9.419401180555578,14.98937604938,1012.7527059722223,-1.2005169132638889,0.9367694422233334
grid_m2.75_29.00,1999-10-01,20.971574516129056,10.28250040322583,22.33839038364,1012.6828049059139,-0.6442264836971774,0.49962880520873654
grid_m2.75_29.00,1999-11-01,19.9711661527778,11.504252486111133,33.71524818694,1012.8392997916667,-0.8255045932120834,0.5845777943277778
grid_m2.75_29.00,1999-12-01,20.008946384408627,11.88837799731185,28.51343148416,1012.8000060483871,-1.0482900884125,0.47924761576102154
grid_m2.75_29.00,2000-01-01,20.730956908602174,11.76622341397852,51.95713049372,1011.2247043010753,-0.5158406225748656,-0.06736472348405106
grid_m2.75_29.00,2000-02-01,20.74186864942531,11.406040718390827,38.8963222924,1012.5297804597701,-0.31438461183002875,-0.323852188040546
grid_m2.75_29.00,2000-03-01,20.48602604838712,11.711330376344106,44.38638690654,1011.7601515456989,-0.8423928090951612,0.28732347091276883
grid_m2.75_29.00,2000-04-01,20.51009976388891,11.260268819444466,27.95219434952,1012.4448179166667,-1.391022384060139,0.89074386959775
grid_m2.75_29.00,2000-05-01,21.05425184139787,10.101303319892496,2.72989272638,1013.3312510752688,-1.6293640532137097,1.1741455090143011
grid_m2.75_29.00,2000-06-01,19.761579013888912,9.349729361111134,0.64754485996,1014.8049138194444,-1.5925003243611113,1.1985362635102776
grid_m2.75_29.00,2000-07-01,19.662914569892497,7.529850188172064,0.04005432112,1014.1605022849462,-1.3660836980672044,1.0195920191663979
grid_m2.75_29.00,2000-08-01,20.310311545698948,8.921221075268841,0.47445297238,1014.2856981182796,-1.3365220095933548,1.1748254846364248
grid_m2.75_29.00,2000-09-01,21.471862125000023,8.117486750000023,1.20687484822,1011.985775625,-1.0549391437361666,1.1498694534736806
grid_m2.75_29.00,2000-10-01,20.734179502688193,10.74729467741938,38.68651394404,1012.9437992607527,-0.7980416212809139,0.598644950925914
grid_m2.75_29.00,2000-11-01,19.536094000000023,13.428039930555578,126.93738951842,1012.4814968750001,-0.44065375958916664,0.18071019826111112
grid_m2.75_29.00,2000-12-01,19.52172284946239,13.258782258064537,60.68515788914,1013.5550409274193,-0.3995844318657258,0.15714286413319892
grid_m2.75_29.00,2001-01-01,19.05685145161293,13.645422284946259,102.79989208244,1013.6030651209677,-0.050464220331612894,-0.17714244105436827
grid_m2.75_29.00,2001-02-01,20.20877997023812,12.279796815476212,37.2624396696,1012.288625,-0.6220320523924107,0.26453885566220237
grid_m2.75_29.00,2001-03-01,20.148743454301098,12.221048924731205,43.58172424384,1012.722463844086,-0.6909261118013441,0.44044640322842743
grid_m2.75_29.00,2001-04-01,19.801290444444465,12.687701638888914,48.54702956844,1013.251497638889,-1.2583638305477778,0.8524614334370834
grid_m2.75_29.00,2001-05-01,19.580630255376366,12.14713861559142,27.82344819204,1014.6611592069893,-1.441820453576559,1.0030194602028226
grid_m2.75_29.00,2001-06-01,19.098656375000022,10.95782616666669,3.39078903372,1015.4609906944445,-1.2958793013551388,0.9524150207611112
grid_m2.75_29.00,2001-07-01,19.243883387096798,10.480572782258088,6.9351196244599995,1015.2702673387096,-1.2090265627379033,0.8803169910407258
grid_m2.75_29.00,2001-08-01,20.321721720430133,9.175860376344108,3.67784499252,1015.0384733198925,-1.0807638294491935,0.8783571387641129
grid_m2.75_29.00,2001-09-01,20.664463333333355,10.396582750000022,19.38533780078,1013.064271388889,-0.93645458471375,0.6547556760313195
grid_m2.75_29.00,2001-10-01,19.92196029569895,12.468108790322603,92.83399585078,1013.5028970430108,-0.6608586512572581,0.4947338709211021
grid_m2.75_29.00,2001-11-01,19.800527736111135,12.841326694444469,36.01789477664,1013.4909213888889,-0.7896037626300972,0.5231514609138056
grid_m2.75_29.00,2001-12-01,20.4743725403226,12.26791041666669,48.0318068979,1012.8700149865591,-0.7196437195918012,0.3401327228356183
grid_m2.75_29.00,2002-01-01,19.424712379032282,13.524657782258087,83.68325235854,1013.786114986559,-0.40245774995625005,0.1782952168877688
grid_m2.75_29.00,2002-02-01,20.41125711309526,13.046932157738118,53.40623856884,1013.1811346726191,-0.71012844399625,0.3369351796846726
grid_m2.75_29.00,2002-03-01,20.14576158602153,13.371064112903248,70.92905076764,1012.6437436155913,-0.7085966911830646,0.387798308370793
grid_m2.75_29.00,2002-04-01,19.847295069444467,12.881184361111135,82.69166936854,1012.0304668055556,-1.3051858890430554,0.8419832437784721
grid_m2.75_29.00,2002-05-01,19.503759986559164,13.447289959677443,78.80020148468,1014.5561065860214,-1.073710103280914,0.7619996629697581
grid_m2.75_29.00,2002-06-01,19.74841201388891,9.977287722222245,0.53763389968,1015.5364148611111,-1.2232309343566665,0.9102245293777778
grid_m2.75_29.00,2002-07-01,20.26611478494626,9.204581155914001,0.17738342216,1015.3190173387096,-1.2417277071711021,1.0473916453468939
grid_m2.75_29.00,2002-08-01,20.28812443548389,9.318156357526902,0.44631958156,1014.698959408602,-1.3653221543091398,1.1995961594919353
grid_m2.75_29.00,2002-09-01,21.576552263888914,8.4263682777778,1.09577178598,1013.2552845138888,-1.2307969210502778,1.2156993647215277
grid_m2.75_29.00,2002-10-01,20.96848698924733,10.459238333333357,33.60366816896,1012.3755552419354,-0.9220480776942205,0.7745246484670698
grid_m2.75_29.00,2002-11-01,20.45339275000002,11.242689138888913,32.31835365762,1013.5621302777779,-0.7301414913926499,0.4322994232353333
grid_m2.75_29.00,2002-12-01,20.288516397849484,12.39273908602153,72.23939877752,1014.1441206989248,-0.5627992993528226,0.22651938716505376
grid_m2.75_29.00,2003-01-01,20.735294596774217,12.163486545698946,52.72197722042,1013.9334515456989,-0.4999284597863844,0.028463384079435487
grid_m2.75_29.00,2003-02-01,21.834348258928596,10.39165879464288,21.7852591638,1012.3609386160715,-0.619333130448363,0.1548027474940476
grid_m2.75_29.00,2003-03-01,21.735000215053784,11.365062379032281,24.53708651794,1012.1216311155914,-0.7240744574517473,0.34757474674376343
grid_m2.75_29.00,2003-04-01,20.735831347222245,12.576204000000022,57.5804711051,1012.992387986111,-1.1829397409505555,0.6994568926063889
grid_m2.75_29.00,2003-05-01,20.158854556451637,12.270869448924753,23.21386349706,1014.6279484543011,-1.3642693999970967,0.9258779713901343
grid_m2.75_29.00,2003-06-01,19.786564694444465,10.114127083333356,6.1635971055,1014.65140375,-1.4311058692791667,1.0297801825094446
grid_m2.75_29.00,2003-07-01,19.397451935483893,9.055903346774215,1.0042190607600001,1015.771865188172,-1.4251659342459677,1.020702464641223
grid_m2.75_29.00,2003-08-01,21.024833306451637,7.760093172043034,0.5497932411199999,1014.2110956317205,-1.011796746164516,1.0085199208780915
grid_m2.75_29.00,2003-09-01,21.396391625000025,9.44235268055558,8.5740089492,1013.7046048611112,-1.1764805688395832,0.9144772851738889
grid_m2.75_29.00,2003-10-01,21.177838817204325,11.026714838709703,33.70952606142,1012.5527865591398,-1.0283118834365592,0.7716963784853496
grid_m2.75_29.00,2003-11-01,21.218295263888912,11.100409597222244,28.14412111846,1012.1829869444445,-1.0151938338468527,0.5687290184566667
grid_m2.75_29.00,2003-12-01,21.38735334677422,11.273251465053788,32.63950356182,1012.8818594758066,-0.8314862609943549,0.2070176519451613
grid_m2.75_29.00,2004-01-01,21.496100766129054,12.075157647849487,29.78420265136,1012.0776158602151,-0.6256608234712513,0.08258196126965053
grid_m2.75_29.00,2004-02-01,21.48413872126439,11.222158994252895,22.04966540456,1013.1589942528736,-0.5426473504212643,0.15048500586040228
grid_m2.75_29.00,2004-03-01,21.30091418010755,12.706744045698947,43.82085797584,1012.4240915994623,-0.9211150537997311,0.464368124439785
grid_m2.75_29.00,2004-04-01,20.072192208333355,14.003902736111135,68.46094150422,1013.4700522916667,-1.0631080627006944,0.6815057764723611
grid_m2.75_29.00,2004-05-01,20.035051975806475,12.44082799731185,30.15422820908,1014.9053240591398,-1.2638674886330645,0.9295526228909409
grid_m2.75_29.00,2004-06-01,19.494736444444467,9.317552402777801,3.83090971298,1016.7618971527777,-1.4624322123263889,1.2448496882281943
grid_m2.75_29.00,2004-07-01,19.98213930107529,7.975034059139808,0.36430359004,1014.8761673387097,-1.2196730941541667,1.0077167846228496
grid_m2.75_29.00,2004-08-01,21.01693177419357,8.184136115591421,3.8866996658,1014.7691944892473,-1.1562603358685484,1.0270896021551077
grid_m2.75_29.00,2004-09-01,20.550495541666688,10.035447819444466,26.66187279776,1013.5181984027778,-1.1001602389291667,0.8240101706866666
grid_m2.75_29.00,2004-10-01,21.85910672043013,10.114735591397872,12.63618462132,1012.6811611559141,-1.2290166228980135,0.7473403365510753
grid_m2.75_29.00,2004-11-01,21.03200479166669,11.803291333333355,35.83669670414,1012.8850220833333,-0.9278612766395834,0.41193235297874997
grid_m2.75_29.00,2004-12-01,20.971009435483893,12.837604301075292,53.62272277542,1012.6390099462366,-0.6940299005197984,0.15371898935712364
grid_m2.75_29.00,2005-01-01,21.4263622715054,11.76559923387099,44.06404486158,1012.9368086021506,-0.6755160079434139,0.03508676457131721
grid_m2.75_29.00,2005-02-01,23.149682306547643,9.969542247023831,15.04755020692,1011.2213431547619,-1.013424372233631,0.38672197372464284
grid_m2.75_29.00,2005-03-01,21.363484354838732,12.633854946236584,46.72670361426,1012.9540060483871,-0.8235986762919758,0.3477693166685484
grid_m2.75_29.00,2005-04-01,21.396813791666688,12.333099208333357,25.98667131998,1012.7054727777777,-1.3673403217375417,0.8141892330208335
grid_m2.75_29.00,2005-05-01,20.48028728494626,13.0310960887097,46.0691450851,1014.2567692876344,-1.2603176690860216,0.7463267122254033
grid_m2.75_29.00,2005-06-01,20.05825488888891,11.630737916666687,5.37967681456,1014.8918826388889,-1.3672671229430555,0.9447652614106944
grid_m2.75_29.00,2005-07-01,19.939223924731206,8.585721572580669,0.96178054262,1016.0203433467741,-1.3943257282419355,1.0454555865651882
grid_m2.75_29.00,2005-08-01,21.035771424731205,9.05929045698927,9.74678992286,1014.1393915322581,-1.0838297150703493,0.9027533178929434
grid_m2.75_29.00,2005-09-01,21.967474597222246,9.570880305555578,12.8383635664,1013.1970215972221,-1.0690933422833333,0.8220201501761111
grid_m2.75_29.00,2005-10-01,20.885922069892498,11.618267123655938,46.02742187634,1013.2949874999999,-0.8005740672945645,0.5830840870086021
grid_m2.75_29.00,2005-11-01,21.0605751527778,11.441299680555577,19.43397523992,1012.3558790972222,-0.9360632518097223,0.5181895573093056
grid_m2.75_29.00,2005-12-01,21.47814053763443,11.796410094086044,24.80077754926,1011.3573306451614,-0.7643708883134409,0.2078828092388441
grid_m2.75_29.00,2006-01-01,21.25551229838712,11.702417607526904,19.6495056428,1011.6483069892473,-0.748985950305914,0.17861323220685485
grid_m2.75_29.00,2006-02-01,21.712178005952403,11.96587385416669,33.11014164124,1011.6757399553571,-0.6257315126534226,0.17425923124366072
grid_m2.75_29.00,2006-03-01,20.929511505376368,12.392374543010774,39.43586352898,1012.8134335349463,-0.5587918069456989,0.24579729142580645
grid_m2.75_29.00,2006-04-01,20.09632976388891,13.035438694444467,45.8810331017,1013.088486111111,-1.17537424326645,0.7030329202623611
grid_m2.75_29.00,2006-05-01,19.796948077957012,13.640265766129055,77.02016835628,1014.708879905914,-1.2298231902231183,0.712141733362945
grid_m2.75_29.00,2006-06-01,19.924046222222245,10.318485222222245,1.77431107068,1015.3453700694445,-1.5366197987347223,1.0946600799470834
grid_m2.75_29.00,2006-07-01,19.884355927419378,10.407842217741958,5.63907623186,1015.8221795698926,-1.3245604544516127,0.8678133577435632
grid_m2.75_29.00,2006-08-01,20.599386250000023,9.780797674731206,17.09556582044,1014.3510249327957,-1.1563205925966156,0.938650930964113
grid_m2.75_29.00,2006-09-01,21.191357430555577,9.34784588888891,16.14761348796,1013.7053666666666,-1.3207000073458333,1.052256033966389
grid_m2.75_29.00,2006-10-01,22.0767346370968,9.735086626344108,10.3225707745,1012.5891921370968,-1.2727667485077958,0.8664260148295698
grid_m2.75_29.00,2006-11-01,20.203596958333357,12.384449847222244,41.808366781000004,1013.0779885416666,-0.5394690373252777,0.27939575979775
grid_m2.75_29.00,2006-12-01,20.167935833333356,14.075241706989269,115.72599389466,1014.2782565188171,-0.27277533483387095,-0.08384481098534946
grid_m2.75_29.00,2007-01-01,20.341309462365615,14.449804018817227,100.98934199758,1014.347642405914,-0.39304743078279575,-0.010370398925497312
grid_m2.75_29.00,2007-02-01,21.040793020833355,13.304870997023832,53.10010898524,1013.032709375,-0.3454878908258929,-0.0051641459822023795
grid_m2.75_29.00,2007-03-01,21.47426857526884,11.94405619623658,32.60278699256,1012.3107073924732,-1.1451547061428762,0.5491825430986559
grid_m2.75_29.00,2007-04-01,20.962018763888913,12.521060722222243,46.91314704882,1012.851988125,-1.3238431067152778,0.7700706908658332
grid_m2.75_29.00,2007-05-01,20.68385620967744,12.781435040322602,16.11852646568,1013.9450708333333,-1.6310582529338709,1.0769157005649193
grid_m2.75_29.00,2007-06-01,19.781706055555578,11.28594641666669,11.55519489048,1014.9413626388889,-1.2046320391172223,0.73458468083375
grid_m2.75_29.00,2007-07-01,19.806533373655938,10.174709556451637,6.90746310282,1014.8054178091398,-1.2261322401290322,0.9392760692705241
grid_m2.75_29.00,2007-08-01,20.37961232526884,9.037388965053786,9.5915794031,1013.8229384408602,-1.2821537137600807,1.0307517725215054
grid_m2.75_29.00,2007-09-01,21.469640666666688,9.147772805555578,27.8930663232,1013.3789584722223,-0.9418468894682639,0.71071900186875
grid_m2.75_29.00,2007-10-01,20.983489260752712,10.978925094086044,31.9805144284,1012.4408683467741,-0.9944056029006721,0.5913635203028226
grid_m2.75_29.00,2007-11-01,20.318862041666687,11.789555944444468,43.42722888702,1012.1926466666666,-0.8586080041697222,0.55673559030425
grid_m2.75_29.00,2007-12-01,20.85320673387099,11.419783172043033,59.52167517568,1012.199585282258,-0.6385237172811828,0.1124435143340457
grid_m2.75_29.00,2008-01-01,20.973517083333356,11.432028991935507,34.10220159514,1012.0607148521506,-0.6196643011646505,0.0904479490897043
grid_m2.75_29.00,2008-02-01,20.374718692528756,11.858646652298873,48.95353325438,1013.2833887931035,-0.663669584775,0.18901996000952587
grid_m2.75_29.00,2008-03-01,20.462859206989272,11.613265362903249,47.28364933504,1012.011975,-0.7799645090685484,0.2828068688275094
grid_m2.75_29.00,2008-04-01,19.70841201388891,11.720363708333355,41.7695046321,1012.1898319444444,-1.4341449937344446,0.9988287389673611
grid_m2.75_29.00,2008-05-01,20.3135787231183,11.040029059139808,12.43257532094,1013.2923903897849,-1.660955635389785,1.092574230438172
grid_m2.75_29.00,2008-06-01,19.4080430277778,11.063313597222246,11.92188268726,1014.8919095833334,-1.510879239375,0.9461080769409722
grid_m2.75_29.00,2008-07-01,19.30300157258067,9.677226196236582,10.3225707486,1015.2573993279569,-1.2426237924784946,0.8441879114401882
grid_m2.75_29.00,2008-08-01,20.29254231182798,9.710469946236582,5.78784938682,1013.1555241935483,-1.2231606641532258,1.0493292821049731
grid_m2.75_29.00,2008-09-01,22.002917222222248,8.606352472222246,5.81216809526,1012.6478984027777,-1.14317993472,0.8829684572098611
grid_m2.75_29.00,2008-10-01,21.0966298387097,11.558900940860239,38.34915170414,1013.0608199596775,-1.0110382164400538,0.5418335493706989
grid_m2.75_29.00,2008-11-01,21.284902736111135,12.080740083333355,34.36946879732,1012.453566875,-0.6632995387027778,0.23123145517152777
grid_m2.75_29.00,2008-12-01,21.160612997311848,11.232892069892495,40.193557938,1012.0916448252688,-0.7764397472100806,0.17983656031948925
grid_m2.75_29.00,2009-01-01,21.286858239247334,11.12515241935486,44.05212404364,1012.6079461693548,-0.5405621468330645,-0.13844406713037635
grid_m2.75_29.00,2009-02-01,20.780653482142878,11.689481056547642,44.247627166979996,1012.0021293154763,-0.9197779819983631,0.46677916370699407
grid_m2.75_29.00,2009-03-01,21.444758978494647,12.007976922043033,58.60948564006,1011.5105324596774,-1.0290595849657258,0.4955237814924731
grid_m2.75_29.00,2009-04-01,20.389762430555578,13.179269555555578,41.30125032442,1013.4050167361111,-1.2994173247277778,0.7308787020402778
grid_m2.75_29.00,2009-05-01,20.52623428763443,12.612271250000022,21.05140689856,1013.5572762768817,-1.4029517423077957,0.8224494553607526
grid_m2.75_29.00,2009-06-01,20.360040138888913,10.202021111111133,3.42845915908,1014.6886394444444,-1.5417569486902778,1.0919578552861111
grid_m2.75_29.00,2009-07-01,19.943344583333356,9.137361250000021,0.7185935933800001,1015.5903301075268,-1.5644496989717742,1.1417408234166666
grid_m2.75_29.00,2009-08-01,20.885051384408627,10.454373440860236,0.91409682888,1013.9156713709679,-1.369178464444355,1.1616403505548387
grid_m2.75_29.00,2009-09-01,22.042836222222245,10.48167941666669,14.6613121023,1013.7170922222223,-0.9807835273606944,0.8372610085000001
grid_m2.75_29.00,2009-10-01,21.391383655914,11.513582110215074,28.92017357448,1012.4482441532258,-1.077013117883508,0.6772776169119624
grid_m2.75_29.00,2009-11-01,20.478661722222245,13.343979333333358,98.64521045236,1012.8431323611111,-0.7475759234834722,0.42251548783611115
grid_m2.75_29.00,2009-12-01,20.95909739247314,12.86309620967744,46.39768590774,1013.2931847446237,-0.7359253652628359,0.2853118115237097
grid_m2.75_29.00,2010-01-01,21.15733229838712,13.647798521505399,76.48468037576,1013.3403378360215,-0.5525866056879032,0.11822702548222849
grid_m2.75_29.00,2010-02-01,21.262908750000022,14.576167127976213,89.89572517454,1012.8103460565477,-0.6671791993922619,0.3607631410026786
grid_m2.75_29.00,2010-03-01,20.955219341397875,14.817060080645184,88.72222911014,1013.6386954973118,-0.7456200712142472,0.3752497198150538
grid_m2.75_29.00,2010-04-01,21.126569986111136,14.163007875000025,22.13621142742,1013.3275478472221,-1.3251252708299999,0.8879238778340277
grid_m2.75_29.00,2010-05-01,21.100376209677442,12.766663723118302,27.993678978920002,1013.881716733871,-1.4019865622393817,0.8929581795952958
grid_m2.75_29.00,2010-06-01,20.81184830555558,10.8297544027778,3.14712525804,1015.24031375,-1.5264686361722224,1.0482681922109722
grid_m2.75_29.00,2010-07-01,20.11807130376346,9.752823857526906,0.30136108186,1014.7842338037635,-1.5037084588274192,1.0687975718163978
grid_m2.75_29.00,2010-08-01,21.62608741935486,7.4546677419355065,0.780105592,1013.7806471102151,-1.263817468922043,1.1135841391255377
grid_m2.75_29.00,2010-09-01,21.685895916666688,9.497777125000022,13.47208021586,1012.8686159027777,-1.2304240566775,0.8125837868486806
grid_m2.75_29.00,2010-10-01,22.12598409946239,10.741444099462388,40.89212425096,1012.0672602822581,-0.9127765171508871,0.5918898622991935
grid_m2.75_29.00,2010-11-01,21.46670537500002,12.234716319444468,51.73253997832,1011.3709577083334,-0.91652840635125,0.47634044212944443
grid_m2.75_29.00,2010-12-01,21.002537244623678,12.209330940860239,66.10178913214,1011.4248266129032,-0.77771379773402,0.2888868600760753
grid_m2.75_29.00,2011-01-01,21.12868721774196,12.107667298387119,39.32523735344,1011.2183703629031,-0.6524141584388441,0.1479780346969086
grid_m2.75_29.00,2011-02-01,21.355707752976212,11.49772924107145,35.02631165608,1011.4846348958332,-0.6796956283322917,0.17067968359300595
grid_m2.75_29.00,2011-03-01,21.13941044354841,12.04093659946239,33.84399419804,1012.0650172043011,-0.7494077983486559,0.25803937157728496
grid_m2.75_29.00,2011-04-01,20.6057609027778,11.873138986111133,50.61960231352,1012.3048572222222,-1.3972671916829167,0.8021603901752777
grid_m2.75_29.00,2011-05-01,20.827970819892496,12.39118907258067,24.7082709947,1013.8125264112904,-1.5577848777849461,0.9412898814673387
grid_m2.75_29.00,2011-06-01,20.7424777777778,10.780315833333356,6.24990463854,1014.4204606249999,-1.2762842800062502,0.8926870139490278
grid_m2.75_29.00,2011-07-01,20.645294879032278,9.435088857526905,2.25591659084,1014.0330155913979,-1.2052946601131722,0.9077524752580645
grid_m2.75_29.00,2011-08-01,21.029402768817224,10.147046088709699,6.97612764182,1013.983531922043,-1.1433133367826613,0.8630105085077957
grid_m2.75_29.00,2011-09-01,21.02767966666669,11.237519277777801,28.38754656224,1014.1102936805556,-1.1901811597961112,0.8126945672372222
grid_m2.75_29.00,2011-10-01,20.737720053763464,11.877441532258088,33.48970414602,1012.2418807123655,-0.9809011026135215,0.5380730572655914
grid_m2.75_29.00,2011-11-01,20.66188354166669,12.510064847222244,70.14703742386,1012.9011546527778,-0.5641613856433333,0.2328782399647778
grid_m2.75_29.00,2011-12-01,20.6236198387097,12.88787673387099,67.6317214036,1013.2872955645161,-0.4954863420864247,0.07160945638304973
grid_m2.75_29.00,2012-01-01,21.777018252688194,12.059013991935508,43.29872135758,1012.5101469086021,-0.20266783013047043,-0.2631051457887097
grid_m2.75_29.00,2012-02-01,21.481785919540254,10.03231831896554,22.814989165940002,1011.116148204023,-0.5458682732938218,0.14987575111264367
grid_m2.75_29.00,2012-03-01,21.862348924731204,11.671394596774215,31.20422361226,1012.4378733870968,-0.8459639122362903,0.2532118519016129
grid_m2.75_29.00,2012-04-01,20.119224763888912,13.973560875000022,114.1884325179,1013.5241699305556,-0.9745947725770833,0.5121106680534722
grid_m2.75_29.00,2012-05-01,19.794403750000022,13.465696948924757,53.27749271262,1014.6692934139785,-1.2107841749323924,0.7475879629809812
grid_m2.75_29.00,2012-06-01,20.098204611111132,11.604688680555576,6.6976547094,1015.4467590277778,-1.2341614626556945,0.8485005316808333
grid_m2.75_29.00,2012-07-01,20.408887607526903,9.82195912634411,1.85203551364,1014.4325632392473,-1.0054174856148657,0.8036454884994624
grid_m2.75_29.00,2012-08-01,20.732183521505398,8.927171424731206,19.5302963081,1014.5455387096774,-0.8752464792486156,0.7644232260155457
grid_m2.75_29.00,2012-09-01,21.262814958333355,10.628587625000023,33.56170657322,1014.2604586805555,-0.8296486106998611,0.6011868376566667
grid_m2.75_29.00,2012-10-01,21.46945729838712,11.830948400537658,31.35681140032,1012.478326344086,-0.7374829736927418,0.4245589689848119
grid_m2.75_29.00,2012-11-01,20.6926602777778,13.00731341666669,61.7313388673,1013.1845406944444,-0.7348039416327777,0.4382062274375
grid_m2.75_29.00,2012-12-01,21.071223440860237,12.824100604838732,49.0269663772,1012.7433449596774,-0.5196088365040323,0.10510953266223118
grid_m2.75_29.00,2013-01-01,21.97105771505379,12.995531720430133,35.93683241388,1013.328308266129,-0.37688569099139785,-0.048791557889849464
grid_m2.75_29.00,2013-02-01,22.04845523809526,11.654053973214308,38.58757010944,1012.1095061755952,-0.7095616208403274,0.1350336758720238
grid_m2.75_29.00,2013-03-01,21.04447548387099,13.042054502688195,74.69892480168,1013.0738317876344,-0.789275692578629,0.5070546886744624
grid_m2.75_29.00,2013-04-01,20.235715736111135,14.675595236111134,78.51505290452,1013.9653536111111,-0.8267189656171389,0.4291075382030556
grid_m2.75_29.00,2013-05-01,20.297118602150558,12.785448575268841,31.335353854759997,1015.0004821908602,-1.4628094910147849,1.0087264883629032
grid_m2.75_29.00,2013-06-01,20.407187569444467,10.649196416666689,1.24645232642,1015.128019861111,-1.2255738578208335,0.8471674806130806
grid_m2.75_29.00,2013-07-01,20.513688790322604,9.14438051075271,2.68268585612,1014.9566155913977,-0.9286351466491936,0.7677606964106183
grid_m2.75_29.00,2013-08-01,20.857987701612927,9.452558360215075,3.54003906968,1013.9156953629032,-0.966926320541801,0.9746392974728495
grid_m2.75_29.00,2013-09-01,21.40339416666669,10.915161805555579,23.74029170662,1013.7504938888889,-0.791302680442639,0.5625066758449999
grid_m2.75_29.00,2013-10-01,21.157215860215075,10.988008911290345,35.89248653998,1013.3698469086022,-0.7818770646127688,0.6879792986811828
grid_m2.75_29.00,2013-11-01,21.208478722222246,11.751585986111134,24.16181560138,1012.1800732638889,-0.6648933648455555,0.37322283836500003
grid_m2.75_29.00,2013-12-01,20.327360981182817,13.493482782258088,119.88925911044,1013.5901572580646,-0.48005875448185487,0.16039481233580646
grid_m2.75_29.00,2014-01-01,21.483124543010778,12.36554799731185,28.63931638848,1012.9134491263441,-0.5172068276689517,-0.013569206280107526
grid_m2.75_29.00,2014-02-01,21.222337767857166,12.946853645833354,44.00587087868,1012.0411317708333,-0.1648857714400759,-0.13763127985401785
grid_m2.75_29.00,2014-03-01,21.695599556451636,12.077014139784968,33.710956542779996,1012.5778233870968,-0.7735783592271506,0.3392340145804301
grid_m2.75_29.00,2014-04-01,21.11713162500002,12.102741736111135,35.39943698876,1013.4768975000001,-1.3482609859002779,0.7363551239355556
grid_m2.75_29.00,2014-05-01,21.442220040322603,11.375664650537658,8.56161125482,1013.738667876344,-1.7334889842258066,1.1524654311854838
grid_m2.75_29.00,2014-06-01,21.0040542777778,11.287821083333355,2.4185180551,1015.1099052777778,-1.3715968237805556,0.8328944645338888
grid_m2.75_29.00,2014-07-01,21.23803282258067,9.186916895161312,0.5826950068,1016.0444899193548,-1.1998497946854838,0.8750763550174059
grid_m2.75_29.00,2014-08-01,21.201569529569916,10.225375443548408,7.76600837634,1014.7528976478494,-1.0821881842365593,0.862851644091547
grid_m2.75_29.00,2014-09-01,21.36310805555558,10.466863194444468,15.902996079,1014.0769149305556,-1.1846497218708334,0.7622550758513611
grid_m2.75_29.00,2014-10-01,21.454916344086044,11.989622849462389,36.16714472544,1013.1594946908602,-0.8943323728844087,0.4976214143896505
grid_m2.75_29.00,2014-11-01,20.95570138888891,12.876698736111134,30.4503441981,1013.0328714583333,-0.9608414749016194,0.47886339820749996
grid_m2.75_29.00,2014-12-01,21.035064086021528,13.43034868279572,54.49485770546,1013.5746495295699,-0.5588430663638441,0.15113198928494623
grid_m2.75_29.00,2015-01-01,21.15821751344088,13.196858454301097,38.99288170696,1013.8522006048388,0.1830034105506855,-0.24595254369412636
grid_m2.75_29.00,2015-02-01,21.273519687500023,12.824784508928593,26.54600137228,1012.3920584821428,-0.4650066922063988,0.04924912644330358
grid_m2.75_29.00,2015-03-01,20.926659583333358,13.612989946236583,92.04721450034,1012.6747609543011,-0.9142228804442796,0.5880343118641129
grid_m2.75_29.00,2015-04-01,19.922818638888913,15.120766583333355,79.63657390006,1014.53847,-0.6086727987472222,0.4045488148697223
grid_m2.75_29.00,2015-05-01,20.416456505376367,14.31290479838712,24.705886772459998,1015.1629663978495,-1.3071571697137097,0.8222092039637097
grid_m2.75_29.00,2015-06-01,20.580337875000023,12.650935027777802,3.94630432924,1015.612054375,-1.046652879579722,0.7098051286775
grid_m2.75_29.00,2015-07-01,20.693567271505398,10.960383911290345,0.69141387974,1015.5651051747312,-1.1408072663158602,0.9924776838234408
grid_m2.75_29.00,2015-08-01,21.420651438172065,10.067980672043033,0.38194656132,1014.4659385080645,-1.161463687213172,1.0471691834090053
grid_m2.75_29.00,2015-09-01,22.276978097222244,11.757329847222245,22.85385148022,1013.676085,-1.0476843737643056,0.8549631769262499
grid_m2.75_29.00,2015-10-01,21.22817493279572,13.772729032258084,62.5905989583,1013.7559300403226,-0.7568027541793011,0.5237550834102956
grid_m2.75_29.00,2015-11-01,20.566222319444467,14.501233250000023,72.32403740388,1013.6505715972222,-0.49476015199347223,0.2600659465988889
grid_m2.75_29.00,2015-12-01,21.052999852150563,14.603516478494646,53.03812026778,1014.8284870967742,-0.3221760215282258,0.1008647392655242
grid_m2.75_29.00,2016-01-01,21.380860913978516,15.639522163978517,72.15404486695999,1014.2873262768818,-0.20467592058346773,-0.06647973401303764
grid_m2.75_29.00,2016-02-01,21.477427227011518,14.309009942528759,41.5143965516,1013.4640023706896,-0.5492551517949712,0.19376007130543968
grid_m2.75_29.00,2016-03-01,22.49629979838712,14.500095255376367,25.01010893494,1013.0475503360216,-0.7360243942587366,0.3836154109203253
grid_m2.75_29.00,2016-04-01,20.676371972222245,15.960807763888912,184.6628190527,1014.0633211805556,-0.8104532869990279,0.5600388834127779
grid_m2.75_29.00,2016-05-01,20.734979919354863,15.118899852150562,30.66587426206,1015.6607082661291,-1.0740688296129033,0.7707079013870968
grid_m2.75_29.00,2016-06-01,20.302734722222247,12.671095625000023,1.6613006578,1016.7114855555556,-1.2033927702081944,0.9813428942702778
grid_m2.75_29.00,2016-07-01,20.469238897849486,11.4644422715054,2.02274321864,1015.3956172043012,-0.9808570689112903,0.8414310946297043
grid_m2.75_29.00,2016-08-01,21.07915969086024,10.09293540322583,3.67689131138,1014.877733938172,-1.2360963937889784,1.1040043573017473
grid_m2.75_29.00,2016-09-01,22.020272333333356,11.069457430555579,17.2996522022,1013.8396470138889,-1.0200282622044445,0.8651266942595833
grid_m2.75_29.00,2016-10-01,22.0722997043011,12.561843118279592,34.14201726256,1012.5391335349462,-1.0032051045573924,0.6311160251159946
grid_m2.75_29.00,2016-11-01,20.91562863888891,13.190766166666688,40.33040996586,1013.2629611111112,-0.9268361643983334,0.5655893101509721
grid_m2.75_29.00,2016-12-01,21.624518440860236,11.903394516129053,17.77935027444,1012.8151488575269,-0.8762048504448924,0.3049857434701156
grid_m2.75_29.00,2017-01-01,21.84764366935486,12.03808922043013,24.82509624042,1012.5854088709677,-0.5161260777409946,-0.051368877140262094
grid_m2.75_29.00,2017-02-01,21.397505803571452,12.862859836309548,49.75223535538,1012.8081491071429,-0.7211211508089286,0.10725992995342262
grid_m2.75_29.00,2017-03-01,21.011246290322603,13.15363177419357,34.92641442522,1012.8175672043011,-0.8352088516757528,0.3821734559519489
grid_m2.75_29.00,2017-04-01,20.89104816666669,13.101429805555577,32.3395728603,1013.5138695138888,-1.4544635351972224,0.9850359504781112
grid_m2.75_29.00,2017-05-01,20.801124395161313,12.641411303763464,14.37187194402,1014.9230627016128,-1.5912568087634409,1.1114643026935485
grid_m2.75_29.00,2017-06-01,21.329520333333356,11.529006180555578,0.57792663624,1014.7219302777778,-1.4744984915388888,1.0944656789052778
grid_m2.75_29.00,2017-07-01,21.301443212365612,9.651688897849485,1.1634826559,1015.5242838037634,-1.0176253585622312,0.9393726477299732
grid_m2.75_29.00,2017-08-01,21.271019180107547,11.27284786290325,11.66963581526,1014.3238502688173,-1.1114475031824866,1.011186679390457
grid_m2.75_29.00,2017-09-01,21.813533805555576,11.164327444444467,11.2643241406,1013.8642135416667,-0.9266296395138889,0.7105598041694666
grid_m2.75_29.00,2017-10-01,22.020278669354862,12.192793333333357,18.65243905378,1012.7754841397849,-0.7117179830913979,0.5465595486247312
grid_m2.75_29.00,2017-11-01,21.06529554166669,13.019500791666688,45.59183116474,1012.908441875,-0.7927547391291666,0.41800373978555555
grid_m2.75_29.00,2017-12-01,21.28409735215056,13.375454583333358,63.12179544596,1012.8337907258065,-0.6967082682362904,0.16514573012150538
grid_m2.75_29.00,2018-01-01,19.992712634408623,13.804970067204325,80.53874979148,1013.4730196908603,-0.21721617690536288,-0.0206898515202957
grid_m2.75_29.00,2018-02-01,21.639855639880974,13.376787991071451,28.304576887539998,1011.7379364583334,-0.6640308922597767,0.2927574213499003
grid_m2.75_29.00,2018-03-01,20.568708239247336,14.266364018817226,70.30296320622,1013.2433366935484,-0.2870496943783602,0.12709041184157258
grid_m2.75_29.00,2018-04-01,19.537556972222244,15.590542972222245,197.63278975358,1014.1471136111111,-0.5708910627354167,0.3313597081752083
grid_m2.75_29.00,2018-05-01,20.13126993279572,14.556210443548409,39.8855210131,1014.7090950268816,-1.2498171397127686,0.8503399312786291
grid_m2.75_29.00,2018-06-01,20.3563110277778,12.4447312777778,5.85079193512,1016.0159416666667,-1.1958653557031944,0.7802458869261945
grid_m2.75_29.00,2018-07-01,19.7973985215054,11.368749408602174,10.915756161100001,1016.6429884408603,-1.3911187368642475,1.0341240348276883
grid_m2.75_29.00,2018-08-01,20.662442137096797,11.938043077957012,16.39318459148,1015.4365670026882,-1.0861997102287635,0.7358198264850537
grid_m2.75_29.00,2018-09-01,22.538454388888912,11.53863113888891,11.51323318192,1012.8197663888889,-1.3095035132852777,0.9390265587776112
grid_m2.75_29.00,2018-10-01,21.622088279569915,12.839555228494646,37.95433061962,1013.4770839381721,-1.031857254669758,0.676574276871371
grid_m2.75_29.00,2018-11-01,21.648871833333356,13.19790216666669,25.29001230104,1012.9767033333334,-1.0160351073073612,0.5767999650291666
grid_m2.75_29.00,2018-12-01,21.024183750000024,13.357828293010776,61.60259259878,1014.1387341397849,-0.6394427509180646,0.2174409842628226
grid_m2.75_29.00,2019-01-01,21.861746881720453,12.576180000000022,25.02536786746,1013.7344905241936,-0.5739369976017473,0.038049123074193544
grid_m2.75_29.00,2019-02-01,22.37900416666669,12.744701011904784,25.97713466306,1012.9735235863095,-0.7737355690618154,0.17386713401736606
grid_m2.75_29.00,2019-03-01,21.804373427419378,13.170420443548407,28.47099299422,1013.3094444220429,-0.7322878050315861,0.16418662125129033
grid_m2.75_29.00,2019-04-01,21.728276819444467,14.180755069444468,76.55191402944,1013.2406372916666,-0.9727852082125,0.5314248829011111
grid_m2.75_29.00,2019-05-01,20.905607741935505,14.551466169354864,26.20792386054,1014.3162701612904,-1.4970733471948923,0.9504788709322581
grid_m2.75_29.00,2019-06-01,20.894721222222245,13.253922847222245,3.57246397526,1016.0111532638889,-1.1377568190097223,0.7037241399065278
grid_m2.75_29.00,2019-07-01,21.096338508064537,10.9100773387097,3.2906532011,1015.1474719758065,-1.110367047489113,0.8214243623655915
grid_m2.75_29.00,2019-08-01,21.686743118279594,11.286685846774215,2.26497649388,1015.4183656586022,-1.2208340980430108,1.0397810378452956
grid_m2.75_29.00,2019-09-01,22.331514638888912,11.558154902777801,23.73981487832,1013.8021130555555,-1.0738047711024998,0.8606690293162499
grid_m2.75_29.00,2019-10-01,21.065647809139808,12.570233185483891,37.97912590392,1012.9814941532258,-0.9314413991981183,0.6225411002810484
grid_m2.75_29.00,2019-11-01,21.465794069444467,13.014710138888912,39.118290057,1012.6223657638889,-0.7322934881083334,0.3607992171716111
grid_m2.75_29.00,2019-12-01,20.202264529569913,16.03031870967744,219.62213461292,1013.8606488575269,-0.16438943570873657,-0.004843537363037635
grid_m2.75_29.00,2020-01-01,21.098818951612927,15.312546532258088,119.64130424462,1014.182152688172,-0.09908744439448924,-0.11207738417016128
grid_m2.75_29.00,2020-02-01,21.422167198275883,15.210431350574737,81.84909808768,1014.0137586925288,-0.5095054922360202,0.15690632431215518
grid_m2.75_29.00,2020-03-01,21.265626532258086,15.354581989247336,128.86810319224,1013.6928856182797,-0.4831786949151881,0.24183427131302418
grid_m2.75_29.00,2020-04-01,20.934651125000023,15.380672388888911,125.56362117496,1014.4982709722221,-0.8195369075073611,0.46845982883152776
grid_m2.75_29.00,2020-05-01,21.24885239247314,14.41021107526884,29.12855154618,1015.8384222446235,-1.3250513188346773,0.8127384342760752
grid_m2.75_29.00,2020-06-01,20.919070680555578,13.148143722222246,11.86466216496,1015.8259025,-1.1745089015499999,0.7979523343218056
grid_m2.75_29.00,2020-07-01,20.121148655914002,12.283718373655939,22.427559020220002,1015.0555588037633,-1.1112497556659946,0.8555831903516129
grid_m2.75_29.00,2020-08-01,22.18808784946239,11.08698982526884,3.7245750302,1013.8910995967741,-0.9624101595701614,0.919312876561828
grid_m2.75_29.00,2020-09-01,22.06492429166669,11.560298569444466,11.3224983237,1013.5106540277778,-0.8965303428369444,0.8216168515578055
grid_m2.75_29.00,2020-10-01,21.407543387096794,12.827281478494648,58.9165690267,1013.4298186827957,-0.8780289301073926,0.6742272295564516
grid_m2.75_29.00,2020-11-01,21.0815119027778,14.0864620277778,56.19144433382,1013.6644659722223,-0.6287852256169166,0.35948329483675
grid_m2.75_29.00,2020-12-01,21.40925661290325,13.73285229838712,66.03956218964,1013.4404958333333,-0.5404548850823925,0.09276504871814517
grid_m2.75_29.00,2021-01-01,20.972548965053786,13.828144959677443,92.14353585604,1013.1941021505377,-0.5418476287014785,0.018841015765860215
grid_m2.75_29.00,2021-02-01,21.740119523809547,13.526881711309548,48.11811440382,1013.0753864583332,-0.30426293302720236,-0.1012898623633631
grid_m2.75_29.00,2021-03-01,21.242300913978518,13.201870591397872,76.49493177846,1012.3762995967742,-0.7769634293010752,0.4158769835153226
grid_m2.75_29.00,2021-04-01,21.088747597222245,14.144080833333355,59.7887040667,1013.7697554166666,-1.2491926610234723,0.681791241195
grid_m2.75_29.00,2021-05-01,20.96947034946239,14.834917083333357,94.08807748532,1014.8996461021505,-1.091395368201344,0.675074198410215
grid_m2.75_29.00,2021-06-01,21.200831000000026,12.003065166666687,5.74016569924,1015.4239247916668,-1.329779964340278,0.9081847935587499
grid_m2.75_29.00,2021-07-01,20.538249354838733,11.46853103494626,7.77053830704,1016.4760715725806,-1.2073302312096774,0.8829750768060485
grid_m2.75_29.00,2021-08-01,21.679590362903248,10.925056276881742,10.251045210080001,1014.7720133736559,-1.1364914269591397,0.8713055461227152
grid_m2.75_29.00,2021-09-01,22.26901912500002,10.997537416666688,18.2070732612,1013.7633367361111,-1.010056792240586,0.8102969764081944
grid_m2.75_29.00,2021-10-01,22.29744715053766,12.549218521505399,34.241199411720004,1013.0888346774193,-0.8394275989653226,0.5238125295026882
grid_m2.75_29.00,2021-11-01,21.622706722222247,12.562010916666688,47.4214554607,1012.8435665972222,-0.7233452269090694,0.514956729539861
grid_m2.75_29.00,2021-12-01,21.397145645161313,13.373005860215075,26.87501918258,1013.1492213709678,-0.9096973387009408,0.5888180875022581
grid_m2.75_29.00,2022-01-01,21.603241505376367,13.342308494623676,89.61153036904,1013.3086036962366,-0.2857364735721774,-0.043096153035395164
grid_m2.75_29.00,2022-02-01,20.151420327380976,14.867148824404786,106.6293712813,1013.623099330357,-0.326798506684375,0.033178351838020835
grid_m2.75_29.00,2022-03-01,21.662907029569915,13.705448750000023,71.49696344638,1012.0907153225806,-0.6582644480366263,0.20926758480823926
grid_m2.75_29.00,2022-04-01,20.826700833333355,14.741322430555579,131.62851309584,1012.716581875,-1.0074825287347222,0.72029847148125
grid_m2.75_29.00,2022-05-01,20.678216357526903,14.756006559139808,44.50798041454,1015.2432192204301,-1.1303603878392472,0.7776809402924731
grid_m2.75_29.00,2022-06-01,20.667378750000026,12.047362194444467,1.41429901604,1015.1051519444445,-1.4141628885097222,0.9759724520116666
grid_m2.75_29.00,2022-07-01,20.62138302419357,11.357156424731205,11.567592723659999,1015.5855661962365,-1.3142930498884409,0.8734056818603494
grid_m2.75_29.00,2022-08-01,21.486340013440884,11.102647661290346,16.47710795196,1013.9837409946236,-1.140610582117742,0.7515371789750134
grid_m2.75_29.00,2022-09-01,21.930912847222245,11.566530930555576,7.37762453572,1013.6263786111111,-0.9960028977099304,0.6737207204296667
grid_m2.75_29.00,2022-10-01,22.549096532258087,11.527744233870992,15.53630827156,1012.7706713709678,-0.9295526520248656,0.7143531492630376
grid_m2.75_29.00,2022-11-01,20.27593768055558,14.143602069444468,101.60350791082,1013.6869897916667,-0.5558617043965277,0.4335499647477778
grid_m2.75_29.00,2022-12-01,20.641889663978517,13.791870000000023,85.72912207008,1013.4812823252689,-0.4538860883130376,0.16753262461317206
grid_m2.75_29.00,2023-01-01,21.01713916666669,12.809077956989269,46.47040365952,1013.4958431451612,-0.6393563265942205,0.12616754311653225
grid_m2.75_29.00,2023-02-01,21.673136190476214,12.545336145833357,45.99523539046,1013.1692233630953,-0.4060171220421131,-0.10921469195163541
grid_m2.75_29.00,2023-03-01,20.829407083333358,14.23577426075271,125.35905824672,1013.3838231854838,-0.3695803616002688,0.19026871081060484
grid_m2.75_29.00,2023-04-01,20.922914583333355,14.769943013888911,67.86155703672,1012.9364841666666,-1.043123604692361,0.5955711522679722
grid_m2.75_29.00,2023-05-01,21.731486290322604,14.462215927419377,56.70213693196,1014.9761628360214,-1.2615013125591399,0.8084649127716397
grid_m2.75_29.00,2023-06-01,21.610708041666687,12.828254055555577,8.91447063544,1015.3732603472223,-1.2343749349318054,0.8852002248696751
grid_m2.75_29.00,2023-07-01,21.316477258064538,10.198606545698947,1.03473663402,1016.3972435483871,-1.4224112110846776,1.0796287885208333
grid_m2.75_29.00,2023-08-01,22.451570416666687,10.487175698924753,1.27363205332,1014.7300588709677,-1.2477408177536289,1.1735559274002687
grid_m2.75_29.00,2023-09-01,22.16317298611113,12.808996347222243,37.66918190292,1013.9929970833334,-0.8958595280902778,0.3887317444234569
grid_m2.75_29.00,2023-10-01,22.45465299731185,12.64516979838712,12.81642909714,1012.9810237231183,-0.9443171722921371,0.6017456476358871
grid_m2.75_29.00,2023-11-01,20.876437611111132,14.767867513888913,84.54895034992,1013.7699416666667,-0.6659841548953195,0.5009794663588889
grid_m2.75_29.00,2023-12-01,21.436899018817225,14.938852311827981,81.87770822732,1013.9337701612903,-0.5281565971163441,0.19978789883465056
grid_m2.75_29.00,2024-01-01,20.513938346774218,16.204364422043035,187.21437464171998,1015.4552145833333,-0.005519805488077956,-0.1526148807445699
grid_m2.75_29.00,2024-02-01,22.08306360632186,15.06976931034485,52.19554913818,1014.5076255028736,-0.4667368549034483,-0.0022812329343390807
grid_m2.75_29.00,2024-03-01,22.902033333333357,13.984072809139809,64.43405132944,1013.7157843413978,-1.0462901049478495,0.48244203582701617
grid_m2.75_29.00,2024-04-01,21.21080080555558,16.184732750000023,132.17020009264,1013.9977696527777,-0.8936933570162082,0.47611092379930553
grid_m2.75_29.00,2024-05-01,22.177301370967765,15.752659932795721,55.133342484880004,1014.8310668682795,-1.0399915026857527,0.6328696033637097
grid_m2.75_29.00,2024-06-01,21.553345069444468,11.686514388888911,4.69017029664,1015.7537874999999,-1.2734745748083334,0.9264496907631945
grid_m2.75_29.00,2024-07-01,21.966371397849485,10.0407335887097,5.58328624416,1015.2367766801076,-0.8108022746470162,0.6495206480028629
grid_m2.75_29.00,2024-08-01,21.76393731182798,9.949783266129055,3.81278992424,1014.7755264112903,-1.0277317404762099,0.9402584965883064
grid_m2.75_29.00,2024-09-01,22.75581006944447,10.3737509027778,10.06126407354,1013.6671225694445,-0.9231806021861112,0.9699617751005556
grid_m2.75_29.00,2024-10-01,22.058879784946257,12.863981142473142,51.35345451902,1014.1163102822582,-0.7983653984211022,0.5213941761270753
grid_m2.75_29.00,2024-11-01,20.98210591666669,14.010238402777802,63.4522437106,1013.9073319444444,-0.5826256428172222,0.42867781415069445
grid_m2.75_29.00,2024-12-01,21.18811168010755,14.248514368279594,102.4813654133,1014.1504383064516,-0.6180936741948253,0.20084604705470432
grid_m2.75_29.00,2025-01-01,21.904555067204324,12.809426962365613,55.74941630298,1013.4523523521506,-0.43279971931505373,-0.09969067413763441
grid_m2.75_29.00,2025-02-01,22.770591517857167,12.413328392857165,16.86382293626,1012.2040071428571,-0.778805074053125,0.16633347046904762
grid_m2.75_29.00,2025-03-01,21.510514422043034,14.253736720430132,70.8484650723,1013.2754125672043,-0.7262608108493279,0.3437878804365591
grid_m2.75_29.00,2025-04-01,20.875044291666686,14.988119694444467,119.9603083483,1013.5966878472223,-1.0102212075991668,0.6662430172506945
grid_m2.75_29.00,2025-05-01,20.959619005376368,14.587185631720454,43.06888592534,1015.5190541666667,-1.395626006415726,0.8524966918641128
grid_m2.75_29.00,2025-06-01,21.0161279027778,12.143459958333356,7.12823862524,1016.3774879166667,-1.3279358121812501,0.8221059575258334
grid_m2.75_29.00,2025-07-01,20.718838360215077,11.374773413978517,6.5708160304,1016.7101747311827,-1.2713480588474462,0.8564251272741935
grid_m2.75_29.00,2025-08-01,20.84415243279572,9.878711975806475,6.4704417873999995,1015.4108498655913,-1.0712550167603494,0.824537113923078
grid_m2.75_29.00,2025-09-01,21.87551566666669,10.119658722222244,9.82952112734,1014.2959417361111,-0.9689569466409722,0.8086902192168056
grid_m2.75_29.00,2025-10-01,21.717719368279592,12.355892594086042,45.28665548502,1013.6862557795698,-0.7874566150072042,0.5350610270392876
grid_m2.75_29.00,2025-11-01,21.444007125000024,12.973504930555578,36.60845772994,1013.5808347222222,-0.9099266271416667,0.5351597890362499
grid_m2.75_29.00,2025-12-01,21.23004809139787,13.532449677419377,64.68343726662,1013.0865310483871,-0.544551832572379,0.1350837828638441
grid_m2.75_29.00,2026-01-01,21.525778051075292,13.271097123655936,50.630569655820004,1013.4144331989247,-0.5145695997417205,0.034537182279973114
grid_m2.75_29.00,2026-02-01,20.568865312500023,14.113264776785737,84.73777776614,1014.1280043898811,-0.4403797101441369,0.09885547226622024
grid_m2.75_29.00,2026-03-01,20.7170360887097,15.176704032258087,138.58294495836,1012.8489563172043,-0.4798398421760753,0.2098431126504032
grid_m2.75_29.00,2026-04-01,22.341256250000026,14.264990625000022,1.0004043611400002,1012.4049208333334,-1.376614888125,0.69771099
