date,river,water_level,water_level_xgb_mean,water_level_xgb_lower,water_level_xgb_upper,water_level_xgb_method
2000-01-01,Nyamagana,,0.7266417145729065,0.5174023285508156,0.8127671465277672,XGBoost_bootstrap_ensemble
2000-02-01,Nyamagana,,0.7606842517852783,0.642575204372406,0.8337205544114112,XGBoost_bootstrap_ensemble
2000-03-01,Nyamagana,,0.816862165927887,0.7315897896885872,0.8775988951325416,XGBoost_bootstrap_ensemble
2000-04-01,Nyamagana,,0.81402188539505,0.7551247581839562,0.8663184985518455,XGBoost_bootstrap_ensemble
2000-05-01,Nyamagana,,0.7662810683250427,0.7229532346129417,0.8173271238803863,XGBoost_bootstrap_ensemble
2000-06-01,Nyamagana,,0.7652029991149902,0.7146709784865379,0.8213807642459869,XGBoost_bootstrap_ensemble
2000-07-01,Nyamagana,,0.7682385444641113,0.7221137315034867,0.8214176952838897,XGBoost_bootstrap_ensemble
2000-08-01,Nyamagana,,0.7518534660339355,0.7124965846538543,0.7969740942120552,XGBoost_bootstrap_ensemble
2000-09-01,Nyamagana,,0.7602332830429077,0.7197210982441902,0.7977355375885963,XGBoost_bootstrap_ensemble
2000-10-01,Nyamagana,,0.788536548614502,0.753197480738163,0.8281265303492545,XGBoost_bootstrap_ensemble
2000-11-01,Nyamagana,,0.9426515698432922,0.8157586261630059,1.052648267149925,XGBoost_bootstrap_ensemble
2000-12-01,Nyamagana,,1.0186607837677002,0.8502933010458946,1.1630727797746658,XGBoost_bootstrap_ensemble
2001-01-01,Nyamagana,,0.9814162254333496,0.8196285307407379,1.1080971509218216,XGBoost_bootstrap_ensemble
2001-02-01,Nyamagana,,0.8184614777565002,0.7283070504665374,0.9078335523605346,XGBoost_bootstrap_ensemble
2001-03-01,Nyamagana,,0.8186395168304443,0.7537811234593391,0.886575210094452,XGBoost_bootstrap_ensemble
2001-04-01,Nyamagana,,0.9170535802841187,0.7920360669493676,1.035758963227272,XGBoost_bootstrap_ensemble
2001-05-01,Nyamagana,,0.8447479009628296,0.7432163104414939,0.958929081261158,XGBoost_bootstrap_ensemble
2001-06-01,Nyamagana,,0.8185939788818359,0.7086137518286705,0.929713898897171,XGBoost_bootstrap_ensemble
2001-07-01,Nyamagana,,0.806690514087677,0.7252212271094323,0.9017535433173179,XGBoost_bootstrap_ensemble
2001-08-01,Nyamagana,,0.7777333855628967,0.7485436633229255,0.816846652328968,XGBoost_bootstrap_ensemble
2001-09-01,Nyamagana,,0.7795811295509338,0.7493386790156364,0.8150093510746956,XGBoost_bootstrap_ensemble
2001-10-01,Nyamagana,,0.8431727886199951,0.8041913092136384,0.888959388434887,XGBoost_bootstrap_ensemble
2001-11-01,Nyamagana,,0.8504096865653992,0.8116340681910514,0.8945208281278609,XGBoost_bootstrap_ensemble
2001-12-01,Nyamagana,,0.8341606259346008,0.7746781572699547,0.8923348903656005,XGBoost_bootstrap_ensemble
2002-01-01,Nyamagana,,0.9934192895889282,0.819390918314457,1.1231873661279677,XGBoost_bootstrap_ensemble
2002-02-01,Nyamagana,,0.8425112962722778,0.7798242822289467,0.8999686926603316,XGBoost_bootstrap_ensemble
2002-03-01,Nyamagana,,0.9060301184654236,0.7872387126088143,1.0188069820404053,XGBoost_bootstrap_ensemble
2002-04-01,Nyamagana,,0.9206793308258057,0.7920466840267182,1.0421370357275008,XGBoost_bootstrap_ensemble
2002-05-01,Nyamagana,,0.8927081823348999,0.8251996904611587,0.9841417521238327,XGBoost_bootstrap_ensemble
2002-06-01,Nyamagana,,0.7522713541984558,0.7046451166272163,0.810442078113556,XGBoost_bootstrap_ensemble
2002-07-01,Nyamagana,,0.7526309490203857,0.6967074736952782,0.8191928178071975,XGBoost_bootstrap_ensemble
2002-08-01,Nyamagana,,0.7553685903549194,0.7172866120934487,0.8120331153273582,XGBoost_bootstrap_ensemble
2002-09-01,Nyamagana,,0.760407567024231,0.7362033560872078,0.7895561471581458,XGBoost_bootstrap_ensemble
2002-10-01,Nyamagana,,0.7735133171081543,0.7404138579964638,0.8144121095538139,XGBoost_bootstrap_ensemble
2002-11-01,Nyamagana,,0.7959104180335999,0.7512573048472404,0.8512234419584274,XGBoost_bootstrap_ensemble
2002-12-01,Nyamagana,,0.9239562749862671,0.8492967471480369,1.0099977463483811,XGBoost_bootstrap_ensemble
2003-01-01,Nyamagana,,0.9049289226531982,0.8192055851221085,1.0130072623491286,XGBoost_bootstrap_ensemble
2003-02-01,Nyamagana,,0.8256822824478149,0.7762815997004509,0.880653914809227,XGBoost_bootstrap_ensemble
2003-03-01,Nyamagana,,0.8058888912200928,0.7644737184047699,0.8463254883885384,XGBoost_bootstrap_ensemble
2003-04-01,Nyamagana,,0.8721623420715332,0.8331355527043343,0.9124691784381866,XGBoost_bootstrap_ensemble
2003-05-01,Nyamagana,,0.8077525496482849,0.7517120391130447,0.8686866804957389,XGBoost_bootstrap_ensemble
2003-06-01,Nyamagana,,0.7790905833244324,0.7326001644134521,0.8423962906002999,XGBoost_bootstrap_ensemble
2003-07-01,Nyamagana,,0.7654052972793579,0.7299235582351684,0.8425399959087372,XGBoost_bootstrap_ensemble
2003-08-01,Nyamagana,,0.7626892328262329,0.734544138610363,0.7936100274324417,XGBoost_bootstrap_ensemble
2003-09-01,Nyamagana,,0.7604612708091736,0.7287189543247223,0.7965720966458321,XGBoost_bootstrap_ensemble
2003-10-01,Nyamagana,,0.7848743200302124,0.750289611518383,0.8210649996995926,XGBoost_bootstrap_ensemble
2003-11-01,Nyamagana,,0.7944952249526978,0.758908611536026,0.8371179416775704,XGBoost_bootstrap_ensemble
2003-12-01,Nyamagana,,0.819549560546875,0.7742935150861741,0.8772524327039718,XGBoost_bootstrap_ensemble
2004-01-01,Nyamagana,,0.8443602919578552,0.7964177846908569,0.8893361255526543,XGBoost_bootstrap_ensemble
2004-02-01,Nyamagana,,0.8125803470611572,0.7692557543516159,0.8505836814641953,XGBoost_bootstrap_ensemble
2004-03-01,Nyamagana,,0.8439115881919861,0.7998643204569816,0.8836787983775138,XGBoost_bootstrap_ensemble
2004-04-01,Nyamagana,,0.9204216003417969,0.8173261642456054,1.0206870973110198,XGBoost_bootstrap_ensemble
2004-05-01,Nyamagana,,0.8919053077697754,0.7839435070753098,0.9989700749516487,XGBoost_bootstrap_ensemble
2004-06-01,Nyamagana,,0.7886170148849487,0.6758771955966949,0.9061143770813942,XGBoost_bootstrap_ensemble
2004-07-01,Nyamagana,,0.7311739325523376,0.6802654087543487,0.8068214282393456,XGBoost_bootstrap_ensemble
2004-08-01,Nyamagana,,0.7500184774398804,0.714148685336113,0.8045711174607276,XGBoost_bootstrap_ensemble
2004-09-01,Nyamagana,,0.8252947926521301,0.7843950256705284,0.8716723516583442,XGBoost_bootstrap_ensemble
2004-10-01,Nyamagana,,0.7900344729423523,0.7383983880281448,0.8582947447896003,XGBoost_bootstrap_ensemble
2004-11-01,Nyamagana,,0.793626606464386,0.7508204892277718,0.8386255174875259,XGBoost_bootstrap_ensemble
2004-12-01,Nyamagana,,0.821929931640625,0.7743603706359863,0.8661536902189254,XGBoost_bootstrap_ensemble
2005-01-01,Nyamagana,,0.8382430076599121,0.8027523100376129,0.8868289694190025,XGBoost_bootstrap_ensemble
2005-02-01,Nyamagana,,0.813686192035675,0.769210784137249,0.8629895821213721,XGBoost_bootstrap_ensemble
2005-03-01,Nyamagana,,0.8420265316963196,0.8081959575414658,0.8843498960137367,XGBoost_bootstrap_ensemble
2005-04-01,Nyamagana,,0.8017500042915344,0.7555396020412445,0.8367378398776054,XGBoost_bootstrap_ensemble
2005-05-01,Nyamagana,,0.8736932277679443,0.8271266490221023,0.9179983898997307,XGBoost_bootstrap_ensemble
2005-06-01,Nyamagana,,0.7748281955718994,0.7356052622199059,0.8463960677385328,XGBoost_bootstrap_ensemble
2005-07-01,Nyamagana,,0.7765093445777893,0.7335287287831307,0.8428258687257767,XGBoost_bootstrap_ensemble
2005-08-01,Nyamagana,,0.7616732120513916,0.7346352264285088,0.7951840654015541,XGBoost_bootstrap_ensemble
2005-09-01,Nyamagana,,0.7790359258651733,0.7540121287107467,0.8084694758057595,XGBoost_bootstrap_ensemble
2005-10-01,Nyamagana,,0.7913656830787659,0.7639045774936676,0.8290619060397147,XGBoost_bootstrap_ensemble
2005-11-01,Nyamagana,,0.7953379154205322,0.7597585469484329,0.8502535223960875,XGBoost_bootstrap_ensemble
2005-12-01,Nyamagana,,0.7743547558784485,0.7267804488539695,0.8196073099970818,XGBoost_bootstrap_ensemble
2006-01-01,Nyamagana,,0.7728061079978943,0.7237219542264939,0.8111819013953209,XGBoost_bootstrap_ensemble
2006-02-01,Nyamagana,,0.7777649760246277,0.7336960271000862,0.8111882999539375,XGBoost_bootstrap_ensemble
2006-03-01,Nyamagana,,0.8495424389839172,0.8109010756015778,0.8869596660137177,XGBoost_bootstrap_ensemble
2006-04-01,Nyamagana,,0.8607949018478394,0.7965900838375092,0.9668196931481361,XGBoost_bootstrap_ensemble
2006-05-01,Nyamagana,,0.8838973045349121,0.817267082631588,0.943603466451168,XGBoost_bootstrap_ensemble
2006-06-01,Nyamagana,,0.7594817280769348,0.6979832008481026,0.8376396834850312,XGBoost_bootstrap_ensemble
2006-07-01,Nyamagana,,0.7457118034362793,0.700069110095501,0.7970484286546706,XGBoost_bootstrap_ensemble
2006-08-01,Nyamagana,,0.7450272440910339,0.7136235892772674,0.7805798515677452,XGBoost_bootstrap_ensemble
2006-09-01,Nyamagana,,0.7580327391624451,0.7295842081308365,0.7925926178693771,XGBoost_bootstrap_ensemble
2006-10-01,Nyamagana,,0.769580602645874,0.730906592309475,0.8024764195084572,XGBoost_bootstrap_ensemble
2006-11-01,Nyamagana,,0.9213919043540955,0.8215106964111328,1.0201468884944915,XGBoost_bootstrap_ensemble
2006-12-01,Nyamagana,,0.9127389788627625,0.8372376322746277,0.9801659077405929,XGBoost_bootstrap_ensemble
2007-01-01,Nyamagana,,0.9489465951919556,0.8575476586818696,1.0525769025087357,XGBoost_bootstrap_ensemble
2007-02-01,Nyamagana,,0.8883714079856873,0.8127171903848648,0.9657401159405709,XGBoost_bootstrap_ensemble
2007-03-01,Nyamagana,,0.7691717743873596,0.7104590713977814,0.8418998658657073,XGBoost_bootstrap_ensemble
2007-04-01,Nyamagana,,0.7808703780174255,0.7273005843162537,0.8309028059244156,XGBoost_bootstrap_ensemble
2007-05-01,Nyamagana,,0.7737421989440918,0.716366982460022,0.8308156043291092,XGBoost_bootstrap_ensemble
2007-06-01,Nyamagana,,0.8600521087646484,0.7540517613291741,0.9628571197390555,XGBoost_bootstrap_ensemble
2007-07-01,Nyamagana,,0.8318178653717041,0.7360307678580285,0.9428462013602257,XGBoost_bootstrap_ensemble
2007-08-01,Nyamagana,,0.7784085869789124,0.7453566178679466,0.8191997170448303,XGBoost_bootstrap_ensemble
2007-09-01,Nyamagana,,0.7625689506530762,0.7345079407095909,0.7920147120952606,XGBoost_bootstrap_ensemble
2007-10-01,Nyamagana,,0.7697581648826599,0.7439551755785943,0.7997553810477257,XGBoost_bootstrap_ensemble
2007-11-01,Nyamagana,,0.7753150463104248,0.7276917174458504,0.8361584886908531,XGBoost_bootstrap_ensemble
2007-12-01,Nyamagana,,0.8161382079124451,0.772549158334732,0.8612522065639495,XGBoost_bootstrap_ensemble
2008-01-01,Nyamagana,,0.8223705887794495,0.7873875066637993,0.8550506383180618,XGBoost_bootstrap_ensemble
2008-02-01,Nyamagana,,0.8939354419708252,0.8445493280887604,0.9325787082314491,XGBoost_bootstrap_ensemble
2008-03-01,Nyamagana,,0.8829794526100159,0.8410447478294373,0.9310662865638732,XGBoost_bootstrap_ensemble
2008-04-01,Nyamagana,,0.8947286009788513,0.7792628735303879,1.009265951812267,XGBoost_bootstrap_ensemble
2008-05-01,Nyamagana,,0.7701413631439209,0.7249439865350723,0.8374551147222518,XGBoost_bootstrap_ensemble
2008-06-01,Nyamagana,,0.7837326526641846,0.735758838057518,0.8533736780285835,XGBoost_bootstrap_ensemble
2008-07-01,Nyamagana,,0.822232186794281,0.7210168018937111,0.9294129893183708,XGBoost_bootstrap_ensemble
2008-08-01,Nyamagana,,0.7746603488922119,0.7449232056736946,0.8243983551859855,XGBoost_bootstrap_ensemble
2008-09-01,Nyamagana,,0.7746630311012268,0.745513667166233,0.8042903080582618,XGBoost_bootstrap_ensemble
2008-10-01,Nyamagana,,0.7922764420509338,0.7628904849290847,0.8302614286541938,XGBoost_bootstrap_ensemble
2008-11-01,Nyamagana,0.7589473684210527,0.7589473684210527,0.7589473684210527,0.7589473684210527,observed
2008-12-01,Nyamagana,0.8180645161290323,0.8180645161290323,0.8180645161290323,0.8180645161290323,observed
2009-01-01,Nyamagana,0.8829032258064516,0.8829032258064516,0.8829032258064516,0.8829032258064516,observed
2009-02-01,Nyamagana,0.9885714285714288,0.9885714285714288,0.9885714285714288,0.9885714285714288,observed
2009-03-01,Nyamagana,0.9441935483870968,0.9441935483870968,0.9441935483870968,0.9441935483870968,observed
2009-04-01,Nyamagana,0.9266666666666664,0.9266666666666664,0.9266666666666664,0.9266666666666664,observed
2009-05-01,Nyamagana,0.9522580645161288,0.9522580645161288,0.9522580645161288,0.9522580645161288,observed
2009-06-01,Nyamagana,0.8430000000000002,0.8430000000000002,0.8430000000000002,0.8430000000000002,observed
2009-07-01,Nyamagana,0.793225806451613,0.793225806451613,0.793225806451613,0.793225806451613,observed
2009-08-01,Nyamagana,0.7361290322580644,0.7361290322580644,0.7361290322580644,0.7361290322580644,observed
2009-09-01,Nyamagana,0.7436666666666666,0.7436666666666666,0.7436666666666666,0.7436666666666666,observed
2009-10-01,Nyamagana,0.7645161290322581,0.7645161290322581,0.7645161290322581,0.7645161290322581,observed
2009-11-01,Nyamagana,0.8903333333333331,0.8903333333333331,0.8903333333333331,0.8903333333333331,observed
2009-12-01,Nyamagana,0.9277419354838712,0.9277419354838712,0.9277419354838712,0.9277419354838712,observed
2010-01-01,Nyamagana,1.0096296296296297,1.0096296296296297,1.0096296296296297,1.0096296296296297,observed
2010-02-01,Nyamagana,,0.9091881513595581,0.8400352358818054,0.9809685513377189,XGBoost_bootstrap_ensemble
2010-03-01,Nyamagana,,1.0497437715530396,0.9749966368079186,1.1079887866973877,XGBoost_bootstrap_ensemble
2010-04-01,Nyamagana,,1.025712251663208,0.9372477889060974,1.080201643705368,XGBoost_bootstrap_ensemble
2010-05-01,Nyamagana,,0.9768766760826111,0.8860580325126648,1.0461642146110535,XGBoost_bootstrap_ensemble
2010-06-01,Nyamagana,,0.7612520456314087,0.6944386482238769,0.8212295770645142,XGBoost_bootstrap_ensemble
2010-07-01,Nyamagana,,0.7190218567848206,0.6586216866970063,0.7825822442770004,XGBoost_bootstrap_ensemble
2010-08-01,Nyamagana,0.639,0.639,0.639,0.639,observed
2010-09-01,Nyamagana,0.6803333333333333,0.6803333333333333,0.6803333333333333,0.6803333333333333,observed
2010-10-01,Nyamagana,0.6961290322580642,0.6961290322580642,0.6961290322580642,0.6961290322580642,observed
2010-11-01,Nyamagana,0.7259999999999998,0.7259999999999998,0.7259999999999998,0.7259999999999998,observed
2010-12-01,Nyamagana,0.7619354838709675,0.7619354838709675,0.7619354838709675,0.7619354838709675,observed
2011-01-01,Nyamagana,0.810967741935484,0.810967741935484,0.810967741935484,0.810967741935484,observed
2011-02-01,Nyamagana,0.7210714285714284,0.7210714285714284,0.7210714285714284,0.7210714285714284,observed
2011-03-01,Nyamagana,0.8367741935483872,0.8367741935483872,0.8367741935483872,0.8367741935483872,observed
2011-04-01,Nyamagana,0.878,0.878,0.878,0.878,observed
2011-05-01,Nyamagana,0.7009677419354836,0.7009677419354836,0.7009677419354836,0.7009677419354836,observed
2011-06-01,Nyamagana,,0.6168716549873352,0.5176202386617661,0.7337094381451607,XGBoost_bootstrap_ensemble
2011-07-01,Nyamagana,,0.5161828398704529,0.3740829721093178,0.6800396010279655,XGBoost_bootstrap_ensemble
2011-08-01,Nyamagana,,0.5236829519271851,0.38524059057235716,0.6588459447026251,XGBoost_bootstrap_ensemble
2011-09-01,Nyamagana,,0.6724527478218079,0.5651917591691017,0.7560074299573898,XGBoost_bootstrap_ensemble
2011-10-01,Nyamagana,,0.7411256432533264,0.6116153314709664,0.8174795359373093,XGBoost_bootstrap_ensemble
2011-11-01,Nyamagana,,0.8208617568016052,0.7668925374746323,0.8756623655557633,XGBoost_bootstrap_ensemble
2011-12-01,Nyamagana,,0.8409926891326904,0.7900863274931907,0.8905147179961205,XGBoost_bootstrap_ensemble
2012-01-01,Nyamagana,,0.8238916993141174,0.7439151018857956,0.889790178835392,XGBoost_bootstrap_ensemble
2012-02-01,Nyamagana,,0.7657560706138611,0.662695725262165,0.8471814632415771,XGBoost_bootstrap_ensemble
2012-03-01,Nyamagana,,0.784461259841919,0.7064121633768081,0.8557837978005409,XGBoost_bootstrap_ensemble
2012-04-01,Nyamagana,,0.893134593963623,0.827896063029766,0.9420439973473549,XGBoost_bootstrap_ensemble
2012-05-01,Nyamagana,,0.8391687870025635,0.708803579211235,0.9305410891771316,XGBoost_bootstrap_ensemble
2012-06-01,Nyamagana,,0.7414441704750061,0.569994156062603,0.8381820112466811,XGBoost_bootstrap_ensemble
2012-07-01,Nyamagana,,0.7199098467826843,0.5902720659971237,0.7933314815163612,XGBoost_bootstrap_ensemble
2012-08-01,Nyamagana,0.8170833333333332,0.8170833333333332,0.8170833333333332,0.8170833333333332,observed
2012-09-01,Nyamagana,0.8596666666666669,0.8596666666666669,0.8596666666666669,0.8596666666666669,observed
2012-10-01,Nyamagana,0.8958064516129033,0.8958064516129033,0.8958064516129033,0.8958064516129033,observed
2012-11-01,Nyamagana,0.9233333333333332,0.9233333333333332,0.9233333333333332,0.9233333333333332,observed
2012-12-01,Nyamagana,0.9609677419354838,0.9609677419354838,0.9609677419354838,0.9609677419354838,observed
2013-01-01,Nyamagana,0.9706451612903224,0.9706451612903224,0.9706451612903224,0.9706451612903224,observed
2013-02-01,Nyamagana,0.9503571428571428,0.9503571428571428,0.9503571428571428,0.9503571428571428,observed
2013-03-01,Nyamagana,1.1070967741935485,1.1070967741935485,1.1070967741935485,1.1070967741935485,observed
2013-04-01,Nyamagana,1.1446666666666667,1.1446666666666667,1.1446666666666667,1.1446666666666667,observed
2013-05-01,Nyamagana,1.1054838709677424,1.1054838709677424,1.1054838709677424,1.1054838709677424,observed
2013-06-01,Nyamagana,0.9703333333333332,0.9703333333333332,0.9703333333333332,0.9703333333333332,observed
2013-07-01,Nyamagana,0.8987096774193546,0.8987096774193546,0.8987096774193546,0.8987096774193546,observed
2013-08-01,Nyamagana,0.8490322580645162,0.8490322580645162,0.8490322580645162,0.8490322580645162,observed
2013-09-01,Nyamagana,0.8729999999999998,0.8729999999999998,0.8729999999999998,0.8729999999999998,observed
2013-10-01,Nyamagana,0.8354838709677422,0.8354838709677422,0.8354838709677422,0.8354838709677422,observed
2013-11-01,Nyamagana,0.8926666666666665,0.8926666666666665,0.8926666666666665,0.8926666666666665,observed
2013-12-01,Nyamagana,0.9719354838709676,0.9719354838709676,0.9719354838709676,0.9719354838709676,observed
2014-01-01,Nyamagana,1.0748387096774197,1.0748387096774197,1.0748387096774197,1.0748387096774197,observed
2014-02-01,Nyamagana,1.0510714285714289,1.0510714285714289,1.0510714285714289,1.0510714285714289,observed
2014-03-01,Nyamagana,1.0887096774193543,1.0887096774193543,1.0887096774193543,1.0887096774193543,observed
2014-04-01,Nyamagana,1.0799999999999998,1.0799999999999998,1.0799999999999998,1.0799999999999998,observed
2014-05-01,Nyamagana,0.95516129032258,0.95516129032258,0.95516129032258,0.95516129032258,observed
2014-06-01,Nyamagana,0.9119999999999996,0.9119999999999996,0.9119999999999996,0.9119999999999996,observed
2014-07-01,Nyamagana,0.8261290322580647,0.8261290322580647,0.8261290322580647,0.8261290322580647,observed
2014-08-01,Nyamagana,0.8145161290322581,0.8145161290322581,0.8145161290322581,0.8145161290322581,observed
2014-09-01,Nyamagana,0.8463333333333334,0.8463333333333334,0.8463333333333334,0.8463333333333334,observed
2014-10-01,Nyamagana,0.9577419354838708,0.9577419354838708,0.9577419354838708,0.9577419354838708,observed
2014-11-01,Nyamagana,0.9313333333333332,0.9313333333333332,0.9313333333333332,0.9313333333333332,observed
2014-12-01,Nyamagana,1.0948387096774197,1.0948387096774197,1.0948387096774197,1.0948387096774197,observed
2015-01-01,Nyamagana,1.053548387096774,1.053548387096774,1.053548387096774,1.053548387096774,observed
2015-02-01,Nyamagana,1.0060714285714287,1.0060714285714287,1.0060714285714287,1.0060714285714287,observed
2015-03-01,Nyamagana,0.9732258064516128,0.9732258064516128,0.9732258064516128,0.9732258064516128,observed
2015-04-01,Nyamagana,1.1760000000000004,1.1760000000000004,1.1760000000000004,1.1760000000000004,observed
2015-05-01,Nyamagana,1.1390322580645165,1.1390322580645165,1.1390322580645165,1.1390322580645165,observed
2015-06-01,Nyamagana,1.0103333333333333,1.0103333333333333,1.0103333333333333,1.0103333333333333,observed
2015-07-01,Nyamagana,0.8641935483870967,0.8641935483870967,0.8641935483870967,0.8641935483870967,observed
2015-08-01,Nyamagana,0.7870967741935487,0.7870967741935487,0.7870967741935487,0.7870967741935487,observed
2015-09-01,Nyamagana,0.8093333333333335,0.8093333333333335,0.8093333333333335,0.8093333333333335,observed
2015-10-01,Nyamagana,0.903225806451613,0.903225806451613,0.903225806451613,0.903225806451613,observed
2015-11-01,Nyamagana,1.1,1.1,1.1,1.1,observed
2015-12-01,Nyamagana,,1.1087429523468018,1.045406499505043,1.1657477557659148,XGBoost_bootstrap_ensemble
2016-01-01,Nyamagana,1.1022580645161288,1.1022580645161288,1.1022580645161288,1.1022580645161288,observed
2016-02-01,Nyamagana,1.0862068965517246,1.0862068965517246,1.0862068965517246,1.0862068965517246,observed
2016-03-01,Nyamagana,1.1000000000000003,1.1000000000000003,1.1000000000000003,1.1000000000000003,observed
2016-04-01,Nyamagana,1.1383333333333332,1.1383333333333332,1.1383333333333332,1.1383333333333332,observed
2016-05-01,Nyamagana,1.1961290322580649,1.1961290322580649,1.1961290322580649,1.1961290322580649,observed
2016-06-01,Nyamagana,0.9486666666666662,0.9486666666666662,0.9486666666666662,0.9486666666666662,observed
2016-07-01,Nyamagana,0.8016129032258064,0.8016129032258064,0.8016129032258064,0.8016129032258064,observed
2016-08-01,Nyamagana,0.796451612903226,0.796451612903226,0.796451612903226,0.796451612903226,observed
2016-09-01,Nyamagana,0.7313333333333333,0.7313333333333333,0.7313333333333333,0.7313333333333333,observed
2016-10-01,Nyamagana,0.7280645161290321,0.7280645161290321,0.7280645161290321,0.7280645161290321,observed
2016-11-01,Nyamagana,0.7683333333333333,0.7683333333333333,0.7683333333333333,0.7683333333333333,observed
2016-12-01,Nyamagana,0.7329032258064515,0.7329032258064515,0.7329032258064515,0.7329032258064515,observed
2017-01-01,Nyamagana,0.7238709677419353,0.7238709677419353,0.7238709677419353,0.7238709677419353,observed
2017-02-01,Nyamagana,0.9378571428571424,0.9378571428571424,0.9378571428571424,0.9378571428571424,observed
2017-03-01,Nyamagana,0.9838709677419356,0.9838709677419356,0.9838709677419356,0.9838709677419356,observed
2017-04-01,Nyamagana,0.9713333333333336,0.9713333333333336,0.9713333333333336,0.9713333333333336,observed
2017-05-01,Nyamagana,0.933548387096774,0.933548387096774,0.933548387096774,0.933548387096774,observed
2017-06-01,Nyamagana,0.805,0.805,0.805,0.805,observed
2017-07-01,Nyamagana,0.7590322580645159,0.7590322580645159,0.7590322580645159,0.7590322580645159,observed
2017-08-01,Nyamagana,0.7758064516129033,0.7758064516129033,0.7758064516129033,0.7758064516129033,observed
2017-09-01,Nyamagana,0.8036666666666665,0.8036666666666665,0.8036666666666665,0.8036666666666665,observed
2017-10-01,Nyamagana,0.83,0.83,0.83,0.83,observed
2017-11-01,Nyamagana,0.9743333333333332,0.9743333333333332,0.9743333333333332,0.9743333333333332,observed
2017-12-01,Nyamagana,0.855483870967742,0.855483870967742,0.855483870967742,0.855483870967742,observed
2018-01-01,Nyamagana,0.9803225806451616,0.9803225806451616,0.9803225806451616,0.9803225806451616,observed
2018-02-01,Nyamagana,1.0775,1.0775,1.0775,1.0775,observed
2018-03-01,Nyamagana,0.9648387096774196,0.9648387096774196,0.9648387096774196,0.9648387096774196,observed
2018-04-01,Nyamagana,1.2456666666666671,1.2456666666666671,1.2456666666666671,1.2456666666666671,observed
2018-05-01,Nyamagana,1.150967741935484,1.150967741935484,1.150967741935484,1.150967741935484,observed
2018-06-01,Nyamagana,0.918333333333333,0.918333333333333,0.918333333333333,0.918333333333333,observed
2018-07-01,Nyamagana,0.8112903225806455,0.8112903225806455,0.8112903225806455,0.8112903225806455,observed
2018-08-01,Nyamagana,0.8332258064516127,0.8332258064516127,0.8332258064516127,0.8332258064516127,observed
2018-09-01,Nyamagana,0.7456666666666664,0.7456666666666664,0.7456666666666664,0.7456666666666664,observed
2018-10-01,Nyamagana,0.91258064516129,0.91258064516129,0.91258064516129,0.91258064516129,observed
2018-11-01,Nyamagana,0.8563333333333334,0.8563333333333334,0.8563333333333334,0.8563333333333334,observed
2018-12-01,Nyamagana,0.9729032258064516,0.9729032258064516,0.9729032258064516,0.9729032258064516,observed
2019-01-01,Nyamagana,0.9345161290322578,0.9345161290322578,0.9345161290322578,0.9345161290322578,observed
2019-02-01,Nyamagana,0.903214285714286,0.903214285714286,0.903214285714286,0.903214285714286,observed
2019-03-01,Nyamagana,0.9280645161290324,0.9280645161290324,0.9280645161290324,0.9280645161290324,observed
2019-04-01,Nyamagana,0.8796666666666667,0.8796666666666667,0.8796666666666667,0.8796666666666667,observed
2019-05-01,Nyamagana,0.8658064516129036,0.8658064516129036,0.8658064516129036,0.8658064516129036,observed
2019-06-01,Nyamagana,0.7629999999999998,0.7629999999999998,0.7629999999999998,0.7629999999999998,observed
2019-07-01,Nyamagana,0.7229032258064515,0.7229032258064515,0.7229032258064515,0.7229032258064515,observed
2019-08-01,Nyamagana,0.6783870967741937,0.6783870967741937,0.6783870967741937,0.6783870967741937,observed
2019-09-01,Nyamagana,0.7233333333333334,0.7233333333333334,0.7233333333333334,0.7233333333333334,observed
2019-10-01,Nyamagana,0.8164516129032259,0.8164516129032259,0.8164516129032259,0.8164516129032259,observed
2019-11-01,Nyamagana,0.931333333333333,0.931333333333333,0.931333333333333,0.931333333333333,observed
2019-12-01,Nyamagana,1.3529032258064515,1.3529032258064515,1.3529032258064515,1.3529032258064515,observed
2020-01-01,Nyamagana,0.9422580645161286,0.9422580645161286,0.9422580645161286,0.9422580645161286,observed
2020-02-01,Nyamagana,0.97551724137931,0.97551724137931,0.97551724137931,0.97551724137931,observed
2020-03-01,Nyamagana,0.8493548387096773,0.8493548387096773,0.8493548387096773,0.8493548387096773,observed
2020-04-01,Nyamagana,1.0243333333333335,1.0243333333333335,1.0243333333333335,1.0243333333333335,observed
2020-05-01,Nyamagana,0.7141935483870967,0.7141935483870967,0.7141935483870967,0.7141935483870967,observed
2020-06-01,Nyamagana,0.4173333333333333,0.4173333333333333,0.4173333333333333,0.4173333333333333,observed
2020-07-01,Nyamagana,0.3293548387096775,0.3293548387096775,0.3293548387096775,0.3293548387096775,observed
2020-08-01,Nyamagana,0.3012903225806452,0.3012903225806452,0.3012903225806452,0.3012903225806452,observed
2020-09-01,Nyamagana,0.3136666666666668,0.3136666666666668,0.3136666666666668,0.3136666666666668,observed
2020-10-01,Nyamagana,0.3832258064516129,0.3832258064516129,0.3832258064516129,0.3832258064516129,observed
2020-11-01,Nyamagana,0.714,0.714,0.714,0.714,observed
2020-12-01,Nyamagana,0.7829032258064514,0.7829032258064514,0.7829032258064514,0.7829032258064514,observed
2021-01-01,Nyamagana,0.8374193548387097,0.8374193548387097,0.8374193548387097,0.8374193548387097,observed
2021-02-01,Nyamagana,0.6678571428571429,0.6678571428571429,0.6678571428571429,0.6678571428571429,observed
2021-03-01,Nyamagana,0.522258064516129,0.522258064516129,0.522258064516129,0.522258064516129,observed
2021-04-01,Nyamagana,0.6829999999999999,0.6829999999999999,0.6829999999999999,0.6829999999999999,observed
2021-05-01,Nyamagana,0.5512903225806451,0.5512903225806451,0.5512903225806451,0.5512903225806451,observed
2021-06-01,Nyamagana,0.2783333333333332,0.2783333333333332,0.2783333333333332,0.2783333333333332,observed
2021-07-01,Nyamagana,0.257741935483871,0.257741935483871,0.257741935483871,0.257741935483871,observed
2021-08-01,Nyamagana,0.2329032258064516,0.2329032258064516,0.2329032258064516,0.2329032258064516,observed
2021-09-01,Nyamagana,0.3123333333333333,0.3123333333333333,0.3123333333333333,0.3123333333333333,observed
2021-10-01,Nyamagana,0.272258064516129,0.272258064516129,0.272258064516129,0.272258064516129,observed
2021-11-01,Nyamagana,0.2526666666666666,0.2526666666666666,0.2526666666666666,0.2526666666666666,observed
2021-12-01,Nyamagana,0.2006451612903226,0.2006451612903226,0.2006451612903226,0.2006451612903226,observed
2022-01-01,Nyamagana,0.177741935483871,0.177741935483871,0.177741935483871,0.177741935483871,observed
2022-02-01,Nyamagana,0.2875,0.2875,0.2875,0.2875,observed
2022-03-01,Nyamagana,0.3251612903225805,0.3251612903225805,0.3251612903225805,0.3251612903225805,observed
2022-04-01,Nyamagana,0.6636666666666667,0.6636666666666667,0.6636666666666667,0.6636666666666667,observed
2022-05-01,Nyamagana,0.476774193548387,0.476774193548387,0.476774193548387,0.476774193548387,observed
2022-06-01,Nyamagana,0.2453333333333334,0.2453333333333334,0.2453333333333334,0.2453333333333334,observed
2022-07-01,Nyamagana,0.2109677419354839,0.2109677419354839,0.2109677419354839,0.2109677419354839,observed
2022-08-01,Nyamagana,0.2593548387096774,0.2593548387096774,0.2593548387096774,0.2593548387096774,observed
2022-09-01,Nyamagana,0.2366666666666667,0.2366666666666667,0.2366666666666667,0.2366666666666667,observed
2022-10-01,Nyamagana,0.1980645161290323,0.1980645161290323,0.1980645161290323,0.1980645161290323,observed
2022-11-01,Nyamagana,0.2816666666666666,0.2816666666666666,0.2816666666666666,0.2816666666666666,observed
2022-12-01,Nyamagana,0.3216129032258065,0.3216129032258065,0.3216129032258065,0.3216129032258065,observed
2023-01-01,Nyamagana,0.2941935483870967,0.2941935483870967,0.2941935483870967,0.2941935483870967,observed
2023-02-01,Nyamagana,0.3757142857142858,0.3757142857142858,0.3757142857142858,0.3757142857142858,observed
2023-03-01,Nyamagana,0.4893548387096774,0.4893548387096774,0.4893548387096774,0.4893548387096774,observed
2023-04-01,Nyamagana,0.6333333333333333,0.6333333333333333,0.6333333333333333,0.6333333333333333,observed
2023-05-01,Nyamagana,0.5983870967741935,0.5983870967741935,0.5983870967741935,0.5983870967741935,observed
2023-06-01,Nyamagana,0.2856666666666667,0.2856666666666667,0.2856666666666667,0.2856666666666667,observed
2023-07-01,Nyamagana,0.1906451612903225,0.1906451612903225,0.1906451612903225,0.1906451612903225,observed
2023-08-01,Nyamagana,0.177741935483871,0.177741935483871,0.177741935483871,0.177741935483871,observed
2023-09-01,Nyamagana,0.2646666666666667,0.2646666666666667,0.2646666666666667,0.2646666666666667,observed
2023-10-01,Nyamagana,0.3300000000000001,0.3300000000000001,0.3300000000000001,0.3300000000000001,observed
2023-11-01,Nyamagana,0.4213333333333333,0.4213333333333333,0.4213333333333333,0.4213333333333333,observed
2023-12-01,Nyamagana,0.3893548387096774,0.3893548387096774,0.3893548387096774,0.3893548387096774,observed
2024-01-01,Nyamagana,0.5387096774193548,0.5387096774193548,0.5387096774193548,0.5387096774193548,observed
2024-02-01,Nyamagana,0.4655172413793103,0.4655172413793103,0.4655172413793103,0.4655172413793103,observed
2024-03-01,Nyamagana,0.5783870967741935,0.5783870967741935,0.5783870967741935,0.5783870967741935,observed
2024-04-01,Nyamagana,0.7043333333333331,0.7043333333333331,0.7043333333333331,0.7043333333333331,observed
2024-05-01,Nyamagana,0.427741935483871,0.427741935483871,0.427741935483871,0.427741935483871,observed
2024-06-01,Nyamagana,0.2663333333333334,0.2663333333333334,0.2663333333333334,0.2663333333333334,observed
2024-07-01,Nyamagana,0.2103225806451613,0.2103225806451613,0.2103225806451613,0.2103225806451613,observed
2024-08-01,Nyamagana,0.2470967741935483,0.2470967741935483,0.2470967741935483,0.2470967741935483,observed
2024-09-01,Nyamagana,0.2556666666666667,0.2556666666666667,0.2556666666666667,0.2556666666666667,observed
2024-10-01,Nyamagana,0.2580645161290322,0.2580645161290322,0.2580645161290322,0.2580645161290322,observed
2024-11-01,Nyamagana,,0.33074650168418884,0.2780649088323116,0.408063708245754,XGBoost_bootstrap_ensemble
2024-12-01,Nyamagana,0.48,0.48,0.48,0.48,observed
2000-01-01,Jiji,0.704516129032258,0.704516129032258,0.704516129032258,0.704516129032258,observed
2000-02-01,Jiji,0.7762068965517241,0.7762068965517241,0.7762068965517241,0.7762068965517241,observed
2000-03-01,Jiji,0.9074193548387096,0.9074193548387096,0.9074193548387096,0.9074193548387096,observed
2000-04-01,Jiji,0.8393333333333335,0.8393333333333335,0.8393333333333335,0.8393333333333335,observed
2000-05-01,Jiji,0.6032258064516127,0.6032258064516127,0.6032258064516127,0.6032258064516127,observed
2000-06-01,Jiji,0.5396666666666668,0.5396666666666668,0.5396666666666668,0.5396666666666668,observed
2000-07-01,Jiji,0.4912903225806452,0.4912903225806452,0.4912903225806452,0.4912903225806452,observed
2000-08-01,Jiji,0.3938709677419354,0.3938709677419354,0.3938709677419354,0.3938709677419354,observed
2000-09-01,Jiji,0.3436666666666665,0.3436666666666665,0.3436666666666665,0.3436666666666665,observed
2000-10-01,Jiji,0.4416129032258065,0.4416129032258065,0.4416129032258065,0.4416129032258065,observed
2000-11-01,Jiji,0.6479999999999999,0.6479999999999999,0.6479999999999999,0.6479999999999999,observed
2000-12-01,Jiji,0.8112903225806453,0.8112903225806453,0.8112903225806453,0.8112903225806453,observed
2001-01-01,Jiji,1.2851612903225809,1.2851612903225809,1.2851612903225809,1.2851612903225809,observed
2001-02-01,Jiji,0.8175,0.8175,0.8175,0.8175,observed
2001-03-01,Jiji,0.7700000000000001,0.7700000000000001,0.7700000000000001,0.7700000000000001,observed
2001-04-01,Jiji,1.0550000000000002,1.0550000000000002,1.0550000000000002,1.0550000000000002,observed
2001-05-01,Jiji,0.7393548387096773,0.7393548387096773,0.7393548387096773,0.7393548387096773,observed
2001-06-01,Jiji,0.5526666666666666,0.5526666666666666,0.5526666666666666,0.5526666666666666,observed
2001-07-01,Jiji,0.5109677419354839,0.5109677419354839,0.5109677419354839,0.5109677419354839,observed
2001-08-01,Jiji,0.4632258064516129,0.4632258064516129,0.4632258064516129,0.4632258064516129,observed
2001-09-01,Jiji,0.5186666666666667,0.5186666666666667,0.5186666666666667,0.5186666666666667,observed
2001-10-01,Jiji,0.5348387096774194,0.5348387096774194,0.5348387096774194,0.5348387096774194,observed
2001-11-01,Jiji,0.615,0.615,0.615,0.615,observed
2001-12-01,Jiji,0.6635483870967741,0.6635483870967741,0.6635483870967741,0.6635483870967741,observed
2002-01-01,Jiji,1.0477419354838708,1.0477419354838708,1.0477419354838708,1.0477419354838708,observed
2002-02-01,Jiji,0.7903571428571426,0.7903571428571426,0.7903571428571426,0.7903571428571426,observed
2002-03-01,Jiji,0.9799999999999998,0.9799999999999998,0.9799999999999998,0.9799999999999998,observed
2002-04-01,Jiji,1.0623333333333334,1.0623333333333334,1.0623333333333334,1.0623333333333334,observed
2002-05-01,Jiji,0.8987096774193548,0.8987096774193548,0.8987096774193548,0.8987096774193548,observed
2002-06-01,Jiji,0.6016666666666667,0.6016666666666667,0.6016666666666667,0.6016666666666667,observed
2002-07-01,Jiji,0.4909677419354842,0.4909677419354842,0.4909677419354842,0.4909677419354842,observed
2002-08-01,Jiji,0.437741935483871,0.437741935483871,0.437741935483871,0.437741935483871,observed
2002-09-01,Jiji,0.4146666666666668,0.4146666666666668,0.4146666666666668,0.4146666666666668,observed
2002-10-01,Jiji,0.4490322580645162,0.4490322580645162,0.4490322580645162,0.4490322580645162,observed
2002-11-01,Jiji,0.5693333333333334,0.5693333333333334,0.5693333333333334,0.5693333333333334,observed
2002-12-01,Jiji,0.6645161290322581,0.6645161290322581,0.6645161290322581,0.6645161290322581,observed
2003-01-01,Jiji,0.9451612903225808,0.9451612903225808,0.9451612903225808,0.9451612903225808,observed
2003-02-01,Jiji,0.7567857142857141,0.7567857142857141,0.7567857142857141,0.7567857142857141,observed
2003-03-01,Jiji,0.8590322580645162,0.8590322580645162,0.8590322580645162,0.8590322580645162,observed
2003-04-01,Jiji,0.9693333333333332,0.9693333333333332,0.9693333333333332,0.9693333333333332,observed
2003-05-01,Jiji,0.824516129032258,0.824516129032258,0.824516129032258,0.824516129032258,observed
2003-06-01,Jiji,0.6363333333333331,0.6363333333333331,0.6363333333333331,0.6363333333333331,observed
2003-07-01,Jiji,0.5306451612903225,0.5306451612903225,0.5306451612903225,0.5306451612903225,observed
2003-08-01,Jiji,0.4661290322580645,0.4661290322580645,0.4661290322580645,0.4661290322580645,observed
2003-09-01,Jiji,0.4569999999999999,0.4569999999999999,0.4569999999999999,0.4569999999999999,observed
2003-10-01,Jiji,0.52,0.52,0.52,0.52,observed
2003-11-01,Jiji,0.5043333333333334,0.5043333333333334,0.5043333333333334,0.5043333333333334,observed
2003-12-01,Jiji,0.7370967741935486,0.7370967741935486,0.7370967741935486,0.7370967741935486,observed
2004-01-01,Jiji,0.7196774193548388,0.7196774193548388,0.7196774193548388,0.7196774193548388,observed
2004-02-01,Jiji,0.756551724137931,0.756551724137931,0.756551724137931,0.756551724137931,observed
2004-03-01,Jiji,0.7945161290322579,0.7945161290322579,0.7945161290322579,0.7945161290322579,observed
2004-04-01,Jiji,1.038,1.038,1.038,1.038,observed
2004-05-01,Jiji,0.708709677419355,0.708709677419355,0.708709677419355,0.708709677419355,observed
2004-06-01,Jiji,0.5429999999999999,0.5429999999999999,0.5429999999999999,0.5429999999999999,observed
2004-07-01,Jiji,0.4596774193548384,0.4596774193548384,0.4596774193548384,0.4596774193548384,observed
2004-08-01,Jiji,0.415483870967742,0.415483870967742,0.415483870967742,0.415483870967742,observed
2004-09-01,Jiji,0.4736666666666666,0.4736666666666666,0.4736666666666666,0.4736666666666666,observed
2004-10-01,Jiji,0.4577419354838711,0.4577419354838711,0.4577419354838711,0.4577419354838711,observed
2004-11-01,Jiji,0.6126666666666668,0.6126666666666668,0.6126666666666668,0.6126666666666668,observed
2004-12-01,Jiji,0.7674193548387095,0.7674193548387095,0.7674193548387095,0.7674193548387095,observed
2005-01-01,Jiji,0.8106451612903227,0.8106451612903227,0.8106451612903227,0.8106451612903227,observed
2005-02-01,Jiji,0.7889285714285713,0.7889285714285713,0.7889285714285713,0.7889285714285713,observed
2005-03-01,Jiji,0.654193548387097,0.654193548387097,0.654193548387097,0.654193548387097,observed
2005-04-01,Jiji,0.6203333333333332,0.6203333333333332,0.6203333333333332,0.6203333333333332,observed
2005-05-01,Jiji,0.7383870967741937,0.7383870967741937,0.7383870967741937,0.7383870967741937,observed
2005-06-01,Jiji,0.5509999999999999,0.5509999999999999,0.5509999999999999,0.5509999999999999,observed
2005-07-01,Jiji,0.5029032258064516,0.5029032258064516,0.5029032258064516,0.5029032258064516,observed
2005-08-01,Jiji,0.41,0.41,0.41,0.41,observed
2005-09-01,Jiji,0.3946666666666666,0.3946666666666666,0.3946666666666666,0.3946666666666666,observed
2005-10-01,Jiji,0.4419354838709676,0.4419354838709676,0.4419354838709676,0.4419354838709676,observed
2005-11-01,Jiji,0.4733333333333334,0.4733333333333334,0.4733333333333334,0.4733333333333334,observed
2005-12-01,Jiji,0.5525806451612902,0.5525806451612902,0.5525806451612902,0.5525806451612902,observed
2006-01-01,Jiji,0.6612903225806451,0.6612903225806451,0.6612903225806451,0.6612903225806451,observed
2006-02-01,Jiji,0.8153571428571429,0.8153571428571429,0.8153571428571429,0.8153571428571429,observed
2006-03-01,Jiji,0.7300000000000001,0.7300000000000001,0.7300000000000001,0.7300000000000001,observed
2006-04-01,Jiji,0.965,0.965,0.965,0.965,observed
2006-05-01,Jiji,1.2238709677419355,1.2238709677419355,1.2238709677419355,1.2238709677419355,observed
2006-06-01,Jiji,0.7806666666666665,0.7806666666666665,0.7806666666666665,0.7806666666666665,observed
2006-07-01,Jiji,0.647741935483871,0.647741935483871,0.647741935483871,0.647741935483871,observed
2006-08-01,Jiji,0.5506451612903226,0.5506451612903226,0.5506451612903226,0.5506451612903226,observed
2006-09-01,Jiji,0.4566666666666667,0.4566666666666667,0.4566666666666667,0.4566666666666667,observed
2006-10-01,Jiji,0.5612903225806453,0.5612903225806453,0.5612903225806453,0.5612903225806453,observed
2006-11-01,Jiji,0.997,0.997,0.997,0.997,observed
2006-12-01,Jiji,1.3087096774193554,1.3087096774193554,1.3087096774193554,1.3087096774193554,observed
2007-01-01,Jiji,1.4303225806451612,1.4303225806451612,1.4303225806451612,1.4303225806451612,observed
2007-02-01,Jiji,1.4371428571428573,1.4371428571428573,1.4371428571428573,1.4371428571428573,observed
2007-03-01,Jiji,1.077741935483871,1.077741935483871,1.077741935483871,1.077741935483871,observed
2007-04-01,Jiji,1.1266666666666665,1.1266666666666665,1.1266666666666665,1.1266666666666665,observed
2007-05-01,Jiji,0.9538709677419356,0.9538709677419356,0.9538709677419356,0.9538709677419356,observed
2007-06-01,Jiji,0.8146666666666665,0.8146666666666665,0.8146666666666665,0.8146666666666665,observed
2007-07-01,Jiji,0.660967741935484,0.660967741935484,0.660967741935484,0.660967741935484,observed
2007-08-01,Jiji,0.5309677419354839,0.5309677419354839,0.5309677419354839,0.5309677419354839,observed
2007-09-01,Jiji,0.4833333333333335,0.4833333333333335,0.4833333333333335,0.4833333333333335,observed
2007-10-01,Jiji,0.5603225806451613,0.5603225806451613,0.5603225806451613,0.5603225806451613,observed
2007-11-01,Jiji,0.5703333333333334,0.5703333333333334,0.5703333333333334,0.5703333333333334,observed
2007-12-01,Jiji,0.6267741935483871,0.6267741935483871,0.6267741935483871,0.6267741935483871,observed
2008-01-01,Jiji,0.7867741935483871,0.7867741935483871,0.7867741935483871,0.7867741935483871,observed
2008-02-01,Jiji,0.8344827586206897,0.8344827586206897,0.8344827586206897,0.8344827586206897,observed
2008-03-01,Jiji,1.0203225806451612,1.0203225806451612,1.0203225806451612,1.0203225806451612,observed
2008-04-01,Jiji,1.0266666666666668,1.0266666666666668,1.0266666666666668,1.0266666666666668,observed
2008-05-01,Jiji,0.6835483870967742,0.6835483870967742,0.6835483870967742,0.6835483870967742,observed
2008-06-01,Jiji,0.5663333333333331,0.5663333333333331,0.5663333333333331,0.5663333333333331,observed
2008-07-01,Jiji,0.4629032258064514,0.4629032258064514,0.4629032258064514,0.4629032258064514,observed
2008-08-01,Jiji,0.4225806451612903,0.4225806451612903,0.4225806451612903,0.4225806451612903,observed
2008-09-01,Jiji,0.4186666666666667,0.4186666666666667,0.4186666666666667,0.4186666666666667,observed
2008-10-01,Jiji,0.5067741935483872,0.5067741935483872,0.5067741935483872,0.5067741935483872,observed
2008-11-01,Jiji,0.5453333333333334,0.5453333333333334,0.5453333333333334,0.5453333333333334,observed
2008-12-01,Jiji,0.7290322580645163,0.7290322580645163,0.7290322580645163,0.7290322580645163,observed
2009-01-01,Jiji,0.8483870967741937,0.8483870967741937,0.8483870967741937,0.8483870967741937,observed
2009-02-01,Jiji,1.015,1.015,1.015,1.015,observed
2009-03-01,Jiji,0.8048387096774193,0.8048387096774193,0.8048387096774193,0.8048387096774193,observed
2009-04-01,Jiji,0.8260000000000001,0.8260000000000001,0.8260000000000001,0.8260000000000001,observed
2009-05-01,Jiji,0.7509677419354839,0.7509677419354839,0.7509677419354839,0.7509677419354839,observed
2009-06-01,Jiji,0.5533333333333331,0.5533333333333331,0.5533333333333331,0.5533333333333331,observed
2009-07-01,Jiji,0.4764516129032261,0.4764516129032261,0.4764516129032261,0.4764516129032261,observed
2009-08-01,Jiji,0.4200000000000001,0.4200000000000001,0.4200000000000001,0.4200000000000001,observed
2009-09-01,Jiji,0.386,0.386,0.386,0.386,observed
2009-10-01,Jiji,0.4080645161290324,0.4080645161290324,0.4080645161290324,0.4080645161290324,observed
2009-11-01,Jiji,0.5830000000000001,0.5830000000000001,0.5830000000000001,0.5830000000000001,observed
2009-12-01,Jiji,0.8454838709677418,0.8454838709677418,0.8454838709677418,0.8454838709677418,observed
2010-01-01,Jiji,0.993548387096774,0.993548387096774,0.993548387096774,0.993548387096774,observed
2010-02-01,Jiji,0.8132142857142856,0.8132142857142856,0.8132142857142856,0.8132142857142856,observed
2010-03-01,Jiji,0.9370967741935484,0.9370967741935484,0.9370967741935484,0.9370967741935484,observed
2010-04-01,Jiji,0.9496666666666668,0.9496666666666668,0.9496666666666668,0.9496666666666668,observed
2010-05-01,Jiji,1.1029032258064515,1.1029032258064515,1.1029032258064515,1.1029032258064515,observed
2010-06-01,Jiji,0.5472413793103448,0.5472413793103448,0.5472413793103448,0.5472413793103448,observed
2010-07-01,Jiji,0.4677419354838709,0.4677419354838709,0.4677419354838709,0.4677419354838709,observed
2010-08-01,Jiji,0.4174193548387098,0.4174193548387098,0.4174193548387098,0.4174193548387098,observed
2010-09-01,Jiji,0.4150000000000002,0.4150000000000002,0.4150000000000002,0.4150000000000002,observed
2010-10-01,Jiji,0.4632258064516129,0.4632258064516129,0.4632258064516129,0.4632258064516129,observed
2010-11-01,Jiji,0.6313333333333334,0.6313333333333334,0.6313333333333334,0.6313333333333334,observed
2010-12-01,Jiji,0.7035483870967743,0.7035483870967743,0.7035483870967743,0.7035483870967743,observed
2011-01-01,Jiji,0.7674193548387096,0.7674193548387096,0.7674193548387096,0.7674193548387096,observed
2011-02-01,Jiji,0.9,0.9,0.9,0.9,observed
2011-03-01,Jiji,0.8909677419354842,0.8909677419354842,0.8909677419354842,0.8909677419354842,observed
2011-04-01,Jiji,0.9893333333333332,0.9893333333333332,0.9893333333333332,0.9893333333333332,observed
2011-05-01,Jiji,0.7180645161290323,0.7180645161290323,0.7180645161290323,0.7180645161290323,observed
2011-06-01,Jiji,0.5543333333333333,0.5543333333333333,0.5543333333333333,0.5543333333333333,observed
2011-07-01,Jiji,0.4845161290322581,0.4845161290322581,0.4845161290322581,0.4845161290322581,observed
2011-08-01,Jiji,0.4370967741935484,0.4370967741935484,0.4370967741935484,0.4370967741935484,observed
2011-09-01,Jiji,0.4203333333333333,0.4203333333333333,0.4203333333333333,0.4203333333333333,observed
2011-10-01,Jiji,0.5361290322580646,0.5361290322580646,0.5361290322580646,0.5361290322580646,observed
2011-11-01,Jiji,0.7313333333333334,0.7313333333333334,0.7313333333333334,0.7313333333333334,observed
2011-12-01,Jiji,1.1922580645161287,1.1922580645161287,1.1922580645161287,1.1922580645161287,observed
2012-01-01,Jiji,0.7816129032258065,0.7816129032258065,0.7816129032258065,0.7816129032258065,observed
2012-02-01,Jiji,0.7506896551724138,0.7506896551724138,0.7506896551724138,0.7506896551724138,observed
2012-03-01,Jiji,0.7761290322580645,0.7761290322580645,0.7761290322580645,0.7761290322580645,observed
2012-04-01,Jiji,0.9713333333333332,0.9713333333333332,0.9713333333333332,0.9713333333333332,observed
2012-05-01,Jiji,0.8277419354838713,0.8277419354838713,0.8277419354838713,0.8277419354838713,observed
2012-06-01,Jiji,0.603,0.603,0.603,0.603,observed
2012-07-01,Jiji,0.5074193548387098,0.5074193548387098,0.5074193548387098,0.5074193548387098,observed
2012-08-01,Jiji,0.4677419354838708,0.4677419354838708,0.4677419354838708,0.4677419354838708,observed
2012-09-01,Jiji,0.4533333333333333,0.4533333333333333,0.4533333333333333,0.4533333333333333,observed
2012-10-01,Jiji,0.4845161290322581,0.4845161290322581,0.4845161290322581,0.4845161290322581,observed
2012-11-01,Jiji,0.621,0.621,0.621,0.621,observed
2012-12-01,Jiji,0.7348387096774194,0.7348387096774194,0.7348387096774194,0.7348387096774194,observed
2013-01-01,Jiji,0.8893548387096775,0.8893548387096775,0.8893548387096775,0.8893548387096775,observed
2013-02-01,Jiji,0.875357142857143,0.875357142857143,0.875357142857143,0.875357142857143,observed
2013-03-01,Jiji,0.7983870967741936,0.7983870967741936,0.7983870967741936,0.7983870967741936,observed
2013-04-01,Jiji,1.1783333333333337,1.1783333333333337,1.1783333333333337,1.1783333333333337,observed
2013-05-01,Jiji,0.8893548387096775,0.8893548387096775,0.8893548387096775,0.8893548387096775,observed
2013-06-01,Jiji,0.5990000000000002,0.5990000000000002,0.5990000000000002,0.5990000000000002,observed
2013-07-01,Jiji,0.5064516129032259,0.5064516129032259,0.5064516129032259,0.5064516129032259,observed
2013-08-01,Jiji,0.4583870967741935,0.4583870967741935,0.4583870967741935,0.4583870967741935,observed
2013-09-01,Jiji,0.4500000000000002,0.4500000000000002,0.4500000000000002,0.4500000000000002,observed
2013-10-01,Jiji,0.4535483870967742,0.4535483870967742,0.4535483870967742,0.4535483870967742,observed
2013-11-01,Jiji,0.5680000000000001,0.5680000000000001,0.5680000000000001,0.5680000000000001,observed
2013-12-01,Jiji,0.8958064516129031,0.8958064516129031,0.8958064516129031,0.8958064516129031,observed
2014-01-01,Jiji,1.0970967741935482,1.0970967741935482,1.0970967741935482,1.0970967741935482,observed
2014-02-01,Jiji,0.9917857142857142,0.9917857142857142,0.9917857142857142,0.9917857142857142,observed
2014-03-01,Jiji,0.9199999999999996,0.9199999999999996,0.9199999999999996,0.9199999999999996,observed
2014-04-01,Jiji,0.9370000000000004,0.9370000000000004,0.9370000000000004,0.9370000000000004,observed
2014-05-01,Jiji,0.67,0.67,0.67,0.67,observed
2014-06-01,Jiji,0.5776666666666668,0.5776666666666668,0.5776666666666668,0.5776666666666668,observed
2014-07-01,Jiji,0.4864516129032261,0.4864516129032261,0.4864516129032261,0.4864516129032261,observed
2014-08-01,Jiji,0.4861290322580648,0.4861290322580648,0.4861290322580648,0.4861290322580648,observed
2014-09-01,Jiji,0.437,0.437,0.437,0.437,observed
2014-10-01,Jiji,0.5258064516129033,0.5258064516129033,0.5258064516129033,0.5258064516129033,observed
2014-11-01,Jiji,0.4703333333333335,0.4703333333333335,0.4703333333333335,0.4703333333333335,observed
2014-12-01,Jiji,0.5712903225806452,0.5712903225806452,0.5712903225806452,0.5712903225806452,observed
2015-01-01,Jiji,0.7280645161290323,0.7280645161290323,0.7280645161290323,0.7280645161290323,observed
2015-02-01,Jiji,0.8103571428571429,0.8103571428571429,0.8103571428571429,0.8103571428571429,observed
2015-03-01,Jiji,0.8874193548387097,0.8874193548387097,0.8874193548387097,0.8874193548387097,observed
2015-04-01,Jiji,1.123,1.123,1.123,1.123,observed
2015-05-01,Jiji,0.9116129032258063,0.9116129032258063,0.9116129032258063,0.9116129032258063,observed
2015-06-01,Jiji,0.620333333333333,0.620333333333333,0.620333333333333,0.620333333333333,observed
2015-07-01,Jiji,0.5135483870967742,0.5135483870967742,0.5135483870967742,0.5135483870967742,observed
2015-08-01,Jiji,0.446774193548387,0.446774193548387,0.446774193548387,0.446774193548387,observed
2015-09-01,Jiji,0.4253333333333334,0.4253333333333334,0.4253333333333334,0.4253333333333334,observed
2015-10-01,Jiji,0.4748387096774194,0.4748387096774194,0.4748387096774194,0.4748387096774194,observed
2015-11-01,Jiji,0.706,0.706,0.706,0.706,observed
2015-12-01,Jiji,0.9006451612903225,0.9006451612903225,0.9006451612903225,0.9006451612903225,observed
2016-01-01,Jiji,1.1461290322580644,1.1461290322580644,1.1461290322580644,1.1461290322580644,observed
2016-02-01,Jiji,1.1586206896551727,1.1586206896551727,1.1586206896551727,1.1586206896551727,observed
2016-03-01,Jiji,0.9641935483870966,0.9641935483870966,0.9641935483870966,0.9641935483870966,observed
2016-04-01,Jiji,0.8803333333333334,0.8803333333333334,0.8803333333333334,0.8803333333333334,observed
2016-05-01,Jiji,0.7583870967741935,0.7583870967741935,0.7583870967741935,0.7583870967741935,observed
2016-06-01,Jiji,0.5713333333333335,0.5713333333333335,0.5713333333333335,0.5713333333333335,observed
2016-07-01,Jiji,0.4922580645161293,0.4922580645161293,0.4922580645161293,0.4922580645161293,observed
2016-08-01,Jiji,0.4361290322580646,0.4361290322580646,0.4361290322580646,0.4361290322580646,observed
2016-09-01,Jiji,0.4226666666666667,0.4226666666666667,0.4226666666666667,0.4226666666666667,observed
2016-10-01,Jiji,0.4403225806451615,0.4403225806451615,0.4403225806451615,0.4403225806451615,observed
2016-11-01,Jiji,0.4263333333333333,0.4263333333333333,0.4263333333333333,0.4263333333333333,observed
2016-12-01,Jiji,0.4990322580645162,0.4990322580645162,0.4990322580645162,0.4990322580645162,observed
2017-01-01,Jiji,0.6167741935483869,0.6167741935483869,0.6167741935483869,0.6167741935483869,observed
2017-02-01,Jiji,0.6610714285714286,0.6610714285714286,0.6610714285714286,0.6610714285714286,observed
2017-03-01,Jiji,0.8219354838709678,0.8219354838709678,0.8219354838709678,0.8219354838709678,observed
2017-04-01,Jiji,1.009,1.009,1.009,1.009,observed
2017-05-01,Jiji,0.7912903225806454,0.7912903225806454,0.7912903225806454,0.7912903225806454,observed
2017-06-01,Jiji,0.5539999999999999,0.5539999999999999,0.5539999999999999,0.5539999999999999,observed
2017-07-01,Jiji,0.4748387096774196,0.4748387096774196,0.4748387096774196,0.4748387096774196,observed
2017-08-01,Jiji,0.4364516129032256,0.4364516129032256,0.4364516129032256,0.4364516129032256,observed
2017-09-01,Jiji,0.4013333333333334,0.4013333333333334,0.4013333333333334,0.4013333333333334,observed
2017-10-01,Jiji,0.4393548387096774,0.4393548387096774,0.4393548387096774,0.4393548387096774,observed
2017-11-01,Jiji,0.6120000000000001,0.6120000000000001,0.6120000000000001,0.6120000000000001,observed
2017-12-01,Jiji,0.665483870967742,0.665483870967742,0.665483870967742,0.665483870967742,observed
2018-01-01,Jiji,0.8141935483870966,0.8141935483870966,0.8141935483870966,0.8141935483870966,observed
2018-02-01,Jiji,0.7582142857142857,0.7582142857142857,0.7582142857142857,0.7582142857142857,observed
2018-03-01,Jiji,0.783225806451613,0.783225806451613,0.783225806451613,0.783225806451613,observed
2018-04-01,Jiji,0.996,0.996,0.996,0.996,observed
2018-05-01,Jiji,0.9996774193548388,0.9996774193548388,0.9996774193548388,0.9996774193548388,observed
2018-06-01,Jiji,0.6096666666666665,0.6096666666666665,0.6096666666666665,0.6096666666666665,observed
2018-07-01,Jiji,0.5019354838709679,0.5019354838709679,0.5019354838709679,0.5019354838709679,observed
2018-08-01,Jiji,0.4683870967741934,0.4683870967741934,0.4683870967741934,0.4683870967741934,observed
2018-09-01,Jiji,0.4060000000000002,0.4060000000000002,0.4060000000000002,0.4060000000000002,observed
2018-10-01,Jiji,0.4503225806451613,0.4503225806451613,0.4503225806451613,0.4503225806451613,observed
2018-11-01,Jiji,0.5296666666666667,0.5296666666666667,0.5296666666666667,0.5296666666666667,observed
2018-12-01,Jiji,0.6548387096774195,0.6548387096774195,0.6548387096774195,0.6548387096774195,observed
2019-01-01,Jiji,0.7387096774193548,0.7387096774193548,0.7387096774193548,0.7387096774193548,observed
2019-02-01,Jiji,0.6603571428571428,0.6603571428571428,0.6603571428571428,0.6603571428571428,observed
2019-03-01,Jiji,0.7312903225806449,0.7312903225806449,0.7312903225806449,0.7312903225806449,observed
2019-04-01,Jiji,0.6676666666666666,0.6676666666666666,0.6676666666666666,0.6676666666666666,observed
2019-05-01,Jiji,0.649032258064516,0.649032258064516,0.649032258064516,0.649032258064516,observed
2019-06-01,Jiji,0.5046666666666667,0.5046666666666667,0.5046666666666667,0.5046666666666667,observed
2019-07-01,Jiji,0.4458064516129032,0.4458064516129032,0.4458064516129032,0.4458064516129032,observed
2019-08-01,Jiji,0.3938709677419356,0.3938709677419356,0.3938709677419356,0.3938709677419356,observed
2019-09-01,Jiji,0.4133333333333334,0.4133333333333334,0.4133333333333334,0.4133333333333334,observed
2019-10-01,Jiji,0.4712903225806452,0.4712903225806452,0.4712903225806452,0.4712903225806452,observed
2019-11-01,Jiji,0.6236666666666666,0.6236666666666666,0.6236666666666666,0.6236666666666666,observed
2019-12-01,Jiji,1.058064516129032,1.058064516129032,1.058064516129032,1.058064516129032,observed
2020-01-01,Jiji,0.9699999999999998,0.9699999999999998,0.9699999999999998,0.9699999999999998,observed
2020-02-01,Jiji,1.0189655172413794,1.0189655172413794,1.0189655172413794,1.0189655172413794,observed
2020-03-01,Jiji,1.2061290322580644,1.2061290322580644,1.2061290322580644,1.2061290322580644,observed
2020-04-01,Jiji,1.1016666666666668,1.1016666666666668,1.1016666666666668,1.1016666666666668,observed
2020-05-01,Jiji,0.9658064516129032,0.9658064516129032,0.9658064516129032,0.9658064516129032,observed
2020-06-01,Jiji,0.6660000000000001,0.6660000000000001,0.6660000000000001,0.6660000000000001,observed
2020-07-01,Jiji,0.5558064516129033,0.5558064516129033,0.5558064516129033,0.5558064516129033,observed
2020-08-01,Jiji,0.4861290322580648,0.4861290322580648,0.4861290322580648,0.4861290322580648,observed
2020-09-01,Jiji,0.4553333333333333,0.4553333333333333,0.4553333333333333,0.4553333333333333,observed
2020-10-01,Jiji,0.504193548387097,0.504193548387097,0.504193548387097,0.504193548387097,observed
2020-11-01,Jiji,0.6669999999999999,0.6669999999999999,0.6669999999999999,0.6669999999999999,observed
2020-12-01,Jiji,0.9070967741935484,0.9070967741935484,0.9070967741935484,0.9070967741935484,observed
2021-01-01,Jiji,0.9122580645161292,0.9122580645161292,0.9122580645161292,0.9122580645161292,observed
2021-02-01,Jiji,1.101785714285714,1.101785714285714,1.101785714285714,1.101785714285714,observed
2021-03-01,Jiji,0.9580645161290322,0.9580645161290322,0.9580645161290322,0.9580645161290322,observed
2021-04-01,Jiji,0.8766666666666667,0.8766666666666667,0.8766666666666667,0.8766666666666667,observed
2021-05-01,Jiji,0.8080645161290324,0.8080645161290324,0.8080645161290324,0.8080645161290324,observed
2021-06-01,Jiji,0.5976666666666668,0.5976666666666668,0.5976666666666668,0.5976666666666668,observed
2021-07-01,Jiji,0.5177419354838709,0.5177419354838709,0.5177419354838709,0.5177419354838709,observed
2021-08-01,Jiji,0.479677419354839,0.479677419354839,0.479677419354839,0.479677419354839,observed
2021-09-01,Jiji,0.455,0.455,0.455,0.455,observed
2021-10-01,Jiji,0.4916129032258065,0.4916129032258065,0.4916129032258065,0.4916129032258065,observed
2021-11-01,Jiji,0.5586666666666666,0.5586666666666666,0.5586666666666666,0.5586666666666666,observed
2021-12-01,Jiji,0.5819354838709677,0.5819354838709677,0.5819354838709677,0.5819354838709677,observed
2022-01-01,Jiji,0.6829032258064517,0.6829032258064517,0.6829032258064517,0.6829032258064517,observed
2022-02-01,Jiji,0.8453571428571428,0.8453571428571428,0.8453571428571428,0.8453571428571428,observed
2022-03-01,Jiji,0.8548387096774195,0.8548387096774195,0.8548387096774195,0.8548387096774195,observed
2022-04-01,Jiji,0.8806666666666667,0.8806666666666667,0.8806666666666667,0.8806666666666667,observed
2022-05-01,Jiji,0.7861290322580644,0.7861290322580644,0.7861290322580644,0.7861290322580644,observed
2022-06-01,Jiji,0.5906666666666669,0.5906666666666669,0.5906666666666669,0.5906666666666669,observed
2022-07-01,Jiji,0.5199999999999999,0.5199999999999999,0.5199999999999999,0.5199999999999999,observed
2022-08-01,Jiji,0.4729032258064519,0.4729032258064519,0.4729032258064519,0.4729032258064519,observed
2022-09-01,Jiji,0.4320000000000001,0.4320000000000001,0.4320000000000001,0.4320000000000001,observed
2022-10-01,Jiji,0.406774193548387,0.406774193548387,0.406774193548387,0.406774193548387,observed
2022-11-01,Jiji,0.5236666666666667,0.5236666666666667,0.5236666666666667,0.5236666666666667,observed
2022-12-01,Jiji,0.6716129032258064,0.6716129032258064,0.6716129032258064,0.6716129032258064,observed
2023-01-01,Jiji,0.7683870967741935,0.7683870967741935,0.7683870967741935,0.7683870967741935,observed
2023-02-01,Jiji,0.9071428571428573,0.9071428571428573,0.9071428571428573,0.9071428571428573,observed
2023-03-01,Jiji,1.0451612903225806,1.0451612903225806,1.0451612903225806,1.0451612903225806,observed
2023-04-01,Jiji,1.1506666666666665,1.1506666666666665,1.1506666666666665,1.1506666666666665,observed
2023-05-01,Jiji,0.9758064516129032,0.9758064516129032,0.9758064516129032,0.9758064516129032,observed
2023-06-01,Jiji,0.65,0.65,0.65,0.65,observed
2023-07-01,Jiji,0.5422580645161289,0.5422580645161289,0.5422580645161289,0.5422580645161289,observed
2023-08-01,Jiji,0.4783870967741936,0.4783870967741936,0.4783870967741936,0.4783870967741936,observed
2023-09-01,Jiji,0.5120000000000001,0.5120000000000001,0.5120000000000001,0.5120000000000001,observed
2023-10-01,Jiji,0.5241935483870968,0.5241935483870968,0.5241935483870968,0.5241935483870968,observed
2023-11-01,Jiji,0.9263333333333336,0.9263333333333336,0.9263333333333336,0.9263333333333336,observed
2023-12-01,Jiji,1.1229032258064515,1.1229032258064515,1.1229032258064515,1.1229032258064515,observed
2024-01-01,Jiji,1.314516129032258,1.314516129032258,1.314516129032258,1.314516129032258,observed
2024-02-01,Jiji,1.1127586206896554,1.1127586206896554,1.1127586206896554,1.1127586206896554,observed
2024-03-01,Jiji,0.9438709677419356,0.9438709677419356,0.9438709677419356,0.9438709677419356,observed
2024-04-01,Jiji,1.2796666666666667,1.2796666666666667,1.2796666666666667,1.2796666666666667,observed
2024-05-01,Jiji,0.9180645161290324,0.9180645161290324,0.9180645161290324,0.9180645161290324,observed
2024-06-01,Jiji,0.6683333333333334,0.6683333333333334,0.6683333333333334,0.6683333333333334,observed
2024-07-01,Jiji,0.5738709677419357,0.5738709677419357,0.5738709677419357,0.5738709677419357,observed
2024-08-01,Jiji,0.52,0.52,0.52,0.52,observed
2024-09-01,Jiji,0.4893333333333335,0.4893333333333335,0.4893333333333335,0.4893333333333335,observed
2024-10-01,Jiji,,0.5438059568405151,0.47784511372447014,0.6306995376944542,XGBoost_bootstrap_ensemble
2024-11-01,Jiji,,0.7364544868469238,0.619961316883564,0.8483535349369047,XGBoost_bootstrap_ensemble
2024-12-01,Jiji,0.8012903225806451,0.8012903225806451,0.8012903225806451,0.8012903225806451,observed
2000-01-01,Kaburantwa,,1.5158859491348267,1.365584632754326,1.5940816283226014,XGBoost_bootstrap_ensemble
2000-02-01,Kaburantwa,,0.9869423508644104,0.876674348115921,1.1211454808712005,XGBoost_bootstrap_ensemble
2000-03-01,Kaburantwa,,0.9248206615447998,0.8021672800183296,1.072679305076599,XGBoost_bootstrap_ensemble
2000-04-01,Kaburantwa,,0.8951795101165771,0.7617071300745011,1.0684989273548127,XGBoost_bootstrap_ensemble
2000-05-01,Kaburantwa,,0.8688929080963135,0.7382284700870514,1.0422685503959654,XGBoost_bootstrap_ensemble
2000-06-01,Kaburantwa,,0.8312376141548157,0.7088366702198983,1.010487367212772,XGBoost_bootstrap_ensemble
2000-07-01,Kaburantwa,,0.8957366943359375,0.7473318010568619,1.1009907633066176,XGBoost_bootstrap_ensemble
2000-08-01,Kaburantwa,,0.9011757373809814,0.7527589812874794,1.1002905070781706,XGBoost_bootstrap_ensemble
2000-09-01,Kaburantwa,,0.8855891227722168,0.7466469496488571,1.0700115799903867,XGBoost_bootstrap_ensemble
2000-10-01,Kaburantwa,,0.9117660522460938,0.7563665270805359,1.0910406738519667,XGBoost_bootstrap_ensemble
2000-11-01,Kaburantwa,,0.9810627698898315,0.8256007969379425,1.1546288013458252,XGBoost_bootstrap_ensemble
2000-12-01,Kaburantwa,,0.9658882021903992,0.8458112791180611,1.1352331459522247,XGBoost_bootstrap_ensemble
2001-01-01,Kaburantwa,,0.8299931287765503,0.7614787861704826,0.883514104783535,XGBoost_bootstrap_ensemble
2001-02-01,Kaburantwa,,0.819537878036499,0.7546466335654258,0.8897886022925376,XGBoost_bootstrap_ensemble
2001-03-01,Kaburantwa,,0.7990442514419556,0.7477299243211746,0.850976738333702,XGBoost_bootstrap_ensemble
2001-04-01,Kaburantwa,,0.8215255737304688,0.7390073120594025,0.8924041107296943,XGBoost_bootstrap_ensemble
2001-05-01,Kaburantwa,,0.7635721564292908,0.6938084304332733,0.834324523806572,XGBoost_bootstrap_ensemble
2001-06-01,Kaburantwa,,0.7177483439445496,0.6596129938960076,0.7744360506534576,XGBoost_bootstrap_ensemble
2001-07-01,Kaburantwa,,0.6946485042572021,0.6366427913308144,0.7607861638069152,XGBoost_bootstrap_ensemble
2001-08-01,Kaburantwa,,0.7090473771095276,0.6473377257585525,0.7535007312893868,XGBoost_bootstrap_ensemble
2001-09-01,Kaburantwa,,0.7116442918777466,0.652527029812336,0.7593270152807235,XGBoost_bootstrap_ensemble
2001-10-01,Kaburantwa,,0.7818140983581543,0.6914822846651077,0.9039822340011595,XGBoost_bootstrap_ensemble
2001-11-01,Kaburantwa,,0.7940540313720703,0.7460670560598374,0.8435344964265823,XGBoost_bootstrap_ensemble
2001-12-01,Kaburantwa,,0.7841609716415405,0.7492722362279892,0.8220166593790055,XGBoost_bootstrap_ensemble
2002-01-01,Kaburantwa,,0.8067867755889893,0.7576832279562951,0.8572483658790588,XGBoost_bootstrap_ensemble
2002-02-01,Kaburantwa,,0.8178003430366516,0.7547585755586624,0.8760521456599235,XGBoost_bootstrap_ensemble
2002-03-01,Kaburantwa,,0.7802444696426392,0.7270291835069657,0.832028540968895,XGBoost_bootstrap_ensemble
2002-04-01,Kaburantwa,,0.7896262407302856,0.7147577360272408,0.8451859161257743,XGBoost_bootstrap_ensemble
2002-05-01,Kaburantwa,,0.7985811829566956,0.7327585846185685,0.8744386553764343,XGBoost_bootstrap_ensemble
2002-06-01,Kaburantwa,,0.7525454163551331,0.7039814308285713,0.8170217782258986,XGBoost_bootstrap_ensemble
2002-07-01,Kaburantwa,,0.6878237724304199,0.6285860821604728,0.7564408838748932,XGBoost_bootstrap_ensemble
2002-08-01,Kaburantwa,,0.6936719417572021,0.6445839434862137,0.7491976723074912,XGBoost_bootstrap_ensemble
2002-09-01,Kaburantwa,,0.6819308400154114,0.631071750819683,0.7420563340187072,XGBoost_bootstrap_ensemble
2002-10-01,Kaburantwa,,0.691734254360199,0.6327181607484818,0.742349098622799,XGBoost_bootstrap_ensemble
2002-11-01,Kaburantwa,,0.8009287118911743,0.6974370822310447,0.901488435268402,XGBoost_bootstrap_ensemble
2002-12-01,Kaburantwa,,0.8520660400390625,0.750313538312912,0.9601205170154572,XGBoost_bootstrap_ensemble
2003-01-01,Kaburantwa,,0.816087543964386,0.7603725507855416,0.8798583135008812,XGBoost_bootstrap_ensemble
2003-02-01,Kaburantwa,,0.7834575176239014,0.737582090497017,0.8275081813335419,XGBoost_bootstrap_ensemble
2003-03-01,Kaburantwa,,0.7585171461105347,0.7046932354569435,0.8015282854437827,XGBoost_bootstrap_ensemble
2003-04-01,Kaburantwa,,0.7740182280540466,0.7318932175636291,0.815376652777195,XGBoost_bootstrap_ensemble
2003-05-01,Kaburantwa,,0.7667108774185181,0.7217654824256897,0.8179314017295837,XGBoost_bootstrap_ensemble
2003-06-01,Kaburantwa,,0.7086238861083984,0.6442383706569672,0.7747487649321555,XGBoost_bootstrap_ensemble
2003-07-01,Kaburantwa,,0.6934455633163452,0.630238439142704,0.7517460644245147,XGBoost_bootstrap_ensemble
2003-08-01,Kaburantwa,,0.7097898125648499,0.6539410352706909,0.7563236892223358,XGBoost_bootstrap_ensemble
2003-09-01,Kaburantwa,,0.7397924661636353,0.6824276879429817,0.8362654447555541,XGBoost_bootstrap_ensemble
2003-10-01,Kaburantwa,,0.7573814392089844,0.6428554996848106,0.8651759937405586,XGBoost_bootstrap_ensemble
2003-11-01,Kaburantwa,,0.8343607187271118,0.7311889663338661,0.9483907282352447,XGBoost_bootstrap_ensemble
2003-12-01,Kaburantwa,,0.8507246971130371,0.7574269115924835,0.9784737363457678,XGBoost_bootstrap_ensemble
2004-01-01,Kaburantwa,,0.8602088689804077,0.768544553220272,0.9743014693260192,XGBoost_bootstrap_ensemble
2004-02-01,Kaburantwa,,0.8296124339103699,0.756800739467144,0.9238327637314796,XGBoost_bootstrap_ensemble
2004-03-01,Kaburantwa,,0.7902724742889404,0.7399229347705841,0.8401583701372146,XGBoost_bootstrap_ensemble
2004-04-01,Kaburantwa,,0.8079302906990051,0.7528652876615525,0.8584937661886215,XGBoost_bootstrap_ensemble
2004-05-01,Kaburantwa,,0.8326043486595154,0.7614443182945252,0.8882993206381797,XGBoost_bootstrap_ensemble
2004-06-01,Kaburantwa,,0.7483861446380615,0.6856637164950371,0.8104552716016769,XGBoost_bootstrap_ensemble
2004-07-01,Kaburantwa,,0.6947238445281982,0.6376310274004936,0.7488887533545494,XGBoost_bootstrap_ensemble
2004-08-01,Kaburantwa,,0.6811017394065857,0.6331160694360733,0.7363395616412163,XGBoost_bootstrap_ensemble
2004-09-01,Kaburantwa,,0.7058418393135071,0.635939222574234,0.7601605594158173,XGBoost_bootstrap_ensemble
2004-10-01,Kaburantwa,,0.716805100440979,0.6620863482356072,0.7698785975575447,XGBoost_bootstrap_ensemble
2004-11-01,Kaburantwa,,0.7361049056053162,0.6864773899316787,0.7937310367822646,XGBoost_bootstrap_ensemble
2004-12-01,Kaburantwa,,0.7996804714202881,0.7288080334663392,0.9165941908955573,XGBoost_bootstrap_ensemble
2005-01-01,Kaburantwa,,0.785251796245575,0.7464860409498215,0.8361069664359093,XGBoost_bootstrap_ensemble
2005-02-01,Kaburantwa,,0.7673954963684082,0.7159443646669388,0.8121358975768089,XGBoost_bootstrap_ensemble
2005-03-01,Kaburantwa,,0.7613378167152405,0.6956743985414505,0.8182579785585403,XGBoost_bootstrap_ensemble
2005-04-01,Kaburantwa,,0.8022959232330322,0.7441797018051147,0.8632718339562416,XGBoost_bootstrap_ensemble
2005-05-01,Kaburantwa,,0.792020857334137,0.7497397676110268,0.8350747615098953,XGBoost_bootstrap_ensemble
2005-06-01,Kaburantwa,,0.7301540970802307,0.6710865214467049,0.7832489237189293,XGBoost_bootstrap_ensemble
2005-07-01,Kaburantwa,,0.7007699012756348,0.6519170835614204,0.7586562618613243,XGBoost_bootstrap_ensemble
2005-08-01,Kaburantwa,,0.7057647705078125,0.6488122388720512,0.7455977782607078,XGBoost_bootstrap_ensemble
2005-09-01,Kaburantwa,,0.7418704032897949,0.6817713394761086,0.8048613622784615,XGBoost_bootstrap_ensemble
2005-10-01,Kaburantwa,,0.7330698370933533,0.6824337616562843,0.7805983349680901,XGBoost_bootstrap_ensemble
2005-11-01,Kaburantwa,,0.7274885773658752,0.6626157462596893,0.7760512173175812,XGBoost_bootstrap_ensemble
2005-12-01,Kaburantwa,,0.7778835296630859,0.7299239322543144,0.8614938899874686,XGBoost_bootstrap_ensemble
2006-01-01,Kaburantwa,,0.8041545152664185,0.7420849084854126,0.9151639848947524,XGBoost_bootstrap_ensemble
2006-02-01,Kaburantwa,,0.7533650994300842,0.6995160445570946,0.8232650294899939,XGBoost_bootstrap_ensemble
2006-03-01,Kaburantwa,,0.792538583278656,0.7458096578717232,0.8522976279258728,XGBoost_bootstrap_ensemble
2006-04-01,Kaburantwa,,0.7739241719245911,0.7192863911390305,0.8300810009241103,XGBoost_bootstrap_ensemble
2006-05-01,Kaburantwa,,0.8059254288673401,0.7608324691653252,0.8568593308329582,XGBoost_bootstrap_ensemble
2006-06-01,Kaburantwa,,0.7688698768615723,0.6995063558220863,0.8477133408188819,XGBoost_bootstrap_ensemble
2006-07-01,Kaburantwa,,0.6931068301200867,0.6475542157888412,0.7542037799954414,XGBoost_bootstrap_ensemble
2006-08-01,Kaburantwa,,0.6907451748847961,0.6234209567308426,0.7518265649676322,XGBoost_bootstrap_ensemble
2006-09-01,Kaburantwa,,0.6974217295646667,0.6504906833171844,0.752271082997322,XGBoost_bootstrap_ensemble
2006-10-01,Kaburantwa,,0.7153127789497375,0.6677746281027794,0.7619729876518249,XGBoost_bootstrap_ensemble
2006-11-01,Kaburantwa,,0.7253503203392029,0.6543609455227852,0.7832171246409416,XGBoost_bootstrap_ensemble
2006-12-01,Kaburantwa,,0.8194901347160339,0.7746612727642059,0.8866364523768423,XGBoost_bootstrap_ensemble
2007-01-01,Kaburantwa,,0.8373059034347534,0.7662278339266777,0.8942588567733764,XGBoost_bootstrap_ensemble
2007-02-01,Kaburantwa,,0.8005275726318359,0.7390397891402245,0.8557674542069434,XGBoost_bootstrap_ensemble
2007-03-01,Kaburantwa,,0.7753879427909851,0.7230454057455062,0.8264764249324799,XGBoost_bootstrap_ensemble
2007-04-01,Kaburantwa,,0.7620725035667419,0.7227269798517227,0.8074472337961197,XGBoost_bootstrap_ensemble
2007-05-01,Kaburantwa,,0.7354686856269836,0.6757284477353096,0.7877385899424553,XGBoost_bootstrap_ensemble
2007-06-01,Kaburantwa,,0.7169197797775269,0.6593854874372482,0.7748814523220062,XGBoost_bootstrap_ensemble
2007-07-01,Kaburantwa,,0.7077017426490784,0.6468805357813835,0.7677813649177552,XGBoost_bootstrap_ensemble
2007-08-01,Kaburantwa,,0.7078895568847656,0.6562412902712822,0.7590417489409447,XGBoost_bootstrap_ensemble
2007-09-01,Kaburantwa,,0.7090762257575989,0.6617568954825401,0.7489922910928726,XGBoost_bootstrap_ensemble
2007-10-01,Kaburantwa,,0.7142566442489624,0.6658599659800529,0.7547510176897049,XGBoost_bootstrap_ensemble
2007-11-01,Kaburantwa,,0.7514255046844482,0.6968343451619148,0.8333952248096465,XGBoost_bootstrap_ensemble
2007-12-01,Kaburantwa,,0.7619110345840454,0.7126023665070533,0.8099675431847572,XGBoost_bootstrap_ensemble
2008-01-01,Kaburantwa,,0.7604568004608154,0.7184689447283745,0.8088336676359176,XGBoost_bootstrap_ensemble
2008-02-01,Kaburantwa,,0.7899028658866882,0.7367094948887825,0.8392671495676041,XGBoost_bootstrap_ensemble
2008-03-01,Kaburantwa,,0.7975950837135315,0.739917129278183,0.8600548744201659,XGBoost_bootstrap_ensemble
2008-04-01,Kaburantwa,,0.7729454040527344,0.728155180811882,0.8140504971146584,XGBoost_bootstrap_ensemble
2008-05-01,Kaburantwa,,0.7418673038482666,0.6927622139453888,0.7884382843971252,XGBoost_bootstrap_ensemble
2008-06-01,Kaburantwa,,0.7278276085853577,0.6856321096420288,0.771966390311718,XGBoost_bootstrap_ensemble
2008-07-01,Kaburantwa,,0.7173957824707031,0.6632799178361892,0.7646051660180092,XGBoost_bootstrap_ensemble
2008-08-01,Kaburantwa,,0.6919854879379272,0.6355191826820373,0.7436593577265739,XGBoost_bootstrap_ensemble
2008-09-01,Kaburantwa,,0.6860595941543579,0.6225155562162399,0.7412020027637481,XGBoost_bootstrap_ensemble
2008-10-01,Kaburantwa,,0.7880475521087646,0.6943410992622375,0.8933639243245122,XGBoost_bootstrap_ensemble
2008-11-01,Kaburantwa,0.7689473684210526,0.7689473684210526,0.7689473684210526,0.7689473684210526,observed
2008-12-01,Kaburantwa,0.7212903225806453,0.7212903225806453,0.7212903225806453,0.7212903225806453,observed
2009-01-01,Kaburantwa,0.736451612903226,0.736451612903226,0.736451612903226,0.736451612903226,observed
2009-02-01,Kaburantwa,0.7932142857142856,0.7932142857142856,0.7932142857142856,0.7932142857142856,observed
2009-03-01,Kaburantwa,0.910967741935484,0.910967741935484,0.910967741935484,0.910967741935484,observed
2009-04-01,Kaburantwa,0.91,0.91,0.91,0.91,observed
2009-05-01,Kaburantwa,0.9119354838709676,0.9119354838709676,0.9119354838709676,0.9119354838709676,observed
2009-06-01,Kaburantwa,0.8023333333333333,0.8023333333333333,0.8023333333333333,0.8023333333333333,observed
2009-07-01,Kaburantwa,0.6500000000000002,0.6500000000000002,0.6500000000000002,0.6500000000000002,observed
2009-08-01,Kaburantwa,0.5416129032258065,0.5416129032258065,0.5416129032258065,0.5416129032258065,observed
2009-09-01,Kaburantwa,0.4693333333333335,0.4693333333333335,0.4693333333333335,0.4693333333333335,observed
2009-10-01,Kaburantwa,0.4661290322580644,0.4661290322580644,0.4661290322580644,0.4661290322580644,observed
2009-11-01,Kaburantwa,0.5416666666666667,0.5416666666666667,0.5416666666666667,0.5416666666666667,observed
2009-12-01,Kaburantwa,0.7809677419354839,0.7809677419354839,0.7809677419354839,0.7809677419354839,observed
2010-01-01,Kaburantwa,0.8170967741935482,0.8170967741935482,0.8170967741935482,0.8170967741935482,observed
2010-02-01,Kaburantwa,0.8053571428571429,0.8053571428571429,0.8053571428571429,0.8053571428571429,observed
2010-03-01,Kaburantwa,0.9770967741935483,0.9770967741935483,0.9770967741935483,0.9770967741935483,observed
2010-04-01,Kaburantwa,1.0016666666666665,1.0016666666666665,1.0016666666666665,1.0016666666666665,observed
2010-05-01,Kaburantwa,1.0061290322580645,1.0061290322580645,1.0061290322580645,1.0061290322580645,observed
2010-06-01,Kaburantwa,0.938,0.938,0.938,0.938,observed
2010-07-01,Kaburantwa,0.678709677419355,0.678709677419355,0.678709677419355,0.678709677419355,observed
2010-08-01,Kaburantwa,0.5719354838709678,0.5719354838709678,0.5719354838709678,0.5719354838709678,observed
2010-09-01,Kaburantwa,0.5283333333333332,0.5283333333333332,0.5283333333333332,0.5283333333333332,observed
2010-10-01,Kaburantwa,0.5080645161290324,0.5080645161290324,0.5080645161290324,0.5080645161290324,observed
2010-11-01,Kaburantwa,0.6440000000000001,0.6440000000000001,0.6440000000000001,0.6440000000000001,observed
2010-12-01,Kaburantwa,0.5480645161290323,0.5480645161290323,0.5480645161290323,0.5480645161290323,observed
2011-01-01,Kaburantwa,0.5151612903225806,0.5151612903225806,0.5151612903225806,0.5151612903225806,observed
2011-02-01,Kaburantwa,0.5028571428571429,0.5028571428571429,0.5028571428571429,0.5028571428571429,observed
2011-03-01,Kaburantwa,0.6135483870967743,0.6135483870967743,0.6135483870967743,0.6135483870967743,observed
2011-04-01,Kaburantwa,0.6536666666666667,0.6536666666666667,0.6536666666666667,0.6536666666666667,observed
2011-05-01,Kaburantwa,0.552258064516129,0.552258064516129,0.552258064516129,0.552258064516129,observed
2011-06-01,Kaburantwa,0.5246666666666667,0.5246666666666667,0.5246666666666667,0.5246666666666667,observed
2011-07-01,Kaburantwa,0.4596774193548387,0.4596774193548387,0.4596774193548387,0.4596774193548387,observed
2011-08-01,Kaburantwa,0.3864516129032259,0.3864516129032259,0.3864516129032259,0.3864516129032259,observed
2011-09-01,Kaburantwa,0.4183333333333334,0.4183333333333334,0.4183333333333334,0.4183333333333334,observed
2011-10-01,Kaburantwa,0.5212903225806452,0.5212903225806452,0.5212903225806452,0.5212903225806452,observed
2011-11-01,Kaburantwa,0.704,0.704,0.704,0.704,observed
2011-12-01,Kaburantwa,0.7225806451612905,0.7225806451612905,0.7225806451612905,0.7225806451612905,observed
2012-01-01,Kaburantwa,,0.8302361965179443,0.7377113357186318,0.925892499089241,XGBoost_bootstrap_ensemble
2012-02-01,Kaburantwa,,0.7689264416694641,0.7064467743039131,0.8435658246278763,XGBoost_bootstrap_ensemble
2012-03-01,Kaburantwa,,0.7661163806915283,0.7087645992636681,0.8244486361742019,XGBoost_bootstrap_ensemble
2012-04-01,Kaburantwa,,0.7894595861434937,0.7230173215270043,0.858367796242237,XGBoost_bootstrap_ensemble
2012-05-01,Kaburantwa,,0.7854232788085938,0.7000329479575157,0.869448135793209,XGBoost_bootstrap_ensemble
2012-06-01,Kaburantwa,,0.6862210035324097,0.6148715615272522,0.7316616088151932,XGBoost_bootstrap_ensemble
2012-07-01,Kaburantwa,,0.6591330766677856,0.5987743243575097,0.703615003824234,XGBoost_bootstrap_ensemble
2012-08-01,Kaburantwa,0.7126923076923076,0.7126923076923076,0.7126923076923076,0.7126923076923076,observed
2012-09-01,Kaburantwa,0.7093333333333335,0.7093333333333335,0.7093333333333335,0.7093333333333335,observed
2012-10-01,Kaburantwa,0.7032258064516127,0.7032258064516127,0.7032258064516127,0.7032258064516127,observed
2012-11-01,Kaburantwa,0.7500000000000002,0.7500000000000002,0.7500000000000002,0.7500000000000002,observed
2012-12-01,Kaburantwa,0.7880645161290323,0.7880645161290323,0.7880645161290323,0.7880645161290323,observed
2013-01-01,Kaburantwa,0.8690322580645159,0.8690322580645159,0.8690322580645159,0.8690322580645159,observed
2013-02-01,Kaburantwa,0.8267857142857142,0.8267857142857142,0.8267857142857142,0.8267857142857142,observed
2013-03-01,Kaburantwa,0.9561290322580646,0.9561290322580646,0.9561290322580646,0.9561290322580646,observed
2013-04-01,Kaburantwa,1.1626666666666663,1.1626666666666663,1.1626666666666663,1.1626666666666663,observed
2013-05-01,Kaburantwa,1.1529032258064515,1.1529032258064515,1.1529032258064515,1.1529032258064515,observed
2013-06-01,Kaburantwa,1.0516666666666667,1.0516666666666667,1.0516666666666667,1.0516666666666667,observed
2013-07-01,Kaburantwa,0.9964516129032256,0.9964516129032256,0.9964516129032256,0.9964516129032256,observed
2013-08-01,Kaburantwa,0.902258064516129,0.902258064516129,0.902258064516129,0.902258064516129,observed
2013-09-01,Kaburantwa,0.8650000000000001,0.8650000000000001,0.8650000000000001,0.8650000000000001,observed
2013-10-01,Kaburantwa,0.758064516129032,0.758064516129032,0.758064516129032,0.758064516129032,observed
2013-11-01,Kaburantwa,0.7446666666666668,0.7446666666666668,0.7446666666666668,0.7446666666666668,observed
2013-12-01,Kaburantwa,0.8170967741935483,0.8170967741935483,0.8170967741935483,0.8170967741935483,observed
2014-01-01,Kaburantwa,1.0767741935483874,1.0767741935483874,1.0767741935483874,1.0767741935483874,observed
2014-02-01,Kaburantwa,1.1114285714285714,1.1114285714285714,1.1114285714285714,1.1114285714285714,observed
2014-03-01,Kaburantwa,1.1654838709677418,1.1654838709677418,1.1654838709677418,1.1654838709677418,observed
2014-04-01,Kaburantwa,1.1683333333333334,1.1683333333333334,1.1683333333333334,1.1683333333333334,observed
2014-05-01,Kaburantwa,1.0683870967741935,1.0683870967741935,1.0683870967741935,1.0683870967741935,observed
2014-06-01,Kaburantwa,0.9893333333333332,0.9893333333333332,0.9893333333333332,0.9893333333333332,observed
2014-07-01,Kaburantwa,0.9870967741935484,0.9870967741935484,0.9870967741935484,0.9870967741935484,observed
2014-08-01,Kaburantwa,0.9980645161290328,0.9980645161290328,0.9980645161290328,0.9980645161290328,observed
2014-09-01,Kaburantwa,1.0133333333333334,1.0133333333333334,1.0133333333333334,1.0133333333333334,observed
2014-10-01,Kaburantwa,1.0135483870967743,1.0135483870967743,1.0135483870967743,1.0135483870967743,observed
2014-11-01,Kaburantwa,1.096666666666667,1.096666666666667,1.096666666666667,1.096666666666667,observed
2014-12-01,Kaburantwa,1.2796774193548386,1.2796774193548386,1.2796774193548386,1.2796774193548386,observed
2015-01-01,Kaburantwa,1.2164516129032257,1.2164516129032257,1.2164516129032257,1.2164516129032257,observed
2015-02-01,Kaburantwa,1.2771428571428574,1.2771428571428574,1.2771428571428574,1.2771428571428574,observed
2015-03-01,Kaburantwa,1.357096774193548,1.357096774193548,1.357096774193548,1.357096774193548,observed
2015-04-01,Kaburantwa,1.458333333333333,1.458333333333333,1.458333333333333,1.458333333333333,observed
2015-05-01,Kaburantwa,1.5829032258064517,1.5829032258064517,1.5829032258064517,1.5829032258064517,observed
2015-06-01,Kaburantwa,1.585666666666667,1.585666666666667,1.585666666666667,1.585666666666667,observed
2015-07-01,Kaburantwa,1.4832258064516124,1.4832258064516124,1.4832258064516124,1.4832258064516124,observed
2015-08-01,Kaburantwa,1.2858064516129035,1.2858064516129035,1.2858064516129035,1.2858064516129035,observed
2015-09-01,Kaburantwa,1.1000000000000003,1.1000000000000003,1.1000000000000003,1.1000000000000003,observed
2015-10-01,Kaburantwa,1.2309677419354836,1.2309677419354836,1.2309677419354836,1.2309677419354836,observed
2015-11-01,Kaburantwa,1.4476666666666669,1.4476666666666669,1.4476666666666669,1.4476666666666669,observed
2015-12-01,Kaburantwa,1.4867741935483874,1.4867741935483874,1.4867741935483874,1.4867741935483874,observed
2016-01-01,Kaburantwa,1.5941935483870966,1.5941935483870966,1.5941935483870966,1.5941935483870966,observed
2016-02-01,Kaburantwa,1.7720689655172412,1.7720689655172412,1.7720689655172412,1.7720689655172412,observed
2016-03-01,Kaburantwa,1.844516129032258,1.844516129032258,1.844516129032258,1.844516129032258,observed
2016-04-01,Kaburantwa,1.9566666666666668,1.9566666666666668,1.9566666666666668,1.9566666666666668,observed
2016-05-01,Kaburantwa,2.044516129032258,2.044516129032258,2.044516129032258,2.044516129032258,observed
2016-06-01,Kaburantwa,1.9543333333333333,1.9543333333333333,1.9543333333333333,1.9543333333333333,observed
2016-07-01,Kaburantwa,1.6377419354838716,1.6377419354838716,1.6377419354838716,1.6377419354838716,observed
2016-08-01,Kaburantwa,1.4622580645161292,1.4622580645161292,1.4622580645161292,1.4622580645161292,observed
2016-09-01,Kaburantwa,1.583,1.583,1.583,1.583,observed
2016-10-01,Kaburantwa,1.565806451612903,1.565806451612903,1.565806451612903,1.565806451612903,observed
2016-11-01,Kaburantwa,1.505,1.505,1.505,1.505,observed
2016-12-01,Kaburantwa,1.4796774193548383,1.4796774193548383,1.4796774193548383,1.4796774193548383,observed
2017-01-01,Kaburantwa,1.5048387096774196,1.5048387096774196,1.5048387096774196,1.5048387096774196,observed
2017-02-01,Kaburantwa,1.648928571428571,1.648928571428571,1.648928571428571,1.648928571428571,observed
2017-03-01,Kaburantwa,1.7438709677419355,1.7438709677419355,1.7438709677419355,1.7438709677419355,observed
2017-04-01,Kaburantwa,1.852,1.852,1.852,1.852,observed
2017-05-01,Kaburantwa,1.8429032258064515,1.8429032258064515,1.8429032258064515,1.8429032258064515,observed
2017-06-01,Kaburantwa,1.643,1.643,1.643,1.643,observed
2017-07-01,Kaburantwa,1.4606451612903228,1.4606451612903228,1.4606451612903228,1.4606451612903228,observed
2017-08-01,Kaburantwa,1.324193548387097,1.324193548387097,1.324193548387097,1.324193548387097,observed
2017-09-01,Kaburantwa,1.3286666666666669,1.3286666666666669,1.3286666666666669,1.3286666666666669,observed
2017-10-01,Kaburantwa,1.3593548387096772,1.3593548387096772,1.3593548387096772,1.3593548387096772,observed
2017-11-01,Kaburantwa,1.3986666666666667,1.3986666666666667,1.3986666666666667,1.3986666666666667,observed
2017-12-01,Kaburantwa,1.834516129032258,1.834516129032258,1.834516129032258,1.834516129032258,observed
2018-01-01,Kaburantwa,1.900322580645161,1.900322580645161,1.900322580645161,1.900322580645161,observed
2018-02-01,Kaburantwa,2.0842857142857136,2.0842857142857136,2.0842857142857136,2.0842857142857136,observed
2018-03-01,Kaburantwa,2.134193548387097,2.134193548387097,2.134193548387097,2.134193548387097,observed
2018-04-01,Kaburantwa,2.383666666666666,2.383666666666666,2.383666666666666,2.383666666666666,observed
2018-05-01,Kaburantwa,2.442903225806452,2.442903225806452,2.442903225806452,2.442903225806452,observed
2018-06-01,Kaburantwa,2.147333333333333,2.147333333333333,2.147333333333333,2.147333333333333,observed
2018-07-01,Kaburantwa,2.2458064516129035,2.2458064516129035,2.2458064516129035,2.2458064516129035,observed
2018-08-01,Kaburantwa,2.0690322580645155,2.0690322580645155,2.0690322580645155,2.0690322580645155,observed
2018-09-01,Kaburantwa,1.842666666666667,1.842666666666667,1.842666666666667,1.842666666666667,observed
2018-10-01,Kaburantwa,2.1551612903225803,2.1551612903225803,2.1551612903225803,2.1551612903225803,observed
2018-11-01,Kaburantwa,2.181,2.181,2.181,2.181,observed
2018-12-01,Kaburantwa,2.2396774193548388,2.2396774193548388,2.2396774193548388,2.2396774193548388,observed
2019-01-01,Kaburantwa,2.313870967741936,2.313870967741936,2.313870967741936,2.313870967741936,observed
2019-02-01,Kaburantwa,2.3442857142857143,2.3442857142857143,2.3442857142857143,2.3442857142857143,observed
2019-03-01,Kaburantwa,2.412903225806452,2.412903225806452,2.412903225806452,2.412903225806452,observed
2019-04-01,Kaburantwa,2.629666666666666,2.629666666666666,2.629666666666666,2.629666666666666,observed
2019-05-01,Kaburantwa,2.4732258064516133,2.4732258064516133,2.4732258064516133,2.4732258064516133,observed
2019-06-01,Kaburantwa,2.300666666666667,2.300666666666667,2.300666666666667,2.300666666666667,observed
2019-07-01,Kaburantwa,2.1183870967741933,2.1183870967741933,2.1183870967741933,2.1183870967741933,observed
2019-08-01,Kaburantwa,1.9751612903225808,1.9751612903225808,1.9751612903225808,1.9751612903225808,observed
2019-09-01,Kaburantwa,1.977,1.977,1.977,1.977,observed
2019-10-01,Kaburantwa,1.971290322580645,1.971290322580645,1.971290322580645,1.971290322580645,observed
2019-11-01,Kaburantwa,2.1326666666666667,2.1326666666666667,2.1326666666666667,2.1326666666666667,observed
2019-12-01,Kaburantwa,2.31774193548387,2.31774193548387,2.31774193548387,2.31774193548387,observed
2020-01-01,Kaburantwa,2.2367741935483867,2.2367741935483867,2.2367741935483867,2.2367741935483867,observed
2020-02-01,Kaburantwa,2.332758620689656,2.332758620689656,2.332758620689656,2.332758620689656,observed
2020-03-01,Kaburantwa,2.2887096774193547,2.2887096774193547,2.2887096774193547,2.2887096774193547,observed
2020-04-01,Kaburantwa,2.848,2.848,2.848,2.848,observed
2020-05-01,Kaburantwa,2.883870967741936,2.883870967741936,2.883870967741936,2.883870967741936,observed
2020-06-01,Kaburantwa,2.5840000000000005,2.5840000000000005,2.5840000000000005,2.5840000000000005,observed
2020-07-01,Kaburantwa,2.2841935483870968,2.2841935483870968,2.2841935483870968,2.2841935483870968,observed
2020-08-01,Kaburantwa,2.099032258064516,2.099032258064516,2.099032258064516,2.099032258064516,observed
2020-09-01,Kaburantwa,1.705333333333333,1.705333333333333,1.705333333333333,1.705333333333333,observed
2020-10-01,Kaburantwa,1.7735483870967743,1.7735483870967743,1.7735483870967743,1.7735483870967743,observed
2020-11-01,Kaburantwa,1.959666666666667,1.959666666666667,1.959666666666667,1.959666666666667,observed
2020-12-01,Kaburantwa,2.1367741935483875,2.1367741935483875,2.1367741935483875,2.1367741935483875,observed
2021-01-01,Kaburantwa,2.2612903225806456,2.2612903225806456,2.2612903225806456,2.2612903225806456,observed
2021-02-01,Kaburantwa,1.9917857142857145,1.9917857142857145,1.9917857142857145,1.9917857142857145,observed
2021-03-01,Kaburantwa,1.8012903225806456,1.8012903225806456,1.8012903225806456,1.8012903225806456,observed
2021-04-01,Kaburantwa,1.6286666666666667,1.6286666666666667,1.6286666666666667,1.6286666666666667,observed
2021-05-01,Kaburantwa,1.60741935483871,1.60741935483871,1.60741935483871,1.60741935483871,observed
2021-06-01,Kaburantwa,1.555,1.555,1.555,1.555,observed
2021-07-01,Kaburantwa,1.5358064516129035,1.5358064516129035,1.5358064516129035,1.5358064516129035,observed
2021-08-01,Kaburantwa,1.5000000000000002,1.5000000000000002,1.5000000000000002,1.5000000000000002,observed
2021-09-01,Kaburantwa,1.427,1.427,1.427,1.427,observed
2021-10-01,Kaburantwa,1.6580645161290315,1.6580645161290315,1.6580645161290315,1.6580645161290315,observed
2021-11-01,Kaburantwa,1.7636666666666665,1.7636666666666665,1.7636666666666665,1.7636666666666665,observed
2021-12-01,Kaburantwa,1.923225806451613,1.923225806451613,1.923225806451613,1.923225806451613,observed
2022-01-01,Kaburantwa,2.030322580645161,2.030322580645161,2.030322580645161,2.030322580645161,observed
2022-02-01,Kaburantwa,1.9667857142857144,1.9667857142857144,1.9667857142857144,1.9667857142857144,observed
2022-03-01,Kaburantwa,1.893870967741936,1.893870967741936,1.893870967741936,1.893870967741936,observed
2022-04-01,Kaburantwa,1.8846666666666667,1.8846666666666667,1.8846666666666667,1.8846666666666667,observed
2022-05-01,Kaburantwa,1.830322580645161,1.830322580645161,1.830322580645161,1.830322580645161,observed
2022-06-01,Kaburantwa,1.8216666666666663,1.8216666666666663,1.8216666666666663,1.8216666666666663,observed
2022-07-01,Kaburantwa,1.7464516129032253,1.7464516129032253,1.7464516129032253,1.7464516129032253,observed
2022-08-01,Kaburantwa,1.763548387096774,1.763548387096774,1.763548387096774,1.763548387096774,observed
2022-09-01,Kaburantwa,1.806,1.806,1.806,1.806,observed
2022-10-01,Kaburantwa,1.7358064516129024,1.7358064516129024,1.7358064516129024,1.7358064516129024,observed
2022-11-01,Kaburantwa,1.7926666666666669,1.7926666666666669,1.7926666666666669,1.7926666666666669,observed
2022-12-01,Kaburantwa,1.7525806451612902,1.7525806451612902,1.7525806451612902,1.7525806451612902,observed
2023-01-01,Kaburantwa,2.035806451612903,2.035806451612903,2.035806451612903,2.035806451612903,observed
2023-02-01,Kaburantwa,1.952857142857143,1.952857142857143,1.952857142857143,1.952857142857143,observed
2023-03-01,Kaburantwa,1.95,1.95,1.95,1.95,observed
2023-04-01,Kaburantwa,1.923333333333333,1.923333333333333,1.923333333333333,1.923333333333333,observed
2023-05-01,Kaburantwa,1.8133333333333328,1.8133333333333328,1.8133333333333328,1.8133333333333328,observed
2023-06-01,Kaburantwa,1.7730000000000004,1.7730000000000004,1.7730000000000004,1.7730000000000004,observed
2023-07-01,Kaburantwa,1.748387096774194,1.748387096774194,1.748387096774194,1.748387096774194,observed
2023-08-01,Kaburantwa,1.7025806451612904,1.7025806451612904,1.7025806451612904,1.7025806451612904,observed
2023-09-01,Kaburantwa,1.5096666666666665,1.5096666666666665,1.5096666666666665,1.5096666666666665,observed
2023-10-01,Kaburantwa,1.8612903225806443,1.8612903225806443,1.8612903225806443,1.8612903225806443,observed
2023-11-01,Kaburantwa,1.902,1.902,1.902,1.902,observed
2023-12-01,Kaburantwa,1.9296774193548385,1.9296774193548385,1.9296774193548385,1.9296774193548385,observed
2024-01-01,Kaburantwa,2.01258064516129,2.01258064516129,2.01258064516129,2.01258064516129,observed
2024-02-01,Kaburantwa,1.929310344827586,1.929310344827586,1.929310344827586,1.929310344827586,observed
2024-03-01,Kaburantwa,1.877096774193548,1.877096774193548,1.877096774193548,1.877096774193548,observed
2024-04-01,Kaburantwa,1.917333333333333,1.917333333333333,1.917333333333333,1.917333333333333,observed
2024-05-01,Kaburantwa,1.799677419354838,1.799677419354838,1.799677419354838,1.799677419354838,observed
2024-06-01,Kaburantwa,1.632,1.632,1.632,1.632,observed
2024-07-01,Kaburantwa,1.539677419354839,1.539677419354839,1.539677419354839,1.539677419354839,observed
2024-08-01,Kaburantwa,1.5167741935483867,1.5167741935483867,1.5167741935483867,1.5167741935483867,observed
2024-09-01,Kaburantwa,1.4616666666666664,1.4616666666666664,1.4616666666666664,1.4616666666666664,observed
2024-10-01,Kaburantwa,1.5732258064516127,1.5732258064516127,1.5732258064516127,1.5732258064516127,observed
2024-11-01,Kaburantwa,1.9850000000000003,1.9850000000000003,1.9850000000000003,1.9850000000000003,observed
2024-12-01,Kaburantwa,1.82741935483871,1.82741935483871,1.82741935483871,1.82741935483871,observed
2000-01-01,Mulembwe,1.239354838709677,1.239354838709677,1.239354838709677,1.239354838709677,observed
2000-02-01,Mulembwe,1.7193103448275862,1.7193103448275862,1.7193103448275862,1.7193103448275862,observed
2000-03-01,Mulembwe,1.838387096774194,1.838387096774194,1.838387096774194,1.838387096774194,observed
2000-04-01,Mulembwe,1.4349999999999998,1.4349999999999998,1.4349999999999998,1.4349999999999998,observed
2000-05-01,Mulembwe,1.0529032258064517,1.0529032258064517,1.0529032258064517,1.0529032258064517,observed
2000-06-01,Mulembwe,0.7013333333333331,0.7013333333333331,0.7013333333333331,0.7013333333333331,observed
2000-07-01,Mulembwe,0.562258064516129,0.562258064516129,0.562258064516129,0.562258064516129,observed
2000-08-01,Mulembwe,0.4838709677419358,0.4838709677419358,0.4838709677419358,0.4838709677419358,observed
2000-09-01,Mulembwe,0.4366666666666666,0.4366666666666666,0.4366666666666666,0.4366666666666666,observed
2000-10-01,Mulembwe,0.6012903225806452,0.6012903225806452,0.6012903225806452,0.6012903225806452,observed
2000-11-01,Mulembwe,1.2303333333333335,1.2303333333333335,1.2303333333333335,1.2303333333333335,observed
2000-12-01,Mulembwe,1.6938709677419357,1.6938709677419357,1.6938709677419357,1.6938709677419357,observed
2001-01-01,Mulembwe,1.945806451612903,1.945806451612903,1.945806451612903,1.945806451612903,observed
2001-02-01,Mulembwe,1.7953571428571435,1.7953571428571435,1.7953571428571435,1.7953571428571435,observed
2001-03-01,Mulembwe,1.7419354838709675,1.7419354838709675,1.7419354838709675,1.7419354838709675,observed
2001-04-01,Mulembwe,1.9120000000000004,1.9120000000000004,1.9120000000000004,1.9120000000000004,observed
2001-05-01,Mulembwe,1.6938709677419357,1.6938709677419357,1.6938709677419357,1.6938709677419357,observed
2001-06-01,Mulembwe,1.013,1.013,1.013,1.013,observed
2001-07-01,Mulembwe,0.7980645161290323,0.7980645161290323,0.7980645161290323,0.7980645161290323,observed
2001-08-01,Mulembwe,0.7145161290322579,0.7145161290322579,0.7145161290322579,0.7145161290322579,observed
2001-09-01,Mulembwe,1.0433333333333332,1.0433333333333332,1.0433333333333332,1.0433333333333332,observed
2001-10-01,Mulembwe,0.9093548387096771,0.9093548387096771,0.9093548387096771,0.9093548387096771,observed
2001-11-01,Mulembwe,1.1013333333333335,1.1013333333333335,1.1013333333333335,1.1013333333333335,observed
2001-12-01,Mulembwe,1.1558064516129032,1.1558064516129032,1.1558064516129032,1.1558064516129032,observed
2002-01-01,Mulembwe,2.407096774193549,2.407096774193549,2.407096774193549,2.407096774193549,observed
2002-02-01,Mulembwe,2.251428571428572,2.251428571428572,2.251428571428572,2.251428571428572,observed
2002-03-01,Mulembwe,2.0790322580645166,2.0790322580645166,2.0790322580645166,2.0790322580645166,observed
2002-04-01,Mulembwe,2.708,2.708,2.708,2.708,observed
2002-05-01,Mulembwe,2.198709677419355,2.198709677419355,2.198709677419355,2.198709677419355,observed
2002-06-01,Mulembwe,1.1386666666666667,1.1386666666666667,1.1386666666666667,1.1386666666666667,observed
2002-07-01,Mulembwe,0.9222580645161288,0.9222580645161288,0.9222580645161288,0.9222580645161288,observed
2002-08-01,Mulembwe,0.7567741935483874,0.7567741935483874,0.7567741935483874,0.7567741935483874,observed
2002-09-01,Mulembwe,0.6636666666666666,0.6636666666666666,0.6636666666666666,0.6636666666666666,observed
2002-10-01,Mulembwe,0.7193548387096774,0.7193548387096774,0.7193548387096774,0.7193548387096774,observed
2002-11-01,Mulembwe,1.0406666666666669,1.0406666666666669,1.0406666666666669,1.0406666666666669,observed
2002-12-01,Mulembwe,1.277741935483871,1.277741935483871,1.277741935483871,1.277741935483871,observed
2003-01-01,Mulembwe,1.979354838709677,1.979354838709677,1.979354838709677,1.979354838709677,observed
2003-02-01,Mulembwe,1.2310714285714286,1.2310714285714286,1.2310714285714286,1.2310714285714286,observed
2003-03-01,Mulembwe,1.5903225806451615,1.5903225806451615,1.5903225806451615,1.5903225806451615,observed
2003-04-01,Mulembwe,2.1420000000000003,2.1420000000000003,2.1420000000000003,2.1420000000000003,observed
2003-05-01,Mulembwe,1.506129032258065,1.506129032258065,1.506129032258065,1.506129032258065,observed
2003-06-01,Mulembwe,1.094,1.094,1.094,1.094,observed
2003-07-01,Mulembwe,0.8841935483870964,0.8841935483870964,0.8841935483870964,0.8841935483870964,observed
2003-08-01,Mulembwe,0.7325806451612904,0.7325806451612904,0.7325806451612904,0.7325806451612904,observed
2003-09-01,Mulembwe,0.6753333333333335,0.6753333333333335,0.6753333333333335,0.6753333333333335,observed
2003-10-01,Mulembwe,0.7735483870967742,0.7735483870967742,0.7735483870967742,0.7735483870967742,observed
2003-11-01,Mulembwe,0.7966666666666667,0.7966666666666667,0.7966666666666667,0.7966666666666667,observed
2003-12-01,Mulembwe,1.5183870967741937,1.5183870967741937,1.5183870967741937,1.5183870967741937,observed
2004-01-01,Mulembwe,2.191935483870968,2.191935483870968,2.191935483870968,2.191935483870968,observed
2004-02-01,Mulembwe,1.381379310344828,1.381379310344828,1.381379310344828,1.381379310344828,observed
2004-03-01,Mulembwe,1.3170967741935482,1.3170967741935482,1.3170967741935482,1.3170967741935482,observed
2004-04-01,Mulembwe,2.3936666666666664,2.3936666666666664,2.3936666666666664,2.3936666666666664,observed
2004-05-01,Mulembwe,1.508387096774194,1.508387096774194,1.508387096774194,1.508387096774194,observed
2004-06-01,Mulembwe,0.8773333333333334,0.8773333333333334,0.8773333333333334,0.8773333333333334,observed
2004-07-01,Mulembwe,0.642258064516129,0.642258064516129,0.642258064516129,0.642258064516129,observed
2004-08-01,Mulembwe,0.5409677419354838,0.5409677419354838,0.5409677419354838,0.5409677419354838,observed
2004-09-01,Mulembwe,0.957,0.957,0.957,0.957,observed
2004-10-01,Mulembwe,1.2858064516129033,1.2858064516129033,1.2858064516129033,1.2858064516129033,observed
2004-11-01,Mulembwe,1.184666666666667,1.184666666666667,1.184666666666667,1.184666666666667,observed
2004-12-01,Mulembwe,2.36483870967742,2.36483870967742,2.36483870967742,2.36483870967742,observed
2005-01-01,Mulembwe,2.465806451612904,2.465806451612904,2.465806451612904,2.465806451612904,observed
2005-02-01,Mulembwe,1.936428571428572,1.936428571428572,1.936428571428572,1.936428571428572,observed
2005-03-01,Mulembwe,1.57258064516129,1.57258064516129,1.57258064516129,1.57258064516129,observed
2005-04-01,Mulembwe,1.1020000000000003,1.1020000000000003,1.1020000000000003,1.1020000000000003,observed
2005-05-01,Mulembwe,1.4935483870967745,1.4935483870967745,1.4935483870967745,1.4935483870967745,observed
2005-06-01,Mulembwe,1.176,1.176,1.176,1.176,observed
2005-07-01,Mulembwe,0.7329032258064515,0.7329032258064515,0.7329032258064515,0.7329032258064515,observed
2005-08-01,Mulembwe,0.7635483870967741,0.7635483870967741,0.7635483870967741,0.7635483870967741,observed
2005-09-01,Mulembwe,0.6420000000000001,0.6420000000000001,0.6420000000000001,0.6420000000000001,observed
2005-10-01,Mulembwe,0.7219354838709677,0.7219354838709677,0.7219354838709677,0.7219354838709677,observed
2005-11-01,Mulembwe,1.0000000000000002,1.0000000000000002,1.0000000000000002,1.0000000000000002,observed
2005-12-01,Mulembwe,1.3619354838709676,1.3619354838709676,1.3619354838709676,1.3619354838709676,observed
2006-01-01,Mulembwe,0.9258064516129032,0.9258064516129032,0.9258064516129032,0.9258064516129032,observed
2006-02-01,Mulembwe,1.828928571428572,1.828928571428572,1.828928571428572,1.828928571428572,observed
2006-03-01,Mulembwe,1.9067741935483875,1.9067741935483875,1.9067741935483875,1.9067741935483875,observed
2006-04-01,Mulembwe,2.259333333333333,2.259333333333333,2.259333333333333,2.259333333333333,observed
2006-05-01,Mulembwe,2.502903225806452,2.502903225806452,2.502903225806452,2.502903225806452,observed
2006-06-01,Mulembwe,1.5773333333333328,1.5773333333333328,1.5773333333333328,1.5773333333333328,observed
2006-07-01,Mulembwe,1.121935483870968,1.121935483870968,1.121935483870968,1.121935483870968,observed
2006-08-01,Mulembwe,0.7493548387096775,0.7493548387096775,0.7493548387096775,0.7493548387096775,observed
2006-09-01,Mulembwe,0.616,0.616,0.616,0.616,observed
2006-10-01,Mulembwe,0.8212903225806448,0.8212903225806448,0.8212903225806448,0.8212903225806448,observed
2006-11-01,Mulembwe,1.4106666666666663,1.4106666666666663,1.4106666666666663,1.4106666666666663,observed
2006-12-01,Mulembwe,2.871290322580646,2.871290322580646,2.871290322580646,2.871290322580646,observed
2007-01-01,Mulembwe,2.968709677419355,2.968709677419355,2.968709677419355,2.968709677419355,observed
2007-02-01,Mulembwe,2.8571428571428568,2.8571428571428568,2.8571428571428568,2.8571428571428568,observed
2007-03-01,Mulembwe,2.2493548387096776,2.2493548387096776,2.2493548387096776,2.2493548387096776,observed
2007-04-01,Mulembwe,1.8656666666666664,1.8656666666666664,1.8656666666666664,1.8656666666666664,observed
2007-05-01,Mulembwe,1.37,1.37,1.37,1.37,observed
2007-06-01,Mulembwe,1.2336666666666665,1.2336666666666665,1.2336666666666665,1.2336666666666665,observed
2007-07-01,Mulembwe,0.758064516129032,0.758064516129032,0.758064516129032,0.758064516129032,observed
2007-08-01,Mulembwe,0.5483870967741936,0.5483870967741936,0.5483870967741936,0.5483870967741936,observed
2007-09-01,Mulembwe,0.7303333333333334,0.7303333333333334,0.7303333333333334,0.7303333333333334,observed
2007-10-01,Mulembwe,0.6393548387096776,0.6393548387096776,0.6393548387096776,0.6393548387096776,observed
2007-11-01,Mulembwe,0.889,0.889,0.889,0.889,observed
2007-12-01,Mulembwe,1.0954838709677424,1.0954838709677424,1.0954838709677424,1.0954838709677424,observed
2008-01-01,Mulembwe,1.115806451612903,1.115806451612903,1.115806451612903,1.115806451612903,observed
2008-02-01,Mulembwe,2.073103448275862,2.073103448275862,2.073103448275862,2.073103448275862,observed
2008-03-01,Mulembwe,2.3735483870967737,2.3735483870967737,2.3735483870967737,2.3735483870967737,observed
2008-04-01,Mulembwe,2.105333333333333,2.105333333333333,2.105333333333333,2.105333333333333,observed
2008-05-01,Mulembwe,1.4493548387096775,1.4493548387096775,1.4493548387096775,1.4493548387096775,observed
2008-06-01,Mulembwe,0.891,0.891,0.891,0.891,observed
2008-07-01,Mulembwe,0.7106451612903227,0.7106451612903227,0.7106451612903227,0.7106451612903227,observed
2008-08-01,Mulembwe,0.621935483870968,0.621935483870968,0.621935483870968,0.621935483870968,observed
2008-09-01,Mulembwe,0.637,0.637,0.637,0.637,observed
2008-10-01,Mulembwe,0.9216129032258064,0.9216129032258064,0.9216129032258064,0.9216129032258064,observed
2008-11-01,Mulembwe,1.1186666666666667,1.1186666666666667,1.1186666666666667,1.1186666666666667,observed
2008-12-01,Mulembwe,1.2377419354838708,1.2377419354838708,1.2377419354838708,1.2377419354838708,observed
2009-01-01,Mulembwe,1.6903225806451612,1.6903225806451612,1.6903225806451612,1.6903225806451612,observed
2009-02-01,Mulembwe,1.9828571428571424,1.9828571428571424,1.9828571428571424,1.9828571428571424,observed
2009-03-01,Mulembwe,1.617096774193548,1.617096774193548,1.617096774193548,1.617096774193548,observed
2009-04-01,Mulembwe,1.8053333333333328,1.8053333333333328,1.8053333333333328,1.8053333333333328,observed
2009-05-01,Mulembwe,1.5787096774193548,1.5787096774193548,1.5787096774193548,1.5787096774193548,observed
2009-06-01,Mulembwe,1.4810000000000003,1.4810000000000003,1.4810000000000003,1.4810000000000003,observed
2009-07-01,Mulembwe,0.8751612903225809,0.8751612903225809,0.8751612903225809,0.8751612903225809,observed
2009-08-01,Mulembwe,0.7548387096774191,0.7548387096774191,0.7548387096774191,0.7548387096774191,observed
2009-09-01,Mulembwe,0.8313333333333333,0.8313333333333333,0.8313333333333333,0.8313333333333333,observed
2009-10-01,Mulembwe,0.7358064516129033,0.7358064516129033,0.7358064516129033,0.7358064516129033,observed
2009-11-01,Mulembwe,1.270333333333333,1.270333333333333,1.270333333333333,1.270333333333333,observed
2009-12-01,Mulembwe,1.9416129032258065,1.9416129032258065,1.9416129032258065,1.9416129032258065,observed
2010-01-01,Mulembwe,2.03483870967742,2.03483870967742,2.03483870967742,2.03483870967742,observed
2010-02-01,Mulembwe,2.3667857142857143,2.3667857142857143,2.3667857142857143,2.3667857142857143,observed
2010-03-01,Mulembwe,2.793870967741936,2.793870967741936,2.793870967741936,2.793870967741936,observed
2010-04-01,Mulembwe,,2.627859115600586,2.5043494522571565,2.7814231693744658,XGBoost_bootstrap_ensemble
2010-05-01,Mulembwe,,1.9984251260757446,1.769763720035553,2.173083931207657,XGBoost_bootstrap_ensemble
2010-06-01,Mulembwe,,1.6558951139450073,1.531939634680748,1.809041404724121,XGBoost_bootstrap_ensemble
2010-07-01,Mulembwe,,1.4470188617706299,1.3135779619216919,1.6127831131219863,XGBoost_bootstrap_ensemble
2010-08-01,Mulembwe,,1.2993983030319214,1.1392306447029115,1.4880181908607482,XGBoost_bootstrap_ensemble
2010-09-01,Mulembwe,1.0076666666666667,1.0076666666666667,1.0076666666666667,1.0076666666666667,observed
2010-10-01,Mulembwe,1.4074193548387093,1.4074193548387093,1.4074193548387093,1.4074193548387093,observed
2010-11-01,Mulembwe,1.2963333333333336,1.2963333333333336,1.2963333333333336,1.2963333333333336,observed
2010-12-01,Mulembwe,1.6174193548387097,1.6174193548387097,1.6174193548387097,1.6174193548387097,observed
2011-01-01,Mulembwe,1.4877419354838712,1.4877419354838712,1.4877419354838712,1.4877419354838712,observed
2011-02-01,Mulembwe,1.5771428571428567,1.5771428571428567,1.5771428571428567,1.5771428571428567,observed
2011-03-01,Mulembwe,1.785161290322581,1.785161290322581,1.785161290322581,1.785161290322581,observed
2011-04-01,Mulembwe,1.853,1.853,1.853,1.853,observed
2011-05-01,Mulembwe,1.445806451612903,1.445806451612903,1.445806451612903,1.445806451612903,observed
2011-06-01,Mulembwe,1.0976666666666668,1.0976666666666668,1.0976666666666668,1.0976666666666668,observed
2011-07-01,Mulembwe,0.980967741935484,0.980967741935484,0.980967741935484,0.980967741935484,observed
2011-08-01,Mulembwe,0.8787096774193551,0.8787096774193551,0.8787096774193551,0.8787096774193551,observed
2011-09-01,Mulembwe,0.8990000000000001,0.8990000000000001,0.8990000000000001,0.8990000000000001,observed
2011-10-01,Mulembwe,1.201290322580645,1.201290322580645,1.201290322580645,1.201290322580645,observed
2011-11-01,Mulembwe,1.8076666666666663,1.8076666666666663,1.8076666666666663,1.8076666666666663,observed
2011-12-01,Mulembwe,2.498064516129032,2.498064516129032,2.498064516129032,2.498064516129032,observed
2012-01-01,Mulembwe,1.8074193548387087,1.8074193548387087,1.8074193548387087,1.8074193548387087,observed
2012-02-01,Mulembwe,1.6017241379310347,1.6017241379310347,1.6017241379310347,1.6017241379310347,observed
2012-03-01,Mulembwe,1.7303225806451612,1.7303225806451612,1.7303225806451612,1.7303225806451612,observed
2012-04-01,Mulembwe,2.1,2.1,2.1,2.1,observed
2012-05-01,Mulembwe,1.9770967741935488,1.9770967741935488,1.9770967741935488,1.9770967741935488,observed
2012-06-01,Mulembwe,1.4059999999999997,1.4059999999999997,1.4059999999999997,1.4059999999999997,observed
2012-07-01,Mulembwe,1.3377419354838709,1.3377419354838709,1.3377419354838709,1.3377419354838709,observed
2012-08-01,Mulembwe,1.2738709677419355,1.2738709677419355,1.2738709677419355,1.2738709677419355,observed
2012-09-01,Mulembwe,1.283,1.283,1.283,1.283,observed
2012-10-01,Mulembwe,1.4064516129032256,1.4064516129032256,1.4064516129032256,1.4064516129032256,observed
2012-11-01,Mulembwe,1.6159999999999997,1.6159999999999997,1.6159999999999997,1.6159999999999997,observed
2012-12-01,Mulembwe,1.7796774193548388,1.7796774193548388,1.7796774193548388,1.7796774193548388,observed
2013-01-01,Mulembwe,1.976451612903226,1.976451612903226,1.976451612903226,1.976451612903226,observed
2013-02-01,Mulembwe,1.9175,1.9175,1.9175,1.9175,observed
2013-03-01,Mulembwe,1.8958064516129032,1.8958064516129032,1.8958064516129032,1.8958064516129032,observed
2013-04-01,Mulembwe,2.504,2.504,2.504,2.504,observed
2013-05-01,Mulembwe,1.9935483870967745,1.9935483870967745,1.9935483870967745,1.9935483870967745,observed
2013-06-01,Mulembwe,1.599666666666667,1.599666666666667,1.599666666666667,1.599666666666667,observed
2013-07-01,Mulembwe,1.4496774193548383,1.4496774193548383,1.4496774193548383,1.4496774193548383,observed
2013-08-01,Mulembwe,1.3487096774193552,1.3487096774193552,1.3487096774193552,1.3487096774193552,observed
2013-09-01,Mulembwe,1.361666666666667,1.361666666666667,1.361666666666667,1.361666666666667,observed
2013-10-01,Mulembwe,1.5238709677419355,1.5238709677419355,1.5238709677419355,1.5238709677419355,observed
2013-11-01,Mulembwe,2.427666666666666,2.427666666666666,2.427666666666666,2.427666666666666,observed
2013-12-01,Mulembwe,2.414516129032258,2.414516129032258,2.414516129032258,2.414516129032258,observed
2014-01-01,Mulembwe,2.507096774193548,2.507096774193548,2.507096774193548,2.507096774193548,observed
2014-02-01,Mulembwe,2.503214285714286,2.503214285714286,2.503214285714286,2.503214285714286,observed
2014-03-01,Mulembwe,2.3522580645161293,2.3522580645161293,2.3522580645161293,2.3522580645161293,observed
2014-04-01,Mulembwe,2.452666666666666,2.452666666666666,2.452666666666666,2.452666666666666,observed
2014-05-01,Mulembwe,1.8745161290322585,1.8745161290322585,1.8745161290322585,1.8745161290322585,observed
2014-06-01,Mulembwe,1.7546666666666664,1.7546666666666664,1.7546666666666664,1.7546666666666664,observed
2014-07-01,Mulembwe,1.503548387096774,1.503548387096774,1.503548387096774,1.503548387096774,observed
2014-08-01,Mulembwe,1.4306451612903222,1.4306451612903222,1.4306451612903222,1.4306451612903222,observed
2014-09-01,Mulembwe,,1.3371098041534424,1.2035645753145219,1.4422851562499999,XGBoost_bootstrap_ensemble
2014-10-01,Mulembwe,1.5696774193548384,1.5696774193548384,1.5696774193548384,1.5696774193548384,observed
2014-11-01,Mulembwe,1.482,1.482,1.482,1.482,observed
2014-12-01,Mulembwe,1.5683870967741935,1.5683870967741935,1.5683870967741935,1.5683870967741935,observed
2015-01-01,Mulembwe,,1.6044421195983887,1.3410171061754226,1.8758020013570784,XGBoost_bootstrap_ensemble
2015-02-01,Mulembwe,,1.6745402812957764,1.5100026845932006,1.8580673903226852,XGBoost_bootstrap_ensemble
2015-03-01,Mulembwe,,2.082355260848999,1.8488698661327363,2.271800887584686,XGBoost_bootstrap_ensemble
2015-04-01,Mulembwe,,1.7224984169006348,1.5852171421051025,1.9579915821552276,XGBoost_bootstrap_ensemble
2015-05-01,Mulembwe,,1.5621626377105713,1.4097384929656982,1.7114721387624738,XGBoost_bootstrap_ensemble
2015-06-01,Mulembwe,,1.3551307916641235,1.2240496754646302,1.5212944984436032,XGBoost_bootstrap_ensemble
2015-07-01,Mulembwe,,1.1760876178741455,1.024995467066765,1.3056789964437483,XGBoost_bootstrap_ensemble
2015-08-01,Mulembwe,,1.1801475286483765,1.0361680090427399,1.3335741907358165,XGBoost_bootstrap_ensemble
2015-09-01,Mulembwe,,1.282969355583191,1.1635922700166703,1.4036668747663497,XGBoost_bootstrap_ensemble
2015-10-01,Mulembwe,,1.7547791004180908,1.5577918529510497,1.9968298733234404,XGBoost_bootstrap_ensemble
2015-11-01,Mulembwe,,1.8316981792449951,1.6217095583677292,2.005958527326584,XGBoost_bootstrap_ensemble
2015-12-01,Mulembwe,,1.9267901182174683,1.682459744811058,2.122616785764694,XGBoost_bootstrap_ensemble
2016-01-01,Mulembwe,,1.9097542762756348,1.703150701522827,2.1492494761943814,XGBoost_bootstrap_ensemble
2016-02-01,Mulembwe,,1.7148962020874023,1.5408206701278686,1.955837580561638,XGBoost_bootstrap_ensemble
2016-03-01,Mulembwe,,1.5098150968551636,1.3890174955129624,1.6791933655738829,XGBoost_bootstrap_ensemble
2016-04-01,Mulembwe,,1.629356026649475,1.4894143164157867,1.778755325078964,XGBoost_bootstrap_ensemble
2016-05-01,Mulembwe,,1.3298547267913818,1.1925014197826385,1.5093593418598175,XGBoost_bootstrap_ensemble
2016-06-01,Mulembwe,,1.028947114944458,0.8211124688386917,1.2653229743242262,XGBoost_bootstrap_ensemble
2016-07-01,Mulembwe,,0.9967066049575806,0.807209886610508,1.2214962035417556,XGBoost_bootstrap_ensemble
2016-08-01,Mulembwe,,0.9920316338539124,0.8451540663838386,1.1603643298149107,XGBoost_bootstrap_ensemble
2016-09-01,Mulembwe,,1.055454969406128,0.8710531055927276,1.2318337976932525,XGBoost_bootstrap_ensemble
2016-10-01,Mulembwe,,1.1434969902038574,0.9234020099043846,1.3138394355773926,XGBoost_bootstrap_ensemble
2016-11-01,Mulembwe,,1.227543592453003,1.112194401025772,1.3488580971956252,XGBoost_bootstrap_ensemble
2016-12-01,Mulembwe,,1.3804136514663696,1.1691381275653838,1.667229950428009,XGBoost_bootstrap_ensemble
2017-01-01,Mulembwe,,1.4755635261535645,1.2540191531181335,1.7055589526891706,XGBoost_bootstrap_ensemble
2017-02-01,Mulembwe,,1.226455807685852,1.072068691253662,1.4067714989185334,XGBoost_bootstrap_ensemble
2017-03-01,Mulembwe,,1.451851487159729,1.2444232076406478,1.6957123667001721,XGBoost_bootstrap_ensemble
2017-04-01,Mulembwe,,1.124605655670166,0.9813808858394623,1.2929956585168838,XGBoost_bootstrap_ensemble
2017-05-01,Mulembwe,,1.0005478858947754,0.8501801893115044,1.159724488854408,XGBoost_bootstrap_ensemble
2017-06-01,Mulembwe,,0.8084455132484436,0.6848879992961884,0.9768087819218633,XGBoost_bootstrap_ensemble
2017-07-01,Mulembwe,,0.7998369336128235,0.6843304574489594,0.9233818814158439,XGBoost_bootstrap_ensemble
2017-08-01,Mulembwe,,0.8177041411399841,0.7173887357115746,0.9719264239072797,XGBoost_bootstrap_ensemble
2017-09-01,Mulembwe,,0.8516115546226501,0.7188267275691033,1.022714030742645,XGBoost_bootstrap_ensemble
2017-10-01,Mulembwe,,0.9257128834724426,0.7828776419162751,1.121391028165817,XGBoost_bootstrap_ensemble
2017-11-01,Mulembwe,0.8083333333333335,0.8083333333333335,0.8083333333333335,0.8083333333333335,observed
2017-12-01,Mulembwe,1.023548387096774,1.023548387096774,1.023548387096774,1.023548387096774,observed
2018-01-01,Mulembwe,1.13258064516129,1.13258064516129,1.13258064516129,1.13258064516129,observed
2018-02-01,Mulembwe,1.149285714285714,1.149285714285714,1.149285714285714,1.149285714285714,observed
2018-03-01,Mulembwe,1.2590322580645166,1.2590322580645166,1.2590322580645166,1.2590322580645166,observed
2018-04-01,Mulembwe,1.720666666666666,1.720666666666666,1.720666666666666,1.720666666666666,observed
2018-05-01,Mulembwe,1.6061290322580648,1.6061290322580648,1.6061290322580648,1.6061290322580648,observed
2018-06-01,Mulembwe,1.014,1.014,1.014,1.014,observed
2018-07-01,Mulembwe,0.8003225806451613,0.8003225806451613,0.8003225806451613,0.8003225806451613,observed
2018-08-01,Mulembwe,0.7583870967741935,0.7583870967741935,0.7583870967741935,0.7583870967741935,observed
2018-09-01,Mulembwe,0.6236666666666666,0.6236666666666666,0.6236666666666666,0.6236666666666666,observed
2018-10-01,Mulembwe,0.7727586206896552,0.7727586206896552,0.7727586206896552,0.7727586206896552,observed
2018-11-01,Mulembwe,0.9796666666666668,0.9796666666666668,0.9796666666666668,0.9796666666666668,observed
2018-12-01,Mulembwe,1.296451612903226,1.296451612903226,1.296451612903226,1.296451612903226,observed
2019-01-01,Mulembwe,1.2722580645161292,1.2722580645161292,1.2722580645161292,1.2722580645161292,observed
2019-02-01,Mulembwe,1.4157142857142857,1.4157142857142857,1.4157142857142857,1.4157142857142857,observed
2019-03-01,Mulembwe,1.4745161290322584,1.4745161290322584,1.4745161290322584,1.4745161290322584,observed
2019-04-01,Mulembwe,1.4996666666666665,1.4996666666666665,1.4996666666666665,1.4996666666666665,observed
2019-05-01,Mulembwe,1.408709677419355,1.408709677419355,1.408709677419355,1.408709677419355,observed
2019-06-01,Mulembwe,1.148666666666667,1.148666666666667,1.148666666666667,1.148666666666667,observed
2019-07-01,Mulembwe,0.9525806451612904,0.9525806451612904,0.9525806451612904,0.9525806451612904,observed
2019-08-01,Mulembwe,0.8583870967741933,0.8583870967741933,0.8583870967741933,0.8583870967741933,observed
2019-09-01,Mulembwe,0.9126666666666668,0.9126666666666668,0.9126666666666668,0.9126666666666668,observed
2019-10-01,Mulembwe,1.2854838709677423,1.2854838709677423,1.2854838709677423,1.2854838709677423,observed
2019-11-01,Mulembwe,1.389333333333333,1.389333333333333,1.389333333333333,1.389333333333333,observed
2019-12-01,Mulembwe,1.9351612903225808,1.9351612903225808,1.9351612903225808,1.9351612903225808,observed
2020-01-01,Mulembwe,1.975806451612904,1.975806451612904,1.975806451612904,1.975806451612904,observed
2020-02-01,Mulembwe,2.122758620689656,2.122758620689656,2.122758620689656,2.122758620689656,observed
2020-03-01,Mulembwe,2.2312903225806457,2.2312903225806457,2.2312903225806457,2.2312903225806457,observed
2020-04-01,Mulembwe,2.160333333333333,2.160333333333333,2.160333333333333,2.160333333333333,observed
2020-05-01,Mulembwe,1.9245161290322577,1.9245161290322577,1.9245161290322577,1.9245161290322577,observed
2020-06-01,Mulembwe,1.596,1.596,1.596,1.596,observed
2020-07-01,Mulembwe,1.4354838709677418,1.4354838709677418,1.4354838709677418,1.4354838709677418,observed
2020-08-01,Mulembwe,1.305161290322581,1.305161290322581,1.305161290322581,1.305161290322581,observed
2020-09-01,Mulembwe,1.328,1.328,1.328,1.328,observed
2020-10-01,Mulembwe,1.3903225806451611,1.3903225806451611,1.3903225806451611,1.3903225806451611,observed
2020-11-01,Mulembwe,1.8043333333333345,1.8043333333333345,1.8043333333333345,1.8043333333333345,observed
2020-12-01,Mulembwe,2.265161290322581,2.265161290322581,2.265161290322581,2.265161290322581,observed
2021-01-01,Mulembwe,2.345806451612904,2.345806451612904,2.345806451612904,2.345806451612904,observed
2021-02-01,Mulembwe,2.4707142857142856,2.4707142857142856,2.4707142857142856,2.4707142857142856,observed
2021-03-01,Mulembwe,2.1241935483870966,2.1241935483870966,2.1241935483870966,2.1241935483870966,observed
2021-04-01,Mulembwe,2.468333333333333,2.468333333333333,2.468333333333333,2.468333333333333,observed
2021-05-01,Mulembwe,2.1645161290322585,2.1645161290322585,2.1645161290322585,2.1645161290322585,observed
2021-06-01,Mulembwe,1.7199999999999998,1.7199999999999998,1.7199999999999998,1.7199999999999998,observed
2021-07-01,Mulembwe,1.6464516129032265,1.6464516129032265,1.6464516129032265,1.6464516129032265,observed
2021-08-01,Mulembwe,1.652258064516129,1.652258064516129,1.652258064516129,1.652258064516129,observed
2021-09-01,Mulembwe,1.6836666666666669,1.6836666666666669,1.6836666666666669,1.6836666666666669,observed
2021-10-01,Mulembwe,1.8754838709677424,1.8754838709677424,1.8754838709677424,1.8754838709677424,observed
2021-11-01,Mulembwe,1.9426666666666672,1.9426666666666672,1.9426666666666672,1.9426666666666672,observed
2021-12-01,Mulembwe,2.166129032258065,2.166129032258065,2.166129032258065,2.166129032258065,observed
2022-01-01,Mulembwe,2.2341935483870965,2.2341935483870965,2.2341935483870965,2.2341935483870965,observed
2022-02-01,Mulembwe,2.405357142857143,2.405357142857143,2.405357142857143,2.405357142857143,observed
2022-03-01,Mulembwe,2.418064516129032,2.418064516129032,2.418064516129032,2.418064516129032,observed
2022-04-01,Mulembwe,2.511,2.511,2.511,2.511,observed
2022-05-01,Mulembwe,2.346428571428571,2.346428571428571,2.346428571428571,2.346428571428571,observed
2022-06-01,Mulembwe,2.2223333333333333,2.2223333333333333,2.2223333333333333,2.2223333333333333,observed
2022-07-01,Mulembwe,1.8774193548387097,1.8774193548387097,1.8774193548387097,1.8774193548387097,observed
2022-08-01,Mulembwe,1.8380645161290323,1.8380645161290323,1.8380645161290323,1.8380645161290323,observed
2022-09-01,Mulembwe,1.846666666666667,1.846666666666667,1.846666666666667,1.846666666666667,observed
2022-10-01,Mulembwe,1.7832258064516129,1.7832258064516129,1.7832258064516129,1.7832258064516129,observed
2022-11-01,Mulembwe,2.239,2.239,2.239,2.239,observed
2022-12-01,Mulembwe,2.613548387096773,2.613548387096773,2.613548387096773,2.613548387096773,observed
2023-01-01,Mulembwe,2.541935483870968,2.541935483870968,2.541935483870968,2.541935483870968,observed
2023-02-01,Mulembwe,2.5282142857142853,2.5282142857142853,2.5282142857142853,2.5282142857142853,observed
2023-03-01,Mulembwe,2.6709677419354843,2.6709677419354843,2.6709677419354843,2.6709677419354843,observed
2023-04-01,Mulembwe,2.713333333333334,2.713333333333334,2.713333333333334,2.713333333333334,observed
2023-05-01,Mulembwe,2.46483870967742,2.46483870967742,2.46483870967742,2.46483870967742,observed
2023-06-01,Mulembwe,2.1503333333333337,2.1503333333333337,2.1503333333333337,2.1503333333333337,observed
2023-07-01,Mulembwe,2.043548387096774,2.043548387096774,2.043548387096774,2.043548387096774,observed
2023-08-01,Mulembwe,1.914193548387097,1.914193548387097,1.914193548387097,1.914193548387097,observed
2023-09-01,Mulembwe,2.058666666666667,2.058666666666667,2.058666666666667,2.058666666666667,observed
2023-10-01,Mulembwe,2.1129032258064515,2.1129032258064515,2.1129032258064515,2.1129032258064515,observed
2023-11-01,Mulembwe,2.6830000000000003,2.6830000000000003,2.6830000000000003,2.6830000000000003,observed
2023-12-01,Mulembwe,2.7316129032258067,2.7316129032258067,2.7316129032258067,2.7316129032258067,observed
2024-01-01,Mulembwe,2.6841935483870967,2.6841935483870967,2.6841935483870967,2.6841935483870967,observed
2024-02-01,Mulembwe,2.643793103448276,2.643793103448276,2.643793103448276,2.643793103448276,observed
2024-03-01,Mulembwe,2.5625806451612902,2.5625806451612902,2.5625806451612902,2.5625806451612902,observed
2024-04-01,Mulembwe,2.8706666666666663,2.8706666666666663,2.8706666666666663,2.8706666666666663,observed
2024-05-01,Mulembwe,,2.3870410919189453,2.190211993455887,2.5568008422851562,XGBoost_bootstrap_ensemble
2024-06-01,Mulembwe,2.489,2.489,2.489,2.489,observed
2024-07-01,Mulembwe,2.085806451612903,2.085806451612903,2.085806451612903,2.085806451612903,observed
2024-08-01,Mulembwe,2.111935483870968,2.111935483870968,2.111935483870968,2.111935483870968,observed
2024-09-01,Mulembwe,2.106666666666667,2.106666666666667,2.106666666666667,2.106666666666667,observed
2024-10-01,Mulembwe,2.3374193548387097,2.3374193548387097,2.3374193548387097,2.3374193548387097,observed
2024-11-01,Mulembwe,2.5310000000000006,2.5310000000000006,2.5310000000000006,2.5310000000000006,observed
2024-12-01,Mulembwe,2.5690322580645155,2.5690322580645155,2.5690322580645155,2.5690322580645155,observed
2000-01-01,Nyengwe,,0.8804184198379517,0.7315288931131363,0.9728329941630361,XGBoost_bootstrap_ensemble
2000-02-01,Nyengwe,,0.9128889441490173,0.8266679033637047,0.9930433511734008,XGBoost_bootstrap_ensemble
2000-03-01,Nyengwe,,0.915679931640625,0.8356953144073487,0.9975055664777754,XGBoost_bootstrap_ensemble
2000-04-01,Nyengwe,,0.9026467204093933,0.8198869988322258,0.9706432104110717,XGBoost_bootstrap_ensemble
2000-05-01,Nyengwe,,0.8785610795021057,0.7931945428252221,0.950527910888195,XGBoost_bootstrap_ensemble
2000-06-01,Nyengwe,,0.8778437972068787,0.8119930490851403,0.9452542409300804,XGBoost_bootstrap_ensemble
2000-07-01,Nyengwe,,0.8779703378677368,0.8036400958895683,0.9501900359988212,XGBoost_bootstrap_ensemble
2000-08-01,Nyengwe,,0.8892185688018799,0.8290619000792503,0.9461730897426606,XGBoost_bootstrap_ensemble
2000-09-01,Nyengwe,,0.8921751379966736,0.8285903781652451,0.9494576379656792,XGBoost_bootstrap_ensemble
2000-10-01,Nyengwe,,0.9010224342346191,0.8326427176594734,0.9617439731955528,XGBoost_bootstrap_ensemble
2000-11-01,Nyengwe,,0.8852620124816895,0.8048109695315361,0.951906244456768,XGBoost_bootstrap_ensemble
2000-12-01,Nyengwe,,0.9304136037826538,0.8551393896341324,0.9860864788293838,XGBoost_bootstrap_ensemble
2001-01-01,Nyengwe,,1.0196216106414795,0.8789167001843452,1.3442526698112485,XGBoost_bootstrap_ensemble
2001-02-01,Nyengwe,,1.231926441192627,1.0003850042819977,1.5394818991422652,XGBoost_bootstrap_ensemble
2001-03-01,Nyengwe,,1.1888456344604492,0.9846115648746491,1.4967932611703871,XGBoost_bootstrap_ensemble
2001-04-01,Nyengwe,,1.244162917137146,1.0034049808979035,1.486359217762947,XGBoost_bootstrap_ensemble
2001-05-01,Nyengwe,,0.8768527507781982,0.7615569785237313,0.9791284203529357,XGBoost_bootstrap_ensemble
2001-06-01,Nyengwe,,0.8424602746963501,0.7423948094248771,0.9486771717667579,XGBoost_bootstrap_ensemble
2001-07-01,Nyengwe,,0.8677950501441956,0.7760037690401077,0.939940857887268,XGBoost_bootstrap_ensemble
2001-08-01,Nyengwe,,0.8703578114509583,0.8005153015255928,0.9376943960785865,XGBoost_bootstrap_ensemble
2001-09-01,Nyengwe,,0.8760806918144226,0.8139855965971947,0.9396103903651237,XGBoost_bootstrap_ensemble
2001-10-01,Nyengwe,,0.8834937214851379,0.8173917219042778,0.939279581606388,XGBoost_bootstrap_ensemble
2001-11-01,Nyengwe,,0.9269911050796509,0.8615583866834641,0.9674736499786377,XGBoost_bootstrap_ensemble
2001-12-01,Nyengwe,,0.933695375919342,0.8561014115810395,0.9969819471240043,XGBoost_bootstrap_ensemble
2002-01-01,Nyengwe,,0.9772056341171265,0.8945390656590462,1.0446890503168105,XGBoost_bootstrap_ensemble
2002-02-01,Nyengwe,,0.9470528960227966,0.8835634306073189,1.0122471183538437,XGBoost_bootstrap_ensemble
2002-03-01,Nyengwe,,0.9883952140808105,0.919450581073761,1.0502548426389695,XGBoost_bootstrap_ensemble
2002-04-01,Nyengwe,,0.9769020080566406,0.8963251292705536,1.0472277045249938,XGBoost_bootstrap_ensemble
2002-05-01,Nyengwe,,0.933932900428772,0.8426516205072403,1.0130357712507247,XGBoost_bootstrap_ensemble
2002-06-01,Nyengwe,,0.8725767731666565,0.7966222807765007,0.9470524534583091,XGBoost_bootstrap_ensemble
2002-07-01,Nyengwe,,0.8874999284744263,0.827601358294487,0.9568034946918487,XGBoost_bootstrap_ensemble
2002-08-01,Nyengwe,,0.9075011610984802,0.8458255067467689,0.9606836289167404,XGBoost_bootstrap_ensemble
2002-09-01,Nyengwe,,0.9073924422264099,0.8550682410597801,0.9475220516324043,XGBoost_bootstrap_ensemble
2002-10-01,Nyengwe,,0.8809008598327637,0.810758700966835,0.9410114988684654,XGBoost_bootstrap_ensemble
2002-11-01,Nyengwe,,0.9378945827484131,0.8467414155602455,0.9942012593150139,XGBoost_bootstrap_ensemble
2002-12-01,Nyengwe,,0.9741260409355164,0.895908297598362,1.0608849227428436,XGBoost_bootstrap_ensemble
2003-01-01,Nyengwe,,0.9671216607093811,0.8934220686554909,1.0324397951364517,XGBoost_bootstrap_ensemble
2003-02-01,Nyengwe,,0.9399497509002686,0.8639533713459968,1.0143893718719483,XGBoost_bootstrap_ensemble
2003-03-01,Nyengwe,,0.9523127675056458,0.8812663480639458,1.0237585455179212,XGBoost_bootstrap_ensemble
2003-04-01,Nyengwe,,0.9660098552703857,0.8752717822790146,1.0659359961748123,XGBoost_bootstrap_ensemble
2003-05-01,Nyengwe,,0.8908446431159973,0.7938098058104515,0.9924784466624259,XGBoost_bootstrap_ensemble
2003-06-01,Nyengwe,,0.85491544008255,0.7532602682709694,0.9589573144912719,XGBoost_bootstrap_ensemble
2003-07-01,Nyengwe,,0.8520286679267883,0.7671768635511398,0.9360660582780838,XGBoost_bootstrap_ensemble
2003-08-01,Nyengwe,,0.8686437010765076,0.8037931129336358,0.9287144348025322,XGBoost_bootstrap_ensemble
2003-09-01,Nyengwe,,0.8727086782455444,0.8173275783658027,0.9286337018013,XGBoost_bootstrap_ensemble
2003-10-01,Nyengwe,,0.8680469989776611,0.8039095714688301,0.9275746539235115,XGBoost_bootstrap_ensemble
2003-11-01,Nyengwe,,0.9029736518859863,0.833488067984581,0.9616584375500679,XGBoost_bootstrap_ensemble
2003-12-01,Nyengwe,,0.9272273778915405,0.8327775835990906,0.9873649805784225,XGBoost_bootstrap_ensemble
2004-01-01,Nyengwe,,0.9692564606666565,0.9115019738674164,1.0260363340377807,XGBoost_bootstrap_ensemble
2004-02-01,Nyengwe,,0.9349653124809265,0.8579676508903503,0.9965829879045485,XGBoost_bootstrap_ensemble
2004-03-01,Nyengwe,,0.9733036756515503,0.8925435796380043,1.0270538717508315,XGBoost_bootstrap_ensemble
2004-04-01,Nyengwe,,0.9406152367591858,0.8592964008450508,1.0216397970914841,XGBoost_bootstrap_ensemble
2004-05-01,Nyengwe,,0.8870936632156372,0.7666001290082931,0.994956037402153,XGBoost_bootstrap_ensemble
2004-06-01,Nyengwe,,1.1592055559158325,0.9119618475437165,1.4507542818784713,XGBoost_bootstrap_ensemble
2004-07-01,Nyengwe,,1.1768742799758911,0.9629818484187126,1.426339116692543,XGBoost_bootstrap_ensemble
2004-08-01,Nyengwe,,1.1769946813583374,0.9722742214798927,1.4212355762720108,XGBoost_bootstrap_ensemble
2004-09-01,Nyengwe,,1.2158054113388062,0.9887524306774139,1.460629665851593,XGBoost_bootstrap_ensemble
2004-10-01,Nyengwe,,0.9001953601837158,0.8253483027219772,0.9519055902957916,XGBoost_bootstrap_ensemble
2004-11-01,Nyengwe,,0.9514016509056091,0.8695125877857208,1.0187265306711197,XGBoost_bootstrap_ensemble
2004-12-01,Nyengwe,,0.989122211933136,0.9282250151038169,1.0492822080850601,XGBoost_bootstrap_ensemble
2005-01-01,Nyengwe,,0.959450364112854,0.8867151036858558,1.032747346162796,XGBoost_bootstrap_ensemble
2005-02-01,Nyengwe,,0.9294193983078003,0.8674654304981232,1.0011055111885068,XGBoost_bootstrap_ensemble
2005-03-01,Nyengwe,,0.955623984336853,0.8848452165722847,1.023680540919304,XGBoost_bootstrap_ensemble
2005-04-01,Nyengwe,,0.970549464225769,0.8879102140665054,1.0478020429611206,XGBoost_bootstrap_ensemble
2005-05-01,Nyengwe,,0.9084214568138123,0.820083349943161,1.0163639843463894,XGBoost_bootstrap_ensemble
2005-06-01,Nyengwe,,0.8543250560760498,0.7628537565469742,0.9493687286972999,XGBoost_bootstrap_ensemble
2005-07-01,Nyengwe,,0.8692373037338257,0.7954913958907127,0.9349025085568428,XGBoost_bootstrap_ensemble
2005-08-01,Nyengwe,,0.8839972615242004,0.828435342013836,0.9304972976446151,XGBoost_bootstrap_ensemble
2005-09-01,Nyengwe,,0.9027633666992188,0.8553877115249634,0.945747023820877,XGBoost_bootstrap_ensemble
2005-10-01,Nyengwe,,0.8967270851135254,0.8468498110771179,0.9433695539832114,XGBoost_bootstrap_ensemble
2005-11-01,Nyengwe,,0.9205962419509888,0.8603024169802665,0.9781974002718925,XGBoost_bootstrap_ensemble
2005-12-01,Nyengwe,,0.9252526760101318,0.8361510828137397,1.017748910188675,XGBoost_bootstrap_ensemble
2006-01-01,Nyengwe,,0.9758008718490601,0.913298949599266,1.0410505086183548,XGBoost_bootstrap_ensemble
2006-02-01,Nyengwe,,0.9799513220787048,0.9073885336518288,1.0488498866558074,XGBoost_bootstrap_ensemble
2006-03-01,Nyengwe,,0.9494050741195679,0.8856822401285172,1.0147290050983429,XGBoost_bootstrap_ensemble
2006-04-01,Nyengwe,,0.9675624966621399,0.8859828308224678,1.0477830797433851,XGBoost_bootstrap_ensemble
2006-05-01,Nyengwe,,0.9722045660018921,0.8933658331632615,1.0622761547565458,XGBoost_bootstrap_ensemble
2006-06-01,Nyengwe,,0.8714611530303955,0.7894615575671196,0.961238457262516,XGBoost_bootstrap_ensemble
2006-07-01,Nyengwe,,0.862865149974823,0.7890909612178802,0.937006902694702,XGBoost_bootstrap_ensemble
2006-08-01,Nyengwe,,0.8830555081367493,0.8190350934863091,0.9373042911291122,XGBoost_bootstrap_ensemble
2006-09-01,Nyengwe,,0.8958770036697388,0.843417689204216,0.9405060485005379,XGBoost_bootstrap_ensemble
2006-10-01,Nyengwe,,0.8909927606582642,0.8355678007006645,0.9341856822371483,XGBoost_bootstrap_ensemble
2006-11-01,Nyengwe,,0.939349889755249,0.8602343574166298,1.0096732288599013,XGBoost_bootstrap_ensemble
2006-12-01,Nyengwe,,0.9428749084472656,0.8582378461956978,1.0493122100830077,XGBoost_bootstrap_ensemble
2007-01-01,Nyengwe,,0.930442214012146,0.8707162544131279,0.9737962290644646,XGBoost_bootstrap_ensemble
2007-02-01,Nyengwe,,0.9122679829597473,0.8311398014426231,0.9955312311649323,XGBoost_bootstrap_ensemble
2007-03-01,Nyengwe,,0.9054895639419556,0.8453206136822701,0.9643813520669937,XGBoost_bootstrap_ensemble
2007-04-01,Nyengwe,,0.9471244215965271,0.8698737040162087,1.043792939186096,XGBoost_bootstrap_ensemble
2007-05-01,Nyengwe,,0.8587143421173096,0.7461018621921539,1.037279203534126,XGBoost_bootstrap_ensemble
2007-06-01,Nyengwe,,0.8644711971282959,0.7862050652503967,0.9626582249999046,XGBoost_bootstrap_ensemble
2007-07-01,Nyengwe,,0.847756028175354,0.7850918620824814,0.9278575971722602,XGBoost_bootstrap_ensemble
2007-08-01,Nyengwe,,0.863677442073822,0.8156712770462036,0.910999558866024,XGBoost_bootstrap_ensemble
2007-09-01,Nyengwe,,0.8778887987136841,0.8310709401965142,0.9263034313917159,XGBoost_bootstrap_ensemble
2007-10-01,Nyengwe,,0.8867411613464355,0.8313669666647912,0.931468503177166,XGBoost_bootstrap_ensemble
2007-11-01,Nyengwe,,0.9281551241874695,0.8457803204655647,0.9950010448694228,XGBoost_bootstrap_ensemble
2007-12-01,Nyengwe,,0.9136902689933777,0.8517152726650238,0.9715616032481194,XGBoost_bootstrap_ensemble
2008-01-01,Nyengwe,,0.9618029594421387,0.9009001061320305,1.0207309991121292,XGBoost_bootstrap_ensemble
2008-02-01,Nyengwe,,0.9460494518280029,0.8762738645076752,1.021563684940338,XGBoost_bootstrap_ensemble
2008-03-01,Nyengwe,,0.9292749762535095,0.8667187109589577,0.9934221118688583,XGBoost_bootstrap_ensemble
2008-04-01,Nyengwe,,0.8984723687171936,0.8178664103150368,0.9939158931374549,XGBoost_bootstrap_ensemble
2008-05-01,Nyengwe,,0.876840353012085,0.788598719239235,0.9860518723726271,XGBoost_bootstrap_ensemble
2008-06-01,Nyengwe,,0.8845546841621399,0.8007213190197945,0.9672989025712012,XGBoost_bootstrap_ensemble
2008-07-01,Nyengwe,,0.8709220886230469,0.7766003295779228,0.9408210203051567,XGBoost_bootstrap_ensemble
2008-08-01,Nyengwe,,0.8949917554855347,0.8381411835551262,0.9512016251683235,XGBoost_bootstrap_ensemble
2008-09-01,Nyengwe,,0.9098973870277405,0.8504026502370834,0.9625092178583144,XGBoost_bootstrap_ensemble
2008-10-01,Nyengwe,,0.9230445623397827,0.8608012437820435,0.9762549012899399,XGBoost_bootstrap_ensemble
2008-11-01,Nyengwe,,0.9589933753013611,0.9017324730753898,1.022697526216507,XGBoost_bootstrap_ensemble
2008-12-01,Nyengwe,,0.9202984571456909,0.8503774002194404,0.9785747140645981,XGBoost_bootstrap_ensemble
2009-01-01,Nyengwe,,0.97547447681427,0.9082201272249222,1.0353064596652986,XGBoost_bootstrap_ensemble
2009-02-01,Nyengwe,,1.0456351041793823,0.9438690304756164,1.3235573232173918,XGBoost_bootstrap_ensemble
2009-03-01,Nyengwe,,1.3309109210968018,1.0784484654664994,1.572682449221611,XGBoost_bootstrap_ensemble
2009-04-01,Nyengwe,,1.2451660633087158,1.0227051466703414,1.5426576018333433,XGBoost_bootstrap_ensemble
2009-05-01,Nyengwe,,0.9125832915306091,0.808701066672802,1.0121754825115203,XGBoost_bootstrap_ensemble
2009-06-01,Nyengwe,,0.9056608080863953,0.8321977153420448,0.9746643796563148,XGBoost_bootstrap_ensemble
2009-07-01,Nyengwe,,0.8634685277938843,0.7831091985106469,0.9333623334765434,XGBoost_bootstrap_ensemble
2009-08-01,Nyengwe,,0.899431049823761,0.8441223606467247,0.9500377625226973,XGBoost_bootstrap_ensemble
2009-09-01,Nyengwe,,0.9109799265861511,0.8615978538990021,0.953575736284256,XGBoost_bootstrap_ensemble
2009-10-01,Nyengwe,,0.9144178628921509,0.8586310788989067,0.9757596135139465,XGBoost_bootstrap_ensemble
2009-11-01,Nyengwe,,0.9490615129470825,0.8792420536279678,0.9916002124547958,XGBoost_bootstrap_ensemble
2009-12-01,Nyengwe,,0.9508405327796936,0.8910642310976982,1.022980210185051,XGBoost_bootstrap_ensemble
2010-01-01,Nyengwe,0.9564516129032258,0.9564516129032258,0.9564516129032258,0.9564516129032258,observed
2010-02-01,Nyengwe,0.902857142857143,0.902857142857143,0.902857142857143,0.902857142857143,observed
2010-03-01,Nyengwe,0.9461290322580646,0.9461290322580646,0.9461290322580646,0.9461290322580646,observed
2010-04-01,Nyengwe,0.8273333333333335,0.8273333333333335,0.8273333333333335,0.8273333333333335,observed
2010-05-01,Nyengwe,0.7477419354838708,0.7477419354838708,0.7477419354838708,0.7477419354838708,observed
2010-06-01,Nyengwe,0.6736666666666667,0.6736666666666667,0.6736666666666667,0.6736666666666667,observed
2010-07-01,Nyengwe,0.6251612903225806,0.6251612903225806,0.6251612903225806,0.6251612903225806,observed
2010-08-01,Nyengwe,0.5793548387096775,0.5793548387096775,0.5793548387096775,0.5793548387096775,observed
2010-09-01,Nyengwe,0.5586666666666669,0.5586666666666669,0.5586666666666669,0.5586666666666669,observed
2010-10-01,Nyengwe,0.546451612903226,0.546451612903226,0.546451612903226,0.546451612903226,observed
2010-11-01,Nyengwe,0.6123333333333332,0.6123333333333332,0.6123333333333332,0.6123333333333332,observed
2010-12-01,Nyengwe,0.6206451612903227,0.6206451612903227,0.6206451612903227,0.6206451612903227,observed
2011-01-01,Nyengwe,,0.6204339861869812,0.5006775334477425,0.6999783694744109,XGBoost_bootstrap_ensemble
2011-02-01,Nyengwe,,0.635581374168396,0.5076565384864807,0.7406567364931106,XGBoost_bootstrap_ensemble
2011-03-01,Nyengwe,0.7264516129032257,0.7264516129032257,0.7264516129032257,0.7264516129032257,observed
2011-04-01,Nyengwe,0.5703333333333335,0.5703333333333335,0.5703333333333335,0.5703333333333335,observed
2011-05-01,Nyengwe,0.2196774193548387,0.2196774193548387,0.2196774193548387,0.2196774193548387,observed
2011-06-01,Nyengwe,0.1653333333333333,0.1653333333333333,0.1653333333333333,0.1653333333333333,observed
2011-07-01,Nyengwe,0.134516129032258,0.134516129032258,0.134516129032258,0.134516129032258,observed
2011-08-01,Nyengwe,0.1032258064516129,0.1032258064516129,0.1032258064516129,0.1032258064516129,observed
2011-09-01,Nyengwe,0.0926666666666666,0.0926666666666666,0.0926666666666666,0.0926666666666666,observed
2011-10-01,Nyengwe,0.1248387096774194,0.1248387096774194,0.1248387096774194,0.1248387096774194,observed
2011-11-01,Nyengwe,0.2543333333333333,0.2543333333333333,0.2543333333333333,0.2543333333333333,observed
2011-12-01,Nyengwe,0.6793548387096774,0.6793548387096774,0.6793548387096774,0.6793548387096774,observed
2012-01-01,Nyengwe,0.6370967741935483,0.6370967741935483,0.6370967741935483,0.6370967741935483,observed
2012-02-01,Nyengwe,0.5565517241379311,0.5565517241379311,0.5565517241379311,0.5565517241379311,observed
2012-03-01,Nyengwe,0.5358064516129032,0.5358064516129032,0.5358064516129032,0.5358064516129032,observed
2012-04-01,Nyengwe,0.6913333333333334,0.6913333333333334,0.6913333333333334,0.6913333333333334,observed
2012-05-01,Nyengwe,0.7087096774193548,0.7087096774193548,0.7087096774193548,0.7087096774193548,observed
2012-06-01,Nyengwe,0.558,0.558,0.558,0.558,observed
2012-07-01,Nyengwe,0.4935483870967744,0.4935483870967744,0.4935483870967744,0.4935483870967744,observed
2012-08-01,Nyengwe,0.4903225806451614,0.4903225806451614,0.4903225806451614,0.4903225806451614,observed
2012-09-01,Nyengwe,0.485,0.485,0.485,0.485,observed
2012-10-01,Nyengwe,0.5274193548387096,0.5274193548387096,0.5274193548387096,0.5274193548387096,observed
2012-11-01,Nyengwe,0.5760000000000001,0.5760000000000001,0.5760000000000001,0.5760000000000001,observed
2012-12-01,Nyengwe,0.629032258064516,0.629032258064516,0.629032258064516,0.629032258064516,observed
2013-01-01,Nyengwe,0.7267741935483871,0.7267741935483871,0.7267741935483871,0.7267741935483871,observed
2013-02-01,Nyengwe,0.6892857142857143,0.6892857142857143,0.6892857142857143,0.6892857142857143,observed
2013-03-01,Nyengwe,0.7590322580645161,0.7590322580645161,0.7590322580645161,0.7590322580645161,observed
2013-04-01,Nyengwe,0.8143333333333334,0.8143333333333334,0.8143333333333334,0.8143333333333334,observed
2013-05-01,Nyengwe,0.6329032258064513,0.6329032258064513,0.6329032258064513,0.6329032258064513,observed
2013-06-01,Nyengwe,0.5223333333333333,0.5223333333333333,0.5223333333333333,0.5223333333333333,observed
2013-07-01,Nyengwe,0.466774193548387,0.466774193548387,0.466774193548387,0.466774193548387,observed
2013-08-01,Nyengwe,0.4290322580645161,0.4290322580645161,0.4290322580645161,0.4290322580645161,observed
2013-09-01,Nyengwe,0.4223333333333334,0.4223333333333334,0.4223333333333334,0.4223333333333334,observed
2013-10-01,Nyengwe,0.4596774193548386,0.4596774193548386,0.4596774193548386,0.4596774193548386,observed
2013-11-01,Nyengwe,0.5526666666666669,0.5526666666666669,0.5526666666666669,0.5526666666666669,observed
2013-12-01,Nyengwe,0.812258064516129,0.812258064516129,0.812258064516129,0.812258064516129,observed
2014-01-01,Nyengwe,0.7761290322580645,0.7761290322580645,0.7761290322580645,0.7761290322580645,observed
2014-02-01,Nyengwe,0.7585714285714287,0.7585714285714287,0.7585714285714287,0.7585714285714287,observed
2014-03-01,Nyengwe,0.7625806451612902,0.7625806451612902,0.7625806451612902,0.7625806451612902,observed
2014-04-01,Nyengwe,0.714,0.714,0.714,0.714,observed
2014-05-01,Nyengwe,0.4341935483870969,0.4341935483870969,0.4341935483870969,0.4341935483870969,observed
2014-06-01,Nyengwe,0.3573333333333334,0.3573333333333334,0.3573333333333334,0.3573333333333334,observed
2014-07-01,Nyengwe,0.2809677419354839,0.2809677419354839,0.2809677419354839,0.2809677419354839,observed
2014-08-01,Nyengwe,0.2551612903225806,0.2551612903225806,0.2551612903225806,0.2551612903225806,observed
2014-09-01,Nyengwe,0.256,0.256,0.256,0.256,observed
2014-10-01,Nyengwe,0.4080645161290323,0.4080645161290323,0.4080645161290323,0.4080645161290323,observed
2014-11-01,Nyengwe,0.4610000000000001,0.4610000000000001,0.4610000000000001,0.4610000000000001,observed
2014-12-01,Nyengwe,0.5896774193548387,0.5896774193548387,0.5896774193548387,0.5896774193548387,observed
2015-01-01,Nyengwe,0.5929032258064516,0.5929032258064516,0.5929032258064516,0.5929032258064516,observed
2015-02-01,Nyengwe,0.6417857142857143,0.6417857142857143,0.6417857142857143,0.6417857142857143,observed
2015-03-01,Nyengwe,0.8293548387096775,0.8293548387096775,0.8293548387096775,0.8293548387096775,observed
2015-04-01,Nyengwe,1.1226666666666667,1.1226666666666667,1.1226666666666667,1.1226666666666667,observed
2015-05-01,Nyengwe,1.104516129032258,1.104516129032258,1.104516129032258,1.104516129032258,observed
2015-06-01,Nyengwe,0.985,0.985,0.985,0.985,observed
2015-07-01,Nyengwe,0.9203225806451611,0.9203225806451611,0.9203225806451611,0.9203225806451611,observed
2015-08-01,Nyengwe,0.8790322580645165,0.8790322580645165,0.8790322580645165,0.8790322580645165,observed
2015-09-01,Nyengwe,0.8369999999999999,0.8369999999999999,0.8369999999999999,0.8369999999999999,observed
2015-10-01,Nyengwe,0.8883870967741937,0.8883870967741937,0.8883870967741937,0.8883870967741937,observed
2015-11-01,Nyengwe,0.984,0.984,0.984,0.984,observed
2015-12-01,Nyengwe,1.0777419354838709,1.0777419354838709,1.0777419354838709,1.0777419354838709,observed
2016-01-01,Nyengwe,1.177741935483871,1.177741935483871,1.177741935483871,1.177741935483871,observed
2016-02-01,Nyengwe,1.19,1.19,1.19,1.19,observed
2016-03-01,Nyengwe,1.1483870967741936,1.1483870967741936,1.1483870967741936,1.1483870967741936,observed
2016-04-01,Nyengwe,1.2239999999999998,1.2239999999999998,1.2239999999999998,1.2239999999999998,observed
2016-05-01,Nyengwe,1.184838709677419,1.184838709677419,1.184838709677419,1.184838709677419,observed
2016-06-01,Nyengwe,1.1529999999999996,1.1529999999999996,1.1529999999999996,1.1529999999999996,observed
2016-07-01,Nyengwe,1.091290322580645,1.091290322580645,1.091290322580645,1.091290322580645,observed
2016-08-01,Nyengwe,1.0403225806451617,1.0403225806451617,1.0403225806451617,1.0403225806451617,observed
2016-09-01,Nyengwe,1.020333333333333,1.020333333333333,1.020333333333333,1.020333333333333,observed
2016-10-01,Nyengwe,1.0164516129032255,1.0164516129032255,1.0164516129032255,1.0164516129032255,observed
2016-11-01,Nyengwe,1.0503333333333331,1.0503333333333331,1.0503333333333331,1.0503333333333331,observed
2016-12-01,Nyengwe,1.089032258064516,1.089032258064516,1.089032258064516,1.089032258064516,observed
2017-01-01,Nyengwe,1.226451612903226,1.226451612903226,1.226451612903226,1.226451612903226,observed
2017-02-01,Nyengwe,1.365,1.365,1.365,1.365,observed
2017-03-01,Nyengwe,1.7322580645161292,1.7322580645161292,1.7322580645161292,1.7322580645161292,observed
2017-04-01,Nyengwe,2.002666666666667,2.002666666666667,2.002666666666667,2.002666666666667,observed
2017-05-01,Nyengwe,2.0006451612903224,2.0006451612903224,2.0006451612903224,2.0006451612903224,observed
2017-06-01,Nyengwe,1.934666666666667,1.934666666666667,1.934666666666667,1.934666666666667,observed
2017-07-01,Nyengwe,1.8525806451612887,1.8525806451612887,1.8525806451612887,1.8525806451612887,observed
2017-08-01,Nyengwe,1.799032258064516,1.799032258064516,1.799032258064516,1.799032258064516,observed
2017-09-01,Nyengwe,1.7693333333333336,1.7693333333333336,1.7693333333333336,1.7693333333333336,observed
2017-10-01,Nyengwe,1.800967741935484,1.800967741935484,1.800967741935484,1.800967741935484,observed
2017-11-01,Nyengwe,0.8613333333333334,0.8613333333333334,0.8613333333333334,0.8613333333333334,observed
2017-12-01,Nyengwe,0.9722580645161292,0.9722580645161292,0.9722580645161292,0.9722580645161292,observed
2018-01-01,Nyengwe,0.9819354838709676,0.9819354838709676,0.9819354838709676,0.9819354838709676,observed
2018-02-01,Nyengwe,1.0714285714285714,1.0714285714285714,1.0714285714285714,1.0714285714285714,observed
2018-03-01,Nyengwe,1.1054838709677417,1.1054838709677417,1.1054838709677417,1.1054838709677417,observed
2018-04-01,Nyengwe,1.2659999999999998,1.2659999999999998,1.2659999999999998,1.2659999999999998,observed
2018-05-01,Nyengwe,1.1938709677419357,1.1938709677419357,1.1938709677419357,1.1938709677419357,observed
2018-06-01,Nyengwe,1.0653333333333337,1.0653333333333337,1.0653333333333337,1.0653333333333337,observed
2018-07-01,Nyengwe,0.9967741935483866,0.9967741935483866,0.9967741935483866,0.9967741935483866,observed
2018-08-01,Nyengwe,0.9541935483870968,0.9541935483870968,0.9541935483870968,0.9541935483870968,observed
2018-09-01,Nyengwe,0.9036666666666664,0.9036666666666664,0.9036666666666664,0.9036666666666664,observed
2018-10-01,Nyengwe,0.9158064516129032,0.9158064516129032,0.9158064516129032,0.9158064516129032,observed
2018-11-01,Nyengwe,1.0219999999999996,1.0219999999999996,1.0219999999999996,1.0219999999999996,observed
2018-12-01,Nyengwe,1.0812903225806452,1.0812903225806452,1.0812903225806452,1.0812903225806452,observed
2019-01-01,Nyengwe,1.123225806451613,1.123225806451613,1.123225806451613,1.123225806451613,observed
2019-02-01,Nyengwe,1.1146428571428573,1.1146428571428573,1.1146428571428573,1.1146428571428573,observed
2019-03-01,Nyengwe,1.1100000000000003,1.1100000000000003,1.1100000000000003,1.1100000000000003,observed
2019-04-01,Nyengwe,1.136666666666667,1.136666666666667,1.136666666666667,1.136666666666667,observed
2019-05-01,Nyengwe,0.9725806451612904,0.9725806451612904,0.9725806451612904,0.9725806451612904,observed
2019-06-01,Nyengwe,0.6913333333333334,0.6913333333333334,0.6913333333333334,0.6913333333333334,observed
2019-07-01,Nyengwe,0.6222580645161288,0.6222580645161288,0.6222580645161288,0.6222580645161288,observed
2019-08-01,Nyengwe,0.5964516129032257,0.5964516129032257,0.5964516129032257,0.5964516129032257,observed
2019-09-01,Nyengwe,0.5693333333333332,0.5693333333333332,0.5693333333333332,0.5693333333333332,observed
2019-10-01,Nyengwe,0.6661290322580647,0.6661290322580647,0.6661290322580647,0.6661290322580647,observed
2019-11-01,Nyengwe,0.7726666666666667,0.7726666666666667,0.7726666666666667,0.7726666666666667,observed
2019-12-01,Nyengwe,1.0587096774193552,1.0587096774193552,1.0587096774193552,1.0587096774193552,observed
2020-01-01,Nyengwe,1.085483870967742,1.085483870967742,1.085483870967742,1.085483870967742,observed
2020-02-01,Nyengwe,1.2531034482758625,1.2531034482758625,1.2531034482758625,1.2531034482758625,observed
2020-03-01,Nyengwe,1.2935483870967743,1.2935483870967743,1.2935483870967743,1.2935483870967743,observed
2020-04-01,Nyengwe,1.3303333333333334,1.3303333333333334,1.3303333333333334,1.3303333333333334,observed
2020-05-01,Nyengwe,1.3725806451612903,1.3725806451612903,1.3725806451612903,1.3725806451612903,observed
2020-06-01,Nyengwe,1.2623333333333333,1.2623333333333333,1.2623333333333333,1.2623333333333333,observed
2020-07-01,Nyengwe,1.130645161290323,1.130645161290323,1.130645161290323,1.130645161290323,observed
2020-08-01,Nyengwe,1.0687096774193543,1.0687096774193543,1.0687096774193543,1.0687096774193543,observed
2020-09-01,Nyengwe,1.0373333333333334,1.0373333333333334,1.0373333333333334,1.0373333333333334,observed
2020-10-01,Nyengwe,1.078709677419355,1.078709677419355,1.078709677419355,1.078709677419355,observed
2020-11-01,Nyengwe,0.9453846153846156,0.9453846153846156,0.9453846153846156,0.9453846153846156,observed
2020-12-01,Nyengwe,0.6796774193548388,0.6796774193548388,0.6796774193548388,0.6796774193548388,observed
2021-01-01,Nyengwe,0.6696774193548387,0.6696774193548387,0.6696774193548387,0.6696774193548387,observed
2021-02-01,Nyengwe,0.6239285714285713,0.6239285714285713,0.6239285714285713,0.6239285714285713,observed
2021-03-01,Nyengwe,0.6693548387096776,0.6693548387096776,0.6693548387096776,0.6693548387096776,observed
2021-04-01,Nyengwe,0.6990476190476189,0.6990476190476189,0.6990476190476189,0.6990476190476189,observed
2021-05-01,Nyengwe,,0.6451513171195984,0.5691200777888298,0.7137270405888556,XGBoost_bootstrap_ensemble
2021-06-01,Nyengwe,,0.5325655937194824,0.44097588434815405,0.5990049719810484,XGBoost_bootstrap_ensemble
2021-07-01,Nyengwe,,0.5335933566093445,0.4649492710828781,0.5967199727892876,XGBoost_bootstrap_ensemble
2021-08-01,Nyengwe,,0.5426662564277649,0.4674206778407097,0.6072337567806244,XGBoost_bootstrap_ensemble
2021-09-01,Nyengwe,,0.56979900598526,0.4974460043013096,0.633782136440277,XGBoost_bootstrap_ensemble
2021-10-01,Nyengwe,,0.6206291317939758,0.5482241392135621,0.6755413204431534,XGBoost_bootstrap_ensemble
2021-11-01,Nyengwe,,0.6085283756256104,0.5396398499608039,0.6689215049147605,XGBoost_bootstrap_ensemble
2021-12-01,Nyengwe,,0.7207677364349365,0.6349673494696617,0.816982114315033,XGBoost_bootstrap_ensemble
2022-01-01,Nyengwe,,0.6196901202201843,0.5626370370388031,0.6712298929691315,XGBoost_bootstrap_ensemble
2022-02-01,Nyengwe,,0.6374459862709045,0.5781709238886833,0.6905173435807228,XGBoost_bootstrap_ensemble
2022-03-01,Nyengwe,,0.6733229756355286,0.6129283890128135,0.7434410825371741,XGBoost_bootstrap_ensemble
2022-04-01,Nyengwe,,0.6577116250991821,0.5879226505756379,0.7320029258728027,XGBoost_bootstrap_ensemble
2022-05-01,Nyengwe,,0.5879127979278564,0.4956330470740795,0.6530123829841614,XGBoost_bootstrap_ensemble
2022-06-01,Nyengwe,,0.509472668170929,0.4576869085431099,0.569299404323101,XGBoost_bootstrap_ensemble
2022-07-01,Nyengwe,,0.5327144861221313,0.48989520147442817,0.5660885646939278,XGBoost_bootstrap_ensemble
2022-08-01,Nyengwe,,0.5464523434638977,0.5085050702095032,0.5800668284296989,XGBoost_bootstrap_ensemble
2022-09-01,Nyengwe,,0.5427718162536621,0.49525359869003294,0.5739618226885795,XGBoost_bootstrap_ensemble
2022-10-01,Nyengwe,0.5964516129032256,0.5964516129032256,0.5964516129032256,0.5964516129032256,observed
2022-11-01,Nyengwe,0.5960000000000001,0.5960000000000001,0.5960000000000001,0.5960000000000001,observed
2022-12-01,Nyengwe,0.5974193548387097,0.5974193548387097,0.5974193548387097,0.5974193548387097,observed
2000-01-01,Mutimbuzi,,1.5887614488601685,1.2769649118185042,1.954147958755493,XGBoost_bootstrap_ensemble
2000-02-01,Mutimbuzi,,1.096436858177185,0.8770673841238021,1.3441784054040906,XGBoost_bootstrap_ensemble
2000-03-01,Mutimbuzi,,1.1925077438354492,0.9875145316123962,1.5172613233327863,XGBoost_bootstrap_ensemble
2000-04-01,Mutimbuzi,,1.0329588651657104,0.8156789496541024,1.234343284368515,XGBoost_bootstrap_ensemble
2000-05-01,Mutimbuzi,,0.9742717146873474,0.7892228782176971,1.1683630585670468,XGBoost_bootstrap_ensemble
2000-06-01,Mutimbuzi,,0.9335305094718933,0.7260606080293656,1.1009810924530028,XGBoost_bootstrap_ensemble
2000-07-01,Mutimbuzi,,0.9303908348083496,0.7436576142907143,1.1308098584413528,XGBoost_bootstrap_ensemble
2000-08-01,Mutimbuzi,,0.9229259490966797,0.7393825739622116,1.135573661327362,XGBoost_bootstrap_ensemble
2000-09-01,Mutimbuzi,,0.9183335900306702,0.7238095581531525,1.1020404756069182,XGBoost_bootstrap_ensemble
2000-10-01,Mutimbuzi,,0.9928132891654968,0.8448600515723228,1.1646247655153272,XGBoost_bootstrap_ensemble
2000-11-01,Mutimbuzi,,1.2300912141799927,1.0223675668239594,1.5314450591802595,XGBoost_bootstrap_ensemble
2000-12-01,Mutimbuzi,,1.175931453704834,1.0052029997110368,1.4071530640125274,XGBoost_bootstrap_ensemble
2001-01-01,Mutimbuzi,,1.2056949138641357,0.905175194144249,1.5661503374576566,XGBoost_bootstrap_ensemble
2001-02-01,Mutimbuzi,,1.1061491966247559,0.8157230094075203,1.4968825250864026,XGBoost_bootstrap_ensemble
2001-03-01,Mutimbuzi,,1.0567864179611206,0.904086847603321,1.306303450465202,XGBoost_bootstrap_ensemble
2001-04-01,Mutimbuzi,,0.9474421143531799,0.7739057093858719,1.1412477046251297,XGBoost_bootstrap_ensemble
2001-05-01,Mutimbuzi,,0.9056816697120667,0.7055932208895683,1.1021925538778305,XGBoost_bootstrap_ensemble
2001-06-01,Mutimbuzi,,0.9173298478126526,0.6835705280303955,1.2967874735593792,XGBoost_bootstrap_ensemble
2001-07-01,Mutimbuzi,,0.9022010564804077,0.6995108753442765,1.2565486013889309,XGBoost_bootstrap_ensemble
2001-08-01,Mutimbuzi,,0.8331172466278076,0.6825423330068588,0.9959701791405676,XGBoost_bootstrap_ensemble
2001-09-01,Mutimbuzi,,0.8369221687316895,0.6682206511497497,1.0555816918611525,XGBoost_bootstrap_ensemble
2001-10-01,Mutimbuzi,,0.9141930937767029,0.7339642331004143,1.0749859243631361,XGBoost_bootstrap_ensemble
2001-11-01,Mutimbuzi,,1.0377603769302368,0.8868371367454528,1.2823390305042266,XGBoost_bootstrap_ensemble
2001-12-01,Mutimbuzi,,1.00922429561615,0.8641357108950615,1.207104855775833,XGBoost_bootstrap_ensemble
2002-01-01,Mutimbuzi,,1.24391508102417,0.9604539677500725,1.6316535919904709,XGBoost_bootstrap_ensemble
2002-02-01,Mutimbuzi,,1.0110459327697754,0.8634338170289994,1.1997195601463317,XGBoost_bootstrap_ensemble
2002-03-01,Mutimbuzi,,1.1016582250595093,0.9653101712465286,1.3057653993368148,XGBoost_bootstrap_ensemble
2002-04-01,Mutimbuzi,,1.0731556415557861,0.8943979695439339,1.337027376890182,XGBoost_bootstrap_ensemble
2002-05-01,Mutimbuzi,,0.9452748894691467,0.7450641348958016,1.1342903703451153,XGBoost_bootstrap_ensemble
2002-06-01,Mutimbuzi,,0.8173056840896606,0.6550119012594223,1.0245591491460795,XGBoost_bootstrap_ensemble
2002-07-01,Mutimbuzi,,0.7855068445205688,0.6233800008893013,0.9894987761974334,XGBoost_bootstrap_ensemble
2002-08-01,Mutimbuzi,,0.8107962012290955,0.6453229814767838,0.984049208462238,XGBoost_bootstrap_ensemble
2002-09-01,Mutimbuzi,,0.7987864017486572,0.6310001596808433,0.9768188029527664,XGBoost_bootstrap_ensemble
2002-10-01,Mutimbuzi,,0.8588675856590271,0.7227547556161881,1.026252707839012,XGBoost_bootstrap_ensemble
2002-11-01,Mutimbuzi,,0.9839236736297607,0.7969587251543999,1.3083138167858124,XGBoost_bootstrap_ensemble
2002-12-01,Mutimbuzi,,1.0218075513839722,0.8381153613328933,1.1957072854042052,XGBoost_bootstrap_ensemble
2003-01-01,Mutimbuzi,,1.0483975410461426,0.8543805122375489,1.3967322885990139,XGBoost_bootstrap_ensemble
2003-02-01,Mutimbuzi,,0.8985811471939087,0.7325364053249359,1.0838062494993208,XGBoost_bootstrap_ensemble
2003-03-01,Mutimbuzi,,0.960003137588501,0.8129896178841591,1.1249307990074158,XGBoost_bootstrap_ensemble
2003-04-01,Mutimbuzi,,0.934542715549469,0.7707024797797203,1.108664673566818,XGBoost_bootstrap_ensemble
2003-05-01,Mutimbuzi,,0.8943086266517639,0.7037702262401581,1.064550134539604,XGBoost_bootstrap_ensemble
2003-06-01,Mutimbuzi,,0.7597392201423645,0.6002332121133804,0.948369553685188,XGBoost_bootstrap_ensemble
2003-07-01,Mutimbuzi,,0.7811651825904846,0.62665845900774,0.964552642405033,XGBoost_bootstrap_ensemble
2003-08-01,Mutimbuzi,,0.7674546241760254,0.6262926608324051,0.9190801307559013,XGBoost_bootstrap_ensemble
2003-09-01,Mutimbuzi,,0.8066098093986511,0.6388268232345581,0.9744269788265227,XGBoost_bootstrap_ensemble
2003-10-01,Mutimbuzi,,0.8644441962242126,0.7247909754514694,1.00081240683794,XGBoost_bootstrap_ensemble
2003-11-01,Mutimbuzi,,0.8451629877090454,0.6718913063406944,1.021991378068924,XGBoost_bootstrap_ensemble
2003-12-01,Mutimbuzi,,0.9157277941703796,0.7459093064069748,1.1618514418601988,XGBoost_bootstrap_ensemble
2004-01-01,Mutimbuzi,,0.8686023950576782,0.7315696999430656,1.0438665926456445,XGBoost_bootstrap_ensemble
2004-02-01,Mutimbuzi,,0.8278838396072388,0.6780294716358185,1.0103361934423447,XGBoost_bootstrap_ensemble
2004-03-01,Mutimbuzi,,0.9835588335990906,0.845494557917118,1.1843717992305756,XGBoost_bootstrap_ensemble
2004-04-01,Mutimbuzi,,0.9503723978996277,0.8129796087741852,1.1444864004850386,XGBoost_bootstrap_ensemble
2004-05-01,Mutimbuzi,,0.8637281656265259,0.6781021595001221,1.0101676821708678,XGBoost_bootstrap_ensemble
2004-06-01,Mutimbuzi,,0.7808403968811035,0.6254156902432442,0.9668939903378482,XGBoost_bootstrap_ensemble
2004-07-01,Mutimbuzi,,0.7603179216384888,0.6008421212434769,0.9417449504137039,XGBoost_bootstrap_ensemble
2004-08-01,Mutimbuzi,,0.7641666531562805,0.6244954243302345,0.9186619505286215,XGBoost_bootstrap_ensemble
2004-09-01,Mutimbuzi,,0.7912467122077942,0.6197500094771385,0.9517263516783714,XGBoost_bootstrap_ensemble
2004-10-01,Mutimbuzi,,0.8399734497070312,0.6910822838544846,1.0038530603051181,XGBoost_bootstrap_ensemble
2004-11-01,Mutimbuzi,,0.8648579120635986,0.6790677607059479,1.0914174228906623,XGBoost_bootstrap_ensemble
2004-12-01,Mutimbuzi,,1.0260334014892578,0.813729128241539,1.2479047328233719,XGBoost_bootstrap_ensemble
2005-01-01,Mutimbuzi,,1.0535293817520142,0.8985950618982315,1.3071182042360303,XGBoost_bootstrap_ensemble
2005-02-01,Mutimbuzi,,0.9240909814834595,0.7670723974704743,1.1362717986106867,XGBoost_bootstrap_ensemble
2005-03-01,Mutimbuzi,,1.0546542406082153,0.93130242228508,1.25898243188858,XGBoost_bootstrap_ensemble
2005-04-01,Mutimbuzi,,1.0147249698638916,0.8496581360697746,1.199024501442909,XGBoost_bootstrap_ensemble
2005-05-01,Mutimbuzi,,1.0184367895126343,0.8571324899792672,1.2232961475849151,XGBoost_bootstrap_ensemble
2005-06-01,Mutimbuzi,,0.873701810836792,0.7102673694491386,1.0883317708969114,XGBoost_bootstrap_ensemble
2005-07-01,Mutimbuzi,,0.8533980846405029,0.7024522617459297,1.06007117331028,XGBoost_bootstrap_ensemble
2005-08-01,Mutimbuzi,,0.8389660716056824,0.6858034893870354,1.009626795351505,XGBoost_bootstrap_ensemble
2005-09-01,Mutimbuzi,,0.8586316108703613,0.6392232641577721,1.0553886413574218,XGBoost_bootstrap_ensemble
2005-10-01,Mutimbuzi,,0.8618638515472412,0.7061099544167518,1.0199646532535551,XGBoost_bootstrap_ensemble
2005-11-01,Mutimbuzi,,0.9607897996902466,0.8175938442349434,1.1751120507717125,XGBoost_bootstrap_ensemble
2005-12-01,Mutimbuzi,,1.0480366945266724,0.8798551127314568,1.304557156562805,XGBoost_bootstrap_ensemble
2006-01-01,Mutimbuzi,,0.9917739629745483,0.8518765538930893,1.2370927542448042,XGBoost_bootstrap_ensemble
2006-02-01,Mutimbuzi,,0.899829626083374,0.7529654711484909,1.077455624938011,XGBoost_bootstrap_ensemble
2006-03-01,Mutimbuzi,,1.0116978883743286,0.8647095009684562,1.2103249639272688,XGBoost_bootstrap_ensemble
2006-04-01,Mutimbuzi,,0.9801003932952881,0.8270055070519448,1.1850868046283722,XGBoost_bootstrap_ensemble
2006-05-01,Mutimbuzi,,1.0137524604797363,0.8455615118145943,1.2323453813791274,XGBoost_bootstrap_ensemble
2006-06-01,Mutimbuzi,,0.7884818315505981,0.6319413274526596,0.9899952009320259,XGBoost_bootstrap_ensemble
2006-07-01,Mutimbuzi,,0.7679977416992188,0.5977456033229828,0.9828257545828819,XGBoost_bootstrap_ensemble
2006-08-01,Mutimbuzi,,0.7691869139671326,0.5884274154901504,0.9599346935749049,XGBoost_bootstrap_ensemble
2006-09-01,Mutimbuzi,,0.8013961315155029,0.6359844267368316,0.9712004885077472,XGBoost_bootstrap_ensemble
2006-10-01,Mutimbuzi,,0.8391481637954712,0.6766321733593941,1.0147648245096206,XGBoost_bootstrap_ensemble
2006-11-01,Mutimbuzi,,1.2122007608413696,0.9474551975727081,1.5462815701961514,XGBoost_bootstrap_ensemble
2006-12-01,Mutimbuzi,,1.1080219745635986,0.8907042175531388,1.5134552121162415,XGBoost_bootstrap_ensemble
2007-01-01,Mutimbuzi,,1.1142950057983398,0.9798689171671867,1.288267633318901,XGBoost_bootstrap_ensemble
2007-02-01,Mutimbuzi,,1.058273196220398,0.8984326347708702,1.2599169850349425,XGBoost_bootstrap_ensemble
2007-03-01,Mutimbuzi,,1.0335444211959839,0.874091413617134,1.2187842577695847,XGBoost_bootstrap_ensemble
2007-04-01,Mutimbuzi,,1.1002936363220215,0.9515364721417428,1.2796027570962905,XGBoost_bootstrap_ensemble
2007-05-01,Mutimbuzi,,0.9556161761283875,0.7814322292804718,1.1773355066776274,XGBoost_bootstrap_ensemble
2007-06-01,Mutimbuzi,,0.8484129309654236,0.6767765194177627,1.0557016432285307,XGBoost_bootstrap_ensemble
2007-07-01,Mutimbuzi,,0.827433705329895,0.6709382504224777,1.0250100374221798,XGBoost_bootstrap_ensemble
2007-08-01,Mutimbuzi,,0.8697784543037415,0.7006390556693077,1.0553932219743727,XGBoost_bootstrap_ensemble
2007-09-01,Mutimbuzi,,0.8472712635993958,0.7019221425056458,1.0439104855060575,XGBoost_bootstrap_ensemble
2007-10-01,Mutimbuzi,,0.9263801574707031,0.8056509450078011,1.1115892320871352,XGBoost_bootstrap_ensemble
2007-11-01,Mutimbuzi,,1.0926958322525024,0.9075771331787109,1.4271830797195433,XGBoost_bootstrap_ensemble
2007-12-01,Mutimbuzi,,1.0799399614334106,0.90817541629076,1.2741836845874785,XGBoost_bootstrap_ensemble
2008-01-01,Mutimbuzi,,1.004752278327942,0.86853728890419,1.22760851085186,XGBoost_bootstrap_ensemble
2008-02-01,Mutimbuzi,,1.0421526432037354,0.9226840361952782,1.2351742327213284,XGBoost_bootstrap_ensemble
2008-03-01,Mutimbuzi,,0.9589710831642151,0.7931717544794082,1.2020621806383132,XGBoost_bootstrap_ensemble
2008-04-01,Mutimbuzi,,0.9790817499160767,0.8390272542834282,1.201681885123253,XGBoost_bootstrap_ensemble
2008-05-01,Mutimbuzi,,0.8497266173362732,0.6860290542244911,1.0506717950105666,XGBoost_bootstrap_ensemble
2008-06-01,Mutimbuzi,,0.8621730208396912,0.6897055029869079,1.0478321313858032,XGBoost_bootstrap_ensemble
2008-07-01,Mutimbuzi,,0.876095175743103,0.7085725277662277,1.2013243347406377,XGBoost_bootstrap_ensemble
2008-08-01,Mutimbuzi,,0.7981140613555908,0.6443268463015557,1.0207536011934277,XGBoost_bootstrap_ensemble
2008-09-01,Mutimbuzi,,0.8120995163917542,0.6663393780589104,0.9826462447643279,XGBoost_bootstrap_ensemble
2008-10-01,Mutimbuzi,,0.9638506174087524,0.8284509867429733,1.156018254160881,XGBoost_bootstrap_ensemble
2008-11-01,Mutimbuzi,,0.8742837309837341,0.6942860841751098,1.0501801401376722,XGBoost_bootstrap_ensemble
2008-12-01,Mutimbuzi,,0.9611075520515442,0.8058627590537071,1.1761777639389037,XGBoost_bootstrap_ensemble
2009-01-01,Mutimbuzi,,0.9776314496994019,0.856361024081707,1.1713517367839812,XGBoost_bootstrap_ensemble
2009-02-01,Mutimbuzi,0.975,0.975,0.975,0.975,observed
2009-03-01,Mutimbuzi,0.8496774193548385,0.8496774193548385,0.8496774193548385,0.8496774193548385,observed
2009-04-01,Mutimbuzi,0.8920000000000001,0.8920000000000001,0.8920000000000001,0.8920000000000001,observed
2009-05-01,Mutimbuzi,0.7012903225806454,0.7012903225806454,0.7012903225806454,0.7012903225806454,observed
2009-06-01,Mutimbuzi,0.5833333333333334,0.5833333333333334,0.5833333333333334,0.5833333333333334,observed
2009-07-01,Mutimbuzi,0.4519354838709677,0.4519354838709677,0.4519354838709677,0.4519354838709677,observed
2009-08-01,Mutimbuzi,0.342258064516129,0.342258064516129,0.342258064516129,0.342258064516129,observed
2009-09-01,Mutimbuzi,0.326,0.326,0.326,0.326,observed
2009-10-01,Mutimbuzi,0.554516129032258,0.554516129032258,0.554516129032258,0.554516129032258,observed
2009-11-01,Mutimbuzi,0.8263333333333333,0.8263333333333333,0.8263333333333333,0.8263333333333333,observed
2009-12-01,Mutimbuzi,0.9119354838709676,0.9119354838709676,0.9119354838709676,0.9119354838709676,observed
2010-01-01,Mutimbuzi,1.1896774193548387,1.1896774193548387,1.1896774193548387,1.1896774193548387,observed
2010-02-01,Mutimbuzi,0.9439285714285712,0.9439285714285712,0.9439285714285712,0.9439285714285712,observed
2010-03-01,Mutimbuzi,1.2619354838709682,1.2619354838709682,1.2619354838709682,1.2619354838709682,observed
2010-04-01,Mutimbuzi,1.096666666666667,1.096666666666667,1.096666666666667,1.096666666666667,observed
2010-05-01,Mutimbuzi,1.041290322580645,1.041290322580645,1.041290322580645,1.041290322580645,observed
2010-06-01,Mutimbuzi,1.0439999999999996,1.0439999999999996,1.0439999999999996,1.0439999999999996,observed
2010-07-01,Mutimbuzi,1.0651612903225804,1.0651612903225804,1.0651612903225804,1.0651612903225804,observed
2010-08-01,Mutimbuzi,1.1648387096774195,1.1648387096774195,1.1648387096774195,1.1648387096774195,observed
2010-09-01,Mutimbuzi,1.1603333333333332,1.1603333333333332,1.1603333333333332,1.1603333333333332,observed
2010-10-01,Mutimbuzi,1.2664516129032262,1.2664516129032262,1.2664516129032262,1.2664516129032262,observed
2010-11-01,Mutimbuzi,1.4236666666666666,1.4236666666666666,1.4236666666666666,1.4236666666666666,observed
2010-12-01,Mutimbuzi,1.418064516129032,1.418064516129032,1.418064516129032,1.418064516129032,observed
2011-01-01,Mutimbuzi,1.279677419354839,1.279677419354839,1.279677419354839,1.279677419354839,observed
2011-02-01,Mutimbuzi,1.07,1.07,1.07,1.07,observed
2011-03-01,Mutimbuzi,1.4558064516129032,1.4558064516129032,1.4558064516129032,1.4558064516129032,observed
2011-04-01,Mutimbuzi,1.2143333333333337,1.2143333333333337,1.2143333333333337,1.2143333333333337,observed
2011-05-01,Mutimbuzi,0.9996774193548386,0.9996774193548386,0.9996774193548386,0.9996774193548386,observed
2011-06-01,Mutimbuzi,,0.984629213809967,0.7734383791685104,1.1534248262643814,XGBoost_bootstrap_ensemble
2011-07-01,Mutimbuzi,,0.9699843525886536,0.7722381591796875,1.1254481971263885,XGBoost_bootstrap_ensemble
2011-08-01,Mutimbuzi,,0.929894208908081,0.7371780470013618,1.0863156169652939,XGBoost_bootstrap_ensemble
2011-09-01,Mutimbuzi,,0.9268245100975037,0.7688569352030754,1.0998085588216782,XGBoost_bootstrap_ensemble
2011-10-01,Mutimbuzi,,1.0425832271575928,0.7930235072970391,1.3617787390947342,XGBoost_bootstrap_ensemble
2011-11-01,Mutimbuzi,,1.2472044229507446,0.9853390768170357,1.5483367115259168,XGBoost_bootstrap_ensemble
2011-12-01,Mutimbuzi,,1.2076268196105957,1.014140585064888,1.530872830748558,XGBoost_bootstrap_ensemble
2012-01-01,Mutimbuzi,,1.0754027366638184,0.9054079607129097,1.2284066736698152,XGBoost_bootstrap_ensemble
2012-02-01,Mutimbuzi,,1.0119596719741821,0.856607335805893,1.1993673145771024,XGBoost_bootstrap_ensemble
2012-03-01,Mutimbuzi,,1.0835652351379395,0.9015385895967484,1.3316025674343108,XGBoost_bootstrap_ensemble
2012-04-01,Mutimbuzi,,1.0287474393844604,0.8180350050330162,1.212499749660492,XGBoost_bootstrap_ensemble
2012-05-01,Mutimbuzi,,0.9105536937713623,0.7123400464653968,1.1311152815818786,XGBoost_bootstrap_ensemble
2012-06-01,Mutimbuzi,,0.879518449306488,0.633670000731945,1.3073045819997782,XGBoost_bootstrap_ensemble
2012-07-01,Mutimbuzi,,0.8386381268501282,0.5905670791864395,1.229353356361389,XGBoost_bootstrap_ensemble
2012-08-01,Mutimbuzi,,0.6832805871963501,0.5494958534836769,0.8939291313290593,XGBoost_bootstrap_ensemble
2012-09-01,Mutimbuzi,,0.748658299446106,0.6126903921365738,0.9311851114034652,XGBoost_bootstrap_ensemble
2012-10-01,Mutimbuzi,,0.8296565413475037,0.684981943666935,0.9887348666787147,XGBoost_bootstrap_ensemble
2012-11-01,Mutimbuzi,,0.9079586863517761,0.6910564690828324,1.2203640878200528,XGBoost_bootstrap_ensemble
2012-12-01,Mutimbuzi,,1.118659257888794,0.847504948079586,1.4963387221097944,XGBoost_bootstrap_ensemble
2013-01-01,Mutimbuzi,,0.8217933773994446,0.6769472643733024,1.0154295653104781,XGBoost_bootstrap_ensemble
2013-02-01,Mutimbuzi,,0.8109757900238037,0.6005446031689644,1.0304861187934875,XGBoost_bootstrap_ensemble
2013-03-01,Mutimbuzi,,0.7455570101737976,0.6028521120548248,0.924191179871559,XGBoost_bootstrap_ensemble
2013-04-01,Mutimbuzi,,0.8938484191894531,0.6913961634039879,1.0858025580644608,XGBoost_bootstrap_ensemble
2013-05-01,Mutimbuzi,,0.7698366641998291,0.6312886014580726,1.0065930426120757,XGBoost_bootstrap_ensemble
2013-06-01,Mutimbuzi,,0.6442649364471436,0.513120736181736,0.8709747731685636,XGBoost_bootstrap_ensemble
2013-07-01,Mutimbuzi,,0.6029493808746338,0.48966881409287455,0.8092223644256591,XGBoost_bootstrap_ensemble
2013-08-01,Mutimbuzi,,0.641501247882843,0.5353545352816582,0.8416762590408323,XGBoost_bootstrap_ensemble
2013-09-01,Mutimbuzi,,0.6380546689033508,0.5282628163695335,0.8206360772252081,XGBoost_bootstrap_ensemble
2013-10-01,Mutimbuzi,,0.7294554710388184,0.5683109730482101,0.8992915928363798,XGBoost_bootstrap_ensemble
2013-11-01,Mutimbuzi,,0.7537347674369812,0.5976693481206894,1.0906657457351683,XGBoost_bootstrap_ensemble
2013-12-01,Mutimbuzi,,1.0701525211334229,0.7780890807509422,1.4200797379016874,XGBoost_bootstrap_ensemble
2014-01-01,Mutimbuzi,,0.829603374004364,0.6496654421091079,1.0441421300172804,XGBoost_bootstrap_ensemble
2014-02-01,Mutimbuzi,,0.9024564623832703,0.6782792627811431,1.2654340177774428,XGBoost_bootstrap_ensemble
2014-03-01,Mutimbuzi,,0.7927733063697815,0.6250465348362922,1.0216381430625912,XGBoost_bootstrap_ensemble
2014-04-01,Mutimbuzi,,0.7448098063468933,0.5920900598168373,0.9801918327808379,XGBoost_bootstrap_ensemble
2014-05-01,Mutimbuzi,,0.5673398971557617,0.4465483665466309,0.8168113023042675,XGBoost_bootstrap_ensemble
2014-06-01,Mutimbuzi,,0.5456512570381165,0.44878209456801416,0.7487252086400984,XGBoost_bootstrap_ensemble
2014-07-01,Mutimbuzi,,0.5363335609436035,0.4445275142788887,0.7132190272212028,XGBoost_bootstrap_ensemble
2014-08-01,Mutimbuzi,,0.5673949718475342,0.4794472135603428,0.7609145432710648,XGBoost_bootstrap_ensemble
2014-09-01,Mutimbuzi,,0.6139335036277771,0.5107648193836212,0.7660612478852271,XGBoost_bootstrap_ensemble
2014-10-01,Mutimbuzi,,0.6170955896377563,0.523304608464241,0.762164358794689,XGBoost_bootstrap_ensemble
2014-11-01,Mutimbuzi,,0.7020004391670227,0.5476919844746589,1.0747662454843518,XGBoost_bootstrap_ensemble
2014-12-01,Mutimbuzi,,0.8828964233398438,0.6805856585502624,1.1345126062631605,XGBoost_bootstrap_ensemble
2015-01-01,Mutimbuzi,,0.8228230476379395,0.6269531577825547,1.1718071460723876,XGBoost_bootstrap_ensemble
2015-02-01,Mutimbuzi,,0.8439244031906128,0.6361336812376976,1.0498143315315245,XGBoost_bootstrap_ensemble
2015-03-01,Mutimbuzi,,0.795886218547821,0.5677793532609939,1.1714527398347854,XGBoost_bootstrap_ensemble
2015-04-01,Mutimbuzi,,0.7279831171035767,0.5763682529330254,0.9770158454775809,XGBoost_bootstrap_ensemble
2015-05-01,Mutimbuzi,,0.6686661243438721,0.5141096860170364,0.9438713893294334,XGBoost_bootstrap_ensemble
2015-06-01,Mutimbuzi,,0.5617614984512329,0.43004006519913673,0.7762145236134527,XGBoost_bootstrap_ensemble
2015-07-01,Mutimbuzi,,0.5254868865013123,0.4235880009829998,0.7729007378220556,XGBoost_bootstrap_ensemble
2015-08-01,Mutimbuzi,,0.5372888445854187,0.4332694835960865,0.7390312194824216,XGBoost_bootstrap_ensemble
2015-09-01,Mutimbuzi,,0.566988468170166,0.4605656251311302,0.7361092835664744,XGBoost_bootstrap_ensemble
2015-10-01,Mutimbuzi,,0.6728515028953552,0.5508806258440018,0.8463246926665305,XGBoost_bootstrap_ensemble
2015-11-01,Mutimbuzi,,0.7733893394470215,0.583745789527893,1.1226524144411079,XGBoost_bootstrap_ensemble
2015-12-01,Mutimbuzi,,0.880684494972229,0.6906435802578926,1.1025534391403196,XGBoost_bootstrap_ensemble
2016-01-01,Mutimbuzi,,0.9777218699455261,0.6919253557920456,1.237222611904144,XGBoost_bootstrap_ensemble
2016-02-01,Mutimbuzi,,1.008538007736206,0.7206259340047836,1.3036140263080596,XGBoost_bootstrap_ensemble
2016-03-01,Mutimbuzi,,0.8316410183906555,0.57272809445858,1.0760878771543503,XGBoost_bootstrap_ensemble
2016-04-01,Mutimbuzi,,0.9126526117324829,0.6259778439998627,1.1785155206918716,XGBoost_bootstrap_ensemble
2016-05-01,Mutimbuzi,,0.7383768558502197,0.5490802183747292,0.9581010386347768,XGBoost_bootstrap_ensemble
2016-06-01,Mutimbuzi,,0.5120476484298706,0.407189580053091,0.6608844012022018,XGBoost_bootstrap_ensemble
2016-07-01,Mutimbuzi,,0.48292115330696106,0.40616940930485723,0.626741901040077,XGBoost_bootstrap_ensemble
2016-08-01,Mutimbuzi,,0.4851726293563843,0.3868289701640606,0.6382042631506917,XGBoost_bootstrap_ensemble
2016-09-01,Mutimbuzi,,0.6484924554824829,0.5037570178508759,0.796717344224453,XGBoost_bootstrap_ensemble
2016-10-01,Mutimbuzi,,0.6131188869476318,0.4803346164524555,0.8092713415622711,XGBoost_bootstrap_ensemble
2016-11-01,Mutimbuzi,,0.8244607448577881,0.612398087978363,1.1003000557422635,XGBoost_bootstrap_ensemble
2016-12-01,Mutimbuzi,,0.7445212602615356,0.570161160826683,1.1516620844602583,XGBoost_bootstrap_ensemble
2017-01-01,Mutimbuzi,,0.6363226771354675,0.5070139825344085,0.8168190538883209,XGBoost_bootstrap_ensemble
2017-02-01,Mutimbuzi,,0.8045086860656738,0.6278242543339729,1.1220805823802948,XGBoost_bootstrap_ensemble
2017-03-01,Mutimbuzi,,0.7097479104995728,0.5488390162587166,0.9084848955273626,XGBoost_bootstrap_ensemble
2017-04-01,Mutimbuzi,,0.7746957540512085,0.5275040626525879,1.066334682703018,XGBoost_bootstrap_ensemble
2017-05-01,Mutimbuzi,,0.5505960583686829,0.437199816852808,0.6918600589036941,XGBoost_bootstrap_ensemble
2017-06-01,Mutimbuzi,,0.45775139331817627,0.34521963000297545,0.5978130206465719,XGBoost_bootstrap_ensemble
2017-07-01,Mutimbuzi,,0.4632719159126282,0.3477135494351387,0.5919791191816329,XGBoost_bootstrap_ensemble
2017-08-01,Mutimbuzi,,0.5076249837875366,0.3998053088784218,0.6584097161889075,XGBoost_bootstrap_ensemble
2017-09-01,Mutimbuzi,,0.5106541514396667,0.40673530474305153,0.6521647736430167,XGBoost_bootstrap_ensemble
2017-10-01,Mutimbuzi,,0.6331710815429688,0.45769090205430984,0.7840725392103195,XGBoost_bootstrap_ensemble
2017-11-01,Mutimbuzi,0.4836666666666666,0.4836666666666666,0.4836666666666666,0.4836666666666666,observed
2017-12-01,Mutimbuzi,0.4983870967741937,0.4983870967741937,0.4983870967741937,0.4983870967741937,observed
2018-01-01,Mutimbuzi,0.6751612903225804,0.6751612903225804,0.6751612903225804,0.6751612903225804,observed
2018-02-01,Mutimbuzi,0.6107142857142857,0.6107142857142857,0.6107142857142857,0.6107142857142857,observed
2018-03-01,Mutimbuzi,1.2429032258064516,1.2429032258064516,1.2429032258064516,1.2429032258064516,observed
2018-04-01,Mutimbuzi,2.5196666666666667,2.5196666666666667,2.5196666666666667,2.5196666666666667,observed
2018-05-01,Mutimbuzi,2.3845161290322583,2.3845161290322583,2.3845161290322583,2.3845161290322583,observed
2018-06-01,Mutimbuzi,1.0333333333333332,1.0333333333333332,1.0333333333333332,1.0333333333333332,observed
2018-07-01,Mutimbuzi,1.474193548387097,1.474193548387097,1.474193548387097,1.474193548387097,observed
2018-08-01,Mutimbuzi,1.1861290322580649,1.1861290322580649,1.1861290322580649,1.1861290322580649,observed
2018-09-01,Mutimbuzi,1.0963333333333336,1.0963333333333336,1.0963333333333336,1.0963333333333336,observed
2018-10-01,Mutimbuzi,1.2374193548387096,1.2374193548387096,1.2374193548387096,1.2374193548387096,observed
2018-11-01,Mutimbuzi,1.8776666666666664,1.8776666666666664,1.8776666666666664,1.8776666666666664,observed
2018-12-01,Mutimbuzi,1.5187096774193547,1.5187096774193547,1.5187096774193547,1.5187096774193547,observed
2019-01-01,Mutimbuzi,1.506774193548387,1.506774193548387,1.506774193548387,1.506774193548387,observed
2019-02-01,Mutimbuzi,1.5485714285714285,1.5485714285714285,1.5485714285714285,1.5485714285714285,observed
2019-03-01,Mutimbuzi,1.64741935483871,1.64741935483871,1.64741935483871,1.64741935483871,observed
2019-04-01,Mutimbuzi,1.828,1.828,1.828,1.828,observed
2019-05-01,Mutimbuzi,1.8264516129032256,1.8264516129032256,1.8264516129032256,1.8264516129032256,observed
2019-06-01,Mutimbuzi,1.3486666666666665,1.3486666666666665,1.3486666666666665,1.3486666666666665,observed
2019-07-01,Mutimbuzi,0.8606451612903223,0.8606451612903223,0.8606451612903223,0.8606451612903223,observed
2019-08-01,Mutimbuzi,0.7054838709677419,0.7054838709677419,0.7054838709677419,0.7054838709677419,observed
2019-09-01,Mutimbuzi,0.543,0.543,0.543,0.543,observed
2019-10-01,Mutimbuzi,0.8774193548387098,0.8774193548387098,0.8774193548387098,0.8774193548387098,observed
2019-11-01,Mutimbuzi,1.0633333333333337,1.0633333333333337,1.0633333333333337,1.0633333333333337,observed
2019-12-01,Mutimbuzi,1.597741935483871,1.597741935483871,1.597741935483871,1.597741935483871,observed
2020-01-01,Mutimbuzi,2.6158064516129027,2.6158064516129027,2.6158064516129027,2.6158064516129027,observed
2020-02-01,Mutimbuzi,2.951724137931034,2.951724137931034,2.951724137931034,2.951724137931034,observed
2020-03-01,Mutimbuzi,3.0022580645161288,3.0022580645161288,3.0022580645161288,3.0022580645161288,observed
2020-04-01,Mutimbuzi,2.815666666666667,2.815666666666667,2.815666666666667,2.815666666666667,observed
2020-05-01,Mutimbuzi,2.881935483870967,2.881935483870967,2.881935483870967,2.881935483870967,observed
2020-06-01,Mutimbuzi,2.644,2.644,2.644,2.644,observed
2020-07-01,Mutimbuzi,2.5106451612903227,2.5106451612903227,2.5106451612903227,2.5106451612903227,observed
2020-08-01,Mutimbuzi,2.1670967741935483,2.1670967741935483,2.1670967741935483,2.1670967741935483,observed
2020-09-01,Mutimbuzi,2.2376666666666667,2.2376666666666667,2.2376666666666667,2.2376666666666667,observed
2020-10-01,Mutimbuzi,2.3122580645161293,2.3122580645161293,2.3122580645161293,2.3122580645161293,observed
2020-11-01,Mutimbuzi,2.507333333333333,2.507333333333333,2.507333333333333,2.507333333333333,observed
2020-12-01,Mutimbuzi,2.4945161290322586,2.4945161290322586,2.4945161290322586,2.4945161290322586,observed
2021-01-01,Mutimbuzi,2.662903225806452,2.662903225806452,2.662903225806452,2.662903225806452,observed
2021-02-01,Mutimbuzi,2.708928571428572,2.708928571428572,2.708928571428572,2.708928571428572,observed
2021-03-01,Mutimbuzi,2.643548387096774,2.643548387096774,2.643548387096774,2.643548387096774,observed
2021-04-01,Mutimbuzi,2.672,2.672,2.672,2.672,observed
2021-05-01,Mutimbuzi,2.802258064516129,2.802258064516129,2.802258064516129,2.802258064516129,observed
2021-06-01,Mutimbuzi,2.608333333333334,2.608333333333334,2.608333333333334,2.608333333333334,observed
2021-07-01,Mutimbuzi,2.4603225806451614,2.4603225806451614,2.4603225806451614,2.4603225806451614,observed
2021-08-01,Mutimbuzi,2.2219354838709675,2.2219354838709675,2.2219354838709675,2.2219354838709675,observed
2021-09-01,Mutimbuzi,2.443666666666666,2.443666666666666,2.443666666666666,2.443666666666666,observed
2021-10-01,Mutimbuzi,2.5022580645161296,2.5022580645161296,2.5022580645161296,2.5022580645161296,observed
2021-11-01,Mutimbuzi,2.356,2.356,2.356,2.356,observed
2021-12-01,Mutimbuzi,2.297096774193548,2.297096774193548,2.297096774193548,2.297096774193548,observed
2022-01-01,Mutimbuzi,1.392903225806452,1.392903225806452,1.392903225806452,1.392903225806452,observed
2022-02-01,Mutimbuzi,1.4721428571428574,1.4721428571428574,1.4721428571428574,1.4721428571428574,observed
2022-03-01,Mutimbuzi,1.574516129032258,1.574516129032258,1.574516129032258,1.574516129032258,observed
2022-04-01,Mutimbuzi,1.7506666666666666,1.7506666666666666,1.7506666666666666,1.7506666666666666,observed
2022-05-01,Mutimbuzi,1.9038709677419352,1.9038709677419352,1.9038709677419352,1.9038709677419352,observed
2022-06-01,Mutimbuzi,1.7003333333333337,1.7003333333333337,1.7003333333333337,1.7003333333333337,observed
2022-07-01,Mutimbuzi,1.4983870967741937,1.4983870967741937,1.4983870967741937,1.4983870967741937,observed
2022-08-01,Mutimbuzi,1.2519354838709678,1.2519354838709678,1.2519354838709678,1.2519354838709678,observed
2022-09-01,Mutimbuzi,1.0799999999999998,1.0799999999999998,1.0799999999999998,1.0799999999999998,observed
2022-10-01,Mutimbuzi,0.9351612903225808,0.9351612903225808,0.9351612903225808,0.9351612903225808,observed
2022-11-01,Mutimbuzi,0.9833333333333332,0.9833333333333332,0.9833333333333332,0.9833333333333332,observed
2022-12-01,Mutimbuzi,1.219354838709677,1.219354838709677,1.219354838709677,1.219354838709677,observed
2023-01-01,Mutimbuzi,1.359032258064516,1.359032258064516,1.359032258064516,1.359032258064516,observed
2023-02-01,Mutimbuzi,1.403214285714286,1.403214285714286,1.403214285714286,1.403214285714286,observed
2023-03-01,Mutimbuzi,1.6112903225806448,1.6112903225806448,1.6112903225806448,1.6112903225806448,observed
2023-04-01,Mutimbuzi,2.065333333333333,2.065333333333333,2.065333333333333,2.065333333333333,observed
2023-05-01,Mutimbuzi,2.326774193548387,2.326774193548387,2.326774193548387,2.326774193548387,observed
2023-06-01,Mutimbuzi,2.010333333333333,2.010333333333333,2.010333333333333,2.010333333333333,observed
2023-07-01,Mutimbuzi,1.7800000000000002,1.7800000000000002,1.7800000000000002,1.7800000000000002,observed
2023-08-01,Mutimbuzi,1.5506451612903225,1.5506451612903225,1.5506451612903225,1.5506451612903225,observed
2023-09-01,Mutimbuzi,1.4089655172413793,1.4089655172413793,1.4089655172413793,1.4089655172413793,observed
2023-10-01,Mutimbuzi,1.230967741935484,1.230967741935484,1.230967741935484,1.230967741935484,observed
2023-11-01,Mutimbuzi,1.456333333333333,1.456333333333333,1.456333333333333,1.456333333333333,observed
2023-12-01,Mutimbuzi,1.609354838709678,1.609354838709678,1.609354838709678,1.609354838709678,observed
2024-01-01,Mutimbuzi,1.8641935483870968,1.8641935483870968,1.8641935483870968,1.8641935483870968,observed
2024-02-01,Mutimbuzi,,1.9354554414749146,1.5902416706085205,2.248063975572586,XGBoost_bootstrap_ensemble
2024-03-01,Mutimbuzi,,1.919905185699463,1.6156700789928435,2.2606784164905545,XGBoost_bootstrap_ensemble
2024-04-01,Mutimbuzi,,2.0212323665618896,1.7540788888931274,2.2931052088737487,XGBoost_bootstrap_ensemble
2024-05-01,Mutimbuzi,,2.0093326568603516,1.7931180328130722,2.235972028970718,XGBoost_bootstrap_ensemble
2024-06-01,Mutimbuzi,,1.9392993450164795,1.663218840956688,2.1833364844322203,XGBoost_bootstrap_ensemble
2024-07-01,Mutimbuzi,,1.9711596965789795,1.630422332882881,2.1980431258678435,XGBoost_bootstrap_ensemble
2024-08-01,Mutimbuzi,2.291290322580646,2.291290322580646,2.291290322580646,2.291290322580646,observed
2024-09-01,Mutimbuzi,2.0960000000000005,2.0960000000000005,2.0960000000000005,2.0960000000000005,observed
2024-10-01,Mutimbuzi,2.0580645161290323,2.0580645161290323,2.0580645161290323,2.0580645161290323,observed
2024-11-01,Mutimbuzi,2.059,2.059,2.059,2.059,observed
2000-01-01,Rusizi,,2.805389642715454,2.6224729239940645,3.076994878053665,XGBoost_bootstrap_ensemble
2000-02-01,Rusizi,,2.2115964889526367,2.059918200969696,2.3983603775501248,XGBoost_bootstrap_ensemble
2000-03-01,Rusizi,,2.203335762023926,2.0581112682819365,2.3855919241905212,XGBoost_bootstrap_ensemble
2000-04-01,Rusizi,,2.0664072036743164,1.954655483365059,2.199648994207382,XGBoost_bootstrap_ensemble
2000-05-01,Rusizi,,1.986212134361267,1.8533465176820756,2.1519652366638184,XGBoost_bootstrap_ensemble
2000-06-01,Rusizi,,1.9826322793960571,1.8585210591554642,2.12421173453331,XGBoost_bootstrap_ensemble
2000-07-01,Rusizi,,1.9285517930984497,1.8021468013525008,2.0858039081096647,XGBoost_bootstrap_ensemble
2000-08-01,Rusizi,,1.9098244905471802,1.7975089609622956,2.0570228934288024,XGBoost_bootstrap_ensemble
2000-09-01,Rusizi,,1.8767892122268677,1.72030511200428,2.0687718272209166,XGBoost_bootstrap_ensemble
2000-10-01,Rusizi,,1.9610145092010498,1.8300662398338319,2.0975215137004852,XGBoost_bootstrap_ensemble
2000-11-01,Rusizi,,2.2360317707061768,2.0466627418994903,2.4465760350227352,XGBoost_bootstrap_ensemble
2000-12-01,Rusizi,,2.127690076828003,2.031283068656921,2.2355983912944795,XGBoost_bootstrap_ensemble
2001-01-01,Rusizi,,2.017923593521118,1.861525785923004,2.296823418140411,XGBoost_bootstrap_ensemble
2001-02-01,Rusizi,,2.023230791091919,1.8462583661079406,2.2964347243309016,XGBoost_bootstrap_ensemble
2001-03-01,Rusizi,,1.9011262655258179,1.824903878569603,1.9795180201530453,XGBoost_bootstrap_ensemble
2001-04-01,Rusizi,,1.8999851942062378,1.8114707976579667,1.995718815922737,XGBoost_bootstrap_ensemble
2001-05-01,Rusizi,,1.8095512390136719,1.720967909693718,1.9286728531122208,XGBoost_bootstrap_ensemble
2001-06-01,Rusizi,,1.7758936882019043,1.6697434067726136,1.9033344089984892,XGBoost_bootstrap_ensemble
2001-07-01,Rusizi,,1.7479138374328613,1.656212505698204,1.8393845617771147,XGBoost_bootstrap_ensemble
2001-08-01,Rusizi,,1.7136403322219849,1.6175346434116364,1.7991388231515884,XGBoost_bootstrap_ensemble
2001-09-01,Rusizi,,1.70192289352417,1.606281840801239,1.7997008115053177,XGBoost_bootstrap_ensemble
2001-10-01,Rusizi,,1.7683632373809814,1.6738086313009262,1.8317312121391296,XGBoost_bootstrap_ensemble
2001-11-01,Rusizi,,1.8218518495559692,1.7545194655656815,1.8835053890943527,XGBoost_bootstrap_ensemble
2001-12-01,Rusizi,,1.838457465171814,1.775451624393463,1.922894251346588,XGBoost_bootstrap_ensemble
2002-01-01,Rusizi,,2.0598104000091553,1.8717245876789093,2.336885017156601,XGBoost_bootstrap_ensemble
2002-02-01,Rusizi,,1.8849470615386963,1.8171488255262376,1.974408221244812,XGBoost_bootstrap_ensemble
2002-03-01,Rusizi,,1.8802682161331177,1.8061142802238463,1.9403005540370941,XGBoost_bootstrap_ensemble
2002-04-01,Rusizi,,1.907606601715088,1.8299437910318375,1.986602509021759,XGBoost_bootstrap_ensemble
2002-05-01,Rusizi,,1.8133217096328735,1.7454869598150253,1.9052439898252487,XGBoost_bootstrap_ensemble
2002-06-01,Rusizi,,1.7414484024047852,1.6603767156600953,1.8328584492206572,XGBoost_bootstrap_ensemble
2002-07-01,Rusizi,,1.6548479795455933,1.5582619220018388,1.7857385724782944,XGBoost_bootstrap_ensemble
2002-08-01,Rusizi,,1.6561921834945679,1.57322356402874,1.773905178904533,XGBoost_bootstrap_ensemble
2002-09-01,Rusizi,,1.6479014158248901,1.5405916392803192,1.8170593857765198,XGBoost_bootstrap_ensemble
2002-10-01,Rusizi,,1.7662440538406372,1.6343388706445694,1.8318037062883377,XGBoost_bootstrap_ensemble
2002-11-01,Rusizi,,1.8312596082687378,1.7623828291893004,1.9061713188886642,XGBoost_bootstrap_ensemble
2002-12-01,Rusizi,,1.8546271324157715,1.8016482919454575,1.9220229774713515,XGBoost_bootstrap_ensemble
2003-01-01,Rusizi,,1.8706649541854858,1.7907993078231812,1.963859188556671,XGBoost_bootstrap_ensemble
2003-02-01,Rusizi,,1.7578152418136597,1.6655483216047287,1.8890790343284605,XGBoost_bootstrap_ensemble
2003-03-01,Rusizi,,1.8178349733352661,1.718451401591301,1.9141426116228104,XGBoost_bootstrap_ensemble
2003-04-01,Rusizi,,1.8006640672683716,1.7256283611059189,1.894577333331108,XGBoost_bootstrap_ensemble
2003-05-01,Rusizi,,1.7280120849609375,1.6307071983814239,1.837244802713394,XGBoost_bootstrap_ensemble
2003-06-01,Rusizi,,1.6657847166061401,1.5563256680965423,1.7654849737882614,XGBoost_bootstrap_ensemble
2003-07-01,Rusizi,,1.6884815692901611,1.6051488757133483,1.7956103205680847,XGBoost_bootstrap_ensemble
2003-08-01,Rusizi,,1.6264761686325073,1.5071703374385834,1.8043031722307206,XGBoost_bootstrap_ensemble
2003-09-01,Rusizi,,1.677923321723938,1.5656678825616837,1.8171470880508422,XGBoost_bootstrap_ensemble
2003-10-01,Rusizi,,1.7408905029296875,1.6419915825128555,1.861537620425224,XGBoost_bootstrap_ensemble
2003-11-01,Rusizi,,1.771894097328186,1.6856956869363784,1.8309850335121154,XGBoost_bootstrap_ensemble
2003-12-01,Rusizi,,1.7956384420394897,1.71368747651577,1.8659039109945297,XGBoost_bootstrap_ensemble
2004-01-01,Rusizi,,1.8138258457183838,1.7296200573444367,1.8761463344097138,XGBoost_bootstrap_ensemble
2004-02-01,Rusizi,,1.7794678211212158,1.7037397980690003,1.8626454353332518,XGBoost_bootstrap_ensemble
2004-03-01,Rusizi,,1.8116731643676758,1.7378749251365662,1.884802132844925,XGBoost_bootstrap_ensemble
2004-04-01,Rusizi,,1.8698077201843262,1.7981057614088058,1.957004228234291,XGBoost_bootstrap_ensemble
2004-05-01,Rusizi,,1.730575442314148,1.6225491046905518,1.84522844851017,XGBoost_bootstrap_ensemble
2004-06-01,Rusizi,,1.6850160360336304,1.5841810375452041,1.7930420398712157,XGBoost_bootstrap_ensemble
2004-07-01,Rusizi,,1.6576594114303589,1.5276420742273331,1.7880471646785734,XGBoost_bootstrap_ensemble
2004-08-01,Rusizi,,1.6198712587356567,1.500571370124817,1.8071975171566008,XGBoost_bootstrap_ensemble
2004-09-01,Rusizi,,1.6732407808303833,1.5286622136831283,1.8514022082090378,XGBoost_bootstrap_ensemble
2004-10-01,Rusizi,,1.7282828092575073,1.6077008217573165,1.885364344716072,XGBoost_bootstrap_ensemble
2004-11-01,Rusizi,,1.7747136354446411,1.7025225043296814,1.848083162307739,XGBoost_bootstrap_ensemble
2004-12-01,Rusizi,,1.859364628791809,1.7742373019456863,2.0377628982067106,XGBoost_bootstrap_ensemble
2005-01-01,Rusizi,,1.9083106517791748,1.818072921037674,2.0839004278182975,XGBoost_bootstrap_ensemble
2005-02-01,Rusizi,,1.785437822341919,1.6597937405109406,1.9113621979951858,XGBoost_bootstrap_ensemble
2005-03-01,Rusizi,,1.8635149002075195,1.7493204414844512,1.9666709274053573,XGBoost_bootstrap_ensemble
2005-04-01,Rusizi,,1.8369556665420532,1.7397298485040664,1.959213802218437,XGBoost_bootstrap_ensemble
2005-05-01,Rusizi,,1.8895127773284912,1.790762612223625,1.9914178878068922,XGBoost_bootstrap_ensemble
2005-06-01,Rusizi,,1.7481467723846436,1.643006470799446,1.8618287086486813,XGBoost_bootstrap_ensemble
2005-07-01,Rusizi,,1.6268200874328613,1.5317735105752945,1.816850462555885,XGBoost_bootstrap_ensemble
2005-08-01,Rusizi,,1.6687527894973755,1.556313580274582,1.7832431912422178,XGBoost_bootstrap_ensemble
2005-09-01,Rusizi,,1.623192310333252,1.4937227994203568,1.8374979853630067,XGBoost_bootstrap_ensemble
2005-10-01,Rusizi,,1.672755241394043,1.5408096313476562,1.8343106538057328,XGBoost_bootstrap_ensemble
2005-11-01,Rusizi,,1.793779730796814,1.7012709438800813,1.8694803059101104,XGBoost_bootstrap_ensemble
2005-12-01,Rusizi,,1.8019617795944214,1.7111975967884063,1.886498287320137,XGBoost_bootstrap_ensemble
2006-01-01,Rusizi,,1.8146882057189941,1.7388330161571504,1.8838679790496826,XGBoost_bootstrap_ensemble
2006-02-01,Rusizi,,1.8572442531585693,1.7767321169376373,1.9233456820249557,XGBoost_bootstrap_ensemble
2006-03-01,Rusizi,,1.8427221775054932,1.7758804440498352,1.911208689212799,XGBoost_bootstrap_ensemble
2006-04-01,Rusizi,,1.8599411249160767,1.7935931235551834,1.92703475356102,XGBoost_bootstrap_ensemble
2006-05-01,Rusizi,,1.8518863916397095,1.7711693108081819,1.9275749683380123,XGBoost_bootstrap_ensemble
2006-06-01,Rusizi,,1.7321265935897827,1.61205492913723,1.826727321743965,XGBoost_bootstrap_ensemble
2006-07-01,Rusizi,,1.6812281608581543,1.5892567962408066,1.787446531653404,XGBoost_bootstrap_ensemble
2006-08-01,Rusizi,,1.6703535318374634,1.5425043106079102,1.8148295730352402,XGBoost_bootstrap_ensemble
2006-09-01,Rusizi,,1.6650748252868652,1.5389530062675476,1.8246256709098814,XGBoost_bootstrap_ensemble
2006-10-01,Rusizi,,1.6826673746109009,1.5658710300922394,1.8230240911245346,XGBoost_bootstrap_ensemble
2006-11-01,Rusizi,,1.9921118021011353,1.8283909618854524,2.2712167859077446,XGBoost_bootstrap_ensemble
2006-12-01,Rusizi,,2.037490129470825,1.835843300819397,2.3271520674228667,XGBoost_bootstrap_ensemble
2007-01-01,Rusizi,,1.902795433998108,1.8283593356609344,1.983679214119911,XGBoost_bootstrap_ensemble
2007-02-01,Rusizi,,1.8489940166473389,1.7582476824522018,1.9411145895719528,XGBoost_bootstrap_ensemble
2007-03-01,Rusizi,,1.8412150144577026,1.7474274903535842,1.9649843603372574,XGBoost_bootstrap_ensemble
2007-04-01,Rusizi,,1.872018575668335,1.7867762237787246,1.9770121902227402,XGBoost_bootstrap_ensemble
2007-05-01,Rusizi,,1.778236985206604,1.6755607753992081,1.9143469333648682,XGBoost_bootstrap_ensemble
2007-06-01,Rusizi,,1.7590504884719849,1.6801431238651277,1.8618636965751647,XGBoost_bootstrap_ensemble
2007-07-01,Rusizi,,1.732162356376648,1.6480633169412613,1.8066454857587815,XGBoost_bootstrap_ensemble
2007-08-01,Rusizi,,1.7374086380004883,1.6594543695449828,1.8059700042009355,XGBoost_bootstrap_ensemble
2007-09-01,Rusizi,,1.6995985507965088,1.5839544028043746,1.8242795288562774,XGBoost_bootstrap_ensemble
2007-10-01,Rusizi,,1.7982585430145264,1.7102935045957566,1.8779299467802046,XGBoost_bootstrap_ensemble
2007-11-01,Rusizi,,1.8338154554367065,1.757474821805954,1.934642642736435,XGBoost_bootstrap_ensemble
2007-12-01,Rusizi,,1.849952220916748,1.786529105901718,1.9253365159034728,XGBoost_bootstrap_ensemble
2008-01-01,Rusizi,,1.8705137968063354,1.8051112771034241,1.9556368857622146,XGBoost_bootstrap_ensemble
2008-02-01,Rusizi,,1.880531907081604,1.80723035633564,1.982921266555786,XGBoost_bootstrap_ensemble
2008-03-01,Rusizi,,1.8463166952133179,1.7731971144676208,1.9372636318206784,XGBoost_bootstrap_ensemble
2008-04-01,Rusizi,,1.8294531106948853,1.7483246624469757,1.9269490778446197,XGBoost_bootstrap_ensemble
2008-05-01,Rusizi,,1.7317863702774048,1.6408839374780655,1.8517036110162735,XGBoost_bootstrap_ensemble
2008-06-01,Rusizi,,1.8033567667007446,1.7254129827022553,1.8764963030815123,XGBoost_bootstrap_ensemble
2008-07-01,Rusizi,,1.7803515195846558,1.7029100507497787,1.864990907907486,XGBoost_bootstrap_ensemble
2008-08-01,Rusizi,,1.6670022010803223,1.568511438369751,1.7714820116758343,XGBoost_bootstrap_ensemble
2008-09-01,Rusizi,,1.6703413724899292,1.5521723598241806,1.8307046562433242,XGBoost_bootstrap_ensemble
2008-10-01,Rusizi,,1.7843544483184814,1.7140423476696014,1.8565190166234968,XGBoost_bootstrap_ensemble
2008-11-01,Rusizi,,1.7574502229690552,1.6644922643899918,1.84150310754776,XGBoost_bootstrap_ensemble
2008-12-01,Rusizi,1.79,1.79,1.79,1.79,observed
2009-01-01,Rusizi,1.85,1.85,1.85,1.85,observed
2009-02-01,Rusizi,1.97,1.97,1.97,1.97,observed
2009-03-01,Rusizi,1.9,1.9,1.9,1.9,observed
2009-04-01,Rusizi,2.05,2.05,2.05,2.05,observed
2009-05-01,Rusizi,2.06,2.06,2.06,2.06,observed
2009-06-01,Rusizi,1.82,1.82,1.82,1.82,observed
2009-07-01,Rusizi,1.64,1.64,1.64,1.64,observed
2009-08-01,Rusizi,1.46,1.46,1.46,1.46,observed
2009-09-01,Rusizi,1.44,1.44,1.44,1.44,observed
2009-10-01,Rusizi,1.38,1.38,1.38,1.38,observed
2009-11-01,Rusizi,1.79,1.79,1.79,1.79,observed
2009-12-01,Rusizi,1.82,1.82,1.82,1.82,observed
2010-01-01,Rusizi,2.04,2.04,2.04,2.04,observed
2010-02-01,Rusizi,2.05,2.05,2.05,2.05,observed
2010-03-01,Rusizi,2.22,2.22,2.22,2.22,observed
2010-04-01,Rusizi,2.32,2.32,2.32,2.32,observed
2010-05-01,Rusizi,2.33,2.33,2.33,2.33,observed
2010-06-01,Rusizi,2.06,2.06,2.06,2.06,observed
2010-07-01,Rusizi,1.93,1.93,1.93,1.93,observed
2010-08-01,Rusizi,1.85,1.85,1.85,1.85,observed
2010-09-01,Rusizi,1.91,1.91,1.91,1.91,observed
2010-10-01,Rusizi,1.84,1.84,1.84,1.84,observed
2010-11-01,Rusizi,1.86,1.86,1.86,1.86,observed
2010-12-01,Rusizi,1.92,1.92,1.92,1.92,observed
2011-01-01,Rusizi,2.01,2.01,2.01,2.01,observed
2011-02-01,Rusizi,1.99,1.99,1.99,1.99,observed
2011-03-01,Rusizi,2.08,2.08,2.08,2.08,observed
2011-04-01,Rusizi,2.19,2.19,2.19,2.19,observed
2011-05-01,Rusizi,2.08,2.08,2.08,2.08,observed
2011-06-01,Rusizi,1.97,1.97,1.97,1.97,observed
2011-07-01,Rusizi,1.93,1.93,1.93,1.93,observed
2011-08-01,Rusizi,1.77,1.77,1.77,1.77,observed
2011-09-01,Rusizi,1.81,1.81,1.81,1.81,observed
2011-10-01,Rusizi,1.94,1.94,1.94,1.94,observed
2011-11-01,Rusizi,2.07,2.07,2.07,2.07,observed
2011-12-01,Rusizi,2.84,2.84,2.84,2.84,observed
2012-01-01,Rusizi,2.01,2.01,2.01,2.01,observed
2012-02-01,Rusizi,1.99,1.99,1.99,1.99,observed
2012-03-01,Rusizi,2.02,2.02,2.02,2.02,observed
2012-04-01,Rusizi,2.25,2.25,2.25,2.25,observed
2012-05-01,Rusizi,2.41,2.41,2.41,2.41,observed
2012-06-01,Rusizi,2.22,2.22,2.22,2.22,observed
2012-07-01,Rusizi,1.99,1.99,1.99,1.99,observed
2012-08-01,Rusizi,1.93,1.93,1.93,1.93,observed
2012-09-01,Rusizi,2.0,2.0,2.0,2.0,observed
2012-10-01,Rusizi,1.96,1.96,1.96,1.96,observed
2012-11-01,Rusizi,2.01,2.01,2.01,2.01,observed
2012-12-01,Rusizi,2.23,2.23,2.23,2.23,observed
2013-01-01,Rusizi,2.28,2.28,2.28,2.28,observed
2013-02-01,Rusizi,2.25,2.25,2.25,2.25,observed
2013-03-01,Rusizi,2.42,2.42,2.42,2.42,observed
2013-04-01,Rusizi,2.67,2.67,2.67,2.67,observed
2013-05-01,Rusizi,2.48,2.48,2.48,2.48,observed
2013-06-01,Rusizi,2.29,2.29,2.29,2.29,observed
2013-07-01,Rusizi,2.13,2.13,2.13,2.13,observed
2013-08-01,Rusizi,2.02,2.02,2.02,2.02,observed
2013-09-01,Rusizi,2.13,2.13,2.13,2.13,observed
2013-10-01,Rusizi,2.21,2.21,2.21,2.21,observed
2013-11-01,Rusizi,2.23,2.23,2.23,2.23,observed
2013-12-01,Rusizi,2.28,2.28,2.28,2.28,observed
2014-01-01,Rusizi,2.53,2.53,2.53,2.53,observed
2014-02-01,Rusizi,2.45,2.45,2.45,2.45,observed
2014-03-01,Rusizi,2.43,2.43,2.43,2.43,observed
2014-04-01,Rusizi,2.55,2.55,2.55,2.55,observed
2014-05-01,Rusizi,2.34,2.34,2.34,2.34,observed
2014-06-01,Rusizi,2.16,2.16,2.16,2.16,observed
2014-07-01,Rusizi,2.09,2.09,2.09,2.09,observed
2014-08-01,Rusizi,2.0,2.0,2.0,2.0,observed
2014-09-01,Rusizi,2.16,2.16,2.16,2.16,observed
2014-10-01,Rusizi,2.38,2.38,2.38,2.38,observed
2014-11-01,Rusizi,2.18,2.18,2.18,2.18,observed
2014-12-01,Rusizi,2.38,2.38,2.38,2.38,observed
2015-01-01,Rusizi,2.44,2.44,2.44,2.44,observed
2015-02-01,Rusizi,2.26,2.26,2.26,2.26,observed
2015-03-01,Rusizi,2.41,2.41,2.41,2.41,observed
2015-04-01,Rusizi,2.68,2.68,2.68,2.68,observed
2015-05-01,Rusizi,2.58,2.58,2.58,2.58,observed
2015-06-01,Rusizi,2.44,2.44,2.44,2.44,observed
2015-07-01,Rusizi,2.34,2.34,2.34,2.34,observed
2015-08-01,Rusizi,2.2,2.2,2.2,2.2,observed
2015-09-01,Rusizi,2.19,2.19,2.19,2.19,observed
2015-10-01,Rusizi,2.26,2.26,2.26,2.26,observed
2015-11-01,Rusizi,2.42,2.42,2.42,2.42,observed
2015-12-01,Rusizi,2.58,2.58,2.58,2.58,observed
2016-01-01,Rusizi,2.7,2.7,2.7,2.7,observed
2016-02-01,Rusizi,2.69,2.69,2.69,2.69,observed
2016-03-01,Rusizi,2.58,2.58,2.58,2.58,observed
2016-04-01,Rusizi,2.82,2.82,2.82,2.82,observed
2016-05-01,Rusizi,3.02,3.02,3.02,3.02,observed
2016-06-01,Rusizi,2.66,2.66,2.66,2.66,observed
2016-07-01,Rusizi,2.44,2.44,2.44,2.44,observed
2016-08-01,Rusizi,2.38,2.38,2.38,2.38,observed
2016-09-01,Rusizi,2.37,2.37,2.37,2.37,observed
2016-10-01,Rusizi,2.39,2.39,2.39,2.39,observed
2016-11-01,Rusizi,2.39,2.39,2.39,2.39,observed
2016-12-01,Rusizi,2.36,2.36,2.36,2.36,observed
2017-01-01,Rusizi,2.34,2.34,2.34,2.34,observed
2017-02-01,Rusizi,2.55,2.55,2.55,2.55,observed
2017-03-01,Rusizi,2.55,2.55,2.55,2.55,observed
2017-04-01,Rusizi,2.47,2.47,2.47,2.47,observed
2017-05-01,Rusizi,2.37,2.37,2.37,2.37,observed
2017-06-01,Rusizi,2.09,2.09,2.09,2.09,observed
2017-07-01,Rusizi,2.06,2.06,2.06,2.06,observed
2017-08-01,Rusizi,2.03,2.03,2.03,2.03,observed
2017-09-01,Rusizi,2.07,2.07,2.07,2.07,observed
2017-10-01,Rusizi,2.1,2.1,2.1,2.1,observed
2017-11-01,Rusizi,2.3,2.3,2.3,2.3,observed
2017-12-01,Rusizi,2.37,2.37,2.37,2.37,observed
2018-01-01,Rusizi,2.5,2.5,2.5,2.5,observed
2018-02-01,Rusizi,2.52,2.52,2.52,2.52,observed
2018-03-01,Rusizi,2.74,2.74,2.74,2.74,observed
2018-04-01,Rusizi,3.82,3.82,3.82,3.82,observed
2018-05-01,Rusizi,3.78,3.78,3.78,3.78,observed
2018-06-01,Rusizi,3.61,3.61,3.61,3.61,observed
2018-07-01,Rusizi,3.55,3.55,3.55,3.55,observed
2018-08-01,Rusizi,2.93,2.93,2.93,2.93,observed
2018-09-01,Rusizi,2.54,2.54,2.54,2.54,observed
2018-10-01,Rusizi,2.67,2.67,2.67,2.67,observed
2018-11-01,Rusizi,2.93,2.93,2.93,2.93,observed
2018-12-01,Rusizi,2.85,2.85,2.85,2.85,observed
2019-01-01,Rusizi,2.72,2.72,2.72,2.72,observed
2019-02-01,Rusizi,2.72,2.72,2.72,2.72,observed
2019-03-01,Rusizi,2.76,2.76,2.76,2.76,observed
2019-04-01,Rusizi,2.78,2.78,2.78,2.78,observed
2019-05-01,Rusizi,2.84,2.84,2.84,2.84,observed
2019-06-01,Rusizi,2.67,2.67,2.67,2.67,observed
2019-07-01,Rusizi,2.63,2.63,2.63,2.63,observed
2019-08-01,Rusizi,2.61,2.61,2.61,2.61,observed
2019-09-01,Rusizi,2.55,2.55,2.55,2.55,observed
2019-10-01,Rusizi,2.87,2.87,2.87,2.87,observed
2019-11-01,Rusizi,3.02,3.02,3.02,3.02,observed
2019-12-01,Rusizi,3.39,3.39,3.39,3.39,observed
2020-01-01,Rusizi,3.77,3.77,3.77,3.77,observed
2020-02-01,Rusizi,3.92,3.92,3.92,3.92,observed
2020-03-01,Rusizi,3.9,3.9,3.9,3.9,observed
2020-04-01,Rusizi,3.73,3.73,3.73,3.73,observed
2020-05-01,Rusizi,3.72,3.72,3.72,3.72,observed
2020-06-01,Rusizi,3.53,3.53,3.53,3.53,observed
2020-07-01,Rusizi,3.64,3.64,3.64,3.64,observed
2020-08-01,Rusizi,3.49,3.49,3.49,3.49,observed
2020-09-01,Rusizi,3.4,3.4,3.4,3.4,observed
2020-10-01,Rusizi,3.48,3.48,3.48,3.48,observed
2020-11-01,Rusizi,3.71,3.71,3.71,3.71,observed
2020-12-01,Rusizi,3.61,3.61,3.61,3.61,observed
2021-01-01,Rusizi,3.82,3.82,3.82,3.82,observed
2021-02-01,Rusizi,3.77,3.77,3.77,3.77,observed
2021-03-01,Rusizi,3.78,3.78,3.78,3.78,observed
2021-04-01,Rusizi,3.81,3.81,3.81,3.81,observed
2021-05-01,Rusizi,3.9,3.9,3.9,3.9,observed
2021-06-01,Rusizi,3.72,3.72,3.72,3.72,observed
2021-07-01,Rusizi,3.64,3.64,3.64,3.64,observed
2021-08-01,Rusizi,3.65,3.65,3.65,3.65,observed
2021-09-01,Rusizi,3.68,3.68,3.68,3.68,observed
2021-10-01,Rusizi,3.69,3.69,3.69,3.69,observed
2021-11-01,Rusizi,3.6,3.6,3.6,3.6,observed
2021-12-01,Rusizi,3.61,3.61,3.61,3.61,observed
2022-01-01,Rusizi,3.7,3.7,3.7,3.7,observed
2022-02-01,Rusizi,3.79,3.79,3.79,3.79,observed
2022-03-01,Rusizi,3.87,3.87,3.87,3.87,observed
2022-04-01,Rusizi,3.84,3.84,3.84,3.84,observed
2022-05-01,Rusizi,3.86,3.86,3.86,3.86,observed
2022-06-01,Rusizi,3.77,3.77,3.77,3.77,observed
2022-07-01,Rusizi,3.31,3.31,3.31,3.31,observed
2022-08-01,Rusizi,3.48,3.48,3.48,3.48,observed
2022-09-01,Rusizi,3.52,3.52,3.52,3.52,observed
2022-10-01,Rusizi,3.59,3.59,3.59,3.59,observed
2022-11-01,Rusizi,3.67,3.67,3.67,3.67,observed
2022-12-01,Rusizi,3.62,3.62,3.62,3.62,observed
2023-01-01,Rusizi,3.84,3.84,3.84,3.84,observed
2023-02-01,Rusizi,3.67,3.67,3.67,3.67,observed
2023-03-01,Rusizi,3.77,3.77,3.77,3.77,observed
2023-04-01,Rusizi,4.03,4.03,4.03,4.03,observed
2023-05-01,Rusizi,4.17,4.17,4.17,4.17,observed
2023-06-01,Rusizi,3.82,3.82,3.82,3.82,observed
2023-07-01,Rusizi,3.67,3.67,3.67,3.67,observed
2023-08-01,Rusizi,3.53,3.53,3.53,3.53,observed
2023-09-01,Rusizi,3.59,3.59,3.59,3.59,observed
2023-10-01,Rusizi,3.58,3.58,3.58,3.58,observed
2023-11-01,Rusizi,3.79,3.79,3.79,3.79,observed
2023-12-01,Rusizi,3.98,3.98,3.98,3.98,observed
2024-01-01,Rusizi,4.15,4.15,4.15,4.15,observed
2024-02-01,Rusizi,4.18,4.18,4.18,4.18,observed
2024-03-01,Rusizi,4.16,4.16,4.16,4.16,observed
2024-04-01,Rusizi,4.37,4.37,4.37,4.37,observed
2024-05-01,Rusizi,4.45,4.45,4.45,4.45,observed
2024-06-01,Rusizi,4.39,4.39,4.39,4.39,observed
2024-07-01,Rusizi,4.23,4.23,4.23,4.23,observed
2024-08-01,Rusizi,4.23,4.23,4.23,4.23,observed
2024-09-01,Rusizi,4.17,4.17,4.17,4.17,observed
2024-10-01,Rusizi,4.19,4.19,4.19,4.19,observed
2024-11-01,Rusizi,4.28,4.28,4.28,4.28,observed
2024-12-01,Rusizi,4.25,4.25,4.25,4.25,observed
2000-01-01,Buzimba,1.746451612903226,1.746451612903226,1.746451612903226,1.746451612903226,observed
2000-02-01,Buzimba,1.773448275862069,1.773448275862069,1.773448275862069,1.773448275862069,observed
2000-03-01,Buzimba,1.821935483870968,1.821935483870968,1.821935483870968,1.821935483870968,observed
2000-04-01,Buzimba,1.828333333333333,1.828333333333333,1.828333333333333,1.828333333333333,observed
2000-05-01,Buzimba,1.6883870967741936,1.6883870967741936,1.6883870967741936,1.6883870967741936,observed
2000-06-01,Buzimba,1.6346666666666665,1.6346666666666665,1.6346666666666665,1.6346666666666665,observed
2000-07-01,Buzimba,1.5954838709677417,1.5954838709677417,1.5954838709677417,1.5954838709677417,observed
2000-08-01,Buzimba,1.5364516129032262,1.5364516129032262,1.5364516129032262,1.5364516129032262,observed
2000-09-01,Buzimba,1.479666666666667,1.479666666666667,1.479666666666667,1.479666666666667,observed
2000-10-01,Buzimba,1.444516129032258,1.444516129032258,1.444516129032258,1.444516129032258,observed
2000-11-01,Buzimba,1.6563333333333328,1.6563333333333328,1.6563333333333328,1.6563333333333328,observed
2000-12-01,Buzimba,1.912258064516129,1.912258064516129,1.912258064516129,1.912258064516129,observed
2001-01-01,Buzimba,1.889677419354839,1.889677419354839,1.889677419354839,1.889677419354839,observed
2001-02-01,Buzimba,1.8853571428571427,1.8853571428571427,1.8853571428571427,1.8853571428571427,observed
2001-03-01,Buzimba,1.8748387096774195,1.8748387096774195,1.8748387096774195,1.8748387096774195,observed
2001-04-01,Buzimba,1.8446666666666665,1.8446666666666665,1.8446666666666665,1.8446666666666665,observed
2001-05-01,Buzimba,1.7219354838709675,1.7219354838709675,1.7219354838709675,1.7219354838709675,observed
2001-06-01,Buzimba,1.5689999999999995,1.5689999999999995,1.5689999999999995,1.5689999999999995,observed
2001-07-01,Buzimba,1.5267741935483867,1.5267741935483867,1.5267741935483867,1.5267741935483867,observed
2001-08-01,Buzimba,1.472580645161291,1.472580645161291,1.472580645161291,1.472580645161291,observed
2001-09-01,Buzimba,1.4170000000000005,1.4170000000000005,1.4170000000000005,1.4170000000000005,observed
2001-10-01,Buzimba,1.375161290322581,1.375161290322581,1.375161290322581,1.375161290322581,observed
2001-11-01,Buzimba,1.2673333333333336,1.2673333333333336,1.2673333333333336,1.2673333333333336,observed
2001-12-01,Buzimba,1.3148387096774197,1.3148387096774197,1.3148387096774197,1.3148387096774197,observed
2002-01-01,Buzimba,1.323225806451613,1.323225806451613,1.323225806451613,1.323225806451613,observed
2002-02-01,Buzimba,1.4539285714285717,1.4539285714285717,1.4539285714285717,1.4539285714285717,observed
2002-03-01,Buzimba,1.435483870967742,1.435483870967742,1.435483870967742,1.435483870967742,observed
2002-04-01,Buzimba,1.8086666666666669,1.8086666666666669,1.8086666666666669,1.8086666666666669,observed
2002-05-01,Buzimba,1.5983870967741938,1.5983870967741938,1.5983870967741938,1.5983870967741938,observed
2002-06-01,Buzimba,1.3263333333333327,1.3263333333333327,1.3263333333333327,1.3263333333333327,observed
2002-07-01,Buzimba,1.2416129032258063,1.2416129032258063,1.2416129032258063,1.2416129032258063,observed
2002-08-01,Buzimba,1.1577419354838705,1.1577419354838705,1.1577419354838705,1.1577419354838705,observed
2002-09-01,Buzimba,1.0899999999999996,1.0899999999999996,1.0899999999999996,1.0899999999999996,observed
2002-10-01,Buzimba,1.1564516129032256,1.1564516129032256,1.1564516129032256,1.1564516129032256,observed
2002-11-01,Buzimba,1.324,1.324,1.324,1.324,observed
2002-12-01,Buzimba,1.5687096774193543,1.5687096774193543,1.5687096774193543,1.5687096774193543,observed
2003-01-01,Buzimba,1.760322580645161,1.760322580645161,1.760322580645161,1.760322580645161,observed
2003-02-01,Buzimba,1.6875,1.6875,1.6875,1.6875,observed
2003-03-01,Buzimba,1.835161290322581,1.835161290322581,1.835161290322581,1.835161290322581,observed
2003-04-01,Buzimba,1.8003333333333331,1.8003333333333331,1.8003333333333331,1.8003333333333331,observed
2003-05-01,Buzimba,1.5293548387096776,1.5293548387096776,1.5293548387096776,1.5293548387096776,observed
2003-06-01,Buzimba,1.3299999999999996,1.3299999999999996,1.3299999999999996,1.3299999999999996,observed
2003-07-01,Buzimba,1.2780645161290318,1.2780645161290318,1.2780645161290318,1.2780645161290318,observed
2003-08-01,Buzimba,1.2325806451612902,1.2325806451612902,1.2325806451612902,1.2325806451612902,observed
2003-09-01,Buzimba,1.185333333333333,1.185333333333333,1.185333333333333,1.185333333333333,observed
2003-10-01,Buzimba,1.134193548387097,1.134193548387097,1.134193548387097,1.134193548387097,observed
2003-11-01,Buzimba,1.517666666666667,1.517666666666667,1.517666666666667,1.517666666666667,observed
2003-12-01,Buzimba,1.7109677419354836,1.7109677419354836,1.7109677419354836,1.7109677419354836,observed
2004-01-01,Buzimba,1.6470967741935485,1.6470967741935485,1.6470967741935485,1.6470967741935485,observed
2004-02-01,Buzimba,1.663103448275862,1.663103448275862,1.663103448275862,1.663103448275862,observed
2004-03-01,Buzimba,1.6587096774193544,1.6587096774193544,1.6587096774193544,1.6587096774193544,observed
2004-04-01,Buzimba,1.5673333333333337,1.5673333333333337,1.5673333333333337,1.5673333333333337,observed
2004-05-01,Buzimba,1.2751612903225806,1.2751612903225806,1.2751612903225806,1.2751612903225806,observed
2004-06-01,Buzimba,0.957,0.957,0.957,0.957,observed
2004-07-01,Buzimba,0.7487096774193548,0.7487096774193548,0.7487096774193548,0.7487096774193548,observed
2004-08-01,Buzimba,0.6838709677419355,0.6838709677419355,0.6838709677419355,0.6838709677419355,observed
2004-09-01,Buzimba,0.7073333333333334,0.7073333333333334,0.7073333333333334,0.7073333333333334,observed
2004-10-01,Buzimba,1.18741935483871,1.18741935483871,1.18741935483871,1.18741935483871,observed
2004-11-01,Buzimba,1.4953333333333336,1.4953333333333336,1.4953333333333336,1.4953333333333336,observed
2004-12-01,Buzimba,1.714516129032258,1.714516129032258,1.714516129032258,1.714516129032258,observed
2005-01-01,Buzimba,1.7270967741935483,1.7270967741935483,1.7270967741935483,1.7270967741935483,observed
2005-02-01,Buzimba,1.7610714285714286,1.7610714285714286,1.7610714285714286,1.7610714285714286,observed
2005-03-01,Buzimba,1.5319354838709678,1.5319354838709678,1.5319354838709678,1.5319354838709678,observed
2005-04-01,Buzimba,1.2436666666666665,1.2436666666666665,1.2436666666666665,1.2436666666666665,observed
2005-05-01,Buzimba,0.6522580645161291,0.6522580645161291,0.6522580645161291,0.6522580645161291,observed
2005-06-01,Buzimba,0.6313333333333335,0.6313333333333335,0.6313333333333335,0.6313333333333335,observed
2005-07-01,Buzimba,0.5983870967741933,0.5983870967741933,0.5983870967741933,0.5983870967741933,observed
2005-08-01,Buzimba,0.5677419354838711,0.5677419354838711,0.5677419354838711,0.5677419354838711,observed
2005-09-01,Buzimba,0.5283333333333332,0.5283333333333332,0.5283333333333332,0.5283333333333332,observed
2005-10-01,Buzimba,0.4722580645161293,0.4722580645161293,0.4722580645161293,0.4722580645161293,observed
2005-11-01,Buzimba,0.4613333333333333,0.4613333333333333,0.4613333333333333,0.4613333333333333,observed
2005-12-01,Buzimba,0.5590322580645163,0.5590322580645163,0.5590322580645163,0.5590322580645163,observed
2006-01-01,Buzimba,0.5877419354838709,0.5877419354838709,0.5877419354838709,0.5877419354838709,observed
2006-02-01,Buzimba,0.5774999999999999,0.5774999999999999,0.5774999999999999,0.5774999999999999,observed
2006-03-01,Buzimba,0.7364516129032258,0.7364516129032258,0.7364516129032258,0.7364516129032258,observed
2006-04-01,Buzimba,0.7370000000000001,0.7370000000000001,0.7370000000000001,0.7370000000000001,observed
2006-05-01,Buzimba,0.6964516129032257,0.6964516129032257,0.6964516129032257,0.6964516129032257,observed
2006-06-01,Buzimba,0.4589999999999997,0.4589999999999997,0.4589999999999997,0.4589999999999997,observed
2006-07-01,Buzimba,0.4141935483870969,0.4141935483870969,0.4141935483870969,0.4141935483870969,observed
2006-08-01,Buzimba,0.369032258064516,0.369032258064516,0.369032258064516,0.369032258064516,observed
2006-09-01,Buzimba,0.3503333333333333,0.3503333333333333,0.3503333333333333,0.3503333333333333,observed
2006-10-01,Buzimba,0.3061290322580644,0.3061290322580644,0.3061290322580644,0.3061290322580644,observed
2006-11-01,Buzimba,0.637,0.637,0.637,0.637,observed
2006-12-01,Buzimba,0.9112903225806454,0.9112903225806454,0.9112903225806454,0.9112903225806454,observed
2007-01-01,Buzimba,0.8277419354838709,0.8277419354838709,0.8277419354838709,0.8277419354838709,observed
2007-02-01,Buzimba,0.857142857142857,0.857142857142857,0.857142857142857,0.857142857142857,observed
2007-03-01,Buzimba,0.4641935483870968,0.4641935483870968,0.4641935483870968,0.4641935483870968,observed
2007-04-01,Buzimba,0.4516666666666666,0.4516666666666666,0.4516666666666666,0.4516666666666666,observed
2007-05-01,Buzimba,0.5861290322580646,0.5861290322580646,0.5861290322580646,0.5861290322580646,observed
2007-06-01,Buzimba,0.288,0.288,0.288,0.288,observed
2007-07-01,Buzimba,0.2351612903225807,0.2351612903225807,0.2351612903225807,0.2351612903225807,observed
2007-08-01,Buzimba,0.2038709677419356,0.2038709677419356,0.2038709677419356,0.2038709677419356,observed
2007-09-01,Buzimba,0.241,0.241,0.241,0.241,observed
2007-10-01,Buzimba,0.6425806451612901,0.6425806451612901,0.6425806451612901,0.6425806451612901,observed
2007-11-01,Buzimba,0.8206666666666664,0.8206666666666664,0.8206666666666664,0.8206666666666664,observed
2007-12-01,Buzimba,0.8361290322580645,0.8361290322580645,0.8361290322580645,0.8361290322580645,observed
2008-01-01,Buzimba,0.7516129032258064,0.7516129032258064,0.7516129032258064,0.7516129032258064,observed
2008-02-01,Buzimba,0.7037931034482757,0.7037931034482757,0.7037931034482757,0.7037931034482757,observed
2008-03-01,Buzimba,0.7161290322580646,0.7161290322580646,0.7161290322580646,0.7161290322580646,observed
2008-04-01,Buzimba,0.7156666666666668,0.7156666666666668,0.7156666666666668,0.7156666666666668,observed
2008-05-01,Buzimba,,0.6444596648216248,0.48933917582035064,0.7633088335394859,XGBoost_bootstrap_ensemble
2008-06-01,Buzimba,,0.6495567560195923,0.5443062916398048,0.7296684637665748,XGBoost_bootstrap_ensemble
2008-07-01,Buzimba,,0.6510406732559204,0.5319865062832833,0.7643263369798661,XGBoost_bootstrap_ensemble
2008-08-01,Buzimba,,0.6613293290138245,0.5514314696192741,0.8397048637270926,XGBoost_bootstrap_ensemble
2008-09-01,Buzimba,,0.6817080974578857,0.5767240926623345,0.8426267400383949,XGBoost_bootstrap_ensemble
2008-10-01,Buzimba,,0.7661306262016296,0.6542445540428161,0.9132009685039517,XGBoost_bootstrap_ensemble
2008-11-01,Buzimba,0.7882352941176468,0.7882352941176468,0.7882352941176468,0.7882352941176468,observed
2008-12-01,Buzimba,0.7761290322580644,0.7761290322580644,0.7761290322580644,0.7761290322580644,observed
2009-01-01,Buzimba,0.7838709677419355,0.7838709677419355,0.7838709677419355,0.7838709677419355,observed
2009-02-01,Buzimba,0.8639285714285715,0.8639285714285715,0.8639285714285715,0.8639285714285715,observed
2009-03-01,Buzimba,0.831290322580645,0.831290322580645,0.831290322580645,0.831290322580645,observed
2009-04-01,Buzimba,0.8369999999999999,0.8369999999999999,0.8369999999999999,0.8369999999999999,observed
2009-05-01,Buzimba,0.7935483870967744,0.7935483870967744,0.7935483870967744,0.7935483870967744,observed
2009-06-01,Buzimba,0.7726666666666666,0.7726666666666666,0.7726666666666666,0.7726666666666666,observed
2009-07-01,Buzimba,0.6922580645161288,0.6922580645161288,0.6922580645161288,0.6922580645161288,observed
2009-08-01,Buzimba,0.6583870967741935,0.6583870967741935,0.6583870967741935,0.6583870967741935,observed
2009-09-01,Buzimba,0.6523333333333335,0.6523333333333335,0.6523333333333335,0.6523333333333335,observed
2009-10-01,Buzimba,0.7183870967741937,0.7183870967741937,0.7183870967741937,0.7183870967741937,observed
2009-11-01,Buzimba,0.757,0.757,0.757,0.757,observed
2009-12-01,Buzimba,0.7499999999999999,0.7499999999999999,0.7499999999999999,0.7499999999999999,observed
2010-01-01,Buzimba,0.840967741935484,0.840967741935484,0.840967741935484,0.840967741935484,observed
2010-02-01,Buzimba,0.8748148148148147,0.8748148148148147,0.8748148148148147,0.8748148148148147,observed
2010-03-01,Buzimba,,0.8042109608650208,0.7204726651310921,0.9077737018465996,XGBoost_bootstrap_ensemble
2010-04-01,Buzimba,,0.7610495686531067,0.6538847982883453,0.8628437206149101,XGBoost_bootstrap_ensemble
2010-05-01,Buzimba,,0.7363613247871399,0.6278949216008186,0.8402788415551186,XGBoost_bootstrap_ensemble
2010-06-01,Buzimba,,0.6902456879615784,0.5597374126315117,0.7984289810061455,XGBoost_bootstrap_ensemble
2010-07-01,Buzimba,,0.7597986459732056,0.6919942185282707,0.8404825344681739,XGBoost_bootstrap_ensemble
2010-08-01,Buzimba,,0.7267137765884399,0.626755627989769,0.8908101633191108,XGBoost_bootstrap_ensemble
2010-09-01,Buzimba,,0.7628652453422546,0.6346268475055694,0.920433822274208,XGBoost_bootstrap_ensemble
2010-10-01,Buzimba,,0.7412112355232239,0.6444408759474755,0.8603357166051864,XGBoost_bootstrap_ensemble
2010-11-01,Buzimba,,0.8126308917999268,0.7352950379252434,0.9568979814648627,XGBoost_bootstrap_ensemble
2010-12-01,Buzimba,,0.8044705390930176,0.6999653697013855,0.915819089114666,XGBoost_bootstrap_ensemble
2011-01-01,Buzimba,,0.8026847839355469,0.7095257312059402,0.928484274446964,XGBoost_bootstrap_ensemble
2011-02-01,Buzimba,,0.8002420663833618,0.7112791761755943,0.8829244762659073,XGBoost_bootstrap_ensemble
2011-03-01,Buzimba,,0.812339186668396,0.709032230079174,0.9017802461981773,XGBoost_bootstrap_ensemble
2011-04-01,Buzimba,,0.7383604645729065,0.6720493718981743,0.8117017075419426,XGBoost_bootstrap_ensemble
2011-05-01,Buzimba,,0.6608445048332214,0.5934435829520226,0.7375520020723343,XGBoost_bootstrap_ensemble
2011-06-01,Buzimba,,0.5809816718101501,0.5025343164801598,0.6784902721643445,XGBoost_bootstrap_ensemble
2011-07-01,Buzimba,,0.523794949054718,0.4356142431497574,0.610867902636528,XGBoost_bootstrap_ensemble
2011-08-01,Buzimba,,0.48056384921073914,0.4218189030885696,0.5614055067300796,XGBoost_bootstrap_ensemble
2011-09-01,Buzimba,,0.49523743987083435,0.43535850942134857,0.5828117519617081,XGBoost_bootstrap_ensemble
2011-10-01,Buzimba,,0.5363375544548035,0.4578486256301403,0.6192798748612404,XGBoost_bootstrap_ensemble
2011-11-01,Buzimba,,0.5455083250999451,0.4752943985164165,0.6510071307420731,XGBoost_bootstrap_ensemble
2011-12-01,Buzimba,,0.5673940181732178,0.4858459636569023,0.6720871821045875,XGBoost_bootstrap_ensemble
2012-01-01,Buzimba,,0.5270357131958008,0.43981789574027064,0.6069869607686996,XGBoost_bootstrap_ensemble
2012-02-01,Buzimba,,0.49438929557800293,0.4076482802629471,0.5920118406414985,XGBoost_bootstrap_ensemble
2012-03-01,Buzimba,,0.47466930747032166,0.39716109409928324,0.5494426757097244,XGBoost_bootstrap_ensemble
2012-04-01,Buzimba,,0.4739173650741577,0.42973178774118426,0.5285170093178749,XGBoost_bootstrap_ensemble
2012-05-01,Buzimba,,0.5504119396209717,0.44734000936150553,0.6473555698990822,XGBoost_bootstrap_ensemble
2012-06-01,Buzimba,,0.4001399874687195,0.3379993259906769,0.4638792343437671,XGBoost_bootstrap_ensemble
2012-07-01,Buzimba,,0.35569024085998535,0.3033992603421211,0.426348240673542,XGBoost_bootstrap_ensemble
2012-08-01,Buzimba,0.3133333333333333,0.3133333333333333,0.3133333333333333,0.3133333333333333,observed
2012-09-01,Buzimba,0.3176666666666666,0.3176666666666666,0.3176666666666666,0.3176666666666666,observed
2012-10-01,Buzimba,0.3387096774193547,0.3387096774193547,0.3387096774193547,0.3387096774193547,observed
2012-11-01,Buzimba,0.3876666666666668,0.3876666666666668,0.3876666666666668,0.3876666666666668,observed
2012-12-01,Buzimba,0.3880645161290323,0.3880645161290323,0.3880645161290323,0.3880645161290323,observed
2013-01-01,Buzimba,0.3958064516129033,0.3958064516129033,0.3958064516129033,0.3958064516129033,observed
2013-02-01,Buzimba,0.3892857142857145,0.3892857142857145,0.3892857142857145,0.3892857142857145,observed
2013-03-01,Buzimba,0.3880645161290325,0.3880645161290325,0.3880645161290325,0.3880645161290325,observed
2013-04-01,Buzimba,0.4986666666666668,0.4986666666666668,0.4986666666666668,0.4986666666666668,observed
2013-05-01,Buzimba,0.4761290322580647,0.4761290322580647,0.4761290322580647,0.4761290322580647,observed
2013-06-01,Buzimba,0.4616666666666667,0.4616666666666667,0.4616666666666667,0.4616666666666667,observed
2013-07-01,Buzimba,0.3083870967741935,0.3083870967741935,0.3083870967741935,0.3083870967741935,observed
2013-08-01,Buzimba,0.2906451612903225,0.2906451612903225,0.2906451612903225,0.2906451612903225,observed
2013-09-01,Buzimba,0.3883333333333335,0.3883333333333335,0.3883333333333335,0.3883333333333335,observed
2013-10-01,Buzimba,0.4019354838709679,0.4019354838709679,0.4019354838709679,0.4019354838709679,observed
2013-11-01,Buzimba,0.412,0.412,0.412,0.412,observed
2013-12-01,Buzimba,0.4703225806451613,0.4703225806451613,0.4703225806451613,0.4703225806451613,observed
2000-01-01,Nyakagunda,,0.5196510553359985,0.49152923449873925,0.5525064572691917,XGBoost_bootstrap_ensemble
2000-02-01,Nyakagunda,,0.45565709471702576,0.43156369477510453,0.4772364594042301,XGBoost_bootstrap_ensemble
2000-03-01,Nyakagunda,,0.450810968875885,0.43032091557979585,0.47496497854590414,XGBoost_bootstrap_ensemble
2000-04-01,Nyakagunda,,0.45343178510665894,0.4297723762691021,0.4796895109117031,XGBoost_bootstrap_ensemble
2000-05-01,Nyakagunda,,0.42312803864479065,0.3861385934054852,0.4530253581702709,XGBoost_bootstrap_ensemble
2000-06-01,Nyakagunda,,0.4182930886745453,0.3777580551803112,0.45301827564835545,XGBoost_bootstrap_ensemble
2000-07-01,Nyakagunda,,0.42019903659820557,0.3820634618401527,0.4525148957967758,XGBoost_bootstrap_ensemble
2000-08-01,Nyakagunda,,0.42735612392425537,0.3897812470793724,0.4574114322662353,XGBoost_bootstrap_ensemble
2000-09-01,Nyakagunda,,0.4302433133125305,0.38634937405586245,0.4590443573892117,XGBoost_bootstrap_ensemble
2000-10-01,Nyakagunda,,0.4595494866371155,0.43400161564350126,0.4871654070913791,XGBoost_bootstrap_ensemble
2000-11-01,Nyakagunda,,0.4858345687389374,0.4481042705476284,0.5266602233052253,XGBoost_bootstrap_ensemble
2000-12-01,Nyakagunda,,0.49410292506217957,0.45843133628368377,0.5350153893232346,XGBoost_bootstrap_ensemble
2001-01-01,Nyakagunda,,0.47491514682769775,0.44395407363772393,0.5255379319190978,XGBoost_bootstrap_ensemble
2001-02-01,Nyakagunda,,0.4496886730194092,0.4234390936791897,0.4894979491829872,XGBoost_bootstrap_ensemble
2001-03-01,Nyakagunda,,0.4352092444896698,0.4134224340319633,0.46499410942196845,XGBoost_bootstrap_ensemble
2001-04-01,Nyakagunda,,0.4605640769004822,0.43473695740103724,0.4995259545743465,XGBoost_bootstrap_ensemble
2001-05-01,Nyakagunda,,0.42599809169769287,0.3892742857336998,0.45573799014091493,XGBoost_bootstrap_ensemble
2001-06-01,Nyakagunda,,0.41631263494491577,0.3882546752691269,0.4439813159406185,XGBoost_bootstrap_ensemble
2001-07-01,Nyakagunda,,0.40081024169921875,0.36720205619931223,0.43027548864483833,XGBoost_bootstrap_ensemble
2001-08-01,Nyakagunda,,0.4125032424926758,0.38514936417341233,0.435167882591486,XGBoost_bootstrap_ensemble
2001-09-01,Nyakagunda,,0.41805413365364075,0.38603971153497696,0.4451012574136257,XGBoost_bootstrap_ensemble
2001-10-01,Nyakagunda,,0.44738948345184326,0.4180794909596443,0.47626375108957286,XGBoost_bootstrap_ensemble
2001-11-01,Nyakagunda,,0.47151392698287964,0.4417839877307415,0.509207534790039,XGBoost_bootstrap_ensemble
2001-12-01,Nyakagunda,,0.46469929814338684,0.43947435170412064,0.5001259222626685,XGBoost_bootstrap_ensemble
2002-01-01,Nyakagunda,,0.47692325711250305,0.4443280234932899,0.5239838927984237,XGBoost_bootstrap_ensemble
2002-02-01,Nyakagunda,,0.4767477810382843,0.45009392201900483,0.5172632753849029,XGBoost_bootstrap_ensemble
2002-03-01,Nyakagunda,,0.4615960419178009,0.43137644305825235,0.507596631348133,XGBoost_bootstrap_ensemble
2002-04-01,Nyakagunda,,0.471739798784256,0.44102051481604576,0.5252581432461738,XGBoost_bootstrap_ensemble
2002-05-01,Nyakagunda,,0.47321751713752747,0.4428139626979828,0.5145649030804633,XGBoost_bootstrap_ensemble
2002-06-01,Nyakagunda,,0.40223586559295654,0.36862911134958265,0.4352262854576111,XGBoost_bootstrap_ensemble
2002-07-01,Nyakagunda,,0.3793615996837616,0.3485830008983612,0.4109158255159855,XGBoost_bootstrap_ensemble
2002-08-01,Nyakagunda,,0.3905174136161804,0.3572093777358532,0.42473354041576383,XGBoost_bootstrap_ensemble
2002-09-01,Nyakagunda,,0.3942423164844513,0.3620178155601025,0.4270511612296104,XGBoost_bootstrap_ensemble
2002-10-01,Nyakagunda,,0.4447629451751709,0.42258793860673904,0.47480927854776384,XGBoost_bootstrap_ensemble
2002-11-01,Nyakagunda,,0.4457413852214813,0.42255258858203887,0.4748238123953342,XGBoost_bootstrap_ensemble
2002-12-01,Nyakagunda,,0.4788108170032501,0.4514824315905571,0.5185772716999054,XGBoost_bootstrap_ensemble
2003-01-01,Nyakagunda,,0.4892188012599945,0.45861208662390707,0.530970874428749,XGBoost_bootstrap_ensemble
2003-02-01,Nyakagunda,,0.44818875193595886,0.42559389770030975,0.4782438978552818,XGBoost_bootstrap_ensemble
2003-03-01,Nyakagunda,,0.44561341404914856,0.4170825108885765,0.4741640046238899,XGBoost_bootstrap_ensemble
2003-04-01,Nyakagunda,,0.463826984167099,0.43777215108275414,0.5045806854963302,XGBoost_bootstrap_ensemble
2003-05-01,Nyakagunda,,0.44991740584373474,0.42287353426218033,0.4889562629163265,XGBoost_bootstrap_ensemble
2003-06-01,Nyakagunda,,0.39357444643974304,0.3602046571671963,0.4215450532734394,XGBoost_bootstrap_ensemble
2003-07-01,Nyakagunda,,0.40472331643104553,0.37184706032276155,0.43810347244143477,XGBoost_bootstrap_ensemble
2003-08-01,Nyakagunda,,0.4068102538585663,0.36987917125225067,0.4357907816767692,XGBoost_bootstrap_ensemble
2003-09-01,Nyakagunda,,0.4183928370475769,0.378541848808527,0.44715701043605804,XGBoost_bootstrap_ensemble
2003-10-01,Nyakagunda,,0.4276197850704193,0.38998898193240167,0.4562719501554966,XGBoost_bootstrap_ensemble
2003-11-01,Nyakagunda,,0.45322608947753906,0.43319267183542254,0.4817716032266617,XGBoost_bootstrap_ensemble
2003-12-01,Nyakagunda,,0.4590025246143341,0.4369257569313049,0.48794910311698914,XGBoost_bootstrap_ensemble
2004-01-01,Nyakagunda,,0.4508823752403259,0.4317215897142887,0.47474453300237657,XGBoost_bootstrap_ensemble
2004-02-01,Nyakagunda,,0.4356573522090912,0.41485678032040596,0.45918333604931827,XGBoost_bootstrap_ensemble
2004-03-01,Nyakagunda,,0.4412997364997864,0.4238563574850559,0.4630344696342945,XGBoost_bootstrap_ensemble
2004-04-01,Nyakagunda,,0.4650212228298187,0.43873055651783943,0.5068656787276267,XGBoost_bootstrap_ensemble
2004-05-01,Nyakagunda,,0.4424052834510803,0.41172107458114626,0.480404557287693,XGBoost_bootstrap_ensemble
2004-06-01,Nyakagunda,,0.40020906925201416,0.3663591966032982,0.4373502574861049,XGBoost_bootstrap_ensemble
2004-07-01,Nyakagunda,,0.4021332263946533,0.3692897029221058,0.434733060002327,XGBoost_bootstrap_ensemble
2004-08-01,Nyakagunda,,0.4070430397987366,0.368920673429966,0.4370295822620392,XGBoost_bootstrap_ensemble
2004-09-01,Nyakagunda,,0.41856497526168823,0.3784950077533722,0.4485849432647228,XGBoost_bootstrap_ensemble
2004-10-01,Nyakagunda,,0.41520607471466064,0.38322760686278345,0.4445861332118511,XGBoost_bootstrap_ensemble
2004-11-01,Nyakagunda,,0.45442521572113037,0.4326676242053509,0.4840532630681991,XGBoost_bootstrap_ensemble
2004-12-01,Nyakagunda,,0.46537357568740845,0.4429570883512497,0.4963554389774799,XGBoost_bootstrap_ensemble
2005-01-01,Nyakagunda,,0.45452284812927246,0.4390529580414295,0.48257982432842256,XGBoost_bootstrap_ensemble
2005-02-01,Nyakagunda,,0.43435072898864746,0.4092210531234741,0.46289960518479345,XGBoost_bootstrap_ensemble
2005-03-01,Nyakagunda,,0.4582898020744324,0.43296169191598893,0.48204415589571,XGBoost_bootstrap_ensemble
2005-04-01,Nyakagunda,,0.44896259903907776,0.42083541601896285,0.47729565799236295,XGBoost_bootstrap_ensemble
2005-05-01,Nyakagunda,,0.45440396666526794,0.42920554205775263,0.48239762708544726,XGBoost_bootstrap_ensemble
2005-06-01,Nyakagunda,,0.4211568832397461,0.39612743631005287,0.4484989583492279,XGBoost_bootstrap_ensemble
2005-07-01,Nyakagunda,,0.40545108914375305,0.3694763109087944,0.43857918083667746,XGBoost_bootstrap_ensemble
2005-08-01,Nyakagunda,,0.4058545231819153,0.3711346976459026,0.4324312172830105,XGBoost_bootstrap_ensemble
2005-09-01,Nyakagunda,,0.41814178228378296,0.38043137565255164,0.4462955735623836,XGBoost_bootstrap_ensemble
2005-10-01,Nyakagunda,,0.43647027015686035,0.39220903143286706,0.4691499754786491,XGBoost_bootstrap_ensemble
2005-11-01,Nyakagunda,,0.44351741671562195,0.4207574278116226,0.46470150202512733,XGBoost_bootstrap_ensemble
2005-12-01,Nyakagunda,,0.4342365264892578,0.4012668251991272,0.4612171813845634,XGBoost_bootstrap_ensemble
2006-01-01,Nyakagunda,,0.43331581354141235,0.4099606566131115,0.4564155898988247,XGBoost_bootstrap_ensemble
2006-02-01,Nyakagunda,,0.42259588837623596,0.3966313235461712,0.44841400161385536,XGBoost_bootstrap_ensemble
2006-03-01,Nyakagunda,,0.4426795244216919,0.4264132432639599,0.46337940394878385,XGBoost_bootstrap_ensemble
2006-04-01,Nyakagunda,,0.44632747769355774,0.42429752051830294,0.46984263285994526,XGBoost_bootstrap_ensemble
2006-05-01,Nyakagunda,,0.4607386887073517,0.4350911743938923,0.48886542990803716,XGBoost_bootstrap_ensemble
2006-06-01,Nyakagunda,,0.4327903091907501,0.40692710131406784,0.4665305636823177,XGBoost_bootstrap_ensemble
2006-07-01,Nyakagunda,,0.3962712585926056,0.35802430659532547,0.4357333399355411,XGBoost_bootstrap_ensemble
2006-08-01,Nyakagunda,,0.39993900060653687,0.3672182783484459,0.4270024627447128,XGBoost_bootstrap_ensemble
2006-09-01,Nyakagunda,,0.40616703033447266,0.36872862130403516,0.4366893172264099,XGBoost_bootstrap_ensemble
2006-10-01,Nyakagunda,,0.41639596223831177,0.3766542740166187,0.4448885485529899,XGBoost_bootstrap_ensemble
2006-11-01,Nyakagunda,,0.43705666065216064,0.413680174946785,0.46597821116447447,XGBoost_bootstrap_ensemble
2006-12-01,Nyakagunda,,0.4593007266521454,0.4347862549126148,0.4762191854417324,XGBoost_bootstrap_ensemble
2007-01-01,Nyakagunda,,0.4731697738170624,0.43740504160523414,0.5170627653598785,XGBoost_bootstrap_ensemble
2007-02-01,Nyakagunda,,0.47692784667015076,0.4454318583011627,0.5235805496573448,XGBoost_bootstrap_ensemble
2007-03-01,Nyakagunda,,0.43945133686065674,0.4150735311210155,0.4737301431596279,XGBoost_bootstrap_ensemble
2007-04-01,Nyakagunda,,0.46018218994140625,0.43173460513353346,0.4949199937283993,XGBoost_bootstrap_ensemble
2007-05-01,Nyakagunda,,0.4457329213619232,0.422560178488493,0.47919376045465467,XGBoost_bootstrap_ensemble
2007-06-01,Nyakagunda,,0.4119858145713806,0.3773361943662167,0.43923111036419865,XGBoost_bootstrap_ensemble
2007-07-01,Nyakagunda,,0.39183884859085083,0.360467167943716,0.42746371924877163,XGBoost_bootstrap_ensemble
2007-08-01,Nyakagunda,,0.4044007360935211,0.3684054285287857,0.43330837041139597,XGBoost_bootstrap_ensemble
2007-09-01,Nyakagunda,,0.420248419046402,0.37867603078484535,0.45322625711560244,XGBoost_bootstrap_ensemble
2007-10-01,Nyakagunda,,0.42305251955986023,0.39025353714823724,0.4546704530715942,XGBoost_bootstrap_ensemble
2007-11-01,Nyakagunda,,0.43759146332740784,0.4066001459956169,0.4680534817278385,XGBoost_bootstrap_ensemble
2007-12-01,Nyakagunda,,0.4708418548107147,0.446991465985775,0.5043317392468453,XGBoost_bootstrap_ensemble
2008-01-01,Nyakagunda,,0.46240928769111633,0.4358877450227737,0.5013282015919686,XGBoost_bootstrap_ensemble
2008-02-01,Nyakagunda,,0.46308445930480957,0.43925624862313273,0.5003916755318641,XGBoost_bootstrap_ensemble
2008-03-01,Nyakagunda,,0.4610573649406433,0.43494067490100863,0.49121598824858664,XGBoost_bootstrap_ensemble
2008-04-01,Nyakagunda,,0.44911879301071167,0.42521174177527427,0.48012205362319943,XGBoost_bootstrap_ensemble
2008-05-01,Nyakagunda,,0.4230247139930725,0.40179904028773306,0.4529154323041439,XGBoost_bootstrap_ensemble
2008-06-01,Nyakagunda,,0.41937947273254395,0.39749775230884554,0.45175849124789236,XGBoost_bootstrap_ensemble
2008-07-01,Nyakagunda,,0.4042458236217499,0.36788570284843447,0.4398697063326835,XGBoost_bootstrap_ensemble
2008-08-01,Nyakagunda,,0.4049128293991089,0.3696815811097622,0.43155688494443895,XGBoost_bootstrap_ensemble
2008-09-01,Nyakagunda,,0.41373366117477417,0.378258853405714,0.4450318068265915,XGBoost_bootstrap_ensemble
2008-10-01,Nyakagunda,,0.42729318141937256,0.3913477472960949,0.45462828502058983,XGBoost_bootstrap_ensemble
2008-11-01,Nyakagunda,,0.4355974495410919,0.3969046540558338,0.4664335407316685,XGBoost_bootstrap_ensemble
2008-12-01,Nyakagunda,,0.4575120806694031,0.43891582265496254,0.4894772820174694,XGBoost_bootstrap_ensemble
2009-01-01,Nyakagunda,0.4290322580645162,0.4290322580645162,0.4290322580645162,0.4290322580645162,observed
2009-02-01,Nyakagunda,0.4575000000000001,0.4575000000000001,0.4575000000000001,0.4575000000000001,observed
2009-03-01,Nyakagunda,0.5054838709677419,0.5054838709677419,0.5054838709677419,0.5054838709677419,observed
2009-04-01,Nyakagunda,0.4836666666666667,0.4836666666666667,0.4836666666666667,0.4836666666666667,observed
2009-05-01,Nyakagunda,0.4474193548387097,0.4474193548387097,0.4474193548387097,0.4474193548387097,observed
2009-06-01,Nyakagunda,0.4070000000000002,0.4070000000000002,0.4070000000000002,0.4070000000000002,observed
2009-07-01,Nyakagunda,0.3706451612903224,0.3706451612903224,0.3706451612903224,0.3706451612903224,observed
2009-08-01,Nyakagunda,0.3403225806451612,0.3403225806451612,0.3403225806451612,0.3403225806451612,observed
2009-09-01,Nyakagunda,0.343,0.343,0.343,0.343,observed
2009-10-01,Nyakagunda,0.3616129032258063,0.3616129032258063,0.3616129032258063,0.3616129032258063,observed
2009-11-01,Nyakagunda,0.438,0.438,0.438,0.438,observed
2009-12-01,Nyakagunda,0.4374193548387097,0.4374193548387097,0.4374193548387097,0.4374193548387097,observed
2010-01-01,Nyakagunda,0.4516129032258063,0.4516129032258063,0.4516129032258063,0.4516129032258063,observed
2010-02-01,Nyakagunda,0.4857142857142857,0.4857142857142857,0.4857142857142857,0.4857142857142857,observed
2010-03-01,Nyakagunda,,0.5739014148712158,0.5209513410925866,0.6144198223948478,XGBoost_bootstrap_ensemble
2010-04-01,Nyakagunda,,0.5506578683853149,0.5117294326424598,0.5868447884917259,XGBoost_bootstrap_ensemble
2010-05-01,Nyakagunda,,0.5077494978904724,0.47025806456804276,0.5468440145254135,XGBoost_bootstrap_ensemble
2010-06-01,Nyakagunda,,0.435152143239975,0.4050853103399277,0.4750542871654033,XGBoost_bootstrap_ensemble
2010-07-01,Nyakagunda,,0.43006861209869385,0.4026126965880394,0.4638080380856991,XGBoost_bootstrap_ensemble
2010-08-01,Nyakagunda,,0.42880886793136597,0.3992051653563976,0.4570370249450207,XGBoost_bootstrap_ensemble
2010-09-01,Nyakagunda,0.499,0.499,0.499,0.499,observed
2010-10-01,Nyakagunda,0.4893548387096775,0.4893548387096775,0.4893548387096775,0.4893548387096775,observed
2010-11-01,Nyakagunda,0.4700000000000001,0.4700000000000001,0.4700000000000001,0.4700000000000001,observed
2010-12-01,Nyakagunda,0.4796774193548389,0.4796774193548389,0.4796774193548389,0.4796774193548389,observed
2011-01-01,Nyakagunda,0.4909677419354841,0.4909677419354841,0.4909677419354841,0.4909677419354841,observed
2011-02-01,Nyakagunda,0.4892857142857142,0.4892857142857142,0.4892857142857142,0.4892857142857142,observed
2011-03-01,Nyakagunda,0.5141935483870969,0.5141935483870969,0.5141935483870969,0.5141935483870969,observed
2011-04-01,Nyakagunda,0.5646666666666668,0.5646666666666668,0.5646666666666668,0.5646666666666668,observed
2011-05-01,Nyakagunda,0.5374193548387096,0.5374193548387096,0.5374193548387096,0.5374193548387096,observed
2011-06-01,Nyakagunda,0.4786666666666668,0.4786666666666668,0.4786666666666668,0.4786666666666668,observed
2011-07-01,Nyakagunda,0.4487096774193547,0.4487096774193547,0.4487096774193547,0.4487096774193547,observed
2011-08-01,Nyakagunda,0.449032258064516,0.449032258064516,0.449032258064516,0.449032258064516,observed
2011-09-01,Nyakagunda,0.4369999999999999,0.4369999999999999,0.4369999999999999,0.4369999999999999,observed
2011-10-01,Nyakagunda,0.4509677419354839,0.4509677419354839,0.4509677419354839,0.4509677419354839,observed
2011-11-01,Nyakagunda,0.5593333333333332,0.5593333333333332,0.5593333333333332,0.5593333333333332,observed
2011-12-01,Nyakagunda,0.6551612903225806,0.6551612903225806,0.6551612903225806,0.6551612903225806,observed
2012-01-01,Nyakagunda,0.5496774193548388,0.5496774193548388,0.5496774193548388,0.5496774193548388,observed
2012-02-01,Nyakagunda,0.4858620689655173,0.4858620689655173,0.4858620689655173,0.4858620689655173,observed
2012-03-01,Nyakagunda,0.5235483870967743,0.5235483870967743,0.5235483870967743,0.5235483870967743,observed
2012-04-01,Nyakagunda,0.5506666666666666,0.5506666666666666,0.5506666666666666,0.5506666666666666,observed
2012-05-01,Nyakagunda,0.5741935483870967,0.5741935483870967,0.5741935483870967,0.5741935483870967,observed
2012-06-01,Nyakagunda,0.5020000000000001,0.5020000000000001,0.5020000000000001,0.5020000000000001,observed
2012-07-01,Nyakagunda,0.4477419354838712,0.4477419354838712,0.4477419354838712,0.4477419354838712,observed
2012-08-01,Nyakagunda,0.4448387096774194,0.4448387096774194,0.4448387096774194,0.4448387096774194,observed
2012-09-01,Nyakagunda,0.4780000000000003,0.4780000000000003,0.4780000000000003,0.4780000000000003,observed
2012-10-01,Nyakagunda,0.4870967741935484,0.4870967741935484,0.4870967741935484,0.4870967741935484,observed
2012-11-01,Nyakagunda,0.5660000000000001,0.5660000000000001,0.5660000000000001,0.5660000000000001,observed
2012-12-01,Nyakagunda,0.5664516129032258,0.5664516129032258,0.5664516129032258,0.5664516129032258,observed
2013-01-01,Nyakagunda,0.5351612903225808,0.5351612903225808,0.5351612903225808,0.5351612903225808,observed
2013-02-01,Nyakagunda,0.4742857142857146,0.4742857142857146,0.4742857142857146,0.4742857142857146,observed
2013-03-01,Nyakagunda,0.6077419354838712,0.6077419354838712,0.6077419354838712,0.6077419354838712,observed
2013-04-01,Nyakagunda,0.6243333333333333,0.6243333333333333,0.6243333333333333,0.6243333333333333,observed
2013-05-01,Nyakagunda,0.5716129032258059,0.5716129032258059,0.5716129032258059,0.5716129032258059,observed
2013-06-01,Nyakagunda,0.5153333333333332,0.5153333333333332,0.5153333333333332,0.5153333333333332,observed
2013-07-01,Nyakagunda,0.4900000000000002,0.4900000000000002,0.4900000000000002,0.4900000000000002,observed
2013-08-01,Nyakagunda,0.4761290322580649,0.4761290322580649,0.4761290322580649,0.4761290322580649,observed
2013-09-01,Nyakagunda,0.5263333333333333,0.5263333333333333,0.5263333333333333,0.5263333333333333,observed
2013-10-01,Nyakagunda,0.4722580645161291,0.4722580645161291,0.4722580645161291,0.4722580645161291,observed
2013-11-01,Nyakagunda,0.5716666666666667,0.5716666666666667,0.5716666666666667,0.5716666666666667,observed
2013-12-01,Nyakagunda,0.6238709677419357,0.6238709677419357,0.6238709677419357,0.6238709677419357,observed
2014-01-01,Nyakagunda,,0.6211696267127991,0.5860826224088669,0.6454226449131966,XGBoost_bootstrap_ensemble
2014-02-01,Nyakagunda,,0.546921968460083,0.5141074195504188,0.5844541326165199,XGBoost_bootstrap_ensemble
2014-03-01,Nyakagunda,,0.5765337347984314,0.532747034728527,0.625110910832882,XGBoost_bootstrap_ensemble
2014-04-01,Nyakagunda,,0.5849835872650146,0.5573036640882492,0.6163382232189178,XGBoost_bootstrap_ensemble
2014-05-01,Nyakagunda,,0.5531517863273621,0.5163895040750504,0.5952795892953873,XGBoost_bootstrap_ensemble
2014-06-01,Nyakagunda,,0.4838680028915405,0.4445655092597008,0.528358383476734,XGBoost_bootstrap_ensemble
2014-07-01,Nyakagunda,,0.4711635708808899,0.44443099945783615,0.5042883023619652,XGBoost_bootstrap_ensemble
2014-08-01,Nyakagunda,,0.47674787044525146,0.4443700581789017,0.5063759237527846,XGBoost_bootstrap_ensemble
2014-09-01,Nyakagunda,,0.5848490595817566,0.5493412017822266,0.6213401436805724,XGBoost_bootstrap_ensemble
2014-10-01,Nyakagunda,,0.5446000099182129,0.5134133160114288,0.5794540151953698,XGBoost_bootstrap_ensemble
2014-11-01,Nyakagunda,,0.564566969871521,0.5309659779071808,0.5986021995544434,XGBoost_bootstrap_ensemble
2014-12-01,Nyakagunda,,0.599698007106781,0.5690601468086243,0.6290574803948402,XGBoost_bootstrap_ensemble
2015-01-01,Nyakagunda,,0.6280152797698975,0.5925240114331245,0.6574042439460754,XGBoost_bootstrap_ensemble
2015-02-01,Nyakagunda,,0.5671793222427368,0.5257171809673309,0.5985220715403556,XGBoost_bootstrap_ensemble
2015-03-01,Nyakagunda,,0.5903230905532837,0.5647319421172142,0.6153779774904251,XGBoost_bootstrap_ensemble
2015-04-01,Nyakagunda,,0.6015862226486206,0.5752347722649575,0.629832711815834,XGBoost_bootstrap_ensemble
2015-05-01,Nyakagunda,,0.5440179705619812,0.5017912968993187,0.583769653737545,XGBoost_bootstrap_ensemble
2015-06-01,Nyakagunda,,0.5289396047592163,0.4873960167169571,0.5606767430901527,XGBoost_bootstrap_ensemble
2015-07-01,Nyakagunda,,0.5099428296089172,0.4669583417475224,0.5459945112466812,XGBoost_bootstrap_ensemble
2015-08-01,Nyakagunda,,0.5179990530014038,0.4724822200834751,0.5595078229904175,XGBoost_bootstrap_ensemble
2015-09-01,Nyakagunda,,0.5329923033714294,0.49398744106292725,0.5646459594368934,XGBoost_bootstrap_ensemble
2015-10-01,Nyakagunda,,0.5585449934005737,0.5221978992223739,0.5984203651547432,XGBoost_bootstrap_ensemble
2015-11-01,Nyakagunda,,0.5854135751724243,0.5435171991586685,0.6208326399326324,XGBoost_bootstrap_ensemble
2015-12-01,Nyakagunda,,0.6038305759429932,0.5661980479955673,0.6389153361320495,XGBoost_bootstrap_ensemble
2016-01-01,Nyakagunda,,0.5938079357147217,0.5622714981436729,0.6254027232527732,XGBoost_bootstrap_ensemble
2016-02-01,Nyakagunda,,0.558855414390564,0.5195167839527131,0.5967736080288887,XGBoost_bootstrap_ensemble
2016-03-01,Nyakagunda,,0.5575932264328003,0.5259132370352745,0.5967321082949638,XGBoost_bootstrap_ensemble
2016-04-01,Nyakagunda,,0.5771322846412659,0.534482266008854,0.6069211438298225,XGBoost_bootstrap_ensemble
2016-05-01,Nyakagunda,,0.565861701965332,0.5298937931656837,0.5953630343079567,XGBoost_bootstrap_ensemble
2016-06-01,Nyakagunda,,0.5274043679237366,0.4805911689996719,0.5726919770240784,XGBoost_bootstrap_ensemble
2016-07-01,Nyakagunda,,0.45470482110977173,0.4163698434829712,0.4892141006886959,XGBoost_bootstrap_ensemble
2016-08-01,Nyakagunda,,0.4553976356983185,0.42569836005568507,0.4916472278535366,XGBoost_bootstrap_ensemble
2016-09-01,Nyakagunda,,0.4625437259674072,0.4280368581414223,0.4945299386978149,XGBoost_bootstrap_ensemble
2016-10-01,Nyakagunda,,0.4675246477127075,0.437588944286108,0.49824034571647646,XGBoost_bootstrap_ensemble
2016-11-01,Nyakagunda,,0.4487895965576172,0.4086593724787235,0.4762920133769512,XGBoost_bootstrap_ensemble
2016-12-01,Nyakagunda,,0.46522361040115356,0.4315650507807732,0.5038771077990531,XGBoost_bootstrap_ensemble
2017-01-01,Nyakagunda,,0.4561743438243866,0.41451275274157523,0.4856164552271366,XGBoost_bootstrap_ensemble
2017-02-01,Nyakagunda,,0.4636307656764984,0.4336507715284824,0.4930117167532444,XGBoost_bootstrap_ensemble
2017-03-01,Nyakagunda,,0.4638204276561737,0.4370586521923542,0.4949517138302326,XGBoost_bootstrap_ensemble
2017-04-01,Nyakagunda,,0.4512525796890259,0.41617572084069254,0.49883249327540397,XGBoost_bootstrap_ensemble
2017-05-01,Nyakagunda,,0.43506094813346863,0.40247089937329295,0.47611532881855956,XGBoost_bootstrap_ensemble
2017-06-01,Nyakagunda,,0.37398335337638855,0.3463535077869892,0.40508184432983396,XGBoost_bootstrap_ensemble
2017-07-01,Nyakagunda,,0.36611998081207275,0.33709682449698447,0.3949069119989872,XGBoost_bootstrap_ensemble
2017-08-01,Nyakagunda,,0.3649691045284271,0.344384540617466,0.3951785139739513,XGBoost_bootstrap_ensemble
2017-09-01,Nyakagunda,,0.3652457892894745,0.34370685592293737,0.38743982836604113,XGBoost_bootstrap_ensemble
2017-10-01,Nyakagunda,0.3692307692307692,0.3692307692307692,0.3692307692307692,0.3692307692307692,observed
2017-11-01,Nyakagunda,0.4186666666666666,0.4186666666666666,0.4186666666666666,0.4186666666666666,observed
2017-12-01,Nyakagunda,0.4067741935483871,0.4067741935483871,0.4067741935483871,0.4067741935483871,observed
2018-01-01,Nyakagunda,0.44,0.44,0.44,0.44,observed
2018-02-01,Nyakagunda,0.6225000000000002,0.6225000000000002,0.6225000000000002,0.6225000000000002,observed
2018-03-01,Nyakagunda,0.5251612903225806,0.5251612903225806,0.5251612903225806,0.5251612903225806,observed
2018-04-01,Nyakagunda,0.6176666666666667,0.6176666666666667,0.6176666666666667,0.6176666666666667,observed
2018-05-01,Nyakagunda,0.5632258064516129,0.5632258064516129,0.5632258064516129,0.5632258064516129,observed
2018-06-01,Nyakagunda,0.4566666666666664,0.4566666666666664,0.4566666666666664,0.4566666666666664,observed
2018-07-01,Nyakagunda,0.4083870967741937,0.4083870967741937,0.4083870967741937,0.4083870967741937,observed
2018-08-01,Nyakagunda,0.399032258064516,0.399032258064516,0.399032258064516,0.399032258064516,observed
2018-09-01,Nyakagunda,0.3556666666666667,0.3556666666666667,0.3556666666666667,0.3556666666666667,observed
2018-10-01,Nyakagunda,0.4193548387096774,0.4193548387096774,0.4193548387096774,0.4193548387096774,observed
2018-11-01,Nyakagunda,0.4846666666666667,0.4846666666666667,0.4846666666666667,0.4846666666666667,observed
2018-12-01,Nyakagunda,0.5293548387096776,0.5293548387096776,0.5293548387096776,0.5293548387096776,observed
2019-01-01,Nyakagunda,0.555483870967742,0.555483870967742,0.555483870967742,0.555483870967742,observed
2019-02-01,Nyakagunda,0.5371428571428571,0.5371428571428571,0.5371428571428571,0.5371428571428571,observed
2019-03-01,Nyakagunda,0.5903225806451612,0.5903225806451612,0.5903225806451612,0.5903225806451612,observed
2019-04-01,Nyakagunda,0.5616666666666666,0.5616666666666666,0.5616666666666666,0.5616666666666666,observed
2019-05-01,Nyakagunda,0.5461290322580644,0.5461290322580644,0.5461290322580644,0.5461290322580644,observed
2019-06-01,Nyakagunda,0.5076666666666667,0.5076666666666667,0.5076666666666667,0.5076666666666667,observed
2019-07-01,Nyakagunda,0.4738709677419357,0.4738709677419357,0.4738709677419357,0.4738709677419357,observed
2019-08-01,Nyakagunda,0.4419354838709676,0.4419354838709676,0.4419354838709676,0.4419354838709676,observed
2019-09-01,Nyakagunda,0.4363333333333333,0.4363333333333333,0.4363333333333333,0.4363333333333333,observed
2019-10-01,Nyakagunda,0.493225806451613,0.493225806451613,0.493225806451613,0.493225806451613,observed
2019-11-01,Nyakagunda,0.6009999999999998,0.6009999999999998,0.6009999999999998,0.6009999999999998,observed
2019-12-01,Nyakagunda,0.6229032258064515,0.6229032258064515,0.6229032258064515,0.6229032258064515,observed
2020-01-01,Nyakagunda,0.6529032258064515,0.6529032258064515,0.6529032258064515,0.6529032258064515,observed
2020-02-01,Nyakagunda,0.620344827586207,0.620344827586207,0.620344827586207,0.620344827586207,observed
2020-03-01,Nyakagunda,0.663548387096774,0.663548387096774,0.663548387096774,0.663548387096774,observed
2020-04-01,Nyakagunda,0.6333333333333334,0.6333333333333334,0.6333333333333334,0.6333333333333334,observed
2020-05-01,Nyakagunda,0.586451612903226,0.586451612903226,0.586451612903226,0.586451612903226,observed
2020-06-01,Nyakagunda,0.4046666666666664,0.4046666666666664,0.4046666666666664,0.4046666666666664,observed
2020-07-01,Nyakagunda,0.3451612903225806,0.3451612903225806,0.3451612903225806,0.3451612903225806,observed
2020-08-01,Nyakagunda,0.3132258064516129,0.3132258064516129,0.3132258064516129,0.3132258064516129,observed
2020-09-01,Nyakagunda,0.3273333333333332,0.3273333333333332,0.3273333333333332,0.3273333333333332,observed
2020-10-01,Nyakagunda,0.3290322580645163,0.3290322580645163,0.3290322580645163,0.3290322580645163,observed
2020-11-01,Nyakagunda,0.3856666666666667,0.3856666666666667,0.3856666666666667,0.3856666666666667,observed
2020-12-01,Nyakagunda,0.453225806451613,0.453225806451613,0.453225806451613,0.453225806451613,observed
2021-01-01,Nyakagunda,0.6190322580645161,0.6190322580645161,0.6190322580645161,0.6190322580645161,observed
2021-02-01,Nyakagunda,0.6857142857142858,0.6857142857142858,0.6857142857142858,0.6857142857142858,observed
2021-03-01,Nyakagunda,0.7735483870967743,0.7735483870967743,0.7735483870967743,0.7735483870967743,observed
2021-04-01,Nyakagunda,0.7619999999999999,0.7619999999999999,0.7619999999999999,0.7619999999999999,observed
2021-05-01,Nyakagunda,0.6612903225806449,0.6612903225806449,0.6612903225806449,0.6612903225806449,observed
2021-06-01,Nyakagunda,0.3676666666666666,0.3676666666666666,0.3676666666666666,0.3676666666666666,observed
2021-07-01,Nyakagunda,0.3312903225806452,0.3312903225806452,0.3312903225806452,0.3312903225806452,observed
2021-08-01,Nyakagunda,0.3245161290322582,0.3245161290322582,0.3245161290322582,0.3245161290322582,observed
2021-09-01,Nyakagunda,0.3033333333333333,0.3033333333333333,0.3033333333333333,0.3033333333333333,observed
2021-10-01,Nyakagunda,0.3093548387096774,0.3093548387096774,0.3093548387096774,0.3093548387096774,observed
2021-11-01,Nyakagunda,0.3796666666666667,0.3796666666666667,0.3796666666666667,0.3796666666666667,observed
2021-12-01,Nyakagunda,0.3896774193548387,0.3896774193548387,0.3896774193548387,0.3896774193548387,observed
2022-01-01,Nyakagunda,0.332258064516129,0.332258064516129,0.332258064516129,0.332258064516129,observed
2022-02-01,Nyakagunda,0.4792857142857143,0.4792857142857143,0.4792857142857143,0.4792857142857143,observed
2022-03-01,Nyakagunda,0.4538709677419354,0.4538709677419354,0.4538709677419354,0.4538709677419354,observed
2022-04-01,Nyakagunda,0.528,0.528,0.528,0.528,observed
2022-05-01,Nyakagunda,0.5806451612903226,0.5806451612903226,0.5806451612903226,0.5806451612903226,observed
2022-06-01,Nyakagunda,0.4249999999999997,0.4249999999999997,0.4249999999999997,0.4249999999999997,observed
2022-07-01,Nyakagunda,0.3277419354838711,0.3277419354838711,0.3277419354838711,0.3277419354838711,observed
2022-08-01,Nyakagunda,0.3170967741935483,0.3170967741935483,0.3170967741935483,0.3170967741935483,observed
2022-09-01,Nyakagunda,0.3083333333333333,0.3083333333333333,0.3083333333333333,0.3083333333333333,observed
2022-10-01,Nyakagunda,0.317741935483871,0.317741935483871,0.317741935483871,0.317741935483871,observed
2022-11-01,Nyakagunda,0.3829999999999999,0.3829999999999999,0.3829999999999999,0.3829999999999999,observed
2022-12-01,Nyakagunda,0.397741935483871,0.397741935483871,0.397741935483871,0.397741935483871,observed
2023-01-01,Nyakagunda,0.5280645161290323,0.5280645161290323,0.5280645161290323,0.5280645161290323,observed
2023-02-01,Nyakagunda,0.5935714285714285,0.5935714285714285,0.5935714285714285,0.5935714285714285,observed
2023-03-01,Nyakagunda,0.5412903225806454,0.5412903225806454,0.5412903225806454,0.5412903225806454,observed
2023-04-01,Nyakagunda,0.6363333333333335,0.6363333333333335,0.6363333333333335,0.6363333333333335,observed
2023-05-01,Nyakagunda,0.5332258064516131,0.5332258064516131,0.5332258064516131,0.5332258064516131,observed
2023-06-01,Nyakagunda,0.3926666666666666,0.3926666666666666,0.3926666666666666,0.3926666666666666,observed
2023-07-01,Nyakagunda,0.3493548387096775,0.3493548387096775,0.3493548387096775,0.3493548387096775,observed
2023-08-01,Nyakagunda,0.3290322580645162,0.3290322580645162,0.3290322580645162,0.3290322580645162,observed
2023-09-01,Nyakagunda,0.3473333333333332,0.3473333333333332,0.3473333333333332,0.3473333333333332,observed
2023-10-01,Nyakagunda,0.4525806451612904,0.4525806451612904,0.4525806451612904,0.4525806451612904,observed
2023-11-01,Nyakagunda,0.5563333333333332,0.5563333333333332,0.5563333333333332,0.5563333333333332,observed
2023-12-01,Nyakagunda,0.5200000000000001,0.5200000000000001,0.5200000000000001,0.5200000000000001,observed
2024-01-01,Nyakagunda,0.676774193548387,0.676774193548387,0.676774193548387,0.676774193548387,observed
2024-02-01,Nyakagunda,0.6672413793103448,0.6672413793103448,0.6672413793103448,0.6672413793103448,observed
2024-03-01,Nyakagunda,0.5858064516129032,0.5858064516129032,0.5858064516129032,0.5858064516129032,observed
2024-04-01,Nyakagunda,0.662,0.662,0.662,0.662,observed
2024-05-01,Nyakagunda,0.6903225806451615,0.6903225806451615,0.6903225806451615,0.6903225806451615,observed
2024-06-01,Nyakagunda,0.5016666666666668,0.5016666666666668,0.5016666666666668,0.5016666666666668,observed
2024-07-01,Nyakagunda,0.4583870967741933,0.4583870967741933,0.4583870967741933,0.4583870967741933,observed
2024-08-01,Nyakagunda,0.4130000000000001,0.4130000000000001,0.4130000000000001,0.4130000000000001,observed
2024-09-01,Nyakagunda,0.422,0.422,0.422,0.422,observed
2024-10-01,Nyakagunda,0.4687096774193549,0.4687096774193549,0.4687096774193549,0.4687096774193549,observed
2024-11-01,Nyakagunda,0.6406666666666667,0.6406666666666667,0.6406666666666667,0.6406666666666667,observed
2024-12-01,Nyakagunda,0.6903225806451612,0.6903225806451612,0.6903225806451612,0.6903225806451612,observed
2008-12-01,Mpanda,0.9261290322580648,0.9261290322580648,0.9261290322580648,0.9261290322580648,observed
2009-01-01,Mpanda,0.8893548387096775,0.8893548387096775,0.8893548387096775,0.8893548387096775,observed
2009-02-01,Mpanda,0.9182142857142858,0.9182142857142858,0.9182142857142858,0.9182142857142858,observed
2009-03-01,Mpanda,0.9906451612903228,0.9906451612903228,0.9906451612903228,0.9906451612903228,observed
2009-04-01,Mpanda,1.164,1.164,1.164,1.164,observed
2009-05-01,Mpanda,1.3270967741935482,1.3270967741935482,1.3270967741935482,1.3270967741935482,observed
2009-06-01,Mpanda,0.7490000000000001,0.7490000000000001,0.7490000000000001,0.7490000000000001,observed
2009-07-01,Mpanda,0.7216129032258066,0.7216129032258066,0.7216129032258066,0.7216129032258066,observed
2009-08-01,Mpanda,0.767741935483871,0.767741935483871,0.767741935483871,0.767741935483871,observed
2009-09-01,Mpanda,0.6056666666666666,0.6056666666666666,0.6056666666666666,0.6056666666666666,observed
2009-10-01,Mpanda,0.8077419354838711,0.8077419354838711,0.8077419354838711,0.8077419354838711,observed
2009-11-01,Mpanda,0.9133333333333332,0.9133333333333332,0.9133333333333332,0.9133333333333332,observed
2009-12-01,Mpanda,0.9467741935483872,0.9467741935483872,0.9467741935483872,0.9467741935483872,observed
2010-01-01,Mpanda,0.9561290322580648,0.9561290322580648,0.9561290322580648,0.9561290322580648,observed
2010-02-01,Mpanda,1.0314285714285714,1.0314285714285714,1.0314285714285714,1.0314285714285714,observed
2010-03-01,Mpanda,0.9958064516129032,0.9958064516129032,0.9958064516129032,0.9958064516129032,observed
2010-04-01,Mpanda,1.0843333333333334,1.0843333333333334,1.0843333333333334,1.0843333333333334,observed
2010-05-01,Mpanda,0.7893548387096776,0.7893548387096776,0.7893548387096776,0.7893548387096776,observed
2010-06-01,Mpanda,0.656,0.656,0.656,0.656,observed
2010-07-01,Mpanda,0.5693548387096776,0.5693548387096776,0.5693548387096776,0.5693548387096776,observed
2010-08-01,Mpanda,0.6500000000000002,0.6500000000000002,0.6500000000000002,0.6500000000000002,observed
2010-09-01,Mpanda,0.7050000000000001,0.7050000000000001,0.7050000000000001,0.7050000000000001,observed
2010-10-01,Mpanda,0.7293548387096777,0.7293548387096777,0.7293548387096777,0.7293548387096777,observed
2010-11-01,Mpanda,0.8636666666666667,0.8636666666666667,0.8636666666666667,0.8636666666666667,observed
2010-12-01,Mpanda,0.8309677419354838,0.8309677419354838,0.8309677419354838,0.8309677419354838,observed
2011-01-01,Mpanda,1.1612903225806457,1.1612903225806457,1.1612903225806457,1.1612903225806457,observed
2011-02-01,Mpanda,0.8392857142857145,0.8392857142857145,0.8392857142857145,0.8392857142857145,observed
2011-03-01,Mpanda,0.9338709677419356,0.9338709677419356,0.9338709677419356,0.9338709677419356,observed
2011-04-01,Mpanda,0.8953333333333334,0.8953333333333334,0.8953333333333334,0.8953333333333334,observed
2011-05-01,Mpanda,0.8209677419354842,0.8209677419354842,0.8209677419354842,0.8209677419354842,observed
2011-06-01,Mpanda,0.7873333333333333,0.7873333333333333,0.7873333333333333,0.7873333333333333,observed
2011-07-01,Mpanda,0.6993548387096774,0.6993548387096774,0.6993548387096774,0.6993548387096774,observed
2011-08-01,Mpanda,0.7106451612903227,0.7106451612903227,0.7106451612903227,0.7106451612903227,observed
2011-09-01,Mpanda,0.7358620689655173,0.7358620689655173,0.7358620689655173,0.7358620689655173,observed
2011-10-01,Mpanda,0.774516129032258,0.774516129032258,0.774516129032258,0.774516129032258,observed
2011-11-01,Mpanda,1.0053333333333334,1.0053333333333334,1.0053333333333334,1.0053333333333334,observed
2011-12-01,Mpanda,1.278333333333333,1.278333333333333,1.278333333333333,1.278333333333333,observed
2012-01-01,Mpanda,1.3754838709677415,1.3754838709677415,1.3754838709677415,1.3754838709677415,observed
2012-02-01,Mpanda,0.8213793103448275,0.8213793103448275,0.8213793103448275,0.8213793103448275,observed
2012-03-01,Mpanda,0.8793548387096771,0.8793548387096771,0.8793548387096771,0.8793548387096771,observed
2012-04-01,Mpanda,1.0616666666666663,1.0616666666666663,1.0616666666666663,1.0616666666666663,observed
2012-05-01,Mpanda,1.0570967741935482,1.0570967741935482,1.0570967741935482,1.0570967741935482,observed
2012-06-01,Mpanda,0.9333333333333332,0.9333333333333332,0.9333333333333332,0.9333333333333332,observed
2012-07-01,Mpanda,0.6561290322580646,0.6561290322580646,0.6561290322580646,0.6561290322580646,observed
2012-08-01,Mpanda,0.8019354838709677,0.8019354838709677,0.8019354838709677,0.8019354838709677,observed
2012-09-01,Mpanda,0.9143333333333332,0.9143333333333332,0.9143333333333332,0.9143333333333332,observed
2012-10-01,Mpanda,0.921290322580645,0.921290322580645,0.921290322580645,0.921290322580645,observed
2012-11-01,Mpanda,0.9923333333333332,0.9923333333333332,0.9923333333333332,0.9923333333333332,observed
2012-12-01,Mpanda,1.2664516129032255,1.2664516129032255,1.2664516129032255,1.2664516129032255,observed
2013-01-01,Mpanda,1.3258064516129031,1.3258064516129031,1.3258064516129031,1.3258064516129031,observed
2013-02-01,Mpanda,1.0028571428571431,1.0028571428571431,1.0028571428571431,1.0028571428571431,observed
2013-03-01,Mpanda,1.1700000000000004,1.1700000000000004,1.1700000000000004,1.1700000000000004,observed
2013-04-01,Mpanda,1.7566666666666668,1.7566666666666668,1.7566666666666668,1.7566666666666668,observed
2013-05-01,Mpanda,1.4429032258064516,1.4429032258064516,1.4429032258064516,1.4429032258064516,observed
2013-06-01,Mpanda,1.2043333333333337,1.2043333333333337,1.2043333333333337,1.2043333333333337,observed
2013-07-01,Mpanda,1.0951612903225805,1.0951612903225805,1.0951612903225805,1.0951612903225805,observed
2013-08-01,Mpanda,1.1112903225806452,1.1112903225806452,1.1112903225806452,1.1112903225806452,observed
2013-09-01,Mpanda,1.1416666666666666,1.1416666666666666,1.1416666666666666,1.1416666666666666,observed
2013-10-01,Mpanda,1.1374193548387097,1.1374193548387097,1.1374193548387097,1.1374193548387097,observed
2013-11-01,Mpanda,1.5196666666666667,1.5196666666666667,1.5196666666666667,1.5196666666666667,observed
2013-12-01,Mpanda,1.6003225806451613,1.6003225806451613,1.6003225806451613,1.6003225806451613,observed
2014-01-01,Mpanda,1.5006451612903224,1.5006451612903224,1.5006451612903224,1.5006451612903224,observed
2014-02-01,Mpanda,1.2596428571428573,1.2596428571428573,1.2596428571428573,1.2596428571428573,observed
2014-03-01,Mpanda,1.4799999999999998,1.4799999999999998,1.4799999999999998,1.4799999999999998,observed
2014-04-01,Mpanda,1.4303333333333337,1.4303333333333337,1.4303333333333337,1.4303333333333337,observed
2014-05-01,Mpanda,1.2183870967741932,1.2183870967741932,1.2183870967741932,1.2183870967741932,observed
2014-06-01,Mpanda,1.1880000000000002,1.1880000000000002,1.1880000000000002,1.1880000000000002,observed
2014-07-01,Mpanda,1.1503225806451611,1.1503225806451611,1.1503225806451611,1.1503225806451611,observed
2014-08-01,Mpanda,1.1548387096774193,1.1548387096774193,1.1548387096774193,1.1548387096774193,observed
2014-09-01,Mpanda,1.1883333333333332,1.1883333333333332,1.1883333333333332,1.1883333333333332,observed
2014-10-01,Mpanda,1.340322580645162,1.340322580645162,1.340322580645162,1.340322580645162,observed
2014-11-01,Mpanda,1.2959999999999998,1.2959999999999998,1.2959999999999998,1.2959999999999998,observed
2014-12-01,Mpanda,1.3361290322580643,1.3361290322580643,1.3361290322580643,1.3361290322580643,observed
2015-01-01,Mpanda,1.389677419354839,1.389677419354839,1.389677419354839,1.389677419354839,observed
2015-02-01,Mpanda,1.4621428571428567,1.4621428571428567,1.4621428571428567,1.4621428571428567,observed
2015-03-01,Mpanda,1.4316129032258065,1.4316129032258065,1.4316129032258065,1.4316129032258065,observed
2015-04-01,Mpanda,1.530333333333333,1.530333333333333,1.530333333333333,1.530333333333333,observed
2015-05-01,Mpanda,1.5048387096774198,1.5048387096774198,1.5048387096774198,1.5048387096774198,observed
2015-06-01,Mpanda,1.336666666666667,1.336666666666667,1.336666666666667,1.336666666666667,observed
2015-07-01,Mpanda,1.1616129032258058,1.1616129032258058,1.1616129032258058,1.1616129032258058,observed
2015-08-01,Mpanda,1.1425806451612903,1.1425806451612903,1.1425806451612903,1.1425806451612903,observed
2015-09-01,Mpanda,1.1679999999999997,1.1679999999999997,1.1679999999999997,1.1679999999999997,observed
2015-10-01,Mpanda,1.3706451612903223,1.3706451612903223,1.3706451612903223,1.3706451612903223,observed
2015-11-01,Mpanda,1.4236666666666664,1.4236666666666664,1.4236666666666664,1.4236666666666664,observed
2015-12-01,Mpanda,1.574838709677419,1.574838709677419,1.574838709677419,1.574838709677419,observed
2016-01-01,Mpanda,1.451290322580645,1.451290322580645,1.451290322580645,1.451290322580645,observed
2016-02-01,Mpanda,1.4706896551724136,1.4706896551724136,1.4706896551724136,1.4706896551724136,observed
2016-03-01,Mpanda,1.425483870967742,1.425483870967742,1.425483870967742,1.425483870967742,observed
2016-04-01,Mpanda,1.4673333333333332,1.4673333333333332,1.4673333333333332,1.4673333333333332,observed
2016-05-01,Mpanda,1.4325806451612904,1.4325806451612904,1.4325806451612904,1.4325806451612904,observed
2016-06-01,Mpanda,1.3550000000000004,1.3550000000000004,1.3550000000000004,1.3550000000000004,observed
2016-07-01,Mpanda,1.2939999999999998,1.2939999999999998,1.2939999999999998,1.2939999999999998,observed
2016-08-01,Mpanda,1.273870967741935,1.273870967741935,1.273870967741935,1.273870967741935,observed
2016-09-01,Mpanda,1.3633333333333333,1.3633333333333333,1.3633333333333333,1.3633333333333333,observed
2016-10-01,Mpanda,1.434516129032258,1.434516129032258,1.434516129032258,1.434516129032258,observed
2016-11-01,Mpanda,1.3496666666666668,1.3496666666666668,1.3496666666666668,1.3496666666666668,observed
2016-12-01,Mpanda,1.311935483870968,1.311935483870968,1.311935483870968,1.311935483870968,observed
2017-01-01,Mpanda,1.4003225806451611,1.4003225806451611,1.4003225806451611,1.4003225806451611,observed
2017-02-01,Mpanda,1.4260714285714289,1.4260714285714289,1.4260714285714289,1.4260714285714289,observed
2017-03-01,Mpanda,1.4361290322580644,1.4361290322580644,1.4361290322580644,1.4361290322580644,observed
2017-04-01,Mpanda,1.435333333333333,1.435333333333333,1.435333333333333,1.435333333333333,observed
2017-05-01,Mpanda,1.4109677419354838,1.4109677419354838,1.4109677419354838,1.4109677419354838,observed
2017-06-01,Mpanda,1.331666666666667,1.331666666666667,1.331666666666667,1.331666666666667,observed
2017-07-01,Mpanda,1.2822580645161292,1.2822580645161292,1.2822580645161292,1.2822580645161292,observed
2017-08-01,Mpanda,1.3787096774193552,1.3787096774193552,1.3787096774193552,1.3787096774193552,observed
2017-09-01,Mpanda,1.442666666666667,1.442666666666667,1.442666666666667,1.442666666666667,observed
2017-10-01,Mpanda,1.3738709677419356,1.3738709677419356,1.3738709677419356,1.3738709677419356,observed
2017-11-01,Mpanda,1.542,1.542,1.542,1.542,observed
2017-12-01,Mpanda,1.476129032258065,1.476129032258065,1.476129032258065,1.476129032258065,observed
2018-01-01,Mpanda,1.4793548387096775,1.4793548387096775,1.4793548387096775,1.4793548387096775,observed
2018-02-01,Mpanda,1.5010714285714286,1.5010714285714286,1.5010714285714286,1.5010714285714286,observed
2018-03-01,Mpanda,1.5748387096774192,1.5748387096774192,1.5748387096774192,1.5748387096774192,observed
2018-04-01,Mpanda,1.7079999999999995,1.7079999999999995,1.7079999999999995,1.7079999999999995,observed
2018-05-01,Mpanda,1.4648387096774191,1.4648387096774191,1.4648387096774191,1.4648387096774191,observed
2018-06-01,Mpanda,1.349666666666667,1.349666666666667,1.349666666666667,1.349666666666667,observed
2018-07-01,Mpanda,1.4264516129032256,1.4264516129032256,1.4264516129032256,1.4264516129032256,observed
2018-08-01,Mpanda,1.4987096774193545,1.4987096774193545,1.4987096774193545,1.4987096774193545,observed
2018-09-01,Mpanda,1.4256666666666666,1.4256666666666666,1.4256666666666666,1.4256666666666666,observed
2018-10-01,Mpanda,1.562258064516129,1.562258064516129,1.562258064516129,1.562258064516129,observed
2018-11-01,Mpanda,1.5563333333333331,1.5563333333333331,1.5563333333333331,1.5563333333333331,observed
2018-12-01,Mpanda,1.5903225806451613,1.5903225806451613,1.5903225806451613,1.5903225806451613,observed
2019-01-01,Mpanda,1.6041935483870966,1.6041935483870966,1.6041935483870966,1.6041935483870966,observed
2019-02-01,Mpanda,1.5035714285714283,1.5035714285714283,1.5035714285714283,1.5035714285714283,observed
2019-03-01,Mpanda,1.503548387096774,1.503548387096774,1.503548387096774,1.503548387096774,observed
2019-04-01,Mpanda,,1.5606268644332886,1.5095742613077163,1.6183536767959594,XGBoost_bootstrap_ensemble
2019-05-01,Mpanda,1.5751612903225811,1.5751612903225811,1.5751612903225811,1.5751612903225811,observed
2019-06-01,Mpanda,1.461,1.461,1.461,1.461,observed
2019-07-01,Mpanda,1.4454838709677418,1.4454838709677418,1.4454838709677418,1.4454838709677418,observed
2019-08-01,Mpanda,1.4329032258064516,1.4329032258064516,1.4329032258064516,1.4329032258064516,observed
2019-09-01,Mpanda,1.5586666666666666,1.5586666666666666,1.5586666666666666,1.5586666666666666,observed
2019-10-01,Mpanda,1.6709677419354831,1.6709677419354831,1.6709677419354831,1.6709677419354831,observed
2019-11-01,Mpanda,1.650666666666667,1.650666666666667,1.650666666666667,1.650666666666667,observed
2019-12-01,Mpanda,1.6854838709677418,1.6854838709677418,1.6854838709677418,1.6854838709677418,observed
2020-01-01,Mpanda,1.6222580645161293,1.6222580645161293,1.6222580645161293,1.6222580645161293,observed
2020-02-01,Mpanda,1.6044827586206902,1.6044827586206902,1.6044827586206902,1.6044827586206902,observed
2020-03-01,Mpanda,1.6358064516129032,1.6358064516129032,1.6358064516129032,1.6358064516129032,observed
2020-04-01,Mpanda,1.6499999999999997,1.6499999999999997,1.6499999999999997,1.6499999999999997,observed
2020-05-01,Mpanda,1.5141935483870974,1.5141935483870974,1.5141935483870974,1.5141935483870974,observed
2020-06-01,Mpanda,1.4546666666666668,1.4546666666666668,1.4546666666666668,1.4546666666666668,observed
2020-07-01,Mpanda,1.450322580645161,1.450322580645161,1.450322580645161,1.450322580645161,observed
2020-08-01,Mpanda,1.451290322580645,1.451290322580645,1.451290322580645,1.451290322580645,observed
2020-09-01,Mpanda,1.4113333333333338,1.4113333333333338,1.4113333333333338,1.4113333333333338,observed
2020-10-01,Mpanda,1.4370967741935488,1.4370967741935488,1.4370967741935488,1.4370967741935488,observed
2020-11-01,Mpanda,1.529666666666667,1.529666666666667,1.529666666666667,1.529666666666667,observed
2020-12-01,Mpanda,1.4790322580645157,1.4790322580645157,1.4790322580645157,1.4790322580645157,observed
2021-01-01,Mpanda,1.5848387096774192,1.5848387096774192,1.5848387096774192,1.5848387096774192,observed
2021-02-01,Mpanda,1.580357142857143,1.580357142857143,1.580357142857143,1.580357142857143,observed
2021-03-01,Mpanda,1.65,1.65,1.65,1.65,observed
2021-04-01,Mpanda,1.658333333333333,1.658333333333333,1.658333333333333,1.658333333333333,observed
2021-05-01,Mpanda,,1.5035897493362427,1.4229678601026534,1.559865003824234,XGBoost_bootstrap_ensemble
2021-06-01,Mpanda,,1.361020565032959,1.2575962007045747,1.4528344243764877,XGBoost_bootstrap_ensemble
2021-07-01,Mpanda,,1.3596856594085693,1.219521203637123,1.4683735996484757,XGBoost_bootstrap_ensemble
2021-08-01,Mpanda,,1.4683459997177124,1.4032366693019866,1.5227860391139985,XGBoost_bootstrap_ensemble
2021-09-01,Mpanda,,1.493796944618225,1.427443790435791,1.5494144290685654,XGBoost_bootstrap_ensemble
2021-10-01,Mpanda,,1.5254141092300415,1.460926365852356,1.5944013118743896,XGBoost_bootstrap_ensemble
2021-11-01,Mpanda,,1.4868360757827759,1.429167252779007,1.5420144945383072,XGBoost_bootstrap_ensemble
2021-12-01,Mpanda,,1.4855754375457764,1.440328586101532,1.5373420298099518,XGBoost_bootstrap_ensemble
2022-01-01,Mpanda,,1.4488765001296997,1.4001577824354172,1.4917774528265,XGBoost_bootstrap_ensemble
2022-02-01,Mpanda,,1.4894429445266724,1.4424358874559402,1.5448613554239272,XGBoost_bootstrap_ensemble
2022-03-01,Mpanda,,1.4170745611190796,1.3215106010437012,1.4764173656702042,XGBoost_bootstrap_ensemble
2022-04-01,Mpanda,,1.4144408702850342,1.3200810611248017,1.4767052561044693,XGBoost_bootstrap_ensemble
2022-05-01,Mpanda,,1.371171236038208,1.3017470985651016,1.42903313934803,XGBoost_bootstrap_ensemble
2022-06-01,Mpanda,,1.240830659866333,1.1532902777194978,1.3104567110538483,XGBoost_bootstrap_ensemble
2022-07-01,Mpanda,,1.243229866027832,1.1381811916828155,1.316157591342926,XGBoost_bootstrap_ensemble
2022-08-01,Mpanda,,1.3258564472198486,1.243263405561447,1.386318242549896,XGBoost_bootstrap_ensemble
2022-09-01,Mpanda,,1.3374297618865967,1.2337934106588364,1.4082309156656265,XGBoost_bootstrap_ensemble
2022-10-01,Mpanda,,1.2843539714813232,1.1687928110361099,1.3625108510255814,XGBoost_bootstrap_ensemble
2022-11-01,Mpanda,,1.2741572856903076,1.18778937458992,1.3627172589302061,XGBoost_bootstrap_ensemble
2022-12-01,Mpanda,1.1606451612903224,1.1606451612903224,1.1606451612903224,1.1606451612903224,observed
2023-01-01,Mpanda,1.0161290322580645,1.0161290322580645,1.0161290322580645,1.0161290322580645,observed
2023-02-01,Mpanda,1.0564285714285713,1.0564285714285713,1.0564285714285713,1.0564285714285713,observed
2023-03-01,Mpanda,1.0935483870967742,1.0935483870967742,1.0935483870967742,1.0935483870967742,observed
2023-04-01,Mpanda,1.2519999999999998,1.2519999999999998,1.2519999999999998,1.2519999999999998,observed
2023-05-01,Mpanda,1.4561290322580642,1.4561290322580642,1.4561290322580642,1.4561290322580642,observed
2023-06-01,Mpanda,1.397,1.397,1.397,1.397,observed
2023-07-01,Mpanda,0.7386666666666668,0.7386666666666668,0.7386666666666668,0.7386666666666668,observed
2023-08-01,Mpanda,0.9387096774193548,0.9387096774193548,0.9387096774193548,0.9387096774193548,observed
2023-09-01,Mpanda,1.321,1.321,1.321,1.321,observed
2023-10-01,Mpanda,1.4764516129032257,1.4764516129032257,1.4764516129032257,1.4764516129032257,observed
2023-11-01,Mpanda,1.600333333333333,1.600333333333333,1.600333333333333,1.600333333333333,observed
2023-12-01,Mpanda,1.801935483870968,1.801935483870968,1.801935483870968,1.801935483870968,observed
2024-01-01,Mpanda,1.615,1.615,1.615,1.615,observed
2024-02-01,Mpanda,1.5627586206896549,1.5627586206896549,1.5627586206896549,1.5627586206896549,observed
2024-03-01,Mpanda,1.6435483870967742,1.6435483870967742,1.6435483870967742,1.6435483870967742,observed
2024-04-01,Mpanda,1.7229999999999996,1.7229999999999996,1.7229999999999996,1.7229999999999996,observed
2024-05-01,Mpanda,1.413225806451613,1.413225806451613,1.413225806451613,1.413225806451613,observed
2024-06-01,Mpanda,1.0586666666666666,1.0586666666666666,1.0586666666666666,1.0586666666666666,observed
2024-07-01,Mpanda,0.9783870967741932,0.9783870967741932,0.9783870967741932,0.9783870967741932,observed
2024-08-01,Mpanda,0.7574193548387096,0.7574193548387096,0.7574193548387096,0.7574193548387096,observed
2024-09-01,Mpanda,0.924,0.924,0.924,0.924,observed
2024-10-01,Mpanda,0.7777419354838709,0.7777419354838709,0.7777419354838709,0.7777419354838709,observed
