river,forecast_origin,target_date,horizon_months,y_true,y_pred,error
Nyamagana,2019-11-01,2019-12-01,1,1.3529032258064515,0.8717223,-0.481180944827295
Nyamagana,2019-12-01,2020-01-01,1,0.9422580645161286,0.9400346,-0.0022234366016998797
Nyamagana,2020-01-01,2020-02-01,1,0.97551724137931,1.0147148,0.03919759569496983
Nyamagana,2020-02-01,2020-03-01,1,0.8493548387096773,1.0070956,0.15774073662296428
Nyamagana,2020-03-01,2020-04-01,1,1.0243333333333335,1.031323,0.006989622751871538
Nyamagana,2020-04-01,2020-05-01,1,0.7141935483870967,0.9270614,0.21286783056874437
Nyamagana,2020-05-01,2020-06-01,1,0.4173333333333333,0.86359024,0.44625690714518235
Nyamagana,2020-06-01,2020-07-01,1,0.3293548387096775,0.60355115,0.2741963106586086
Nyamagana,2020-07-01,2020-08-01,1,0.3012903225806452,0.54359335,0.24230302449195612
Nyamagana,2020-08-01,2020-09-01,1,0.3136666666666668,0.578565,0.2648983348210651
Nyamagana,2020-09-01,2020-10-01,1,0.3832258064516129,0.6997344,0.316508583330339
Nyamagana,2020-10-01,2020-11-01,1,0.714,0.7466255,0.03262548303604129
Nyamagana,2020-11-01,2020-12-01,1,0.7829032258064514,0.74298024,-0.039922984030938746
Nyamagana,2020-12-01,2021-01-01,1,0.8374193548387097,0.77620566,-0.06121369592605097
Nyamagana,2021-01-01,2021-02-01,1,0.6678571428571429,0.8120598,0.1442026768411908
Nyamagana,2021-02-01,2021-03-01,1,0.522258064516129,0.81942886,0.29717079662507584
Nyamagana,2021-03-01,2021-04-01,1,0.6829999999999999,0.65767384,-0.02532616424560541
Nyamagana,2021-04-01,2021-05-01,1,0.5512903225806451,0.68574667,0.13445634718864197
Nyamagana,2021-05-01,2021-06-01,1,0.2783333333333332,0.53356034,0.2552270023028057
Nyamagana,2021-06-01,2021-07-01,1,0.257741935483871,0.39047644,0.13273449993902636
Nyamagana,2021-07-01,2021-08-01,1,0.2329032258064516,0.38289952,0.14999629697492048
Nyamagana,2021-08-01,2021-09-01,1,0.3123333333333333,0.4645694,0.15223605648676558
Nyamagana,2021-09-01,2021-10-01,1,0.272258064516129,0.6059775,0.33371941112702896
Nyamagana,2021-10-01,2021-11-01,1,0.2526666666666666,0.5864349,0.33376823409398404
Nyamagana,2021-11-01,2021-12-01,1,0.2006451612903226,0.43897915,0.2383339875744235
Nyamagana,2021-12-01,2022-01-01,1,0.177741935483871,0.40791675,0.23017481900030565
Nyamagana,2022-01-01,2022-02-01,1,0.2875,0.40638122,0.11888121962547304
Nyamagana,2022-02-01,2022-03-01,1,0.3251612903225805,0.4192427,0.0940814195525263
Nyamagana,2022-03-01,2022-04-01,1,0.6636666666666667,0.40350834,-0.26015833131472277
Nyamagana,2022-04-01,2022-05-01,1,0.476774193548387,0.55070776,0.07393356392460493
Nyamagana,2022-05-01,2022-06-01,1,0.2453333333333334,0.46016943,0.2148361012140909
Nyamagana,2022-06-01,2022-07-01,1,0.2109677419354839,0.27787974,0.0669120028326588
Nyamagana,2022-07-01,2022-08-01,1,0.2593548387096774,0.27044088,0.011086037774239832
Nyamagana,2022-08-01,2022-09-01,1,0.2366666666666667,0.33178535,0.09511868437131243
Nyamagana,2022-09-01,2022-10-01,1,0.1980645161290323,0.3903724,0.19230787938640959
Nyamagana,2022-10-01,2022-11-01,1,0.2816666666666666,0.42915612,0.14748945792516077
Nyamagana,2022-11-01,2022-12-01,1,0.3216129032258065,0.3391682,0.017555287730309233
Nyamagana,2022-12-01,2023-01-01,1,0.2941935483870967,0.510189,0.21599544840474288
Nyamagana,2023-01-01,2023-02-01,1,0.3757142857142858,0.39075398,0.015039698737008167
Nyamagana,2023-02-01,2023-03-01,1,0.4893548387096774,0.32497936,-0.16437547383769863
Nyamagana,2023-03-01,2023-04-01,1,0.6333333333333333,0.51730114,-0.11603219111760454
Nyamagana,2023-04-01,2023-05-01,1,0.5983870967741935,0.45005062,-0.1483364745493858
Nyamagana,2023-05-01,2023-06-01,1,0.2856666666666667,0.3887879,0.10312122877438862
Nyamagana,2023-06-01,2023-07-01,1,0.1906451612903225,0.25903755,0.06839239297374611
Nyamagana,2023-07-01,2023-08-01,1,0.177741935483871,0.25591955,0.07817761040502977
Nyamagana,2023-08-01,2023-09-01,1,0.2646666666666667,0.27203453,0.007367859204610139
Nyamagana,2023-09-01,2023-10-01,1,0.3300000000000001,0.31759498,-0.012405024766922124
Nyamagana,2023-10-01,2023-11-01,1,0.4213333333333333,0.32867044,-0.09266289122899368
Nyamagana,2023-11-01,2023-12-01,1,0.3893548387096774,0.41391644,0.024561600108300496
Nyamagana,2023-12-01,2024-01-01,1,0.5387096774193548,0.3878643,-0.1508453857514166
Nyamagana,2024-01-01,2024-02-01,1,0.4655172413793103,0.4536316,-0.011885631701041843
Nyamagana,2024-02-01,2024-03-01,1,0.5783870967741935,0.47757235,-0.10081474508008648
Nyamagana,2024-03-01,2024-04-01,1,0.7043333333333331,0.57632476,-0.12800857241948427
Nyamagana,2024-04-01,2024-05-01,1,0.427741935483871,0.517646,0.08990407920652815
Nyamagana,2024-05-01,2024-06-01,1,0.2663333333333334,0.34848216,0.08214882842699678
Nyamagana,2024-06-01,2024-07-01,1,0.2103225806451613,0.2529434,0.042620815923137045
Nyamagana,2024-07-01,2024-08-01,1,0.2470967741935483,0.25411126,0.0070144859821566485
Nyamagana,2024-08-01,2024-09-01,1,0.2556666666666667,0.27065298,0.014986312945683755
Nyamagana,2024-09-01,2024-10-01,1,0.2580645161290322,0.25564766,-0.002416856827274383
Nyamagana,2024-10-01,2024-11-01,1,0.33074650168418884,0.2889808,-0.041765689849853516
Nyamagana,2024-11-01,2024-12-01,1,0.48,0.3486576,-0.13134239196777342
Nyamagana,2019-11-01,2020-02-01,3,0.97551724137931,0.8646083,-0.11090895356803065
Nyamagana,2019-12-01,2020-03-01,3,0.8493548387096773,0.8404722,-0.008882617335165599
Nyamagana,2020-01-01,2020-04-01,3,1.0243333333333335,0.97887266,-0.04546067651112895
Nyamagana,2020-02-01,2020-05-01,3,0.7141935483870967,0.991317,0.2771234257759587
Nyamagana,2020-03-01,2020-06-01,3,0.4173333333333333,0.841463,0.42412969605127976
Nyamagana,2020-04-01,2020-07-01,3,0.3293548387096775,0.7594147,0.430059834141885
Nyamagana,2020-05-01,2020-08-01,3,0.3012903225806452,0.770664,0.4693736540886663
Nyamagana,2020-06-01,2020-09-01,3,0.3136666666666668,0.698056,0.38438931592305486
Nyamagana,2020-07-01,2020-10-01,3,0.3832258064516129,0.7136627,0.3304368775121627
Nyamagana,2020-08-01,2020-11-01,3,0.714,0.78674585,0.07274584627151492
Nyamagana,2020-09-01,2020-12-01,3,0.7829032258064514,0.8220742,0.039170949074530004
Nyamagana,2020-10-01,2021-01-01,3,0.8374193548387097,0.8462084,0.008789038735051324
Nyamagana,2020-11-01,2021-02-01,3,0.6678571428571429,0.72483796,0.056980815955570696
Nyamagana,2020-12-01,2021-03-01,3,0.522258064516129,0.7338579,0.2115998651904445
Nyamagana,2021-01-01,2021-04-01,3,0.6829999999999999,0.80272096,0.1197209639549256
Nyamagana,2021-02-01,2021-05-01,3,0.5512903225806451,0.73792404,0.18663371678321594
Nyamagana,2021-03-01,2021-06-01,3,0.2783333333333332,0.64877146,0.3704381314913433
Nyamagana,2021-04-01,2021-07-01,3,0.257741935483871,0.5108631,0.2531211898403783
Nyamagana,2021-05-01,2021-08-01,3,0.2329032258064516,0.49400988,0.26110665640523356
Nyamagana,2021-06-01,2021-09-01,3,0.3123333333333333,0.68288755,0.3705542208353679
Nyamagana,2021-07-01,2021-10-01,3,0.272258064516129,0.6627503,0.3904922392291408
Nyamagana,2021-08-01,2021-11-01,3,0.2526666666666666,0.6904703,0.43780361159642545
Nyamagana,2021-09-01,2021-12-01,3,0.2006451612903226,0.64186275,0.44121758876308315
Nyamagana,2021-10-01,2022-01-01,3,0.177741935483871,0.5623405,0.3845985624867101
Nyamagana,2021-11-01,2022-02-01,3,0.2875,0.5256888,0.2381888270378113
Nyamagana,2021-12-01,2022-03-01,3,0.3251612903225805,0.41128638,0.08612509354468328
Nyamagana,2022-01-01,2022-04-01,3,0.6636666666666667,0.53023887,-0.13342779986063646
Nyamagana,2022-02-01,2022-05-01,3,0.476774193548387,0.44922578,-0.02754841020030352
Nyamagana,2022-03-01,2022-06-01,3,0.2453333333333334,0.42194232,0.1766089901129404
Nyamagana,2022-04-01,2022-07-01,3,0.2109677419354839,0.45783404,0.24686629322267345
Nyamagana,2022-05-01,2022-08-01,3,0.2593548387096774,0.45832503,0.19897018970981722
Nyamagana,2022-06-01,2022-09-01,3,0.2366666666666667,0.29632282,0.05965615590413409
Nyamagana,2022-07-01,2022-10-01,3,0.1980645161290323,0.30569714,0.10763262694881803
Nyamagana,2022-08-01,2022-11-01,3,0.2816666666666666,0.32510862,0.043441950877507574
Nyamagana,2022-09-01,2022-12-01,3,0.3216129032258065,0.41616136,0.09454845513066934
Nyamagana,2022-10-01,2023-01-01,3,0.2941935483870967,0.4162845,0.12209095316548507
Nyamagana,2022-11-01,2023-02-01,3,0.3757142857142858,0.41140223,0.03568793978009899
Nyamagana,2022-12-01,2023-03-01,3,0.4893548387096774,0.61110675,0.12175191463962681
Nyamagana,2023-01-01,2023-04-01,3,0.6333333333333333,0.6248069,-0.00852645238240557
Nyamagana,2023-02-01,2023-05-01,3,0.5983870967741935,0.557982,-0.040405069243523384
Nyamagana,2023-03-01,2023-06-01,3,0.2856666666666667,0.34067526,0.05500859793027241
Nyamagana,2023-04-01,2023-07-01,3,0.1906451612903225,0.34128353,0.15063836870654945
Nyamagana,2023-05-01,2023-08-01,3,0.177741935483871,0.2847023,0.10696036554151964
Nyamagana,2023-06-01,2023-09-01,3,0.2646666666666667,0.27446532,0.00979865582784012
Nyamagana,2023-07-01,2023-10-01,3,0.3300000000000001,0.28518182,-0.044818179607391484
Nyamagana,2023-08-01,2023-11-01,3,0.4213333333333333,0.32874605,-0.0925872827370961
Nyamagana,2023-09-01,2023-12-01,3,0.3893548387096774,0.35179037,-0.03756447015270109
Nyamagana,2023-10-01,2024-01-01,3,0.5387096774193548,0.32010046,-0.21860922094314328
Nyamagana,2023-11-01,2024-02-01,3,0.4655172413793103,0.31032684,-0.15519039692549863
Nyamagana,2023-12-01,2024-03-01,3,0.5783870967741935,0.5160853,-0.06230177010259319
Nyamagana,2024-01-01,2024-04-01,3,0.7043333333333331,0.62576884,-0.07856449302037538
Nyamagana,2024-02-01,2024-05-01,3,0.427741935483871,0.5735918,0.14584989286238143
Nyamagana,2024-03-01,2024-06-01,3,0.2663333333333334,0.28050783,0.014174499432245802
Nyamagana,2024-04-01,2024-07-01,3,0.2103225806451613,0.2769857,0.06666312425367293
Nyamagana,2024-05-01,2024-08-01,3,0.2470967741935483,0.2730714,0.025974634078241243
Nyamagana,2024-06-01,2024-09-01,3,0.2556666666666667,0.26314262,0.00747594889005021
Nyamagana,2024-07-01,2024-10-01,3,0.2580645161290322,0.32096997,0.06290545290516275
Nyamagana,2024-08-01,2024-11-01,3,0.33074650168418884,0.35770318,0.026956677436828613
Nyamagana,2024-09-01,2024-12-01,3,0.48,0.36995086,-0.11004913926124571
Nyamagana,2019-11-01,2020-05-01,6,0.7141935483870967,0.8279586,0.11376503544469041
Nyamagana,2019-12-01,2020-06-01,6,0.4173333333333333,0.82454854,0.40721520916620896
Nyamagana,2020-01-01,2020-07-01,6,0.3293548387096775,0.80440766,0.475052817483102
Nyamagana,2020-02-01,2020-08-01,6,0.3012903225806452,0.7981957,0.4969053971382879
Nyamagana,2020-03-01,2020-09-01,6,0.3136666666666668,0.7428459,0.42917922623952215
Nyamagana,2020-04-01,2020-10-01,6,0.3832258064516129,0.7350004,0.3517745654813705
Nyamagana,2020-05-01,2020-11-01,6,0.714,0.8500889,0.13608889436721805
Nyamagana,2020-06-01,2020-12-01,6,0.7829032258064514,0.8203585,0.03745528897931516
Nyamagana,2020-07-01,2021-01-01,6,0.8374193548387097,0.8058721,-0.03154727212844355
Nyamagana,2020-08-01,2021-02-01,6,0.6678571428571429,0.78506154,0.11720439536230898
Nyamagana,2020-09-01,2021-03-01,6,0.522258064516129,0.7915311,0.2692730214518886
Nyamagana,2020-10-01,2021-04-01,6,0.6829999999999999,0.8768562,0.19385620784759527
Nyamagana,2020-11-01,2021-05-01,6,0.5512903225806451,0.7124051,0.16111476298301453
Nyamagana,2020-12-01,2021-06-01,6,0.2783333333333332,0.62163556,0.3433022228876751
Nyamagana,2021-01-01,2021-07-01,6,0.257741935483871,0.52010345,0.2623615191059728
Nyamagana,2021-02-01,2021-08-01,6,0.2329032258064516,0.5846366,0.3517334028213255
Nyamagana,2021-03-01,2021-09-01,6,0.3123333333333333,0.63355756,0.3212242247263591
Nyamagana,2021-04-01,2021-10-01,6,0.272258064516129,0.58666164,0.3144035723132472
Nyamagana,2021-05-01,2021-11-01,6,0.2526666666666666,0.687052,0.43438534482320157
Nyamagana,2021-06-01,2021-12-01,6,0.2006451612903226,0.6999888,0.49934362111553066
Nyamagana,2021-07-01,2022-01-01,6,0.177741935483871,0.67539775,0.4976558182316442
Nyamagana,2021-08-01,2022-02-01,6,0.2875,0.6041727,0.31667270660400393
Nyamagana,2021-09-01,2022-03-01,6,0.3251612903225805,0.597375,0.2722136853587244
Nyamagana,2021-10-01,2022-04-01,6,0.6636666666666667,0.6315436,-0.03212308994929003
Nyamagana,2021-11-01,2022-05-01,6,0.476774193548387,0.56798977,0.09121557304936079
Nyamagana,2021-12-01,2022-06-01,6,0.2453333333333334,0.559673,0.3143396779696146
Nyamagana,2022-01-01,2022-07-01,6,0.2109677419354839,0.49955818,0.2885904386351185
Nyamagana,2022-02-01,2022-08-01,6,0.2593548387096774,0.5560704,0.29671554865375643
Nyamagana,2022-03-01,2022-09-01,6,0.2366666666666667,0.5414441,0.3047774561246236
Nyamagana,2022-04-01,2022-10-01,6,0.1980645161290323,0.49726877,0.29920425003574735
Nyamagana,2022-05-01,2022-11-01,6,0.2816666666666666,0.46803722,0.18637055118878687
Nyamagana,2022-06-01,2022-12-01,6,0.3216129032258065,0.4192309,0.0976180049296348
Nyamagana,2022-07-01,2023-01-01,6,0.2941935483870967,0.3615852,0.06739165144581954
Nyamagana,2022-08-01,2023-02-01,6,0.3757142857142858,0.37942347,0.003709183590752674
Nyamagana,2022-09-01,2023-03-01,6,0.4893548387096774,0.6177877,0.1284328800632108
Nyamagana,2022-10-01,2023-04-01,6,0.6333333333333333,0.7007245,0.06739114920298261
Nyamagana,2022-11-01,2023-05-01,6,0.5983870967741935,0.62293255,0.02454545651712725
Nyamagana,2022-12-01,2023-06-01,6,0.2856666666666667,0.40500686,0.11934018905957539
Nyamagana,2023-01-01,2023-07-01,6,0.1906451612903225,0.3769607,0.18631553349956398
Nyamagana,2023-02-01,2023-08-01,6,0.177741935483871,0.34993532,0.17219338751608324
Nyamagana,2023-03-01,2023-09-01,6,0.2646666666666667,0.34450206,0.07983539493878677
Nyamagana,2023-04-01,2023-10-01,6,0.3300000000000001,0.32788664,-0.0021133589744569137
Nyamagana,2023-05-01,2023-11-01,6,0.4213333333333333,0.35649812,-0.06483521111806229
Nyamagana,2023-06-01,2023-12-01,6,0.3893548387096774,0.36380044,-0.02555440245136137
Nyamagana,2023-07-01,2024-01-01,6,0.5387096774193548,0.34159663,-0.19711304422347775
Nyamagana,2023-08-01,2024-02-01,6,0.4655172413793103,0.34754446,-0.11797277989058652
Nyamagana,2023-09-01,2024-03-01,6,0.5783870967741935,0.5628016,-0.015585497271630055
Nyamagana,2023-10-01,2024-04-01,6,0.7043333333333331,0.63264644,-0.07168689187367738
Nyamagana,2023-11-01,2024-05-01,6,0.427741935483871,0.57514143,0.14739949441725203
Nyamagana,2023-12-01,2024-06-01,6,0.2663333333333334,0.3577078,0.09137446514765413
Nyamagana,2024-01-01,2024-07-01,6,0.2103225806451613,0.3183133,0.10799071996442733
Nyamagana,2024-02-01,2024-08-01,6,0.2470967741935483,0.3398584,0.09276163854906644
Nyamagana,2024-03-01,2024-09-01,6,0.2556666666666667,0.36527205,0.10960537846883134
Nyamagana,2024-04-01,2024-10-01,6,0.2580645161290322,0.3750512,0.11698668426082987
Nyamagana,2024-05-01,2024-11-01,6,0.33074650168418884,0.3866109,0.05586439371109009
Nyamagana,2024-06-01,2024-12-01,6,0.48,0.36254475,-0.1174552547931671
Jiji,2019-11-01,2019-12-01,1,1.058064516129032,0.80358285,-0.2544816690106544
Jiji,2019-12-01,2020-01-01,1,0.9699999999999998,0.8574224,-0.11257758855819677
Jiji,2020-01-01,2020-02-01,1,1.0189655172413794,0.847916,-0.17104951019944825
Jiji,2020-02-01,2020-03-01,1,1.2061290322580644,1.017415,-0.18871398556616992
Jiji,2020-03-01,2020-04-01,1,1.1016666666666668,0.93775666,-0.16391000906626396
Jiji,2020-04-01,2020-05-01,1,0.9658064516129032,0.9184498,-0.04735663252492106
Jiji,2020-05-01,2020-06-01,1,0.6660000000000001,0.5945369,-0.07146309947967544
Jiji,2020-06-01,2020-07-01,1,0.5558064516129033,0.5369784,-0.01882802801747485
Jiji,2020-07-01,2020-08-01,1,0.4861290322580648,0.47181138,-0.014317648295433583
Jiji,2020-08-01,2020-09-01,1,0.4553333333333333,0.46395192,0.008618582169214906
Jiji,2020-09-01,2020-10-01,1,0.504193548387097,0.51319283,0.008999284082843229
Jiji,2020-10-01,2020-11-01,1,0.6669999999999999,0.655299,-0.011700992107391284
Jiji,2020-11-01,2020-12-01,1,0.9070967741935484,0.69630593,-0.21079084357907696
Jiji,2020-12-01,2021-01-01,1,0.9122580645161292,0.86951816,-0.042739903696121906
Jiji,2021-01-01,2021-02-01,1,1.101785714285714,0.9423878,-0.1593978949955528
Jiji,2021-02-01,2021-03-01,1,0.9580645161290322,0.9446329,-0.01343162828876121
Jiji,2021-03-01,2021-04-01,1,0.8766666666666667,0.9126299,0.03596323569615678
Jiji,2021-04-01,2021-05-01,1,0.8080645161290324,0.97233766,0.16427314704464313
Jiji,2021-05-01,2021-06-01,1,0.5976666666666668,0.66601723,0.06835056765874215
Jiji,2021-06-01,2021-07-01,1,0.5177419354838709,0.50899935,-0.008742587797103352
Jiji,2021-07-01,2021-08-01,1,0.479677419354839,0.45217308,-0.02750433533422436
Jiji,2021-08-01,2021-09-01,1,0.455,0.4385831,-0.016416894197464005
Jiji,2021-09-01,2021-10-01,1,0.4916129032258065,0.48025268,-0.011360220063117266
Jiji,2021-10-01,2021-11-01,1,0.5586666666666666,0.6671501,0.10848341353734337
Jiji,2021-11-01,2021-12-01,1,0.5819354838709677,0.7308702,0.14893470341159454
Jiji,2021-12-01,2022-01-01,1,0.6829032258064517,0.8317234,0.14882016620328342
Jiji,2022-01-01,2022-02-01,1,0.8453571428571428,0.81855786,-0.026799284390040756
Jiji,2022-02-01,2022-03-01,1,0.8548387096774195,0.8359604,-0.018878321493825734
Jiji,2022-03-01,2022-04-01,1,0.8806666666666667,0.9823155,0.10164881404240922
Jiji,2022-04-01,2022-05-01,1,0.7861290322580644,0.856969,0.07083996665093217
Jiji,2022-05-01,2022-06-01,1,0.5906666666666669,0.6102611,0.019594415982564062
Jiji,2022-06-01,2022-07-01,1,0.5199999999999999,0.49433878,-0.02566121935844412
Jiji,2022-07-01,2022-08-01,1,0.4729032258064519,0.4406209,-0.032282326606012435
Jiji,2022-08-01,2022-09-01,1,0.4320000000000001,0.42022458,-0.011775422811508285
Jiji,2022-09-01,2022-10-01,1,0.406774193548387,0.44151,0.03473579833584456
Jiji,2022-10-01,2022-11-01,1,0.5236666666666667,0.5858243,0.06215764411290481
Jiji,2022-11-01,2022-12-01,1,0.6716129032258064,0.6814568,0.009843901049706338
Jiji,2022-12-01,2023-01-01,1,0.7683870967741935,0.83657396,0.06818686162271814
Jiji,2023-01-01,2023-02-01,1,0.9071428571428573,0.8339821,-0.07316074711935872
Jiji,2023-02-01,2023-03-01,1,1.0451612903225806,0.9131713,-0.1319899989712623
Jiji,2023-03-01,2023-04-01,1,1.1506666666666665,0.96751106,-0.18315560881296777
Jiji,2023-04-01,2023-05-01,1,0.9758064516129032,0.9727203,-0.0030861266197697024
Jiji,2023-05-01,2023-06-01,1,0.65,0.6931272,0.04312721490859983
Jiji,2023-06-01,2023-07-01,1,0.5422580645161289,0.55344266,0.011184592477737065
Jiji,2023-07-01,2023-08-01,1,0.4783870967741936,0.4527784,-0.025608697783562506
Jiji,2023-08-01,2023-09-01,1,0.5120000000000001,0.4425858,-0.06941420388221753
Jiji,2023-09-01,2023-10-01,1,0.5241935483870968,0.6290385,0.10484496431965984
Jiji,2023-10-01,2023-11-01,1,0.9263333333333336,0.7887902,-0.13754310735066755
Jiji,2023-11-01,2023-12-01,1,1.1229032258064515,0.97446597,-0.1484372595817811
Jiji,2023-12-01,2024-01-01,1,1.314516129032258,1.1310436,-0.18347257567990205
Jiji,2024-01-01,2024-02-01,1,1.1127586206896554,1.1187768,0.006018177558635651
Jiji,2024-02-01,2024-03-01,1,0.9438709677419356,1.1920705,0.24819951641944138
Jiji,2024-03-01,2024-04-01,1,1.2796666666666667,0.8595099,-0.42015678135554
Jiji,2024-04-01,2024-05-01,1,0.9180645161290324,0.9523912,0.03432669108913777
Jiji,2024-05-01,2024-06-01,1,0.6683333333333334,0.77475584,0.10642250219980864
Jiji,2024-06-01,2024-07-01,1,0.5738709677419357,0.60496235,0.031091381196052592
Jiji,2024-07-01,2024-08-01,1,0.52,0.507616,-0.01238401651382448
Jiji,2024-08-01,2024-09-01,1,0.4893333333333335,0.4796363,-0.009697021802266614
Jiji,2024-09-01,2024-10-01,1,0.5438059568405151,0.535871,-0.007934927940368652
Jiji,2024-10-01,2024-11-01,1,0.7364544868469238,0.77393985,0.037485361099243164
Jiji,2024-11-01,2024-12-01,1,0.8012903225806451,0.9351573,0.1338669764611029
Jiji,2019-11-01,2020-02-01,3,1.0189655172413794,0.930753,-0.08821252461137452
Jiji,2019-12-01,2020-03-01,3,1.2061290322580644,0.83897454,-0.36715449679282397
Jiji,2020-01-01,2020-04-01,3,1.1016666666666668,0.9489305,-0.15273616472880058
Jiji,2020-02-01,2020-05-01,3,0.9658064516129032,0.85118896,-0.11461749392171061
Jiji,2020-03-01,2020-06-01,3,0.6660000000000001,0.60847026,-0.0575297389030458
Jiji,2020-04-01,2020-07-01,3,0.5558064516129033,0.52323174,-0.03257470684666797
Jiji,2020-05-01,2020-08-01,3,0.4861290322580648,0.48794428,0.0018152428826975209
Jiji,2020-06-01,2020-09-01,3,0.4553333333333333,0.479068,0.02373467771212262
Jiji,2020-07-01,2020-10-01,3,0.504193548387097,0.4680247,-0.0361688475070463
Jiji,2020-08-01,2020-11-01,3,0.6669999999999999,0.69600695,0.02900695371627815
Jiji,2020-09-01,2020-12-01,3,0.9070967741935484,0.8135934,-0.09350338658978863
Jiji,2020-10-01,2021-01-01,3,0.9122580645161292,1.0653707,0.15311261438554313
Jiji,2020-11-01,2021-02-01,3,1.101785714285714,0.8261804,-0.27560531582151104
Jiji,2020-12-01,2021-03-01,3,0.9580645161290322,0.9165034,-0.04156108671619041
Jiji,2021-01-01,2021-04-01,3,0.8766666666666667,0.92863405,0.05196738084157304
Jiji,2021-02-01,2021-05-01,3,0.8080645161290324,0.81993264,0.01186812346981403
Jiji,2021-03-01,2021-06-01,3,0.5976666666666668,0.6187472,0.021080508073170856
Jiji,2021-04-01,2021-07-01,3,0.5177419354838709,0.5439654,0.026223463781418377
Jiji,2021-05-01,2021-08-01,3,0.479677419354839,0.47572201,-0.0039554044508167685
Jiji,2021-06-01,2021-09-01,3,0.455,0.45104936,-0.003950642347335831
Jiji,2021-07-01,2021-10-01,3,0.4916129032258065,0.45674044,-0.034872464287665605
Jiji,2021-08-01,2021-11-01,3,0.5586666666666666,0.5734846,0.014817932923634869
Jiji,2021-09-01,2021-12-01,3,0.5819354838709677,0.7303847,0.14844922357989898
Jiji,2021-10-01,2022-01-01,3,0.6829032258064517,0.9649572,0.2820539518325559
Jiji,2021-11-01,2022-02-01,3,0.8453571428571428,0.9015382,0.05618105036871779
Jiji,2021-12-01,2022-03-01,3,0.8548387096774195,0.87434953,0.01951082483414668
Jiji,2022-01-01,2022-04-01,3,0.8806666666666667,0.87695795,-0.003708713690439902
Jiji,2022-02-01,2022-05-01,3,0.7861290322580644,0.8348758,0.048746789809196334
Jiji,2022-03-01,2022-06-01,3,0.5906666666666669,0.6025403,0.011873647530873388
Jiji,2022-04-01,2022-07-01,3,0.5199999999999999,0.4801758,-0.03982420682907095
Jiji,2022-05-01,2022-08-01,3,0.4729032258064519,0.45198724,-0.020915989068246932
Jiji,2022-06-01,2022-09-01,3,0.4320000000000001,0.42642558,-0.0055744237899781335
Jiji,2022-07-01,2022-10-01,3,0.406774193548387,0.434522,0.027747809387022537
Jiji,2022-08-01,2022-11-01,3,0.5236666666666667,0.5140438,-0.009622858683268287
Jiji,2022-09-01,2022-12-01,3,0.6716129032258064,0.63317984,-0.038433059800055624
Jiji,2022-10-01,2023-01-01,3,0.7683870967741935,0.8375771,0.06919000779428797
Jiji,2022-11-01,2023-02-01,3,0.9071428571428573,0.82070607,-0.08643678767340535
Jiji,2022-12-01,2023-03-01,3,1.0451612903225806,0.83366287,-0.2114984227764991
Jiji,2023-01-01,2023-04-01,3,1.1506666666666665,0.86323,-0.28743667666117334
Jiji,2023-02-01,2023-05-01,3,0.9758064516129032,0.8372497,-0.13855675535817302
Jiji,2023-03-01,2023-06-01,3,0.65,0.5825685,-0.06743147373199465
Jiji,2023-04-01,2023-07-01,3,0.5422580645161289,0.5064981,-0.035759966142715816
Jiji,2023-05-01,2023-08-01,3,0.4783870967741936,0.47772202,-0.0006650778170555482
Jiji,2023-06-01,2023-09-01,3,0.5120000000000001,0.4636879,-0.0483121032714845
Jiji,2023-07-01,2023-10-01,3,0.5241935483870968,0.46700382,-0.057189726060436596
Jiji,2023-08-01,2023-11-01,3,0.9263333333333336,0.54888505,-0.37744828589757307
Jiji,2023-09-01,2023-12-01,3,1.1229032258064515,0.8095366,-0.3133666495353944
Jiji,2023-10-01,2024-01-01,3,1.314516129032258,0.99596244,-0.3185536880646982
Jiji,2023-11-01,2024-02-01,3,1.1127586206896554,0.9190755,-0.1936831316454659
Jiji,2023-12-01,2024-03-01,3,0.9438709677419356,0.89712626,-0.04674471032234939
Jiji,2024-01-01,2024-04-01,3,1.2796666666666667,0.9370677,-0.34259897915522264
Jiji,2024-02-01,2024-05-01,3,0.9180645161290324,0.8553583,-0.06270621353580119
Jiji,2024-03-01,2024-06-01,3,0.6683333333333334,0.6962618,0.0279284898440042
Jiji,2024-04-01,2024-07-01,3,0.5738709677419357,0.64299995,0.06912897932913975
Jiji,2024-05-01,2024-08-01,3,0.52,0.60481834,0.08481834411621092
Jiji,2024-06-01,2024-09-01,3,0.4893333333333335,0.5297144,0.0403810722033181
Jiji,2024-07-01,2024-10-01,3,0.5438059568405151,0.62524134,0.08143538236618042
Jiji,2024-08-01,2024-11-01,3,0.7364544868469238,0.69774896,-0.038705527782440186
Jiji,2024-09-01,2024-12-01,3,0.8012903225806451,0.8084182,0.007127891740491332
Jiji,2019-11-01,2020-05-01,6,0.9658064516129032,0.9645972,-0.001209226423694254
Jiji,2019-12-01,2020-06-01,6,0.6660000000000001,0.7350836,0.0690835800170897
Jiji,2020-01-01,2020-07-01,6,0.5558064516129033,0.4695065,-0.08629994946141406
Jiji,2020-02-01,2020-08-01,6,0.4861290322580648,0.44592336,-0.04020567405608422
Jiji,2020-03-01,2020-09-01,6,0.4553333333333333,0.4675709,0.01223756758371991
Jiji,2020-04-01,2020-10-01,6,0.504193548387097,0.50139046,-0.0028030912337766445
Jiji,2020-05-01,2020-11-01,6,0.6669999999999999,0.5618201,-0.10517991018295281
Jiji,2020-06-01,2020-12-01,6,0.9070967741935484,0.8304127,-0.07668408832242413
Jiji,2020-07-01,2021-01-01,6,0.9122580645161292,0.9908781,0.07862004064744499
Jiji,2020-08-01,2021-02-01,6,1.101785714285714,0.82504714,-0.27673857893262555
Jiji,2020-09-01,2021-03-01,6,0.9580645161290322,0.9369507,-0.021113832535282206
Jiji,2020-10-01,2021-04-01,6,0.8766666666666667,0.95726144,0.08059477647145585
Jiji,2020-11-01,2021-05-01,6,0.8080645161290324,0.79821265,-0.00985186869098309
Jiji,2020-12-01,2021-06-01,6,0.5976666666666668,0.59819883,0.0005321644147235904
Jiji,2021-01-01,2021-07-01,6,0.5177419354838709,0.484195,-0.03354694151109261
Jiji,2021-02-01,2021-08-01,6,0.479677419354839,0.45464215,-0.02503527252904858
Jiji,2021-03-01,2021-09-01,6,0.455,0.45816463,0.003164632320404037
Jiji,2021-04-01,2021-10-01,6,0.4916129032258065,0.48218128,-0.009431622374442339
Jiji,2021-05-01,2021-11-01,6,0.5586666666666666,0.57537985,0.016713181813557965
Jiji,2021-06-01,2021-12-01,6,0.5819354838709677,0.70782197,0.12588648134662261
Jiji,2021-07-01,2022-01-01,6,0.6829032258064517,0.7829063,0.10000306806256687
Jiji,2021-08-01,2022-02-01,6,0.8453571428571428,0.9256557,0.08029857976096022
Jiji,2021-09-01,2022-03-01,6,0.8548387096774195,0.88797,0.033131261025705516
Jiji,2021-10-01,2022-04-01,6,0.8806666666666667,0.91493624,0.03426957782109574
Jiji,2021-11-01,2022-05-01,6,0.7861290322580644,0.7733246,-0.012804423455268998
Jiji,2021-12-01,2022-06-01,6,0.5906666666666669,0.5688517,-0.02181495730082217
Jiji,2022-01-01,2022-07-01,6,0.5199999999999999,0.48289168,-0.03710832118988028
Jiji,2022-02-01,2022-08-01,6,0.4729032258064519,0.4510047,-0.02189851203272447
Jiji,2022-03-01,2022-09-01,6,0.4320000000000001,0.42202,-0.009980011701583968
Jiji,2022-04-01,2022-10-01,6,0.406774193548387,0.45745152,0.05067732880192427
Jiji,2022-05-01,2022-11-01,6,0.5236666666666667,0.5858803,0.0622136128743489
Jiji,2022-06-01,2022-12-01,6,0.6716129032258064,0.69861317,0.027000263583275674
Jiji,2022-07-01,2023-01-01,6,0.7683870967741935,0.8569923,0.08860520755091028
Jiji,2022-08-01,2023-02-01,6,0.9071428571428573,0.87038535,-0.03675750834601277
Jiji,2022-09-01,2023-03-01,6,1.0451612903225806,0.8561268,-0.18903450504426034
Jiji,2022-10-01,2023-04-01,6,1.1506666666666665,0.9378635,-0.2128031379381814
Jiji,2022-11-01,2023-05-01,6,0.9758064516129032,0.9095329,-0.06627354698796428
Jiji,2022-12-01,2023-06-01,6,0.65,0.6461876,-0.003812396526336692
Jiji,2023-01-01,2023-07-01,6,0.5422580645161289,0.47604015,-0.06621790982061804
Jiji,2023-02-01,2023-08-01,6,0.4783870967741936,0.429661,-0.04872609103879627
Jiji,2023-03-01,2023-09-01,6,0.5120000000000001,0.43092078,-0.08107922029495251
Jiji,2023-04-01,2023-10-01,6,0.5241935483870968,0.4535669,-0.070626639550732
Jiji,2023-05-01,2023-11-01,6,0.9263333333333336,0.62714773,-0.2991855991681419
Jiji,2023-06-01,2023-12-01,6,1.1229032258064515,0.6932444,-0.42965882816622325
Jiji,2023-07-01,2024-01-01,6,1.314516129032258,0.990895,-0.32362115575421235
Jiji,2023-08-01,2024-02-01,6,1.1127586206896554,0.9912811,-0.12147752852275473
Jiji,2023-09-01,2024-03-01,6,0.9438709677419356,0.87907135,-0.06479961287590774
Jiji,2023-10-01,2024-04-01,6,1.2796666666666667,0.87367815,-0.40598851887385057
Jiji,2023-11-01,2024-05-01,6,0.9180645161290324,0.8145827,-0.1034818106312907
Jiji,2023-12-01,2024-06-01,6,0.6683333333333334,0.6126932,-0.05564014275868745
Jiji,2024-01-01,2024-07-01,6,0.5738709677419357,0.5149524,-0.0589185465535812
Jiji,2024-02-01,2024-08-01,6,0.52,0.5283428,0.008342783451080305
Jiji,2024-03-01,2024-09-01,6,0.4893333333333335,0.5709921,0.0816587788263955
Jiji,2024-04-01,2024-10-01,6,0.5438059568405151,0.5670628,0.02325683832168579
Jiji,2024-05-01,2024-11-01,6,0.7364544868469238,0.6436919,-0.09276258945465088
Jiji,2024-06-01,2024-12-01,6,0.8012903225806451,0.80081135,-0.0004789722350335701
Kaburantwa,2019-11-01,2019-12-01,1,2.31774193548387,2.0835767,-0.23416525625413387
Kaburantwa,2019-12-01,2020-01-01,1,2.2367741935483867,2.3592315,0.12245727846699417
Kaburantwa,2020-01-01,2020-02-01,1,2.332758620689656,2.3715713,0.03881268172428465
Kaburantwa,2020-02-01,2020-03-01,1,2.2887096774193547,2.3891854,0.10047575120003005
Kaburantwa,2020-03-01,2020-04-01,1,2.848,2.4562266,-0.39177341270446764
Kaburantwa,2020-04-01,2020-05-01,1,2.883870967741936,2.5207138,-0.3631571615895921
Kaburantwa,2020-05-01,2020-06-01,1,2.5840000000000005,2.5617487,-0.022251256942749542
Kaburantwa,2020-06-01,2020-07-01,1,2.2841935483870968,2.414996,0.13080236035008586
Kaburantwa,2020-07-01,2020-08-01,1,2.099032258064516,1.9724072,-0.1266250362703878
Kaburantwa,2020-08-01,2020-09-01,1,1.705333333333333,2.0557096,0.3503762671152755
Kaburantwa,2020-09-01,2020-10-01,1,1.7735483870967743,1.9089156,0.1353672518268707
Kaburantwa,2020-10-01,2020-11-01,1,1.959666666666667,2.0280776,0.06841093571980772
Kaburantwa,2020-11-01,2020-12-01,1,2.1367741935483875,2.1107628,-0.026011358999437295
Kaburantwa,2020-12-01,2021-01-01,1,2.2612903225806456,2.0954475,-0.16584278229744243
Kaburantwa,2021-01-01,2021-02-01,1,1.9917857142857145,2.3150325,0.3232467678615023
Kaburantwa,2021-02-01,2021-03-01,1,1.8012903225806456,2.3922825,0.5909921633812685
Kaburantwa,2021-03-01,2021-04-01,1,1.6286666666666667,2.2936845,0.6650178159077962
Kaburantwa,2021-04-01,2021-05-01,1,1.60741935483871,2.0043395,0.39692010171951764
Kaburantwa,2021-05-01,2021-06-01,1,1.555,1.7187951,0.16379506111145026
Kaburantwa,2021-06-01,2021-07-01,1,1.5358064516129035,1.5195558,-0.01625064449925606
Kaburantwa,2021-07-01,2021-08-01,1,1.5000000000000002,1.4092567,-0.09074330329895042
Kaburantwa,2021-08-01,2021-09-01,1,1.427,1.4304694,0.003469393730163528
Kaburantwa,2021-09-01,2021-10-01,1,1.6580645161290315,1.4966856,-0.16137889200641187
Kaburantwa,2021-10-01,2021-11-01,1,1.7636666666666665,1.5212967,-0.24236992708841942
Kaburantwa,2021-11-01,2021-12-01,1,1.923225806451613,1.764074,-0.15915183851795822
Kaburantwa,2021-12-01,2022-01-01,1,2.030322580645161,1.8252808,-0.2050417950845529
Kaburantwa,2022-01-01,2022-02-01,1,1.9667857142857144,1.8857914,-0.08099429334912989
Kaburantwa,2022-02-01,2022-03-01,1,1.893870967741936,1.9880226,0.09415159809973872
Kaburantwa,2022-03-01,2022-04-01,1,1.8846666666666667,2.0230153,0.13834859402974442
Kaburantwa,2022-04-01,2022-05-01,1,1.830322580645161,1.881974,0.05165140121213874
Kaburantwa,2022-05-01,2022-06-01,1,1.8216666666666663,1.832193,0.010526350339254087
Kaburantwa,2022-06-01,2022-07-01,1,1.7464516129032253,1.719056,-0.027395602656948403
Kaburantwa,2022-07-01,2022-08-01,1,1.763548387096774,1.6396548,-0.12389363150442789
Kaburantwa,2022-08-01,2022-09-01,1,1.806,1.616556,-0.18944395160675054
Kaburantwa,2022-09-01,2022-10-01,1,1.7358064516129024,1.7335848,-0.002221689993334497
Kaburantwa,2022-10-01,2022-11-01,1,1.7926666666666669,1.7841938,-0.00847291247049986
Kaburantwa,2022-11-01,2022-12-01,1,1.7525806451612902,1.8155508,0.0629701589768934
Kaburantwa,2022-12-01,2023-01-01,1,2.035806451612903,1.8933526,-0.14245382385869165
Kaburantwa,2023-01-01,2023-02-01,1,1.952857142857143,1.9110589,-0.04179824011666455
Kaburantwa,2023-02-01,2023-03-01,1,1.95,1.9794917,0.02949171066284184
Kaburantwa,2023-03-01,2023-04-01,1,1.923333333333333,2.0301473,0.10681398073832238
Kaburantwa,2023-04-01,2023-05-01,1,1.8133333333333328,1.8544197,0.04108637491862033
Kaburantwa,2023-05-01,2023-06-01,1,1.7730000000000004,1.8700188,0.09701883983612025
Kaburantwa,2023-06-01,2023-07-01,1,1.748387096774194,1.7398046,-0.008582471263024471
Kaburantwa,2023-07-01,2023-08-01,1,1.7025806451612904,1.7035735,0.0009928201859996655
Kaburantwa,2023-08-01,2023-09-01,1,1.5096666666666665,1.720508,0.21084131272633888
Kaburantwa,2023-09-01,2023-10-01,1,1.8612903225806443,1.723534,-0.1377563345816819
Kaburantwa,2023-10-01,2023-11-01,1,1.902,1.6774905,-0.2245095272064208
Kaburantwa,2023-11-01,2023-12-01,1,1.9296774193548385,1.9453207,0.015643306086140507
Kaburantwa,2023-12-01,2024-01-01,1,2.01258064516129,1.9427695,-0.06981111772598725
Kaburantwa,2024-01-01,2024-02-01,1,1.929310344827586,1.9514793,0.022168970930165566
Kaburantwa,2024-02-01,2024-03-01,1,1.877096774193548,1.8980048,0.02090799608538263
Kaburantwa,2024-03-01,2024-04-01,1,1.917333333333333,1.8889099,-0.02842339738209998
Kaburantwa,2024-04-01,2024-05-01,1,1.799677419354838,1.8515134,0.05183596641786714
Kaburantwa,2024-05-01,2024-06-01,1,1.632,1.8133962,0.18139621543884288
Kaburantwa,2024-06-01,2024-07-01,1,1.539677419354839,1.7325027,0.1928252795434764
Kaburantwa,2024-07-01,2024-08-01,1,1.5167741935483867,1.5410088,0.024234636522108888
Kaburantwa,2024-08-01,2024-09-01,1,1.4616666666666664,1.5288024,0.06713572820027691
Kaburantwa,2024-09-01,2024-10-01,1,1.5732258064516127,1.558788,-0.014437864518934473
Kaburantwa,2024-10-01,2024-11-01,1,1.9850000000000003,1.6913564,-0.29364357948303255
Kaburantwa,2024-11-01,2024-12-01,1,1.82741935483871,1.8069026,-0.02051670782027748
Kaburantwa,2019-11-01,2020-02-01,3,2.332758620689656,2.166124,-0.16663451523616457
Kaburantwa,2019-12-01,2020-03-01,3,2.2887096774193547,2.2917454,0.0030357468512751673
Kaburantwa,2020-01-01,2020-04-01,3,2.848,2.4966054,-0.3513946037292479
Kaburantwa,2020-02-01,2020-05-01,3,2.883870967741936,2.4894865,-0.39438451182457746
Kaburantwa,2020-03-01,2020-06-01,3,2.5840000000000005,2.3672285,-0.21677149200439505
Kaburantwa,2020-04-01,2020-07-01,3,2.2841935483870968,2.2866333,0.002439704710437418
Kaburantwa,2020-05-01,2020-08-01,3,2.099032258064516,2.161221,0.06218876930975137
Kaburantwa,2020-06-01,2020-09-01,3,1.705333333333333,2.0864735,0.3811401316324874
Kaburantwa,2020-07-01,2020-10-01,3,1.7735483870967743,1.9241477,0.15059933800851133
Kaburantwa,2020-08-01,2020-11-01,3,1.959666666666667,2.0939412,0.13427454503377256
Kaburantwa,2020-09-01,2020-12-01,3,2.1367741935483875,2.1593275,0.02255331347065548
Kaburantwa,2020-10-01,2021-01-01,3,2.2612903225806456,2.0441113,-0.21717907074959086
Kaburantwa,2020-11-01,2021-02-01,3,1.9917857142857145,2.0236015,0.03181581769670738
Kaburantwa,2020-12-01,2021-03-01,3,1.8012903225806456,2.174946,0.37365574713676164
Kaburantwa,2021-01-01,2021-04-01,3,1.6286666666666667,2.534846,0.9061794007619222
Kaburantwa,2021-02-01,2021-05-01,3,1.60741935483871,2.708765,1.1013456750685167
Kaburantwa,2021-03-01,2021-06-01,3,1.555,2.4777606,0.9227605533599854
Kaburantwa,2021-04-01,2021-07-01,3,1.5358064516129035,1.9545861,0.4187796966491204
Kaburantwa,2021-05-01,2021-08-01,3,1.5000000000000002,1.5390764,0.03907644748687722
Kaburantwa,2021-06-01,2021-09-01,3,1.427,1.435544,0.008544013977050735
Kaburantwa,2021-07-01,2021-10-01,3,1.6580645161290315,1.3669077,-0.2911568003316072
Kaburantwa,2021-08-01,2021-11-01,3,1.7636666666666665,1.3726733,-0.39099339358011864
Kaburantwa,2021-09-01,2021-12-01,3,1.923225806451613,1.5978012,-0.32542459795551926
Kaburantwa,2021-10-01,2022-01-01,3,2.030322580645161,1.7575104,-0.2728121569848825
Kaburantwa,2021-11-01,2022-02-01,3,1.9667857142857144,1.7268804,-0.23990528311048243
Kaburantwa,2021-12-01,2022-03-01,3,1.893870967741936,1.800383,-0.09348799597832524
Kaburantwa,2022-01-01,2022-04-01,3,1.8846666666666667,1.97608,0.09141327412923173
Kaburantwa,2022-02-01,2022-05-01,3,1.830322580645161,1.9216427,0.09132008044950446
Kaburantwa,2022-03-01,2022-06-01,3,1.8216666666666663,1.9508572,0.12919049580891961
Kaburantwa,2022-04-01,2022-07-01,3,1.7464516129032253,1.7607559,0.014304283665073081
Kaburantwa,2022-05-01,2022-08-01,3,1.763548387096774,1.5996128,-0.1639355550273771
Kaburantwa,2022-06-01,2022-09-01,3,1.806,1.5710995,-0.2349004802703858
Kaburantwa,2022-07-01,2022-10-01,3,1.7358064516129024,1.5388916,-0.1969148977341182
Kaburantwa,2022-08-01,2022-11-01,3,1.7926666666666669,1.6006602,-0.19200646177927672
Kaburantwa,2022-09-01,2022-12-01,3,1.7525806451612902,1.6981144,-0.05446625001968863
Kaburantwa,2022-10-01,2023-01-01,3,2.035806451612903,1.8140069,-0.22179952698369165
Kaburantwa,2022-11-01,2023-02-01,3,1.952857142857143,1.8347034,-0.11815369742257276
Kaburantwa,2022-12-01,2023-03-01,3,1.95,1.8834717,-0.06652827262878414
Kaburantwa,2023-01-01,2023-04-01,3,1.923333333333333,2.0199108,0.09657747904459679
Kaburantwa,2023-02-01,2023-05-01,3,1.8133333333333328,2.0156174,0.20228403727213595
Kaburantwa,2023-03-01,2023-06-01,3,1.7730000000000004,1.9716434,0.1986434478759762
Kaburantwa,2023-04-01,2023-07-01,3,1.748387096774194,1.7467058,-0.0016813262816401942
Kaburantwa,2023-05-01,2023-08-01,3,1.7025806451612904,1.625886,-0.07669468172134897
Kaburantwa,2023-06-01,2023-09-01,3,1.5096666666666665,1.6311225,0.12145580323537208
Kaburantwa,2023-07-01,2023-10-01,3,1.8612903225806443,1.6494715,-0.21181880120308083
Kaburantwa,2023-08-01,2023-11-01,3,1.902,1.6782327,-0.22376733016967765
Kaburantwa,2023-09-01,2023-12-01,3,1.9296774193548385,1.8019253,-0.12775211780301965
Kaburantwa,2023-10-01,2024-01-01,3,2.01258064516129,1.8858941,-0.1266865850264023
Kaburantwa,2023-11-01,2024-02-01,3,1.929310344827586,1.9186411,-0.010669254434519493
Kaburantwa,2023-12-01,2024-03-01,3,1.877096774193548,1.8802122,0.003115413573480774
Kaburantwa,2024-01-01,2024-04-01,3,1.917333333333333,1.9590092,0.04167583719889367
Kaburantwa,2024-02-01,2024-05-01,3,1.799677419354838,1.8819156,0.08223814995058198
Kaburantwa,2024-03-01,2024-06-01,3,1.632,1.8009923,0.168992250442505
Kaburantwa,2024-04-01,2024-07-01,3,1.539677419354839,1.7746677,0.23499032051332502
Kaburantwa,2024-05-01,2024-08-01,3,1.5167741935483867,1.7372465,0.2204723198183125
Kaburantwa,2024-06-01,2024-09-01,3,1.4616666666666664,1.7097431,0.24807647546132428
Kaburantwa,2024-07-01,2024-10-01,3,1.5732258064516127,1.6909441,0.11771826913279893
Kaburantwa,2024-08-01,2024-11-01,3,1.9850000000000003,1.7490395,-0.23596046924591096
Kaburantwa,2024-09-01,2024-12-01,3,1.82741935483871,1.8105284,-0.016890957278590468
Kaburantwa,2019-11-01,2020-05-01,6,2.883870967741936,2.1682918,-0.7155791605672532
Kaburantwa,2019-12-01,2020-06-01,6,2.5840000000000005,2.2511494,-0.3328505840301519
Kaburantwa,2020-01-01,2020-07-01,6,2.2841935483870968,2.310821,0.026627507978870035
Kaburantwa,2020-02-01,2020-08-01,6,2.099032258064516,2.1626601,0.0636278638532084
Kaburantwa,2020-03-01,2020-09-01,6,1.705333333333333,2.1690555,0.463722128550212
Kaburantwa,2020-04-01,2020-10-01,6,1.7735483870967743,2.2140439,0.44049546857033994
Kaburantwa,2020-05-01,2020-11-01,6,1.959666666666667,2.2608528,0.30118614705403624
Kaburantwa,2020-06-01,2020-12-01,6,2.1367741935483875,2.2677798,0.13100563356953243
Kaburantwa,2020-07-01,2021-01-01,6,2.2612903225806456,2.1272526,-0.134037743845294
Kaburantwa,2020-08-01,2021-02-01,6,1.9917857142857145,2.279391,0.2876053360530306
Kaburantwa,2020-09-01,2021-03-01,6,1.8012903225806456,2.3445199,0.5432295310112734
Kaburantwa,2020-10-01,2021-04-01,6,1.6286666666666667,2.4824007,0.8537339890797933
Kaburantwa,2020-11-01,2021-05-01,6,1.60741935483871,2.5783105,0.9708911348158311
Kaburantwa,2020-12-01,2021-06-01,6,1.555,2.4025238,0.8475237560272217
Kaburantwa,2021-01-01,2021-07-01,6,1.5358064516129035,2.201669,0.6658625261245232
Kaburantwa,2021-02-01,2021-08-01,6,1.5000000000000002,2.1271882,0.6271882057189939
Kaburantwa,2021-03-01,2021-09-01,6,1.427,1.9728822,0.5458821516036987
Kaburantwa,2021-04-01,2021-10-01,6,1.6580645161290315,1.775204,0.11713942712353198
Kaburantwa,2021-05-01,2021-11-01,6,1.7636666666666665,1.5462518,-0.21741489283243798
Kaburantwa,2021-06-01,2021-12-01,6,1.923225806451613,1.7042906,-0.21893517801838547
Kaburantwa,2021-07-01,2022-01-01,6,2.030322580645161,1.7331022,-0.2972203782296945
Kaburantwa,2021-08-01,2022-02-01,6,1.9667857142857144,1.7171173,-0.24966840471540186
Kaburantwa,2021-09-01,2022-03-01,6,1.893870967741936,1.7280763,-0.1657946289739307
Kaburantwa,2021-10-01,2022-04-01,6,1.8846666666666667,1.8489293,-0.03573738066355392
Kaburantwa,2021-11-01,2022-05-01,6,1.830322580645161,1.7255563,-0.10476632625825921
Kaburantwa,2021-12-01,2022-06-01,6,1.8216666666666663,1.6869739,-0.13469273726145392
Kaburantwa,2022-01-01,2022-07-01,6,1.7464516129032253,1.6254684,-0.12098323960458024
Kaburantwa,2022-02-01,2022-08-01,6,1.763548387096774,1.6331081,-0.13044024805868815
Kaburantwa,2022-03-01,2022-09-01,6,1.806,1.753267,-0.05273295021057134
Kaburantwa,2022-04-01,2022-10-01,6,1.7358064516129024,1.7212416,-0.014564858252001489
Kaburantwa,2022-05-01,2022-11-01,6,1.7926666666666669,1.7719857,-0.020681016604105817
Kaburantwa,2022-06-01,2022-12-01,6,1.7525806451612902,1.9701923,0.2176116680329847
Kaburantwa,2022-07-01,2023-01-01,6,2.035806451612903,1.9657714,-0.0700350149216189
Kaburantwa,2022-08-01,2023-02-01,6,1.952857142857143,1.8644348,-0.08842230456216016
Kaburantwa,2022-09-01,2023-03-01,6,1.95,1.9375974,-0.012402606010436967
Kaburantwa,2022-10-01,2023-04-01,6,1.923333333333333,2.1463358,0.22300250689188683
Kaburantwa,2022-11-01,2023-05-01,6,1.8133333333333328,2.1280243,0.3146910063425705
Kaburantwa,2022-12-01,2023-06-01,6,1.7730000000000004,1.9000278,0.12702775192260707
Kaburantwa,2023-01-01,2023-07-01,6,1.748387096774194,1.7199955,-0.028391598116967343
Kaburantwa,2023-02-01,2023-08-01,6,1.7025806451612904,1.6597042,-0.042876436787266936
Kaburantwa,2023-03-01,2023-09-01,6,1.5096666666666665,1.6163291,0.10666240723927833
Kaburantwa,2023-04-01,2023-10-01,6,1.8612903225806443,1.6703855,-0.19090484265358132
Kaburantwa,2023-05-01,2023-11-01,6,1.902,1.6208519,-0.28114812564849845
Kaburantwa,2023-06-01,2023-12-01,6,1.9296774193548385,1.6840578,-0.2456195875906173
Kaburantwa,2023-07-01,2024-01-01,6,2.01258064516129,1.8828198,-0.12976087339462739
Kaburantwa,2023-08-01,2024-02-01,6,1.929310344827586,1.8197417,-0.10956861890595504
Kaburantwa,2023-09-01,2024-03-01,6,1.877096774193548,1.882373,0.005276201155878235
Kaburantwa,2023-10-01,2024-04-01,6,1.917333333333333,1.9649289,0.04759553209940637
Kaburantwa,2023-11-01,2024-05-01,6,1.799677419354838,1.865306,0.06562860042818208
Kaburantwa,2023-12-01,2024-06-01,6,1.632,1.7717456,0.13974556255340587
Kaburantwa,2024-01-01,2024-07-01,6,1.539677419354839,1.7677735,0.2280960896707347
Kaburantwa,2024-02-01,2024-08-01,6,1.5167741935483867,1.697079,0.18030474970417676
Kaburantwa,2024-03-01,2024-09-01,6,1.4616666666666664,1.6550822,0.1934155591328941
Kaburantwa,2024-04-01,2024-10-01,6,1.5732258064516127,1.8511856,0.27795975377482773
Kaburantwa,2024-05-01,2024-11-01,6,1.9850000000000003,1.904468,-0.0805319404602054
Kaburantwa,2024-06-01,2024-12-01,6,1.82741935483871,1.8964543,0.0690349794203231
Mulembwe,2019-11-01,2019-12-01,1,1.9351612903225808,1.925888,-0.009273348008432825
Mulembwe,2019-12-01,2020-01-01,1,1.975806451612904,1.745102,-0.23070440369267686
Mulembwe,2020-01-01,2020-02-01,1,2.122758620689656,1.8734273,-0.24933134884669927
Mulembwe,2020-02-01,2020-03-01,1,2.2312903225806457,2.1331131,-0.09817717675239868
Mulembwe,2020-03-01,2020-04-01,1,2.160333333333333,2.0602818,-0.10005157979329393
Mulembwe,2020-04-01,2020-05-01,1,1.9245161290322577,1.921937,-0.0025791402016912546
Mulembwe,2020-05-01,2020-06-01,1,1.596,1.3930594,-0.20294062709808358
Mulembwe,2020-06-01,2020-07-01,1,1.4354838709677418,1.2286325,-0.206851420863982
Mulembwe,2020-07-01,2020-08-01,1,1.305161290322581,1.0036523,-0.30150895610932427
Mulembwe,2020-08-01,2020-09-01,1,1.328,1.0862335,-0.24176650333404548
Mulembwe,2020-09-01,2020-10-01,1,1.3903225806451611,1.3883314,-0.0019911673761181525
Mulembwe,2020-10-01,2020-11-01,1,1.8043333333333345,1.4849571,-0.319376234372458
Mulembwe,2020-11-01,2020-12-01,1,2.265161290322581,1.9003594,-0.36480189815644337
Mulembwe,2020-12-01,2021-01-01,1,2.345806451612904,2.054397,-0.2914093454422497
Mulembwe,2021-01-01,2021-02-01,1,2.4707142857142856,2.314386,-0.15632839475359228
Mulembwe,2021-02-01,2021-03-01,1,2.1241935483870966,2.3402088,0.21601522045750787
Mulembwe,2021-03-01,2021-04-01,1,2.468333333333333,2.1055226,-0.36281070073445587
Mulembwe,2021-04-01,2021-05-01,1,2.1645161290322585,2.184904,0.020387969478483647
Mulembwe,2021-05-01,2021-06-01,1,1.7199999999999998,1.8163842,0.09638419628143335
Mulembwe,2021-06-01,2021-07-01,1,1.6464516129032265,1.498293,-0.14815857072030414
Mulembwe,2021-07-01,2021-08-01,1,1.652258064516129,1.4071348,-0.2451232931690832
Mulembwe,2021-08-01,2021-09-01,1,1.6836666666666669,1.4649605,-0.21870621077219665
Mulembwe,2021-09-01,2021-10-01,1,1.8754838709677424,1.6005734,-0.2749104504431452
Mulembwe,2021-10-01,2021-11-01,1,1.9426666666666672,1.8987397,-0.04392697111765598
Mulembwe,2021-11-01,2021-12-01,1,2.166129032258065,2.010293,-0.1558360253610922
Mulembwe,2021-12-01,2022-01-01,1,2.2341935483870965,2.0611844,-0.17300914210657892
Mulembwe,2022-01-01,2022-02-01,1,2.405357142857143,2.3212776,-0.08407952444893985
Mulembwe,2022-02-01,2022-03-01,1,2.418064516129032,2.3202999,-0.09776465231372455
Mulembwe,2022-03-01,2022-04-01,1,2.511,2.2896817,-0.22131832695007336
Mulembwe,2022-04-01,2022-05-01,1,2.346428571428571,1.9910191,-0.3554094416754583
Mulembwe,2022-05-01,2022-06-01,1,2.2223333333333333,1.8922155,-0.33011784299214675
Mulembwe,2022-06-01,2022-07-01,1,1.8774193548387097,1.554591,-0.32282841436324583
Mulembwe,2022-07-01,2022-08-01,1,1.8380645161290323,1.6142021,-0.22386237436725254
Mulembwe,2022-08-01,2022-09-01,1,1.846666666666667,1.6426375,-0.2040291754404706
Mulembwe,2022-09-01,2022-10-01,1,1.7832258064516129,1.7649623,-0.018263490892225676
Mulembwe,2022-10-01,2022-11-01,1,2.239,1.8026243,-0.43637565517425525
Mulembwe,2022-11-01,2022-12-01,1,2.613548387096773,2.0903728,-0.5231755862697467
Mulembwe,2022-12-01,2023-01-01,1,2.541935483870968,2.2940052,-0.2479303283076133
Mulembwe,2023-01-01,2023-02-01,1,2.5282142857142853,2.493882,-0.0343323448726105
Mulembwe,2023-02-01,2023-03-01,1,2.6709677419354843,2.4668791,-0.2040886125256942
Mulembwe,2023-03-01,2023-04-01,1,2.713333333333334,2.2791712,-0.43416210492452034
Mulembwe,2023-04-01,2023-05-01,1,2.46483870967742,2.2176821,-0.2471565864932157
Mulembwe,2023-05-01,2023-06-01,1,2.1503333333333337,1.9825552,-0.16777818234761588
Mulembwe,2023-06-01,2023-07-01,1,2.043548387096774,1.86253,-0.18101839403952313
Mulembwe,2023-07-01,2023-08-01,1,1.914193548387097,1.8884761,-0.025717415040539482
Mulembwe,2023-08-01,2023-09-01,1,2.058666666666667,1.9842943,-0.07437237135569275
Mulembwe,2023-09-01,2023-10-01,1,2.1129032258064515,2.2563624,0.14345921239545278
Mulembwe,2023-10-01,2023-11-01,1,2.6830000000000003,2.2222283,-0.4607717113494876
Mulembwe,2023-11-01,2023-12-01,1,2.7316129032258067,2.4660966,-0.26551626359262803
Mulembwe,2023-12-01,2024-01-01,1,2.6841935483870967,2.7794962,0.09530264454503223
Mulembwe,2024-01-01,2024-02-01,1,2.643793103448276,2.5894697,-0.054323432198886135
Mulembwe,2024-02-01,2024-03-01,1,2.5625806451612902,2.5585105,-0.0040701032453966945
Mulembwe,2024-03-01,2024-04-01,1,2.8706666666666663,2.4413438,-0.42932288233439087
Mulembwe,2024-04-01,2024-05-01,1,2.3870410919189453,2.4636726,0.07663154602050781
Mulembwe,2024-05-01,2024-06-01,1,2.489,2.1603353,-0.3286646976470946
Mulembwe,2024-06-01,2024-07-01,1,2.085806451612903,1.9488745,-0.13693197804112556
Mulembwe,2024-07-01,2024-08-01,1,2.111935483870968,1.9990286,-0.1129069203715174
Mulembwe,2024-08-01,2024-09-01,1,2.106666666666667,1.9974321,-0.10923455397288029
Mulembwe,2024-09-01,2024-10-01,1,2.3374193548387097,2.1485603,-0.18885906927047236
Mulembwe,2024-10-01,2024-11-01,1,2.5310000000000006,2.5215843,-0.009415727615357028
Mulembwe,2024-11-01,2024-12-01,1,2.5690322580645155,2.6405857,0.07155340286993273
Mulembwe,2019-11-01,2020-02-01,3,2.122758620689656,1.6607014,-0.4620572266085401
Mulembwe,2019-12-01,2020-03-01,3,2.2312903225806457,1.707067,-0.5242233097937805
Mulembwe,2020-01-01,2020-04-01,3,2.160333333333333,1.7765342,-0.38379913361867235
Mulembwe,2020-02-01,2020-05-01,3,1.9245161290322577,1.8531104,-0.07140569640744077
Mulembwe,2020-03-01,2020-06-01,3,1.596,1.4070392,-0.1889608345031739
Mulembwe,2020-04-01,2020-07-01,3,1.4354838709677418,1.1788777,-0.25660615967166023
Mulembwe,2020-05-01,2020-08-01,3,1.305161290322581,1.001632,-0.3035293151486309
Mulembwe,2020-06-01,2020-09-01,3,1.328,1.1358215,-0.1921785383224488
Mulembwe,2020-07-01,2020-10-01,3,1.3903225806451611,1.0247171,-0.36560548813112304
Mulembwe,2020-08-01,2020-11-01,3,1.8043333333333345,1.3046912,-0.4996421378453584
Mulembwe,2020-09-01,2020-12-01,3,2.265161290322581,1.6338706,-0.6312906886685283
Mulembwe,2020-10-01,2021-01-01,3,2.345806451612904,1.8168607,-0.5289457758011364
Mulembwe,2020-11-01,2021-02-01,3,2.4707142857142856,2.033227,-0.4374873188563755
Mulembwe,2020-12-01,2021-03-01,3,2.1241935483870966,2.012951,-0.11124265117029974
Mulembwe,2021-01-01,2021-04-01,3,2.468333333333333,2.0320587,-0.4362746175130203
Mulembwe,2021-02-01,2021-05-01,3,2.1645161290322585,1.8621637,-0.3023524661217971
Mulembwe,2021-03-01,2021-06-01,3,1.7199999999999998,1.7509264,0.03092637538909937
Mulembwe,2021-04-01,2021-07-01,3,1.6464516129032265,1.3749167,-0.2715349401966225
Mulembwe,2021-05-01,2021-08-01,3,1.652258064516129,1.5401527,-0.11210539556318722
Mulembwe,2021-06-01,2021-09-01,3,1.6836666666666669,1.4771564,-0.20651026598612487
Mulembwe,2021-07-01,2021-10-01,3,1.8754838709677424,1.3595164,-0.5159674887503352
Mulembwe,2021-08-01,2021-11-01,3,1.9426666666666672,1.7249912,-0.21767546431223606
Mulembwe,2021-09-01,2021-12-01,3,2.166129032258065,2.1005452,-0.06558386433509122
Mulembwe,2021-10-01,2022-01-01,3,2.2341935483870965,2.2522051,0.018011585051013856
Mulembwe,2021-11-01,2022-02-01,3,2.405357142857143,2.2745562,-0.13080098288399844
Mulembwe,2021-12-01,2022-03-01,3,2.418064516129032,2.045501,-0.3725635224003945
Mulembwe,2022-01-01,2022-04-01,3,2.511,2.2682238,-0.2427762374877931
Mulembwe,2022-02-01,2022-05-01,3,2.346428571428571,1.8478826,-0.49854594298771415
Mulembwe,2022-03-01,2022-06-01,3,2.2223333333333333,1.893542,-0.32879128201802565
Mulembwe,2022-04-01,2022-07-01,3,1.8774193548387097,1.6137543,-0.2636650823777722
Mulembwe,2022-05-01,2022-08-01,3,1.8380645161290323,1.5619854,-0.27607914263202304
Mulembwe,2022-06-01,2022-09-01,3,1.846666666666667,1.3986719,-0.44799480120341006
Mulembwe,2022-07-01,2022-10-01,3,1.7832258064516129,1.5562664,-0.22695937941151278
Mulembwe,2022-08-01,2022-11-01,3,2.239,1.6656897,-0.5733102931976317
Mulembwe,2022-09-01,2022-12-01,3,2.613548387096773,2.0446854,-0.5688630233272418
Mulembwe,2022-10-01,2023-01-01,3,2.541935483870968,2.18893,-0.3530054492335166
Mulembwe,2022-11-01,2023-02-01,3,2.5282142857142853,2.0966134,-0.43160087857927554
Mulembwe,2022-12-01,2023-03-01,3,2.6709677419354843,2.2577813,-0.41318647476934656
Mulembwe,2023-01-01,2023-04-01,3,2.713333333333334,2.4441586,-0.2691747792561854
Mulembwe,2023-02-01,2023-05-01,3,2.46483870967742,2.2554612,-0.2093774937045194
Mulembwe,2023-03-01,2023-06-01,3,2.1503333333333337,1.9063584,-0.243974972089132
Mulembwe,2023-04-01,2023-07-01,3,2.043548387096774,1.5498109,-0.49373750071371747
Mulembwe,2023-05-01,2023-08-01,3,1.914193548387097,1.6937461,-0.22044745845179436
Mulembwe,2023-06-01,2023-09-01,3,2.058666666666667,1.6993657,-0.35930093161265075
Mulembwe,2023-07-01,2023-10-01,3,2.1129032258064515,1.7707531,-0.342150080588556
Mulembwe,2023-08-01,2023-11-01,3,2.6830000000000003,1.9368778,-0.7461221532821658
Mulembwe,2023-09-01,2023-12-01,3,2.7316129032258067,2.3385458,-0.39306710397043565
Mulembwe,2023-10-01,2024-01-01,3,2.6841935483870967,2.2329364,-0.4512571660933955
Mulembwe,2023-11-01,2024-02-01,3,2.643793103448276,2.2839565,-0.35983657573831485
Mulembwe,2023-12-01,2024-03-01,3,2.5625806451612902,2.337428,-0.22515255220474728
Mulembwe,2024-01-01,2024-04-01,3,2.8706666666666663,2.2451832,-0.6254834372202551
Mulembwe,2024-02-01,2024-05-01,3,2.3870410919189453,2.2547498,-0.13229131698608398
Mulembwe,2024-03-01,2024-06-01,3,2.489,2.1324012,-0.3565987720489501
Mulembwe,2024-04-01,2024-07-01,3,2.085806451612903,2.0982575,0.01245109004359124
Mulembwe,2024-05-01,2024-08-01,3,2.111935483870968,2.0058117,-0.10612379258678839
Mulembwe,2024-06-01,2024-09-01,3,2.106666666666667,2.032633,-0.07403360048929875
Mulembwe,2024-07-01,2024-10-01,3,2.3374193548387097,1.9896591,-0.34776028387008173
Mulembwe,2024-08-01,2024-11-01,3,2.5310000000000006,2.3893273,-0.1416727123260504
Mulembwe,2024-09-01,2024-12-01,3,2.5690322580645155,2.516903,-0.05212933448053114
Mulembwe,2019-11-01,2020-05-01,6,1.9245161290322577,1.4419515,-0.4825646157418524
Mulembwe,2019-12-01,2020-06-01,6,1.596,1.1969957,-0.39900426483154305
Mulembwe,2020-01-01,2020-07-01,6,1.4354838709677418,1.0628886,-0.3725952486838062
Mulembwe,2020-02-01,2020-08-01,6,1.305161290322581,1.1555169,-0.1496444274533184
Mulembwe,2020-03-01,2020-09-01,6,1.328,1.1365293,-0.19147067356109626
Mulembwe,2020-04-01,2020-10-01,6,1.3903225806451611,1.2593292,-0.13099338085420653
Mulembwe,2020-05-01,2020-11-01,6,1.8043333333333345,1.3899579,-0.4143754285176606
Mulembwe,2020-06-01,2020-12-01,6,2.265161290322581,1.8626939,-0.40246738449219777
Mulembwe,2020-07-01,2021-01-01,6,2.345806451612904,1.8640268,-0.48177966671605343
Mulembwe,2020-08-01,2021-02-01,6,2.4707142857142856,1.96944,-0.5012743023463657
Mulembwe,2020-09-01,2021-03-01,6,2.1241935483870966,1.8813939,-0.24279963893275092
Mulembwe,2020-10-01,2021-04-01,6,2.468333333333333,2.0150082,-0.45332512219746857
Mulembwe,2020-11-01,2021-05-01,6,2.1645161290322585,1.8012402,-0.36327592326748803
Mulembwe,2020-12-01,2021-06-01,6,1.7199999999999998,1.5283219,-0.1916781377792356
Mulembwe,2021-01-01,2021-07-01,6,1.6464516129032265,1.1921097,-0.45434190888558734
Mulembwe,2021-02-01,2021-08-01,6,1.652258064516129,1.422761,-0.2294971010761877
Mulembwe,2021-03-01,2021-09-01,6,1.6836666666666669,1.3997148,-0.28395183912913025
Mulembwe,2021-04-01,2021-10-01,6,1.8754838709677424,1.3289702,-0.5465136771048273
Mulembwe,2021-05-01,2021-11-01,6,1.9426666666666672,1.5587745,-0.3838921953837082
Mulembwe,2021-06-01,2021-12-01,6,2.166129032258065,1.7420254,-0.4241036568918539
Mulembwe,2021-07-01,2022-01-01,6,2.2341935483870965,1.7739913,-0.46020220202784357
Mulembwe,2021-08-01,2022-02-01,6,2.405357142857143,1.7931199,-0.6122372354779926
Mulembwe,2021-09-01,2022-03-01,6,2.418064516129032,2.189962,-0.22810260588122944
Mulembwe,2021-10-01,2022-04-01,6,2.511,2.0881038,-0.4228962287902833
Mulembwe,2021-11-01,2022-05-01,6,2.346428571428571,2.0929873,-0.253441272463117
Mulembwe,2021-12-01,2022-06-01,6,2.2223333333333333,1.6395674,-0.5827659581502278
Mulembwe,2022-01-01,2022-07-01,6,1.8774193548387097,1.695926,-0.18149340383468138
Mulembwe,2022-02-01,2022-08-01,6,1.8380645161290323,1.5663579,-0.27170666510058994
Mulembwe,2022-03-01,2022-09-01,6,1.846666666666667,1.7121199,-0.1345467297236127
Mulembwe,2022-04-01,2022-10-01,6,1.7832258064516129,1.5817254,-0.2015004474886002
Mulembwe,2022-05-01,2022-11-01,6,2.239,1.6948495,-0.5441505088806151
Mulembwe,2022-06-01,2022-12-01,6,2.613548387096773,1.637173,-0.976375330494295
Mulembwe,2022-07-01,2023-01-01,6,2.541935483870968,1.9593492,-0.5825863284449424
Mulembwe,2022-08-01,2023-02-01,6,2.5282142857142853,2.0291576,-0.4990566471644806
Mulembwe,2022-09-01,2023-03-01,6,2.6709677419354843,2.1829703,-0.48799745651983484
Mulembwe,2022-10-01,2023-04-01,6,2.713333333333334,2.2405078,-0.4728254922231043
Mulembwe,2022-11-01,2023-05-01,6,2.46483870967742,2.2072453,-0.2575933597933866
Mulembwe,2022-12-01,2023-06-01,6,2.1503333333333337,2.0556614,-0.09467189343770377
Mulembwe,2023-01-01,2023-07-01,6,2.043548387096774,2.099877,0.056328731967556944
Mulembwe,2023-02-01,2023-08-01,6,1.914193548387097,2.0188227,0.10462912159581306
Mulembwe,2023-03-01,2023-09-01,6,2.058666666666667,1.7472957,-0.31137092940012634
Mulembwe,2023-04-01,2023-10-01,6,2.1129032258064515,1.5972307,-0.5156725529701478
Mulembwe,2023-05-01,2023-11-01,6,2.6830000000000003,1.9127913,-0.7702087478637698
Mulembwe,2023-06-01,2023-12-01,6,2.7316129032258067,1.9660447,-0.7655682388428722
Mulembwe,2023-07-01,2024-01-01,6,2.6841935483870967,2.201769,-0.48242443484644726
Mulembwe,2023-08-01,2024-02-01,6,2.643793103448276,2.3920202,-0.25177287792337344
Mulembwe,2023-09-01,2024-03-01,6,2.5625806451612902,2.3632197,-0.19936090715469845
Mulembwe,2023-10-01,2024-04-01,6,2.8706666666666663,2.3687253,-0.5019413668314612
Mulembwe,2023-11-01,2024-05-01,6,2.3870410919189453,1.9809312,-0.40610992908477783
Mulembwe,2023-12-01,2024-06-01,6,2.489,2.132296,-0.35670391464233386
Mulembwe,2024-01-01,2024-07-01,6,2.085806451612903,1.7018616,-0.3839448316635621
Mulembwe,2024-02-01,2024-08-01,6,2.111935483870968,1.8180007,-0.2939348096232264
Mulembwe,2024-03-01,2024-09-01,6,2.106666666666667,1.9210345,-0.18563221136728947
Mulembwe,2024-04-01,2024-10-01,6,2.3374193548387097,1.997001,-0.34041830293593867
Mulembwe,2024-05-01,2024-11-01,6,2.5310000000000006,2.2940154,-0.23698459243774472
Mulembwe,2024-06-01,2024-12-01,6,2.5690322580645155,2.5871542,0.018121891944639756
Nyengwe,2017-11-01,2017-12-01,1,0.9722580645161292,1.2609903,0.288732197515426
Nyengwe,2017-12-01,2018-01-01,1,0.9819354838709676,1.2623231,0.28038765722705483
Nyengwe,2018-01-01,2018-02-01,1,1.0714285714285714,1.3929019,0.3214733260018485
Nyengwe,2018-02-01,2018-03-01,1,1.1054838709677417,1.2810539,0.17557002975094727
Nyengwe,2018-03-01,2018-04-01,1,1.2659999999999998,1.2162914,-0.049708572387695105
Nyengwe,2018-04-01,2018-05-01,1,1.1938709677419357,1.0936035,-0.1002674759587936
Nyengwe,2018-05-01,2018-06-01,1,1.0653333333333337,1.182697,0.11736372439066534
Nyengwe,2018-06-01,2018-07-01,1,0.9967741935483866,1.1230742,0.12629998037892054
Nyengwe,2018-07-01,2018-08-01,1,0.9541935483870968,1.0925773,0.13838378983159216
Nyengwe,2018-08-01,2018-09-01,1,0.9036666666666664,1.0320953,0.1284286464055382
Nyengwe,2018-09-01,2018-10-01,1,0.9158064516129032,0.93547183,0.01966538113932459
Nyengwe,2018-10-01,2018-11-01,1,1.0219999999999996,0.9601413,-0.06185869884490924
Nyengwe,2018-11-01,2018-12-01,1,1.0812903225806452,0.96919554,-0.11209477786094912
Nyengwe,2018-12-01,2019-01-01,1,1.123225806451613,1.1468309,0.02360510995311116
Nyengwe,2019-01-01,2019-02-01,1,1.1146428571428573,1.1790537,0.06441080706460123
Nyengwe,2019-02-01,2019-03-01,1,1.1100000000000003,1.1492051,0.03920508861541716
Nyengwe,2019-03-01,2019-04-01,1,1.136666666666667,1.1722354,0.035568703015645076
Nyengwe,2019-04-01,2019-05-01,1,0.9725806451612904,1.1306461,0.15806546441970326
Nyengwe,2019-05-01,2019-06-01,1,0.6913333333333334,1.0831275,0.39179416529337563
Nyengwe,2019-06-01,2019-07-01,1,0.6222580645161288,0.9443922,0.3221341397685392
Nyengwe,2019-07-01,2019-08-01,1,0.5964516129032257,0.5992766,0.0028249893649933133
Nyengwe,2019-08-01,2019-09-01,1,0.5693333333333332,0.53999984,-0.029333490689595454
Nyengwe,2019-09-01,2019-10-01,1,0.6661290322580647,0.56704235,-0.09908668148902178
Nyengwe,2019-10-01,2019-11-01,1,0.7726666666666667,0.69831806,-0.07434860245386765
Nyengwe,2019-11-01,2019-12-01,1,1.0587096774193552,0.69920415,-0.35950553055732515
Nyengwe,2019-12-01,2020-01-01,1,1.085483870967742,0.86439055,-0.2210933189238271
Nyengwe,2020-01-01,2020-02-01,1,1.2531034482758625,1.0464268,-0.20667667520457345
Nyengwe,2020-02-01,2020-03-01,1,1.2935483870967743,1.1391535,-0.15439490656698918
Nyengwe,2020-03-01,2020-04-01,1,1.3303333333333334,1.1158468,-0.214486580212911
Nyengwe,2020-04-01,2020-05-01,1,1.3725806451612903,1.1422833,-0.23029732473434938
Nyengwe,2020-05-01,2020-06-01,1,1.2623333333333333,1.0770473,-0.18528598531087237
Nyengwe,2020-06-01,2020-07-01,1,1.130645161290323,1.1875094,0.056864256243551514
Nyengwe,2020-07-01,2020-08-01,1,1.0687096774193543,1.1050526,0.036342912950823925
Nyengwe,2020-08-01,2020-09-01,1,1.0373333333333334,1.0684966,0.03116325155893951
Nyengwe,2020-09-01,2020-10-01,1,1.078709677419355,1.0312482,-0.047461465558698235
Nyengwe,2020-10-01,2020-11-01,1,0.9453846153846156,1.0924077,0.1470230880150426
Nyengwe,2020-11-01,2020-12-01,1,0.6796774193548388,1.0816602,0.4019827321267896
Nyengwe,2020-12-01,2021-01-01,1,0.6696774193548387,0.9787196,0.3090421727395827
Nyengwe,2021-01-01,2021-02-01,1,0.6239285714285713,0.716005,0.09207645586558766
Nyengwe,2021-02-01,2021-03-01,1,0.6693548387096776,0.80308056,0.13372572006717787
Nyengwe,2021-03-01,2021-04-01,1,0.6990476190476189,0.59873956,-0.1003080546288262
Nyengwe,2021-04-01,2021-05-01,1,0.6451513171195984,0.58655304,-0.05859827995300293
Nyengwe,2021-05-01,2021-06-01,1,0.5325655937194824,0.5172567,-0.015308916568756104
Nyengwe,2021-06-01,2021-07-01,1,0.5335933566093445,0.50883436,-0.024758994579315186
Nyengwe,2021-07-01,2021-08-01,1,0.5426662564277649,0.48137116,-0.06129509210586548
Nyengwe,2021-08-01,2021-09-01,1,0.56979900598526,0.4996097,-0.07018929719924927
Nyengwe,2021-09-01,2021-10-01,1,0.6206291317939758,0.55575854,-0.06487059593200684
Nyengwe,2021-10-01,2021-11-01,1,0.6085283756256104,0.6495194,0.040991008281707764
Nyengwe,2021-11-01,2021-12-01,1,0.7207677364349365,0.619448,-0.10131973028182983
Nyengwe,2021-12-01,2022-01-01,1,0.6196901202201843,0.76243764,0.14274752140045166
Nyengwe,2022-01-01,2022-02-01,1,0.6374459862709045,0.6084137,-0.02903228998184204
Nyengwe,2022-02-01,2022-03-01,1,0.6733229756355286,0.65496415,-0.018358826637268066
Nyengwe,2022-03-01,2022-04-01,1,0.6577116250991821,0.6637942,0.006082594394683838
Nyengwe,2022-04-01,2022-05-01,1,0.5879127979278564,0.56140083,-0.026511967182159424
Nyengwe,2022-05-01,2022-06-01,1,0.509472668170929,0.4938808,-0.015591859817504883
Nyengwe,2022-06-01,2022-07-01,1,0.5327144861221313,0.44348326,-0.0892312228679657
Nyengwe,2022-07-01,2022-08-01,1,0.5464523434638977,0.4523868,-0.09406554698944092
Nyengwe,2022-08-01,2022-09-01,1,0.5427718162536621,0.49156868,-0.051203131675720215
Nyengwe,2022-09-01,2022-10-01,1,0.5964516129032256,0.52607113,-0.07038048167382494
Nyengwe,2022-10-01,2022-11-01,1,0.5960000000000001,0.74625707,0.15025706672668449
Nyengwe,2022-11-01,2022-12-01,1,0.5974193548387097,0.81155413,0.21413477905334966
Nyengwe,2017-11-01,2018-02-01,3,1.0714285714285714,1.6071004,0.5356717961175101
Nyengwe,2017-12-01,2018-03-01,3,1.1054838709677417,1.6310902,0.5256062932168286
Nyengwe,2018-01-01,2018-04-01,3,1.2659999999999998,1.6221259,0.35612586402893087
Nyengwe,2018-02-01,2018-05-01,3,1.1938709677419357,1.5763608,0.3824898539820023
Nyengwe,2018-03-01,2018-06-01,3,1.0653333333333337,1.5017534,0.43642011610666875
Nyengwe,2018-04-01,2018-07-01,3,0.9967741935483866,1.2050643,0.20829010317402552
Nyengwe,2018-05-01,2018-08-01,3,0.9541935483870968,1.4016658,0.4474722583832279
Nyengwe,2018-06-01,2018-09-01,3,0.9036666666666664,1.3742912,0.47062451489766466
Nyengwe,2018-07-01,2018-10-01,3,0.9158064516129032,1.4450139,0.5292074291167721
Nyengwe,2018-08-01,2018-11-01,3,1.0219999999999996,1.3824462,0.3604461698532109
Nyengwe,2018-09-01,2018-12-01,3,1.0812903225806452,1.3605969,0.27930657263725034
Nyengwe,2018-10-01,2019-01-01,3,1.123225806451613,1.0932335,-0.029992340303236498
Nyengwe,2018-11-01,2019-02-01,3,1.1146428571428573,1.0186573,-0.09598553044455405
Nyengwe,2018-12-01,2019-03-01,3,1.1100000000000003,1.2038453,0.0938452625274655
Nyengwe,2019-01-01,2019-04-01,3,1.136666666666667,1.1848811,0.04821442445119195
Nyengwe,2019-02-01,2019-05-01,3,0.9725806451612904,1.1527678,0.18018713228164174
Nyengwe,2019-03-01,2019-06-01,3,0.6913333333333334,1.0854632,0.3941298329035441
Nyengwe,2019-04-01,2019-07-01,3,0.6222580645161288,1.0520715,0.42981338762467935
Nyengwe,2019-05-01,2019-08-01,3,0.5964516129032257,1.1269263,0.5304746900066254
Nyengwe,2019-06-01,2019-09-01,3,0.5693333333333332,1.0158529,0.44651959482828785
Nyengwe,2019-07-01,2019-10-01,3,0.6661290322580647,0.67204505,0.005916019793479443
Nyengwe,2019-08-01,2019-11-01,3,0.7726666666666667,0.6544924,-0.11817428843180344
Nyengwe,2019-09-01,2019-12-01,3,1.0587096774193552,0.6598803,-0.39882939692466524
Nyengwe,2019-10-01,2020-01-01,3,1.085483870967742,0.6895085,-0.39597537325274557
Nyengwe,2019-11-01,2020-02-01,3,1.2531034482758625,0.64662176,-0.6064816845696552
Nyengwe,2019-12-01,2020-03-01,3,1.2935483870967743,0.76607835,-0.5274700341686127
Nyengwe,2020-01-01,2020-04-01,3,1.3303333333333334,0.85921526,-0.4711180737813314
Nyengwe,2020-02-01,2020-05-01,3,1.3725806451612903,0.86670756,-0.5058730817610217
Nyengwe,2020-03-01,2020-06-01,3,1.2623333333333333,0.9074062,-0.3549271224339803
Nyengwe,2020-04-01,2020-07-01,3,1.130645161290323,0.9800366,-0.15060854496494458
Nyengwe,2020-05-01,2020-08-01,3,1.0687096774193543,0.90884423,-0.1598654448601502
Nyengwe,2020-06-01,2020-09-01,3,1.0373333333333334,0.9204239,-0.11690940841039033
Nyengwe,2020-07-01,2020-10-01,3,1.078709677419355,0.9538945,-0.12481518145530468
Nyengwe,2020-08-01,2020-11-01,3,0.9453846153846156,0.9468255,0.0014408889183629148
Nyengwe,2020-09-01,2020-12-01,3,0.6796774193548388,1.0210234,0.3413459733224683
Nyengwe,2020-10-01,2021-01-01,3,0.6696774193548387,1.1762387,0.5065612366891676
Nyengwe,2020-11-01,2021-02-01,3,0.6239285714285713,1.2765329,0.6526043169839043
Nyengwe,2020-12-01,2021-03-01,3,0.6693548387096776,1.2623554,0.5930006081058131
Nyengwe,2021-01-01,2021-04-01,3,0.6990476190476189,0.97448105,0.27543342715217967
Nyengwe,2021-02-01,2021-05-01,3,0.6451513171195984,0.74886376,0.10371243953704834
Nyengwe,2021-03-01,2021-06-01,3,0.5325655937194824,0.6039922,0.0714266300201416
Nyengwe,2021-04-01,2021-07-01,3,0.5335933566093445,0.58690894,0.053315579891204834
Nyengwe,2021-05-01,2021-08-01,3,0.5426662564277649,0.46053687,-0.08212938904762268
Nyengwe,2021-06-01,2021-09-01,3,0.56979900598526,0.49107507,-0.07872393727302551
Nyengwe,2021-07-01,2021-10-01,3,0.6206291317939758,0.5159574,-0.10467171669006348
Nyengwe,2021-08-01,2021-11-01,3,0.6085283756256104,0.49878868,-0.10973969101905823
Nyengwe,2021-09-01,2021-12-01,3,0.7207677364349365,0.6650391,-0.05572861433029175
Nyengwe,2021-10-01,2022-01-01,3,0.6196901202201843,0.7010539,0.08136379718780518
Nyengwe,2021-11-01,2022-02-01,3,0.6374459862709045,0.591146,-0.04629999399185181
Nyengwe,2021-12-01,2022-03-01,3,0.6733229756355286,0.65270144,-0.020621538162231445
Nyengwe,2022-01-01,2022-04-01,3,0.6577116250991821,0.6187647,-0.03894692659378052
Nyengwe,2022-02-01,2022-05-01,3,0.5879127979278564,0.6241714,0.036258578300476074
Nyengwe,2022-03-01,2022-06-01,3,0.509472668170929,0.48395488,-0.025517791509628296
Nyengwe,2022-04-01,2022-07-01,3,0.5327144861221313,0.41220477,-0.12050971388816833
Nyengwe,2022-05-01,2022-08-01,3,0.5464523434638977,0.38977054,-0.15668180584907532
Nyengwe,2022-06-01,2022-09-01,3,0.5427718162536621,0.3680249,-0.17474693059921265
Nyengwe,2022-07-01,2022-10-01,3,0.5964516129032256,0.41869426,-0.17775735516701952
Nyengwe,2022-08-01,2022-11-01,3,0.5960000000000001,0.532352,-0.06364802932739266
Nyengwe,2022-09-01,2022-12-01,3,0.5974193548387097,0.70907825,0.11165889747681157
Nyengwe,2017-11-01,2018-05-01,6,1.1938709677419357,1.7338563,0.5399853526392289
Nyengwe,2017-12-01,2018-06-01,6,1.0653333333333337,1.7122735,0.6469401451746619
Nyengwe,2018-01-01,2018-07-01,6,0.9967741935483866,1.581354,0.5845798284776754
Nyengwe,2018-02-01,2018-08-01,6,0.9541935483870968,1.5536574,0.5994638641418949
Nyengwe,2018-03-01,2018-09-01,6,0.9036666666666664,1.613586,0.7099192822774254
Nyengwe,2018-04-01,2018-10-01,6,0.9158064516129032,1.57466,0.6588534919677242
Nyengwe,2018-05-01,2018-11-01,6,1.0219999999999996,1.3963348,0.3743347673416142
Nyengwe,2018-06-01,2018-12-01,6,1.0812903225806452,1.5047822,0.42349187727897397
Nyengwe,2018-07-01,2019-01-01,6,1.123225806451613,1.1874565,0.064230682157701
Nyengwe,2018-08-01,2019-02-01,6,1.1146428571428573,1.5798398,0.4651969684873307
Nyengwe,2018-09-01,2019-03-01,6,1.1100000000000003,1.6202203,0.5102203035354611
Nyengwe,2018-10-01,2019-04-01,6,1.136666666666667,1.6343576,0.49769090493520074
Nyengwe,2018-11-01,2019-05-01,6,0.9725806451612904,0.9119671,-0.06061354644836925
Nyengwe,2018-12-01,2019-06-01,6,0.6913333333333334,1.0264251,0.3350917898813883
Nyengwe,2019-01-01,2019-07-01,6,0.6222580645161288,0.9803609,0.35810286068147257
Nyengwe,2019-02-01,2019-08-01,6,0.5964516129032257,1.254187,0.6577353749736664
Nyengwe,2019-03-01,2019-09-01,6,0.5693333333333332,1.2511748,0.6818414742151897
Nyengwe,2019-04-01,2019-10-01,6,0.6661290322580647,1.2921094,0.6259803379735637
Nyengwe,2019-05-01,2019-11-01,6,0.7726666666666667,1.1198491,0.34718241914113357
Nyengwe,2019-06-01,2019-12-01,6,1.0587096774193552,1.0001994,-0.05851024027793672
Nyengwe,2019-07-01,2020-01-01,6,1.085483870967742,0.6942635,-0.391220353111144
Nyengwe,2019-08-01,2020-02-01,6,1.2531034482758625,0.6479287,-0.6051747335236652
Nyengwe,2019-09-01,2020-03-01,6,1.2935483870967743,0.62704766,-0.6665007291301606
Nyengwe,2019-10-01,2020-04-01,6,1.3303333333333334,0.6256075,-0.7047258427937826
Nyengwe,2019-11-01,2020-05-01,6,1.3725806451612903,0.49000084,-0.8825798011595203
Nyengwe,2019-12-01,2020-06-01,6,1.2623333333333333,0.46473265,-0.7976006863911946
Nyengwe,2020-01-01,2020-07-01,6,1.130645161290323,0.6556563,-0.47498888315693066
Nyengwe,2020-02-01,2020-08-01,6,1.0687096774193543,0.79735625,-0.2713534295174378
Nyengwe,2020-03-01,2020-09-01,6,1.0373333333333334,0.9479381,-0.08939524873097748
Nyengwe,2020-04-01,2020-10-01,6,1.078709677419355,0.9780714,-0.10063828583686596
Nyengwe,2020-05-01,2020-11-01,6,0.9453846153846156,0.854751,-0.09063362451700085
Nyengwe,2020-06-01,2020-12-01,6,0.6796774193548388,0.9543607,0.27468330414064457
Nyengwe,2020-07-01,2021-01-01,6,0.6696774193548387,0.95446867,0.2847912481523329
Nyengwe,2020-08-01,2021-02-01,6,0.6239285714285713,0.97070956,0.34678099087306447
Nyengwe,2020-09-01,2021-03-01,6,0.6693548387096776,1.3045626,0.6352077299548732
Nyengwe,2020-10-01,2021-04-01,6,0.6990476190476189,1.5135318,0.8144841850371589
Nyengwe,2020-11-01,2021-05-01,6,0.6451513171195984,1.5423402,0.8971888422966003
Nyengwe,2020-12-01,2021-06-01,6,0.5325655937194824,1.4761888,0.9436231851577759
Nyengwe,2021-01-01,2021-07-01,6,0.5335933566093445,1.2426032,0.7090098261833191
Nyengwe,2021-02-01,2021-08-01,6,0.5426662564277649,0.9422296,0.39956337213516235
Nyengwe,2021-03-01,2021-09-01,6,0.56979900598526,0.58931494,0.019515931606292725
Nyengwe,2021-04-01,2021-10-01,6,0.6206291317939758,0.5858179,-0.03481125831604004
Nyengwe,2021-05-01,2021-11-01,6,0.6085283756256104,0.5606582,-0.04787015914916992
Nyengwe,2021-06-01,2021-12-01,6,0.7207677364349365,0.58890533,-0.13186240196228027
Nyengwe,2021-07-01,2022-01-01,6,0.6196901202201843,0.45512775,-0.1645623743534088
Nyengwe,2021-08-01,2022-02-01,6,0.6374459862709045,0.42061186,-0.21683412790298462
Nyengwe,2021-09-01,2022-03-01,6,0.6733229756355286,0.48367012,-0.18965286016464233
Nyengwe,2021-10-01,2022-04-01,6,0.6577116250991821,0.5153691,-0.14234250783920288
Nyengwe,2021-11-01,2022-05-01,6,0.5879127979278564,0.4121721,-0.17574068903923035
Nyengwe,2021-12-01,2022-06-01,6,0.509472668170929,0.5053131,-0.00415956974029541
Nyengwe,2022-01-01,2022-07-01,6,0.5327144861221313,0.38694862,-0.14576587080955505
Nyengwe,2022-02-01,2022-08-01,6,0.5464523434638977,0.30911106,-0.2373412847518921
Nyengwe,2022-03-01,2022-09-01,6,0.5427718162536621,0.43586755,-0.10690426826477051
Nyengwe,2022-04-01,2022-10-01,6,0.5964516129032256,0.38234773,-0.21410388012086168
Nyengwe,2022-05-01,2022-11-01,6,0.5960000000000001,0.57705045,-0.018949552536010827
Nyengwe,2022-06-01,2022-12-01,6,0.5974193548387097,0.60155183,0.004132475929875534
Mutimbuzi,2019-10-01,2019-11-01,1,1.0633333333333337,0.88147354,-0.18185979207356806
Mutimbuzi,2019-11-01,2019-12-01,1,1.597741935483871,1.0848364,-0.5129055716914515
Mutimbuzi,2019-12-01,2020-01-01,1,2.6158064516129027,1.3419961,-1.2738103778900634
Mutimbuzi,2020-01-01,2020-02-01,1,2.951724137931034,1.5288742,-1.4228499790717812
Mutimbuzi,2020-02-01,2020-03-01,1,3.0022580645161288,2.0798454,-0.9224126360493319
Mutimbuzi,2020-03-01,2020-04-01,1,2.815666666666667,2.1058974,-0.7097692400614424
Mutimbuzi,2020-04-01,2020-05-01,1,2.881935483870967,2.123107,-0.7588285273890336
Mutimbuzi,2020-05-01,2020-06-01,1,2.644,2.1910367,-0.45296329879760755
Mutimbuzi,2020-06-01,2020-07-01,1,2.5106451612903227,1.2008188,-1.309826384205972
Mutimbuzi,2020-07-01,2020-08-01,1,2.1670967741935483,1.8552557,-0.31184105119397554
Mutimbuzi,2020-08-01,2020-09-01,1,2.2376666666666667,1.8752124,-0.3624542357126872
Mutimbuzi,2020-09-01,2020-10-01,1,2.3122580645161293,2.0799365,-0.23232156015211558
Mutimbuzi,2020-10-01,2020-11-01,1,2.507333333333333,2.2329786,-0.2743547509511308
Mutimbuzi,2020-11-01,2020-12-01,1,2.4945161290322586,2.0980892,-0.3964269108926102
Mutimbuzi,2020-12-01,2021-01-01,1,2.662903225806452,2.4690065,-0.1938966874153385
Mutimbuzi,2021-01-01,2021-02-01,1,2.708928571428572,2.3829856,-0.32594297954014406
Mutimbuzi,2021-02-01,2021-03-01,1,2.643548387096774,2.6568491,0.013300758792508027
Mutimbuzi,2021-03-01,2021-04-01,1,2.672,2.448478,-0.2235220165252687
Mutimbuzi,2021-04-01,2021-05-01,1,2.802258064516129,2.6908965,-0.11136155343824816
Mutimbuzi,2021-05-01,2021-06-01,1,2.608333333333334,2.5149956,-0.09333775838216196
Mutimbuzi,2021-06-01,2021-07-01,1,2.4603225806451614,2.422219,-0.03810354263551785
Mutimbuzi,2021-07-01,2021-08-01,1,2.2219354838709675,1.9279373,-0.2939982146601521
Mutimbuzi,2021-08-01,2021-09-01,1,2.443666666666666,2.4100504,-0.0336162745157873
Mutimbuzi,2021-09-01,2021-10-01,1,2.5022580645161296,2.5240414,0.021783349744734615
Mutimbuzi,2021-10-01,2021-11-01,1,2.356,2.5835538,0.2275537910461427
Mutimbuzi,2021-11-01,2021-12-01,1,2.297096774193548,2.5575294,0.26043267526934244
Mutimbuzi,2021-12-01,2022-01-01,1,1.392903225806452,2.5037572,1.1108540125816095
Mutimbuzi,2022-01-01,2022-02-01,1,1.4721428571428574,2.2270257,0.7548828901563369
Mutimbuzi,2022-02-01,2022-03-01,1,1.574516129032258,1.7194419,0.14492576168429472
Mutimbuzi,2022-03-01,2022-04-01,1,1.7506666666666666,1.872652,0.12198538716634122
Mutimbuzi,2022-04-01,2022-05-01,1,1.9038709677419352,2.205371,0.3014999352732015
Mutimbuzi,2022-05-01,2022-06-01,1,1.7003333333333337,1.4676948,-0.2326385739644372
Mutimbuzi,2022-06-01,2022-07-01,1,1.4983870967741937,1.3761059,-0.12228119219503109
Mutimbuzi,2022-07-01,2022-08-01,1,1.2519354838709678,1.3019745,0.05003905111743556
Mutimbuzi,2022-08-01,2022-09-01,1,1.0799999999999998,1.2085876,0.12858764648437515
Mutimbuzi,2022-09-01,2022-10-01,1,0.9351612903225808,1.1973075,0.26214617713805155
Mutimbuzi,2022-10-01,2022-11-01,1,0.9833333333333332,1.2216564,0.23832310835520443
Mutimbuzi,2022-11-01,2022-12-01,1,1.219354838709677,1.2283782,0.009023337979470858
Mutimbuzi,2022-12-01,2023-01-01,1,1.359032258064516,1.2720014,-0.08703087237573426
Mutimbuzi,2023-01-01,2023-02-01,1,1.403214285714286,1.3544351,-0.048779199463980794
Mutimbuzi,2023-02-01,2023-03-01,1,1.6112903225806448,1.4654348,-0.14585553292305198
Mutimbuzi,2023-03-01,2023-04-01,1,2.065333333333333,1.7264332,-0.3389001754124954
Mutimbuzi,2023-04-01,2023-05-01,1,2.326774193548387,1.8139857,-0.5127884881727156
Mutimbuzi,2023-05-01,2023-06-01,1,2.010333333333333,2.0535216,0.043188299814860276
Mutimbuzi,2023-06-01,2023-07-01,1,1.7800000000000002,2.0813894,0.30138942718505835
Mutimbuzi,2023-07-01,2023-08-01,1,1.5506451612903225,1.7822108,0.23156566558345681
Mutimbuzi,2023-08-01,2023-09-01,1,1.4089655172413793,1.6734166,0.2644510972910914
Mutimbuzi,2023-09-01,2023-10-01,1,1.230967741935484,1.6034464,0.3724786224672869
Mutimbuzi,2023-10-01,2023-11-01,1,1.456333333333333,1.6510482,0.19471485010782907
Mutimbuzi,2023-11-01,2023-12-01,1,1.609354838709678,1.7379704,0.12861551346317346
Mutimbuzi,2023-12-01,2024-01-01,1,1.8641935483870968,1.5107311,-0.35346244735102506
Mutimbuzi,2024-01-01,2024-02-01,1,1.9354554414749146,1.701474,-0.23398149013519287
Mutimbuzi,2024-02-01,2024-03-01,1,1.919905185699463,1.8939552,-0.025949954986572266
Mutimbuzi,2024-03-01,2024-04-01,1,2.0212323665618896,2.0582516,0.03701925277709961
Mutimbuzi,2024-04-01,2024-05-01,1,2.0093326568603516,2.2518713,0.2425386905670166
Mutimbuzi,2024-05-01,2024-06-01,1,1.9392993450164795,1.9508314,0.011532068252563477
Mutimbuzi,2024-06-01,2024-07-01,1,1.9711596965789795,1.678491,-0.2926687002182007
Mutimbuzi,2024-07-01,2024-08-01,1,2.291290322580646,1.7715155,-0.519774833956073
Mutimbuzi,2024-08-01,2024-09-01,1,2.0960000000000005,1.9329753,-0.16302470779418998
Mutimbuzi,2024-09-01,2024-10-01,1,2.0580645161290323,1.9267737,-0.13129084879352204
Mutimbuzi,2024-10-01,2024-11-01,1,2.059,1.653838,-0.4051619615554811
Mutimbuzi,2019-10-01,2020-01-01,3,2.6158064516129027,1.0317,-1.5841064365448485
Mutimbuzi,2019-11-01,2020-02-01,3,2.951724137931034,0.9904178,-1.9613063594390603
Mutimbuzi,2019-12-01,2020-03-01,3,3.0022580645161288,1.0576584,-1.9445996306019442
Mutimbuzi,2020-01-01,2020-04-01,3,2.815666666666667,1.0821426,-1.7335240751902266
Mutimbuzi,2020-02-01,2020-05-01,3,2.881935483870967,1.2598835,-1.6220519608836015
Mutimbuzi,2020-03-01,2020-06-01,3,2.644,1.0499939,-1.594006127357483
Mutimbuzi,2020-04-01,2020-07-01,3,2.5106451612903227,1.3623395,-1.1483056646777738
Mutimbuzi,2020-05-01,2020-08-01,3,2.1670967741935483,1.3094764,-0.8576203986137143
Mutimbuzi,2020-06-01,2020-09-01,3,2.2376666666666667,1.0605302,-1.1771364809672038
Mutimbuzi,2020-07-01,2020-10-01,3,2.3122580645161293,1.337626,-0.974632084138932
Mutimbuzi,2020-08-01,2020-11-01,3,2.507333333333333,1.7143539,-0.7929794143040971
Mutimbuzi,2020-09-01,2020-12-01,3,2.4945161290322586,1.9731416,-0.5213745780144974
Mutimbuzi,2020-10-01,2021-01-01,3,2.662903225806452,2.0679996,-0.594903624442316
Mutimbuzi,2020-11-01,2021-02-01,3,2.708928571428572,2.0383446,-0.6705839497702466
Mutimbuzi,2020-12-01,2021-03-01,3,2.643548387096774,2.3559601,-0.2875882564052459
Mutimbuzi,2021-01-01,2021-04-01,3,2.672,1.8971573,-0.774842688560486
Mutimbuzi,2021-02-01,2021-05-01,3,2.802258064516129,2.182457,-0.6198010943012853
Mutimbuzi,2021-03-01,2021-06-01,3,2.608333333333334,2.1599443,-0.4483890374501551
Mutimbuzi,2021-04-01,2021-07-01,3,2.4603225806451614,2.160196,-0.30012651474245144
Mutimbuzi,2021-05-01,2021-08-01,3,2.2219354838709675,2.2071786,-0.014756891189082744
Mutimbuzi,2021-06-01,2021-09-01,3,2.443666666666666,2.168503,-0.2751636206308996
Mutimbuzi,2021-07-01,2021-10-01,3,2.5022580645161296,2.0449538,-0.45730424142653003
Mutimbuzi,2021-08-01,2021-11-01,3,2.356,2.4229915,0.06699151420593275
Mutimbuzi,2021-09-01,2021-12-01,3,2.297096774193548,2.5752597,0.27816291132280924
Mutimbuzi,2021-10-01,2022-01-01,3,1.392903225806452,2.7372928,1.344389540764593
Mutimbuzi,2021-11-01,2022-02-01,3,1.4721428571428574,2.6167967,1.1446538748059951
Mutimbuzi,2021-12-01,2022-03-01,3,1.574516129032258,2.3049073,0.7303911928976736
Mutimbuzi,2022-01-01,2022-04-01,3,1.7506666666666666,2.473002,0.7223352902730307
Mutimbuzi,2022-02-01,2022-05-01,3,1.9038709677419352,1.8291595,-0.07471146952721353
Mutimbuzi,2022-03-01,2022-06-01,3,1.7003333333333337,1.923001,0.22266771761576298
Mutimbuzi,2022-04-01,2022-07-01,3,1.4983870967741937,1.5493982,0.05101108704843815
Mutimbuzi,2022-05-01,2022-08-01,3,1.2519354838709678,1.2757894,0.023853896202579605
Mutimbuzi,2022-06-01,2022-09-01,3,1.0799999999999998,0.8711053,-0.20889468669891342
Mutimbuzi,2022-07-01,2022-10-01,3,0.9351612903225808,1.1067275,0.17156619056578593
Mutimbuzi,2022-08-01,2022-11-01,3,0.9833333333333332,1.3244343,0.34110094706217464
Mutimbuzi,2022-09-01,2022-12-01,3,1.219354838709677,1.3513874,0.1320325428439728
Mutimbuzi,2022-10-01,2023-01-01,3,1.359032258064516,1.5261697,0.16713739964269836
Mutimbuzi,2022-11-01,2023-02-01,3,1.403214285714286,1.7712067,0.36799245085035026
Mutimbuzi,2022-12-01,2023-03-01,3,1.6112903225806448,1.7382185,0.12692822333305154
Mutimbuzi,2023-01-01,2023-04-01,3,2.065333333333333,2.1104424,0.045109066645304896
Mutimbuzi,2023-02-01,2023-05-01,3,2.326774193548387,2.0886958,-0.23807842900676102
Mutimbuzi,2023-03-01,2023-06-01,3,2.010333333333333,1.7924849,-0.2178484538396197
Mutimbuzi,2023-04-01,2023-07-01,3,1.7800000000000002,1.5286834,-0.25131657600402857
Mutimbuzi,2023-05-01,2023-08-01,3,1.5506451612903225,1.7285448,0.17789966998561746
Mutimbuzi,2023-06-01,2023-09-01,3,1.4089655172413793,1.8771664,0.46820087317762704
Mutimbuzi,2023-07-01,2023-10-01,3,1.230967741935484,1.7885826,0.5576148214647845
Mutimbuzi,2023-08-01,2023-11-01,3,1.456333333333333,1.8964936,0.4401602207819624
Mutimbuzi,2023-09-01,2023-12-01,3,1.609354838709678,1.7397332,0.1303783804370504
Mutimbuzi,2023-10-01,2024-01-01,3,1.8641935483870968,1.8558811,-0.00831245345454068
Mutimbuzi,2023-11-01,2024-02-01,3,1.9354554414749146,1.805185,-0.13027048110961914
Mutimbuzi,2023-12-01,2024-03-01,3,1.919905185699463,1.6902187,-0.22968649864196777
Mutimbuzi,2024-01-01,2024-04-01,3,2.0212323665618896,1.796813,-0.22441935539245605
Mutimbuzi,2024-02-01,2024-05-01,3,2.0093326568603516,1.7215681,-0.2877645492553711
Mutimbuzi,2024-03-01,2024-06-01,3,1.9392993450164795,1.7023119,-0.23698747158050537
Mutimbuzi,2024-04-01,2024-07-01,3,1.9711596965789795,1.6564654,-0.31469428539276123
Mutimbuzi,2024-05-01,2024-08-01,3,2.291290322580646,1.2713968,-1.0198935664084656
Mutimbuzi,2024-06-01,2024-09-01,3,2.0960000000000005,1.407527,-0.6884730300903326
Mutimbuzi,2024-07-01,2024-10-01,3,2.0580645161290323,1.4252228,-0.6328417616505777
Mutimbuzi,2024-08-01,2024-11-01,3,2.059,1.5019168,-0.5570832338333132
Mutimbuzi,2019-10-01,2020-04-01,6,2.815666666666667,1.1071056,-1.7085610539118452
Mutimbuzi,2019-11-01,2020-05-01,6,2.881935483870967,0.8884767,-1.9934587544779618
Mutimbuzi,2019-12-01,2020-06-01,6,2.644,0.7961182,-1.8478818001747133
Mutimbuzi,2020-01-01,2020-07-01,6,2.5106451612903227,0.8235633,-1.6870818835689176
Mutimbuzi,2020-02-01,2020-08-01,6,2.1670967741935483,0.8628703,-1.3042264982192746
Mutimbuzi,2020-03-01,2020-09-01,6,2.2376666666666667,0.88347477,-1.3541918994585673
Mutimbuzi,2020-04-01,2020-10-01,6,2.3122580645161293,1.0985619,-1.213696181543412
Mutimbuzi,2020-05-01,2020-11-01,6,2.507333333333333,1.3567557,-1.1505775998433427
Mutimbuzi,2020-06-01,2020-12-01,6,2.4945161290322586,2.0867631,-0.4077529854928299
Mutimbuzi,2020-07-01,2021-01-01,6,2.662903225806452,1.9130545,-0.7498487595588932
Mutimbuzi,2020-08-01,2021-02-01,6,2.708928571428572,2.4877334,-0.2211952073233472
Mutimbuzi,2020-09-01,2021-03-01,6,2.643548387096774,2.308564,-0.3349844394191619
Mutimbuzi,2020-10-01,2021-04-01,6,2.672,2.2283437,-0.4436562747955324
Mutimbuzi,2020-11-01,2021-05-01,6,2.802258064516129,2.1565614,-0.6456966898518224
Mutimbuzi,2020-12-01,2021-06-01,6,2.608333333333334,2.279365,-0.3289682706197108
Mutimbuzi,2021-01-01,2021-07-01,6,2.4603225806451614,1.9366729,-0.5236496546960647
Mutimbuzi,2021-02-01,2021-08-01,6,2.2219354838709675,2.1725202,-0.04941532319591868
Mutimbuzi,2021-03-01,2021-09-01,6,2.443666666666666,2.2574747,-0.18619200579325312
Mutimbuzi,2021-04-01,2021-10-01,6,2.5022580645161296,2.135018,-0.3672399542408611
Mutimbuzi,2021-05-01,2021-11-01,6,2.356,2.3292253,-0.02677469825744616
Mutimbuzi,2021-06-01,2021-12-01,6,2.297096774193548,2.0876045,-0.20949225148847006
Mutimbuzi,2021-07-01,2022-01-01,6,1.392903225806452,1.9104791,0.5175758429496515
Mutimbuzi,2021-08-01,2022-02-01,6,1.4721428571428574,2.6815448,1.2094019235883438
Mutimbuzi,2021-09-01,2022-03-01,6,1.574516129032258,2.7199528,1.1454366926993094
Mutimbuzi,2021-10-01,2022-04-01,6,1.7506666666666666,2.7465928,0.995926093419393
Mutimbuzi,2021-11-01,2022-05-01,6,1.9038709677419352,2.6798894,0.7760184727945638
Mutimbuzi,2021-12-01,2022-06-01,6,1.7003333333333337,2.4160519,0.7157185312906897
Mutimbuzi,2022-01-01,2022-07-01,6,1.4983870967741937,2.4633605,0.9649734512452155
Mutimbuzi,2022-02-01,2022-08-01,6,1.2519354838709678,1.5414405,0.2895050030369912
Mutimbuzi,2022-03-01,2022-09-01,6,1.0799999999999998,2.2216053,1.1416053009033205
Mutimbuzi,2022-04-01,2022-10-01,6,0.9351612903225808,1.982016,1.0468546770464988
Mutimbuzi,2022-05-01,2022-11-01,6,0.9833333333333332,1.4483051,0.46497179667154964
Mutimbuzi,2022-06-01,2022-12-01,6,1.219354838709677,1.946443,0.727088122983133
Mutimbuzi,2022-07-01,2023-01-01,6,1.359032258064516,1.8395364,0.4805041703870221
Mutimbuzi,2022-08-01,2023-02-01,6,1.403214285714286,2.1248102,0.7215959330967492
Mutimbuzi,2022-09-01,2023-03-01,6,1.6112903225806448,1.9322463,0.32095600481956277
Mutimbuzi,2022-10-01,2023-04-01,6,2.065333333333333,2.086893,0.021559748331706263
Mutimbuzi,2022-11-01,2023-05-01,6,2.326774193548387,2.0396178,-0.28715641667765945
Mutimbuzi,2022-12-01,2023-06-01,6,2.010333333333333,1.7150104,-0.2953229287465411
Mutimbuzi,2023-01-01,2023-07-01,6,1.7800000000000002,1.8818563,0.10185632228851293
Mutimbuzi,2023-02-01,2023-08-01,6,1.5506451612903225,1.7923853,0.241740178446616
Mutimbuzi,2023-03-01,2023-09-01,6,1.4089655172413793,1.8057715,0.39680595282850595
Mutimbuzi,2023-04-01,2023-10-01,6,1.230967741935484,1.8130531,0.5820853891680315
Mutimbuzi,2023-05-01,2023-11-01,6,1.456333333333333,2.034467,0.5781336485544843
Mutimbuzi,2023-06-01,2023-12-01,6,1.609354838709678,2.2116954,0.6023405939532858
Mutimbuzi,2023-07-01,2024-01-01,6,1.8641935483870968,2.149425,0.28523148136754184
Mutimbuzi,2023-08-01,2024-02-01,6,1.9354554414749146,2.0161352,0.08067977428436279
Mutimbuzi,2023-09-01,2024-03-01,6,1.919905185699463,2.392899,0.4729938507080078
Mutimbuzi,2023-10-01,2024-04-01,6,2.0212323665618896,2.489464,0.4682316780090332
Mutimbuzi,2023-11-01,2024-05-01,6,2.0093326568603516,2.3837404,0.3744077682495117
Mutimbuzi,2023-12-01,2024-06-01,6,1.9392993450164795,2.0723817,0.13308238983154297
Mutimbuzi,2024-01-01,2024-07-01,6,1.9711596965789795,1.6984338,-0.2727259397506714
Mutimbuzi,2024-02-01,2024-08-01,6,2.291290322580646,1.92956,-0.36173037652046514
Mutimbuzi,2024-03-01,2024-09-01,6,2.0960000000000005,1.744812,-0.35118798828125053
Mutimbuzi,2024-04-01,2024-10-01,6,2.0580645161290323,1.368487,-0.6895775156636392
Mutimbuzi,2024-05-01,2024-11-01,6,2.059,1.5720562,-0.4869438257217409
Rusizi,2019-11-01,2019-12-01,1,3.39,2.9625309,-0.4274691486358644
Rusizi,2019-12-01,2020-01-01,1,3.77,3.2074084,-0.5625915718078613
Rusizi,2020-01-01,2020-02-01,1,3.92,3.5227184,-0.39728157043457024
Rusizi,2020-02-01,2020-03-01,1,3.9,3.6526139,-0.24738612174987784
Rusizi,2020-03-01,2020-04-01,1,3.73,3.448235,-0.28176496505737303
Rusizi,2020-04-01,2020-05-01,1,3.72,3.2248836,-0.4951164436340334
Rusizi,2020-05-01,2020-06-01,1,3.53,3.351256,-0.17874410629272441
Rusizi,2020-06-01,2020-07-01,1,3.64,2.877644,-0.7623559379577638
Rusizi,2020-07-01,2020-08-01,1,3.49,2.878002,-0.6119980716705324
Rusizi,2020-08-01,2020-09-01,1,3.4,3.0920653,-0.30793466567993155
Rusizi,2020-09-01,2020-10-01,1,3.48,3.2225726,-0.25742743492126463
Rusizi,2020-10-01,2020-11-01,1,3.71,3.3941407,-0.3158592796325683
Rusizi,2020-11-01,2020-12-01,1,3.61,3.5935926,-0.016407356262206907
Rusizi,2020-12-01,2021-01-01,1,3.82,3.7609987,-0.05900127410888656
Rusizi,2021-01-01,2021-02-01,1,3.77,3.6336656,-0.13633443832397463
Rusizi,2021-02-01,2021-03-01,1,3.78,3.6181931,-0.16180685043334941
Rusizi,2021-03-01,2021-04-01,1,3.81,3.663093,-0.146906909942627
Rusizi,2021-04-01,2021-05-01,1,3.9,3.7334561,-0.16654386520385733
Rusizi,2021-05-01,2021-06-01,1,3.72,3.643101,-0.07689902305603047
Rusizi,2021-06-01,2021-07-01,1,3.64,3.5715864,-0.06841362953186048
Rusizi,2021-07-01,2021-08-01,1,3.65,3.5070004,-0.14299955368041983
Rusizi,2021-08-01,2021-09-01,1,3.68,3.5604436,-0.11955636024475114
Rusizi,2021-09-01,2021-10-01,1,3.69,3.6223583,-0.06764167785644526
Rusizi,2021-10-01,2021-11-01,1,3.6,3.6813066,0.08130660057067862
Rusizi,2021-11-01,2021-12-01,1,3.61,3.4808347,-0.12916527748107898
Rusizi,2021-12-01,2022-01-01,1,3.7,3.6716456,-0.02835435867309588
Rusizi,2022-01-01,2022-02-01,1,3.79,3.6706305,-0.11936954498291019
Rusizi,2022-02-01,2022-03-01,1,3.87,3.69841,-0.1715899658203126
Rusizi,2022-03-01,2022-04-01,1,3.84,3.7911978,-0.048802223205566264
Rusizi,2022-04-01,2022-05-01,1,3.86,3.7603483,-0.09965167999267566
Rusizi,2022-05-01,2022-06-01,1,3.77,3.6158702,-0.15412976264953615
Rusizi,2022-06-01,2022-07-01,1,3.31,3.5290453,0.2190453433990478
Rusizi,2022-07-01,2022-08-01,1,3.48,3.3479788,-0.13202116966247557
Rusizi,2022-08-01,2022-09-01,1,3.52,3.0217838,-0.49821617126464846
Rusizi,2022-09-01,2022-10-01,1,3.59,3.430056,-0.15994390487670884
Rusizi,2022-10-01,2022-11-01,1,3.67,3.5806081,-0.08939187049865716
Rusizi,2022-11-01,2022-12-01,1,3.62,3.6885643,0.06856430053710927
Rusizi,2022-12-01,2023-01-01,1,3.84,3.6891546,-0.15084537506103501
Rusizi,2023-01-01,2023-02-01,1,3.67,3.754228,0.08422811508178718
Rusizi,2023-02-01,2023-03-01,1,3.77,3.761622,-0.008378047943115252
Rusizi,2023-03-01,2023-04-01,1,4.03,3.8348556,-0.19514444351196314
Rusizi,2023-04-01,2023-05-01,1,4.17,3.795059,-0.37494103431701653
Rusizi,2023-05-01,2023-06-01,1,3.82,3.8168476,-0.003152437210082848
Rusizi,2023-06-01,2023-07-01,1,3.67,3.607403,-0.06259696006774895
Rusizi,2023-07-01,2023-08-01,1,3.53,3.4578302,-0.07216980934143047
Rusizi,2023-08-01,2023-09-01,1,3.59,3.4994998,-0.09050020217895494
Rusizi,2023-09-01,2023-10-01,1,3.58,3.6070638,0.027063770294189382
Rusizi,2023-10-01,2023-11-01,1,3.79,3.673748,-0.11625198364257816
Rusizi,2023-11-01,2023-12-01,1,3.98,3.7820594,-0.19794056892395018
Rusizi,2023-12-01,2024-01-01,1,4.15,3.7530258,-0.3969742298126224
Rusizi,2024-01-01,2024-02-01,1,4.18,3.8690326,-0.3109673786163327
Rusizi,2024-02-01,2024-03-01,1,4.16,3.770847,-0.3891529178619386
Rusizi,2024-03-01,2024-04-01,1,4.37,3.931034,-0.4389659118652345
Rusizi,2024-04-01,2024-05-01,1,4.45,4.186425,-0.26357479095459
Rusizi,2024-05-01,2024-06-01,1,4.39,4.017146,-0.3728538894653317
Rusizi,2024-06-01,2024-07-01,1,4.23,3.9374745,-0.2925255107879643
Rusizi,2024-07-01,2024-08-01,1,4.23,3.9628608,-0.2671391773223881
Rusizi,2024-08-01,2024-09-01,1,4.17,4.129997,-0.04000322341918938
Rusizi,2024-09-01,2024-10-01,1,4.19,4.168584,-0.02141613006591836
Rusizi,2024-10-01,2024-11-01,1,4.28,4.2065997,-0.07340028762817408
Rusizi,2024-11-01,2024-12-01,1,4.25,4.079776,-0.17022418975830078
Rusizi,2019-11-01,2020-02-01,3,3.92,2.6446908,-1.275309247970581
Rusizi,2019-12-01,2020-03-01,3,3.9,2.829946,-1.0700539588928222
Rusizi,2020-01-01,2020-04-01,3,3.73,3.0352755,-0.6947245407104492
Rusizi,2020-02-01,2020-05-01,3,3.72,3.091503,-0.6284970951080324
Rusizi,2020-03-01,2020-06-01,3,3.53,2.97778,-0.5522198963165281
Rusizi,2020-04-01,2020-07-01,3,3.64,3.2995036,-0.3404964351654054
Rusizi,2020-05-01,2020-08-01,3,3.49,2.8332465,-0.6567535305023195
Rusizi,2020-06-01,2020-09-01,3,3.4,2.7304926,-0.6695074081420898
Rusizi,2020-07-01,2020-10-01,3,3.48,2.781348,-0.6986520099639892
Rusizi,2020-08-01,2020-11-01,3,3.71,3.1782222,-0.5317778205871582
Rusizi,2020-09-01,2020-12-01,3,3.61,3.4312956,-0.17870436668395984
Rusizi,2020-10-01,2021-01-01,3,3.82,3.4155812,-0.4044187736511229
Rusizi,2020-11-01,2021-02-01,3,3.77,3.6826625,-0.08733751296997072
Rusizi,2020-12-01,2021-03-01,3,3.78,3.735522,-0.04447796821594219
Rusizi,2021-01-01,2021-04-01,3,3.81,3.5118594,-0.29814058303833013
Rusizi,2021-02-01,2021-05-01,3,3.9,3.5744936,-0.3255063533782958
Rusizi,2021-03-01,2021-06-01,3,3.72,3.5725553,-0.1474446964263918
Rusizi,2021-04-01,2021-07-01,3,3.64,3.5351746,-0.1048253917694093
Rusizi,2021-05-01,2021-08-01,3,3.65,3.554804,-0.09519591331481925
Rusizi,2021-06-01,2021-09-01,3,3.68,3.2980254,-0.3819746303558351
Rusizi,2021-07-01,2021-10-01,3,3.69,3.201737,-0.48826307296752924
Rusizi,2021-08-01,2021-11-01,3,3.6,3.5918646,-0.008135414123535245
Rusizi,2021-09-01,2021-12-01,3,3.61,3.728053,0.1180530929565431
Rusizi,2021-10-01,2022-01-01,3,3.7,3.7834249,0.08342485427856428
Rusizi,2021-11-01,2022-02-01,3,3.79,3.715865,-0.07413510322570804
Rusizi,2021-12-01,2022-03-01,3,3.87,3.689211,-0.1807891082763673
Rusizi,2022-01-01,2022-04-01,3,3.84,3.8030012,-0.03699883460998521
Rusizi,2022-02-01,2022-05-01,3,3.86,3.6433184,-0.21668158531188952
Rusizi,2022-03-01,2022-06-01,3,3.77,3.736671,-0.03332902908325197
Rusizi,2022-04-01,2022-07-01,3,3.31,3.5828836,0.27288359642028803
Rusizi,2022-05-01,2022-08-01,3,3.48,3.4663792,-0.01362083435058592
Rusizi,2022-06-01,2022-09-01,3,3.52,3.4653258,-0.05467416763305666
Rusizi,2022-07-01,2022-10-01,3,3.59,3.4383247,-0.15167531013488755
Rusizi,2022-08-01,2022-11-01,3,3.67,3.4379482,-0.232051773071289
Rusizi,2022-09-01,2022-12-01,3,3.62,3.5835721,-0.03642785072326671
Rusizi,2022-10-01,2023-01-01,3,3.84,3.7243605,-0.11563953399658189
Rusizi,2022-11-01,2023-02-01,3,3.67,3.6799524,0.009952383041381907
Rusizi,2022-12-01,2023-03-01,3,3.77,3.653223,-0.11677696228027346
Rusizi,2023-01-01,2023-04-01,3,4.03,3.7829123,-0.24708774566650415
Rusizi,2023-02-01,2023-05-01,3,4.17,3.7741697,-0.39583031654357903
Rusizi,2023-03-01,2023-06-01,3,3.82,3.7725885,-0.047411508560180504
Rusizi,2023-04-01,2023-07-01,3,3.67,3.677365,0.007365064620971751
Rusizi,2023-05-01,2023-08-01,3,3.53,3.6480348,0.11803481101989766
Rusizi,2023-06-01,2023-09-01,3,3.59,3.552837,-0.037163105010986186
Rusizi,2023-07-01,2023-10-01,3,3.58,3.5953496,0.015349550247192312
Rusizi,2023-08-01,2023-11-01,3,3.79,3.6301858,-0.15981415748596195
Rusizi,2023-09-01,2023-12-01,3,3.98,3.6911461,-0.2888538646697998
Rusizi,2023-10-01,2024-01-01,3,4.15,3.8591619,-0.29083814620971715
Rusizi,2023-11-01,2024-02-01,3,4.18,3.7416773,-0.43832271575927706
Rusizi,2023-12-01,2024-03-01,3,4.16,3.64177,-0.5182301139831544
Rusizi,2024-01-01,2024-04-01,3,4.37,3.79492,-0.5750800323486329
Rusizi,2024-02-01,2024-05-01,3,4.45,3.9829075,-0.4670924663543703
Rusizi,2024-03-01,2024-06-01,3,4.39,3.9735343,-0.4164656543731686
Rusizi,2024-04-01,2024-07-01,3,4.23,3.8883288,-0.3416712093353276
Rusizi,2024-05-01,2024-08-01,3,4.23,3.7884514,-0.44154856681823773
Rusizi,2024-06-01,2024-09-01,3,4.17,3.845822,-0.32417790412902825
Rusizi,2024-07-01,2024-10-01,3,4.19,3.9079123,-0.2820877456665043
Rusizi,2024-08-01,2024-11-01,3,4.28,3.9831605,-0.2968395042419436
Rusizi,2024-09-01,2024-12-01,3,4.25,4.124235,-0.1257648468017578
Rusizi,2019-11-01,2020-05-01,6,3.72,2.6523519,-1.0676481437683107
Rusizi,2019-12-01,2020-06-01,6,3.53,2.7613986,-0.7686014461517332
Rusizi,2020-01-01,2020-07-01,6,3.64,2.7039,-0.936099901199341
Rusizi,2020-02-01,2020-08-01,6,3.49,2.732091,-0.7579090499877932
Rusizi,2020-03-01,2020-09-01,6,3.4,2.8565583,-0.5434416770935058
Rusizi,2020-04-01,2020-10-01,6,3.48,2.8686278,-0.6113722133636474
Rusizi,2020-05-01,2020-11-01,6,3.71,2.977624,-0.7323760604858398
Rusizi,2020-06-01,2020-12-01,6,3.61,3.005377,-0.6046229457855223
Rusizi,2020-07-01,2021-01-01,6,3.82,3.075078,-0.7449219894409178
Rusizi,2020-08-01,2021-02-01,6,3.77,3.36936,-0.4006400299072266
Rusizi,2020-09-01,2021-03-01,6,3.78,3.3663588,-0.41364124298095684
Rusizi,2020-10-01,2021-04-01,6,3.81,3.4817488,-0.32825118064880376
Rusizi,2020-11-01,2021-05-01,6,3.9,3.484784,-0.41521611213684073
Rusizi,2020-12-01,2021-06-01,6,3.72,3.5859373,-0.1340627384185793
Rusizi,2021-01-01,2021-07-01,6,3.64,3.3517785,-0.2882214927673341
Rusizi,2021-02-01,2021-08-01,6,3.65,3.502235,-0.14776506423950186
Rusizi,2021-03-01,2021-09-01,6,3.68,3.512506,-0.1674939918518068
Rusizi,2021-04-01,2021-10-01,6,3.69,3.5514076,-0.13859242439270014
Rusizi,2021-05-01,2021-11-01,6,3.6,3.619585,0.019585037231445224
Rusizi,2021-06-01,2021-12-01,6,3.61,3.5364144,-0.07358561515808093
Rusizi,2021-07-01,2022-01-01,6,3.7,3.3730528,-0.32694716453552264
Rusizi,2021-08-01,2022-02-01,6,3.79,3.8023582,0.012358150482177699
Rusizi,2021-09-01,2022-03-01,6,3.87,3.7917347,-0.0782653045654298
Rusizi,2021-10-01,2022-04-01,6,3.84,3.834651,-0.005349006652831889
Rusizi,2021-11-01,2022-05-01,6,3.86,3.72971,-0.13028989791870105
Rusizi,2021-12-01,2022-06-01,6,3.77,3.7447906,-0.02520944595336916
Rusizi,2022-01-01,2022-07-01,6,3.31,3.6580682,0.34806818008422846
Rusizi,2022-02-01,2022-08-01,6,3.48,3.2745183,-0.2054817485809326
Rusizi,2022-03-01,2022-09-01,6,3.52,3.6249366,0.10493658065795897
Rusizi,2022-04-01,2022-10-01,6,3.59,3.6219106,0.031910572052002095
Rusizi,2022-05-01,2022-11-01,6,3.67,3.4338245,-0.23617546081542962
Rusizi,2022-06-01,2022-12-01,6,3.62,3.6877844,0.06778443336486806
Rusizi,2022-07-01,2023-01-01,6,3.84,3.7593288,-0.08067115783691392
Rusizi,2022-08-01,2023-02-01,6,3.67,3.6351106,-0.03488938331603997
Rusizi,2022-09-01,2023-03-01,6,3.77,3.66631,-0.10368992805480959
Rusizi,2022-10-01,2023-04-01,6,4.03,3.7077067,-0.3222933101654055
Rusizi,2022-11-01,2023-05-01,6,4.17,3.759276,-0.41072408676147454
Rusizi,2022-12-01,2023-06-01,6,3.82,3.441071,-0.37892896652221664
Rusizi,2023-01-01,2023-07-01,6,3.67,3.529986,-0.1400140953063964
Rusizi,2023-02-01,2023-08-01,6,3.53,3.6274242,0.09742424011230488
Rusizi,2023-03-01,2023-09-01,6,3.59,3.6185336,0.028533611297607564
Rusizi,2023-04-01,2023-10-01,6,3.58,3.5888119,0.008811874389648366
Rusizi,2023-05-01,2023-11-01,6,3.79,3.6593015,-0.13069848060607914
Rusizi,2023-06-01,2023-12-01,6,3.98,3.655526,-0.3244740772247314
Rusizi,2023-07-01,2024-01-01,6,4.15,3.813197,-0.3368031024932865
Rusizi,2023-08-01,2024-02-01,6,4.18,3.727833,-0.4521669673919675
Rusizi,2023-09-01,2024-03-01,6,4.16,3.8172152,-0.34278479576110854
Rusizi,2023-10-01,2024-04-01,6,4.37,3.8430305,-0.5269695472717286
Rusizi,2023-11-01,2024-05-01,6,4.45,3.7793314,-0.6706685543060305
Rusizi,2023-12-01,2024-06-01,6,4.39,3.558227,-0.8317729377746579
Rusizi,2024-01-01,2024-07-01,6,4.23,3.5347517,-0.6952483463287358
Rusizi,2024-02-01,2024-08-01,6,4.23,3.7304425,-0.4995574760437016
Rusizi,2024-03-01,2024-09-01,6,4.17,3.8013282,-0.36867181777954094
Rusizi,2024-04-01,2024-10-01,6,4.19,3.6864092,-0.50359076499939
Rusizi,2024-05-01,2024-11-01,6,4.28,3.9244106,-0.35558941841125513
Rusizi,2024-06-01,2024-12-01,6,4.25,4.057018,-0.19298219680786133
Buzimba,2008-11-01,2008-12-01,1,0.7761290322580644,0.8667589,0.09062985074135577
Buzimba,2008-12-01,2009-01-01,1,0.7838709677419355,0.77741086,-0.006460102911918453
Buzimba,2009-01-01,2009-02-01,1,0.8639285714285715,0.76431507,-0.09961350270680025
Buzimba,2009-02-01,2009-03-01,1,0.831290322580645,0.9169913,0.08570097084968342
Buzimba,2009-03-01,2009-04-01,1,0.8369999999999999,0.7986707,-0.03832929086685166
Buzimba,2009-04-01,2009-05-01,1,0.7935483870967744,0.77087194,-0.022676449821841582
Buzimba,2009-05-01,2009-06-01,1,0.7726666666666666,0.6400211,-0.13264558092753087
Buzimba,2009-06-01,2009-07-01,1,0.6922580645161288,0.5458367,-0.14642137742811612
Buzimba,2009-07-01,2009-08-01,1,0.6583870967741935,0.55455774,-0.10382935608586952
Buzimba,2009-08-01,2009-09-01,1,0.6523333333333335,0.6218815,-0.03045184834798198
Buzimba,2009-09-01,2009-10-01,1,0.7183870967741937,0.77893573,0.06054863368311225
Buzimba,2009-10-01,2009-11-01,1,0.757,0.7885395,0.031539528846740716
Buzimba,2009-11-01,2009-12-01,1,0.7499999999999999,0.78994256,0.039942562580108754
Buzimba,2009-12-01,2010-01-01,1,0.840967741935484,0.7417094,-0.09925833079122737
Buzimba,2010-01-01,2010-02-01,1,0.8748148148148147,0.72055817,-0.15425664831090846
Buzimba,2010-02-01,2010-03-01,1,0.8042109608650208,0.687579,-0.11663198471069336
Buzimba,2010-03-01,2010-04-01,1,0.7610495686531067,0.7781388,0.017089247703552246
Buzimba,2010-04-01,2010-05-01,1,0.7363613247871399,0.583814,-0.15254729986190796
Buzimba,2010-05-01,2010-06-01,1,0.6902456879615784,0.66946584,-0.020779848098754883
Buzimba,2010-06-01,2010-07-01,1,0.7597986459732056,0.57867557,-0.18112307786941528
Buzimba,2010-07-01,2010-08-01,1,0.7267137765884399,0.7239577,-0.002756059169769287
Buzimba,2010-08-01,2010-09-01,1,0.7628652453422546,0.69030976,-0.07255548238754272
Buzimba,2010-09-01,2010-10-01,1,0.7412112355232239,0.8151569,0.07394564151763916
Buzimba,2010-10-01,2010-11-01,1,0.8126308917999268,0.7883198,-0.024311065673828125
Buzimba,2010-11-01,2010-12-01,1,0.8044705390930176,0.84004295,0.03557240962982178
Buzimba,2010-12-01,2011-01-01,1,0.8026847839355469,0.8311787,0.028493940830230713
Buzimba,2011-01-01,2011-02-01,1,0.8002420663833618,0.8465531,0.046311020851135254
Buzimba,2011-02-01,2011-03-01,1,0.812339186668396,0.8531617,0.040822505950927734
Buzimba,2011-03-01,2011-04-01,1,0.7383604645729065,0.9030561,0.1646956205368042
Buzimba,2011-04-01,2011-05-01,1,0.6608445048332214,0.82931966,0.16847515106201172
Buzimba,2011-05-01,2011-06-01,1,0.5809816718101501,0.7166902,0.1357085108757019
Buzimba,2011-06-01,2011-07-01,1,0.523794949054718,0.7024253,0.17863035202026367
Buzimba,2011-07-01,2011-08-01,1,0.48056384921073914,0.51445943,0.0338955819606781
Buzimba,2011-08-01,2011-09-01,1,0.49523743987083435,0.4299437,-0.06529372930526733
Buzimba,2011-09-01,2011-10-01,1,0.5363375544548035,0.5377981,0.0014605522155761719
Buzimba,2011-10-01,2011-11-01,1,0.5455083250999451,0.62462854,0.0791202187538147
Buzimba,2011-11-01,2011-12-01,1,0.5673940181732178,0.65085447,0.08346045017242432
Buzimba,2011-12-01,2012-01-01,1,0.5270357131958008,0.6622123,0.13517659902572632
Buzimba,2012-01-01,2012-02-01,1,0.49438929557800293,0.5174755,0.023086190223693848
Buzimba,2012-02-01,2012-03-01,1,0.47466930747032166,0.54478925,0.0701199471950531
Buzimba,2012-03-01,2012-04-01,1,0.4739173650741577,0.49476537,0.020848006010055542
Buzimba,2012-04-01,2012-05-01,1,0.5504119396209717,0.49883848,-0.05157345533370972
Buzimba,2012-05-01,2012-06-01,1,0.4001399874687195,0.5661253,0.16598528623580933
Buzimba,2012-06-01,2012-07-01,1,0.35569024085998535,0.39932153,0.043631285429000854
Buzimba,2012-07-01,2012-08-01,1,0.3133333333333333,0.43530503,0.12197169582049056
Buzimba,2012-08-01,2012-09-01,1,0.3176666666666666,0.5112361,0.1935694049199423
Buzimba,2012-09-01,2012-10-01,1,0.3387096774193547,0.684727,0.3460173356917598
Buzimba,2012-10-01,2012-11-01,1,0.3876666666666668,0.65411735,0.2664506791432697
Buzimba,2012-11-01,2012-12-01,1,0.3880645161290323,0.67530215,0.2872376317362631
Buzimba,2012-12-01,2013-01-01,1,0.3958064516129033,0.5203683,0.12456182641367752
Buzimba,2013-01-01,2013-02-01,1,0.3892857142857145,0.40252346,0.01323774371828329
Buzimba,2013-02-01,2013-03-01,1,0.3880645161290325,0.38648468,-0.0015798335690654364
Buzimba,2013-03-01,2013-04-01,1,0.4986666666666668,0.49057603,-0.008090637842814274
Buzimba,2013-04-01,2013-05-01,1,0.4761290322580647,0.4494548,-0.026674218062431754
Buzimba,2013-05-01,2013-06-01,1,0.4616666666666667,0.45331973,-0.008346938292185524
Buzimba,2013-06-01,2013-07-01,1,0.3083870967741935,0.38825518,0.07986808215418173
Buzimba,2013-07-01,2013-08-01,1,0.2906451612903225,0.36914998,0.07850482163890726
Buzimba,2013-08-01,2013-09-01,1,0.3883333333333335,0.4441905,0.05585716883341457
Buzimba,2013-09-01,2013-10-01,1,0.4019354838709679,0.58580947,0.18387398535205457
Buzimba,2013-10-01,2013-11-01,1,0.412,0.5272904,0.11529040384292605
Buzimba,2013-11-01,2013-12-01,1,0.4703225806451613,0.49546018,0.025137601783198682
Buzimba,2008-11-01,2009-02-01,3,0.8639285714285715,0.7679461,-0.09598244735172823
Buzimba,2008-12-01,2009-03-01,3,0.831290322580645,0.7591045,-0.07218583230049358
Buzimba,2009-01-01,2009-04-01,3,0.8369999999999999,0.70092934,-0.13607065629959092
Buzimba,2009-02-01,2009-05-01,3,0.7935483870967744,0.8466214,0.053073007060635224
Buzimba,2009-03-01,2009-06-01,3,0.7726666666666666,0.84071565,0.0680489800771078
Buzimba,2009-04-01,2009-07-01,3,0.6922580645161288,0.7108579,0.01859986328309604
Buzimba,2009-05-01,2009-08-01,3,0.6583870967741935,0.54389375,-0.1144933422919242
Buzimba,2009-06-01,2009-09-01,3,0.6523333333333335,0.4409265,-0.21140684111913066
Buzimba,2009-07-01,2009-10-01,3,0.7183870967741937,0.5870814,-0.13130572403630913
Buzimba,2009-08-01,2009-11-01,3,0.757,0.7141781,-0.04282191467285157
Buzimba,2009-09-01,2009-12-01,3,0.7499999999999999,0.819029,0.06902897357940685
Buzimba,2009-10-01,2010-01-01,3,0.840967741935484,0.74400663,-0.09696110817693904
Buzimba,2009-11-01,2010-02-01,3,0.8748148148148147,0.7797053,-0.09510952878881374
Buzimba,2009-12-01,2010-03-01,3,0.8042109608650208,0.7368009,-0.06741005182266235
Buzimba,2010-01-01,2010-04-01,3,0.7610495686531067,0.646025,-0.11502456665039062
Buzimba,2010-02-01,2010-05-01,3,0.7363613247871399,0.5684962,-0.1678650975227356
Buzimba,2010-03-01,2010-06-01,3,0.6902456879615784,0.48210183,-0.20814386010169983
Buzimba,2010-04-01,2010-07-01,3,0.7597986459732056,0.51051325,-0.24928539991378784
Buzimba,2010-05-01,2010-08-01,3,0.7267137765884399,0.57342297,-0.15329080820083618
Buzimba,2010-06-01,2010-09-01,3,0.7628652453422546,0.61666536,-0.14619988203048706
Buzimba,2010-07-01,2010-10-01,3,0.7412112355232239,0.7264947,-0.014716506004333496
Buzimba,2010-08-01,2010-11-01,3,0.8126308917999268,0.7482663,-0.06436461210250854
Buzimba,2010-09-01,2010-12-01,3,0.8044705390930176,0.80308837,-0.0013821721076965332
Buzimba,2010-10-01,2011-01-01,3,0.8026847839355469,0.86971784,0.06703305244445801
Buzimba,2010-11-01,2011-02-01,3,0.8002420663833618,0.8870526,0.08681052923202515
Buzimba,2010-12-01,2011-03-01,3,0.812339186668396,0.79389924,-0.018439948558807373
Buzimba,2011-01-01,2011-04-01,3,0.7383604645729065,0.8600976,0.12173712253570557
Buzimba,2011-02-01,2011-05-01,3,0.6608445048332214,0.87889886,0.21805435419082642
Buzimba,2011-03-01,2011-06-01,3,0.5809816718101501,0.874078,0.29309630393981934
Buzimba,2011-04-01,2011-07-01,3,0.523794949054718,0.78275114,0.2589561939239502
Buzimba,2011-05-01,2011-08-01,3,0.48056384921073914,0.67055494,0.1899910867214203
Buzimba,2011-06-01,2011-09-01,3,0.49523743987083435,0.6582611,0.1630236804485321
Buzimba,2011-07-01,2011-10-01,3,0.5363375544548035,0.6430478,0.10671025514602661
Buzimba,2011-08-01,2011-11-01,3,0.5455083250999451,0.6612055,0.11569714546203613
Buzimba,2011-09-01,2011-12-01,3,0.5673940181732178,0.76233673,0.19494271278381348
Buzimba,2011-10-01,2012-01-01,3,0.5270357131958008,0.7327088,0.20567309856414795
Buzimba,2011-11-01,2012-02-01,3,0.49438929557800293,0.7565134,0.26212412118911743
Buzimba,2011-12-01,2012-03-01,3,0.47466930747032166,0.57171917,0.09704986214637756
Buzimba,2012-01-01,2012-04-01,3,0.4739173650741577,0.4529122,-0.02100515365600586
Buzimba,2012-02-01,2012-05-01,3,0.5504119396209717,0.42896533,-0.12144660949707031
Buzimba,2012-03-01,2012-06-01,3,0.4001399874687195,0.4160186,0.015878617763519287
Buzimba,2012-04-01,2012-07-01,3,0.35569024085998535,0.5590668,0.20337653160095215
Buzimba,2012-05-01,2012-08-01,3,0.3133333333333333,0.5121304,0.19879704634348555
Buzimba,2012-06-01,2012-09-01,3,0.3176666666666666,0.50656205,0.18889538749059048
Buzimba,2012-07-01,2012-10-01,3,0.3387096774193547,0.6812289,0.3425191986945369
Buzimba,2012-08-01,2012-11-01,3,0.3876666666666668,0.72244513,0.33477846368153874
Buzimba,2012-09-01,2012-12-01,3,0.3880645161290323,0.76773554,0.3796710247378195
Buzimba,2012-10-01,2013-01-01,3,0.3958064516129033,0.7312472,0.3354407350478633
Buzimba,2012-11-01,2013-02-01,3,0.3892857142857145,0.61575997,0.22647425447191488
Buzimba,2012-12-01,2013-03-01,3,0.3880645161290325,0.47549412,0.08742960041569103
Buzimba,2013-01-01,2013-04-01,3,0.4986666666666668,0.43593922,-0.0627274440924328
Buzimba,2013-02-01,2013-05-01,3,0.4761290322580647,0.39747936,-0.07864967692282909
Buzimba,2013-03-01,2013-06-01,3,0.4616666666666667,0.4047927,-0.05687397042910264
Buzimba,2013-04-01,2013-07-01,3,0.3083870967741935,0.3397246,0.03133750354090048
Buzimba,2013-05-01,2013-08-01,3,0.2906451612903225,0.30920675,0.01856159267887003
Buzimba,2013-06-01,2013-09-01,3,0.3883333333333335,0.43738747,0.04905413309733059
Buzimba,2013-07-01,2013-10-01,3,0.4019354838709679,0.45462358,0.05268809610797498
Buzimba,2013-08-01,2013-11-01,3,0.412,0.6731773,0.26117730188369753
Buzimba,2013-09-01,2013-12-01,3,0.4703225806451613,0.6999007,0.22957810609571394
Buzimba,2008-11-01,2009-05-01,6,0.7935483870967744,0.48283342,-0.31071497182692276
Buzimba,2008-12-01,2009-06-01,6,0.7726666666666666,0.60534215,-0.16732451693216954
Buzimba,2009-01-01,2009-07-01,6,0.6922580645161288,0.44539952,-0.24685854173475674
Buzimba,2009-02-01,2009-08-01,6,0.6583870967741935,0.71144897,0.053061870682624135
Buzimba,2009-03-01,2009-09-01,6,0.6523333333333335,0.5171092,-0.13522411807378154
Buzimba,2009-04-01,2009-10-01,6,0.7183870967741937,0.70393187,-0.014455228697869194
Buzimba,2009-05-01,2009-11-01,6,0.757,0.72538126,-0.0316187448501587
Buzimba,2009-06-01,2009-12-01,6,0.7499999999999999,0.82943547,0.07943546772003185
Buzimba,2009-07-01,2010-01-01,6,0.840967741935484,0.82833856,-0.012629178493253734
Buzimba,2009-08-01,2010-02-01,6,0.8748148148148147,0.87405354,-0.0007612769692031396
Buzimba,2009-09-01,2010-03-01,6,0.8042109608650208,0.8064744,0.0022634267807006836
Buzimba,2009-10-01,2010-04-01,6,0.7610495686531067,0.81342775,0.052378177642822266
Buzimba,2009-11-01,2010-05-01,6,0.7363613247871399,0.7199873,-0.016374051570892334
Buzimba,2009-12-01,2010-06-01,6,0.6902456879615784,0.69184536,0.0015996694564819336
Buzimba,2010-01-01,2010-07-01,6,0.7597986459732056,0.4936847,-0.26611393690109253
Buzimba,2010-02-01,2010-08-01,6,0.7267137765884399,0.45512167,-0.2715921103954315
Buzimba,2010-03-01,2010-09-01,6,0.7628652453422546,0.55370396,-0.20916128158569336
Buzimba,2010-04-01,2010-10-01,6,0.7412112355232239,0.5579037,-0.18330752849578857
Buzimba,2010-05-01,2010-11-01,6,0.8126308917999268,0.5993435,-0.21328741312026978
Buzimba,2010-06-01,2010-12-01,6,0.8044705390930176,0.72584903,-0.078621506690979
Buzimba,2010-07-01,2011-01-01,6,0.8026847839355469,0.8400207,0.03733593225479126
Buzimba,2010-08-01,2011-02-01,6,0.8002420663833618,0.85862225,0.058380186557769775
Buzimba,2010-09-01,2011-03-01,6,0.812339186668396,0.86783516,0.0554959774017334
Buzimba,2010-10-01,2011-04-01,6,0.7383604645729065,0.8236234,0.0852629542350769
Buzimba,2010-11-01,2011-05-01,6,0.6608445048332214,0.78271455,0.12187004089355469
Buzimba,2010-12-01,2011-06-01,6,0.5809816718101501,0.73301905,0.1520373821258545
Buzimba,2011-01-01,2011-07-01,6,0.523794949054718,0.7153817,0.19158673286437988
Buzimba,2011-02-01,2011-08-01,6,0.48056384921073914,0.6519946,0.17143073678016663
Buzimba,2011-03-01,2011-09-01,6,0.49523743987083435,0.73379904,0.23856160044670105
Buzimba,2011-04-01,2011-10-01,6,0.5363375544548035,0.74689305,0.21055549383163452
Buzimba,2011-05-01,2011-11-01,6,0.5455083250999451,0.75670815,0.2111998200416565
Buzimba,2011-06-01,2011-12-01,6,0.5673940181732178,0.76634806,0.1989540457725525
Buzimba,2011-07-01,2012-01-01,6,0.5270357131958008,0.77549094,0.2484552264213562
Buzimba,2011-08-01,2012-02-01,6,0.49438929557800293,0.80245924,0.30806994438171387
Buzimba,2011-09-01,2012-03-01,6,0.47466930747032166,0.72210723,0.24743792414665222
Buzimba,2011-10-01,2012-04-01,6,0.4739173650741577,0.70337707,0.2294597029685974
Buzimba,2011-11-01,2012-05-01,6,0.5504119396209717,0.57144445,0.021032512187957764
Buzimba,2011-12-01,2012-06-01,6,0.4001399874687195,0.599449,0.19930899143218994
Buzimba,2012-01-01,2012-07-01,6,0.35569024085998535,0.4415094,0.08581915497779846
Buzimba,2012-02-01,2012-08-01,6,0.3133333333333333,0.4072256,0.0938922754923503
Buzimba,2012-03-01,2012-09-01,6,0.3176666666666666,0.4477199,0.13005323513348904
Buzimba,2012-04-01,2012-10-01,6,0.3387096774193547,0.4942143,0.15550461892158768
Buzimba,2012-05-01,2012-11-01,6,0.3876666666666668,0.50212365,0.11445698722203557
Buzimba,2012-06-01,2012-12-01,6,0.3880645161290323,0.6156048,0.22754030173824674
Buzimba,2012-07-01,2013-01-01,6,0.3958064516129033,0.6034197,0.2076132695136531
Buzimba,2012-08-01,2013-02-01,6,0.3892857142857145,0.6574773,0.26819160495485556
Buzimba,2012-09-01,2013-03-01,6,0.3880645161290325,0.46643403,0.07836951559589733
Buzimba,2012-10-01,2013-04-01,6,0.4986666666666668,0.550275,0.051608361085255794
Buzimba,2012-11-01,2013-05-01,6,0.4761290322580647,0.5212929,0.04516389262291676
Buzimba,2012-12-01,2013-06-01,6,0.4616666666666667,0.43305963,-0.028607033888499
Buzimba,2013-01-01,2013-07-01,6,0.3083870967741935,0.33507127,0.026684168923285734
Buzimba,2013-02-01,2013-08-01,6,0.2906451612903225,0.3015564,0.010911247114981482
Buzimba,2013-03-01,2013-09-01,6,0.3883333333333335,0.3621581,-0.026175243457158548
Buzimba,2013-04-01,2013-10-01,6,0.4019354838709679,0.40022758,-0.0017079073767509723
Buzimba,2013-05-01,2013-11-01,6,0.412,0.41531113,0.003311127901077293
Buzimba,2013-06-01,2013-12-01,6,0.4703225806451613,0.492804,0.022481410195750562
Nyakagunda,2019-11-01,2019-12-01,1,0.6229032258064515,0.54454195,-0.07836127081224986
Nyakagunda,2019-12-01,2020-01-01,1,0.6529032258064515,0.5630487,-0.0898545054466493
Nyakagunda,2020-01-01,2020-02-01,1,0.620344827586207,0.55777305,-0.06257177394011937
Nyakagunda,2020-02-01,2020-03-01,1,0.663548387096774,0.5829847,-0.08056370119894685
Nyakagunda,2020-03-01,2020-04-01,1,0.6333333333333334,0.634625,0.0012916843096414388
Nyakagunda,2020-04-01,2020-05-01,1,0.586451612903226,0.5615668,-0.02488478322182952
Nyakagunda,2020-05-01,2020-06-01,1,0.4046666666666664,0.56097883,0.15631216319402086
Nyakagunda,2020-06-01,2020-07-01,1,0.3451612903225806,0.45954987,0.11438858374472594
Nyakagunda,2020-07-01,2020-08-01,1,0.3132258064516129,0.44080353,0.12757772138041834
Nyakagunda,2020-08-01,2020-09-01,1,0.3273333333333332,0.44438,0.11704665199915582
Nyakagunda,2020-09-01,2020-10-01,1,0.3290322580645163,0.4106189,0.08158664318823028
Nyakagunda,2020-10-01,2020-11-01,1,0.3856666666666667,0.42867824,0.043011577685673985
Nyakagunda,2020-11-01,2020-12-01,1,0.453225806451613,0.50214076,0.04891495397013995
Nyakagunda,2020-12-01,2021-01-01,1,0.6190322580645161,0.50253594,-0.11649631884790235
Nyakagunda,2021-01-01,2021-02-01,1,0.6857142857142858,0.515191,-0.17052326713289545
Nyakagunda,2021-02-01,2021-03-01,1,0.7735483870967743,0.5884657,-0.18508269648398135
Nyakagunda,2021-03-01,2021-04-01,1,0.7619999999999999,0.62528867,-0.13671133470535268
Nyakagunda,2021-04-01,2021-05-01,1,0.6612903225806449,0.635023,-0.02626732472450477
Nyakagunda,2021-05-01,2021-06-01,1,0.3676666666666666,0.51971424,0.15204756959279386
Nyakagunda,2021-06-01,2021-07-01,1,0.3312903225806452,0.38237858,0.05108825560538993
Nyakagunda,2021-07-01,2021-08-01,1,0.3245161290322582,0.34420905,0.01969291613947949
Nyakagunda,2021-08-01,2021-09-01,1,0.3033333333333333,0.35285234,0.049519011179606165
Nyakagunda,2021-09-01,2021-10-01,1,0.3093548387096774,0.38787898,0.07852414550319797
Nyakagunda,2021-10-01,2021-11-01,1,0.3796666666666667,0.4082373,0.02857064159711198
Nyakagunda,2021-11-01,2021-12-01,1,0.3896774193548387,0.3953141,0.005636678049641297
Nyakagunda,2021-12-01,2022-01-01,1,0.332258064516129,0.4989032,0.16664512061303666
Nyakagunda,2022-01-01,2022-02-01,1,0.4792857142857143,0.5314529,0.052167179925101115
Nyakagunda,2022-02-01,2022-03-01,1,0.4538709677419354,0.56738544,0.1135144673624347
Nyakagunda,2022-03-01,2022-04-01,1,0.528,0.58069557,0.05269556951522825
Nyakagunda,2022-04-01,2022-05-01,1,0.5806451612903226,0.56801915,-0.01262600960270055
Nyakagunda,2022-05-01,2022-06-01,1,0.4249999999999997,0.49636889,0.07136888504028349
Nyakagunda,2022-06-01,2022-07-01,1,0.3277419354838711,0.41792437,0.09018243885809363
Nyakagunda,2022-07-01,2022-08-01,1,0.3170967741935483,0.42110097,0.10400419988939846
Nyakagunda,2022-08-01,2022-09-01,1,0.3083333333333333,0.354641,0.04630765716234847
Nyakagunda,2022-09-01,2022-10-01,1,0.317741935483871,0.34050548,0.022763545282425413
Nyakagunda,2022-10-01,2022-11-01,1,0.3829999999999999,0.38127458,-0.001725419044494525
Nyakagunda,2022-11-01,2022-12-01,1,0.397741935483871,0.40411046,0.006368525989593976
Nyakagunda,2022-12-01,2023-01-01,1,0.5280645161290323,0.44389254,-0.0841719775815164
Nyakagunda,2023-01-01,2023-02-01,1,0.5935714285714285,0.49083734,-0.10273409298488068
Nyakagunda,2023-02-01,2023-03-01,1,0.5412903225806454,0.6129072,0.07161684866874429
Nyakagunda,2023-03-01,2023-04-01,1,0.6363333333333335,0.5950847,-0.041248606522878206
Nyakagunda,2023-04-01,2023-05-01,1,0.5332258064516131,0.609587,0.07636120726985296
Nyakagunda,2023-05-01,2023-06-01,1,0.3926666666666666,0.4676278,0.07496112688382472
Nyakagunda,2023-06-01,2023-07-01,1,0.3493548387096775,0.4342949,0.08494007052913782
Nyakagunda,2023-07-01,2023-08-01,1,0.3290322580645162,0.39732805,0.06829579087995707
Nyakagunda,2023-08-01,2023-09-01,1,0.3473333333333332,0.3434438,-0.003889522393544398
Nyakagunda,2023-09-01,2023-10-01,1,0.4525806451612904,0.35782295,-0.09475769050659677
Nyakagunda,2023-10-01,2023-11-01,1,0.5563333333333332,0.44496426,-0.11136907347043346
Nyakagunda,2023-11-01,2023-12-01,1,0.5200000000000001,0.51954335,-0.0004566502571107245
Nyakagunda,2023-12-01,2024-01-01,1,0.676774193548387,0.47992787,-0.19684632589740125
Nyakagunda,2024-01-01,2024-02-01,1,0.6672413793103448,0.556636,-0.11060540347263725
Nyakagunda,2024-02-01,2024-03-01,1,0.5858064516129032,0.58755374,0.0017472879348262582
Nyakagunda,2024-03-01,2024-04-01,1,0.662,0.6464947,-0.01550531339645389
Nyakagunda,2024-04-01,2024-05-01,1,0.6903225806451615,0.56290895,-0.12741363317735754
Nyakagunda,2024-05-01,2024-06-01,1,0.5016666666666668,0.44877717,-0.0528894976774853
Nyakagunda,2024-06-01,2024-07-01,1,0.4583870967741933,0.4452899,-0.013097186934563187
Nyakagunda,2024-07-01,2024-08-01,1,0.4130000000000001,0.4343859,0.021385895729064852
Nyakagunda,2024-08-01,2024-09-01,1,0.422,0.43901995,0.017019948244094862
Nyakagunda,2024-09-01,2024-10-01,1,0.4687096774193549,0.46886998,0.00016030673057798595
Nyakagunda,2024-10-01,2024-11-01,1,0.6406666666666667,0.49820372,-0.14246294204394028
Nyakagunda,2024-11-01,2024-12-01,1,0.6903225806451612,0.55858296,-0.1317396190858655
Nyakagunda,2019-11-01,2020-02-01,3,0.620344827586207,0.5177846,-0.10256023209670506
Nyakagunda,2019-12-01,2020-03-01,3,0.663548387096774,0.53944665,-0.1241017351611966
Nyakagunda,2020-01-01,2020-04-01,3,0.6333333333333334,0.5678604,-0.06547290881474821
Nyakagunda,2020-02-01,2020-05-01,3,0.586451612903226,0.55484176,-0.031609856082547294
Nyakagunda,2020-03-01,2020-06-01,3,0.4046666666666664,0.5260769,0.12141024621327745
Nyakagunda,2020-04-01,2020-07-01,3,0.3451612903225806,0.48769113,0.14252984389182066
Nyakagunda,2020-05-01,2020-08-01,3,0.3132258064516129,0.50047505,0.18724924256724695
Nyakagunda,2020-06-01,2020-09-01,3,0.3273333333333332,0.49934164,0.17200830356280022
Nyakagunda,2020-07-01,2020-10-01,3,0.3290322580645163,0.50679797,0.17776571127676177
Nyakagunda,2020-08-01,2020-11-01,3,0.3856666666666667,0.54714787,0.16148120339711503
Nyakagunda,2020-09-01,2020-12-01,3,0.453225806451613,0.604461,0.1512352078191695
Nyakagunda,2020-10-01,2021-01-01,3,0.6190322580645161,0.5803883,-0.038643950493104984
Nyakagunda,2020-11-01,2021-02-01,3,0.6857142857142858,0.53986865,-0.14584563289369867
Nyakagunda,2020-12-01,2021-03-01,3,0.7735483870967743,0.5185606,-0.25498779873694155
Nyakagunda,2021-01-01,2021-04-01,3,0.7619999999999999,0.5208261,-0.2411738986968993
Nyakagunda,2021-02-01,2021-05-01,3,0.6612903225806449,0.50128514,-0.1600051868346427
Nyakagunda,2021-03-01,2021-06-01,3,0.3676666666666666,0.45827147,0.09060480697949735
Nyakagunda,2021-04-01,2021-07-01,3,0.3312903225806452,0.4331092,0.10181887145965324
Nyakagunda,2021-05-01,2021-08-01,3,0.3245161290322582,0.36874065,0.04422451899897656
Nyakagunda,2021-06-01,2021-09-01,3,0.3033333333333333,0.3841334,0.08080006519953414
Nyakagunda,2021-07-01,2021-10-01,3,0.3093548387096774,0.43167123,0.12231639327541477
Nyakagunda,2021-08-01,2021-11-01,3,0.3796666666666667,0.44000044,0.06033377798398332
Nyakagunda,2021-09-01,2021-12-01,3,0.3896774193548387,0.5524999,0.16282247097261493
Nyakagunda,2021-10-01,2022-01-01,3,0.332258064516129,0.5968469,0.264588814012466
Nyakagunda,2021-11-01,2022-02-01,3,0.4792857142857143,0.6291498,0.14986408029283793
Nyakagunda,2021-12-01,2022-03-01,3,0.4538709677419354,0.66802174,0.2141507707872699
Nyakagunda,2022-01-01,2022-04-01,3,0.528,0.651594,0.12359398317337034
Nyakagunda,2022-02-01,2022-05-01,3,0.5806451612903226,0.58489025,0.004245085100973767
Nyakagunda,2022-03-01,2022-06-01,3,0.4249999999999997,0.5121113,0.08711130619049101
Nyakagunda,2022-04-01,2022-07-01,3,0.3277419354838711,0.4889677,0.1612257514076847
Nyakagunda,2022-05-01,2022-08-01,3,0.3170967741935483,0.4605911,0.1434943334133395
Nyakagunda,2022-06-01,2022-09-01,3,0.3083333333333333,0.45140383,0.14307049314181014
Nyakagunda,2022-07-01,2022-10-01,3,0.317741935483871,0.45041344,0.13267150021368457
Nyakagunda,2022-08-01,2022-11-01,3,0.3829999999999999,0.4293726,0.046372608661651715
Nyakagunda,2022-09-01,2022-12-01,3,0.397741935483871,0.41398907,0.01624713159376573
Nyakagunda,2022-10-01,2023-01-01,3,0.5280645161290323,0.3847768,-0.14328771525813688
Nyakagunda,2022-11-01,2023-02-01,3,0.5935714285714285,0.48915341,-0.10441801360675262
Nyakagunda,2022-12-01,2023-03-01,3,0.5412903225806454,0.51179683,-0.029493490495989594
Nyakagunda,2023-01-01,2023-04-01,3,0.6363333333333335,0.563187,-0.07314633019765238
Nyakagunda,2023-02-01,2023-05-01,3,0.5332258064516131,0.57478315,0.04155733992976507
Nyakagunda,2023-03-01,2023-06-01,3,0.3926666666666666,0.4495944,0.05692774160703029
Nyakagunda,2023-04-01,2023-07-01,3,0.3493548387096775,0.40408355,0.05472871126667139
Nyakagunda,2023-05-01,2023-08-01,3,0.3290322580645162,0.4035609,0.07452864858411967
Nyakagunda,2023-06-01,2023-09-01,3,0.3473333333333332,0.4171149,0.06978158013025931
Nyakagunda,2023-07-01,2023-10-01,3,0.4525806451612904,0.4135232,-0.03905744798721811
Nyakagunda,2023-08-01,2023-11-01,3,0.5563333333333332,0.44038588,-0.11594745524724315
Nyakagunda,2023-09-01,2023-12-01,3,0.5200000000000001,0.4278841,-0.09211589813232435
Nyakagunda,2023-10-01,2024-01-01,3,0.676774193548387,0.46728635,-0.20948784520549146
Nyakagunda,2023-11-01,2024-02-01,3,0.6672413793103448,0.52700907,-0.1402323093907586
Nyakagunda,2023-12-01,2024-03-01,3,0.5858064516129032,0.53494644,-0.05086000996251261
Nyakagunda,2024-01-01,2024-04-01,3,0.662,0.5271869,-0.13481312942504886
Nyakagunda,2024-02-01,2024-05-01,3,0.6903225806451615,0.52024055,-0.17008203537233435
Nyakagunda,2024-03-01,2024-06-01,3,0.5016666666666668,0.4468979,-0.05476877252260859
Nyakagunda,2024-04-01,2024-07-01,3,0.4583870967741933,0.4144248,-0.0439622899409261
Nyakagunda,2024-05-01,2024-08-01,3,0.4130000000000001,0.40296233,-0.010037672996521085
Nyakagunda,2024-06-01,2024-09-01,3,0.422,0.43997824,0.017978241920471205
Nyakagunda,2024-07-01,2024-10-01,3,0.4687096774193549,0.4338988,-0.034810870847394426
Nyakagunda,2024-08-01,2024-11-01,3,0.6406666666666667,0.5003162,-0.14035046402613327
Nyakagunda,2024-09-01,2024-12-01,3,0.6903225806451612,0.5470303,-0.1432922509408765
Nyakagunda,2019-11-01,2020-05-01,6,0.586451612903226,0.5553511,-0.03110053439294158
Nyakagunda,2019-12-01,2020-06-01,6,0.4046666666666664,0.5348848,0.13021814378102647
Nyakagunda,2020-01-01,2020-07-01,6,0.3451612903225806,0.49384496,0.1486836658370111
Nyakagunda,2020-02-01,2020-08-01,6,0.3132258064516129,0.4724895,0.15926369955462794
Nyakagunda,2020-03-01,2020-09-01,6,0.3273333333333332,0.49177265,0.16443931833903008
Nyakagunda,2020-04-01,2020-10-01,6,0.3290322580645163,0.5206373,0.19160501572393585
Nyakagunda,2020-05-01,2020-11-01,6,0.3856666666666667,0.53171724,0.14605057414372757
Nyakagunda,2020-06-01,2020-12-01,6,0.453225806451613,0.55317473,0.09994892766398761
Nyakagunda,2020-07-01,2021-01-01,6,0.6190322580645161,0.57424045,-0.044791811973817874
Nyakagunda,2020-08-01,2021-02-01,6,0.6857142857142858,0.5730668,-0.1126475146838598
Nyakagunda,2020-09-01,2021-03-01,6,0.7735483870967743,0.5842548,-0.18929358582342837
Nyakagunda,2020-10-01,2021-04-01,6,0.7619999999999999,0.5684382,-0.19356182765960683
Nyakagunda,2020-11-01,2021-05-01,6,0.6612903225806449,0.51168287,-0.1496074545767997
Nyakagunda,2020-12-01,2021-06-01,6,0.3676666666666666,0.43153274,0.06386607392628996
Nyakagunda,2021-01-01,2021-07-01,6,0.3312903225806452,0.4244089,0.09311859007804618
Nyakagunda,2021-02-01,2021-08-01,6,0.3245161290322582,0.431819,0.10730286286723217
Nyakagunda,2021-03-01,2021-09-01,6,0.3033333333333333,0.44273645,0.1394031135241191
Nyakagunda,2021-04-01,2021-10-01,6,0.3093548387096774,0.39888805,0.08953321280017978
Nyakagunda,2021-05-01,2021-11-01,6,0.3796666666666667,0.44599771,0.06633104832967118
Nyakagunda,2021-06-01,2021-12-01,6,0.3896774193548387,0.49216715,0.10248972565897052
Nyakagunda,2021-07-01,2022-01-01,6,0.332258064516129,0.60749024,0.2752321770114284
Nyakagunda,2021-08-01,2022-02-01,6,0.4792857142857143,0.6628637,0.18357795749391825
Nyakagunda,2021-09-01,2022-03-01,6,0.4538709677419354,0.68507254,0.23120157349494203
Nyakagunda,2021-10-01,2022-04-01,6,0.528,0.6906155,0.16261547517776487
Nyakagunda,2021-11-01,2022-05-01,6,0.5806451612903226,0.67340773,0.09276257215007655
Nyakagunda,2021-12-01,2022-06-01,6,0.4249999999999997,0.46987134,0.04487134218215971
Nyakagunda,2022-01-01,2022-07-01,6,0.3277419354838711,0.38604245,0.058300510414184936
Nyakagunda,2022-02-01,2022-08-01,6,0.3170967741935483,0.42580253,0.1087057546646365
Nyakagunda,2022-03-01,2022-09-01,6,0.3083333333333333,0.38723785,0.07890451351801558
Nyakagunda,2022-04-01,2022-10-01,6,0.317741935483871,0.3894958,0.07175385452085925
Nyakagunda,2022-05-01,2022-11-01,6,0.3829999999999999,0.42354012,0.040540115356445416
Nyakagunda,2022-06-01,2022-12-01,6,0.397741935483871,0.46893322,0.07119128919416856
Nyakagunda,2022-07-01,2023-01-01,6,0.5280645161290323,0.448415,-0.07964950496150602
Nyakagunda,2022-08-01,2023-02-01,6,0.5935714285714285,0.5301451,-0.06342631987162994
Nyakagunda,2022-09-01,2023-03-01,6,0.5412903225806454,0.5564207,0.015130361280133453
Nyakagunda,2022-10-01,2023-04-01,6,0.6363333333333335,0.55181104,-0.0845222938855491
Nyakagunda,2022-11-01,2023-05-01,6,0.5332258064516131,0.56743157,0.034205762647813165
Nyakagunda,2022-12-01,2023-06-01,6,0.3926666666666666,0.4318291,0.03916242822011318
Nyakagunda,2023-01-01,2023-07-01,6,0.3493548387096775,0.40567547,0.056320632119332525
Nyakagunda,2023-02-01,2023-08-01,6,0.3290322580645162,0.40889552,0.07986326429151713
Nyakagunda,2023-03-01,2023-09-01,6,0.3473333333333332,0.40955618,0.06222284690539054
Nyakagunda,2023-04-01,2023-10-01,6,0.4525806451612904,0.41166648,-0.040914162474293914
Nyakagunda,2023-05-01,2023-11-01,6,0.5563333333333332,0.46331194,-0.09302139290173839
Nyakagunda,2023-06-01,2023-12-01,6,0.5200000000000001,0.5167072,-0.0032928180694581366
Nyakagunda,2023-07-01,2024-01-01,6,0.676774193548387,0.5313043,-0.1454698937169966
Nyakagunda,2023-08-01,2024-02-01,6,0.6672413793103448,0.5248432,-0.14239816336796196
Nyakagunda,2023-09-01,2024-03-01,6,0.5858064516129032,0.55588573,-0.029920719438983556
Nyakagunda,2023-10-01,2024-04-01,6,0.662,0.56789404,-0.09410595846176151
Nyakagunda,2023-11-01,2024-05-01,6,0.6903225806451615,0.5131593,-0.17716330559022986
Nyakagunda,2023-12-01,2024-06-01,6,0.5016666666666668,0.43705422,-0.06461244980494196
Nyakagunda,2024-01-01,2024-07-01,6,0.4583870967741933,0.4186877,-0.03969939554891255
Nyakagunda,2024-02-01,2024-08-01,6,0.4130000000000001,0.4159221,0.002922105312347323
Nyakagunda,2024-03-01,2024-09-01,6,0.422,0.43919107,0.01719107317924501
Nyakagunda,2024-04-01,2024-10-01,6,0.4687096774193549,0.42112255,-0.04758712645499941
Nyakagunda,2024-05-01,2024-11-01,6,0.6406666666666667,0.45571393,-0.18495273892084763
Nyakagunda,2024-06-01,2024-12-01,6,0.6903225806451612,0.46056354,-0.22975904018648197
Mpanda,2019-09-01,2019-10-01,1,1.6709677419354831,1.5377645,-0.13320319268011205
Mpanda,2019-10-01,2019-11-01,1,1.650666666666667,1.6196063,-0.031060410181681597
Mpanda,2019-11-01,2019-12-01,1,1.6854838709677418,1.5822133,-0.10327058838259773
Mpanda,2019-12-01,2020-01-01,1,1.6222580645161293,1.6322229,0.00996482633775253
Mpanda,2020-01-01,2020-02-01,1,1.6044827586206902,1.590622,-0.01386081037850273
Mpanda,2020-02-01,2020-03-01,1,1.6358064516129032,1.5172143,-0.11859215336461215
Mpanda,2020-03-01,2020-04-01,1,1.6499999999999997,1.6496031,-0.0003968715667721501
Mpanda,2020-04-01,2020-05-01,1,1.5141935483870974,1.5757965,0.06160293656010718
Mpanda,2020-05-01,2020-06-01,1,1.4546666666666668,1.439726,-0.014940671602885036
Mpanda,2020-06-01,2020-07-01,1,1.450322580645161,1.4655567,0.01523416011564227
Mpanda,2020-07-01,2020-08-01,1,1.451290322580645,1.4401958,-0.011094523706743686
Mpanda,2020-08-01,2020-09-01,1,1.4113333333333338,1.4740145,0.06268118731180783
Mpanda,2020-09-01,2020-10-01,1,1.4370967741935488,1.5430342,0.10593742170641463
Mpanda,2020-10-01,2020-11-01,1,1.529666666666667,1.6143534,0.08468675168355277
Mpanda,2020-11-01,2020-12-01,1,1.4790322580645157,1.5992603,0.12022807213567965
Mpanda,2020-12-01,2021-01-01,1,1.5848387096774192,1.5196353,-0.06520338996764141
Mpanda,2021-01-01,2021-02-01,1,1.580357142857143,1.525896,-0.054461189678737254
Mpanda,2021-02-01,2021-03-01,1,1.65,1.5850985,-0.06490149497985831
Mpanda,2021-03-01,2021-04-01,1,1.658333333333333,1.5176703,-0.14066305955251024
Mpanda,2021-04-01,2021-05-01,1,1.5035897493362427,1.5072782,0.0036884546279907227
Mpanda,2021-05-01,2021-06-01,1,1.361020565032959,1.4710089,0.10998833179473877
Mpanda,2021-06-01,2021-07-01,1,1.3596856594085693,1.4124459,0.05276024341583252
Mpanda,2021-07-01,2021-08-01,1,1.4683459997177124,1.3971565,-0.0711895227432251
Mpanda,2021-08-01,2021-09-01,1,1.493796944618225,1.4534326,-0.04036438465118408
Mpanda,2021-09-01,2021-10-01,1,1.5254141092300415,1.524394,-0.0010200738906860352
Mpanda,2021-10-01,2021-11-01,1,1.4868360757827759,1.5353845,0.04854846000671387
Mpanda,2021-11-01,2021-12-01,1,1.4855754375457764,1.4849101,-0.0006653070449829102
Mpanda,2021-12-01,2022-01-01,1,1.4488765001296997,1.5338852,0.08500874042510986
Mpanda,2022-01-01,2022-02-01,1,1.4894429445266724,1.5075833,0.018140316009521484
Mpanda,2022-02-01,2022-03-01,1,1.4170745611190796,1.5299206,0.1128460168838501
Mpanda,2022-03-01,2022-04-01,1,1.4144408702850342,1.5011624,0.08672153949737549
Mpanda,2022-04-01,2022-05-01,1,1.371171236038208,1.435852,0.06468081474304199
Mpanda,2022-05-01,2022-06-01,1,1.240830659866333,1.380874,0.14004337787628174
Mpanda,2022-06-01,2022-07-01,1,1.243229866027832,1.3308063,0.08757638931274414
Mpanda,2022-07-01,2022-08-01,1,1.3258564472198486,1.3038164,-0.02204000949859619
Mpanda,2022-08-01,2022-09-01,1,1.3374297618865967,1.333406,-0.00402379035949707
Mpanda,2022-09-01,2022-10-01,1,1.2843539714813232,1.3861256,0.10177159309387207
Mpanda,2022-10-01,2022-11-01,1,1.2741572856903076,1.3991252,0.12496793270111084
Mpanda,2022-11-01,2022-12-01,1,1.1606451612903224,1.407774,0.24712881026729483
Mpanda,2022-12-01,2023-01-01,1,1.0161290322580645,1.2872517,0.27112267863365913
Mpanda,2023-01-01,2023-02-01,1,1.0564285714285713,1.1957693,0.13934073856898732
Mpanda,2023-02-01,2023-03-01,1,1.0935483870967742,1.273318,0.17976966519509596
Mpanda,2023-03-01,2023-04-01,1,1.2519999999999998,1.1542636,-0.09773638439178445
Mpanda,2023-04-01,2023-05-01,1,1.4561290322580642,1.1145449,-0.34158416378882595
Mpanda,2023-05-01,2023-06-01,1,1.397,1.1355588,-0.2614411563873291
Mpanda,2023-06-01,2023-07-01,1,0.7386666666666668,1.096535,0.35786830075581855
Mpanda,2023-07-01,2023-08-01,1,0.9387096774193548,1.0233701,0.08466046933204896
Mpanda,2023-08-01,2023-09-01,1,1.321,1.0813234,-0.2396766147613525
Mpanda,2023-09-01,2023-10-01,1,1.4764516129032257,1.1839881,-0.2924635185733917
Mpanda,2023-10-01,2023-11-01,1,1.600333333333333,1.1854699,-0.41486346753438275
Mpanda,2023-11-01,2023-12-01,1,1.801935483870968,1.5667285,-0.23520701116131226
Mpanda,2023-12-01,2024-01-01,1,1.615,1.4847552,-0.13024484157562255
Mpanda,2024-01-01,2024-02-01,1,1.5627586206896549,1.3850055,-0.1777531465990787
Mpanda,2024-02-01,2024-03-01,1,1.6435483870967742,1.5186423,-0.12490608076895438
Mpanda,2024-03-01,2024-04-01,1,1.7229999999999996,1.5101385,-0.2128614883422848
Mpanda,2024-04-01,2024-05-01,1,1.413225806451613,1.5912853,0.1780595414869246
Mpanda,2024-05-01,2024-06-01,1,1.0586666666666666,1.4638367,0.40517000325520836
Mpanda,2024-06-01,2024-07-01,1,0.9783870967741932,1.281395,0.30300786172190053
Mpanda,2024-07-01,2024-08-01,1,0.7574193548387096,1.2268766,0.4694572616392567
Mpanda,2024-08-01,2024-09-01,1,0.924,1.1519319,0.227931881904602
Mpanda,2024-09-01,2024-10-01,1,0.7777419354838709,1.211311,0.43356904722029166
Mpanda,2019-09-01,2019-12-01,3,1.6854838709677418,1.5717101,-0.11377376125704841
Mpanda,2019-10-01,2020-01-01,3,1.6222580645161293,1.5571824,-0.065075633295121
Mpanda,2019-11-01,2020-02-01,3,1.6044827586206902,1.5145037,-0.08997904119820488
Mpanda,2019-12-01,2020-03-01,3,1.6358064516129032,1.4852748,-0.15053165989537387
Mpanda,2020-01-01,2020-04-01,3,1.6499999999999997,1.4569288,-0.1930711507797238
Mpanda,2020-02-01,2020-05-01,3,1.5141935483870974,1.4602107,-0.05398286742548852
Mpanda,2020-03-01,2020-06-01,3,1.4546666666666668,1.4405284,-0.014138273874918728
Mpanda,2020-04-01,2020-07-01,3,1.450322580645161,1.4539483,0.003625678708476743
Mpanda,2020-05-01,2020-08-01,3,1.451290322580645,1.5168294,0.06553904887168649
Mpanda,2020-06-01,2020-09-01,3,1.4113333333333338,1.5257863,0.11445294729868527
Mpanda,2020-07-01,2020-10-01,3,1.4370967741935488,1.5654571,0.12836033144304793
Mpanda,2020-08-01,2020-11-01,3,1.529666666666667,1.5762631,0.046596403439839396
Mpanda,2020-09-01,2020-12-01,3,1.4790322580645157,1.6290896,0.15005733582281344
Mpanda,2020-10-01,2021-01-01,3,1.5848387096774192,1.56861,-0.016228756750783502
Mpanda,2020-11-01,2021-02-01,3,1.580357142857143,1.5661095,-0.01424760477883491
Mpanda,2020-12-01,2021-03-01,3,1.65,1.6112783,-0.03872170448303214
Mpanda,2021-01-01,2021-04-01,3,1.658333333333333,1.6084738,-0.0498595555623369
Mpanda,2021-02-01,2021-05-01,3,1.5035897493362427,1.5058619,0.0022721290588378906
Mpanda,2021-03-01,2021-06-01,3,1.361020565032959,1.4581445,0.09712398052215576
Mpanda,2021-04-01,2021-07-01,3,1.3596856594085693,1.437671,0.07798528671264648
Mpanda,2021-05-01,2021-08-01,3,1.4683459997177124,1.4675689,-0.000777125358581543
Mpanda,2021-06-01,2021-09-01,3,1.493796944618225,1.4644045,-0.029392480850219727
Mpanda,2021-07-01,2021-10-01,3,1.5254141092300415,1.5308079,0.0053937435150146484
Mpanda,2021-08-01,2021-11-01,3,1.4868360757827759,1.5763177,0.08948159217834473
Mpanda,2021-09-01,2021-12-01,3,1.4855754375457764,1.582408,0.0968325138092041
Mpanda,2021-10-01,2022-01-01,3,1.4488765001296997,1.541214,0.09233748912811279
Mpanda,2021-11-01,2022-02-01,3,1.4894429445266724,1.5117822,0.022339224815368652
Mpanda,2021-12-01,2022-03-01,3,1.4170745611190796,1.4972669,0.08019232749938965
Mpanda,2022-01-01,2022-04-01,3,1.4144408702850342,1.5440124,0.1295715570449829
Mpanda,2022-02-01,2022-05-01,3,1.371171236038208,1.533638,0.16246676445007324
Mpanda,2022-03-01,2022-06-01,3,1.240830659866333,1.46043,0.21959936618804932
Mpanda,2022-04-01,2022-07-01,3,1.243229866027832,1.4399351,0.19670522212982178
Mpanda,2022-05-01,2022-08-01,3,1.3258564472198486,1.4437655,0.11790907382965088
Mpanda,2022-06-01,2022-09-01,3,1.3374297618865967,1.4310541,0.09362435340881348
Mpanda,2022-07-01,2022-10-01,3,1.2843539714813232,1.482168,0.1978139877319336
Mpanda,2022-08-01,2022-11-01,3,1.2741572856903076,1.4583464,0.1841890811920166
Mpanda,2022-09-01,2022-12-01,3,1.1606451612903224,1.4646837,0.30403849063381094
Mpanda,2022-10-01,2023-01-01,3,1.0161290322580645,1.4228604,0.40673135172936226
Mpanda,2022-11-01,2023-02-01,3,1.0564285714285713,1.4103109,0.3538822930199761
Mpanda,2022-12-01,2023-03-01,3,1.0935483870967742,1.4285933,0.3350448908344392
Mpanda,2023-01-01,2023-04-01,3,1.2519999999999998,1.4884987,0.23649868774414085
Mpanda,2023-02-01,2023-05-01,3,1.4561290322580642,1.2644056,-0.19172342408087917
Mpanda,2023-03-01,2023-06-01,3,1.397,1.0870352,-0.3099648208618164
Mpanda,2023-04-01,2023-07-01,3,0.7386666666666668,0.8564624,0.11779575236638373
Mpanda,2023-05-01,2023-08-01,3,0.9387096774193548,1.20864,0.26993030194313294
Mpanda,2023-06-01,2023-09-01,3,1.321,1.1400338,-0.18096615886688228
Mpanda,2023-07-01,2023-10-01,3,1.4764516129032257,1.2400576,-0.2363940252796295
Mpanda,2023-08-01,2023-11-01,3,1.600333333333333,1.259075,-0.3412582877477006
Mpanda,2023-09-01,2023-12-01,3,1.801935483870968,1.2381351,-0.5638003844599573
Mpanda,2023-10-01,2024-01-01,3,1.615,1.1318247,-0.48317526817321776
Mpanda,2023-11-01,2024-02-01,3,1.5627586206896549,1.4398843,-0.1228743156893497
Mpanda,2023-12-01,2024-03-01,3,1.6435483870967742,1.4014363,-0.24211205820883475
Mpanda,2024-01-01,2024-04-01,3,1.7229999999999996,1.3244998,-0.3985001544952389
Mpanda,2024-02-01,2024-05-01,3,1.413225806451613,1.3520837,-0.06114212343769698
Mpanda,2024-03-01,2024-06-01,3,1.0586666666666666,1.2727823,0.21411565907796226
Mpanda,2024-04-01,2024-07-01,3,0.9783870967741932,1.3406144,0.3622273412827526
Mpanda,2024-05-01,2024-08-01,3,0.7574193548387096,1.3804277,0.623008363323827
Mpanda,2024-06-01,2024-09-01,3,0.924,1.4171717,0.49317171669006343
Mpanda,2024-07-01,2024-10-01,3,0.7777419354838709,1.3523506,0.5746086571293493
Mpanda,2019-09-01,2020-03-01,6,1.6358064516129032,1.487306,-0.1485004528107181
Mpanda,2019-10-01,2020-04-01,6,1.6499999999999997,1.5489792,-0.10102083683013885
Mpanda,2019-11-01,2020-05-01,6,1.5141935483870974,1.5969884,0.08279489117283911
Mpanda,2019-12-01,2020-06-01,6,1.4546666666666668,1.5296676,0.07500094922383616
Mpanda,2020-01-01,2020-07-01,6,1.450322580645161,1.4896897,0.03936712711088153
Mpanda,2020-02-01,2020-08-01,6,1.451290322580645,1.5106804,0.05939011450736764
Mpanda,2020-03-01,2020-09-01,6,1.4113333333333338,1.5105838,0.09925042502085324
Mpanda,2020-04-01,2020-10-01,6,1.4370967741935488,1.5576175,0.1205207709343199
Mpanda,2020-05-01,2020-11-01,6,1.529666666666667,1.5818025,0.0521358207066851
Mpanda,2020-06-01,2020-12-01,6,1.4790322580645157,1.5899541,0.11092187973760836
Mpanda,2020-07-01,2021-01-01,6,1.5848387096774192,1.6226923,0.03785363689545673
Mpanda,2020-08-01,2021-02-01,6,1.580357142857143,1.5867578,0.00640063626425591
Mpanda,2020-09-01,2021-03-01,6,1.65,1.5910797,-0.05892028808593741
Mpanda,2020-10-01,2021-04-01,6,1.658333333333333,1.5858802,-0.07245317300160692
Mpanda,2020-11-01,2021-05-01,6,1.5035897493362427,1.5457492,0.042159438133239746
Mpanda,2020-12-01,2021-06-01,6,1.361020565032959,1.4893323,0.12831175327301025
Mpanda,2021-01-01,2021-07-01,6,1.3596856594085693,1.4112685,0.05158281326293945
Mpanda,2021-02-01,2021-08-01,6,1.4683459997177124,1.5082057,0.039859652519226074
Mpanda,2021-03-01,2021-09-01,6,1.493796944618225,1.5078043,0.014007329940795898
Mpanda,2021-04-01,2021-10-01,6,1.5254141092300415,1.5609417,0.035527586936950684
Mpanda,2021-05-01,2021-11-01,6,1.4868360757827759,1.54872,0.06188392639160156
Mpanda,2021-06-01,2021-12-01,6,1.4855754375457764,1.5963596,0.11078417301177979
Mpanda,2021-07-01,2022-01-01,6,1.4488765001296997,1.5708259,0.12194943428039551
Mpanda,2021-08-01,2022-02-01,6,1.4894429445266724,1.533587,0.04414403438568115
Mpanda,2021-09-01,2022-03-01,6,1.4170745611190796,1.5861104,0.16903579235076904
Mpanda,2021-10-01,2022-04-01,6,1.4144408702850342,1.5650748,0.15063393115997314
Mpanda,2021-11-01,2022-05-01,6,1.371171236038208,1.5178769,0.14670562744140625
Mpanda,2021-12-01,2022-06-01,6,1.240830659866333,1.4216026,0.18077194690704346
Mpanda,2022-01-01,2022-07-01,6,1.243229866027832,1.4020029,0.15877306461334229
Mpanda,2022-02-01,2022-08-01,6,1.3258564472198486,1.4616195,0.1357630491256714
Mpanda,2022-03-01,2022-09-01,6,1.3374297618865967,1.4460716,0.1086418628692627
Mpanda,2022-04-01,2022-10-01,6,1.2843539714813232,1.4066763,0.12232232093811035
Mpanda,2022-05-01,2022-11-01,6,1.2741572856903076,1.4174505,0.14329326152801514
Mpanda,2022-06-01,2022-12-01,6,1.1606451612903224,1.3875538,0.22690864978298086
Mpanda,2022-07-01,2023-01-01,6,1.0161290322580645,1.4554528,0.4393237675389936
Mpanda,2022-08-01,2023-02-01,6,1.0564285714285713,1.4393089,0.3828803103310723
Mpanda,2022-09-01,2023-03-01,6,1.0935483870967742,1.4690868,0.3755383791462068
Mpanda,2022-10-01,2023-04-01,6,1.2519999999999998,1.4863782,0.23437819290161155
Mpanda,2022-11-01,2023-05-01,6,1.4561290322580642,1.4026004,-0.053528624657661394
Mpanda,2022-12-01,2023-06-01,6,1.397,1.2430214,-0.1539786310195923
Mpanda,2023-01-01,2023-07-01,6,0.7386666666666668,1.1335504,0.39488373883565253
Mpanda,2023-02-01,2023-08-01,6,0.9387096774193548,1.0665525,0.12784284237892396
Mpanda,2023-03-01,2023-09-01,6,1.321,1.0327959,-0.2882040939331054
Mpanda,2023-04-01,2023-10-01,6,1.4764516129032257,0.96942556,-0.5070260538593414
Mpanda,2023-05-01,2023-11-01,6,1.600333333333333,1.0751367,-0.5251966718037919
Mpanda,2023-06-01,2023-12-01,6,1.801935483870968,1.1816446,-0.6202909249644128
Mpanda,2023-07-01,2024-01-01,6,1.615,1.148899,-0.4661010408401489
Mpanda,2023-08-01,2024-02-01,6,1.5627586206896549,1.0984869,-0.46427172036006503
Mpanda,2023-09-01,2024-03-01,6,1.6435483870967742,1.2362664,-0.4072820125087615
Mpanda,2023-10-01,2024-04-01,6,1.7229999999999996,1.3403484,-0.3826516370773312
Mpanda,2023-11-01,2024-05-01,6,1.413225806451613,1.4226534,0.009427630209153604
Mpanda,2023-12-01,2024-06-01,6,1.0586666666666666,1.4175464,0.35887972482045494
Mpanda,2024-01-01,2024-07-01,6,0.9783870967741932,1.3371402,0.3587531057480846
Mpanda,2024-02-01,2024-08-01,6,0.7574193548387096,1.3448422,0.5874228406721547
Mpanda,2024-03-01,2024-09-01,6,0.924,1.5753993,0.6513992795944213
Mpanda,2024-04-01,2024-10-01,6,0.7777419354838709,1.5192388,0.741496894128861
