date,lake_level_m,lake_level_n_obs,era5_t2m_C,era5_d2m_C,era5_tp_mm,era5_msl_hPa,era5_u10,era5_v10,era5_wind_speed,river_basse_mulembwe_mutambara_level_m,river_buzimba_gatete_level_m,river_dama_mbuga_level_m,river_jiji_ndago_level_m,river_kaburantwa_mission_level_m,river_mpanda_gatura_level_m,river_mulembwe_mutambara_level_m,river_mutimbuzi_pont_aeroport_level_m,river_nyakagunda_musenyi_level_m,river_nyamagana_murambi_level_m,river_nyengwe_rimbo_level_m,river_rusizi_gatumba_level_m,year,month,month_sin,month_cos,lake_level_m_lag_1,lake_level_m_lag_2,lake_level_m_lag_3,lake_level_m_lag_6,lake_level_m_lag_12,era5_tp_mm_lag_1,era5_tp_mm_lag_2,era5_tp_mm_lag_3,era5_tp_mm_lag_6,era5_tp_mm_lag_12,era5_t2m_C_lag_1,era5_t2m_C_lag_2,era5_t2m_C_lag_3,era5_t2m_C_lag_6,era5_t2m_C_lag_12,river_basse_mulembwe_mutambara_level_m_lag_1,river_basse_mulembwe_mutambara_level_m_lag_2,river_basse_mulembwe_mutambara_level_m_lag_3,river_basse_mulembwe_mutambara_level_m_lag_6,river_basse_mulembwe_mutambara_level_m_lag_12,river_buzimba_gatete_level_m_lag_1,river_buzimba_gatete_level_m_lag_2,river_buzimba_gatete_level_m_lag_3,river_buzimba_gatete_level_m_lag_6,river_buzimba_gatete_level_m_lag_12,river_dama_mbuga_level_m_lag_1,river_dama_mbuga_level_m_lag_2,river_dama_mbuga_level_m_lag_3,river_dama_mbuga_level_m_lag_6,river_dama_mbuga_level_m_lag_12,river_jiji_ndago_level_m_lag_1,river_jiji_ndago_level_m_lag_2,river_jiji_ndago_level_m_lag_3,river_jiji_ndago_level_m_lag_6,river_jiji_ndago_level_m_lag_12,river_kaburantwa_mission_level_m_lag_1,river_kaburantwa_mission_level_m_lag_2,river_kaburantwa_mission_level_m_lag_3,river_kaburantwa_mission_level_m_lag_6,river_kaburantwa_mission_level_m_lag_12,river_mpanda_gatura_level_m_lag_1,river_mpanda_gatura_level_m_lag_2,river_mpanda_gatura_level_m_lag_3,river_mpanda_gatura_level_m_lag_6,river_mpanda_gatura_level_m_lag_12,river_mulembwe_mutambara_level_m_lag_1,river_mulembwe_mutambara_level_m_lag_2,river_mulembwe_mutambara_level_m_lag_3,river_mulembwe_mutambara_level_m_lag_6,river_mulembwe_mutambara_level_m_lag_12,river_mutimbuzi_pont_aeroport_level_m_lag_1,river_mutimbuzi_pont_aeroport_level_m_lag_2,river_mutimbuzi_pont_aeroport_level_m_lag_3,river_mutimbuzi_pont_aeroport_level_m_lag_6,river_mutimbuzi_pont_aeroport_level_m_lag_12,river_nyakagunda_musenyi_level_m_lag_1,river_nyakagunda_musenyi_level_m_lag_2,river_nyakagunda_musenyi_level_m_lag_3,river_nyakagunda_musenyi_level_m_lag_6,river_nyakagunda_musenyi_level_m_lag_12,river_nyamagana_murambi_level_m_lag_1,river_nyamagana_murambi_level_m_lag_2,river_nyamagana_murambi_level_m_lag_3,river_nyamagana_murambi_level_m_lag_6,river_nyamagana_murambi_level_m_lag_12,river_nyengwe_rimbo_level_m_lag_1,river_nyengwe_rimbo_level_m_lag_2,river_nyengwe_rimbo_level_m_lag_3,river_nyengwe_rimbo_level_m_lag_6,river_nyengwe_rimbo_level_m_lag_12,river_rusizi_gatumba_level_m_lag_1,river_rusizi_gatumba_level_m_lag_2,river_rusizi_gatumba_level_m_lag_3,river_rusizi_gatumba_level_m_lag_6,river_rusizi_gatumba_level_m_lag_12,lake_level_m_roll_mean_3,lake_level_m_roll_mean_6,lake_level_m_roll_mean_12,lake_level_m_roll_mean_24,lake_level_m_roll_mean_36,era5_tp_mm_roll_mean_3,era5_tp_mm_roll_mean_6,era5_tp_mm_roll_mean_12,era5_tp_mm_roll_mean_24,era5_tp_mm_roll_mean_36,era5_t2m_C_roll_mean_3,era5_t2m_C_roll_mean_6,era5_t2m_C_roll_mean_12,era5_t2m_C_roll_mean_24,era5_t2m_C_roll_mean_36,era5_d2m_C_roll_mean_3,era5_d2m_C_roll_mean_6,era5_d2m_C_roll_mean_12,era5_d2m_C_roll_mean_24,era5_d2m_C_roll_mean_36,era5_wind_speed_roll_mean_3,era5_wind_speed_roll_mean_6,era5_wind_speed_roll_mean_12,era5_wind_speed_roll_mean_24,era5_wind_speed_roll_mean_36,era5_tp_anom,era5_tp_anom_cumsum_3,era5_tp_anom_cumsum_6,era5_tp_anom_cumsum_12,era5_tp_anom_cumsum_24,era5_tp_anom_cumsum_36,lake_level_m_anom,lake_level_m_zscore
1992-10-01,771.293,1,21.080010332661313,14.75322035450271,266.7320369927625,1012.7766008064516,0.014882486940779566,0.2722658342144338,0.272672281132542,,0.8145161290322582,0.4148387096774193,0.4309677419354838,0.4093333333333333,,0.5419354838709677,,0.3712903225806451,0.3006451612903226,1.3125806451612905,,1992,10,-0.8660254037844386,0.5000000000000001,,,,,,,,,,,,,,,,,,,,,,,,,,,,,,,,,,,,,,,,,,,,,,,,,,,,,,,,,,,,,,,,,,,,,,,,,,,,,,,,,,,,,,,,,,,,,,,,,,,,,29.153503844589864,,,,,,0.23817647058820057,0.2729181601038215
1992-11-01,771.3175,2,20.0246079340278,15.061777083333356,382.431924313025,1012.6961202777777,-0.05986477484614583,0.16772225647208158,0.17808578433852165,,0.8313333333333331,0.4843333333333332,0.5906666666666668,0.3558620689655172,,0.8340000000000001,,0.3936666666666666,0.3323333333333334,1.4428571428571428,1.1,1992,11,-0.5000000000000004,0.8660254037844384,771.293,,,,,266.7320369927625,,,,,21.080010332661313,,,,,,,,,,0.8145161290322582,,,,,0.4148387096774193,,,,,0.4309677419354838,,,,,0.4093333333333333,,,,,,,,,,0.5419354838709677,,,,,,,,,,0.3712903225806451,,,,,0.3006451612903226,,,,,1.3125806451612905,,,,,,,,,,,,,,,,,,,,,,,,,,,,,,,,,,,68.39369852526931,,,,,,0.23655882352943536,0.27072143774687263
1992-12-01,771.5225,2,20.0618546824597,15.766918471102175,341.0319094980775,1013.1075510332662,-0.15935828106392375,0.2509619190240625,0.29728260383663324,,0.8574193548387096,0.5290322580645161,0.7789285714285714,0.4374193548387097,,1.2116129032258067,,0.3996774193548386,0.3135483870967742,1.599354838709678,,1992,12,-2.4492935982947064e-16,1.0,771.3175,771.293,,,,382.431924313025,266.7320369927625,,,,20.0246079340278,21.080010332661313,,,,,,,,,0.8313333333333331,0.8145161290322582,,,,0.4843333333333332,0.4148387096774193,,,,0.5906666666666668,0.4309677419354838,,,,0.3558620689655172,0.4093333333333333,,,,,,,,,0.8340000000000001,0.5419354838709677,,,,,,,,,0.3936666666666666,0.3712903225806451,,,,0.3323333333333334,0.3006451612903226,,,,1.4428571428571428,1.3125806451612905,,,,1.1,,,,,771.30525,,,,,324.5819806528938,,,,,20.552309133344558,,,,,14.907498718918033,,,,,0.22537903273553184,,,,,5.765854932738819,97.54720236985918,,,,,0.30132352941177487,0.34596050054694727
1993-01-01,771.5385,2,20.19837078965056,15.583506881720451,287.82922063624,1013.4772370211693,-0.07955356304012097,0.1777526074279099,0.19474280176632758,,0.8535483870967743,0.5370967741935483,0.9047619047619048,0.5067741935483872,,1.229032258064516,,0.3896774193548386,0.3099999999999999,1.4903225806451614,1.24,1993,1,0.49999999999999994,0.8660254037844387,771.5225,771.3175,771.293,,,341.0319094980775,382.431924313025,266.7320369927625,,,20.0618546824597,20.0246079340278,21.080010332661313,,,,,,,,0.8574193548387096,0.8313333333333331,0.8145161290322582,,,0.5290322580645161,0.4843333333333332,0.4148387096774193,,,0.7789285714285714,0.5906666666666668,0.4309677419354838,,,0.4374193548387097,0.3558620689655172,0.4093333333333333,,,,,,,,1.2116129032258067,0.8340000000000001,0.5419354838709677,,,,,,,,0.3996774193548386,0.3936666666666666,0.3712903225806451,,,0.3135483870967742,0.3323333333333334,0.3006451612903226,,,1.599354838709678,1.4428571428571428,1.3125806451612905,,,,1.1,,,,771.3776666666666,771.3776666666666,,,,330.065290267955,330.065290267955,,,,20.388824316382937,20.388824316382937,,,,15.19397196964608,15.19397196964608,,,,0.24934688976923228,0.24934688976923228,,,,-35.174168729288226,103.313057302598,103.313057302598,,,,0.19023284313732347,0.20965677356078138
1993-02-01,771.4836666666666,3,20.626701069568476,15.877184691220261,263.8588250880725,1012.8786587983631,-0.10557433116753905,0.18634053654426896,0.21416987407448143,,0.9932142857142858,0.6010714285714286,0.9239285714285718,0.5671428571428573,,1.6539285714285712,,0.4289285714285714,0.2977777777777778,1.5542857142857145,1.33,1993,2,0.8660254037844386,0.5000000000000001,771.5385,771.5225,771.3175,,,287.82922063624,341.0319094980775,382.431924313025,,,20.19837078965056,20.0618546824597,20.0246079340278,,,,,,,,0.8535483870967743,0.8574193548387096,0.8313333333333331,,,0.5370967741935483,0.5290322580645161,0.4843333333333332,,,0.9047619047619048,0.7789285714285714,0.5906666666666668,,,0.5067741935483872,0.4374193548387097,0.3558620689655172,,,,,,,,1.229032258064516,1.2116129032258067,0.8340000000000001,,,,,,,,0.3896774193548386,0.3996774193548386,0.3936666666666666,,,0.3099999999999999,0.3135483870967742,0.3323333333333334,,,1.4903225806451614,1.599354838709678,1.4428571428571428,,,1.24,,1.1,,,771.4594999999999,771.417875,,,,337.09768481578084,319.50627286002623,,,,20.094944468712686,20.341210934699845,,,,15.470734145385327,15.291355697664674,,,,0.22337039664716082,0.2356958677685061,,,,2.1921643112601714,38.98538472871991,68.13888857330977,,,,0.05018382352932349,0.05567090772393568
1993-03-01,771.53,1,20.95853299227153,15.427680576276904,297.7942225853875,1013.0267241767473,-0.21387083832085113,0.38193073052114246,0.43773487226913643,,0.8538709677419355,0.573225806451613,0.9303225806451612,0.5954838709677419,,1.6412903225806452,,0.3716129032258066,0.4038709677419356,1.607741935483871,1.35,1993,3,1.0,6.123233995736766e-17,771.4836666666666,771.5385,771.5225,,,263.8588250880725,287.82922063624,341.0319094980775,,,20.626701069568476,20.19837078965056,20.0618546824597,,,,,,,,0.9932142857142858,0.8535483870967743,0.8574193548387096,,,0.6010714285714286,0.5370967741935483,0.5290322580645161,,,0.9239285714285718,0.9047619047619048,0.7789285714285714,,,0.5671428571428573,0.5067741935483872,0.4374193548387097,,,,,,,,1.6539285714285712,1.229032258064516,1.2116129032258067,,,,,,,,0.4289285714285714,0.3896774193548386,0.3996774193548386,,,0.2977777777777778,0.3099999999999999,0.3135483870967742,,,1.5542857142857145,1.4903225806451614,1.599354838709678,,,1.33,1.24,,,,771.5148888888889,771.4310333333333,,,,297.5733184074633,308.3767833056355,,,,20.29564218055958,20.39830896167357,,,,15.74253668134763,15.408521496375789,,,,0.23539842655914742,0.23139066902970118,,,,-18.489839567706326,-27.216149485289236,70.33105288456994,,,,0.03389215686274838,0.03771413805351555
1993-04-01,771.576,2,20.922528269097246,15.887263335069466,343.521356395005,1012.6805312586806,-0.3274588480077951,0.5522146223487343,0.642004895833628,,0.9743333333333332,0.531,0.6970000000000002,0.5510000000000002,,1.1763333333333332,,0.3779999999999999,0.351,1.5406666666666662,1.37,1993,4,0.8660254037844387,-0.4999999999999998,771.53,771.4836666666666,771.5385,771.293,,297.7942225853875,263.8588250880725,287.82922063624,266.7320369927625,,20.95853299227153,20.626701069568476,20.19837078965056,21.080010332661313,,,,,,,0.8538709677419355,0.9932142857142858,0.8535483870967743,0.8145161290322582,,0.573225806451613,0.6010714285714286,0.5370967741935483,0.4148387096774193,,0.9303225806451612,0.9239285714285718,0.9047619047619048,0.4309677419354838,,0.5954838709677419,0.5671428571428573,0.5067741935483872,0.4093333333333333,,,,,,,1.6412903225806452,1.6539285714285712,1.229032258064516,0.5419354838709677,,,,,,,0.3716129032258066,0.4289285714285714,0.3896774193548386,0.3712903225806451,,0.4038709677419356,0.2977777777777778,0.3099999999999999,0.3006451612903226,,1.607741935483871,1.5542857142857145,1.4903225806451614,1.3125806451612905,,1.35,1.33,1.24,,,771.5173888888888,771.4475277777777,771.4475277777777,,,283.1607561032333,306.61302318559416,306.61302318559416,,,20.594534950496854,20.491679633439897,20.491679633439897,,,15.62945738307254,15.41171467635931,15.41171467635931,,,0.2822158493699818,0.265781369569607,0.265781369569607,,,30.84417897725666,-51.47184398573438,51.841213316863616,51.841213316863616,,,-0.08536029411766322,-0.09796025721769468
1993-05-01,771.5886666666667,3,20.97267339213712,16.072911836357548,247.974872543765,1013.426133266129,-0.2341555735671959,0.4501077541750974,0.5073714842215046,,1.2012903225806448,0.6932258064516128,0.8348387096774194,0.6487096774193548,,1.4741935483870974,,0.5029032258064515,0.4877419354838711,1.55,1.67,1993,5,0.49999999999999994,-0.8660254037844387,771.576,771.53,771.4836666666666,771.3175,,343.521356395005,297.7942225853875,263.8588250880725,382.431924313025,,20.922528269097246,20.95853299227153,20.626701069568476,20.0246079340278,,,,,,,0.9743333333333332,0.8538709677419355,0.9932142857142858,0.8313333333333331,,0.531,0.573225806451613,0.6010714285714286,0.4843333333333332,,0.6970000000000002,0.9303225806451612,0.9239285714285718,0.5906666666666668,,0.5510000000000002,0.5954838709677419,0.5671428571428573,0.3558620689655172,,,,,,,1.1763333333333332,1.6412903225806452,1.6539285714285712,0.8340000000000001,,,,,,,0.3779999999999999,0.3716129032258066,0.4289285714285714,0.3936666666666666,,0.351,0.4038709677419356,0.2977777777777778,0.3323333333333334,,1.5406666666666662,1.607741935483871,1.5542857142857145,1.4428571428571428,,1.37,1.35,1.33,1.1,,771.5298888888889,771.4946944444445,771.465880952381,,,301.72480135615496,319.4112430859679,311.88564221551,,,20.835920776979084,20.465432622845885,20.553229438533805,,,15.730709534188877,15.6007218397871,15.47965019903219,,,0.43130321405908195,0.3273368053531214,0.31952758760732436,,,57.68483068306463,14.546503720810506,53.53188844953041,82.68539229412028,,,-0.07792676767678586,-0.09355489634449196
1993-06-01,771.5296666666667,3,20.71172083854169,14.55530386979169,72.9424356296175,1015.26498640625,-0.01408803753539585,0.6803987927208004,0.6805446274400536,,0.9239999999999996,0.4953333333333335,0.5426666666666666,0.4233333333333334,,0.7896666666666666,,0.3920000000000002,0.3959999999999999,1.4053333333333329,1.44,1993,6,1.2246467991473532e-16,-1.0,771.5886666666667,771.576,771.53,771.5225,,247.974872543765,343.521356395005,297.7942225853875,341.0319094980775,,20.97267339213712,20.922528269097246,20.95853299227153,20.0618546824597,,,,,,,1.2012903225806448,0.9743333333333332,0.8538709677419355,0.8574193548387096,,0.6932258064516128,0.531,0.573225806451613,0.5290322580645161,,0.8348387096774194,0.6970000000000002,0.9303225806451612,0.7789285714285714,,0.6487096774193548,0.5510000000000002,0.5954838709677419,0.4374193548387097,,,,,,,1.4741935483870974,1.1763333333333332,1.6412903225806452,1.2116129032258067,,,,,,,0.5029032258064515,0.3779999999999999,0.3716129032258066,0.3996774193548386,,0.4877419354838711,0.351,0.4038709677419356,0.3135483870967742,,1.55,1.5406666666666662,1.607741935483871,1.599354838709678,,1.67,1.37,1.35,,,771.564888888889,771.5398888888889,771.4812291666667,,,296.4301505080525,297.0017344577579,303.8967960065419,,,20.951244884501964,20.62344353253077,20.60565993273422,,,15.795951915901307,15.769244298624466,15.553807903697859,,,0.5290370841080896,0.38221775533361857,0.3430080746840969,,,13.085662321051139,70.03917009261497,42.82302060732573,140.3702229771849,,,-0.04461111111106675,-0.05062059735473431
1993-07-01,771.5345,2,20.608983454301097,12.407193882728517,5.538761626595,1015.3560767893146,-0.0541029283495363,1.0113003839542507,1.0127465593335827,,0.8522580645161288,0.4251612903225806,0.4416129032258065,0.3290000000000001,,0.5119354838709678,,0.3467741935483871,0.2480645161290323,1.366129032258065,1.16,1993,7,-0.4999999999999997,-0.8660254037844388,771.5296666666667,771.5886666666667,771.576,771.5385,,72.9424356296175,247.974872543765,343.521356395005,287.82922063624,,20.71172083854169,20.97267339213712,20.922528269097246,20.19837078965056,,,,,,,0.9239999999999996,1.2012903225806448,0.9743333333333332,0.8535483870967743,,0.4953333333333335,0.6932258064516128,0.531,0.5370967741935483,,0.5426666666666666,0.8348387096774194,0.6970000000000002,0.9047619047619048,,0.4233333333333334,0.6487096774193548,0.5510000000000002,0.5067741935483872,,,,,,,0.7896666666666666,1.4741935483870974,1.1763333333333332,1.229032258064516,,,,,,,0.3920000000000002,0.5029032258064515,0.3779999999999999,0.3896774193548386,,0.3959999999999999,0.4877419354838711,0.351,0.3099999999999999,,1.4053333333333329,1.55,1.5406666666666662,1.4903225806451614,,1.44,1.67,1.37,1.24,,771.5647777777777,771.5410833333332,771.4866111111111,,,221.47955485612917,252.32015547968123,278.23520040910586,,,20.86897416659202,20.731754558544438,20.617444477823938,,,15.505159680406235,15.567308531739386,15.442863011041617,,,0.609973669165062,0.44609475926752196,0.3805121361014254,,,-22.39827854287174,101.61467198137242,50.14282799563805,153.45588529823604,,,0.1508636363636242,0.1679791886903496
1993-08-01,771.357,2,20.98428616263443,13.184598613911312,64.1686914985125,1014.9162177419355,0.07520226471101477,0.7379221766928443,0.7417442412804908,,0.7990322580645167,0.395483870967742,0.384838709677419,0.3087096774193548,,0.3825806451612903,,0.3058064516129032,0.265483870967742,,1.11,1993,8,-0.8660254037844385,-0.5000000000000004,771.5345,771.5296666666667,771.5886666666667,771.4836666666666,,5.538761626595,72.9424356296175,247.974872543765,263.8588250880725,,20.608983454301097,20.71172083854169,20.97267339213712,20.626701069568476,,,,,,,0.8522580645161288,0.9239999999999996,1.2012903225806448,0.9932142857142858,,0.4251612903225806,0.4953333333333335,0.6932258064516128,0.6010714285714286,,0.4416129032258065,0.5426666666666666,0.8348387096774194,0.9239285714285718,,0.3290000000000001,0.4233333333333334,0.6487096774193548,0.5671428571428573,,,,,,,0.5119354838709678,0.7896666666666666,1.4741935483870974,1.6539285714285712,,,,,,,0.3467741935483871,0.3920000000000002,0.5029032258064515,0.4289285714285714,,0.2480645161290323,0.3959999999999999,0.4877419354838711,0.2977777777777778,,1.366129032258065,1.4053333333333329,1.55,1.5542857142857145,,1.16,1.44,1.67,1.33,,771.5509444444446,771.5404166666667,771.4914,,,108.81868993332584,205.27174564474043,250.96555653085474,,,20.76445922832664,20.800190002652858,20.616598375471654,,,14.345136529625918,15.037923031907397,15.139296098210309,,,0.7335542236650469,0.5824287188620644,0.4437355784246411,,,12.914002726681673,48.37221446124403,62.91871818205453,131.0576067553643,,,0.08836868686864818,0.09825402826254823
1993-09-01,771.145,1,22.032303659722245,12.510799786458357,53.369432805235,1013.0621035937501,0.13691152000609969,0.78594076201389,0.7977766891213071,,0.7683333333333338,0.3596666666666666,0.3653333333333332,0.2423333333333334,,0.2396666666666667,,0.2833333333333333,0.217,,1.02,1993,9,-1.0,-1.8369701987210297e-16,771.357,771.5345,771.5296666666667,771.53,,64.1686914985125,5.538761626595,72.9424356296175,297.7942225853875,,20.98428616263443,20.608983454301097,20.71172083854169,20.95853299227153,,,,,,,0.7990322580645167,0.8522580645161288,0.9239999999999996,0.8538709677419355,,0.395483870967742,0.4251612903225806,0.4953333333333335,0.573225806451613,,0.384838709677419,0.4416129032258065,0.5426666666666666,0.9303225806451612,,0.3087096774193548,0.3290000000000001,0.4233333333333334,0.5954838709677419,,,,,,,0.3825806451612903,0.5119354838709678,0.7896666666666666,1.6412903225806452,,,,,,,0.3058064516129032,0.3467741935483871,0.3920000000000002,0.3716129032258066,,0.265483870967742,0.2480645161290323,0.3959999999999999,0.4038709677419356,,,1.366129032258065,1.4053333333333329,1.607741935483871,,1.11,1.16,1.44,1.35,,771.4737222222224,771.5193055555555,771.4791818181819,,,47.54996291824167,171.99005671314708,233.98402334609636,,,20.76833015182574,20.859787518163852,20.650024537940997,,,13.382365455477176,14.589158685689236,14.9615963269104,,,0.8116784760180423,0.6703577800630659,0.4708272750479001,,,-58.48925932374416,3.601386504861072,73.64055659747603,143.97160948204598,,,-0.030593434343472836,-0.03361284942605207
1993-10-01,771.015,1,22.256050996303784,14.093355505712388,178.050309231295,1012.4004379872312,0.11927861030189513,0.5094462568575756,0.523223542572146,,0.7748387096774194,0.3706451612903226,0.3488888888888889,0.2248387096774194,,0.2093548387096774,,,0.2306451612903226,,1.01,1993,10,-0.8660254037844386,0.5000000000000001,771.145,771.357,771.5345,771.576,771.293,53.369432805235,64.1686914985125,5.538761626595,343.521356395005,266.7320369927625,22.032303659722245,20.98428616263443,20.608983454301097,20.922528269097246,21.080010332661313,,,,,,0.7683333333333338,0.7990322580645167,0.8522580645161288,0.9743333333333332,0.8145161290322582,0.3596666666666666,0.395483870967742,0.4251612903225806,0.531,0.4148387096774193,0.3653333333333332,0.384838709677419,0.4416129032258065,0.6970000000000002,0.4309677419354838,0.2423333333333334,0.3087096774193548,0.3290000000000001,0.5510000000000002,0.4093333333333333,,,,,,0.2396666666666667,0.3825806451612903,0.5119354838709678,1.1763333333333332,0.5419354838709677,,,,,,0.2833333333333333,0.3058064516129032,0.3467741935483871,0.3779999999999999,0.3712903225806451,0.217,0.265483870967742,0.2480645161290323,0.351,0.3006451612903226,,,1.366129032258065,1.5406666666666662,1.3125806451612905,1.02,1.11,1.16,1.37,,771.3455,771.4551388888889,771.4513333333333,771.4513333333333,,41.025628643447504,131.25259174978834,218.93280746769122,218.93280746769122,,21.208524425552593,21.038749296072307,20.765214464756102,20.765214464756102,,12.700864094366063,14.103011887386147,14.757363281872728,14.757363281872728,,0.8507558299117935,0.7303647495384279,0.4980730595540174,0.4980730595540174,,-59.528223916877664,-67.97353513993423,33.64113684143821,85.48235015830183,85.48235015830183,,-0.039823529411819436,-0.04563240167709757
1993-11-01,770.984,1,20.967442828125023,15.473171845486133,303.4748431647375,1011.98566765625,-0.05105311056934724,0.3095145860092465,0.3136968266515956,,0.856,0.4770000000000001,0.4740000000000002,0.311,,0.5603333333333332,,,0.241,,1.03,1993,11,-0.5000000000000004,0.8660254037844384,771.015,771.145,771.357,771.5886666666667,771.3175,178.050309231295,53.369432805235,64.1686914985125,247.974872543765,382.431924313025,22.256050996303784,22.032303659722245,20.98428616263443,20.97267339213712,20.0246079340278,,,,,,0.7748387096774194,0.7683333333333338,0.7990322580645167,1.2012903225806448,0.8313333333333331,0.3706451612903226,0.3596666666666666,0.395483870967742,0.6932258064516128,0.4843333333333332,0.3488888888888889,0.3653333333333332,0.384838709677419,0.8348387096774194,0.5906666666666668,0.2248387096774194,0.2423333333333334,0.3087096774193548,0.6487096774193548,0.3558620689655172,,,,,,0.2093548387096774,0.2396666666666667,0.3825806451612903,1.4741935483870974,0.8340000000000001,,,,,,,0.2833333333333333,0.3058064516129032,0.5029032258064515,0.3936666666666666,0.2306451612903226,0.217,0.265483870967742,0.4877419354838711,0.3323333333333334,,,,1.55,1.4428571428571428,1.01,1.02,1.11,1.67,1.1,771.1723333333333,771.3616388888889,771.4281666666667,771.4177692307693,,98.52947784501417,103.67408388916999,211.54266348756894,215.78799991104538,,21.75754693955349,21.261003083940064,20.86321785339297,20.879894197952076,,13.26291796869402,13.804027249159967,14.702374544473535,14.706285760629624,,0.6875814909913145,0.7105678573281807,0.5189523313406511,0.5000077120938735,,-10.563382623018185,-105.10348051394016,-56.731266052696114,-3.1993776031657006,25.954126241424163,,-0.0969411764705228,-0.110940924880393
1993-12-01,771.067,0,21.0502487449597,15.292138842405937,258.6327788428925,1012.3804435819893,-0.14878980860540997,0.3517350433273006,0.38191091611695593,,0.9476666666666668,0.5390322580645162,0.5341935483870969,0.2590322580645162,,0.8893548387096775,,,0.3103225806451612,,1.04,1993,12,-2.4492935982947064e-16,1.0,770.984,771.015,771.145,771.5296666666667,771.5225,303.4748431647375,178.050309231295,53.369432805235,72.9424356296175,341.0319094980775,20.967442828125023,22.256050996303784,22.032303659722245,20.71172083854169,20.0618546824597,,,,,,0.856,0.7748387096774194,0.7683333333333338,0.9239999999999996,0.8574193548387096,0.4770000000000001,0.3706451612903226,0.3596666666666666,0.4953333333333335,0.5290322580645161,0.4740000000000002,0.3488888888888889,0.3653333333333332,0.5426666666666666,0.7789285714285714,0.311,0.2248387096774194,0.2423333333333334,0.4233333333333334,0.4374193548387097,,,,,,0.5603333333333332,0.2093548387096774,0.2396666666666667,0.7896666666666666,1.2116129032258067,,,,,,,,0.2833333333333333,0.3920000000000002,0.3996774193548386,0.241,0.2306451612903226,0.217,0.3959999999999999,0.3135483870967742,,,,1.4053333333333329,1.599354838709678,1.03,1.01,1.02,1.44,,771.0480000000001,771.2608611111112,771.4003749999998,771.3867857142858,,178.29819506708918,112.92407899266543,204.9629067252117,222.0513458577377,,21.75193249471702,21.260131323271377,20.941787427901076,20.88614767153586,,14.025775712552294,13.704070584014731,14.7366574413196,14.761063338119376,,0.5448990194483495,0.6782887477331959,0.5302532515334072,0.48669979170513933,,-76.63327572244617,-128.58086586364,-124.97947935877893,-82.1564587514532,15.390743618405978,,-0.15417647058825423,-0.1770156118952913
1994-01-01,771.15,1,21.079360233534967,15.721427143817227,298.10574609056,1011.9810713373656,-0.01579538964521576,0.27830860179842554,0.2787564746674753,,1.1616129032258065,0.6796774193548387,0.6096774193548388,0.3480645161290323,,1.247741935483871,,0.5264516129032258,0.2738709677419355,,1.1,1994,1,0.49999999999999994,0.8660254037844387,771.067,770.984,771.015,771.5345,771.5385,258.6327788428925,303.4748431647375,178.050309231295,5.538761626595,287.82922063624,21.0502487449597,20.967442828125023,22.256050996303784,20.608983454301097,20.19837078965056,,,,,,0.9476666666666668,0.856,0.7748387096774194,0.8522580645161288,0.8535483870967743,0.5390322580645162,0.4770000000000001,0.3706451612903226,0.4251612903225806,0.5370967741935483,0.5341935483870969,0.4740000000000002,0.3488888888888889,0.4416129032258065,0.9047619047619048,0.2590322580645162,0.311,0.2248387096774194,0.3290000000000001,0.5067741935483872,,,,,,0.8893548387096775,0.5603333333333332,0.2093548387096774,0.5119354838709678,1.229032258064516,,,,,,,,,0.3467741935483871,0.3896774193548386,0.3103225806451612,0.241,0.2306451612903226,0.2480645161290323,0.3099999999999999,,,,1.366129032258065,1.4903225806451614,1.04,1.03,1.01,1.16,1.24,771.0219999999999,771.18375,771.3624166666667,771.3654666666666,,246.71931041297498,143.87246952821124,198.09631250394625,224.490108056748,,21.424580856462835,21.316552641007714,21.024153599776074,20.897087743097448,,14.952888731201488,13.826876412783776,14.69709247226158,14.79646837173848,,0.40627709511356574,0.6285164625126797,0.5373056108901008,0.4797138666659271,,-24.89764327496823,-146.72488226234202,-214.69841740227625,-164.5555894066382,-61.242532104040194,,-0.19826715686269836,-0.21851143958825198
1994-02-01,771.276,1,21.060391026785737,15.715680126488119,292.125343967115,1012.7883728422619,0.12352343962303755,0.11243527279598883,0.16703212476950244,,1.5344444444444447,0.5935714285714285,0.6896428571428571,0.3392592592592593,,1.1914285714285715,,0.5635714285714286,0.4646428571428572,,1.23,1994,2,0.8660254037844386,0.5000000000000001,771.15,771.067,770.984,771.357,771.4836666666666,298.10574609056,258.6327788428925,303.4748431647375,64.1686914985125,263.8588250880725,21.079360233534967,21.0502487449597,20.967442828125023,20.98428616263443,20.626701069568476,,,,,,1.1616129032258065,0.9476666666666668,0.856,0.7990322580645167,0.9932142857142858,0.6796774193548387,0.5390322580645162,0.4770000000000001,0.395483870967742,0.6010714285714286,0.6096774193548388,0.5341935483870969,0.4740000000000002,0.384838709677419,0.9239285714285718,0.3480645161290323,0.2590322580645162,0.311,0.3087096774193548,0.5671428571428573,,,,,,1.247741935483871,0.8893548387096775,0.5603333333333332,0.3825806451612903,1.6539285714285712,,,,,,0.5264516129032258,,,0.3058064516129032,0.4289285714285714,0.2738709677419355,0.3103225806451612,0.241,0.265483870967742,0.2977777777777778,,,,,1.5542857142857145,1.1,1.04,1.03,1.11,1.33,771.067,771.1196666666666,771.3300416666666,771.352,,286.73778936606334,192.63363360553876,198.95268962513958,229.09108543386125,,21.032350602206563,21.394948770880024,21.09756938676644,20.908479773749793,,15.495579277236432,14.379248622965227,14.70858582743631,14.854278294993401,,0.3247880724786755,0.506184781734995,0.5443067502985298,0.4671540296660239,,30.45868319030268,-112.09430162043259,-217.19778213437274,-154.2790639523182,-86.14017537900843,,-0.15748284313735894,-0.17470196991427078
1994-03-01,771.3245,2,21.06593411962368,16.369665835013464,332.558959520625,1012.8747913306452,-0.1922001301860652,0.30645364318987395,0.3617384766207308,,1.5064516129032255,0.6503225806451611,0.8287096774193546,0.3996774193548387,,1.5690322580645162,,0.5758064516129031,0.4429032258064518,,1.32,1994,3,1.0,6.123233995736766e-17,771.276,771.15,771.067,771.145,771.53,292.125343967115,298.10574609056,258.6327788428925,53.369432805235,297.7942225853875,21.060391026785737,21.079360233534967,21.0502487449597,22.032303659722245,20.95853299227153,,,,,,1.5344444444444447,1.1616129032258065,0.9476666666666668,0.7683333333333338,0.8538709677419355,0.5935714285714285,0.6796774193548387,0.5390322580645162,0.3596666666666666,0.573225806451613,0.6896428571428571,0.6096774193548388,0.5341935483870969,0.3653333333333332,0.9303225806451612,0.3392592592592593,0.3480645161290323,0.2590322580645162,0.2423333333333334,0.5954838709677419,,,,,,1.1914285714285715,1.247741935483871,0.8893548387096775,0.2396666666666667,1.6412903225806452,,,,,,0.5635714285714286,0.5264516129032258,,0.2833333333333333,0.3716129032258066,0.4646428571428572,0.2738709677419355,0.3103225806451612,0.217,0.4038709677419356,,,,,1.607741935483871,1.23,1.1,1.04,1.02,1.35,771.1643333333333,771.1061666666668,771.312736111111,771.3475294117646,,282.9546229668558,230.6264090169725,201.3082328650598,232.79898299464088,,21.063333335093468,21.407632914905246,21.13371021653455,20.91741572981073,,15.57641537090376,14.801095541728026,14.695127113708635,14.90494899096368,,0.2758998385179778,0.41039942898316367,0.5403786045231148,0.44949979996622846,,16.274897367531196,-71.07223580711172,-199.65310167075174,-126.01254507327569,-55.68149218870575,,-0.17160784313728072,-0.19095987054925415
1994-04-01,771.30675,0,20.82075132812502,15.973024006944467,316.7079987377275,1012.6715015972222,-0.3458110379930963,0.5140011896465972,0.6195018135211389,,1.5323333333333329,0.7350000000000001,0.6636666666666667,0.4946666666666667,,1.2693333333333334,,0.6053333333333334,0.5046666666666668,,1.19,1994,4,0.8660254037844387,-0.4999999999999998,771.3245,771.276,771.15,771.015,771.576,332.558959520625,292.125343967115,298.10574609056,178.050309231295,343.521356395005,21.06593411962368,21.060391026785737,21.079360233534967,22.256050996303784,20.922528269097246,,,,,,1.5064516129032255,1.5344444444444447,1.1616129032258065,0.7748387096774194,0.9743333333333332,0.6503225806451611,0.5935714285714285,0.6796774193548387,0.3706451612903226,0.531,0.8287096774193546,0.6896428571428571,0.6096774193548388,0.3488888888888889,0.6970000000000002,0.3996774193548387,0.3392592592592593,0.3480645161290323,0.2248387096774194,0.5510000000000002,,,,,,1.5690322580645162,1.1914285714285715,1.247741935483871,0.2093548387096774,1.1763333333333332,,,,,,0.5758064516129031,0.5635714285714286,0.5264516129032258,,0.3779999999999999,0.4429032258064518,0.4646428571428572,0.2738709677419355,0.2306451612903226,0.351,,,,,1.5406666666666662,1.32,1.23,1.1,1.01,1.37,771.2501666666667,771.1360833333333,771.2956111111112,771.34625,771.34625,307.59668319276665,277.15799680287085,204.20529427632957,238.3412039127511,238.3412039127511,21.068561793314796,21.246571324888816,21.14266031048056,20.925666751467006,20.925666751467006,15.93559103510627,15.444239883153879,14.773625885270013,14.986322148966444,14.986322148966444,0.2691756920192361,0.337726393566401,0.5340455715524143,0.4446241708914786,0.4446241708914786,4.030821319979168,21.835937282865643,-124.88894497947638,-91.24780813803817,-39.40659482117455,-39.40659482117455,-0.3546102941177196,-0.4069540291875126
1994-05-01,771.289,1,20.783279736223143,15.593523477822604,240.370034973165,1014.2033592153898,-0.28298912289665157,0.5084393615105762,0.5818878139393354,,1.576451612903226,0.6577419354838708,0.7025806451612903,0.3629032258064516,,1.1122580645161289,,0.6377419354838709,0.4025806451612903,,1.17,1994,5,0.49999999999999994,-0.8660254037844387,771.30675,771.3245,771.276,770.984,771.5886666666667,316.7079987377275,332.558959520625,292.125343967115,303.4748431647375,247.974872543765,20.82075132812502,21.06593411962368,21.060391026785737,20.967442828125023,20.97267339213712,,,,,,1.5323333333333329,1.5064516129032255,1.5344444444444447,0.856,1.2012903225806448,0.7350000000000001,0.6503225806451611,0.5935714285714285,0.4770000000000001,0.6932258064516128,0.6636666666666667,0.8287096774193546,0.6896428571428571,0.4740000000000002,0.8348387096774194,0.4946666666666667,0.3996774193548387,0.3392592592592593,0.311,0.6487096774193548,,,,,,1.2693333333333334,1.5690322580645162,1.1914285714285715,0.5603333333333332,1.4741935483870974,,,,,,0.6053333333333334,0.5758064516129031,0.5635714285714286,,0.5029032258064515,0.5046666666666668,0.4429032258064518,0.4646428571428572,0.241,0.4877419354838711,,,,,1.55,1.19,1.32,1.23,1.03,1.67,771.3024166666665,771.1847083333332,771.273173611111,771.3441710526316,771.3441710526316,313.7974340751559,300.2676117206095,201.9708478048898,242.46577206143405,242.46577206143405,20.982358824844813,21.00735471352569,21.134178898732873,20.920144887080586,20.920144887080586,16.019456656148684,15.757517966692555,14.780772607926265,15.03825382570213,15.03825382570213,0.382757471637124,0.3537727720578998,0.5321703146930402,0.4538282573456713,0.4538282573456713,50.07999311246462,50.76440187781304,-61.329899742619546,-118.06116579531566,-35.37577350119538,-35.37577350119538,-0.3775934343434528,-0.45331938772158104
1994-06-01,770.9459999999999,0,20.6928109652778,14.187546477430578,52.844464725387496,1014.48376578125,-0.02017854059340278,0.7198022404627152,0.7200850219770052,,1.2368965517241377,0.5086666666666667,0.4906666666666668,0.2516666666666667,,0.6483333333333331,,0.602333333333333,0.3153333333333333,,1.12,1994,6,1.2246467991473532e-16,-1.0,771.289,771.30675,771.3245,771.067,771.5296666666667,240.370034973165,316.7079987377275,332.558959520625,258.6327788428925,72.9424356296175,20.783279736223143,20.82075132812502,21.06593411962368,21.0502487449597,20.71172083854169,,,,,,1.576451612903226,1.5323333333333329,1.5064516129032255,0.9476666666666668,0.9239999999999996,0.6577419354838708,0.7350000000000001,0.6503225806451611,0.5390322580645162,0.4953333333333335,0.7025806451612903,0.6636666666666667,0.8287096774193546,0.5341935483870969,0.5426666666666666,0.3629032258064516,0.4946666666666667,0.3996774193548387,0.2590322580645162,0.4233333333333334,,,,,,1.1122580645161289,1.2693333333333334,1.5690322580645162,0.8893548387096775,0.7896666666666666,,,,,,0.6377419354838709,0.6053333333333334,0.5758064516129031,,0.3920000000000002,0.4025806451612903,0.5046666666666668,0.4429032258064518,0.3103225806451612,0.3959999999999999,,,,,1.4053333333333329,1.17,1.19,1.32,1.04,1.44,771.3067500000001,771.2355416666666,771.2482013888889,771.3414125,771.3414125,296.5456644105058,289.7501436886808,201.33711134067312,242.36098520702063,242.36098520702063,20.88998839465728,20.976660864875374,21.11839609407338,20.913301629537713,20.913301629537713,15.978737773260178,15.77757657208197,14.740823578048351,15.066017308308153,15.066017308308153,0.5210427013604016,0.39847126993918974,0.5383800088361929,0.46023123517535447,0.46023123517535447,-7.012308583178871,70.38571179997498,-0.6865240071367396,-125.66600336591566,14.704219611269238,14.704219611269238,-0.6282777777778392,-0.712911999359048
1994-07-01,770.603,1,20.06111569052422,13.005918219086043,50.391346156299996,1015.1790931031586,-0.04679286094333822,0.8187361891387382,0.8200722646454314,,1.1603225806451607,0.4525806451612901,0.4187096774193551,0.2374193548387097,,0.4722580645161291,,,0.2619999999999999,,0.94,1994,7,-0.4999999999999997,-0.8660254037844388,770.9459999999999,771.289,771.30675,771.15,771.5345,52.844464725387496,240.370034973165,316.7079987377275,298.10574609056,5.538761626595,20.6928109652778,20.783279736223143,20.82075132812502,21.079360233534967,20.608983454301097,,,,,,1.2368965517241377,1.576451612903226,1.5323333333333329,1.1616129032258065,0.8522580645161288,0.5086666666666667,0.6577419354838708,0.7350000000000001,0.6796774193548387,0.4251612903225806,0.4906666666666668,0.7025806451612903,0.6636666666666667,0.6096774193548388,0.4416129032258065,0.2516666666666667,0.3629032258064516,0.4946666666666667,0.3480645161290323,0.3290000000000001,,,,,,0.6483333333333331,1.1122580645161289,1.2693333333333334,1.247741935483871,0.5119354838709678,,,,,,0.602333333333333,0.6377419354838709,0.6053333333333334,0.5264516129032258,0.3467741935483871,0.3153333333333333,0.4025806451612903,0.5046666666666668,0.2738709677419355,0.2480645161290323,,,,,1.366129032258065,1.12,1.17,1.19,1.1,1.16,771.1805833333333,771.2153749999999,771.1995625,771.3225833333333,771.3225833333333,203.30749947875998,255.4520913357633,199.66228043198726,233.33638899360952,233.33638899360952,20.76561400987532,20.917087901595057,21.116820271301386,20.902802074096762,20.902802074096762,15.251364654065883,15.593477844586076,14.710177128684926,15.024185363980651,15.024185363980651,0.6404915498124931,0.4548336209158646,0.5416750417142722,0.4726052250230521,0.4726052250230521,22.454305986833255,47.09850584926492,68.93444313213055,-145.7639742701457,7.691911028090367,7.691911028090367,-0.780636363636404,-0.869199935694018
1994-08-01,770.6636666666667,3,21.030086322244646,12.646332407594109,28.74162788671,1013.9463689180108,0.05476106656866482,0.8163528646444791,0.8181874931976074,,1.0958064516129034,0.4129032258064516,0.3670967741935484,0.195,,0.3264516129032257,,,0.2416129032258064,,0.76,1994,8,-0.8660254037844385,-0.5000000000000004,770.603,770.9459999999999,771.289,771.276,771.357,50.391346156299996,52.844464725387496,240.370034973165,292.125343967115,64.1686914985125,20.06111569052422,20.6928109652778,20.783279736223143,21.060391026785737,20.98428616263443,,,,,,1.1603225806451607,1.2368965517241377,1.576451612903226,1.5344444444444447,0.7990322580645167,0.4525806451612901,0.5086666666666667,0.6577419354838708,0.5935714285714285,0.395483870967742,0.4187096774193551,0.4906666666666668,0.7025806451612903,0.6896428571428571,0.384838709677419,0.2374193548387097,0.2516666666666667,0.3629032258064516,0.3392592592592593,0.3087096774193548,,,,,,0.4722580645161291,0.6483333333333331,1.1122580645161289,1.1914285714285715,0.3825806451612903,,,,,,,0.602333333333333,0.6377419354838709,0.5635714285714286,0.3058064516129032,0.2619999999999999,0.3153333333333333,0.4025806451612903,0.4646428571428572,0.265483870967742,,,,,,0.94,1.12,1.17,1.23,1.11,770.9459999999999,771.1242083333333,771.1219375,771.289875,771.289875,114.53528195161749,214.16635801338666,203.3999958094627,225.02070522827728,225.02070522827728,20.512402130675053,20.747380477759933,21.07116462431998,20.864543602116193,20.864543602116193,14.262329391446409,15.140893023797545,14.760070823381383,14.932445948303622,14.932445948303622,0.7073483668539239,0.545052919245524,0.5256188504902596,0.4883991813695239,0.4883991813695239,-22.51306088512083,65.521990516119,116.28639239393205,-100.91138974044068,30.14621701492362,30.14621701492362,-0.604964646464623,-0.6726388676560273
1994-09-01,770.721,2,22.10764552430558,13.905539473958356,91.404587063515,1013.1190381510417,0.1295542995228646,0.6529320400763368,0.6656609989199511,,1.0490000000000002,0.3886666666666665,0.3440000000000001,0.1736666666666667,,0.262,,,,,0.74,1994,9,-1.0,-1.8369701987210297e-16,770.6636666666667,770.603,770.9459999999999,771.3245,771.145,28.74162788671,50.391346156299996,52.844464725387496,332.558959520625,53.369432805235,21.030086322244646,20.06111569052422,20.6928109652778,21.06593411962368,22.032303659722245,,,,,,1.0958064516129034,1.1603225806451607,1.2368965517241377,1.5064516129032255,0.7683333333333338,0.4129032258064516,0.4525806451612901,0.5086666666666667,0.6503225806451611,0.3596666666666666,0.3670967741935484,0.4187096774193551,0.4906666666666668,0.8287096774193546,0.3653333333333332,0.195,0.2374193548387097,0.2516666666666667,0.3996774193548387,0.2423333333333334,,,,,,0.3264516129032257,0.4722580645161291,0.6483333333333331,1.5690322580645162,0.2396666666666667,,,,,,,,0.602333333333333,0.5758064516129031,0.2833333333333333,0.2416129032258064,0.2619999999999999,0.3153333333333333,0.4429032258064518,0.217,,,,,,0.76,0.94,1.12,1.32,1.02,770.7375555555554,771.0221527777777,771.0641597222221,771.2626485507245,771.2626485507245,43.99247958946583,170.2690719999858,200.44774050847914,216.48683230038304,216.48683230038304,20.59467099268222,20.74232969366975,21.074981304287498,20.871741111686994,20.871741111686994,13.27993236803691,14.629335070648546,14.715215306188284,14.833049707403209,14.833049707403209,0.7861149266066813,0.6535788139835416,0.5319891214833526,0.5027378036229189,0.5027378036229189,-20.454105065464162,-7.071063481466446,63.31464831850854,-136.3384533522432,7.633156129802792,7.633156129802792,-0.454593434343451,-0.4994594750987269
1994-10-01,770.53,1,20.56318800403228,15.142111039986581,357.21454032080754,1012.5338192288306,-0.053322125519065885,0.3501461602417725,0.35418297898392576,,1.089677419354839,0.4751612903225806,0.3903225806451613,0.2929032258064515,,0.5335483870967742,,,,,0.95,1994,10,-0.8660254037844386,0.5000000000000001,770.721,770.6636666666667,770.603,771.30675,771.015,91.404587063515,28.74162788671,50.391346156299996,316.7079987377275,178.050309231295,22.10764552430558,21.030086322244646,20.06111569052422,20.82075132812502,22.256050996303784,,,,,,1.0490000000000002,1.0958064516129034,1.1603225806451607,1.5323333333333329,0.7748387096774194,0.3886666666666665,0.4129032258064516,0.4525806451612901,0.7350000000000001,0.3706451612903226,0.3440000000000001,0.3670967741935484,0.4187096774193551,0.6636666666666667,0.3488888888888889,0.1736666666666667,0.195,0.2374193548387097,0.4946666666666667,0.2248387096774194,,,,,,0.262,0.3264516129032257,0.4722580645161291,1.2693333333333334,0.2093548387096774,,,,,,,,,0.6053333333333334,,,0.2416129032258064,0.2619999999999999,0.5046666666666668,0.2306451612903226,,,,,,0.74,0.76,0.94,1.19,1.01,770.6625555555556,770.9215694444443,771.0288263888889,771.2400798611111,771.2400798611111,56.845853702175,130.07667659046749,203.61733669666918,211.27507208218023,211.27507208218023,21.066282512358146,20.915948261116736,21.081259793002776,20.92323712887944,20.92323712887944,13.185930033546171,14.218647343806026,14.831443613479953,14.79440344767634,14.79440344767634,0.7679735855876633,0.7042325677000782,0.5209794806332396,0.5095262700936285,0.5095262700936285,119.63600717263489,-20.512859963751737,26.58564588551318,-98.3032990939632,-12.82094893566137,-12.82094893566137,-0.5248235294118331,-0.6013770867984609
1994-11-01,770.626,1,20.373434944444465,15.966458314236133,348.76030693454,1013.0066290538194,-0.05275796382912325,0.2607344734277569,0.2660185489416946,,1.144333333333333,0.7423333333333333,0.6713333333333333,0.6200000000000002,,1.2866666666666666,,,,,1.12,1994,11,-0.5000000000000004,0.8660254037844384,770.53,770.721,770.6636666666667,771.289,770.984,357.21454032080754,91.404587063515,28.74162788671,240.370034973165,303.4748431647375,20.56318800403228,22.10764552430558,21.030086322244646,20.783279736223143,20.967442828125023,,,,,,1.089677419354839,1.0490000000000002,1.0958064516129034,1.576451612903226,0.856,0.4751612903225806,0.3886666666666665,0.4129032258064516,0.6577419354838708,0.4770000000000001,0.3903225806451613,0.3440000000000001,0.3670967741935484,0.7025806451612903,0.4740000000000002,0.2929032258064515,0.1736666666666667,0.195,0.3629032258064516,0.311,,,,,,0.5335483870967742,0.262,0.3264516129032257,1.1122580645161289,0.5603333333333332,,,,,,,,,0.6377419354838709,,,,0.2416129032258064,0.4025806451612903,0.241,,,,,,0.95,0.74,0.76,1.17,1.03,770.6382222222222,770.792111111111,770.9884097222222,771.2082881944443,771.2116766666666,159.12025175701083,136.82776685431418,218.54768928746185,215.0451763875154,217.1126508117253,21.233639950194167,20.87302104043461,20.94018787698015,20.90170286518656,20.908835163885552,13.897994307179681,14.080161849313045,14.918839908002802,14.810607226238167,14.808311751368752,0.612677157033828,0.660012761943876,0.5068927670008879,0.5129225491707695,0.5033125384492404,34.72208114678432,76.6688412220499,142.1908317381689,80.86093199554935,77.66155439238366,106.81505823697353,-0.45494117647058374,-0.5206414520785984
1994-12-01,770.822,1,20.559969422043032,16.158285907258087,357.2463987940175,1013.5804881888441,-0.17403395431934643,0.45055795485962885,0.4830013332728179,,1.386666666666667,0.7683870967741937,0.8267741935483872,1.0216129032258066,,1.7522580645161288,,,,,,1994,12,-2.4492935982947064e-16,1.0,770.626,770.53,770.721,770.9459999999999,771.067,348.76030693454,357.21454032080754,91.404587063515,52.844464725387496,258.6327788428925,20.373434944444465,20.56318800403228,22.10764552430558,20.6928109652778,21.0502487449597,,,,,,1.144333333333333,1.089677419354839,1.0490000000000002,1.2368965517241377,0.9476666666666668,0.7423333333333333,0.4751612903225806,0.3886666666666665,0.5086666666666667,0.5390322580645162,0.6713333333333333,0.3903225806451613,0.3440000000000001,0.4906666666666668,0.5341935483870969,0.6200000000000002,0.2929032258064515,0.1736666666666667,0.2516666666666667,0.2590322580645162,,,,,,1.2866666666666666,0.5335483870967742,0.262,0.6483333333333331,0.8893548387096775,,,,,,,,,0.602333333333333,,,,,0.3153333333333333,0.3103225806451612,,,,,,1.12,0.95,0.74,1.12,1.04,770.6256666666667,770.6816111111111,770.958576388889,771.1794756944445,771.1891506410255,265.7931447729542,154.89281218121,222.3214779349454,213.64219233007853,222.17602220106434,21.014756157594107,20.804713575138162,20.89068722000677,20.916237323953922,20.888242847753205,15.004702942727024,14.142317655381966,14.959947113731966,14.848302277525784,14.852855849940571,0.42862084228185715,0.6073678844442693,0.5029195771917295,0.5165864143625684,0.49418584654510406,21.98034422867886,133.90398325395506,126.8329197724886,126.14639576535185,43.98993701389867,141.53713938375785,-0.3991764705882588,-0.45830902034390303
1995-01-01,770.8475,2,21.05009726982529,15.935647076612925,317.31966141083,1013.4854213037635,0.01718818619422712,0.2826596740360047,0.28318178802809313,,1.372903225806452,0.8629032258064514,0.920967741935484,1.1464516129032258,,1.6667741935483875,,,,,,1995,1,0.49999999999999994,0.8660254037844387,770.822,770.626,770.53,770.603,771.15,357.2463987940175,348.76030693454,357.21454032080754,50.391346156299996,298.10574609056,20.559969422043032,20.373434944444465,20.56318800403228,20.06111569052422,21.079360233534967,,,,,,1.386666666666667,1.144333333333333,1.089677419354839,1.1603225806451607,1.1616129032258065,0.7683870967741937,0.7423333333333333,0.4751612903225806,0.4525806451612901,0.6796774193548387,0.8267741935483872,0.6713333333333333,0.3903225806451613,0.4187096774193551,0.6096774193548388,1.0216129032258066,0.6200000000000002,0.2929032258064515,0.2374193548387097,0.3480645161290323,,,,,,1.7522580645161288,1.2866666666666666,0.5335483870967742,0.4722580645161291,1.247741935483871,,,,,,,,,,0.5264516129032258,,,,0.2619999999999999,0.2738709677419355,,,,,,,1.12,0.95,0.94,1.1,770.6593333333334,770.6609444444445,770.9381597222222,771.1502881944443,771.1755524691357,354.40708201645504,205.626467859315,230.53927959753915,214.31779605074271,227.1786287415441,20.498864123506593,20.78257331793237,20.849830609763714,20.936992104769892,20.8760845727269,15.755618420493603,14.470774227019882,15.03212603580298,14.864609254032281,14.901205111322703,0.36773428706614597,0.5678539363269047,0.5113437786213847,0.5243246947557427,0.4937716053127971,-5.683727954698213,176.33843254809807,155.82557258434633,224.7600157164769,60.20442630983871,163.5174836124367,-0.5007671568627075,-0.5518985296206309
1995-02-01,770.84825,0,21.14468397507443,15.538274036458356,227.8723419599225,1013.3724833426339,0.034714948465051715,0.2683204017950084,0.2705567697662839,,1.3582142857142858,0.7660714285714286,0.9675,1.096666666666667,,1.5457142857142858,,,,,,1995,2,0.8660254037844386,0.5000000000000001,770.8475,770.822,770.626,770.6636666666667,771.276,317.31966141083,357.2463987940175,348.76030693454,28.74162788671,292.125343967115,21.05009726982529,20.559969422043032,20.373434944444465,21.030086322244646,21.060391026785737,,,,,,1.372903225806452,1.386666666666667,1.144333333333333,1.0958064516129034,1.5344444444444447,0.8629032258064514,0.7683870967741937,0.7423333333333333,0.4129032258064516,0.5935714285714285,0.920967741935484,0.8267741935483872,0.6713333333333333,0.3670967741935484,0.6896428571428571,1.1464516129032258,1.0216129032258066,0.6200000000000002,0.195,0.3392592592592593,,,,,,1.6667741935483875,1.7522580645161288,1.2866666666666666,0.3264516129032257,1.1914285714285715,,,,,,,,,,0.5635714285714286,,,,0.2416129032258064,0.4646428571428572,,,,,,,,1.12,0.76,1.23,770.7651666666667,770.7016944444445,770.9129513888889,771.1214965277777,771.1638363095237,341.1087890464625,250.1145204017367,232.14043920756168,215.54656441635063,230.3979513368757,20.661167212104264,20.947403581149214,20.84739202945457,20.972480708110506,20.882299311908984,16.020130432702384,14.959062369941032,15.04997769686929,14.8792817621528,14.938149467225925,0.3440672234142019,0.478372190224015,0.5117125547347695,0.5280096525166497,0.486250540409772,-33.79431881688981,51.018697420764965,127.68753864281484,243.9739310367469,89.69486708442872,157.8337556577385,-0.5852328431373053,-0.6492220264618934
1995-03-01,770.849,1,21.21280076948927,15.897606466733894,267.9131029577225,1012.5435628276209,-0.2192074149417003,0.48528209806981015,0.5324946999477643,,1.4541935483870971,0.7425806451612904,0.9677419354838712,1.1245161290322578,,1.6464516129032258,,,,,,1995,3,1.0,6.123233995736766e-17,770.84825,770.8475,770.822,770.721,771.3245,227.8723419599225,317.31966141083,357.2463987940175,91.404587063515,332.558959520625,21.14468397507443,21.05009726982529,20.559969422043032,22.10764552430558,21.06593411962368,,,,,,1.3582142857142858,1.372903225806452,1.386666666666667,1.0490000000000002,1.5064516129032255,0.7660714285714286,0.8629032258064514,0.7683870967741937,0.3886666666666665,0.6503225806451611,0.9675,0.920967741935484,0.8267741935483872,0.3440000000000001,0.8287096774193546,1.096666666666667,1.1464516129032258,1.0216129032258066,0.1736666666666667,0.3996774193548387,,,,,,1.5457142857142858,1.6667741935483875,1.7522580645161288,0.262,1.5690322580645162,,,,,,,,,,0.5758064516129031,,,,,0.4429032258064518,,,,,,,,,0.74,1.32,770.83925,770.7324583333333,770.8773055555556,771.0950208333334,771.1529540229884,300.81280072159007,283.30297274727207,226.78602237362895,214.04712761934442,230.3108613583601,20.918250222314253,20.966503189954178,20.854416441811964,20.994063329173255,20.89134705891469,15.877402340109791,15.441052641418404,15.035193856033475,14.865160484871053,14.958843417889112,0.3455799636890649,0.38710040298546106,0.5203396084845012,0.5303591065038081,0.47881282418068616,-48.37095919537131,-17.497702542909167,116.40628071104587,179.7209290295544,53.70838395627874,124.03943684084868,-0.647107843137178,-0.7200814816956196
1995-04-01,771.3885,2,20.843764940972246,16.15437211631947,353.23727133452,1012.023731640625,-0.34956211257487324,0.5302931467555834,0.6351413165932028,,1.368666666666667,0.998,0.9033333333333328,,,1.6853333333333331,,,,,,1995,4,0.8660254037844387,-0.4999999999999998,770.849,770.84825,770.8475,770.53,771.30675,267.9131029577225,227.8723419599225,317.31966141083,357.21454032080754,316.7079987377275,21.21280076948927,21.14468397507443,21.05009726982529,20.56318800403228,20.82075132812502,,,,,,1.4541935483870971,1.3582142857142858,1.372903225806452,1.089677419354839,1.5323333333333329,0.7425806451612904,0.7660714285714286,0.8629032258064514,0.4751612903225806,0.7350000000000001,0.9677419354838712,0.9675,0.920967741935484,0.3903225806451613,0.6636666666666667,1.1245161290322578,1.096666666666667,1.1464516129032258,0.2929032258064515,0.4946666666666667,,,,,,1.6464516129032258,1.5457142857142858,1.6667741935483875,0.5335483870967742,1.2693333333333334,,,,,,,,,,0.6053333333333334,,,,,0.5046666666666668,,,,,,,,,0.95,1.19,770.84825,770.7537916666666,770.8376805555555,771.0666458333334,771.1428222222222,271.03503544282506,312.72105872964,221.39886766005375,212.8020809681917,231.56426941167217,21.135860671462996,20.817362397484796,20.866655329300766,21.004657819890664,20.90206218260051,15.790509193268393,15.773063806880993,14.995855575343512,14.884740730306762,14.990135519517272,0.3620777525807137,0.36490601982342996,0.5345692937617541,0.5343074326570842,0.4806022200395888,40.56009391677168,-87.84900596695934,88.48942658113873,115.0750724666519,23.82726432861375,75.66847764547737,-0.2728602941176632,-0.31313697864509943
1995-05-01,771.4496666666668,3,20.68705235887099,15.738319163306475,195.3013835594575,1013.8300386508737,-0.2756555579244826,0.5355091230563122,0.602292294065928,,1.401290322580645,1.0058064516129033,0.975483870967742,,,1.9048387096774195,,,,,,1995,5,0.49999999999999994,-0.8660254037844387,771.3885,770.849,770.84825,770.626,771.289,353.23727133452,267.9131029577225,227.8723419599225,348.76030693454,240.370034973165,20.843764940972246,21.21280076948927,21.14468397507443,20.373434944444465,20.783279736223143,,,,,,1.368666666666667,1.4541935483870971,1.3582142857142858,1.144333333333333,1.576451612903226,0.998,0.7425806451612904,0.7660714285714286,0.7423333333333333,0.6577419354838708,0.9033333333333328,0.9677419354838712,0.9675,0.6713333333333333,0.7025806451612903,,1.1245161290322578,1.096666666666667,0.6200000000000002,0.3629032258064516,,,,,,1.6853333333333331,1.6464516129032258,1.5457142857142858,1.2866666666666666,1.1122580645161289,,,,,,,,,,0.6377419354838709,,,,,0.4025806451612903,,,,,,,,,1.12,1.17,771.0285833333334,770.896875,770.8444930555555,771.0588333333334,771.150747311828,283.007572084055,312.05818056525874,224.44297370978643,213.20691075733814,235.48920495757048,21.06708322851198,20.86412522030812,20.868573130371367,21.00137601455212,20.900181626418952,15.863417539837243,15.94177398626981,15.010967917791426,14.895870262858844,15.027691538768956,0.4793975954357503,0.41173240942497613,0.5358725856844261,0.5340214501887331,0.4855873521864796,5.011341698757121,-41.60518409548945,9.413513325275517,151.6043450634444,33.54317926812877,116.22857156224904,-0.21692676767668218,-0.2604311954592129
1995-06-01,771.2370000000001,2,20.881877987847247,14.68563735416669,87.4379873610125,1014.2856777864583,-0.00010617543844616828,0.6270790100847066,0.6270790190733854,,1.2736666666666665,0.729666666666667,0.6826666666666669,,,1.0996666666666668,,,,,,1995,6,1.2246467991473532e-16,-1.0,771.4496666666668,771.3885,770.849,770.822,770.9459999999999,195.3013835594575,353.23727133452,267.9131029577225,357.2463987940175,52.844464725387496,20.68705235887099,20.843764940972246,21.21280076948927,20.559969422043032,20.6928109652778,,,,,,1.401290322580645,1.368666666666667,1.4541935483870971,1.386666666666667,1.2368965517241377,1.0058064516129033,0.998,0.7425806451612904,0.7683870967741937,0.5086666666666667,0.975483870967742,0.9033333333333328,0.9677419354838712,0.8267741935483872,0.4906666666666668,,,1.1245161290322578,1.0216129032258066,0.2516666666666667,,,,,,1.9048387096774195,1.6853333333333331,1.6464516129032258,1.7522580645161288,0.6483333333333331,,,,,,,,,,0.602333333333333,,,,,0.3153333333333333,,,,,,,,,,1.12,771.2290555555555,771.0341527777778,770.8578819444443,771.0530416666667,771.1600885416667,272.15058595056666,286.4816933360783,220.68725275864418,211.01218204965866,234.23333553887946,20.91453935644417,20.91639478937921,20.860554182258685,20.989475138166032,20.893521336808078,15.930099248786613,15.9037507944482,15.023034224915085,14.881928901481716,15.049898652035752,0.5899761035356317,0.4677780336123483,0.5375729590283088,0.5379764839322508,0.4892343816202123,27.581214052446136,-2.799523579842514,-20.29722612275168,106.53569364973691,-19.130309716178743,121.23991326100617,-0.33727777777767187,-0.3827118885937747
1995-07-01,771.028,1,20.61061445228497,12.990068439180131,21.087467717225,1013.7148380040322,-0.004484771688526568,0.8840170844475705,0.8840284603859093,,1.162258064516129,0.6287096774193549,0.5441935483870967,,,0.7522580645161291,,,,,,1995,7,-0.4999999999999997,-0.8660254037844388,771.2370000000001,771.4496666666668,771.3885,770.8475,770.603,87.4379873610125,195.3013835594575,353.23727133452,317.31966141083,50.391346156299996,20.881877987847247,20.68705235887099,20.843764940972246,21.05009726982529,20.06111569052422,,,,,,1.2736666666666665,1.401290322580645,1.368666666666667,1.372903225806452,1.1603225806451607,0.729666666666667,1.0058064516129033,0.998,0.8629032258064514,0.4525806451612901,0.6826666666666669,0.975483870967742,0.9033333333333328,0.920967741935484,0.4187096774193551,,,,1.1464516129032258,0.2374193548387097,,,,,,1.0996666666666668,1.9048387096774195,1.6853333333333331,1.6667741935483875,0.4722580645161291,,,,,,,,,,,,,,,0.2619999999999999,,,,,,,,,,0.94,771.3583888888888,771.1033194444444,770.8821319444445,771.0408472222222,771.1624191919192,211.9922140849967,241.51362476391083,223.57004631161294,211.6161633718001,229.78499165470166,20.804231762563493,20.970046217013245,20.876309767472808,20.996565019387095,20.89316850805169,15.526109544597546,15.658309368932967,15.064541797976426,14.887359463330675,15.038860430888207,0.6215042099108387,0.4917909812457762,0.5298224587863405,0.5357487502503063,0.4934114918460661,-6.849572452241741,73.15264966797494,-14.696356298984405,141.12921628536193,-4.634757984783747,148.8211273134523,-0.3556363636363358,-0.39598348066083106
1995-08-01,770.9110000000001,0,21.386490868615613,11.968512799059162,10.71757075395,1013.6890791582662,-0.044142179217502714,0.9112288152474227,0.9122973669387037,,1.1196774193548389,0.5445161290322579,0.4674193548387096,,,0.5258064516129033,,,,,,1995,8,-0.8660254037844385,-0.5000000000000004,771.028,771.2370000000001,771.4496666666668,770.84825,770.6636666666667,21.087467717225,87.4379873610125,195.3013835594575,227.8723419599225,28.74162788671,20.61061445228497,20.881877987847247,20.68705235887099,21.14468397507443,21.030086322244646,,,,,,1.162258064516129,1.2736666666666665,1.401290322580645,1.3582142857142858,1.0958064516129034,0.6287096774193549,0.729666666666667,1.0058064516129033,0.7660714285714286,0.4129032258064516,0.5441935483870967,0.6826666666666669,0.975483870967742,0.9675,0.3670967741935484,,,,1.096666666666667,0.195,,,,,,0.7522580645161291,1.0996666666666668,1.9048387096774195,1.5457142857142858,0.3264516129032257,,,,,,,,,,,,,,,0.2416129032258064,,,,,,,,,,0.76,771.2382222222222,771.1334027777779,770.9175486111111,771.0197430555555,771.1584656862746,101.27561287923169,192.14159248164333,221.12805644169,212.26402612557638,223.64682918595236,20.726514933001067,20.896799080756526,20.92210133095287,20.996632977636423,20.884858094646784,14.471341652217768,15.167379596027502,15.063220982984268,14.911645903182825,14.978601842896792,0.7044665911750742,0.5919320933054123,0.5351521417647137,0.5303854961274866,0.5049002262148851,-40.53711801788083,25.742983298961516,-15.862200796527933,111.82533784628693,10.913948105846252,141.97155486121056,-0.3576313131312645,-0.3976376519004059
1995-09-01,770.794,3,21.9928736215278,12.82585240104169,80.0878405797325,1013.3029854427083,0.07336894103269098,0.5521957183365565,0.5570485731581081,,1.1063333333333338,0.5249999999999998,0.4313333333333335,,,0.456,,,,,,1995,9,-1.0,-1.8369701987210297e-16,770.9110000000001,771.028,771.2370000000001,770.849,770.721,10.71757075395,21.087467717225,87.4379873610125,267.9131029577225,91.404587063515,21.386490868615613,20.61061445228497,20.881877987847247,21.21280076948927,22.10764552430558,,,,,,1.1196774193548389,1.162258064516129,1.2736666666666665,1.4541935483870971,1.0490000000000002,0.5445161290322579,0.6287096774193549,0.729666666666667,0.7425806451612904,0.3886666666666665,0.4674193548387096,0.5441935483870967,0.6826666666666669,0.9677419354838712,0.3440000000000001,,,,1.1245161290322578,0.1736666666666667,,,,,,0.5258064516129033,0.7522580645161291,1.0996666666666668,1.6464516129032258,0.262,,,,,,,,,,,,,,,,,,,,,,,,,0.74,771.0586666666668,771.1438611111112,770.9381597222222,771.0011597222223,771.1513952380952,39.74767527739585,155.94913061398128,219.6260516806267,210.03689609455293,217.56313608789515,20.959661102915945,20.937100229680055,20.95180170981712,21.013391507052308,20.899190459617323,13.214739530801998,14.572419389794305,15.006736015606355,14.860975660897319,14.892599298787147,0.8078016154659994,0.6988888595008156,0.5429946312431383,0.5374918763632455,0.5165401445212798,-31.770851549246657,-19.805476417676434,-22.60499999751895,93.80128071352692,-42.53717263871625,101.43443684332973,-0.3815934343434719,-0.4192547494522711
1995-10-01,770.649,1,21.116284143145183,15.179850772849484,259.69377155117,1012.0365146421371,0.04098303585307525,0.25238002223451445,0.25568591054422307,,1.1851612903225803,0.5741935483870968,0.5599999999999999,,,0.9206451612903228,,,,,,1995,10,-0.8660254037844386,0.5000000000000001,770.794,770.9110000000001,771.028,771.3885,770.53,80.0878405797325,10.71757075395,21.087467717225,353.23727133452,357.21454032080754,21.9928736215278,21.386490868615613,20.61061445228497,20.843764940972246,20.56318800403228,,,,,,1.1063333333333338,1.1196774193548389,1.162258064516129,1.368666666666667,1.089677419354839,0.5249999999999998,0.5445161290322579,0.6287096774193549,0.998,0.4751612903225806,0.4313333333333335,0.4674193548387096,0.5441935483870967,0.9033333333333328,0.3903225806451613,,,,,0.2929032258064515,,,,,,0.456,0.5258064516129033,0.7522580645161291,1.6853333333333331,0.5335483870967742,,,,,,,,,,,,,,,,,,,,,,,,,0.95,770.9110000000001,771.1346944444444,770.9442430555556,770.9865347222221,771.1414675925926,37.297626350302515,124.64492021764958,218.68298947364482,211.15016308515695,213.74437787933505,21.32999298080946,21.06711237168648,20.942237384585635,21.011748588794205,20.92957054744817,12.594811213093664,14.060460378845605,14.9167620928633,14.874102853171626,14.83518966273866,0.7844581334942403,0.7029811717025395,0.5339435957629848,0.5274615381981121,0.5176653786500807,22.115238402997363,-79.15754201936923,-6.004892351394293,82.48453422974444,-15.81876486421875,69.66358529408308,-0.4058235294118049,-0.46501911251092265
1995-11-01,771.077,1,21.106959279513912,15.310701692708356,240.95767783496999,1012.449072109375,0.004248068103942668,0.3148198883824722,0.3148485480413845,,1.188,0.6313333333333334,0.6376666666666665,,,1.2956666666666663,,,,,,1995,11,-0.5000000000000004,0.8660254037844384,770.649,770.794,770.9110000000001,771.4496666666668,770.626,259.69377155117,80.0878405797325,10.71757075395,195.3013835594575,348.76030693454,21.116284143145183,21.9928736215278,21.386490868615613,20.68705235887099,20.373434944444465,,,,,,1.1851612903225803,1.1063333333333338,1.1196774193548389,1.401290322580645,1.144333333333333,0.5741935483870968,0.5249999999999998,0.5445161290322579,1.0058064516129033,0.7423333333333333,0.5599999999999999,0.4313333333333335,0.4674193548387096,0.975483870967742,0.6713333333333333,,,,,0.6200000000000002,,,,,,0.9206451612903228,0.456,0.5258064516129033,1.9048387096774195,1.2866666666666666,,,,,,,,,,,,,,,,,,,,,,,,,1.12,770.7846666666668,771.0114444444445,770.9541597222222,770.9712847222222,771.1235787037036,116.83306096161753,109.05433692042459,210.55625874284166,214.55197401515179,213.5488705059575,21.498549544429533,21.1125322387153,20.98832872951171,20.96425830324593,20.930578153294945,13.324738657650116,13.898040154933938,14.919907070601875,14.919373489302338,14.847040507692737,0.5750106168803448,0.6397386040277095,0.5257355067263428,0.5163141368636154,0.5171935350226273,-73.08054795278568,-50.19273116413012,-24.449747865168604,-15.036234539893087,65.82469745565628,62.62531985249058,-0.0039411764705619134,-0.004510340999357831
1995-12-01,770.989,1,20.915902864583355,14.804359225470453,249.5613693037075,1013.1428068548387,-0.10060082744462197,0.3067917478424032,0.3228648370862633,,1.1843333333333332,0.6099999999999999,0.7045161290322581,,,1.4167741935483869,,,,,,1995,12,-2.4492935982947064e-16,1.0,771.077,770.649,770.794,771.2370000000001,770.822,240.95767783496999,259.69377155117,80.0878405797325,87.4379873610125,357.2463987940175,21.106959279513912,21.116284143145183,21.9928736215278,20.881877987847247,20.559969422043032,,,,,,1.188,1.1851612903225803,1.1063333333333338,1.2736666666666665,1.386666666666667,0.6313333333333334,0.5741935483870968,0.5249999999999998,0.729666666666667,0.7683870967741937,0.6376666666666665,0.5599999999999999,0.4313333333333335,0.6826666666666669,0.8267741935483872,,,,,1.0216129032258066,,,,,,1.2956666666666663,0.9206451612903228,0.456,1.0996666666666668,1.7522580645161288,,,,,,,,,,,,,,,,,,,,,,,,,,770.84,770.9493333333334,770.9917430555556,770.9751597222222,771.1168981481483,193.57976332195753,116.66371929967666,201.57270631787753,211.94709212641146,209.6190303260115,21.4053723480623,21.182516725489123,21.049455757434163,20.970071488720468,20.960643468447337,14.438801622199847,13.82677057650092,14.86526068547456,14.912603899603264,14.853955080175375,0.3758610105812384,0.591831313023619,0.5298046733179836,0.5163621252548566,0.5209925006810401,-85.70468526163117,-82.73616109903497,-102.5416375167114,-122.83886363946309,3.307532125888784,-78.84892662556442,-0.23217647058822877,-0.26657024805441026
1996-01-01,770.653,2,21.013140882056476,15.343459578293034,297.779828188685,1011.7253990339382,-0.1304993555348575,0.27158448010970265,0.3013108222939737,,1.2423333333333335,0.6674193548387096,0.8558064516129034,,,1.5923333333333332,,,,,,1996,1,0.49999999999999994,0.8660254037844387,770.989,771.077,770.649,771.028,770.8475,249.5613693037075,240.95767783496999,259.69377155117,21.087467717225,317.31966141083,20.915902864583355,21.106959279513912,21.116284143145183,20.61061445228497,21.05009726982529,,,,,,1.1843333333333332,1.188,1.1851612903225803,1.162258064516129,1.372903225806452,0.6099999999999999,0.6313333333333334,0.5741935483870968,0.6287096774193549,0.8629032258064514,0.7045161290322581,0.6376666666666665,0.5599999999999999,0.5441935483870967,0.920967741935484,,,,,1.1464516129032258,,,,,,1.4167741935483869,1.2956666666666663,0.9206451612903228,0.7522580645161291,1.6667741935483875,,,,,,,,,,,,,,,,,,,,,,,,,,770.9050000000001,770.908,771.0056597222223,770.9719097222222,771.1020787037037,250.07093956328254,143.6842829567925,192.59895386035168,211.56911672894543,207.07818198727904,21.046382095747482,21.188187538278473,21.07911687764586,20.964473743704787,20.984367029061886,15.098303897009435,13.846557555051547,14.75243346199226,14.89227974889762,14.827217323352276,0.29779976522395685,0.5411289493590986,0.5164599653024374,0.5139018719619111,0.5217031182713077,-25.223561176843248,-136.66999481141949,-215.82753683078872,-230.5238931297731,-5.763877413296214,-170.3194668199344,-0.6952671568626556,-0.7662581627157663
1996-02-01,770.65,1,20.9961422126437,15.688579085847724,291.258395060795,1011.4802984375,-0.09143767992289512,0.2154592101643678,0.23405879721628717,,1.235862068965517,0.7527586206896552,1.069655172413793,,,1.9,,,,,,1996,2,0.8660254037844386,0.5000000000000001,770.653,770.989,771.077,770.9110000000001,770.84825,297.779828188685,249.5613693037075,240.95767783496999,10.71757075395,227.8723419599225,21.013140882056476,20.915902864583355,21.106959279513912,21.386490868615613,21.14468397507443,,,,,,1.2423333333333335,1.1843333333333332,1.188,1.1196774193548389,1.3582142857142858,0.6674193548387096,0.6099999999999999,0.6313333333333334,0.5445161290322579,0.7660714285714286,0.8558064516129034,0.7045161290322581,0.6376666666666665,0.4674193548387096,0.9675,,,,,1.096666666666667,,,,,,1.5923333333333332,1.4167741935483869,1.2956666666666663,0.5258064516129033,1.5457142857142858,,,,,,,,,,,,,,,,,,,,,,,,,,770.9063333333334,770.8455,770.9894513888889,770.9512013888889,771.0774814814815,262.7662917757875,189.7996763687025,190.9706344251729,211.5555368163673,207.35458775262472,21.012001008717913,21.255275276573723,21.07603717866512,20.96171460405985,21.006999531628715,15.152840165490616,14.238789411570364,14.703084503798934,14.87653110033411,14.82054934270151,0.3130080691405404,0.44400934301044265,0.5179707181579275,0.5148416364463485,0.5246633410637424,29.591734283982703,-184.0087943912601,-234.20152555539022,-250.06372635191815,-6.08979531517123,-160.36885926748943,-0.7834828431373353,-0.8691486219279185
1996-03-01,770.945,1,20.931385451948948,16.40048734038981,380.041986667115,1011.6919102150538,-0.1839361050224676,0.39511342228077617,0.4358292179251676,,1.471290322580645,1.1741935483870969,1.0132258064516129,,,2.392258064516129,,,,,,1996,3,1.0,6.123233995736766e-17,770.65,770.653,770.989,770.794,770.849,291.258395060795,297.779828188685,249.5613693037075,80.0878405797325,267.9131029577225,20.9961422126437,21.013140882056476,20.915902864583355,21.9928736215278,21.21280076948927,,,,,,1.235862068965517,1.2423333333333335,1.1843333333333332,1.1063333333333338,1.4541935483870971,0.7527586206896552,0.6674193548387096,0.6099999999999999,0.5249999999999998,0.7425806451612904,1.069655172413793,0.8558064516129034,0.7045161290322581,0.4313333333333335,0.9677419354838712,,,,,1.1245161290322578,,,,,,1.9,1.5923333333333332,1.4167741935483869,0.456,1.6464516129032258,,,,,,,,,,,,,,,,,,,,,,,,,,770.764,770.802,770.9729305555556,770.9251180555556,771.054324074074,279.53319751772915,236.55648041984333,196.2528055169123,211.5194139452706,208.11568691853367,20.975061986427846,21.19021716724507,21.063658698462564,20.959037570137266,21.017261785603026,15.278799296537073,14.858800459368458,14.71560992458138,14.875401890307428,14.81531029810783,0.2860781521988413,0.33096958139003996,0.5149292204454278,0.5176344144649645,0.5252158111510146,63.75792451402117,-81.33651215449171,-164.0726732535267,-186.67767325104563,-6.956744221491206,-132.9692892947669,-0.5511078431371743,-0.6132556674578404
1996-04-01,771.151,1,20.517861536458355,15.888740154513911,235.1599335556125,1012.7573013802082,-0.27898739737140454,0.6038417608089628,0.6651757963042091,,1.824827586206896,1.1126666666666667,1.1089999999999998,,,2.3966666666666665,,,,,,1996,4,0.8660254037844387,-0.4999999999999998,770.945,770.65,770.653,770.649,771.3885,380.041986667115,291.258395060795,297.779828188685,259.69377155117,353.23727133452,20.931385451948948,20.9961422126437,21.013140882056476,21.116284143145183,20.843764940972246,,,,,,1.471290322580645,1.235862068965517,1.2423333333333335,1.1851612903225803,1.368666666666667,1.1741935483870969,0.7527586206896552,0.6674193548387096,0.5741935483870968,0.998,1.0132258064516129,1.069655172413793,0.8558064516129034,0.5599999999999999,0.9033333333333328,,,,,,,,,,,2.392258064516129,1.9,1.5923333333333332,0.9206451612903228,1.6853333333333331,,,,,,,,,,,,,,,,,,,,,,,,,,770.7493333333333,770.8271666666666,770.9809305555556,770.9093055555555,771.0380740740741,323.02673663886503,286.5488381010737,205.59687915936163,213.49787340970772,210.400347031915,20.98022284888304,21.013302472315264,21.04020742200087,20.95343137565082,21.01650768726073,15.81084200151019,15.454572949259807,14.757516664052707,14.876686119698109,14.842332708222077,0.3237329458118094,0.31076635551788323,0.5068737636102114,0.5207215286859828,0.5251628763081266,-77.51724386213584,68.12609762116062,-68.54389719025886,-74.54878954165315,40.52628292499877,-50.7215252130394,-0.5103602941177314,-0.5856941591198903
1996-05-01,771.2015,2,21.01723621975809,14.92019739919357,142.87471751976,1013.5061603158603,-0.31460175475918517,0.6410375233307953,0.7140751854081183,,1.563870967741935,0.6935483870967742,0.7783870967741935,,,1.4303225806451614,,,,,,1996,5,0.49999999999999994,-0.8660254037844387,771.151,770.945,770.65,771.077,771.4496666666668,235.1599335556125,380.041986667115,291.258395060795,240.95767783496999,195.3013835594575,20.517861536458355,20.931385451948948,20.9961422126437,21.106959279513912,20.68705235887099,,,,,,1.824827586206896,1.471290322580645,1.235862068965517,1.188,1.401290322580645,1.1126666666666667,1.1741935483870969,0.7527586206896552,0.6313333333333334,1.0058064516129033,1.1089999999999998,1.0132258064516129,1.069655172413793,0.6376666666666665,0.975483870967742,,,,,,,,,,,2.3966666666666665,2.392258064516129,1.9,1.2956666666666663,1.9048387096774195,,,,,,,,,,,,,,,,,,,,,,,,,,770.9153333333334,770.9108333333334,770.961138888889,770.9028159722221,771.0262685185185,302.15343842784085,282.45986510181416,195.75710101111937,210.10003736045292,207.39030750859854,20.815129733683666,20.913565371200793,21.013048804958043,20.940810967664707,21.005266944687428,15.992602193583815,15.572721179537217,14.735380667235576,14.873174292513504,14.842373730984422,0.44502127048188783,0.37901466981121423,0.5093766369194619,0.522624611301944,0.5258065124323095,-47.41532434094037,15.83241493586803,-168.17637945539207,-192.62612732056067,-41.02178225711624,-159.0829480524319,-0.4650934343434301,-0.5583674177398917
1996-06-01,771.244,1,20.6295230746528,13.490382593750024,31.0997962495,1014.622343142361,0.015229564332718756,0.8056716916917882,0.8058156206126016,,1.4143333333333332,0.5946666666666668,0.6006666666666666,,,1.0516666666666667,,,,,,1996,6,1.2246467991473532e-16,-1.0,771.2015,771.151,770.945,770.989,771.2370000000001,142.87471751976,235.1599335556125,380.041986667115,249.5613693037075,87.4379873610125,21.01723621975809,20.517861536458355,20.931385451948948,20.915902864583355,20.881877987847247,,,,,,1.563870967741935,1.824827586206896,1.471290322580645,1.1843333333333332,1.2736666666666665,0.6935483870967742,1.1126666666666667,1.1741935483870969,0.6099999999999999,0.729666666666667,0.7783870967741935,1.1089999999999998,1.0132258064516129,0.7045161290322581,0.6826666666666669,,,,,,,,,,,1.4303225806451614,2.3966666666666665,2.392258064516129,1.4167741935483869,1.0996666666666668,,,,,,,,,,,,,,,,,,,,,,,,,,771.0991666666665,770.9315833333334,770.9404583333334,770.899170138889,771.0155138888889,252.69221258082916,266.11270504927916,191.3882121744779,206.03773246656104,204.47085875793175,20.82216106938846,20.898611527908155,21.040564126698637,20.95055915447866,21.006504801010234,15.7364749646991,15.507637130618084,14.6672038535595,14.845119039237295,14.810353885507645,0.6050267332124982,0.44555244270566985,0.5186918778646444,0.5281324184464765,0.5315482819097154,-28.75697705906637,-61.174643689055046,-142.51115584354676,-245.05279336025816,-138.51709971052122,-264.1831030764369,-0.3302777777777237,-0.3747689306029209
1996-07-01,770.658,1,20.283040596438195,12.698037011088733,21.2680100363925,1015.1511580561156,0.06631867654225972,0.8426570886697746,0.8452627614793741,,1.308064516129032,0.5245161290322579,0.5180645161290323,,,0.8348387096774194,,,,,,1996,7,-0.4999999999999997,-0.8660254037844388,771.244,771.2015,771.151,770.653,771.028,31.0997962495,142.87471751976,235.1599335556125,297.779828188685,21.087467717225,20.6295230746528,21.01723621975809,20.517861536458355,21.013140882056476,20.61061445228497,,,,,,1.4143333333333332,1.563870967741935,1.824827586206896,1.2423333333333335,1.162258064516129,0.5946666666666668,0.6935483870967742,1.1126666666666667,0.6674193548387096,0.6287096774193549,0.6006666666666666,0.7783870967741935,1.1089999999999998,0.8558064516129034,0.5441935483870967,,,,,,,,,,,1.0516666666666667,1.4303225806451614,2.3966666666666665,1.5923333333333332,0.7522580645161291,,,,,,,,,,,,,,,,,,,,,,,,,,771.1988333333334,770.9740833333334,770.9410416666666,770.9115868055555,771.0075787037036,136.37814910829084,229.70244287357787,186.69336291518525,205.13170461339908,203.30856321959516,20.721540276956414,20.850881562919728,21.0195345505991,20.947922159035954,21.0042215297911,14.766440049152505,15.288641025331344,14.567599290191446,14.816070544083935,14.780772738950933,0.7283555341083096,0.5260442399600597,0.5335865946595791,0.5317045267229598,0.535028031720064,-6.669030133074241,-153.6895452621426,-85.56344764098196,-301.39098447177065,-160.26176818640872,-306.0257424565544,-0.7256363636363403,-0.8079601591602504
1996-08-01,770.5677499999999,0,21.091541937164003,11.603452632728517,45.369982537555,1013.668698983535,0.17179489118223962,0.6208704475750487,0.6441999668646055,,1.3103225806451615,0.4677419354838711,0.4612903225806451,,,0.6576666666666668,,,,,,1996,8,-0.8660254037844385,-0.5000000000000004,770.658,771.244,771.2015,770.65,770.9110000000001,21.2680100363925,31.0997962495,142.87471751976,291.258395060795,10.71757075395,20.283040596438195,20.6295230746528,21.01723621975809,20.9961422126437,21.386490868615613,,,,,,1.308064516129032,1.4143333333333332,1.563870967741935,1.235862068965517,1.1196774193548389,0.5245161290322579,0.5946666666666668,0.6935483870967742,0.7527586206896552,0.5445161290322579,0.5180645161290323,0.6006666666666666,0.7783870967741935,1.069655172413793,0.4674193548387096,,,,,,,,,,,0.8348387096774194,1.0516666666666667,1.4303225806451614,1.9,0.5258064516129033,,,,,,,,,,,,,,,,,,,,,,,,,,771.0345000000001,770.9749166666667,770.9102083333333,770.9138784722222,770.9832314814815,65.08084126855086,183.61713984819582,186.70840810844916,203.91823227506958,203.74548678653397,20.643266630283026,20.729198181983346,20.992236729278535,20.957169030115704,20.99516756151713,13.702872334677446,14.847737264130629,14.543263337850496,14.803242160417382,14.788851714738716,0.7883845225000311,0.6167028964909597,0.5303561197507012,0.5327541307577074,0.5303757040018915,-5.884706234275825,-82.84133153308099,-67.00891659721296,-301.21044215260315,-189.3851043063162,-290.29649404675695,-0.70088131313139,-0.779285228617961
1996-09-01,770.4775,2,21.266531460069466,13.970977994791689,129.47744135668,1012.5061485069444,0.06431369791109376,0.40120667319487324,0.40632874172903055,,1.307,0.4723333333333332,0.5116666666666666,,,0.8076666666666668,,,,,,1996,9,-1.0,-1.8369701987210297e-16,770.5677499999999,770.658,771.244,770.945,770.794,45.369982537555,21.2680100363925,31.0997962495,380.041986667115,80.0878405797325,21.091541937164003,20.283040596438195,20.6295230746528,20.931385451948948,21.9928736215278,,,,,,1.3103225806451615,1.308064516129032,1.4143333333333332,1.471290322580645,1.1063333333333338,0.4677419354838711,0.5245161290322579,0.5946666666666668,1.1741935483870969,0.5249999999999998,0.4612903225806451,0.5180645161290323,0.6006666666666666,1.0132258064516129,0.4313333333333335,,,,,,,,,,,0.6576666666666668,0.8348387096774194,1.0516666666666667,2.392258064516129,0.456,,,,,,,,,,,,,,,,,,,,,,,,,,770.82325,770.9612083333333,770.8816041666668,770.9098819444445,770.9613078703703,32.57926294114919,142.63573776098914,189.59610909041626,204.6110803855215,203.22330042650736,20.668035202751664,20.745098136070066,20.967657651657568,20.959729680737343,20.998146888587392,12.597290745855764,14.166882855277427,14.512841657322943,14.759788836464649,14.744930993039198,0.7650927829855269,0.6850597580990128,0.5080146697445264,0.5255046504938323,0.5276661408236724,17.618749227700846,-41.310713426416434,-102.48535711547149,-266.5580303689982,-172.75674965547122,-309.0952030077144,-0.698093434343491,-0.7669916763990118
1996-10-01,770.4635,0,20.612326465053787,14.99067267137099,265.5666472631275,1012.6419638356855,0.11683019062637262,0.2648907939368313,0.289510666736615,,1.3112903225806456,0.4358064516129031,0.4603225806451613,,,0.7425806451612901,,,,,,1996,10,-0.8660254037844386,0.5000000000000001,770.4775,770.5677499999999,770.658,771.151,770.649,129.47744135668,45.369982537555,21.2680100363925,235.1599335556125,259.69377155117,21.266531460069466,21.091541937164003,20.283040596438195,20.517861536458355,21.116284143145183,,,,,,1.307,1.3103225806451615,1.308064516129032,1.824827586206896,1.1851612903225803,0.4723333333333332,0.4677419354838711,0.5245161290322579,1.1126666666666667,0.5741935483870968,0.5116666666666666,0.4612903225806451,0.5180645161290323,1.1089999999999998,0.5599999999999999,,,,,,,,,,,0.8076666666666668,0.6576666666666668,0.8348387096774194,2.3966666666666665,0.9206451612903228,,,,,,,,,,,,,,,,,,,,,,,,,,770.5677499999998,770.8832916666667,770.8552291666666,770.8997361111111,770.9427662037037,65.37181131020918,100.87498020925,193.71190915516186,206.19744931440331,205.33741177515859,20.880371331223888,20.80095580409015,20.907129138202706,20.924683261394172,20.97687543859704,12.757489212869649,13.761964631011073,14.608268790135442,14.76251544149937,14.78549149882623,0.6319304900243367,0.6801430120663232,0.4954546837921032,0.514699139777544,0.5167925867294425,27.98811411495484,5.06501286035078,-148.6245324017918,-217.16842959205067,-134.6838953623062,-232.98719445626944,-0.5913235294118522,-0.6775771312532655
1996-11-01,770.4495,2,20.440251828125025,15.131188222222244,276.99845992553253,1011.8985356944445,0.01703357661072917,0.18596676659306421,0.18674523021815795,,1.3633333333333335,0.4863333333333333,0.5073333333333333,,,0.9086666666666666,,,,,,1996,11,-0.5000000000000004,0.8660254037844384,770.4635,770.4775,770.5677499999999,771.2015,771.077,265.5666472631275,129.47744135668,45.369982537555,142.87471751976,240.95767783496999,20.612326465053787,21.266531460069466,21.091541937164003,21.01723621975809,21.106959279513912,,,,,,1.3112903225806456,1.307,1.3103225806451615,1.563870967741935,1.188,0.4358064516129031,0.4723333333333332,0.4677419354838711,0.6935483870967742,0.6313333333333334,0.4603225806451613,0.5116666666666666,0.4612903225806451,0.7783870967741935,0.6376666666666665,,,,,,,,,,,0.7425806451612901,0.8076666666666668,0.6576666666666668,1.4303225806451614,1.2956666666666663,,,,,,,,,,,,,,,,,,,,,,,,,,770.5029166666667,770.7687083333334,770.8397708333333,770.8969652777778,770.9274467592592,146.8046903857875,105.94276582716914,194.2013154644916,202.37878710366667,207.76842116493174,20.990133287429085,20.816699958856056,20.865132665028423,20.92673069727007,20.931216423840098,13.521701099630404,13.612286717153921,14.592503948345566,14.756205509473721,14.81041697565008,0.4466797917767502,0.6175321571383908,0.49827341347480253,0.5120044601005727,0.5103005624006778,-37.039765862223135,39.72215710837986,-43.11917442470112,-211.2955538800932,-226.33178841998625,-145.47085642443693,-0.6314411764706165,-0.7226306784765995
1996-12-01,770.5115000000001,2,21.15734224294357,15.020228528225829,295.86419421477,1012.5804000924059,-0.13295879167922375,0.3599856800288155,0.38375477861599055,,1.3635483870967746,0.4841935483870968,0.59,,,1.0429032258064517,,,,,,1996,12,-2.4492935982947064e-16,1.0,770.4495,770.4635,770.4775,771.244,770.989,276.99845992553253,265.5666472631275,129.47744135668,31.0997962495,249.5613693037075,20.440251828125025,20.612326465053787,21.266531460069466,20.6295230746528,20.915902864583355,,,,,,1.3633333333333335,1.3112903225806456,1.307,1.4143333333333332,1.1843333333333332,0.4863333333333333,0.4358064516129031,0.4723333333333332,0.5946666666666668,0.6099999999999999,0.5073333333333333,0.4603225806451613,0.5116666666666666,0.6006666666666666,0.7045161290322581,,,,,,,,,,,0.9086666666666666,0.7425806451612901,0.8076666666666668,1.0516666666666667,1.4167741935483869,,,,,,,,,,,,,,,,,,,,,,,,,,770.4635,770.643375,770.7874791666667,770.8896111111112,770.9125995370371,224.01418284844667,128.2967228947979,197.20471397203855,199.38871014495803,207.03296607495383,20.773036584416094,20.72053589358388,20.809573710746015,20.92951473409009,20.91657222939565,14.697612962794977,13.647451854325366,14.577544492471725,14.721402588973142,14.80091743055942,0.2941948795612677,0.5296438312733974,0.4875981369895337,0.5087014051537586,0.5067741291664156,-39.401860350568654,8.567097480432551,-32.74361594598388,-175.25477178953065,-298.0936354289937,-171.94723966364188,-0.7096764705881924,-0.8148053604388975
1997-01-01,770.5554999999999,2,21.052034495967767,15.347933019153249,308.2579969338525,1012.3788279653897,-0.054813322913587044,0.24751944153392977,0.25351602376594984,,1.3551612903225811,0.5141935483870969,0.6983870967741935,,,1.1525806451612906,,,,,,1997,1,0.49999999999999994,0.8660254037844387,770.5115000000001,770.4495,770.4635,770.658,770.653,295.86419421477,276.99845992553253,265.5666472631275,21.2680100363925,297.779828188685,21.15734224294357,20.440251828125025,20.612326465053787,20.283040596438195,21.013140882056476,,,,,,1.3635483870967746,1.3633333333333335,1.3112903225806456,1.308064516129032,1.2423333333333335,0.4841935483870968,0.4863333333333333,0.4358064516129031,0.5245161290322579,0.6674193548387096,0.59,0.5073333333333333,0.4603225806451613,0.5180645161290323,0.8558064516129034,,,,,,,,,,,1.0429032258064517,0.9086666666666666,0.7425806451612901,0.8348387096774194,1.5923333333333332,,,,,,,,,,,,,,,,,,,,,,,,,,770.4748333333333,770.5212916666666,770.7476874999999,770.8766736111112,770.8971689814815,279.4764338011434,172.42412255567626,201.0632827146271,196.83111828748937,208.06717205750596,20.73664017870746,20.808505754965676,20.8296936589427,20.95440526829428,20.91954704878409,15.047363140606357,13.902426176738002,14.595533601034672,14.673983531513464,14.793364366276636,0.28667022519025437,0.4593003576072956,0.4926722987836776,0.5045661320430576,0.5068253475691666,-14.745392431675725,-48.45351209783695,-43.38849923748617,-128.95194687846814,-359.4758400082412,-134.71582429176433,-0.7927671568627375,-0.8737135057841406
1997-02-01,770.359,1,21.16091498697919,14.76037930245538,325.8546589444825,1012.7702187779017,0.03111619022879464,0.22760459321759485,0.2297217189298856,,1.4025000000000003,0.4921428571428571,0.8485714285714286,,,1.3864285714285711,,,,,,1997,2,0.8660254037844386,0.5000000000000001,770.5554999999999,770.5115000000001,770.4495,770.5677499999999,770.65,308.2579969338525,295.86419421477,276.99845992553253,45.369982537555,291.258395060795,21.052034495967767,21.15734224294357,20.440251828125025,21.091541937164003,20.9961422126437,,,,,,1.3551612903225811,1.3635483870967746,1.3633333333333335,1.3103225806451615,1.235862068965517,0.5141935483870969,0.4841935483870968,0.4863333333333333,0.4677419354838711,0.7527586206896552,0.6983870967741935,0.59,0.5073333333333333,0.4612903225806451,1.069655172413793,,,,,,,,,,,1.1525806451612906,1.0429032258064517,0.9086666666666666,0.6576666666666668,1.9,,,,,,,,,,,,,,,,,,,,,,,,,,770.5055000000001,770.5042083333333,770.7395625,770.8645069444445,770.8806550925925,293.706883691385,220.25578703858625,201.93646344339106,196.453548934282,208.34917902537524,20.883209522345453,20.936671404887267,20.83293479343531,20.95448598605022,20.918788000518337,15.166449923200444,14.344075511415419,14.595906387773026,14.649495445785979,14.782989529480416,0.2746720108666993,0.3606759013217249,0.4886893989063423,0.5033300585321349,0.506124223933013,64.18799816767017,-91.18701864446751,-51.46486153608765,-118.47377813330061,-368.53750448521873,-124.56357344847183,-1.0744828431372753,-1.1919664745412373
1997-03-01,770.4803333333333,3,21.31597582997314,15.618395648521528,337.6855252610875,1011.7412114919355,-0.17140579219586022,0.4889228368156351,0.5180979501582095,,1.4096774193548385,0.5338709677419357,0.7322580645161293,,,1.2870967741935486,,,,,,1997,3,1.0,6.123233995736766e-17,770.359,770.5554999999999,770.5115000000001,770.4775,770.945,325.8546589444825,308.2579969338525,295.86419421477,129.47744135668,380.041986667115,21.16091498697919,21.052034495967767,21.15734224294357,21.266531460069466,20.931385451948948,,,,,,1.4025000000000003,1.3551612903225811,1.3635483870967746,1.307,1.471290322580645,0.4921428571428571,0.5141935483870969,0.4841935483870968,0.4723333333333332,1.1741935483870969,0.8485714285714286,0.6983870967741935,0.59,0.5116666666666666,1.0132258064516129,,,,,,,,,,,1.3864285714285711,1.1525806451612906,1.0429032258064517,0.8076666666666668,2.392258064516129,,,,,,,,,,,,,,,,,,,,,,,,,,770.4753333333333,770.4694166666667,770.7153125,770.8441215277779,770.8551828703704,309.99228336436835,267.0032331064075,204.81948543369833,200.53614547530535,209.2861044414132,21.12343057529684,20.948233579856467,20.846665857963263,20.955162278212914,20.921580332745933,15.042846949944824,14.870229956369895,14.518556405823661,14.617083165202523,14.756453395479506,0.28899750710394184,0.29159619333260495,0.48832797571580877,0.5016285980806183,0.5078656015485792,21.401463107993663,10.040745385425794,18.607842865858345,-83.87751424961314,-270.55518750065875,-90.83425847110433,-1.0157745098039186,-1.1303222822060466
1997-04-01,770.579,2,20.1838032934028,16.262701817708358,328.8012145528,1013.7281478472223,-0.1752600562556007,0.34920755980975865,0.39071985763076145,,1.4433333333333331,0.5926666666666666,0.989,,,1.8980000000000004,,,,,,1997,4,0.8660254037844387,-0.4999999999999998,770.4803333333333,770.359,770.5554999999999,770.4635,771.151,337.6855252610875,325.8546589444825,308.2579969338525,265.5666472631275,235.1599335556125,21.31597582997314,21.16091498697919,21.052034495967767,20.612326465053787,20.517861536458355,,,,,,1.4096774193548385,1.4025000000000003,1.3551612903225811,1.3112903225806456,1.824827586206896,0.5338709677419357,0.4921428571428571,0.5141935483870969,0.4358064516129031,1.1126666666666667,0.7322580645161293,0.8485714285714286,0.6983870967741935,0.4603225806451613,1.1089999999999998,,,,,,,,,,,1.2870967741935486,1.3864285714285711,1.1525806451612906,0.7425806451612901,2.3966666666666665,,,,,,,,,,,,,,,,,,,,,,,,,,770.4649444444444,770.4698888888888,770.6765902777778,770.8287604166667,770.8317337962964,323.93272704647416,301.70458042380875,201.28978031652937,203.44332973794553,209.42850904531494,21.17630843764003,20.956474308173746,20.87871505613195,20.95946123906641,20.928525935811194,15.24223599004339,15.144799565324869,14.453382098167971,14.60544938111034,14.735584779188063,0.3337785642846815,0.3102243947374681,0.4951837034018956,0.5010287335060535,0.5122089202579537,16.12403713505165,70.84406884398811,22.39055674615116,-126.23397565564065,-200.78276519729377,-85.70769273064187,-1.0823602941177342,-1.2421266106210962
1997-05-01,770.6424999999999,0,20.35885909274196,15.477686228158625,213.677257108755,1014.9944589717742,-0.22069151266868836,0.39504967959450504,0.4525140805673509,,1.5216129032258066,0.846451612903226,1.029032258064516,,,2.322258064516129,,,,,,1997,5,0.49999999999999994,-0.8660254037844387,770.579,770.4803333333333,770.359,770.4495,771.2015,328.8012145528,337.6855252610875,325.8546589444825,276.99845992553253,142.87471751976,20.1838032934028,21.31597582997314,21.16091498697919,20.440251828125025,21.01723621975809,,,,,,1.4433333333333331,1.4096774193548385,1.4025000000000003,1.3633333333333335,1.563870967741935,0.5926666666666666,0.5338709677419357,0.4921428571428571,0.4863333333333333,0.6935483870967742,0.989,0.7322580645161293,0.8485714285714286,0.5073333333333333,0.7783870967741935,,,,,,,,,,,1.8980000000000004,1.2870967741935486,1.3864285714285711,0.9086666666666666,1.4303225806451614,,,,,,,,,,,,,,,,,,,,,,,,,,770.4727777777777,770.4891388888888,770.6289236111111,770.7950312499999,770.8115185185185,330.78046625279,312.2436749720875,209.09322039962834,202.42516070537386,209.76443170684473,20.886898036785045,20.88505377956525,20.850876869210655,20.93196283708435,20.910832934846688,15.547158922895091,15.356804423047764,14.484545570100844,14.60996311866821,14.743631385042615,0.3795131755729521,0.3270925932198258,0.4723123751791083,0.49084450604928515,0.5058538659276653,23.387215248054616,101.71349841071549,10.52647976624797,-32.592694658453155,-225.2188219790138,-73.61447691556938,-1.0240934343435129,-1.2294742609428584
1997-06-01,770.706,1,20.703233194444465,14.016994730902802,49.36453707245249,1014.3209370572916,-0.16009347639054516,0.6041583805503796,0.6250098159005724,,1.4166666666666667,0.4366666666666667,0.668,,,1.193,,,,,,1997,6,1.2246467991473532e-16,-1.0,770.6424999999999,770.579,770.4803333333333,770.5115000000001,771.244,213.677257108755,328.8012145528,337.6855252610875,295.86419421477,31.0997962495,20.35885909274196,20.1838032934028,21.31597582997314,21.15734224294357,20.6295230746528,,,,,,1.5216129032258066,1.4433333333333331,1.4096774193548385,1.3635483870967746,1.4143333333333332,0.846451612903226,0.5926666666666666,0.5338709677419357,0.4841935483870968,0.5946666666666668,1.029032258064516,0.989,0.7322580645161293,0.59,0.6006666666666666,,,,,,,,,,,2.322258064516129,1.8980000000000004,1.2870967741935486,1.0429032258064517,1.0516666666666667,,,,,,,,,,,,,,,,,,,,,,,,,,770.5672777777777,770.5213055555555,770.5823402777778,770.7613993055555,770.7935601851852,293.3879989742141,301.6901411692912,214.99343203204458,203.19082210326124,209.02296565505557,20.6195460720393,20.87148832366807,20.796012108625977,20.918288117662307,20.899043472527765,15.78626123146284,15.414554090703826,14.531002972514598,14.59910341303705,14.74041368366306,0.4537772961187738,0.371387401611358,0.45051561644237764,0.4846037471535111,0.5022601511117769,-10.492236236113875,60.91271549109993,70.95346087652572,38.209844930541834,-206.8429484297163,-100.30725477997939,-0.8682777777777346,-0.9852419876187919
1997-07-01,770.699,1,20.347025764448947,12.836381273521528,32.9962074533,1015.8864420278898,-0.00787277684798049,0.8906127405464516,0.8906475364805986,,1.3706451612903232,0.3641935483870967,0.5332258064516128,,,0.8864516129032258,,,,,,1997,7,-0.4999999999999997,-0.8660254037844388,770.706,770.6424999999999,770.579,770.5554999999999,770.658,49.36453707245249,213.677257108755,328.8012145528,308.2579969338525,21.2680100363925,20.703233194444465,20.35885909274196,20.1838032934028,21.052034495967767,20.283040596438195,,,,,,1.4166666666666667,1.5216129032258066,1.4433333333333331,1.3551612903225811,1.308064516129032,0.4366666666666667,0.846451612903226,0.5926666666666666,0.5141935483870969,0.5245161290322579,0.668,1.029032258064516,0.989,0.6983870967741935,0.5180645161290323,,,,,,,,,,,1.193,2.322258064516129,1.8980000000000004,1.1525806451612906,0.8348387096774194,,,,,,,,,,,,,,,,,,,,,,,,,,770.6424999999999,770.5537222222223,770.5375069444444,770.7392743055556,770.7868935185185,197.28100291133583,260.606864978905,216.51549376729062,201.60442834123793,208.9263009980296,20.415298526863072,20.795803482251554,20.802154618608615,20.910844584603858,20.899332978893504,15.252460925589931,15.247348457816656,14.574887317277328,14.571243303734386,14.735676135148399,0.48941458469956145,0.41159657449212156,0.43544846604970866,0.48451753035464384,0.4996191731652093,5.059167283833261,29.019016146992392,99.8630849909805,56.47458575349433,-244.91639871827633,-103.78718243291439,-0.6846363636364003,-0.7623086893806524
1997-08-01,770.418,3,21.724274942876367,11.907425821572604,7.314503183195,1014.7536628948252,0.12234058188480394,0.7623392741338626,0.7720935091443631,,1.3364516129032258,0.2990322580645161,0.4625806451612902,,,0.7316129032258064,,,,,,1997,8,-0.8660254037844385,-0.5000000000000004,770.699,770.706,770.6424999999999,770.359,770.5677499999999,32.9962074533,49.36453707245249,213.677257108755,325.8546589444825,45.369982537555,20.347025764448947,20.703233194444465,20.35885909274196,21.16091498697919,21.091541937164003,,,,,,1.3706451612903232,1.4166666666666667,1.5216129032258066,1.4025000000000003,1.3103225806451615,0.3641935483870967,0.4366666666666667,0.846451612903226,0.4921428571428571,0.4677419354838711,0.5332258064516128,0.668,1.029032258064516,0.8485714285714286,0.4612903225806451,,,,,,,,,,,0.8864516129032258,1.193,2.322258064516129,1.3864285714285711,0.6576666666666668,,,,,,,,,,,,,,,,,,,,,,,,,,770.6825,770.5776388888889,770.5409236111112,770.7255659722222,770.7895601851851,98.67933387816917,214.72990006547954,217.49284355203292,202.10062583024103,208.443102700724,20.469706017211788,20.67830202699842,20.807486715942844,20.899861722610687,20.907274925391416,14.110354077527655,14.82875650021137,14.586416005813396,14.564839671831946,14.730966775549385,0.6560571443161738,0.517785159944563,0.43923053063314393,0.4847933251919226,0.501579597382853,-43.94018558863583,17.954146295774002,119.66764470648948,68.20278317040183,-233.00765898220132,-121.18232113591438,-0.8506313131313163,-0.945786975488769
1997-09-01,770.213,1,23.3525249809028,11.416516109375022,30.9478639806325,1012.4073300260416,0.11862587356316377,0.7648578218719995,0.7740023162480866,,1.3658620689655172,0.261,0.4116666666666669,,,0.6176666666666666,,,,,,1997,9,-1.0,-1.8369701987210297e-16,770.418,770.699,770.706,770.4803333333333,770.4775,7.314503183195,32.9962074533,49.36453707245249,337.6855252610875,129.47744135668,21.724274942876367,20.347025764448947,20.703233194444465,21.31597582997314,21.266531460069466,,,,,,1.3364516129032258,1.3706451612903232,1.4166666666666667,1.4096774193548385,1.307,0.2990322580645161,0.3641935483870967,0.4366666666666667,0.5338709677419357,0.4723333333333332,0.4625806451612902,0.5332258064516128,0.668,0.7322580645161293,0.5116666666666666,,,,,,,,,,,0.7316129032258064,0.8864516129032258,1.193,1.2870967741935486,0.8076666666666668,,,,,,,,,,,,,,,,,,,,,,,,,,770.6076666666668,770.5874722222221,770.5284444444445,770.7050243055555,770.7827361111111,29.89174923631583,161.63987410526497,214.32155360583624,201.95883134812627,207.84790479229306,20.924844633923257,20.77219535298128,20.86021446641887,20.91393605903822,20.926557942631188,12.920267275332314,14.353264253397574,14.611747104883735,14.56229438110334,14.710441592604345,0.7625836205085111,0.6081804583136426,0.4498883258231237,0.4789514977838251,0.5002992089369295,-80.91082814834665,-49.37325454091644,11.53946095018349,30.147303816041827,-236.4107265529563,-142.60944583942938,-0.9625934343434892,-1.0575964700085119
1997-10-01,770.215,2,21.493786092069918,14.491829616935506,361.1518144091575,1012.8786169942877,-0.0587041506180897,0.4144401139783585,0.41857709609364213,,1.3819354838709674,0.4890322580645161,0.4838709677419355,,,0.7938709677419353,,,,,,1997,10,-0.8660254037844386,0.5000000000000001,770.213,770.418,770.699,770.579,770.4635,30.9478639806325,7.314503183195,32.9962074533,328.8012145528,265.5666472631275,23.3525249809028,21.724274942876367,20.347025764448947,20.1838032934028,20.612326465053787,,,,,,1.3658620689655172,1.3364516129032258,1.3706451612903232,1.4433333333333331,1.3112903225806456,0.261,0.2990322580645161,0.3641935483870967,0.5926666666666666,0.4358064516129031,0.4116666666666669,0.4625806451612902,0.5332258064516128,0.989,0.4603225806451613,,,,,,,,,,,0.6176666666666666,0.7316129032258064,0.8864516129032258,1.8980000000000004,0.7425806451612901,,,,,,,,,,,,,,,,,,,,,,,,,,770.4433333333333,770.5429166666667,770.5064027777777,770.6808159722223,770.768625,23.75285820570917,110.51693055852247,206.11075549116563,199.91133232316375,206.16855137332408,21.807941896076034,21.111620211469557,21.03404725982165,20.97058819901218,20.961137927536665,12.053441068156388,13.652950996873157,14.398875281099015,14.503572035617227,14.641302054699253,0.812247787291016,0.6508311859952888,0.48052779036637844,0.4879912370792409,0.5033086899738222,123.57328126098486,-119.79184645314922,-90.77283030615683,-68.38227356000567,-285.5507031520563,-203.06616892231187,-0.839823529411774,-0.9623246657947323
1997-11-01,770.248,1,20.6853687309028,16.352905006944468,425.3588617852975,1013.0082837847223,-0.026594733570968726,0.12498364000925347,0.12778180670061554,,1.4796666666666662,0.6413333333333334,0.7026666666666669,,,1.5350000000000004,,,,,,1997,11,-0.5000000000000004,0.8660254037844384,770.215,770.213,770.418,770.6424999999999,770.4495,361.1518144091575,30.9478639806325,7.314503183195,213.677257108755,276.99845992553253,21.493786092069918,23.3525249809028,21.724274942876367,20.35885909274196,20.440251828125025,,,,,,1.3819354838709674,1.3658620689655172,1.3364516129032258,1.5216129032258066,1.3633333333333335,0.4890322580645161,0.261,0.2990322580645161,0.846451612903226,0.4863333333333333,0.4838709677419355,0.4116666666666669,0.4625806451612902,1.029032258064516,0.5073333333333333,,,,,,,,,,,0.7938709677419353,0.6176666666666666,0.7316129032258064,2.322258064516129,0.9086666666666666,,,,,,,,,,,,,,,,,,,,,,,,,,770.282,770.48225,770.4856944444444,770.6627326388889,770.7598750000001,133.13806052432832,115.90869720124874,214.07618608666814,204.1387507755799,206.2779200980005,22.190195338616363,21.329950677914074,21.107502228739662,20.986317446884044,20.9869878744266,12.605257182627712,13.35780563007768,14.357305026562722,14.474904487454147,14.62323868183672,0.6548909738286971,0.6554740590724356,0.49128332614613074,0.4947783698104666,0.505097415449092,111.32063599754184,-1.2777324759976239,16.676413819776386,27.202893586024345,-184.09266029406882,-199.1288948339619,-0.8329411764705128,-0.9532302768854872
1997-12-01,770.6553333333333,3,20.081751984207013,16.4782664230511,407.7290894597525,1014.0956358114919,-0.031192697517263106,0.24458247372754702,0.24656352291669117,,1.552903225806452,1.1383870967741938,1.275483870967742,,,2.787741935483871,,,,,,1997,12,-2.4492935982947064e-16,1.0,770.248,770.215,770.213,770.706,770.5115000000001,425.3588617852975,361.1518144091575,30.9478639806325,49.36453707245249,295.86419421477,20.6853687309028,21.493786092069918,23.3525249809028,20.703233194444465,21.15734224294357,,,,,,1.4796666666666662,1.3819354838709674,1.3658620689655172,1.4166666666666667,1.3635483870967746,0.6413333333333334,0.4890322580645161,0.261,0.4366666666666667,0.4841935483870968,0.7026666666666669,0.4838709677419355,0.4116666666666669,0.668,0.59,,,,,,,,,,,1.5350000000000004,0.7938709677419353,0.6176666666666666,1.193,1.0429032258064517,,,,,,,,,,,,,,,,,,,,,,,,,,770.2253333333333,770.4164999999999,770.4689027777778,770.6281909722221,770.749375,272.48618005836255,151.18896464733916,226.43955290831522,211.82213344017688,208.40565773274375,21.843893267958506,21.384368950940882,21.12792863730448,20.968751174025247,20.995652701828217,14.087083577751669,13.503675426541989,14.459114758622908,14.518329625547317,14.633973312189731,0.440120406347448,0.6013520134279796,0.48636970751966885,0.48698392225460124,0.5012575059423954,72.46303489441385,153.98308911018006,104.60983456926361,175.56329544578932,0.30852365625869993,-122.53033998320439,-0.5658431372550012,-0.6496650805131101
1998-01-01,771.0266666666666,0,20.956161634744646,17.279345730846796,468.50493500687,1013.3001109459005,-0.087772492609501,0.1996746879222866,0.21811462916491284,,1.534516129032258,0.9435483870967742,1.251290322580645,,,2.362903225806452,,,,,1.1,1998,1,0.49999999999999994,0.8660254037844387,770.6553333333333,770.248,770.215,770.699,770.5554999999999,407.7290894597525,425.3588617852975,361.1518144091575,32.9962074533,308.2579969338525,20.081751984207013,20.6853687309028,21.493786092069918,20.347025764448947,21.052034495967767,,,,,,1.552903225806452,1.4796666666666662,1.3819354838709674,1.3706451612903232,1.3551612903225811,1.1383870967741938,0.6413333333333334,0.4890322580645161,0.3641935483870967,0.5141935483870969,1.275483870967742,0.7026666666666669,0.4838709677419355,0.5332258064516128,0.6983870967741935,,,,,,,,,,,2.787741935483871,1.5350000000000004,0.7938709677419353,0.8864516129032258,1.1525806451612906,,,,,,,,,,,,,,,,,,,,,,,,,,770.3727777777777,770.4080555555555,770.4808888888889,770.6142881944444,770.7447453703703,398.0799218847358,210.91639004522247,235.76162751206377,218.41245511334543,209.80795469568085,20.753635602393246,21.28078874923464,21.038296115743098,20.9339948873429,20.982368884110553,15.774333682310361,13.913887375233372,14.580617916525014,14.588075758779844,14.642861659850647,0.26430747523698284,0.5382776312639995,0.4749371028780606,0.48380470083086907,0.49468978898805843,145.5015456413418,307.35695215294055,187.56510569979133,287.4281906907718,158.47624381230372,-72.04764931746939,-0.3216004901960332,-0.354437856460955
1998-02-01,771.3979999999999,2,21.4417156324405,17.318769709821453,360.5558281717875,1014.5830174107143,0.03198789476541668,-0.034956795643630925,0.04738357282006018,,1.733214285714285,0.8478571428571428,1.1721428571428574,,,2.0203571428571427,,,,,,1998,2,0.8660254037844386,0.5000000000000001,771.0266666666666,770.6553333333333,770.248,770.418,770.359,468.50493500687,407.7290894597525,425.3588617852975,7.314503183195,325.8546589444825,20.956161634744646,20.081751984207013,20.6853687309028,21.724274942876367,21.16091498697919,,,,,,1.534516129032258,1.552903225806452,1.4796666666666662,1.3364516129032258,1.4025000000000003,0.9435483870967742,1.1383870967741938,0.6413333333333334,0.2990322580645161,0.4921428571428571,1.251290322580645,1.275483870967742,0.7026666666666669,0.4625806451612902,0.8485714285714286,,,,,,,,,,,2.362903225806452,2.787741935483871,1.5350000000000004,0.7316129032258064,1.3864285714285711,,,,,,,,,,,,,,,,,,,,,1.1,,,,,770.6433333333333,770.4626666666667,770.5201527777778,770.6298576388889,770.7497222222223,433.86429541730666,283.5011779708175,249.11553901814852,225.5260012307698,214.00754562890415,20.574427449951486,21.382311394283928,21.03030671064117,20.93162075203824,20.97975956091387,16.70350572028079,14.65438145145425,14.741568975832807,14.668737681802916,14.680186622468256,0.19748665292740641,0.426188813378052,0.4719869866613075,0.48033819278382484,0.4928823679085258,98.88916739497517,329.2852165332975,328.00748405729985,447.67512876378936,329.2013506304888,79.13762427857063,-0.03548284313740169,-0.039362526550630945
1998-03-01,771.351,2,21.712238524865615,17.320704380040347,352.5317905843725,1012.8050947160618,-0.16114177494367773,0.3401635695136122,0.37640128275052537,,1.9293548387096773,1.0919354838709678,,,,2.108709677419355,,,,,,1998,3,1.0,6.123233995736766e-17,771.3979999999999,771.0266666666666,770.6553333333333,770.213,770.4803333333333,360.5558281717875,468.50493500687,407.7290894597525,30.9478639806325,337.6855252610875,21.4417156324405,20.956161634744646,20.081751984207013,23.3525249809028,21.31597582997314,,,,,,1.733214285714285,1.534516129032258,1.552903225806452,1.3658620689655172,1.4096774193548385,0.8478571428571428,0.9435483870967742,1.1383870967741938,0.261,0.5338709677419357,1.1721428571428574,1.251290322580645,1.275483870967742,0.4116666666666669,0.7322580645161293,,,,,,,,,,,2.0203571428571427,2.362903225806452,2.787741935483871,0.6176666666666666,1.2870967741935486,,,,,,,,,,,,,,,,,,,,,,1.1,,,,771.0266666666666,770.6259999999999,770.606736111111,770.6610243055557,770.7649930555557,412.2632842128034,342.3747321355829,252.00730312042398,228.41339427706114,217.69319802367818,20.826543083797386,21.335218175877944,21.05370676442961,20.95018631119644,20.988010440285148,17.025460621239784,15.556272099495724,14.954768176446649,14.736662291135156,14.729644835617231,0.17068724163388793,0.30540382399066807,0.4567921411521554,0.47256005843398213,0.4866831124377973,36.24772843127869,316.85374793073083,470.83683704091084,482.37629799109436,398.49878374148125,211.82111049043561,-0.14510784313722525,-0.16147149474397324
1998-04-01,771.6840000000001,3,21.460011685763913,17.43422243055558,312.895536244465,1013.5320933767362,-0.30731579237316664,0.5741096707862647,0.651187308178116,,1.9846666666666664,1.3190000000000002,1.337666666666667,,,2.5733333333333337,,,,,1.7,1998,4,0.8660254037844387,-0.4999999999999998,771.351,771.3979999999999,771.0266666666666,770.215,770.579,352.5317905843725,360.5558281717875,468.50493500687,361.1518144091575,328.8012145528,21.712238524865615,21.4417156324405,20.956161634744646,21.493786092069918,20.1838032934028,,,,,,1.9293548387096773,1.733214285714285,1.534516129032258,1.3819354838709674,1.4433333333333331,1.0919354838709678,0.8478571428571428,0.9435483870967742,0.4890322580645161,0.5926666666666666,,1.1721428571428574,1.251290322580645,0.4838709677419355,0.989,,,,,,,,,,,2.108709677419355,2.0203571428571427,2.362903225806452,0.7938709677419353,1.8980000000000004,,,,,,,,,,,,,,,,,,,,,,,1.1,,,771.2585555555555,770.8156666666667,770.6792916666667,770.6779409722222,770.7789375,393.8641845876767,395.97205323620625,253.24449189736438,227.26713610694688,220.0437171244185,21.37003859735025,21.06183709987175,21.08672865567065,20.9827218559013,21.001883711267823,17.306273273569534,16.540303477939947,15.096627237406551,14.775004667787263,14.769175333209075,0.2139664949118327,0.23913698507440787,0.44498408553484836,0.470083894468372,0.4823471841823184,0.21835882671666695,280.63844146759567,587.9953936205362,497.2225633143794,370.98858765873877,296.4397981170856,0.02263970588239772,0.025981534324560376
1998-05-01,771.8340000000001,2,21.313899329637117,16.63329819556454,157.10288299357,1014.6843291330645,-0.15261319926475303,0.46078362005381046,0.4853991482272271,,1.9506666666666663,1.207,1.087096774193548,,,2.2016129032258065,,,,,,1998,5,0.49999999999999994,-0.8660254037844387,771.6840000000001,771.351,771.3979999999999,770.248,770.6424999999999,312.895536244465,352.5317905843725,360.5558281717875,425.3588617852975,213.677257108755,21.460011685763913,21.712238524865615,21.4417156324405,20.6853687309028,20.35885909274196,,,,,,1.9846666666666664,1.9293548387096773,1.733214285714285,1.4796666666666662,1.5216129032258066,1.3190000000000002,1.0919354838709678,0.8478571428571428,0.6413333333333334,0.846451612903226,1.337666666666667,,1.1721428571428574,0.7026666666666669,1.029032258064516,,,,,,,,,,,2.5733333333333337,2.108709677419355,2.0203571428571427,1.5350000000000004,2.322258064516129,,,,,,,,,,,,,,,,,,,,,1.7,,,,,771.4776666666667,771.0605,770.7713749999999,770.7001493055556,770.7871458333334,341.9943850002083,387.92934020875754,251.91901870500314,230.50611955231577,218.92311337191694,21.537988614356674,21.056208032154082,21.193079355034076,21.021978112122365,21.019001676400926,17.35789884013913,17.030702280209958,15.194253955143816,14.83939976262233,14.804726730826745,0.35832405458290034,0.2779053537551535,0.46668970641379454,0.46950104079645144,0.4827929061707883,-33.187158867130364,135.35525465297053,464.640471186268,481.3168850060444,448.7241903475913,256.0980630270306,0.16740656565661993,0.20097977067843964
1998-06-01,771.877,1,20.913420314236134,14.285003642361133,48.42376714636,1015.8484023784722,-0.03807430294877777,0.6944847637629428,0.6955276699340622,,1.8046666666666669,0.7863333333333332,0.7656666666666666,,,1.2633333333333332,,,,,,1998,6,1.2246467991473532e-16,-1.0,771.8340000000001,771.6840000000001,771.351,770.6553333333333,770.706,157.10288299357,312.895536244465,352.5317905843725,407.7290894597525,49.36453707245249,21.313899329637117,21.460011685763913,21.712238524865615,20.081751984207013,20.703233194444465,,,,,,1.9506666666666663,1.9846666666666664,1.9293548387096773,1.552903225806452,1.4166666666666667,1.207,1.3190000000000002,1.0919354838709678,1.1383870967741938,0.4366666666666667,1.087096774193548,1.337666666666667,,1.275483870967742,0.668,,,,,,,,,,,2.2016129032258065,2.5733333333333337,2.108709677419355,2.787741935483871,1.193,,,,,,,,,,,,,,,,,,,,,,1.7,,,,771.623,771.3248333333335,770.8706666666667,770.7265034722222,770.7978217592593,274.1767366074692,343.22001041013624,247.2044875287377,231.09895978039114,217.8620439117534,21.495383180088883,21.160963131943134,21.272666041442008,21.034339075033994,21.03641409225554,17.129408335386824,17.0774344783133,15.290554952427646,14.91077896247112,14.829587259500581,0.5043292463852893,0.33750824400958873,0.46943012871878426,0.459972872580581,0.4795458743419354,-11.433006162206368,3.2789283908649907,320.13267632159585,424.7425108908594,462.9523558214013,217.89956246114312,0.3027222222222008,0.3435014134323811
1998-07-01,771.7696666666667,3,20.772743424059165,12.502594119623678,9.03964043483,1015.0974931031586,-0.01615192826272313,0.948954777085159,0.949092226150519,,1.5867741935483874,0.621290322580645,0.635806451612903,,,0.970967741935484,,,,,,1998,7,-0.4999999999999997,-0.8660254037844388,771.877,771.8340000000001,771.6840000000001,771.0266666666666,770.699,48.42376714636,157.10288299357,312.895536244465,468.50493500687,32.9962074533,20.913420314236134,21.313899329637117,21.460011685763913,20.956161634744646,20.347025764448947,,,,,,1.8046666666666669,1.9506666666666663,1.9846666666666664,1.534516129032258,1.3706451612903232,0.7863333333333332,1.207,1.3190000000000002,0.9435483870967742,0.3641935483870967,0.7656666666666666,1.087096774193548,1.337666666666667,1.251290322580645,0.5332258064516128,,,,,,,,,,,1.2633333333333332,2.2016129032258065,2.5733333333333337,2.362903225806452,0.8864516129032258,,,,,,,,,,,,,,,,,,,,,,,1.7,1.1,,771.7983333333333,771.5284444444445,770.9682499999999,770.7528784722223,770.8155995370371,172.807395461465,283.3357900245708,247.1260900348967,231.82079190109366,216.7783155724575,21.229110443212388,21.299574520281322,21.29018163475798,21.0461681266833,21.037290267988563,16.117508089493754,16.71189068153164,15.312889028382507,14.943888172829917,14.818458545283761,0.6107047087798017,0.4123356018458173,0.4753066165549084,0.4553775413023085,0.48144722575473203,-18.897399734636743,-44.401806202620065,236.2366352649756,423.80174096476696,480.2763267182613,178.8853422464906,0.3860303030303385,0.42982562714205735
1998-08-01,771.6030000000001,2,21.31147189516131,12.70217855342744,40.35699378596,1013.7785177419355,0.08198088816194896,0.797335634617879,0.8015391320798492,,1.5,0.5119354838709679,0.5341935483870967,,,0.7851612903225804,,,,,,1998,8,-0.8660254037844385,-0.5000000000000004,771.7696666666667,771.877,771.8340000000001,771.3979999999999,770.418,9.03964043483,48.42376714636,157.10288299357,360.5558281717875,7.314503183195,20.772743424059165,20.913420314236134,21.313899329637117,21.4417156324405,21.724274942876367,,,,,,1.5867741935483874,1.8046666666666669,1.9506666666666663,1.733214285714285,1.3364516129032258,0.621290322580645,0.7863333333333332,1.207,0.8478571428571428,0.2990322580645161,0.635806451612903,0.7656666666666666,1.087096774193548,1.1721428571428574,0.4625806451612902,,,,,,,,,,,0.970967741935484,1.2633333333333332,2.2016129032258065,2.0203571428571427,0.7316129032258064,,,,,,,,,,,,,,,,,,,,,,,,,,771.8268888888889,771.6522777777778,771.0574722222221,770.7991979166667,770.8362013888889,71.52209685825333,206.75824092923082,245.12970945002417,231.31127650102852,216.44365370350206,21.000021022644138,21.26900481850041,21.325658106392165,21.066572411167506,21.041793850537847,14.473631985849785,15.915765412994453,15.285073432224351,14.935744719018876,14.804917591962749,0.7100063481039359,0.5341652013434183,0.48017700736073515,0.4597037689969396,0.4832545525815267,-10.897694985870828,-63.517564763973475,71.83768988899706,399.8451739462969,468.04795711669874,166.83751496409562,0.33436868686874277,0.3717727576799417
1998-09-01,771.4505,0,21.991451142361136,13.108823467013911,94.038635618895,1012.9498578385417,-0.006143696583142372,0.5705940245079045,0.5706270987359721,,1.5103333333333335,0.4476666666666666,0.4783333333333337,,,0.7039999999999998,,,,,,1998,9,-1.0,-1.8369701987210297e-16,771.6030000000001,771.7696666666667,771.877,771.351,770.213,40.35699378596,9.03964043483,48.42376714636,352.5317905843725,30.9478639806325,21.31147189516131,20.772743424059165,20.913420314236134,21.712238524865615,23.3525249809028,,,,,,1.5,1.5867741935483874,1.8046666666666669,1.9293548387096773,1.3658620689655172,0.5119354838709679,0.621290322580645,0.7863333333333332,1.0919354838709678,0.261,0.5341935483870967,0.635806451612903,0.7656666666666666,,0.4116666666666669,,,,,,,,,,,0.7851612903225804,0.970967741935484,1.2633333333333332,2.108709677419355,0.6176666666666666,,,,,,,,,,,,,,,,,,,,,,,,,,771.7498888888889,771.6864444444445,771.1562222222223,770.8423333333334,770.8554236111111,32.606800455716666,153.3917685315929,247.88325033358794,231.10240196971208,217.26697100994681,20.99921187781887,21.247297528953876,21.291257852415914,21.075736159417392,21.03970999016412,13.163258771804086,15.146333553595454,15.35130282654559,14.981524965714662,14.825297196250753,0.8153863427214767,0.6598577945533831,0.48263080927202556,0.4662595675475747,0.4801779349465586,-17.820056510084157,-41.22810088271394,-37.94917249184895,432.8876645490619,463.03496836510374,196.47693799610562,0.274906565656579,0.30203843393015933
1998-10-01,771.298,1,21.88392642809142,13.827747419354862,155.3140283579,1012.7078654149866,0.07700106929877013,0.448721300921791,0.4552801012279128,,1.558064516129032,0.4758064516129032,0.5641935483870968,,,0.9693548387096774,,,,,,1998,10,-0.8660254037844386,0.5000000000000001,771.4505,771.6030000000001,771.7696666666667,771.6840000000001,770.215,94.038635618895,40.35699378596,9.03964043483,312.895536244465,361.1518144091575,21.991451142361136,21.31147189516131,20.772743424059165,21.460011685763913,21.493786092069918,,,,,,1.5103333333333335,1.5,1.5867741935483874,1.9846666666666664,1.3819354838709674,0.4476666666666666,0.5119354838709679,0.621290322580645,1.3190000000000002,0.4890322580645161,0.4783333333333337,0.5341935483870967,0.635806451612903,1.337666666666667,0.4838709677419355,,,,,,,,,,,0.7039999999999998,0.7851612903225804,0.970967741935484,2.5733333333333337,0.7938709677419353,,,,,,,,,,,,,,,,,,,,,,,,1.7,,771.6077222222224,771.7030277777777,771.2593472222221,770.8828749999999,770.8736597222222,47.81175661322833,110.30957603734667,253.14081463677644,229.62578506397105,217.65449309436798,21.358555487193872,21.29383296520313,21.177835032537438,21.105941146179543,21.039670476853935,12.771198713355012,14.44435340142438,15.492328439682161,14.945601860390589,14.833157503638875,0.7737528189887799,0.692228763884291,0.46568287447934936,0.47310533242286396,0.4805551162126103,-82.26450479027264,-47.61515123059173,-92.01695743321179,495.97843618732446,427.59616262731873,210.42773303526812,0.24317647058819603,0.27864748675455187
1998-11-01,771.391,2,21.63128415104169,14.3102553715278,185.451120161725,1011.7986708072917,-0.09614813103388921,0.3348901523357639,0.34841911146316457,,1.5703333333333334,0.4326666666666667,0.4963333333333333,,,0.7266666666666665,,,,,1.26,1998,11,-0.5000000000000004,0.8660254037844384,771.298,771.4505,771.6030000000001,771.8340000000001,770.248,155.3140283579,94.038635618895,40.35699378596,157.10288299357,425.3588617852975,21.88392642809142,21.991451142361136,21.31147189516131,21.313899329637117,20.6853687309028,,,,,,1.558064516129032,1.5103333333333335,1.5,1.9506666666666663,1.4796666666666662,0.4758064516129032,0.4476666666666666,0.5119354838709679,1.207,0.6413333333333334,0.5641935483870968,0.4783333333333337,0.5341935483870967,1.087096774193548,0.7026666666666669,,,,,,,,,,,0.9693548387096774,0.7039999999999998,0.7851612903225804,2.2016129032258065,1.5350000000000004,,,,,,,,,,,,,,,,,,,,,,,,,,771.4505,771.6386944444445,771.3495972222222,770.9176458333335,770.8916875,96.56988592091834,84.04599138958582,235.98766579917165,225.03192594291988,214.75505578344382,21.728949821871286,21.364485422257715,21.2103467272059,21.158924477972782,21.060993873657996,13.212916479932074,13.843274232890927,15.436988256550443,14.897146641556581,14.795599077152913,0.6091487773479113,0.6595775627259237,0.46874145824053864,0.48001239219333464,0.4860993992871573,-128.58710562603068,-110.98225628622762,-174.4998210502011,290.14065013606694,317.3435437220913,106.04798984199812,0.3100588235294026,0.3548359314593016
1998-12-01,771.4733333333334,3,21.171283373655935,14.296248818884433,272.0282077887125,1012.5443792254705,-0.13645588490645583,0.4341093491942557,0.4550506956191411,,1.5925806451612907,0.4558064516129032,0.5645161290322581,,,0.8341935483870968,,,,,,1998,12,-2.4492935982947064e-16,1.0,771.391,771.298,771.4505,771.877,770.6553333333333,185.451120161725,155.3140283579,94.038635618895,48.42376714636,407.7290894597525,21.63128415104169,21.88392642809142,21.991451142361136,20.913420314236134,20.081751984207013,,,,,,1.5703333333333334,1.558064516129032,1.5103333333333335,1.8046666666666669,1.552903225806452,0.4326666666666667,0.4758064516129032,0.4476666666666666,0.7863333333333332,1.1383870967741938,0.4963333333333333,0.5641935483870968,0.4783333333333337,0.7656666666666666,1.275483870967742,,,,,,,,,,,0.7266666666666665,0.9693548387096774,0.7039999999999998,1.2633333333333332,2.787741935483871,,,,,,,,,,,,,,,,,,,,,1.26,,,,,771.3798333333334,771.5648611111111,771.4448472222222,770.956875,770.9004097222222,144.93459471283998,88.77069758427832,215.9953539972073,221.21745345276125,213.213206959187,21.83555390716475,21.417382892491812,21.28917301221747,21.208550824760973,21.075558453422655,13.74894208596553,13.456100428884804,15.266767453599053,14.86294110611098,14.767808901564564,0.45810877047568305,0.63674755659858,0.4871279003040844,0.48674880391187664,0.48703191493776227,-63.23784677662616,-228.67166692638747,-269.8997678091014,50.23290851249442,225.79620395828374,50.54143216875312,0.2521568627450961,0.28951046279704296
1999-01-01,771.676,1,20.985972266465076,15.15970147009411,355.241686061295,1011.6824539314516,-0.15652678869577621,0.31401273292096105,0.35086269681444193,,1.6148387096774195,0.6303225806451613,0.7525806451612903,,,1.4851612903225806,,,,,1.13,1999,1,0.49999999999999994,0.8660254037844387,771.4733333333334,771.391,771.298,771.7696666666667,771.0266666666666,272.0282077887125,185.451120161725,155.3140283579,9.03964043483,468.50493500687,21.171283373655935,21.63128415104169,21.88392642809142,20.772743424059165,20.956161634744646,,,,,,1.5925806451612907,1.5703333333333334,1.558064516129032,1.5867741935483874,1.534516129032258,0.4558064516129032,0.4326666666666667,0.4758064516129032,0.621290322580645,0.9435483870967742,0.5645161290322581,0.4963333333333333,0.5641935483870968,0.635806451612903,1.251290322580645,,,,,,,,,,,0.8341935483870968,0.7266666666666665,0.9693548387096774,0.970967741935484,2.362903225806452,,,,,,,,,,,,,,,,,,,,,,1.26,,,1.1,771.3874444444444,771.4975833333333,771.5130138888888,770.9969513888888,770.9138634259259,204.26445210277916,126.03810435800375,204.68694719128726,220.22428735167554,213.8372858059927,21.562164650929684,21.460360069061778,21.379967294671548,21.209131705207323,21.082652356452446,14.144750536589035,13.457974624972023,15.084932653251832,14.832775284888422,14.753694723603836,0.41958330277007266,0.5966680608794265,0.5045018313626218,0.48971946712034126,0.49070374434145336,32.23829669576679,-274.08945719292944,-321.7046084235212,-85.46797315854559,201.96021753222624,73.00827065375813,0.32773284313736895,0.361196359939181
1999-02-01,771.5464999999999,2,22.16831297247026,13.980838082217284,159.7144602237125,1011.0632419363839,-0.07075781460447729,0.5801892053970907,0.5844879659898133,,1.633214285714286,0.4632142857142857,0.7410714285714287,,,0.9632142857142858,,,,,0.86,1999,2,0.8660254037844386,0.5000000000000001,771.676,771.4733333333334,771.391,771.6030000000001,771.3979999999999,355.241686061295,272.0282077887125,185.451120161725,40.35699378596,360.5558281717875,20.985972266465076,21.171283373655935,21.63128415104169,21.31147189516131,21.4417156324405,,,,,,1.6148387096774195,1.5925806451612907,1.5703333333333334,1.5,1.733214285714285,0.6303225806451613,0.4558064516129032,0.4326666666666667,0.5119354838709679,0.8478571428571428,0.7525806451612903,0.5645161290322581,0.4963333333333333,0.5341935483870967,1.1721428571428574,,,,,,,,,,,1.4851612903225806,0.8341935483870968,0.7266666666666665,0.7851612903225804,2.0203571428571427,,,,,,,,,,,,,,,,,,,,,1.13,,1.26,,,771.5134444444444,771.4819722222222,771.5671249999999,771.0436388888888,770.9422800925926,270.90700467057746,183.73844529574794,195.24834311248938,222.18194106531894,215.43344852467632,21.262846597054235,21.495898209462762,21.382451513981582,21.206379112311378,21.081897672686022,14.58873522016878,13.900825850050426,14.90829563152244,14.824932303677626,14.748590331709428,0.3847775012989157,0.49696313932341357,0.515564170333416,0.4937755784973617,0.49208018530035524,-101.9522005530998,-159.58665570689004,-270.5689119931177,-198.7312221041206,248.94390665966878,130.47012852636817,0.11301715686261105,0.12537441885518286
1999-03-01,771.526,2,20.569554615255402,15.728486886760777,342.968195505075,1011.3191884240591,-0.10659195273905746,0.41372539132737907,0.4272359346048953,,1.692903225806452,0.5648387096774194,0.9696774193548388,,,2.1077419354838702,,,,,1.36,1999,3,1.0,6.123233995736766e-17,771.5464999999999,771.676,771.4733333333334,771.4505,771.351,159.7144602237125,355.241686061295,272.0282077887125,94.038635618895,352.5317905843725,22.16831297247026,20.985972266465076,21.171283373655935,21.991451142361136,21.712238524865615,,,,,,1.633214285714286,1.6148387096774195,1.5925806451612907,1.5103333333333335,1.9293548387096773,0.4632142857142857,0.6303225806451613,0.4558064516129032,0.4476666666666666,1.0919354838709678,0.7410714285714287,0.7525806451612903,0.5645161290322581,0.4783333333333337,,,,,,,,,,,,0.9632142857142858,1.4851612903225806,0.8341935483870968,0.7039999999999998,2.108709677419355,,,,,,,,,,,,,,,,,,,,,0.86,1.13,,,,771.5652777777777,771.4725555555556,771.5794999999999,771.0931180555555,770.9671828703704,262.32811802457337,203.63135636870666,178.5115624501498,215.2594327852869,211.77945033475737,21.44185620419709,21.63870505568092,21.4430012923174,21.248354028373505,21.114457971570094,14.478929457065277,14.1139357715154,14.630134662555427,14.792451419501036,14.70115308160858,0.46346711947446534,0.46078794497507425,0.5603228697642287,0.508557505458192,0.5018143288773976,26.68413335198119,-132.95175063395916,-361.62341756034664,-399.57259005219555,82.80370793889881,-1.0738063107143319,0.02989215686272928,0.033263062460253665
1999-04-01,771.653,1,20.284546024305577,15.361186161458356,251.698404205895,1013.4409311371529,-0.36048346623444444,0.5887727800515121,0.6903634665580053,,1.735,0.8363333333333334,0.9676666666666666,,,1.9996666666666667,,,,,1.51,1999,4,0.8660254037844387,-0.4999999999999998,771.526,771.5464999999999,771.676,771.298,771.6840000000001,342.968195505075,159.7144602237125,355.241686061295,155.3140283579,312.895536244465,20.569554615255402,22.16831297247026,20.985972266465076,21.88392642809142,21.460011685763913,,,,,,1.692903225806452,1.633214285714286,1.6148387096774195,1.558064516129032,1.9846666666666664,0.5648387096774194,0.4632142857142857,0.6303225806451613,0.4758064516129032,1.3190000000000002,0.9696774193548388,0.7410714285714287,0.7525806451612903,0.5641935483870968,1.337666666666667,,,,,,,,,,,2.1077419354838702,0.9632142857142858,1.4851612903225806,0.9693548387096774,2.5733333333333337,,,,,,,,,,,,,,,,,,,,,1.36,0.86,1.13,,1.7,771.5828333333333,771.4851388888889,771.5940833333333,771.1366875,770.9833217592593,285.9747805966942,245.11961634973667,177.71459619354167,215.47954404545303,210.74962280247848,21.241279951396915,21.4017223011633,21.347777633183213,21.21725314442693,21.104407114995272,14.956342146357393,14.550546341473213,14.497449871448795,14.797038554427672,14.682486402341105,0.4541955324697167,0.4368894176198948,0.5645590907520929,0.5047715881434706,0.5015756265629457,-60.97877321185334,-43.02977050535182,-317.1192276982813,-409.1361851314931,88.08637818288634,-38.14759747275431,-0.008360294117665035,-0.009594350284842557
1999-05-01,771.6529999999999,3,20.56042248319895,14.040723760080668,140.97699506282498,1013.9794428847446,-0.2750045204568112,0.6452513045966902,0.7014105305421436,,1.6345161290322576,0.4848387096774194,0.6822580645161289,,,1.0664516129032262,,,,,1.37,1999,5,0.49999999999999994,-0.8660254037844387,771.653,771.526,771.5464999999999,771.391,771.8340000000001,251.698404205895,342.968195505075,159.7144602237125,185.451120161725,157.10288299357,20.284546024305577,20.569554615255402,22.16831297247026,21.63128415104169,21.313899329637117,,,,,,1.735,1.692903225806452,1.633214285714286,1.5703333333333334,1.9506666666666663,0.8363333333333334,0.5648387096774194,0.4632142857142857,0.4326666666666667,1.207,0.9676666666666666,0.9696774193548388,0.7410714285714287,0.4963333333333333,1.087096774193548,,,,,,,,,,,1.9996666666666667,2.1077419354838702,0.9632142857142858,0.7266666666666665,2.2016129032258065,,,,,,,,,,,,,,,,,,,,,1.51,1.36,0.86,1.26,,771.5751666666666,771.5443055555555,771.5915,771.1814375,770.9972662037037,251.46035331156085,261.18367899106914,172.6148351903275,212.2669269476653,211.20902476498634,21.007471204010415,21.135158900532325,21.24982216139502,21.221450758214548,21.097926128546582,15.023503710145475,14.806119465157126,14.324696849024027,14.759475402083924,14.667832124756229,0.5673624557175713,0.47606997850824356,0.5678237706170836,0.5172567385154391,0.5022752840699956,-49.31304679787539,-136.24684041297195,-295.833496119862,-470.3333171700631,10.983567835981347,-21.609126822471808,-0.013593434343533772,-0.016319582845392474
1999-06-01,771.475,2,20.442461215277802,12.399572236111133,27.327537582025,1014.353046171875,-0.1569550198670137,0.8640661240665972,0.8782056393698043,,1.5896666666666663,0.3913333333333332,0.5303333333333332,,,0.7453333333333334,,,,,1.03,1999,6,1.2246467991473532e-16,-1.0,771.6529999999999,771.653,771.526,771.4733333333334,771.877,140.97699506282498,251.698404205895,342.968195505075,272.0282077887125,48.42376714636,20.56042248319895,20.284546024305577,20.569554615255402,21.171283373655935,20.913420314236134,,,,,,1.6345161290322576,1.735,1.692903225806452,1.5925806451612907,1.8046666666666669,0.4848387096774194,0.8363333333333334,0.5648387096774194,0.4558064516129032,0.7863333333333332,0.6822580645161289,0.9676666666666666,0.9696774193548388,0.5645161290322581,0.7656666666666666,,,,,,,,,,,1.0664516129032262,1.9996666666666667,2.1077419354838702,0.8341935483870968,1.2633333333333332,,,,,,,,,,,,,,,,,,,,,1.37,1.51,1.36,,,771.6106666666666,771.5879722222222,771.5764166666667,771.2235416666666,771.0098078703704,245.21453159126497,253.77132480791917,171.27101119609878,209.2377493624182,211.15631025229368,20.471507707586643,20.956681955891867,21.187032424191838,21.22984923281692,21.08523685808661,15.043465602766602,14.761197529915938,14.108648979400371,14.699601965914008,14.643402301447537,0.6063366439016814,0.5349018816880734,0.5858247191433267,0.5276274239310554,0.5019234881014962,-32.52923572654137,-83.60768665774754,-216.5594372917067,-486.45920510080805,-61.716694209948656,-23.506849279406822,-0.09927777777772917,-0.11265131690280931
1999-07-01,771.3555,2,20.063531110551097,11.454228879368301,15.0994658310975,1015.2305033014113,-0.06512531113547967,0.9577533553812546,0.95996499722362,,1.5574193548387096,0.3438709677419354,0.4693548387096774,,,0.6332258064516129,,,,,1.05,1999,7,-0.4999999999999997,-0.8660254037844388,771.475,771.6529999999999,771.653,771.676,771.7696666666667,27.327537582025,140.97699506282498,251.698404205895,355.241686061295,9.03964043483,20.442461215277802,20.56042248319895,20.284546024305577,20.985972266465076,20.772743424059165,,,,,,1.5896666666666663,1.6345161290322576,1.735,1.6148387096774195,1.5867741935483874,0.3913333333333332,0.4848387096774194,0.8363333333333334,0.6303225806451613,0.621290322580645,0.5303333333333332,0.6822580645161289,0.9676666666666666,0.7525806451612903,0.635806451612903,,,,,,,,,,,0.7453333333333334,1.0664516129032262,1.9996666666666667,1.4851612903225806,0.970967741935484,,,,,,,,,,,,,,,,,,,,,1.03,1.37,1.51,1.13,,771.5936666666666,771.5882499999999,771.5429166666668,771.2555833333334,771.016224537037,140.0009789502483,212.98787977347124,169.5129920657375,208.31954105031707,211.05152528930824,20.429143240927445,20.83521159616218,21.147785832611977,21.21898373368498,21.08004069532619,13.93382738588339,14.445084766120388,13.951529695546204,14.632209361964355,14.613102013735345,0.7566598788233176,0.6054277056465173,0.6010478832629719,0.5381772499089401,0.503934321955863,-12.83757433836924,-142.8210557362701,-185.85082624162192,-507.55543466514314,-83.75369370037615,-27.279107946881826,-0.028136363636349415,-0.03132844766474307
1999-08-01,771.411,1,20.368469674059163,13.23695411794357,112.47277252693,1014.6685411794355,-0.005270147746376519,0.5784244129758382,0.5784484211956255,,1.5374193548387105,0.3516129032258064,0.4293548387096774,,,0.6183870967741935,,,,,1.13,1999,8,-0.8660254037844385,-0.5000000000000004,771.3555,771.475,771.6529999999999,771.5464999999999,771.6030000000001,15.0994658310975,27.327537582025,140.97699506282498,159.7144602237125,40.35699378596,20.063531110551097,20.442461215277802,20.56042248319895,22.16831297247026,21.31147189516131,,,,,,1.5574193548387096,1.5896666666666663,1.6345161290322576,1.633214285714286,1.5,0.3438709677419354,0.3913333333333332,0.4848387096774194,0.4632142857142857,0.5119354838709679,0.4693548387096774,0.5303333333333332,0.6822580645161289,0.7410714285714287,0.5341935483870967,,,,,,,,,,,0.6332258064516129,0.7453333333333334,1.0664516129032262,0.9632142857142858,0.7851612903225804,,,,,,,,,,,,,,,,,,,,,1.05,1.03,1.37,0.86,,771.4944999999999,771.5348333333333,771.5084027777779,771.2829375000001,771.0355995370369,61.13466615864916,156.297509735105,170.01797751542645,207.57384348272532,210.88017683916118,20.35547160300928,20.68147140350985,21.088684806486306,21.207171456439237,21.073943209607105,12.63150829185337,13.82750600099942,13.864165925524922,14.574619678874638,14.578551787854224,0.8465270557118559,0.7069447557147136,0.6019539475190636,0.5410654774398994,0.5071204951709808,61.21808375509917,-94.679856862786,-230.92669727575796,-501.49560926887557,-101.65043532257866,-33.44765215217683,0.1423686868686218,0.15829472496387487
1999-09-01,771.297,0,21.182619472222246,12.817927210069467,117.956191242345,1012.4323132291668,-0.03466659199845139,0.5483127169878402,0.5494075065116734,,1.5309999999999993,0.3473333333333332,0.4643333333333332,,,0.6983333333333334,,,,,0.8,1999,9,-1.0,-1.8369701987210297e-16,771.411,771.3555,771.475,771.526,771.4505,112.47277252693,15.0994658310975,27.327537582025,342.968195505075,94.038635618895,20.368469674059163,20.063531110551097,20.442461215277802,20.569554615255402,21.991451142361136,,,,,,1.5374193548387105,1.5574193548387096,1.5896666666666663,1.692903225806452,1.5103333333333335,0.3516129032258064,0.3438709677419354,0.3913333333333332,0.5648387096774194,0.4476666666666666,0.4293548387096774,0.4693548387096774,0.5303333333333332,0.9696774193548388,0.4783333333333337,,,,,,,,,,,0.6183870967741935,0.6332258064516129,0.7453333333333334,2.1077419354838702,0.7039999999999998,,,,,,,,,,,,,,,,,,,,,1.13,1.05,1.03,1.36,,771.4138333333334,771.5122499999999,771.4924027777778,771.3243124999999,771.0590231481481,51.63325864668417,148.42389511897457,176.02762574384064,211.95543803871428,212.74414322775493,20.29148733329602,20.381497520441332,21.010101288061126,21.15067957023852,21.053857868965302,12.36358507780767,13.703525340287134,13.908730555901267,14.630016691223426,14.623926829110196,0.8055396859296833,0.7059381649156823,0.5833630549453782,0.5329969321087019,0.5052940633468426,6.097499113365842,15.851273690188563,-67.75641296755897,-429.3798305279056,3.5078340211563415,33.65513783719817,0.12140656565657082,0.13338877109817093
1999-10-01,771.183,2,21.527628647513463,13.426341369287657,167.9981648878575,1012.2550596102151,0.11092836090345096,0.5107636191243952,0.5226706189119267,,1.5393548387096778,0.3364516129032256,0.4232258064516129,,,0.6703225806451613,,,,,,1999,10,-0.8660254037844386,0.5000000000000001,771.297,771.411,771.3555,771.653,771.298,117.956191242345,112.47277252693,15.0994658310975,251.698404205895,155.3140283579,21.182619472222246,20.368469674059163,20.063531110551097,20.284546024305577,21.88392642809142,,,,,,1.5309999999999993,1.5374193548387105,1.5574193548387096,1.735,1.558064516129032,0.3473333333333332,0.3516129032258064,0.3438709677419354,0.8363333333333334,0.4758064516129032,0.4643333333333332,0.4293548387096774,0.4693548387096774,0.9676666666666666,0.5641935483870968,,,,,,,,,,,0.6983333333333334,0.6183870967741935,0.6332258064516129,1.9996666666666667,0.9693548387096774,,,,,,,,,,,,,,,,,,,,,0.8,1.13,1.05,1.51,,771.3545,771.4740833333334,771.4796111111112,771.3694791666667,771.081787037037,81.84280986679083,110.92189440851958,178.0207553791281,215.5807850079523,212.42410850235675,20.5382067522775,20.483674996602474,20.942698648882885,21.060266840710163,21.05152698041399,12.503036735793783,13.218432060838582,13.884489201155896,14.68840882041903,14.59189764064569,0.6959403083103061,0.7263000935668119,0.5815947555933535,0.5236388150363515,0.5092684734796937,-69.58036826031514,54.47800853009578,-88.34304720617432,-405.46227490445557,90.51616128286884,22.133887722863165,0.12817647058818693,0.14687297378762398
1999-11-01,771.1105,2,20.387210225694467,14.447573279513911,332.571715104895,1012.5498925868055,-0.07322374381681163,0.28481260908970585,0.294074716619834,,1.6969999999999996,0.4513333333333333,0.565,,,0.9359999999999996,,,,,,1999,11,-0.5000000000000004,0.8660254037844384,771.183,771.297,771.411,771.6529999999999,771.391,167.9981648878575,117.956191242345,112.47277252693,140.97699506282498,185.451120161725,21.527628647513463,21.182619472222246,20.368469674059163,20.56042248319895,21.63128415104169,,,,,,1.5393548387096778,1.5309999999999993,1.5374193548387105,1.6345161290322576,1.5703333333333334,0.3364516129032256,0.3473333333333332,0.3516129032258064,0.4848387096774194,0.4326666666666667,0.4232258064516129,0.4643333333333332,0.4293548387096774,0.6822580645161289,0.4963333333333333,,,,,,,,,,,0.6703225806451613,0.6983333333333334,0.6183870967741935,1.0664516129032262,0.7266666666666665,,,,,,,,,,,,,,,,,,,,,,0.8,1.13,1.37,1.26,771.297,771.39575,771.4700277777778,771.4098125,771.1017731481483,132.80904288571085,96.97185452217998,179.07776675662458,207.53271627789812,209.71387288082144,21.026239264598292,20.690855433803787,20.913007167168058,21.061676947186974,21.07695204103787,13.160407565766901,12.895957928810134,13.851038696983629,14.644013476767036,14.548443993365598,0.5501755155397418,0.6983512856257988,0.5872106320670213,0.5279760451537799,0.5157451388178969,18.533489317139356,-2.2647853918501255,-96.94464225463612,-392.7781383744981,-102.63748823843116,-75.43459465240682,0.029558823529441725,0.033827557495443944
1999-12-01,771.20975,0,20.368599311155936,14.879872138776904,297.4252103398925,1012.611956233199,-0.21590723050397614,0.2608493888450726,0.3386123681213446,,1.8606451612903228,0.7454838709677422,0.6148387096774193,,,1.3622580645161289,,,,,,1999,12,-2.4492935982947064e-16,1.0,771.1105,771.183,771.297,771.475,771.4733333333334,332.571715104895,167.9981648878575,117.956191242345,27.327537582025,272.0282077887125,20.387210225694467,21.527628647513463,21.182619472222246,20.442461215277802,21.171283373655935,,,,,,1.6969999999999996,1.5393548387096778,1.5309999999999993,1.5896666666666663,1.5925806451612907,0.4513333333333333,0.3364516129032256,0.3473333333333332,0.3913333333333332,0.4558064516129032,0.565,0.4232258064516129,0.4643333333333332,0.5303333333333332,0.5645161290322581,,,,,,,,,,,0.9359999999999996,0.6703225806451613,0.6983333333333334,0.7453333333333334,0.8341935483870968,,,,,,,,,,,,,,,,,,,,,,,0.8,1.03,,771.1968333333333,771.3053333333334,771.4466527777778,771.44575,771.1201342592592,206.17535707836586,128.904307862525,191.3378163352221,203.66658516621467,211.25757441358152,21.03248611514339,20.661986724219705,20.809334340055788,21.04925367613663,21.075478663192577,13.563947286290349,12.963766182049007,13.862481855982473,14.564624654790762,14.529454689401478,0.4553842806811446,0.630461983305414,0.5826819324967437,0.534904916400414,0.5187265134401656,-37.840844225446176,-44.94937982980994,-29.09810613962138,-245.65754343132807,-195.42463491883365,-19.861339473044325,-0.011426470588276061,-0.013119146360465008
2000-01-01,771.309,1,21.174382404233896,14.787105060483894,242.9594098297925,1011.0240442288307,-0.11773356557817204,0.3064859449777345,0.32832122522408547,,1.746451612903226,0.57,0.704516129032258,,,1.239354838709677,,,,,,2000,1,0.49999999999999994,0.8660254037844387,771.20975,771.1105,771.183,771.3555,771.676,297.4252103398925,332.571715104895,167.9981648878575,15.0994658310975,355.241686061295,20.368599311155936,20.387210225694467,21.527628647513463,20.063531110551097,20.985972266465076,,,,,,1.8606451612903228,1.6969999999999996,1.5393548387096778,1.5574193548387096,1.6148387096774195,0.7454838709677422,0.4513333333333333,0.3364516129032256,0.3438709677419354,0.6303225806451613,0.6148387096774193,0.565,0.4232258064516129,0.4693548387096774,0.7525806451612903,,,,,,,,,,,1.3622580645161289,0.9359999999999996,0.6703225806451613,0.6332258064516129,1.4851612903225806,,,,,,,,,,,,,,,,,,,,,,,,1.05,1.13,771.16775,771.261125,771.4246875,771.4688506944444,771.1395300925925,265.99836344421504,173.92058665550292,193.4542332144871,199.07059020288716,211.3009359726127,20.76114606145462,20.64967640686606,20.74244400151412,21.061205648092834,21.05356913730959,14.25126226252616,13.377149499159968,13.911117132640179,14.498024892946004,14.525555900805674,0.38511923455103503,0.5405297714306706,0.5729787385385939,0.5387402849506079,0.5174725575930921,-80.04397953573573,-88.88772316862196,-34.40971463852618,-220.26054088014808,-305.7285140386937,-18.300323347921847,-0.03926715686270654,-0.0432765724307514
2000-02-01,771.2643333333334,3,21.4619225484914,14.482378924209792,215.84901214102752,1012.230364682112,-0.08683836058611889,0.3701999707116408,0.3802484966231747,,1.773448275862069,0.6246428571428572,0.7762068965517241,,,1.7193103448275862,,,,,,2000,2,0.8660254037844386,0.5000000000000001,771.309,771.20975,771.1105,771.411,771.5464999999999,242.9594098297925,297.4252103398925,332.571715104895,112.47277252693,159.7144602237125,21.174382404233896,20.368599311155936,20.387210225694467,20.368469674059163,22.16831297247026,,,,,,1.746451612903226,1.8606451612903228,1.6969999999999996,1.5374193548387105,1.633214285714286,0.57,0.7454838709677422,0.4513333333333333,0.3516129032258064,0.4632142857142857,0.704516129032258,0.6148387096774193,0.565,0.4293548387096774,0.7410714285714287,,,,,,,,,,,1.239354838709677,1.3622580645161289,0.9359999999999996,0.6183870967741935,0.9632142857142858,,,,,,,,,,,,,,,,,,,,,,,,1.13,0.86,771.20975,771.2533749999999,771.3941041666666,771.4806145833332,771.1604606481482,290.9854450915267,211.89724398861873,184.09737686186187,189.67285998717566,209.48708633083325,20.643397313694766,20.83481828914653,20.75814484632819,21.070298180154886,21.05696769031698,14.704850159591572,13.932628862679232,13.880067431839327,14.394181531680884,14.509977346398195,0.3203361033217546,0.4352558094307482,0.5711002825727309,0.5433322264530734,0.5195504798558181,-45.81764863578479,-99.35133444404255,-101.61611983589268,-332.5428171116506,-531.2740392157712,-83.59891045198185,-0.1691495098039013,-0.18764426641066037
2000-03-01,771.45,2,20.877409329637118,15.200404354838732,349.56368809045,1011.696067078293,-0.2562293801764753,0.47416668548684643,0.5389689609719679,,1.821935483870968,0.8364516129032258,0.9074193548387096,,,1.838387096774194,,,,,,2000,3,1.0,6.123233995736766e-17,771.2643333333334,771.309,771.20975,771.297,771.526,215.84901214102752,242.9594098297925,297.4252103398925,117.956191242345,342.968195505075,21.4619225484914,21.174382404233896,20.368599311155936,21.182619472222246,20.569554615255402,,,,,,1.773448275862069,1.746451612903226,1.8606451612903228,1.5309999999999993,1.692903225806452,0.6246428571428572,0.57,0.7454838709677422,0.3473333333333332,0.5648387096774194,0.7762068965517241,0.704516129032258,0.6148387096774193,0.4643333333333332,0.9696774193548388,,,,,,,,,,,1.7193103448275862,1.239354838709677,1.3622580645161289,0.6983333333333334,2.1077419354838702,,,,,,,,,,,,,,,,,,,,,,,,0.8,1.36,771.2610277777779,771.2289305555555,771.3705902777779,771.4750451388887,771.1856087962963,252.07787743690415,229.126617257635,188.77525618830478,183.64340931922732,206.4313739196262,21.001634754627077,21.017060434885234,20.699278977663283,21.07114013499034,21.065329011470098,14.716452041156865,14.140199663723605,13.921862502005368,14.275998582280396,14.502255113669147,0.34906069665620154,0.40222248866867316,0.5540803267921778,0.5572015982782031,0.5237317792361873,33.27962593735617,-163.7024723969667,-208.65185222677664,-276.4082651943356,-675.9808552465312,-193.60455725543682,-0.04610784313717886,-0.05130737381121606
2000-04-01,771.638,1,20.810431329861135,14.994354776041689,229.28860809752248,1012.3989370486111,-0.3144339452117014,0.5690879183071051,0.6501767180271142,,1.828333333333333,0.8493333333333334,0.8393333333333335,,,1.4349999999999998,,,,,,2000,4,0.8660254037844387,-0.4999999999999998,771.45,771.2643333333334,771.309,771.183,771.653,349.56368809045,215.84901214102752,242.9594098297925,167.9981648878575,251.698404205895,20.877409329637118,21.4619225484914,21.174382404233896,21.527628647513463,20.284546024305577,,,,,,1.821935483870968,1.773448275862069,1.746451612903226,1.5393548387096778,1.735,0.8364516129032258,0.6246428571428572,0.57,0.3364516129032256,0.8363333333333334,0.9074193548387096,0.7762068965517241,0.704516129032258,0.4232258064516129,0.9676666666666666,,,,,,,,,,,1.838387096774194,1.7193103448275862,1.239354838709677,0.6703225806451613,1.9996666666666667,,,,,,,,,,,,,,,,,,,,,,,,,1.51,771.3411111111112,771.2544305555556,771.3642569444445,771.4791701388889,771.2125439814814,269.4573700204233,267.72786673231917,189.32488057041937,183.51973838198055,206.76132288710846,21.171238094120806,20.966192077787714,20.724933537195096,21.036355585189153,21.053146608682983,14.823296113177475,14.537279187851814,13.8778556243452,14.187652747896996,14.49064424440018,0.41584622760640927,0.40048273107872223,0.5633914123227671,0.56397525153743,0.5243115295365695,-83.38856932022586,-92.58200223416435,-181.4697254027863,-269.81277260896064,-678.9489577404537,-181.7263944260743,-0.023360294117651392,-0.02680848799901928
2000-05-01,771.324,1,21.512214292674752,13.849603852486581,67.221164636325,1013.2070243195565,-0.18411390215085854,0.713250997133162,0.7366307853169495,,1.6883870967741936,0.609032258064516,0.6032258064516127,,,1.0529032258064517,,,,,,2000,5,0.49999999999999994,-0.8660254037844387,771.638,771.45,771.2643333333334,771.1105,771.6529999999999,229.28860809752248,349.56368809045,215.84901214102752,332.571715104895,140.97699506282498,20.810431329861135,20.877409329637118,21.4619225484914,20.387210225694467,20.56042248319895,,,,,,1.828333333333333,1.821935483870968,1.773448275862069,1.6969999999999996,1.6345161290322576,0.8493333333333334,0.8364516129032258,0.6246428571428572,0.4513333333333333,0.4848387096774194,0.8393333333333335,0.9074193548387096,0.7762068965517241,0.565,0.6822580645161289,,,,,,,,,,,1.4349999999999998,1.838387096774194,1.7193103448275862,0.9359999999999996,1.0664516129032262,,,,,,,,,,,,,,,,,,,,,,,,,1.37,771.4507777777777,771.3302638888889,771.3630069444445,771.4772534722221,771.2419606481482,264.90043610966666,277.94294060059667,187.45739756138835,180.03611637585792,203.99708381890633,21.049921069329883,20.846659191512327,20.768757312658057,21.00928973702654,21.070552943029053,14.89237935169674,14.798614755644152,13.847286342227143,14.085991595625584,14.455412382131662,0.5231313918740855,0.42173374759792015,0.5600425166118596,0.5639331436144716,0.5315186645475793,-123.06887722437537,-95.92659201865447,-195.27792646269702,-292.22256871733316,-762.5558858873962,-281.2390008813518,-0.34259343434348466,-0.4113001757142841
2000-06-01,771.166,2,20.559079206597247,12.661741585069468,41.6982174188025,1014.6794538975695,-0.1011288321566875,0.8933209787048524,0.8990269248957846,,1.6346666666666665,0.4973333333333335,0.5396666666666668,,,0.7013333333333331,,,,,,2000,6,1.2246467991473532e-16,-1.0,771.324,771.638,771.45,771.20975,771.475,67.221164636325,229.28860809752248,349.56368809045,297.4252103398925,27.327537582025,21.512214292674752,20.810431329861135,20.877409329637118,20.368599311155936,20.442461215277802,,,,,,1.6883870967741936,1.828333333333333,1.821935483870968,1.8606451612903228,1.5896666666666663,0.609032258064516,0.8493333333333334,0.8364516129032258,0.7454838709677422,0.3913333333333332,0.6032258064516127,0.8393333333333335,0.9074193548387096,0.6148387096774193,0.5303333333333332,,,,,,,,,,,1.0529032258064517,1.4349999999999998,1.838387096774194,1.3622580645161289,0.7453333333333334,,,,,,,,,,,,,,,,,,,,,,,,,1.03,771.4706666666667,771.3658472222223,771.3355902777779,771.4560034722222,771.2608912037036,215.35782027476583,233.71784885583497,181.31107835918,176.29104477763937,199.9288590280055,21.06668498405767,21.03415986934237,20.848073296781042,21.017552860486436,21.102590587471628,14.681454327789004,14.698953184472932,13.83135968326097,13.97000433133067,14.410187871696328,0.6419254881053438,0.4954930923807727,0.5629775378430933,0.57440112849321,0.5394107952350681,-18.158555889763868,-173.17782060724505,-336.88029300421175,-365.97839914383314,-852.4376042446412,-427.69509335378183,-0.40827777777769825,-0.46327617678734734
2000-07-01,770.908,1,20.470250324260775,10.82635043010755,3.771126274635,1014.0522038222447,-0.03377910360223789,1.1077233384199001,1.108238251604906,,1.5954838709677417,0.4296774193548388,0.4912903225806452,,,0.562258064516129,,,,,,2000,7,-0.4999999999999997,-0.8660254037844388,771.166,771.324,771.638,771.309,771.3555,41.6982174188025,67.221164636325,229.28860809752248,242.9594098297925,15.0994658310975,20.559079206597247,21.512214292674752,20.810431329861135,21.174382404233896,20.063531110551097,,,,,,1.6346666666666665,1.6883870967741936,1.828333333333333,1.746451612903226,1.5574193548387096,0.4973333333333335,0.609032258064516,0.8493333333333334,0.57,0.3438709677419354,0.5396666666666668,0.6032258064516127,0.8393333333333335,0.704516129032258,0.4693548387096774,,,,,,,,,,,0.7013333333333331,1.0529032258064517,1.4349999999999998,1.239354838709677,0.6332258064516129,,,,,,,,,,,,,,,,,,,,,,,,,1.05,771.3760000000001,771.3585555555555,771.3098402777778,771.4263784722222,771.2736689814815,112.73599671755,191.09668336898667,182.50863501224478,176.01081353899113,199.715905704293,20.960574943044378,21.06590651858259,20.857791462724325,21.00278864766815,21.09858631003143,13.835233404532582,14.329264758855027,13.853207129007496,13.902368412276852,14.372541950978736,0.7619448094132827,0.5888955185098461,0.5647126449702584,0.5828802641166151,0.5470223815960462,-24.16591389483174,-224.6160024343651,-317.19800466852945,-351.6077193070556,-859.1631539721988,-435.3614130074318,-0.4756363636363403,-0.5295975385525381
2000-08-01,770.778,2,21.211668188844108,11.864896263440883,29.887348337665,1014.0624201444892,0.04953618174895734,0.9237092957375229,0.9250365918893027,,1.5364516129032262,0.4000000000000001,0.3938709677419354,,,0.4838709677419358,,,,,,2000,8,-0.8660254037844385,-0.5000000000000004,770.908,771.166,771.324,771.2643333333334,771.411,3.771126274635,41.6982174188025,67.221164636325,215.84901214102752,112.47277252693,20.470250324260775,20.559079206597247,21.512214292674752,21.4619225484914,20.368469674059163,,,,,,1.5954838709677417,1.6346666666666665,1.6883870967741936,1.773448275862069,1.5374193548387105,0.4296774193548388,0.4973333333333335,0.609032258064516,0.6246428571428572,0.3516129032258064,0.4912903225806452,0.5396666666666668,0.6032258064516127,0.7762068965517241,0.4293548387096774,,,,,,,,,,,0.562258064516129,0.7013333333333331,1.0529032258064517,1.7193103448275862,0.6183870967741935,,,,,,,,,,,,,,,,,,,,,,,,,1.13,771.1326666666668,771.2917222222222,771.2725486111111,771.3904756944444,771.279474537037,37.5635027765875,151.2319694431271,181.56460671587294,175.79129211564967,198.90409789377452,20.847181274510927,20.948551171920403,20.891684730533466,20.990184768509884,21.102009214470645,12.445898622554536,13.669138987125635,13.800883924902436,13.832524925213677,14.316707760883904,0.9146319872725467,0.7188816895733162,0.5770687495020322,0.5895113485105479,0.553066568127277,-21.36734043416583,-165.39334700897098,-261.3199390276254,-362.9360588635181,-864.4316681323937,-464.58649418609684,-0.4906313131313027,-0.5455156641463806
2000-09-01,770.534,1,22.572374329861134,11.090220239583356,28.772175393455,1011.6163569444445,0.10784840079515799,0.7998699615212587,0.8071079437709016,,1.479666666666667,0.3626666666666666,0.3436666666666665,,,0.4366666666666666,,,,,,2000,9,-1.0,-1.8369701987210297e-16,770.778,770.908,771.166,771.45,771.297,29.887348337665,3.771126274635,41.6982174188025,349.56368809045,117.956191242345,21.211668188844108,20.470250324260775,20.559079206597247,20.877409329637118,21.182619472222246,,,,,,1.5364516129032262,1.5954838709677417,1.6346666666666665,1.821935483870968,1.5309999999999993,0.4000000000000001,0.4296774193548388,0.4973333333333335,0.8364516129032258,0.3473333333333332,0.3938709677419354,0.4912903225806452,0.5396666666666668,0.9074193548387096,0.4643333333333332,,,,,,,,,,,0.4838709677419358,0.562258064516129,0.7013333333333331,1.838387096774194,0.6983333333333334,,,,,,,,,,,,,,,,,,,,,,,,,0.8,770.9506666666666,771.2106666666667,771.2197986111111,771.3561006944445,771.2894745370371,25.118897343700834,120.23835880923333,174.68248803343417,175.35505688863736,199.53112137028756,20.74699923990071,20.906842111979188,20.961951273432213,20.986026280746668,21.08777013796975,11.78432942620597,13.232891876997483,13.686545770360544,13.797638163130905,14.315526384269134,0.9774339227966644,0.8096797054510042,0.6059510970598386,0.5946570760026085,0.5573149870924142,-83.08651673552416,-63.69181021876143,-236.8696308260065,-445.52148305278314,-874.9013135806888,-442.01364903162676,-0.6415934343434628,-0.70491541613835
2000-10-01,770.4259999999999,2,21.52008793682798,13.828531695228516,226.8454128616825,1012.486863298051,0.08155570499927756,0.3772806122115558,0.38599481002813435,,1.444516129032258,0.3854838709677419,0.4416129032258065,,,0.6012903225806452,,,,,,2000,10,-0.8660254037844386,0.5000000000000001,770.534,770.778,770.908,771.638,771.183,28.772175393455,29.887348337665,3.771126274635,229.28860809752248,167.9981648878575,22.572374329861134,21.211668188844108,20.470250324260775,20.810431329861135,21.527628647513463,,,,,,1.479666666666667,1.5364516129032262,1.5954838709677417,1.828333333333333,1.5393548387096778,0.3626666666666666,0.4000000000000001,0.4296774193548388,0.8493333333333334,0.3364516129032256,0.3436666666666665,0.3938709677419354,0.4912903225806452,0.8393333333333335,0.4232258064516129,,,,,,,,,,,0.4366666666666666,0.4838709677419358,0.562258064516129,1.4349999999999998,0.6703225806451613,,,,,,,,,,,,,,,,,,,,,,,,,,770.7399999999999,771.058,771.1562152777777,771.3179131944445,771.2983912037038,20.810216668585,66.7731066930675,167.25048671269334,172.63562104591074,199.47068557619932,21.418097614322004,21.18933627868319,21.07776417823545,21.01023141355917,21.06609928655193,11.2604889777106,12.547861191121589,13.542570189486701,13.713529695321299,14.306462610108253,0.9467942624217033,0.8543695359174931,0.6274261334981076,0.6045104445457306,0.5582345878569368,-10.733120286490163,-128.61977106452173,-353.23577349888683,-534.7054989016731,-940.1677738061287,-444.1893376188043,-0.6288235294118749,-0.720547081133808
2000-11-01,770.688,1,20.4732109496528,15.516170097222245,321.9923078157825,1012.035529921875,0.03331932317106076,0.12031201235166317,0.12484052872638891,,1.6563333333333328,0.6776666666666666,0.6479999999999999,,,1.2303333333333335,,,,,,2000,11,-0.5000000000000004,0.8660254037844384,770.4259999999999,770.534,770.778,771.324,771.1105,226.8454128616825,28.772175393455,29.887348337665,67.221164636325,332.571715104895,21.52008793682798,22.572374329861134,21.211668188844108,21.512214292674752,20.387210225694467,,,,,,1.444516129032258,1.479666666666667,1.5364516129032262,1.6883870967741936,1.6969999999999996,0.3854838709677419,0.3626666666666666,0.4000000000000001,0.609032258064516,0.4513333333333333,0.4416129032258065,0.3436666666666665,0.3938709677419354,0.6032258064516127,0.565,,,,,,,,,,,0.6012903225806452,0.4366666666666666,0.4838709677419358,1.0529032258064517,0.9359999999999996,,,,,,,,,,,,,,,,,,,,,,,,,,770.5793333333332,770.8560000000001,771.0931319444445,771.2815798611113,771.3042523148148,95.16831219760083,66.36590748709416,172.15442404384544,175.61609540023497,195.73995219988058,21.768043485177742,21.307612379844333,21.077135785678326,20.995071476423192,21.06682989335076,12.261216066084254,12.353557344319393,13.576086049981773,13.713562373482702,14.288037667838616,0.7060464485627795,0.8103392179176631,0.6160364827577917,0.6016235574124065,0.5573295243551172,7.954082028026846,-115.18697745618016,-280.58032446515114,-475.85825092784813,-868.6363893023462,-578.4957391662793,-0.3929411764705719,-0.44968772949119823
2000-12-01,770.6935000000001,2,20.328918647513465,15.743385151209699,333.738446105415,1013.2608863911289,-0.01050598413111558,0.30255781184830816,0.30274016121585107,,1.912258064516129,0.9732258064516128,0.8112903225806453,,,1.6938709677419357,,,,,,2000,12,-2.4492935982947064e-16,1.0,770.688,770.4259999999999,770.534,771.166,771.20975,321.9923078157825,226.8454128616825,28.772175393455,41.6982174188025,297.4252103398925,20.4732109496528,21.52008793682798,22.572374329861134,20.559079206597247,20.368599311155936,,,,,,1.6563333333333328,1.444516129032258,1.479666666666667,1.6346666666666665,1.8606451612903228,0.6776666666666666,0.3854838709677419,0.3626666666666666,0.4973333333333335,0.7454838709677422,0.6479999999999999,0.4416129032258065,0.3436666666666665,0.5396666666666668,0.6148387096774193,,,,,,,,,,,1.2303333333333335,0.6012903225806452,0.4366666666666666,0.7013333333333331,1.3622580645161289,,,,,,,,,,,,,,,,,,,,,,,,,,770.5493333333334,770.75,771.057923611111,771.2522881944443,771.316474537037,192.53663202364,108.82776468367042,171.27280676975272,181.3053115524874,192.86865903406067,21.52189107211397,21.13444515600734,21.084302512674856,20.946818426365322,21.060936621649372,13.478307344011375,12.63131838510867,13.665135784790799,13.763808820386638,14.26479503145744,0.439314427508475,0.7083741751525697,0.6019336337666712,0.5923077831317075,0.5572478221891665,-1.5276084599236697,-85.86555499398747,-149.5573652127489,-486.43765821696064,-732.0952016482887,-681.8622931357943,-0.527676470588176,-0.6058445427341996
2001-01-01,770.567,1,19.782252389112926,15.696916933803786,380.818337410845,1013.253215532594,0.06634263078644155,0.012786496239490942,0.06756359334544469,,1.889677419354839,1.0403225806451613,1.2851612903225809,,,1.945806451612903,,,,,,2001,1,0.49999999999999994,0.8660254037844387,770.6935000000001,770.688,770.4259999999999,770.908,771.309,333.738446105415,321.9923078157825,226.8454128616825,3.771126274635,242.9594098297925,20.328918647513465,20.4732109496528,21.52008793682798,20.470250324260775,21.174382404233896,,,,,,1.912258064516129,1.6563333333333328,1.444516129032258,1.5954838709677417,1.746451612903226,0.9732258064516128,0.6776666666666666,0.3854838709677419,0.4296774193548388,0.57,0.8112903225806453,0.6479999999999999,0.4416129032258065,0.4912903225806452,0.704516129032258,,,,,,,,,,,1.6938709677419357,1.2303333333333335,0.6012903225806452,0.562258064516129,1.239354838709677,,,,,,,,,,,,,,,,,,,,,,,,,,770.6025,770.67125,771.0149027777778,771.2197951388889,771.3175347222223,294.1920555942933,157.50113613143915,174.2989097502129,183.87657148235,190.8133633853291,20.774072511331415,21.09608506282671,21.08099579070465,20.911719896109386,21.067802362296774,15.02936231455349,13.144925646132043,13.737095202493533,13.824106167566855,14.244381662795181,0.27119183332345814,0.6089930478725808,0.5989442831912134,0.5859615108649037,0.5588082843641432,57.81494804531678,-4.306646718386986,-132.9264177829087,-450.12442245143814,-670.3849633315863,-755.8529364901318,-0.7812671568626683,-0.8610392858324207
2001-02-01,771.031,1,20.677271958705383,15.537590478050618,290.15272839014,1012.1305589471726,-0.07334597952986792,0.38344351482217265,0.3903953915870134,,1.8853571428571427,0.9432142857142856,0.8175,,,1.7953571428571435,,,,,,2001,2,0.8660254037844386,0.5000000000000001,770.567,770.6935000000001,770.688,770.778,771.2643333333334,380.818337410845,333.738446105415,321.9923078157825,29.887348337665,215.84901214102752,19.782252389112926,20.328918647513465,20.4732109496528,21.211668188844108,21.4619225484914,,,,,,1.889677419354839,1.912258064516129,1.6563333333333328,1.5364516129032262,1.773448275862069,1.0403225806451613,0.9732258064516128,0.6776666666666666,0.4000000000000001,0.6246428571428572,1.2851612903225809,0.8112903225806453,0.6479999999999999,0.3938709677419354,0.7762068965517241,,,,,,,,,,,1.945806451612903,1.6938709677419357,1.2303333333333335,0.4838709677419358,1.7193103448275862,,,,,,,,,,,,,,,,,,,,,,,,,,770.6495,770.6144166666667,770.9530694444444,771.1735868055556,771.3047662037037,345.5163637773475,220.34233798747417,185.7871537153006,184.94226528858124,188.3776245632173,20.194793995426398,20.981418740302068,20.964984956111234,20.86156490121971,21.035193772140335,15.652157394078579,13.956686730081413,13.812912858603523,13.846490145221425,14.200425307321764,0.16504809442922821,0.43554727149600386,0.5772144805346601,0.5741573815536954,0.5546263111469356,28.48606761332769,64.24142161341996,-50.945555842760186,-312.2654948703856,-644.8083119820363,-843.5395340861569,-0.4024828431373635,-0.44649019634135273
2001-03-01,771.047,2,20.599958946572603,15.526187328629053,302.9833730780025,1012.5667313676075,-0.12743494567485952,0.4610544636702184,0.47834180650387137,,1.8748387096774195,1.169677419354839,0.7700000000000001,,,1.7419354838709675,,,,,,2001,3,1.0,6.123233995736766e-17,771.031,770.567,770.6935000000001,770.534,771.45,290.15272839014,380.818337410845,333.738446105415,28.772175393455,349.56368809045,20.677271958705383,19.782252389112926,20.328918647513465,22.572374329861134,20.877409329637118,,,,,,1.8853571428571427,1.889677419354839,1.912258064516129,1.479666666666667,1.821935483870968,0.9432142857142856,1.0403225806451613,0.9732258064516128,0.3626666666666666,0.8364516129032258,0.8175,1.2851612903225809,0.8112903225806453,0.3436666666666665,0.9074193548387096,,,,,,,,,,,1.7953571428571435,1.945806451612903,1.6938709677419357,0.4366666666666666,1.838387096774194,,,,,,,,,,,,,,,,,,,,,,,,,,770.7638333333334,770.6565833333333,770.933625,771.1521076388889,771.2945717592592,334.90317063546667,263.71990132955335,191.97913006939334,190.37719312884906,186.42198290261598,20.26281433177726,20.892352701945615,20.8995974069624,20.799438192312845,21.013959225647696,15.65929752102137,14.56880243251637,13.900847154756926,13.911354828381148,14.15094810643924,0.25356638204943643,0.3464404047789557,0.5780600551149799,0.5660701909535788,0.5641544172237954,-13.300689075091327,84.7734071987208,-1.0921477952666656,-237.96177862127314,-514.3700438156088,-913.9426338678044,-0.44910784313719887,-0.4997532398302317
2001-04-01,771.298,1,20.27234071180558,15.721816411458356,255.62945003581,1013.1262498177083,-0.24511275836767882,0.47289888571225697,0.5326477451585676,,1.8446666666666665,1.2686666666666668,1.0550000000000002,,,1.9120000000000004,,,,,,2001,4,0.8660254037844387,-0.4999999999999998,771.047,771.031,770.567,770.4259999999999,771.638,302.9833730780025,290.15272839014,380.818337410845,226.8454128616825,229.28860809752248,20.599958946572603,20.677271958705383,19.782252389112926,21.52008793682798,20.810431329861135,,,,,,1.8748387096774195,1.8853571428571427,1.889677419354839,1.444516129032258,1.828333333333333,1.169677419354839,0.9432142857142856,1.0403225806451613,0.3854838709677419,0.8493333333333334,0.7700000000000001,0.8175,1.2851612903225809,0.4416129032258065,0.8393333333333335,,,,,,,,,,,1.7419354838709675,1.7953571428571435,1.945806451612903,0.6012903225806452,1.4349999999999998,,,,,,,,,,,,,,,,,,,,,,,,,,770.8816666666667,770.7420833333334,770.9000416666668,771.1321493055556,771.2861273148148,324.65147962632915,309.42176761031124,188.09743715168938,188.71115886105437,185.04563797188345,20.353161098130304,20.56361680473086,20.876476541707024,20.80070503945106,20.98306257069511,15.586898246827822,15.308130280690655,13.927995735906121,13.90292568012566,14.101100410566705,0.3121002638121098,0.2916460485677839,0.5730077922426385,0.5681996022827028,0.5669860984391661,-57.04772738193833,73.00032658355315,68.69367986516616,-284.54209363372064,-554.3548662426813,-963.4910513741744,-0.3633602941176832,-0.4169956095207497
2001-05-01,771.2384999999999,2,20.213185465389806,15.03847528057798,208.623230499505,1014.4595334005376,-0.17549207156254604,0.586802189828172,0.612482062732005,,1.7219354838709675,1.1609677419354842,0.7393548387096773,,,1.6938709677419357,,,,,,2001,5,0.49999999999999994,-0.8660254037844387,771.298,771.047,771.031,770.688,771.324,255.62945003581,302.9833730780025,290.15272839014,321.9923078157825,67.221164636325,20.27234071180558,20.599958946572603,20.677271958705383,20.4732109496528,21.512214292674752,,,,,,1.8446666666666665,1.8748387096774195,1.8853571428571427,1.6563333333333328,1.6883870967741936,1.2686666666666668,1.169677419354839,0.9432142857142856,0.6776666666666666,0.609032258064516,1.0550000000000002,0.7700000000000001,0.8175,0.6479999999999999,0.6032258064516127,,,,,,,,,,,1.9120000000000004,1.7419354838709675,1.7953571428571435,1.2303333333333335,1.0529032258064517,,,,,,,,,,,,,,,,,,,,,,,,,,771.1253333333334,770.8874166666668,770.8717083333332,771.1173576388888,771.2754050925926,282.92185050131746,314.2191071393325,190.29250731321335,188.87495243730083,183.45491335497638,20.51652387236119,20.355658933893793,20.83163565686906,20.800196484763557,20.95007171030738,15.595198072712678,15.623677733395626,13.98861753885751,13.917951940542325,14.053533576702893,0.46712831441648417,0.3160882044228562,0.5632137111702596,0.5616281138910596,0.5636933327997343,18.333188638804643,-41.862348843701966,22.379072769717993,-258.20125169543314,-550.4238204127663,-1020.7571375828294,-0.4280934343435092,-0.5139471079036609
2001-06-01,771.2485,2,19.901612701388913,13.645386690972245,67.6095185621625,1015.22196171875,-0.007296774128527778,0.6953222278204045,0.695360513269062,,1.5689999999999995,0.8296666666666667,0.5526666666666666,,,1.013,,,,,,2001,6,1.2246467991473532e-16,-1.0,771.2384999999999,771.298,771.047,770.6935000000001,771.166,208.623230499505,255.62945003581,302.9833730780025,333.738446105415,41.6982174188025,20.213185465389806,20.27234071180558,20.599958946572603,20.328918647513465,20.559079206597247,,,,,,1.7219354838709675,1.8446666666666665,1.8748387096774195,1.912258064516129,1.6346666666666665,1.1609677419354842,1.2686666666666668,1.169677419354839,0.9732258064516128,0.4973333333333335,0.7393548387096773,1.0550000000000002,0.7700000000000001,0.8112903225806453,0.5396666666666668,,,,,,,,,,,1.6938709677419357,1.9120000000000004,1.7419354838709675,1.6938709677419357,0.7013333333333331,,,,,,,,,,,,,,,,,,,,,,,,,,771.1945,770.9791666666666,770.8645833333334,771.1000868055556,771.2588634259259,255.74535120443917,295.3242609199529,202.0760128018117,191.69354558049585,184.88603411903014,20.361828374589326,20.312321353183293,20.723383254595316,20.78572827568818,20.9194963251894,15.428826340221798,15.544061930621583,14.087690157865126,13.959524920563048,14.009232940175488,0.541157204798148,0.39736179342379213,0.552867984288181,0.5579227610656371,0.5672234137582003,7.752745253596139,-52.015227818225014,32.75817938049579,-116.7991858322531,-482.77758497608625,-969.2367900768943,-0.32577777777771644,-0.3696627433230402
2001-07-01,771.075,2,20.12509384744626,12.95856058635755,52.235722530960004,1015.0329676999328,-0.06564628425159105,0.753677408912085,0.756530945395147,,1.5267741935483867,0.7051612903225807,0.5109677419354839,,,0.7980645161290323,,,,,,2001,7,-0.4999999999999997,-0.8660254037844388,771.2485,771.2384999999999,771.298,770.567,770.908,67.6095185621625,208.623230499505,255.62945003581,380.818337410845,3.771126274635,19.901612701388913,20.213185465389806,20.27234071180558,19.782252389112926,20.470250324260775,,,,,,1.5689999999999995,1.7219354838709675,1.8446666666666665,1.889677419354839,1.5954838709677417,0.8296666666666667,1.1609677419354842,1.2686666666666668,1.0403225806451613,0.4296774193548388,0.5526666666666666,0.7393548387096773,1.0550000000000002,1.2851612903225809,0.4912903225806452,,,,,,,,,,,1.013,1.6938709677419357,1.9120000000000004,1.945806451612903,0.562258064516129,,,,,,,,,,,,,,,,,,,,,,,,,,771.2616666666667,771.0716666666666,770.8714583333334,771.0906493055555,771.2414050925926,177.28739969915918,250.96943966274418,204.23528789709167,193.37196145466825,185.41897165835798,20.12904629286143,20.24110369549587,20.668594379161288,20.763192920942807,20.891390558165867,14.801892794336196,15.194395520582006,14.169660583357023,14.011433856182263,13.99146580263691,0.6134967737198781,0.462798518765994,0.5358957833192873,0.5503042141447728,0.5672187705175058,24.298682361493263,-30.96179348953755,42.0385330940156,-90.88788468889311,-442.4956039959487,-950.0510386610919,-0.3086363636363103,-0.3436513079865528
2001-08-01,770.8555,2,20.986389845430132,12.360419514448948,35.8321964910225,1014.7414066196236,0.002382952729247309,0.6782830763158714,0.678287262212871,,1.472580645161291,0.5906451612903225,0.4632258064516129,,,0.7145161290322579,,,,,,2001,8,-0.8660254037844385,-0.5000000000000004,771.075,771.2485,771.2384999999999,771.031,770.778,52.235722530960004,67.6095185621625,208.623230499505,290.15272839014,29.887348337665,20.12509384744626,19.901612701388913,20.213185465389806,20.677271958705383,21.211668188844108,,,,,,1.5267741935483867,1.5689999999999995,1.7219354838709675,1.8853571428571427,1.5364516129032262,0.7051612903225807,0.8296666666666667,1.1609677419354842,0.9432142857142856,0.4000000000000001,0.5109677419354839,0.5526666666666666,0.7393548387096773,0.8175,0.3938709677419354,,,,,,,,,,,0.7980645161290323,1.013,1.6938709677419357,1.7953571428571435,0.4838709677419358,,,,,,,,,,,,,,,,,,,,,,,,,,771.1873333333333,771.1563333333334,770.885375,771.0789618055555,771.2221087962963,109.48949053087584,196.20567051609666,208.2740042517854,194.91930548382916,186.61886282769493,20.079964004741658,20.298243938551426,20.639831339426745,20.765758034980106,20.87340029214884,13.880807519302593,14.738002796007635,14.347344763044523,14.074114343973479,14.004131537823959,0.6881245071320713,0.5776264107742778,0.5065868411351407,0.5418277953185865,0.5618698460520789,-15.422492280808328,50.384616253894045,8.522267410192079,-42.42328843256811,-405.35934729608624,-906.8549565649618,-0.41313131313131635,-0.4593461457324127
2001-09-01,770.8132499999999,0,21.20649207638891,13.578751678819469,166.712105576895,1012.6930300434028,-0.0002656527416926985,0.38622099537490623,0.38622108673629213,,1.4170000000000005,0.568,0.5186666666666667,,,1.0433333333333332,,,,,,2001,9,-1.0,-1.8369701987210297e-16,770.8555,771.075,771.2485,771.047,770.534,35.8321964910225,52.235722530960004,67.6095185621625,302.9833730780025,28.772175393455,20.986389845430132,20.12509384744626,19.901612701388913,20.599958946572603,22.572374329861134,,,,,,1.472580645161291,1.5267741935483867,1.5689999999999995,1.8748387096774195,1.479666666666667,0.5906451612903225,0.7051612903225807,0.8296666666666667,1.169677419354839,0.3626666666666666,0.4632258064516129,0.5109677419354839,0.5526666666666666,0.7700000000000001,0.3436666666666665,,,,,,,,,,,0.7145161290322579,0.7980645161290323,1.013,1.7419354838709675,0.4366666666666666,,,,,,,,,,,,,,,,,,,,,,,,,,771.0596666666667,771.1270833333333,770.8918333333335,771.0558159722223,771.2013449074074,51.89247919471501,153.8189151995771,208.76940826456521,191.7259481489997,186.49317401394669,20.337698798088436,20.34976358633888,20.62105814414225,20.79150470878723,20.86437023521186,12.98812226392625,14.208474302074023,14.388638367295195,14.03759206882787,13.994638231185668,0.7100595736256933,0.6256083892119206,0.48602439699543815,0.5459877470276384,0.5584461830002183,54.85341344791584,16.628935334281074,-35.38629248394394,-36.4784402792106,-481.9999233319937,-911.3797538598993,-0.3623434343435292,-0.39810487316884474
2001-10-01,770.771,2,20.97908816028228,14.947842674731206,247.8352189245225,1012.9521732862903,0.1428322689620229,0.16751603090426745,0.22014240315477418,,1.375161290322581,0.5374193548387097,0.5348387096774194,,,0.9093548387096771,,,,,,2001,10,-0.8660254037844386,0.5000000000000001,770.8132499999999,770.8555,771.075,771.298,770.4259999999999,166.712105576895,35.8321964910225,52.235722530960004,255.62945003581,226.8454128616825,21.20649207638891,20.986389845430132,20.12509384744626,20.27234071180558,21.52008793682798,,,,,,1.4170000000000005,1.472580645161291,1.5267741935483867,1.8446666666666665,1.444516129032258,0.568,0.5906451612903225,0.7051612903225807,1.2686666666666668,0.3854838709677419,0.5186666666666667,0.4632258064516129,0.5109677419354839,1.0550000000000002,0.4416129032258065,,,,,,,,,,,1.0433333333333332,0.7145161290322579,0.7980645161290323,1.9120000000000004,0.6012903225806452,,,,,,,,,,,,,,,,,,,,,,,,,,770.9145833333332,771.0881250000001,770.9151041666668,771.0356597222221,771.1836435185185,84.9266748662925,131.10703728272583,220.26440244651857,193.75744457960593,188.51188151278,20.7726585897551,20.450852441308268,20.50723462301956,20.79249940062751,20.842565816712632,12.965910593208656,13.883901693772424,14.596015987231539,14.06929308835912,14.007691792624712,0.60701309811477,0.610254935917324,0.450950492242554,0.5391883128703309,0.553323793778005,10.256685776349855,63.72960352860078,32.76781003906323,101.4614899042294,-433.24400899744376,-838.7062839018993,-0.28382352941184763,-0.32522354223302435
2001-11-01,770.7760000000001,2,20.49680919791669,15.458055243055579,299.632340777635,1013.1222563368055,-0.06589550429424829,0.19658590901622222,0.20733604874678135,,1.2673333333333336,0.6566666666666667,0.615,,,1.1013333333333335,,,,,,2001,11,-0.5000000000000004,0.8660254037844384,770.771,770.8132499999999,770.8555,771.2384999999999,770.688,247.8352189245225,166.712105576895,35.8321964910225,208.623230499505,321.9923078157825,20.97908816028228,21.20649207638891,20.986389845430132,20.213185465389806,20.4732109496528,,,,,,1.375161290322581,1.4170000000000005,1.472580645161291,1.7219354838709675,1.6563333333333328,0.5374193548387097,0.568,0.5906451612903225,1.1609677419354842,0.6776666666666666,0.5348387096774194,0.5186666666666667,0.4632258064516129,0.7393548387096773,0.6479999999999999,,,,,,,,,,,0.9093548387096771,1.0433333333333332,0.7145161290322579,1.6938709677419357,1.2303333333333335,,,,,,,,,,,,,,,,,,,,,,,,,,770.81325,771.0002916666666,770.9438541666665,771.0184930555555,771.1690046296296,150.12650699748,129.8079987641779,222.0135529517552,197.0839884978003,191.08191458407507,21.05732336070044,20.56864368272105,20.462151308307423,20.769643546992878,20.8174314203846,13.629004622666542,13.754906070984566,14.689291902190098,14.132688976085936,14.038805549718498,0.42821691736797907,0.5581707122500252,0.4371294583364407,0.5265829705471162,0.5467921910537511,-14.405885010120642,49.68760694345737,100.0722231973514,122.45129596706941,-353.40695496077876,-746.1850933352767,-0.3049411764704928,-0.34897922001223636
2001-12-01,770.7925,2,20.839079338037656,15.52390573588712,276.92320932478003,1012.6924050823253,-0.1253055179484224,0.36262483449119876,0.3836642326541421,,1.3148387096774197,0.6900000000000001,0.6635483870967741,,,1.1558064516129032,,,,,,2001,12,-2.4492935982947064e-16,1.0,770.7760000000001,770.771,770.8132499999999,771.2485,770.6935000000001,299.632340777635,247.8352189245225,166.712105576895,67.6095185621625,333.738446105415,20.49680919791669,20.97908816028228,21.20649207638891,19.901612701388913,20.328918647513465,,,,,,1.2673333333333336,1.375161290322581,1.4170000000000005,1.5689999999999995,1.912258064516129,0.6566666666666667,0.5374193548387097,0.568,0.8296666666666667,0.9732258064516128,0.615,0.5348387096774194,0.5186666666666667,0.5526666666666666,0.8112903225806453,,,,,,,,,,,1.1013333333333335,0.9093548387096771,1.0433333333333332,1.013,1.6938709677419357,,,,,,,,,,,,,,,,,,,,,,,,,,770.7867499999999,770.9232083333333,770.9511875000002,771.0045555555556,771.1519212962962,238.05988842635085,144.97618381053292,220.1502223652429,195.71151456749783,194.25361515673924,20.894129811529293,20.615914304808864,20.464117828996077,20.774210170835467,20.78591822724224,14.66154986553542,13.824836064730832,14.684448997676208,14.174792391233503,14.07068887948316,0.2712331795459492,0.4906463765858213,0.44400408500480676,0.522968859385739,0.5428732170894073,-58.34284524055863,50.704214214145054,67.33314954842612,100.09132892892193,-386.34632928803876,-632.0038727193668,-0.4286764705882433,-0.49217904299381954
2002-01-01,770.966,2,20.168121317204324,16.03207663810486,342.75358927501,1013.4933997899865,-0.013813110939238912,0.22866579245775706,0.22908261975574173,,1.323225806451613,1.0561290322580643,1.0477419354838708,,,2.407096774193549,,,,,,2002,1,0.49999999999999994,0.8660254037844387,770.7925,770.7760000000001,770.771,771.075,770.567,276.92320932478003,299.632340777635,247.8352189245225,52.235722530960004,380.818337410845,20.839079338037656,20.49680919791669,20.97908816028228,20.12509384744626,19.782252389112926,,,,,,1.3148387096774197,1.2673333333333336,1.375161290322581,1.5267741935483867,1.889677419354839,0.6900000000000001,0.6566666666666667,0.5374193548387097,0.7051612903225807,1.0403225806451613,0.6635483870967741,0.615,0.5348387096774194,0.5109677419354839,1.2851612903225809,,,,,,,,,,,1.1558064516129032,1.1013333333333335,0.9093548387096771,0.7980645161290323,1.945806451612903,,,,,,,,,,,,,,,,,,,,,,,,,,770.7798333333334,770.8472083333332,770.9594375,770.9871701388889,771.1330092592593,274.7969230089792,179.86179893763585,215.41561930019,194.8572645252015,194.38958742162998,20.771658898745542,20.772158744250323,20.506631219873096,20.79381350528887,20.776690337363956,15.309934551224638,14.137922572216645,14.666159046399327,14.20162712444643,14.104790460511012,0.27038089485189926,0.43869699648333466,0.4507477576246643,0.5248460204079389,0.5408902597848239,19.75019990948175,-62.49204447432942,1.2375590542713581,43.27609214828696,-406.8483303031512,-627.1088711832992,-0.38226715686266743,-0.4212989588145183
2002-02-01,771.11,1,21.058999114583354,15.945449782366094,258.62586495389996,1012.9420910807291,-0.10249875848857032,0.3436236150703199,0.35858497504175163,,1.4539285714285717,0.7996428571428573,0.7903571428571426,,,2.251428571428572,,,,,,2002,2,0.8660254037844386,0.5000000000000001,770.966,770.7925,770.7760000000001,770.8555,771.031,342.75358927501,276.92320932478003,299.632340777635,35.8321964910225,290.15272839014,20.168121317204324,20.839079338037656,20.49680919791669,20.986389845430132,20.677271958705383,,,,,,1.323225806451613,1.3148387096774197,1.2673333333333336,1.472580645161291,1.8853571428571427,1.0561290322580643,0.6900000000000001,0.6566666666666667,0.5906451612903225,0.9432142857142856,1.0477419354838708,0.6635483870967741,0.615,0.4632258064516129,0.8175,,,,,,,,,,,2.407096774193549,1.1558064516129032,1.1013333333333335,0.7145161290322579,1.7953571428571435,,,,,,,,,,,,,,,,,,,,,,,,,,770.8448333333334,770.8290416666667,770.9926875000001,770.9728784722223,771.113287037037,306.436379792475,228.28144339497752,212.2435569555371,199.01535533541883,194.0426958442332,20.501336617719556,20.779329989209998,20.53878696388071,20.751885959995974,20.753972255440047,15.671345872349187,14.650175247507862,14.69408902175775,14.253500940180636,14.129023104066867,0.27336096705222174,0.35078894221010043,0.464207676492189,0.5207110785134246,0.5375074798665267,-3.0407958229123437,-52.99853034119752,-3.3109233977401544,5.2113440124519315,-307.05415085793373,-639.5969679695844,-0.3234828431372989,-0.3588523600647951
2002-03-01,770.9929999999999,2,20.641237454637118,16.324244548051098,333.26387432276,1012.4968181955644,-0.18458460771517304,0.43348640526605176,0.4711495950925226,,1.435483870967742,0.925483870967742,0.9799999999999998,,,2.0790322580645166,,,,,,2002,3,1.0,6.123233995736766e-17,771.11,770.966,770.7925,770.8132499999999,771.047,258.62586495389996,342.75358927501,276.92320932478003,166.712105576895,302.9833730780025,21.058999114583354,20.168121317204324,20.839079338037656,21.20649207638891,20.599958946572603,,,,,,1.4539285714285717,1.323225806451613,1.3148387096774197,1.4170000000000005,1.8748387096774195,0.7996428571428573,1.0561290322580643,0.6900000000000001,0.568,1.169677419354839,0.7903571428571426,1.0477419354838708,0.6635483870967741,0.5186666666666667,0.7700000000000001,,,,,,,,,,,2.251428571428572,2.407096774193549,1.1558064516129032,1.0433333333333332,1.7419354838709675,,,,,,,,,,,,,,,,,,,,,,,,,,770.9561666666667,770.8714583333334,770.9992708333333,770.9664479166668,771.101162037037,292.76755451789666,265.41372147212377,209.61631833585042,200.79772420262188,196.79023486451618,20.688733256608444,20.79143153406887,20.570597560203876,20.73509748358314,20.72315798160985,15.833810718786026,15.247680292160721,14.728077297117373,14.314462225937149,14.183595651293222,0.32377727581721183,0.2975052276815805,0.46155680844675057,0.5198084317808652,0.5312323967846361,16.97981216966616,-41.633441153989224,9.07077306015583,-26.315519423788103,-264.2772980450613,-540.6855632393969,-0.5031078431372862,-0.5598427603390773
2002-04-01,771.283,2,20.514264128472245,15.939508640625025,347.0005987577125,1012.0207104427084,-0.3636914780867351,0.5508553823886754,0.6600857092374353,,1.8086666666666669,1.3969999999999996,1.0623333333333334,,,2.708,,,,,,2002,4,0.8660254037844387,-0.4999999999999998,770.9929999999999,771.11,770.966,770.771,771.298,333.26387432276,258.62586495389996,342.75358927501,247.8352189245225,255.62945003581,20.641237454637118,21.058999114583354,20.168121317204324,20.97908816028228,20.27234071180558,,,,,,1.435483870967742,1.4539285714285717,1.323225806451613,1.375161290322581,1.8446666666666665,0.925483870967742,0.7996428571428573,1.0561290322580643,0.5374193548387097,1.2686666666666668,0.9799999999999998,0.7903571428571426,1.0477419354838708,0.5348387096774194,1.0550000000000002,,,,,,,,,,,2.0790322580645166,2.251428571428572,2.407096774193549,0.9093548387096771,1.9120000000000004,,,,,,,,,,,,,,,,,,,,,,,,,,771.023,770.9014166666666,770.9947708333333,770.94740625,771.0863564814814,311.54777618389,293.1723495964346,212.1396934395802,200.1185652956348,196.52067038722964,20.6227859621416,20.69722243044357,20.57403743587592,20.72525698879147,20.725149171592676,16.100590322840688,15.705262437032658,14.794582065402542,14.361288900654332,14.200144475217954,0.352939063296672,0.3116599790742856,0.46095745749580486,0.5169826248692218,0.5324522206870701,34.32342133996417,33.68921625623557,-28.80282821809385,3.964981820969385,-280.5771118127513,-550.3898844217118,-0.3783602941176696,-0.43420974723492645
2002-05-01,771.3235,2,20.580249072580667,15.575201930443571,141.641438060595,1014.2375327704973,-0.1338896185400286,0.6182474327662288,0.6325791002513654,,1.5983870967741938,1.0764516129032262,0.8987096774193548,,,2.198709677419355,,,,,,2002,5,0.49999999999999994,-0.8660254037844387,771.283,770.9929999999999,771.11,770.7760000000001,771.2384999999999,347.0005987577125,333.26387432276,258.62586495389996,299.632340777635,208.623230499505,20.514264128472245,20.641237454637118,21.058999114583354,20.49680919791669,20.213185465389806,,,,,,1.8086666666666669,1.435483870967742,1.4539285714285717,1.2673333333333336,1.7219354838709675,1.3969999999999996,0.925483870967742,0.7996428571428573,0.6566666666666667,1.1609677419354842,1.0623333333333334,0.9799999999999998,0.7903571428571426,0.615,0.7393548387096773,,,,,,,,,,,2.708,2.0790322580645166,2.251428571428572,1.1013333333333335,1.6938709677419357,,,,,,,,,,,,,,,,,,,,,,,,,,771.1286666666666,770.98675,770.9935208333333,770.9326145833334,771.0760787037037,312.9634460114575,309.69991290196623,219.75395583307207,205.02323157314268,199.16795356922458,20.738166899230905,20.61975175847523,20.594197720598142,20.712916688733603,20.731530230041752,16.06973432368074,15.870540098014963,14.812723084499764,14.400670311678638,14.21620898852814,0.49660675979056984,0.3849838634213958,0.4715772878357105,0.5173954995029851,0.5316111718726099,-48.64860380010538,48.26243768671799,-4.736092654479535,95.33613054287189,-162.86512115256122,-455.0876898698944,-0.34309343434347284,-0.41190045017151755
2002-06-01,771.125,2,20.57040143229169,13.240635600694468,19.874364157429998,1015.358390295139,-0.01109901020739057,0.9008624136179192,0.900930783299742,,1.3263333333333327,0.7356666666666669,0.6016666666666667,,,1.1386666666666667,,,,,,2002,6,1.2246467991473532e-16,-1.0,771.3235,771.283,770.9929999999999,770.7925,771.2485,141.641438060595,347.0005987577125,333.26387432276,276.92320932478003,67.6095185621625,20.580249072580667,20.514264128472245,20.641237454637118,20.839079338037656,19.901612701388913,,,,,,1.5983870967741938,1.8086666666666669,1.435483870967742,1.3148387096774197,1.5689999999999995,1.0764516129032262,1.3969999999999996,0.925483870967742,0.6900000000000001,0.8296666666666667,0.8987096774193548,1.0623333333333334,0.9799999999999998,0.6635483870967741,0.5526666666666666,,,,,,,,,,,2.198709677419355,2.708,2.0790322580645166,1.1558064516129032,1.013,,,,,,,,,,,,,,,,,,,,,,,,,,771.1998333333332,771.078,771.0006041666667,770.9325937500001,771.066925925926,273.96863704702247,283.3680957824596,214.17213979649625,208.12407629915393,199.18641031916263,20.578583551896674,20.63365840425256,20.624786354530713,20.674084804563016,20.73208096863569,15.946318373039901,15.890064545912962,14.857450305321896,14.47257023159351,14.25883338214933,0.5879381348604411,0.4558577053388264,0.4732520409623238,0.5130600126252524,0.5296991876978661,-39.982409151136366,2.6546297095249543,-38.97881144446427,28.354338103961865,-88.44484772829125,-454.42324687212437,-0.4492777777777519,-0.509799216448468
2002-07-01,771.2090000000001,2,21.066711152553786,12.381635843414,15.388011938415,1015.1260645665322,0.03182201988347781,0.8200473371430913,0.8206645332320261,,1.2416129032258063,0.6151612903225803,0.4909677419354842,,,0.9222580645161288,,,,,,2002,7,-0.4999999999999997,-0.8660254037844388,771.125,771.3235,771.283,770.966,771.075,19.874364157429998,141.641438060595,347.0005987577125,342.75358927501,52.235722530960004,20.57040143229169,20.580249072580667,20.514264128472245,20.168121317204324,20.12509384744626,,,,,,1.3263333333333327,1.5983870967741938,1.8086666666666669,1.323225806451613,1.5267741935483867,0.7356666666666669,1.0764516129032262,1.3969999999999996,1.0561290322580643,0.7051612903225807,0.6016666666666667,0.8987096774193548,1.0623333333333334,1.0477419354838708,0.5109677419354839,,,,,,,,,,,1.1386666666666667,2.198709677419355,2.708,2.407096774193549,0.7980645161290323,,,,,,,,,,,,,,,,,,,,,,,,,,771.2438333333333,771.1334166666666,770.9903125,770.9308854166667,771.0572037037037,169.5054669919125,240.52662158790122,210.1942102627685,207.2147490799301,198.979377724035,20.5549715444482,20.5888787532949,20.68051874877261,20.67455656396695,20.735634863552743,14.918448723921024,15.509519523380852,14.823721047798749,14.496690815577885,14.28219625338776,0.7311985309295143,0.5420687971130931,0.49038289679821384,0.5131393400587506,0.5303304416959198,-12.549028231051741,-54.30759161127757,-20.618375355042005,-19.38081630077064,-110.26870098966373,-461.87642029671935,-0.17463636363629575,-0.19444894334080276
2002-08-01,771.0405000000001,2,21.243061130712388,12.145991323924754,19.3694829432125,1014.488608047715,-0.030620779822236183,0.891677241085304,0.8922028549754933,,1.1577419354838705,0.5148387096774195,0.437741935483871,,,0.7567741935483874,,,,,,2002,8,-0.8660254037844385,-0.5000000000000004,771.2090000000001,771.125,771.3235,771.11,770.8555,15.388011938415,19.874364157429998,141.641438060595,258.62586495389996,35.8321964910225,21.066711152553786,20.57040143229169,20.580249072580667,21.058999114583354,20.986389845430132,,,,,,1.2416129032258063,1.3263333333333327,1.5983870967741938,1.4539285714285717,1.472580645161291,0.6151612903225803,0.7356666666666669,1.0764516129032262,0.7996428571428573,0.5906451612903225,0.4909677419354842,0.6016666666666667,0.8987096774193548,0.7903571428571426,0.4632258064516129,,,,,,,,,,,0.9222580645161288,1.1386666666666667,2.198709677419355,2.251428571428572,0.7145161290322579,,,,,,,,,,,,,,,,,,,,,,,,,,771.2191666666668,771.1739166666666,771.0014791666667,770.9434270833334,771.0531342592592,58.96793805214666,185.96569203180206,207.1235677133898,207.69878598258757,198.9873928936827,20.73912055247538,20.73864372585314,20.75898685753157,20.69940909847916,20.763500975830596,13.732491124850682,14.90111272426571,14.775643985886788,14.561494374465655,14.307957557944583,0.784724805594378,0.6406657826924739,0.4957273624512872,0.5011571017932139,0.5264609843628201,-31.88520582861833,-101.18004118229348,-52.9176034955755,-56.228526893315646,-98.65181532588375,-461.5878741894019,-0.22813131313125723,-0.25365116629251633
2002-09-01,770.783,0,22.319682862847245,12.027641225694467,44.3837940922625,1013.0029967361111,0.013492223561232614,0.7554868273271055,0.75560729639238,,1.0899999999999996,0.4876666666666666,0.4146666666666668,,,0.6636666666666666,,,,,,2002,9,-1.0,-1.8369701987210297e-16,771.0405000000001,771.2090000000001,771.125,770.9929999999999,770.8132499999999,19.3694829432125,15.388011938415,19.874364157429998,333.26387432276,166.712105576895,21.243061130712388,21.066711152553786,20.57040143229169,20.641237454637118,21.20649207638891,,,,,,1.1577419354838705,1.2416129032258063,1.3263333333333327,1.435483870967742,1.4170000000000005,0.5148387096774195,0.6151612903225803,0.7356666666666669,0.925483870967742,0.568,0.437741935483871,0.4909677419354842,0.6016666666666667,0.9799999999999998,0.5186666666666667,,,,,,,,,,,0.7567741935483874,0.9222580645161288,1.1386666666666667,2.0790322580645166,1.0433333333333332,,,,,,,,,,,,,,,,,,,,,,,,,,771.1248333333334,771.1623333333333,771.0168958333334,770.9543645833332,771.0428425925926,18.21061967968583,146.08962836335414,205.75167491773894,207.26054159115208,196.4011904052461,20.960057905185952,20.769320728541313,20.780376131305093,20.70071713772367,20.78779518295985,12.589420922677744,14.267869647858818,14.75777497000977,14.573206668652483,14.277653035888502,0.8712660571690871,0.7296020960147641,0.5135536618481723,0.4997890294218052,0.5351763853011496,-67.47489803671667,-84.41664321080643,-81.76201350128147,-72.69124044112564,-109.16968072033625,-554.6911637731195,-0.3925934343434392,-0.4313403930428004
2002-10-01,770.5255,2,21.75496447244626,13.583120735887118,213.69326114707752,1011.9551174731182,0.05130991371993618,0.4950655042211021,0.49771735022564906,,1.1564516129032256,0.4735483870967743,0.4490322580645162,,,0.7193548387096774,,,,,,2002,10,-0.8660254037844386,0.5000000000000001,770.783,771.0405000000001,771.2090000000001,771.283,770.771,44.3837940922625,19.3694829432125,15.388011938415,347.0005987577125,247.8352189245225,22.319682862847245,21.243061130712388,21.066711152553786,20.514264128472245,20.97908816028228,,,,,,1.0899999999999996,1.1577419354838705,1.2416129032258063,1.8086666666666669,1.375161290322581,0.4876666666666666,0.5148387096774195,0.6151612903225803,1.3969999999999996,0.5374193548387097,0.4146666666666668,0.437741935483871,0.4909677419354842,1.0623333333333334,0.5348387096774194,,,,,,,,,,,0.6636666666666666,0.7567741935483874,0.9222580645161288,2.708,0.9093548387096771,,,,,,,,,,,,,,,,,,,,,,,,,,771.0108333333334,771.1273333333334,771.0143750000001,770.9647395833332,771.0285648148148,26.380429657963333,97.94294832493792,195.55764896068624,207.9110257036024,194.35751270663272,21.54315171537114,21.04906162990967,20.87314203017662,20.690188326598093,20.81938027714388,12.18508946434441,13.551769094132714,14.628515765582685,14.612265876407113,14.255700647433644,0.8228248948666331,0.7770117128980738,0.5443358459861797,0.4976431691143668,0.5409041572422804,-23.88527200109513,-111.90913209638673,-166.2167237076643,-195.01955192575815,-93.55806202152876,-628.2635609232018,-0.5293235294118404,-0.6065334807841312
2002-11-01,770.7004999999999,2,20.795964970486136,14.924286395833356,287.2379720029425,1013.3536885243055,-0.12756648576420382,0.47455711393666666,0.4914037674643198,,1.324,0.5960000000000001,0.5693333333333334,,,1.0406666666666669,,,,,,2002,11,-0.5000000000000004,0.8660254037844384,770.5255,770.783,771.0405000000001,771.3235,770.7760000000001,213.69326114707752,44.3837940922625,19.3694829432125,141.641438060595,299.632340777635,21.75496447244626,22.319682862847245,21.243061130712388,20.580249072580667,20.49680919791669,,,,,,1.1564516129032256,1.0899999999999996,1.1577419354838705,1.5983870967741938,1.2673333333333336,0.4735483870967743,0.4876666666666666,0.5148387096774195,1.0764516129032262,0.6566666666666667,0.4490322580645162,0.4146666666666668,0.437741935483871,0.8987096774193548,0.615,,,,,,,,,,,0.7193548387096774,0.6636666666666666,0.7567741935483874,2.198709677419355,1.1013333333333335,,,,,,,,,,,,,,,,,,,,,,,,,,770.783,771.0010833333332,770.9939166666667,770.9688854166666,771.0103009259259,92.48217939418417,75.72505872316542,192.71248581256586,207.3630193821605,195.62682093605548,21.772569488668633,21.255845020572007,20.937798389523618,20.69997484891552,20.82569516116979,12.585584428502115,13.159037776676398,14.51478893734568,14.602040419767887,14.260055629839181,0.7151758338645074,0.7499503197294426,0.5674670915754192,0.5022982749559299,0.5402110108898839,-26.80025378481315,-123.24537586643012,-224.4254170487236,-229.16150970320314,-106.71021373613372,-582.5684646639818,-0.38044117647064013,-0.43538254348575484
2002-12-01,770.72,2,20.725272256384432,15.541549480846797,341.4508701202675,1013.9010262432796,-0.1387737951024854,0.3220072483297641,0.3506377535064542,,1.5687096774193543,0.6529032258064518,0.6645161290322581,,,1.277741935483871,,,,,,2002,12,-2.4492935982947064e-16,1.0,770.7004999999999,770.5255,770.783,771.125,770.7925,287.2379720029425,213.69326114707752,44.3837940922625,19.874364157429998,276.92320932478003,20.795964970486136,21.75496447244626,22.319682862847245,20.57040143229169,20.839079338037656,,,,,,1.324,1.1564516129032256,1.0899999999999996,1.3263333333333327,1.3148387096774197,0.5960000000000001,0.4735483870967743,0.4876666666666666,0.7356666666666669,0.6900000000000001,0.5693333333333334,0.4490322580645162,0.4146666666666668,0.6016666666666667,0.6635483870967741,,,,,,,,,,,1.0406666666666669,0.7193548387096774,0.6636666666666666,1.1386666666666667,1.1558064516129032,,,,,,,,,,,,,,,,,,,,,,,,,,770.6696666666667,770.89725,770.9876249999999,770.9694062500001,770.998912037037,181.7716757474275,99.99114771355669,191.67962174800815,205.91492205662553,194.3675502943346,21.62353743525988,21.291797670222916,20.96272803723774,20.713422933116906,20.837049459636226,13.51168278580498,13.05055185424136,14.470308200077161,14.577378598876683,14.273297660848057,0.5815761380274497,0.7264210975982685,0.5911394014685475,0.517571743236677,0.5456923734133418,6.184815554928832,-118.16042382262495,-202.57706703343138,-241.55587847789565,-141.4645495489737,-627.9022077659343,-0.5011764705882342,-0.5754189291673764
2003-01-01,770.8893333333334,3,21.110330786290344,15.599520512432818,272.65268544462003,1013.7102326360887,0.003694108520887099,0.3027967230177033,0.3028192561711091,,1.760322580645161,0.8690322580645159,0.9451612903225808,,,1.979354838709677,,,,,,2003,1,0.49999999999999994,0.8660254037844387,770.72,770.7004999999999,770.5255,771.2090000000001,770.966,341.4508701202675,287.2379720029425,213.69326114707752,15.388011938415,342.75358927501,20.725272256384432,20.795964970486136,21.75496447244626,21.066711152553786,20.168121317204324,,,,,,1.5687096774193543,1.324,1.1564516129032256,1.2416129032258063,1.323225806451613,0.6529032258064518,0.5960000000000001,0.4735483870967743,0.6151612903225803,1.0561290322580643,0.6645161290322581,0.5693333333333334,0.4490322580645162,0.4909677419354842,1.0477419354838708,,,,,,,,,,,1.277741935483871,1.0406666666666669,0.7193548387096774,0.9222580645161288,2.407096774193549,,,,,,,,,,,,,,,,,,,,,,,,,,770.6486666666666,770.82975,770.9815833333333,770.9705104166666,770.9853078703704,280.7940344234292,153.58723204069625,197.05692681429875,206.23627305724438,195.5904852882339,21.09206723310561,21.317609474238374,20.953244113766637,20.72993766681987,20.846957041448128,14.682985537522425,13.434037500933416,14.471778512157131,14.56896877927823,14.291677587016665,0.44658629039880765,0.6347055926327204,0.5883871948729068,0.5195674762487855,0.5460264118962616,-50.35070392090819,-44.50071023097945,-156.40984232736616,-177.02821768240818,-133.7521255341212,-583.8765479855593,-0.4589338235292644,-0.5057937584920666
2003-02-01,771.0585000000001,2,22.114487087053597,14.762840732886929,196.383237834065,1012.1678191127232,-0.0013494497096484329,0.3956763573374479,0.39567865847218825,,1.6875,0.6275000000000001,0.7567857142857141,,,1.2310714285714286,,,,,,2003,2,0.8660254037844386,0.5000000000000001,770.8893333333334,770.72,770.7004999999999,771.0405000000001,771.11,272.65268544462003,341.4508701202675,287.2379720029425,19.3694829432125,258.62586495389996,21.110330786290344,20.725272256384432,20.795964970486136,21.243061130712388,21.058999114583354,,,,,,1.760322580645161,1.5687096774193543,1.324,1.1577419354838705,1.4539285714285717,0.8690322580645159,0.6529032258064518,0.5960000000000001,0.5148387096774195,0.7996428571428573,0.9451612903225808,0.6645161290322581,0.5693333333333334,0.437741935483871,0.7903571428571426,,,,,,,,,,,1.979354838709677,1.277741935483871,1.0406666666666669,0.7567741935483874,2.251428571428572,,,,,,,,,,,,,,,,,,,,,,,,,,770.7699444444444,770.7764722222223,770.9751944444444,770.9839409722223,770.9736504629631,300.4471758559434,196.46467762506373,191.21518482843294,201.729370891985,196.4152984997569,20.877189337720303,21.324879413194466,21.031761569523805,20.785274266702256,20.845177829838587,15.355118796370993,13.970351612436552,14.43573216835113,14.56491059505444,14.314244682904135,0.38162025904729435,0.548398046455901,0.5945319145741874,0.5293697955331882,0.5453180238670121,-65.28342294274731,-70.9661421507925,-194.21151801722263,-247.12912151279812,-241.91777750034618,-554.1832723707319,-0.37498284313721797,-0.4159833545993765
2003-03-01,771.048,2,21.861037836021527,15.474565305779592,234.1243622372875,1012.0000230762769,-0.052225051267829274,0.5444644804965331,0.5469634599333735,,1.835161290322581,0.8067741935483873,0.8590322580645162,,,1.5903225806451615,,,,,,2003,3,1.0,6.123233995736766e-17,771.0585000000001,770.8893333333334,770.72,770.783,770.9929999999999,196.383237834065,272.65268544462003,341.4508701202675,44.3837940922625,333.26387432276,22.114487087053597,21.110330786290344,20.725272256384432,22.319682862847245,20.641237454637118,,,,,,1.6875,1.760322580645161,1.5687096774193543,1.0899999999999996,1.435483870967742,0.6275000000000001,0.8690322580645159,0.6529032258064518,0.4876666666666666,0.925483870967742,0.7567857142857141,0.9451612903225808,0.6645161290322581,0.4146666666666668,0.9799999999999998,,,,,,,,,,,1.2310714285714286,1.979354838709677,1.277741935483871,0.6636666666666666,2.0790322580645166,,,,,,,,,,,,,,,,,,,,,,,,,,770.8892777777778,770.7794722222224,770.970902777778,770.9850868055556,770.9679328703704,270.16226446631754,225.9669701068725,186.02829923511334,197.82230878548185,195.8745825467857,21.316696709909458,21.47011707258467,21.11971890056299,20.845158230383433,20.863304622576422,15.30130357538885,14.406493180596913,14.337181414227866,14.532629355672618,14.322035288700723,0.34971188938325054,0.4656440137053501,0.5976230548600571,0.5295899316534038,0.5457466394739292,-82.15969991580633,-109.44931130872666,-227.6097351313516,-309.37174863263306,-335.6872680564212,-573.6490466776944,-0.4481078431372225,-0.49864047093194785
2003-04-01,771.173,1,21.058592006944465,15.94361265104169,285.6020926223275,1012.951265720486,-0.2717835321283889,0.5865569436280764,0.6464637162706762,,1.8003333333333331,1.27,0.9693333333333332,,,2.1420000000000003,,,,,,2003,4,0.8660254037844387,-0.4999999999999998,771.048,771.0585000000001,770.8893333333334,770.5255,771.283,234.1243622372875,196.383237834065,272.65268544462003,213.69326114707752,347.0005987577125,21.861037836021527,22.114487087053597,21.110330786290344,21.75496447244626,20.514264128472245,,,,,,1.835161290322581,1.6875,1.760322580645161,1.1564516129032256,1.8086666666666669,0.8067741935483873,0.6275000000000001,0.8690322580645159,0.4735483870967743,1.3969999999999996,0.8590322580645162,0.7567857142857141,0.9451612903225808,0.4490322580645162,1.0623333333333334,,,,,,,,,,,1.5903225806451615,1.2310714285714286,1.979354838709677,0.7193548387096774,2.708,,,,,,,,,,,,,,,,,,,,,,,,,,770.9986111111111,770.8236388888889,770.9754861111111,770.9851284722222,770.9567662037038,234.38676183865755,257.5903981310434,177.76667322799062,194.95318333378543,192.6679346064201,21.695285236455152,21.393676234780383,21.221368932345026,20.897703184110473,20.89062763664266,15.278975517033116,14.980980527277767,14.266374810705239,14.53047843805389,14.329650870671303,0.415153791525557,0.43087004096218234,0.6039408769301281,0.5324491672129664,0.5459687088895238,-27.07508479542082,-197.79382677946182,-242.29453701044127,-408.5112607181056,-404.5462788971362,-689.0883725308569,-0.4883602941176832,-0.5604467571390196
2003-05-01,771.29,1,20.776820129368303,15.402023578629056,138.634264183785,1014.4277697244623,-0.29030266601308263,0.48595461266641343,0.5660631797476915,,1.5293548387096776,0.8696774193548384,0.824516129032258,,,1.506129032258065,,,,,,2003,5,0.49999999999999994,-0.8660254037844387,771.173,771.048,771.0585000000001,770.7004999999999,771.3235,285.6020926223275,234.1243622372875,196.383237834065,287.2379720029425,141.641438060595,21.058592006944465,21.861037836021527,22.114487087053597,20.795964970486136,20.580249072580667,,,,,,1.8003333333333331,1.835161290322581,1.6875,1.324,1.5983870967741938,1.27,0.8067741935483873,0.6275000000000001,0.5960000000000001,1.0764516129032262,0.9693333333333332,0.8590322580645162,0.7567857142857141,0.5693333333333334,0.8987096774193548,,,,,,,,,,,2.1420000000000003,1.5903225806451615,1.2310714285714286,1.0406666666666669,2.198709677419355,,,,,,,,,,,,,,,,,,,,,,,,,,771.0931666666667,770.9315555555555,770.9663194444446,770.9799201388888,770.9438495370371,238.70323089789335,269.57520337691835,172.65013105004186,196.20204344155698,194.23219806544242,21.678038976673196,21.27761415719675,21.266729588884377,20.93046365474126,20.897520988783857,15.393672896569406,15.374395846470199,14.266716811573296,14.53971994803653,14.356019144976857,0.5297019448920793,0.45566110196968684,0.6028057108495647,0.5371914993426377,0.545865569951845,-51.65577767691536,-174.51820765397446,-245.48434980476696,-469.90976685349057,-374.57363631061867,-632.7748880060518,-0.3765934343434765,-0.4521188388071142
2003-06-01,770.9699999999999,3,20.334343864583357,13.584598583333356,66.8653248837825,1014.5194107291667,-0.08829580967212326,0.7983952266424444,0.8032627763883349,,1.3299999999999996,0.6366666666666667,0.6363333333333331,,,1.094,,,,,,2003,6,1.2246467991473532e-16,-1.0,771.29,771.173,771.048,770.72,771.125,138.634264183785,285.6020926223275,234.1243622372875,341.4508701202675,19.874364157429998,20.776820129368303,21.058592006944465,21.861037836021527,20.725272256384432,20.57040143229169,,,,,,1.5293548387096776,1.8003333333333331,1.835161290322581,1.5687096774193543,1.3263333333333327,0.8696774193548384,1.27,0.8067741935483873,0.6529032258064518,0.7356666666666669,0.824516129032258,0.9693333333333332,0.8590322580645162,0.6645161290322581,0.6016666666666667,,,,,,,,,,,1.506129032258065,2.1420000000000003,1.5903225806451615,1.277741935483871,1.1386666666666667,,,,,,,,,,,,,,,,,,,,,,,,,,771.1703333333334,771.0298055555555,770.9635277777778,770.9820659722222,770.9429050925926,219.45357301446668,244.80791874039207,172.3995332269744,193.2858365117353,196.2158952750941,21.232149990778098,21.274423350343778,21.283110510283347,20.953948432407028,20.87709337313646,15.606733845150115,15.45401871026948,14.252285282255421,14.554867793788658,14.399141915147482,0.586496785317247,0.46810433735024876,0.5972627174742586,0.5352573792182912,0.5411275809082544,7.0085515752161385,-160.8905623881425,-270.3398736968692,-472.91694073030055,-444.5626026263387,-561.3617884585918,-0.6042777777778383,-0.6856790005330607
2003-07-01,770.621,2,19.982981527217763,12.36304533434142,39.03156520816,1015.7413093497984,-0.1077512925665658,0.9708349372011139,0.9767962000028749,,1.2780645161290318,0.525483870967742,0.5306451612903225,,,0.8841935483870964,,,,,,2003,7,-0.4999999999999997,-0.8660254037844388,770.9699999999999,771.29,771.173,770.8893333333334,771.2090000000001,66.8653248837825,138.634264183785,285.6020926223275,272.65268544462003,15.388011938415,20.334343864583357,20.776820129368303,21.058592006944465,21.110330786290344,21.066711152553786,,,,,,1.3299999999999996,1.5293548387096776,1.8003333333333331,1.760322580645161,1.2416129032258063,0.6366666666666667,0.8696774193548384,1.27,0.8690322580645159,0.6151612903225803,0.6363333333333331,0.824516129032258,0.9693333333333332,0.9451612903225808,0.4909677419354842,,,,,,,,,,,1.094,1.506129032258065,2.1420000000000003,1.979354838709677,0.9222580645161288,,,,,,,,,,,,,,,,,,,,,,,,,,771.1443333333333,771.0714722222223,770.9506111111112,770.9704618055556,770.9374606481482,163.70056056329835,199.04366120097794,176.31544662083706,193.25482844180283,196.91498159356576,20.72325200029871,21.209268618376935,21.263439046307656,20.971978897540133,20.870850724747182,14.976744937668037,15.127860227350574,14.280948864141996,14.552334955970371,14.42477683176592,0.6719298908022342,0.5435418411638956,0.589123716898308,0.539753306848261,0.5384674656719365,11.094525038693263,-71.72231089712005,-269.5161376765819,-425.92598000394804,-445.30679630471866,-536.1946809936118,-0.7626363636363749,-0.8491578270102303
2003-08-01,770.6469999999999,4,21.630916330645185,11.181656286962388,7.60996344708,1013.9713857946908,0.0846760452832695,0.9211979733945027,0.925081476860797,,1.2325806451612902,0.4577419354838711,0.4661290322580645,,,0.7325806451612904,,,,,,2003,8,-0.8660254037844385,-0.5000000000000004,770.621,770.9699999999999,771.29,771.0585000000001,771.0405000000001,39.03156520816,66.8653248837825,138.634264183785,196.383237834065,19.3694829432125,19.982981527217763,20.334343864583357,20.776820129368303,22.114487087053597,21.243061130712388,,,,,,1.2780645161290318,1.3299999999999996,1.5293548387096776,1.6875,1.1577419354838705,0.525483870967742,0.6366666666666667,0.8696774193548384,0.6275000000000001,0.5148387096774195,0.5306451612903225,0.6363333333333331,0.824516129032258,0.7567857142857141,0.437741935483871,,,,,,,,,,,0.8841935483870964,1.094,1.506129032258065,1.2310714285714286,0.7567741935483874,,,,,,,,,,,,,,,,,,,,,,,,,,770.9603333333333,771.02675,770.901611111111,770.9515451388888,770.9294884259259,81.51038475857585,160.1068078282346,178.2857427266492,192.7046552200195,197.89443823060813,20.36471517372314,21.02137707519817,21.173128244196317,20.966057550863944,20.85731548038488,13.783222498767946,14.588447697668675,14.279399655052613,14.5275218204697,14.467462801327976,0.7820407187129671,0.6558713318025232,0.602134689129212,0.5489310257902495,0.53481629757188,-43.64472532475083,-33.55270106300596,-208.07090871698043,-402.282426734203,-458.5109536275187,-500.9342420600868,-0.6216313131313882,-0.6911699468849504
2003-09-01,770.5286666666667,3,21.979497125000023,13.154114102430578,112.4394238223925,1013.3228071701388,0.053558392371777785,0.5272446527037222,0.5299579466317285,,1.185333333333333,0.4473333333333333,0.4569999999999999,,,0.6753333333333335,,,,,,2003,9,-1.0,-1.8369701987210297e-16,770.6469999999999,770.621,770.9699999999999,771.048,770.783,7.60996344708,39.03156520816,66.8653248837825,234.1243622372875,44.3837940922625,21.630916330645185,19.982981527217763,20.334343864583357,21.861037836021527,22.319682862847245,,,,,,1.2325806451612902,1.2780645161290318,1.3299999999999996,1.835161290322581,1.0899999999999996,0.4577419354838711,0.525483870967742,0.6366666666666667,0.8067741935483873,0.4876666666666666,0.4661290322580645,0.5306451612903225,0.6363333333333331,0.8590322580645162,0.4146666666666668,,,,,,,,,,,0.7325806451612904,0.8841935483870964,1.094,1.5903225806451615,0.6636666666666666,,,,,,,,,,,,,,,,,,,,,,,,,,770.746,770.9581666666667,770.8688194444445,770.942857638889,770.925849537037,37.83561784634086,128.64459543040377,177.30578276863812,191.52872884318853,197.27562198364743,20.649413907482103,20.940781949130102,21.205449510857385,20.992912821081237,20.868961262101575,12.376433401545725,13.991583623347916,14.199038401972416,14.478406685991095,14.448483913092462,0.9017134844173356,0.7441051348672914,0.6048745742863207,0.5592141180672464,0.5348175443766437,0.5807316934133411,-25.54164871084143,-186.43221109898394,-414.0419462303355,-486.7331866714612,-523.2116269506718,-0.6469267676767458,-0.7107751221215991
2003-10-01,770.395,2,21.827648118279594,14.240940048723141,247.350037572155,1012.1681215137769,0.015080503392935124,0.3588670512842809,0.35918377201658075,,1.134193548387097,0.4822580645161289,0.52,,,0.7735483870967742,,,,,,2003,10,-0.8660254037844386,0.5000000000000001,770.5286666666667,770.6469999999999,770.621,771.173,770.5255,112.4394238223925,7.60996344708,39.03156520816,285.6020926223275,213.69326114707752,21.979497125000023,21.630916330645185,19.982981527217763,21.058592006944465,21.75496447244626,,,,,,1.185333333333333,1.2325806451612902,1.2780645161290318,1.8003333333333331,1.1564516129032256,0.4473333333333333,0.4577419354838711,0.525483870967742,1.27,0.4735483870967743,0.4569999999999999,0.4661290322580645,0.5306451612903225,0.9693333333333332,0.4490322580645162,,,,,,,,,,,0.6753333333333335,0.7325806451612904,0.8841935483870964,2.1420000000000003,0.7193548387096774,,,,,,,,,,,,,,,,,,,,,,,,,,770.5988888888888,770.8716111111111,770.8476249999999,770.931,770.9257013888888,53.026984159210855,108.36377236125459,182.97708524614896,189.26736710341763,199.5997122177846,21.19779832762099,20.960525163959847,21.17710069937012,21.025121364773366,20.852492450855433,12.23293857457813,13.604841756123081,14.292911141700424,14.460713453641555,14.50581429817155,0.8106118744984668,0.7412708826503506,0.5860704618062663,0.565203153896223,0.527118933345,9.77150442398235,-31.969468592644226,-103.69177948976427,-345.98631650020553,-541.0058684259637,-439.5443785217343,-0.659823529411824,-0.7560689063683101
2003-11-01,770.432,2,21.47084513888891,14.555002725694468,269.501864719325,1011.9349953732639,-0.1552330657679139,0.3778978552889792,0.4085389745663389,,1.517666666666667,0.5073333333333333,0.5043333333333334,,,0.7966666666666667,,,,,,2003,11,-0.5000000000000004,0.8660254037844384,770.395,770.5286666666667,770.6469999999999,771.29,770.7004999999999,247.350037572155,112.4394238223925,7.60996344708,138.634264183785,287.2379720029425,21.827648118279594,21.979497125000023,21.630916330645185,20.776820129368303,20.795964970486136,,,,,,1.134193548387097,1.185333333333333,1.2325806451612902,1.5293548387096776,1.324,0.4822580645161289,0.4473333333333333,0.4577419354838711,0.8696774193548384,0.5960000000000001,0.52,0.4569999999999999,0.4661290322580645,0.824516129032258,0.5693333333333334,,,,,,,,,,,0.7735483870967742,0.6753333333333335,0.7325806451612904,1.506129032258065,1.0406666666666669,,,,,,,,,,,,,,,,,,,,,,,,,,770.5235555555555,770.7419444444445,770.8367499999999,770.9153333333334,770.9248402777778,122.46647494720919,101.98842985289251,185.78181661490544,189.24715121373563,200.16928512640882,21.81268719130827,21.088701182515702,21.18315766985623,21.06047802968992,20.86103578922909,12.858903479372039,13.321062989069988,14.347729417770092,14.43125917755789,14.517270085768622,0.604741065169702,0.6933908919413345,0.5745259969555108,0.5709965442654649,0.5263741822891236,-44.536361068430665,-33.29248920735514,-66.8451902703611,-312.3295400751281,-541.4910497783312,-419.0397538112618,-0.6489411764705437,-0.7426579388842462
2003-12-01,770.549,2,21.494662086693573,14.997821112231206,336.4799025276475,1012.8324311575941,-0.2415448874464197,0.5284320663356217,0.5810201213238991,,1.7109677419354836,0.6919354838709677,0.7370967741935486,,,1.5183870967741937,,,,,,2003,12,-2.4492935982947064e-16,1.0,770.432,770.395,770.5286666666667,770.9699999999999,770.72,269.501864719325,247.350037572155,112.4394238223925,66.8653248837825,341.4508701202675,21.47084513888891,21.827648118279594,21.979497125000023,20.334343864583357,20.725272256384432,,,,,,1.517666666666667,1.134193548387097,1.185333333333333,1.3299999999999996,1.5687096774193543,0.5073333333333333,0.4822580645161289,0.4473333333333333,0.6366666666666667,0.6529032258064518,0.5043333333333334,0.52,0.4569999999999999,0.6363333333333331,0.6645161290322581,,,,,,,,,,,0.7966666666666667,0.7735483870967742,0.6753333333333335,1.094,1.277741935483871,,,,,,,,,,,,,,,,,,,,,,,,,,770.4518888888888,770.5989444444444,770.814375,770.901,770.9177291666667,209.76377537129088,123.79969660881584,184.30380767460397,187.99171471130603,198.71121726261833,21.759330127389507,21.204372017435805,21.239397683889795,21.101062860563765,20.888747850041206,13.983352292282731,13.179892846914226,14.316955778591852,14.393631989334509,14.490570992115074,0.43256023107154934,0.6671368577444424,0.5676205975473456,0.5793799995079465,0.5342546946735666,1.2138479623088188,-34.184124951034974,-59.7257736618764,-330.0656473587456,-571.6215258366412,-471.5301969077193,-0.6721764705882833,-0.77175024690095
2004-01-01,770.578,2,21.658989727822604,15.633610391465076,248.60972168741,1011.9122438424059,-0.18698917912506738,0.35599895109854335,0.4021196417648976,,1.6470967741935485,0.7170967741935484,0.7196774193548388,,,2.1919354838709677,,,,,,2004,1,0.49999999999999994,0.8660254037844387,770.549,770.432,770.395,770.621,770.8893333333334,336.4799025276475,269.501864719325,247.350037572155,39.03156520816,272.65268544462003,21.494662086693573,21.47084513888891,21.827648118279594,19.982981527217763,21.110330786290344,,,,,,1.7109677419354836,1.517666666666667,1.134193548387097,1.2780645161290318,1.760322580645161,0.6919354838709677,0.5073333333333333,0.4822580645161289,0.525483870967742,0.8690322580645159,0.7370967741935486,0.5043333333333334,0.52,0.5306451612903225,0.9451612903225808,,,,,,,,,,,1.5183870967741937,0.7966666666666667,0.7735483870967742,0.8841935483870964,1.979354838709677,,,,,,,,,,,,,,,,,,,,,,,,,,770.4586666666668,770.5287777777777,770.8001249999999,770.8908541666666,770.9137152777778,284.4439349397092,168.73545954946,183.88956037521893,190.47324359475888,198.7873688299026,21.597718447954026,21.39775838778751,21.30351350308222,21.12837880842443,20.921129612240648,14.597921295549606,13.415429935063864,14.27164508120722,14.371711796682177,14.469860879921226,0.44958095596893966,0.6300964152337032,0.5868191281987994,0.5876031615358531,0.5419846935654568,-74.39366767811822,-33.551008682139496,-65.52047727478373,-335.0366149513656,-512.0648326337738,-468.78874048548676,-0.7702671568627011,-0.8489161189221889
2004-02-01,770.6600000000001,2,21.50973860632186,15.26963387751439,232.687324564315,1013.0190509159484,-0.09256025285225934,0.44447960214319504,0.45401488646237925,,1.663103448275862,0.65,0.756551724137931,,,1.381379310344828,,,,,,2004,2,0.8660254037844386,0.5000000000000001,770.578,770.549,770.432,770.6469999999999,771.0585000000001,248.60972168741,336.4799025276475,269.501864719325,7.60996344708,196.383237834065,21.658989727822604,21.494662086693573,21.47084513888891,21.630916330645185,22.114487087053597,,,,,,1.6470967741935485,1.7109677419354836,1.517666666666667,1.2325806451612902,1.6875,0.7170967741935484,0.6919354838709677,0.5073333333333333,0.4577419354838711,0.6275000000000001,0.7196774193548388,0.7370967741935486,0.5043333333333334,0.4661290322580645,0.7567857142857141,,,,,,,,,,,2.1919354838709677,1.5183870967741937,0.7966666666666667,0.7325806451612904,1.2310714285714286,,,,,,,,,,,,,,,,,,,,,,,,,,770.5196666666667,770.5216111111112,770.7741805555555,770.8746875,770.9140208333333,284.8638296447942,203.66515229600168,181.88598006211814,186.55058244527552,195.11490728202938,21.54149898446836,21.677093087888313,21.34923508154324,21.19049832553352,20.973261204982588,15.062144743130252,13.960524111251141,14.274485904459908,14.355109036405521,14.46810236485626,0.46389291255171194,0.534316988860707,0.5950941603316151,0.5948130374529011,0.5512779171326638,-28.979336212497316,-117.71618078424007,-151.0086699915952,-359.07957870857564,-606.2087002213736,-600.9973562089218,-0.7734828431372307,-0.858055224930779
2004-03-01,770.6426666666666,3,21.473959739583357,16.073867063172067,310.60492966964,1012.3506980510753,-0.1986292767349933,0.4172932835349167,0.462155032494096,,1.6587096774193544,0.8076666666666668,0.7945161290322579,,,1.3170967741935482,,,,,,2004,3,1.0,6.123233995736766e-17,770.6600000000001,770.578,770.549,770.5286666666667,771.048,232.687324564315,248.60972168741,336.4799025276475,112.4394238223925,234.1243622372875,21.50973860632186,21.658989727822604,21.494662086693573,21.979497125000023,21.861037836021527,,,,,,1.663103448275862,1.6470967741935485,1.7109677419354836,1.185333333333333,1.835161290322581,0.65,0.7170967741935484,0.6919354838709677,0.4473333333333333,0.8067741935483873,0.756551724137931,0.7196774193548388,0.7370967741935486,0.4569999999999999,0.8590322580645162,,,,,,,,,,,1.381379310344828,2.1919354838709677,1.5183870967741937,0.6753333333333335,1.5903225806451615,,,,,,,,,,,,,,,,,,,,,,,,,,770.5956666666667,770.5237777777778,770.7409722222222,770.8559375,770.9037152777778,272.59231625979083,241.17804581554083,184.91132062297228,185.46980992904278,193.51864606464534,21.55446347361268,21.656896800501098,21.298839374815596,21.209279137689297,20.996385278527487,15.300355127070226,14.641853709676477,14.316718666512196,14.326950040370031,14.460659125952478,0.479051549850392,0.4558058904609707,0.599955512664131,0.5987892837620941,0.5530451253236461,-5.679132483453827,-102.15915592830672,-136.3432808793417,-322.7754919783256,-632.1472406109588,-658.4627600347468,-0.8534411764705965,-0.9496827977137101
2004-04-01,770.7473333333332,0,20.543659954861134,16.541968583333357,268.7099573801075,1013.3861027517362,-0.21446321306682464,0.5526970125851562,0.592847752361011,,1.5673333333333337,1.0460000000000005,1.038,,,2.3936666666666664,,,,,,2004,4,0.8660254037844387,-0.4999999999999998,770.6426666666666,770.6600000000001,770.578,770.395,771.173,310.60492966964,232.687324564315,248.60972168741,247.350037572155,285.6020926223275,21.473959739583357,21.50973860632186,21.658989727822604,21.827648118279594,21.058592006944465,,,,,,1.6587096774193544,1.663103448275862,1.6470967741935485,1.134193548387097,1.8003333333333331,0.8076666666666668,0.65,0.7170967741935484,0.4822580645161289,1.27,0.7945161290322579,0.756551724137931,0.7196774193548388,0.52,0.9693333333333332,,,,,,,,,,,1.3170967741935482,1.381379310344828,2.1919354838709677,0.7735483870967742,2.1420000000000003,,,,,,,,,,,,,,,,,,,,,,,,,,770.626888888889,770.5427777777777,770.7071944444446,770.8413402777778,770.8924837962963,263.9673253071217,274.2056301234154,191.284701242335,184.5256872351628,193.73035596996863,21.547562691242607,21.572640569598317,21.266582866779085,21.243975899562056,21.020663078333342,15.659037110717179,15.12847920313339,14.366660479628237,14.316517645166739,14.475872451912007,0.439429853573791,0.4445054047713653,0.5928881437108579,0.5984145103204929,0.5525954927122636,-43.96722003764086,-109.05213637406936,-142.60314505620886,-246.29492454597312,-654.8061852640787,-650.8412034431093,-0.9140269607844402,-1.048945731828538
2004-05-01,770.852,2,20.591676011424752,15.220705435147872,104.5972108623375,1014.6790182291667,-0.025344067963233324,0.6917138779508202,0.6921780195373782,,1.2751612903225806,0.6051612903225806,0.708709677419355,,,1.508387096774194,,,,,,2004,5,0.49999999999999994,-0.8660254037844387,770.7473333333332,770.6426666666666,770.6600000000001,770.432,771.29,268.7099573801075,310.60492966964,232.687324564315,269.501864719325,138.634264183785,20.543659954861134,21.473959739583357,21.50973860632186,21.47084513888891,20.776820129368303,,,,,,1.5673333333333337,1.6587096774193544,1.663103448275862,1.517666666666667,1.5293548387096776,1.0460000000000005,0.8076666666666668,0.65,0.5073333333333333,0.8696774193548384,1.038,0.7945161290322579,0.756551724137931,0.5043333333333334,0.824516129032258,,,,,,,,,,,2.3936666666666664,1.3170967741935482,1.381379310344828,0.7966666666666667,1.506129032258065,,,,,,,,,,,,,,,,,,,,,,,,,,770.6833333333334,770.6015000000001,770.6717222222222,770.8190208333334,770.8771875,270.6674038713542,277.76561675807415,189.87702330548333,181.2635771777626,194.09370339619912,21.17578610025545,21.358642542361906,21.223671862438806,21.245200725661594,21.02819972397377,15.961823174673276,15.51198395890176,14.416523473985876,14.341620142779584,14.498654456686312,0.5030058904391621,0.48344940149543697,0.5884201467183858,0.5956129287839753,0.5542677151345536,-85.69283099836287,-78.625688733592,-196.3418695178321,-263.18705978819315,-733.0968266416837,-637.7606960988119,-0.8145934343434647,-0.9779592633560372
2004-06-01,770.6415,2,20.191911519097243,12.76836139062502,31.598627517695,1016.675150859375,-0.09903499550960934,0.9744202033668263,0.9794399742021129,,0.957,0.4363333333333334,0.5429999999999999,,,0.8773333333333334,,,,,,2004,6,1.2246467991473532e-16,-1.0,770.852,770.7473333333332,770.6426666666666,770.549,770.9699999999999,104.5972108623375,268.7099573801075,310.60492966964,336.4799025276475,66.8653248837825,20.591676011424752,20.543659954861134,21.473959739583357,21.494662086693573,20.334343864583357,,,,,,1.2751612903225806,1.5673333333333337,1.6587096774193544,1.7109677419354836,1.3299999999999996,0.6051612903225806,1.0460000000000005,0.8076666666666668,0.6919354838709677,0.6366666666666667,0.708709677419355,1.038,0.7945161290322579,0.7370967741935486,0.6363333333333331,,,,,,,,,,,1.508387096774194,2.3936666666666664,1.3170967741935482,1.5183870967741937,1.094,,,,,,,,,,,,,,,,,,,,,,,,,,770.7473333333332,770.6714999999999,770.6352222222222,770.7993749999999,770.8664513888889,227.97069930402836,250.2815077819096,187.0406021953627,179.72006771116855,191.2040917396111,20.869765235289748,21.212114354451213,21.20824318594351,21.24567684811343,21.038713350252525,15.945513693884434,15.622934410477328,14.401413628695776,14.326849455475598,14.503716405424363,0.5823936014641617,0.5307225756572769,0.5989297167008597,0.5980962170875591,0.5564814917124807,-28.258145790871367,-135.33918351945755,-237.4983394477643,-297.22411310964065,-770.1410538399412,-741.7867157359794,-0.932777777777801,-1.0584306719637053
2004-07-01,770.403,2,20.491882404233895,11.645133222446258,18.00000665071,1014.80808484543,0.002978561016014819,1.0380340287677756,1.0380383021380208,,0.7487096774193548,0.3670967741935483,0.4596774193548384,,,0.642258064516129,,,,,,2004,7,-0.4999999999999997,-0.8660254037844388,770.6415,770.852,770.7473333333332,770.578,770.621,31.598627517695,104.5972108623375,268.7099573801075,248.60972168741,39.03156520816,20.191911519097243,20.591676011424752,20.543659954861134,21.658989727822604,19.982981527217763,,,,,,0.957,1.2751612903225806,1.5673333333333337,1.6470967741935485,1.2780645161290318,0.4363333333333334,0.6051612903225806,1.0460000000000005,0.7170967741935484,0.525483870967742,0.5429999999999999,0.708709677419355,1.038,0.7196774193548388,0.5306451612903225,,,,,,,,,,,0.8773333333333334,1.508387096774194,2.3936666666666664,2.1919354838709677,0.8841935483870964,,,,,,,,,,,,,,,,,,,,,,,,,,770.7469444444445,770.6869166666667,770.6078472222222,770.7792291666666,770.8495902777778,134.96859858671337,199.46796194691748,184.10171074818876,180.2085786845129,190.2037892105981,20.44241582846104,20.994989259851824,21.196373823819666,21.229906435063658,21.04677720629998,14.843678469702086,15.25135779020963,14.333393862636749,14.307171363389372,14.47935459152583,0.7548219153668341,0.5971258844703126,0.6136111498520079,0.6013674333751579,0.5643725878495099,-9.937033518756742,-157.9181968268751,-266.9703332009445,-332.49081047572815,-758.4167904796761,-777.7976067804468,-0.9806363636363358,-1.091890032180112
2004-08-01,770.2283333333334,3,21.42482246135755,11.851668375336043,32.29147192246,1014.5281851814516,0.06167290769378079,0.8087601196988542,0.8111081794426133,,0.6838709677419355,0.3296774193548387,0.415483870967742,,,0.5409677419354838,,,,,,2004,8,-0.8660254037844385,-0.5000000000000004,770.403,770.6415,770.852,770.6600000000001,770.6469999999999,18.00000665071,31.598627517695,104.5972108623375,232.687324564315,7.60996344708,20.491882404233895,20.191911519097243,20.591676011424752,21.50973860632186,21.630916330645185,,,,,,0.7487096774193548,0.957,1.2751612903225806,1.663103448275862,1.2325806451612902,0.3670967741935483,0.4363333333333334,0.6051612903225806,0.65,0.4577419354838711,0.4596774193548384,0.5429999999999999,0.708709677419355,0.756551724137931,0.4661290322580645,,,,,,,,,,,0.642258064516129,0.8773333333333334,1.508387096774194,1.381379310344828,0.7325806451612904,,,,,,,,,,,,,,,,,,,,,,,,,,770.6321666666666,770.65775,770.5896805555554,770.7456458333332,770.8309236111111,51.39861501024754,161.03300944080084,182.34908086840122,180.3174117975252,189.2527971028134,20.42515664491863,20.80047137258704,21.23878223023768,21.205955237217,21.056965777321857,13.211400016073052,14.586611595373162,14.273567853312151,14.276483754182381,14.44287049808385,0.9032187652925039,0.7031123278658331,0.61871465836327,0.610424673746241,0.5721922366479231,-18.96321684937083,-123.88801030799098,-202.51369904158298,-353.5223690331782,-755.8047957673812,-812.0333226606969,-1.0402979797979697,-1.1566706571126526
2004-09-01,770.1904999999999,2,20.99647933854169,13.719797027777801,170.947968743255,1013.2005451128473,0.007652939512022561,0.39168476529736873,0.39175952170844486,,0.7073333333333334,0.4219999999999999,0.4736666666666666,,,0.957,,,,,,2004,9,-1.0,-1.8369701987210297e-16,770.2283333333334,770.403,770.6415,770.6426666666666,770.5286666666667,32.29147192246,18.00000665071,31.598627517695,310.60492966964,112.4394238223925,21.42482246135755,20.491882404233895,20.191911519097243,21.473959739583357,21.979497125000023,,,,,,0.6838709677419355,0.7487096774193548,0.957,1.6587096774193544,1.185333333333333,0.3296774193548387,0.3670967741935483,0.4363333333333334,0.8076666666666668,0.4473333333333333,0.415483870967742,0.4596774193548384,0.5429999999999999,0.7945161290322579,0.4569999999999999,,,,,,,,,,,0.5409677419354838,0.642258064516129,0.8773333333333334,1.3170967741935482,0.6753333333333335,,,,,,,,,,,,,,,,,,,,,,,,,,770.4242777777778,770.5858055555556,770.5547916666666,770.7118055555555,770.8135023148147,27.296702030288372,127.63370066715834,184.40587324134958,180.85582800499387,189.15444364257553,20.70287212822956,20.786318681759656,21.221607741130374,21.213528625993877,21.06914446109762,12.088387662802445,14.016950678343436,14.329402194009957,14.264220297991185,14.428738521997381,0.9428621519275824,0.7626278766958721,0.6092168835784214,0.6070457289323711,0.5758817065709715,59.08927661427583,-57.15839615899894,-192.49757967845647,-328.84086055779824,-742.8828067881336,-815.5740472292595,-0.9850934343435256,-1.0823171046256173
2004-10-01,770.1386666666667,3,22.07319300403228,13.909886221438194,199.85502927356,1012.3952349042338,-0.10403844364395264,0.44261657578585434,0.45467948152105,,1.18741935483871,0.3306451612903225,0.4577419354838711,,,1.2858064516129033,,,,,,2004,10,-0.8660254037844386,0.5000000000000001,770.1904999999999,770.2283333333334,770.403,770.7473333333332,770.395,170.947968743255,32.29147192246,18.00000665071,268.7099573801075,247.350037572155,20.99647933854169,21.42482246135755,20.491882404233895,20.543659954861134,21.827648118279594,,,,,,0.7073333333333334,0.6838709677419355,0.7487096774193548,1.5673333333333337,1.134193548387097,0.4219999999999999,0.3296774193548387,0.3670967741935483,1.0460000000000005,0.4822580645161289,0.4736666666666666,0.415483870967742,0.4596774193548384,1.038,0.52,,,,,,,,,,,0.957,0.5409677419354838,0.642258064516129,2.3936666666666664,0.7735483870967742,,,,,,,,,,,,,,,,,,,,,,,,,,770.2739444444445,770.5104444444445,770.526611111111,770.6871180555555,770.7962037037037,73.74648243880837,104.35754051276082,189.2815853180881,186.12933528211852,189.27210650830776,20.97106140137771,20.706738614919377,21.139689592258847,21.15839514581448,21.063310773935193,12.405532875186703,13.624605672444394,14.376542437788892,14.334726789744659,14.432656448357335,0.7469686677630264,0.7508952915649303,0.5977003481681478,0.5918854049872071,0.5760355519868646,-37.723503874612646,30.18902624614826,-127.72917058072682,-270.33231563693573,-616.3186321371412,-811.3381840628995,-0.9161568627450833,-1.0497923859959342
2004-11-01,770.1195,2,21.17154278125002,15.131998644097246,292.4586536189925,1012.7035048177083,-0.18289718585936907,0.4068516836265486,0.44607137664843927,,1.4953333333333336,0.517,0.6126666666666668,,,1.184666666666667,,,,,,2004,11,-0.5000000000000004,0.8660254037844384,770.1386666666667,770.1904999999999,770.2283333333334,770.852,770.432,199.85502927356,170.947968743255,32.29147192246,104.5972108623375,269.501864719325,22.07319300403228,20.99647933854169,21.42482246135755,20.591676011424752,21.47084513888891,,,,,,1.18741935483871,0.7073333333333334,0.6838709677419355,1.2751612903225806,1.517666666666667,0.3306451612903225,0.4219999999999999,0.3296774193548387,0.6051612903225806,0.5073333333333333,0.4577419354838711,0.4736666666666666,0.415483870967742,0.708709677419355,0.5043333333333334,,,,,,,,,,,1.2858064516129033,0.957,0.5409677419354838,1.508387096774194,0.7966666666666667,,,,,,,,,,,,,,,,,,,,,,,,,,770.1858333333333,770.409,770.50525,770.6709999999999,770.778638888889,134.3648233130917,92.8817191616696,185.32366795987187,185.55274228738867,187.9393234624477,21.498164934643842,20.961660789781234,21.160151666071574,21.1716546679639,21.093702575150473,13.16045054151735,13.185925278795198,14.348954618848481,14.348342018309287,14.403824324654753,0.5525157275573692,0.7278672464249366,0.6056583239601868,0.5900921604578487,0.5825504708303723,-21.57957216876315,2.402555890292355,-121.48545441769862,-317.82732393553067,-630.1568640106588,-859.3183737138619,-0.9614411764705437,-1.1002875890222836
2004-12-01,770.2456666666667,3,21.038571206317226,16.104957893145183,345.6062973062375,1012.5256743531586,-0.20630584247309477,0.3793731811470161,0.43184037700537,,1.714516129032258,0.7283870967741934,0.7674193548387095,,,2.36483870967742,,,,,,2004,12,-2.4492935982947064e-16,1.0,770.1195,770.1386666666667,770.1904999999999,770.6415,770.549,292.4586536189925,199.85502927356,170.947968743255,31.598627517695,336.4799025276475,21.17154278125002,22.07319300403228,20.99647933854169,20.191911519097243,21.494662086693573,,,,,,1.4953333333333336,1.18741935483871,0.7073333333333334,0.957,1.7109677419354836,0.517,0.3306451612903225,0.4219999999999999,0.4363333333333334,0.6919354838709677,0.6126666666666668,0.4577419354838711,0.4736666666666666,0.5429999999999999,0.7370967741935486,,,,,,,,,,,1.184666666666667,1.2858064516129033,0.957,0.8773333333333334,1.5183870967741937,,,,,,,,,,,,,,,,,,,,,,,,,,770.1495555555556,770.2869166666666,770.4792083333333,770.6467916666666,770.7604027777777,221.0872172119359,124.19195962111208,187.23673370151084,185.7702706880574,187.74005437470763,21.413738374608,21.05830525141878,21.135209802934998,21.187303743412397,21.112445174687508,14.253893964437749,13.171140813620093,14.397037612048711,14.356996695320284,14.394767196905908,0.4308367932926446,0.6868494726101134,0.6087860241336952,0.5882033108405205,0.5891820077165294,10.340242740898816,-0.2137994290999643,-57.372195588098904,-294.87053503586316,-624.9361823946087,-866.4920608725045,-0.9755098039215682,-1.1200182764086928
2005-01-01,770.3145,2,21.63569019993282,15.415340228494646,324.829369603175,1012.7451731434811,-0.1533878105004051,0.3553687475261693,0.3870591261402145,,1.7270967741935483,1.195483870967742,0.8106451612903227,,,2.465806451612904,,,,,,2005,1,0.49999999999999994,0.8660254037844387,770.2456666666667,770.1195,770.1386666666667,770.403,770.578,345.6062973062375,292.4586536189925,199.85502927356,18.00000665071,248.60972168741,21.038571206317226,21.17154278125002,22.07319300403228,20.491882404233895,21.658989727822604,,,,,,1.714516129032258,1.4953333333333336,1.18741935483871,0.7487096774193548,1.6470967741935485,0.7283870967741934,0.517,0.3306451612903225,0.3670967741935483,0.7170967741935484,0.7674193548387095,0.6126666666666668,0.4577419354838711,0.4596774193548384,0.7196774193548388,,,,,,,,,,,2.36483870967742,1.184666666666667,1.2858064516129033,0.642258064516129,2.1919354838709677,,,,,,,,,,,,,,,,,,,,,,,,,,770.1679444444444,770.2209444444444,770.4539305555555,770.6270277777779,770.745212962963,279.3066600662634,176.52657125253586,187.99726659972666,185.94341348747284,189.64791792974813,21.427768997199845,21.199415199288776,21.0972022295703,21.20035786632626,21.11798661547305,15.048947586226875,13.727240230706789,14.489299010458211,14.380472045832716,14.410907534607523,0.44419707839161965,0.595582873077323,0.5963543787738178,0.5915867534863085,0.5905202339485079,1.8259802376467746,-48.96283330247698,-18.77380705632872,-285.74414025727316,-620.7807552086388,-797.808972891047,-1.033767156862723,-1.1393210717272682
2005-02-01,770.4966666666666,3,23.068288941592286,14.916013653273833,164.9335024944325,1011.1158494326637,-0.19206010593555525,0.43155102478512464,0.4723593666744293,,1.7610714285714286,0.875714285714286,0.7889285714285713,,,1.936428571428572,,,,,,2005,2,0.8660254037844386,0.5000000000000001,770.3145,770.2456666666667,770.1195,770.2283333333334,770.6600000000001,324.829369603175,345.6062973062375,292.4586536189925,32.29147192246,232.687324564315,21.63569019993282,21.038571206317226,21.17154278125002,21.42482246135755,21.50973860632186,,,,,,1.7270967741935483,1.714516129032258,1.4953333333333336,0.6838709677419355,1.663103448275862,1.195483870967742,0.7283870967741934,0.517,0.3296774193548387,0.65,0.8106451612903227,0.7674193548387095,0.6126666666666668,0.415483870967742,0.756551724137931,,,,,,,,,,,2.465806451612904,2.36483870967742,1.184666666666667,0.5409677419354838,1.381379310344828,,,,,,,,,,,,,,,,,,,,,,,,,,770.2265555555556,770.2061944444445,770.4319722222223,770.6030763888888,770.7271157407407,320.9647735094684,227.66479841128,194.3489039260404,188.1174419940793,189.15002293886383,21.28193472916669,21.390049831905262,21.095260602246153,21.222247841894696,21.15875241777107,15.550765588579026,14.355608065048186,14.471109830210674,14.372797867335292,14.393775967673905,0.42165695993134117,0.48708634374435533,0.5950993358050941,0.5950967480683547,0.5949084702369656,-96.7331582823798,-9.41334919021756,-7.010793299925204,-209.52449234150816,-568.6040710500838,-815.7331925628819,-0.9368161764707565,-1.0392473758823773
2005-03-01,770.6785,2,21.800684319556474,16.035431485215078,299.4742695719225,1012.7851532762097,-0.2235067632384758,0.45590523730935484,0.507744875522579,,1.5319354838709678,0.7812903225806451,0.654193548387097,,,1.57258064516129,,,,,,2005,3,1.0,6.123233995736766e-17,770.4966666666666,770.3145,770.2456666666667,770.1904999999999,770.6426666666666,164.9335024944325,324.829369603175,345.6062973062375,170.947968743255,310.60492966964,23.068288941592286,21.63569019993282,21.038571206317226,20.99647933854169,21.473959739583357,,,,,,1.7610714285714286,1.7270967741935483,1.714516129032258,0.7073333333333334,1.6587096774193544,0.875714285714286,1.195483870967742,0.7283870967741934,0.4219999999999999,0.8076666666666668,0.7889285714285713,0.8106451612903227,0.7674193548387095,0.4736666666666666,0.7945161290322579,,,,,,,,,,,1.936428571428572,2.465806451612904,2.36483870967742,0.957,1.3170967741935482,,,,,,,,,,,,,,,,,,,,,,,,,,770.3522777777777,770.2509166666665,770.418361111111,770.5796666666666,770.7100787037037,278.4563898012817,249.77180350660876,188.70275208688352,186.80703635492793,186.5474573149897,21.914183449280774,21.663960911944386,21.225139796852023,21.26198958583381,21.21456602407687,15.47877059163789,14.866332278037817,14.441641478190627,14.379180072351412,14.365180519643566,0.4304196232733379,0.4306282082829913,0.5966280424894317,0.5982917775767813,0.5980688700045399,-16.809792581171337,-84.56693530383421,-84.78073473293418,-277.2783144113907,-600.0538063897163,-909.4255550223494,-0.8176078431372389,-0.9098085788575692
2005-04-01,770.6614999999999,2,21.63595526388891,16.049157296875023,237.6107573459975,1012.6744412413194,-0.3170024236711076,0.574622684003316,0.6562634879257958,,1.2436666666666665,0.9423333333333336,0.6203333333333332,,,1.1020000000000003,,,,,,2005,4,0.8660254037844387,-0.4999999999999998,770.6785,770.4966666666666,770.3145,770.1386666666667,770.7473333333332,299.4742695719225,164.9335024944325,324.829369603175,199.85502927356,268.7099573801075,21.800684319556474,23.068288941592286,21.63569019993282,22.07319300403228,20.543659954861134,,,,,,1.5319354838709678,1.7610714285714286,1.7270967741935483,1.18741935483871,1.5673333333333337,0.7812903225806451,0.875714285714286,1.195483870967742,0.3306451612903225,1.0460000000000005,0.654193548387097,0.7889285714285713,0.8106451612903227,0.4577419354838711,1.038,,,,,,,,,,,1.57258064516129,1.936428571428572,2.465806451612904,1.2858064516129033,2.3936666666666664,,,,,,,,,,,,,,,,,,,,,,,,,,770.4965555555555,770.3322499999999,770.4213472222222,770.5642708333334,770.7013425925926,263.0790472231767,271.19285364472,187.77519707874043,189.5299491605377,185.608857183022,22.16822115369386,21.797995075446853,21.252366845183115,21.2594748559811,21.246772881435746,15.455595122327855,15.252271354277363,14.438438513360879,14.402549496494558,14.357157934564786,0.45572112277907423,0.449959100585347,0.6004271960751386,0.5966576698929983,0.5990854055720415,-75.06642007175083,-111.71697062590437,-160.67980392838135,-288.4089745091082,-534.7038990550814,-943.2151597731869,-0.9998602941177523,-1.147448853193059
2005-05-01,770.7883333333334,3,20.85217596606185,15.944707634408624,300.167590217395,1014.0272455813172,-0.22799052972682293,0.4569362313433767,0.5106568330683583,,0.6522580645161291,1.0574193548387096,0.7383870967741937,,,1.4935483870967745,,,,,,2005,5,0.49999999999999994,-0.8660254037844387,770.6614999999999,770.6785,770.4966666666666,770.1195,770.852,237.6107573459975,299.4742695719225,164.9335024944325,292.4586536189925,104.5972108623375,21.63595526388891,21.800684319556474,23.068288941592286,21.17154278125002,20.591676011424752,,,,,,1.2436666666666665,1.5319354838709678,1.7610714285714286,1.4953333333333336,1.2751612903225806,0.9423333333333336,0.7812903225806451,0.875714285714286,0.517,0.6051612903225806,0.6203333333333332,0.654193548387097,0.7889285714285713,0.6126666666666668,0.708709677419355,,,,,,,,,,,1.1020000000000003,1.57258064516129,1.936428571428572,1.184666666666667,1.508387096774194,,,,,,,,,,,,,,,,,,,,,,,,,,770.6122222222222,770.4193888888889,770.4141944444444,770.5429583333334,770.6840787037038,234.00617647078423,277.48547499012625,185.1835970758979,187.53031019069064,182.57025047714103,22.16830950834589,21.72512211875629,21.343391454268758,21.283531658353784,21.277930968530647,15.666867478454648,15.608816533516835,14.397370906156018,14.406947190070946,14.36020373057173,0.5454559100409346,0.48355643498613793,0.6057118407055373,0.5970659937119615,0.5989792327578293,109.87754835669463,-188.60937093530197,-198.02272012551953,-319.50817454321816,-582.6952343314114,-1052.605001184902,-0.8782601010100279,-1.0543942109121134
2005-06-01,770.4605,2,20.586728531250024,14.687000218750022,105.55082578847501,1014.6055896267361,-0.04296495663136457,0.5470634031445643,0.5487479882044645,,0.6313333333333335,0.7986666666666667,0.5509999999999999,,,1.176,,,,,,2005,6,1.2246467991473532e-16,-1.0,770.7883333333334,770.6614999999999,770.6785,770.2456666666667,770.6415,300.167590217395,237.6107573459975,299.4742695719225,345.6062973062375,31.598627517695,20.85217596606185,21.63595526388891,21.800684319556474,21.038571206317226,20.191911519097243,,,,,,0.6522580645161291,1.2436666666666665,1.5319354838709678,1.714516129032258,0.957,1.0574193548387096,0.9423333333333336,0.7812903225806451,0.7283870967741934,0.4363333333333334,0.7383870967741937,0.6203333333333332,0.654193548387097,0.7674193548387095,0.5429999999999999,,,,,,,,,,,1.4935483870967745,1.1020000000000003,1.57258064516129,2.36483870967742,0.8773333333333334,,,,,,,,,,,,,,,,,,,,,,,,,,770.7094444444446,770.5308611111112,770.408888888889,770.5220555555555,770.6692129629629,279.08420571177174,278.77029775652665,201.48112868881935,194.26086544209102,186.9737547037188,21.429605183169077,21.671894316224925,21.36509978382185,21.28667148488268,21.285484493349568,16.009765472166244,15.744268031902065,14.457704422761081,14.42955902572843,14.370467777904091,0.5582217321722442,0.49432067772279115,0.5905850751664523,0.5947573959336561,0.5955925031138568,45.69405247990864,18.00133570377247,-66.56559960006174,-123.93779518816066,-421.16190829780135,-894.0788490281019,-1.1137777777777274,-1.2638128714429349
2005-07-01,770.2635,2,20.518912333669377,12.16062871807798,13.3644342585175,1015.9294445564516,-0.09523721875452122,0.9639485511347136,0.96864180018767,,0.5983870967741933,0.5593548387096774,0.5029032258064516,,,0.7329032258064515,,,,,,2005,7,-0.4999999999999997,-0.8660254037844388,770.4605,770.7883333333334,770.6614999999999,770.3145,770.403,105.55082578847501,300.167590217395,237.6107573459975,324.829369603175,18.00000665071,20.586728531250024,20.85217596606185,21.63595526388891,21.63569019993282,20.491882404233895,,,,,,0.6313333333333335,0.6522580645161291,1.2436666666666665,1.7270967741935483,0.7487096774193548,0.7986666666666667,1.0574193548387096,0.9423333333333336,1.195483870967742,0.3670967741935483,0.5509999999999999,0.7383870967741937,0.6203333333333332,0.8106451612903227,0.4596774193548384,,,,,,,,,,,1.176,1.4935483870967745,1.1020000000000003,2.465806451612904,0.642258064516129,,,,,,,,,,,,,,,,,,,,,,,,,,770.6367777777778,770.5666666666666,770.3938055555554,770.5008263888889,770.6507546296295,214.44305778395588,238.76105250356625,207.64381187805103,195.8727613131199,189.35365641569229,21.024953253733596,21.596587203713728,21.398001201501256,21.29718751266046,21.28593802387619,15.560288383344558,15.507941752836205,14.617590991771495,14.475492427204122,14.41064457285008,0.5718894363995394,0.5138052795893069,0.5546940763333149,0.5841526130926614,0.5858096476945436,-14.57260591094924,80.50518076485244,-31.21178986105192,-49.98559691738064,-382.47640739310884,-808.4023873970568,-1.120136363636334,-1.2472163744792135
2005-08-01,770.099,2,21.56614059979841,12.808189946236581,63.5713338932825,1013.8432304855511,0.0368006923966583,0.7190819605089129,0.7200230252500369,,0.5677419354838711,0.4883870967741937,0.41,,,0.7635483870967741,,,,,,2005,8,-0.8660254037844385,-0.5000000000000004,770.2635,770.4605,770.7883333333334,770.4966666666666,770.2283333333334,13.3644342585175,105.55082578847501,300.167590217395,164.9335024944325,32.29147192246,20.518912333669377,20.586728531250024,20.85217596606185,23.068288941592286,21.42482246135755,,,,,,0.5983870967741933,0.6313333333333335,0.6522580645161291,1.7610714285714286,0.6838709677419355,0.5593548387096774,0.7986666666666667,1.0574193548387096,0.875714285714286,0.3296774193548387,0.5029032258064516,0.5509999999999999,0.7383870967741937,0.7889285714285713,0.415483870967742,,,,,,,,,,,0.7329032258064515,1.176,1.4935483870967745,1.936428571428572,0.5409677419354838,,,,,,,,,,,,,,,,,,,,,,,,,,770.504111111111,770.5581666666667,770.3821805555557,770.4859305555556,770.6244907407407,139.69428342146256,186.85022994612333,207.25751417870165,194.80329752355144,189.29744592458403,20.652605610327083,21.41045755933649,21.400253695620876,21.31951796292928,21.27072139001829,14.264112190412211,14.965489834433427,14.660548949740807,14.46705840152648,14.404505486035191,0.6760155404868309,0.6107357252638828,0.548911034504119,0.5838128464336946,0.5899201273322005,12.316645121451671,140.99899492565405,-47.610376009647936,-54.62116930957314,-408.1435383427513,-810.4259650769544,-1.1696313131312763,-1.3004718319282162
2005-09-01,770.23,2,22.432470595486134,13.292071604166688,111.32293937737501,1012.7675008854167,0.0363513307990575,0.5339921958185034,0.5352280676925766,,0.5283333333333332,0.4523333333333332,0.3946666666666666,,,0.6420000000000001,,,,,,2005,9,-1.0,-1.8369701987210297e-16,770.099,770.2635,770.4605,770.6785,770.1904999999999,63.5713338932825,13.3644342585175,105.55082578847501,299.4742695719225,170.947968743255,21.56614059979841,20.518912333669377,20.586728531250024,21.800684319556474,20.99647933854169,,,,,,0.5677419354838711,0.5983870967741933,0.6313333333333335,1.5319354838709678,0.7073333333333334,0.4883870967741937,0.5593548387096774,0.7986666666666667,0.7812903225806451,0.4219999999999999,0.41,0.5029032258064516,0.5509999999999999,0.654193548387097,0.4736666666666666,,,,,,,,,,,0.7635483870967741,0.7329032258064515,1.176,1.57258064516129,0.957,,,,,,,,,,,,,,,,,,,,,,,,,,770.2743333333333,770.4918888888889,770.3714027777778,770.4630972222221,770.5983379629629,60.8288646467584,169.956535179265,209.8641693429369,197.13502129214325,190.52527511764154,20.890593821572605,21.16009950237084,21.412030207157613,21.316818974143995,21.279695819715123,13.218606294354863,14.614185883260552,14.740259080649187,14.53483063732957,14.422899892210516,0.745804271214057,0.6520130016931508,0.541320604988071,0.5752687442832461,0.585137354284271,-0.53575275160415,43.43809169041107,61.43942739418354,-23.34130733875064,-352.1821678965488,-766.2241141268843,-0.9455934343434365,-1.038918657186671
2005-10-01,769.9,1,21.535219453965077,14.606785280577979,269.3306801376325,1012.7901803763441,0.13207642747389686,0.2527774076078965,0.2852027357709533,,0.4722580645161293,0.4506451612903225,0.4419354838709676,,,0.7219354838709677,,,,,,2005,10,-0.8660254037844386,0.5000000000000001,770.23,770.099,770.2635,770.6614999999999,770.1386666666667,111.32293937737501,63.5713338932825,13.3644342585175,237.6107573459975,199.85502927356,22.432470595486134,21.56614059979841,20.518912333669377,21.63595526388891,22.07319300403228,,,,,,0.5283333333333332,0.5677419354838711,0.5983870967741933,1.2436666666666665,1.18741935483871,0.4523333333333332,0.4883870967741937,0.5593548387096774,0.9423333333333336,0.3306451612903225,0.3946666666666666,0.41,0.5029032258064516,0.6203333333333332,0.4577419354838711,,,,,,,,,,,0.6420000000000001,0.7635483870967741,0.7329032258064515,1.1020000000000003,1.2858064516129033,,,,,,,,,,,,,,,,,,,,,,,,,,770.1975000000001,770.4171388888889,770.3746944444443,770.4506527777777,770.5829768518519,62.75290250972506,138.59798014684043,204.89541689578024,197.08850110693416,192.38469582000576,21.505841176317972,21.265397215025786,21.531696145236314,21.335692868747582,21.28282881228843,12.753630089493754,14.156959236419155,14.704615295348257,14.540578866568575,14.458022958279193,0.7412976310434277,0.6565935337214837,0.5532763171534153,0.5754883326607815,0.5790157090426099,31.752146989459845,-2.7917135411017195,77.71346722375073,-82.96633670463062,-353.29865234156625,-699.2849688417718,-1.1548235294118285,-1.323272244791134
2005-11-01,769.797,1,21.20218778125002,15.036833065972246,292.353153314925,1012.0903019965277,-0.15083816714639414,0.29477291066754857,0.331124178415745,,0.4613333333333333,0.596,0.4733333333333334,,,1.0000000000000002,,,,,,2005,11,-0.5000000000000004,0.8660254037844384,769.9,770.23,770.099,770.7883333333334,770.1195,269.3306801376325,111.32293937737501,63.5713338932825,300.167590217395,292.4586536189925,21.535219453965077,22.432470595486134,21.56614059979841,20.85217596606185,21.17154278125002,,,,,,0.4722580645161293,0.5283333333333332,0.5677419354838711,0.6522580645161291,1.4953333333333336,0.4506451612903225,0.4523333333333332,0.4883870967741937,1.0574193548387096,0.517,0.4419354838709676,0.3946666666666666,0.41,0.7383870967741937,0.6126666666666668,,,,,,,,,,,0.7219354838709677,0.6420000000000001,0.7635483870967741,1.4935483870967745,1.184666666666667,,,,,,,,,,,,,,,,,,,,,,,,,,770.0763333333334,770.2902222222223,770.3548055555556,770.4300277777778,770.5656018518519,148.07498446943006,143.88463394544624,210.68505446778624,198.00436121382904,193.9301796808545,21.84461021641654,21.24860791337181,21.486865016064048,21.32350834106781,21.27672478399728,13.569015610327085,13.916563900369647,14.76269021694324,14.55582241789586,14.486458084520605,0.5134846095711888,0.5947500750290099,0.5391532550075739,0.5724057894838804,0.5731125253077571,-21.685072472830655,43.53303935930737,184.5320342849614,-13.490685840558129,-331.31800977608884,-643.6475498512168,-1.2839411764705346,-1.4693613879647278
2005-12-01,770.202,2,21.62735588373658,15.061595739247332,256.07866027775503,1011.24058671875,-0.12702472228873993,0.4521231906513139,0.4696282142261641,,0.5590322580645163,0.7219354838709678,0.5525806451612902,,,1.3619354838709676,,,,,,2005,12,-2.4492935982947064e-16,1.0,769.797,769.9,770.23,770.4605,770.2456666666667,292.353153314925,269.3306801376325,111.32293937737501,105.55082578847501,345.6062973062375,21.20218778125002,21.535219453965077,22.432470595486134,20.586728531250024,21.038571206317226,,,,,,0.4613333333333333,0.4722580645161293,0.5283333333333332,0.6313333333333335,1.714516129032258,0.596,0.4506451612903225,0.4523333333333332,0.7986666666666667,0.7283870967741934,0.4733333333333334,0.4419354838709676,0.3946666666666666,0.5509999999999999,0.7674193548387095,,,,,,,,,,,1.0000000000000002,0.7219354838709677,0.6420000000000001,1.176,2.36483870967742,,,,,,,,,,,,,,,,,,,,,,,,,,769.9756666666666,770.125,770.3279305555556,770.4035694444443,770.5405046296296,224.3355909433109,142.58222779503458,210.67626277578063,198.95649823864574,194.0722680506318,21.72329261023374,21.30694321590317,21.48941876606405,21.312314284499525,21.288008750962945,14.311896650238973,13.765251472296917,14.75475975209949,14.575898682074099,14.489584380913353,0.3838516606264249,0.564827965920241,0.5295743218215161,0.5691801729776057,0.5686603145008523,-79.18739428758363,9.53132176502504,52.96941345543611,-13.596186144625634,-308.4667211804888,-638.5323685392343,-1.0191764705882633,-1.170153564173035
2006-01-01,770.1033333333334,3,21.72434676915325,15.056679195228519,272.3069485182175,1011.5172814264113,-0.159934016782585,0.5003743323732175,0.5253126328408211,,0.5877419354838709,0.6993548387096773,0.6612903225806451,,,0.9258064516129032,,,,,,2006,1,0.49999999999999994,0.8660254037844387,770.202,769.797,769.9,770.2635,770.3145,256.07866027775503,292.353153314925,269.3306801376325,13.3644342585175,324.829369603175,21.62735588373658,21.20218778125002,21.535219453965077,20.518912333669377,21.63569019993282,,,,,,0.5590322580645163,0.4613333333333333,0.4722580645161293,0.5983870967741933,1.7270967741935483,0.7219354838709678,0.596,0.4506451612903225,0.5593548387096774,1.195483870967742,0.5525806451612902,0.4733333333333334,0.4419354838709676,0.5029032258064516,0.8106451612903227,,,,,,,,,,,1.3619354838709676,1.0000000000000002,0.7219354838709677,0.7329032258064515,2.465806451612904,,,,,,,,,,,,,,,,,,,,,,,,,,769.9663333333333,770.0819166666666,770.3242916666667,770.3891111111111,770.5261157407408,272.5874979101042,167.67020020991458,203.21562635674044,195.60644647823355,191.7008177772287,21.45492103965056,21.480381107984268,21.538484155848995,21.31784319270965,21.313066629500508,14.901738028599189,13.827684059046467,14.667812905941334,14.578555958199773,14.476252332535589,0.3619850428042874,0.5516413369238576,0.5327233082565822,0.5645388435152,0.5719656050763998,-50.696440847310726,-69.12031977095444,-71.91203331205617,-103.12382317310808,-388.8679634303812,-723.9045783817469,-1.2449338235293226,-1.3720491395349141
2006-02-01,770.1313333333334,3,22.102307594866094,15.4698277418155,239.2855883311775,1011.4877169921875,-0.08905501628077195,0.42380510087182177,0.43306068795232794,,0.5774999999999999,0.8703571428571427,0.8153571428571429,,,1.828928571428572,,,,,,2006,2,0.8660254037844386,0.5000000000000001,770.1033333333334,770.202,769.797,770.099,770.4966666666666,272.3069485182175,256.07866027775503,292.353153314925,63.5713338932825,164.9335024944325,21.72434676915325,21.62735588373658,21.20218778125002,21.56614059979841,23.068288941592286,,,,,,0.5877419354838709,0.5590322580645163,0.4613333333333333,0.5677419354838711,1.7610714285714286,0.6993548387096773,0.7219354838709678,0.596,0.4883870967741937,0.875714285714286,0.6612903225806451,0.5525806451612902,0.4733333333333334,0.41,0.7889285714285713,,,,,,,,,,,0.9258064516129032,1.3619354838709676,1.0000000000000002,0.7635483870967741,1.936428571428572,,,,,,,,,,,,,,,,,,,,,,,,,,770.0341111111111,770.0552222222223,770.3066944444445,770.3693333333332,770.5042824074073,273.5795873702992,210.82728591986458,198.83875793299396,196.59383092951717,191.69121397371748,21.517963478046614,21.68128684723158,21.545872203284034,21.320566402765092,21.330122629024473,15.051702666816034,14.310359138571558,14.637924486502492,14.554517158356582,14.461173407057693,0.44202167516091,0.4777531423660495,0.5442444338149661,0.5696718848100302,0.5781459766505584,-22.3810724456348,-151.568907607725,-108.03586824841764,-155.64624425806556,-365.17073659957373,-724.2503153081493,-1.3021495098039395,-1.4445261461734706
2006-03-01,770.1546666666667,3,21.33107342573927,15.63717873151884,280.94160545322,1012.6275720682124,-0.126881117512337,0.3613448805654402,0.3829738120185657,,0.7364516129032258,0.9067741935483872,0.7300000000000001,,,1.9067741935483875,,,,,,2006,3,1.0,6.123233995736766e-17,770.1313333333334,770.1033333333334,770.202,770.23,770.6785,239.2855883311775,272.3069485182175,256.07866027775503,111.32293937737501,299.4742695719225,22.102307594866094,21.72434676915325,21.62735588373658,22.432470595486134,21.800684319556474,,,,,,0.5774999999999999,0.5877419354838709,0.5590322580645163,0.5283333333333332,1.5319354838709678,0.8703571428571427,0.6993548387096773,0.7219354838709678,0.4523333333333332,0.7812903225806451,0.8153571428571429,0.6612903225806451,0.5525806451612902,0.3946666666666666,0.654193548387097,,,,,,,,,,,1.828928571428572,0.9258064516129032,1.3619354838709676,0.6420000000000001,1.57258064516129,,,,,,,,,,,,,,,,,,,,,,,,,,770.1455555555555,770.060611111111,770.27625,770.3473055555555,770.4785277777778,255.89039904238336,240.1129949928471,205.03476508605604,196.8687585864698,192.88294593197062,21.818003415918643,21.770648013076194,21.465373757723516,21.34525677728777,21.329784309797045,15.196034225430452,14.75396543783471,14.684075660547629,14.562858569369132,14.480811935083485,0.4760005116731043,0.4299260861497647,0.5409695439214577,0.5687987932054447,0.5791843663583401,-35.34245669987382,-152.26490758052915,-142.7335858155041,-81.29415842132057,-358.57247283271124,-681.3479648110368,-1.3414411764705392,-1.492714020089003
2006-04-01,770.2959999999999,3,20.543007607638913,16.139031029513912,305.494934363615,1012.9997319270833,-0.3142555024058236,0.5339846955401146,0.6195935569899073,,0.7370000000000001,1.7183333333333328,0.965,,,2.259333333333333,,,,,,2006,4,0.8660254037844387,-0.4999999999999998,770.1546666666667,770.1313333333334,770.1033333333334,769.9,770.6614999999999,280.94160545322,239.2855883311775,272.3069485182175,269.3306801376325,237.6107573459975,21.33107342573927,22.102307594866094,21.72434676915325,21.535219453965077,21.63595526388891,,,,,,0.7364516129032258,0.5774999999999999,0.5877419354838709,0.4722580645161293,1.2436666666666665,0.9067741935483872,0.8703571428571427,0.6993548387096773,0.4506451612903225,0.9423333333333336,0.7300000000000001,0.8153571428571429,0.6612903225806451,0.4419354838709676,0.6203333333333332,,,,,,,,,,,1.9067741935483875,1.828928571428572,0.9258064516129032,0.7219354838709677,1.1020000000000003,,,,,,,,,,,,,,,,,,,,,,,,,,770.1297777777778,770.0480555555555,770.2325972222224,770.3269722222221,770.453712962963,264.17804743420504,268.38277267215454,203.4903764094975,195.632786744119,194.18342491019098,21.719242596586202,21.58708181811838,21.426239516572082,21.339303180877597,21.315063076178095,15.387895222854288,15.144816625726735,14.650887931072944,14.544663222216911,14.485328974687352,0.4471157109372381,0.40455037687076284,0.5305719552961232,0.5654995756856309,0.5746290983607065,-7.182243054133323,-108.41996999281935,-177.54028976377379,-99.82682254002306,-388.2357970491312,-634.5307215951043,-1.3653602941177496,-1.566900008828877
2006-05-01,770.4006666666668,3,20.40517215557798,16.101285554435506,331.5902947969175,1014.5042881888442,-0.1971439507267272,0.4526893243096608,0.4937543535525327,,0.6964516129032257,1.9074193548387093,1.2238709677419355,,,2.502903225806452,,,,,,2006,5,0.49999999999999994,-0.8660254037844387,770.2959999999999,770.1546666666667,770.1313333333334,769.797,770.7883333333334,305.494934363615,280.94160545322,239.2855883311775,292.353153314925,300.167590217395,20.543007607638913,21.33107342573927,22.102307594866094,21.20218778125002,20.85217596606185,,,,,,0.7370000000000001,0.7364516129032258,0.5774999999999999,0.4613333333333333,0.6522580645161291,1.7183333333333328,0.9067741935483872,0.8703571428571427,0.596,1.0574193548387096,0.965,0.7300000000000001,0.8153571428571429,0.4733333333333334,0.7383870967741937,,,,,,,,,,,2.259333333333333,1.9067741935483875,1.828928571428572,1.0000000000000002,1.4935483870967745,,,,,,,,,,,,,,,,,,,,,,,,,,770.194,770.1140555555556,770.2021388888888,770.3081666666667,770.429351851852,275.2407093826709,274.410148376485,209.14739116096564,197.16549411843175,194.73600384744896,21.325462876081428,21.42171317706402,21.335160545217917,21.33927599974334,21.300741287308497,15.748679167616087,15.400190917216058,14.658377408792852,14.527874157474434,14.490757262978248,0.4785426856536002,0.46028218040725516,0.5275161277181325,0.566613984211835,0.5738827050473518,141.3002529362171,-64.90577219964194,-216.47467980736695,-31.942645522405556,-351.4508200656237,-614.6378798538169,-1.2659267676766603,-1.5198070067647464
2006-06-01,770.3655000000001,2,20.294839524305576,13.718926381944467,53.784668428450004,1015.270580234375,-0.1383723574728698,0.858215140644394,0.8692986465788823,,0.4589999999999997,1.2629999999999997,0.7806666666666665,,,1.5773333333333328,,,,,,2006,6,1.2246467991473532e-16,-1.0,770.4006666666668,770.2959999999999,770.1546666666667,770.202,770.4605,331.5902947969175,305.494934363615,280.94160545322,256.07866027775503,105.55082578847501,20.40517215557798,20.543007607638913,21.33107342573927,21.62735588373658,20.586728531250024,,,,,,0.6964516129032257,0.7370000000000001,0.7364516129032258,0.5590322580645163,0.6313333333333335,1.9074193548387093,1.7183333333333328,0.9067741935483872,0.7219354838709678,0.7986666666666667,1.2238709677419355,0.965,0.7300000000000001,0.5525806451612902,0.5509999999999999,,,,,,,,,,,2.502903225806452,2.259333333333333,1.9067741935483875,1.3619354838709676,1.176,,,,,,,,,,,,,,,,,,,,,,,,,,770.2837777777778,770.2146666666666,770.1698333333334,770.2893611111111,770.4046481481481,306.0089448712509,280.9496719568171,211.76594987592583,206.6235392823726,200.09589358670263,20.759751062985387,21.288877239452017,21.297910227677594,21.331505005749722,21.290417732480986,15.959165105156089,15.577599665293269,14.671425568795092,14.564564995778086,14.510181206750651,0.49877390752033507,0.48738720959671983,0.5261075877584804,0.5583463314624664,0.5718741265419308,-6.072104880116363,98.77555318220996,-53.48935439831919,-0.5199409428830961,-124.4577361310437,-421.6818492406844,-1.208777777777641,-1.3716101584623657
2006-07-01,770.1899999999999,3,20.434288403897874,13.483364136424754,66.80160748183499,1015.7119999915996,-0.08496169662225633,0.8909732456087888,0.895014979921337,,0.4141935483870969,0.953225806451613,0.647741935483871,,,1.121935483870968,,,,,,2006,7,-0.4999999999999997,-0.8660254037844388,770.3655000000001,770.4006666666668,770.2959999999999,770.1033333333334,770.2635,53.784668428450004,331.5902947969175,305.494934363615,272.3069485182175,13.3644342585175,20.294839524305576,20.40517215557798,20.543007607638913,21.72434676915325,20.518912333669377,,,,,,0.4589999999999997,0.6964516129032257,0.7370000000000001,0.5877419354838709,0.5983870967741933,1.2629999999999997,1.9074193548387093,1.7183333333333328,0.6993548387096773,0.5593548387096774,0.7806666666666665,1.2238709677419355,0.965,0.6612903225806451,0.5029032258064516,,,,,,,,,,,1.5773333333333328,2.502903225806452,2.259333333333333,0.9258064516129032,0.7329032258064515,,,,,,,,,,,,,,,,,,,,,,,,,,770.3540555555555,770.2419166666667,770.1619166666668,770.2778611111111,770.3878564814814,230.28996586299422,247.2340066485996,207.4521034292571,207.54795765365407,199.73254201849895,20.41433976250749,21.066791179546847,21.273586143765556,21.335793672633404,21.289320389695494,15.319747655297965,15.353821439076123,14.590752749061295,14.604171870416396,14.513912534489846,0.6608821857071074,0.5539989483221729,0.5528201426230153,0.5537571094781651,0.573708456269446,38.86456731236825,128.0459050019674,19.625935009148073,-52.28609830290809,-102.2716952202887,-434.7625056960169,-1.193636363636415,-1.329054984937971
2006-08-01,770.1953333333332,3,20.995536527217766,13.44796036122314,78.5442888739675,1014.0480570060483,0.005242255953092759,0.5531251565170464,0.5531499977578277,,0.369032258064516,0.7745161290322581,0.5506451612903226,,,0.7493548387096775,,,,,,2006,8,-0.8660254037844385,-0.5000000000000004,770.1899999999999,770.3655000000001,770.4006666666668,770.1313333333334,770.099,66.80160748183499,53.784668428450004,331.5902947969175,239.2855883311775,63.5713338932825,20.434288403897874,20.294839524305576,20.40517215557798,22.102307594866094,21.56614059979841,,,,,,0.4141935483870969,0.4589999999999997,0.6964516129032257,0.5774999999999999,0.5677419354838711,0.953225806451613,1.2629999999999997,1.9074193548387093,0.8703571428571427,0.4883870967741937,0.647741935483871,0.7806666666666665,1.2238709677419355,0.8153571428571429,0.41,,,,,,,,,,,1.121935483870968,1.5773333333333328,2.502903225806452,1.828928571428572,0.7635483870967741,,,,,,,,,,,,,,,,,,,,,,,,,,770.3187222222223,770.2563611111112,770.1557916666667,770.2689861111112,770.3758842592592,150.72552356906752,212.9831164758692,211.9052011978669,209.58135768828427,200.5039320816566,20.378100027927143,20.851781452004285,21.266534149617932,21.333393922619404,21.301856691825495,14.434525357601578,15.09160226260883,14.700980700590193,14.680764825165499,14.545032501214385,0.7526893266842506,0.6156160061689255,0.5466845742674875,0.5477978043858033,0.5714367557116256,27.289600102136674,174.092715368469,109.18694316882704,1.1510749204094068,-53.47009438916371,-406.9924634223419,-1.0732979797980988,-1.1933621939858472
2006-09-01,770.0055,2,21.764389895833357,13.097741760416689,129.0880440941475,1013.4228991927083,-0.05901465913534029,0.603785642089882,0.6066628648489633,,0.3503333333333333,0.6729999999999999,0.4566666666666667,,,0.616,,,,,,2006,9,-1.0,-1.8369701987210297e-16,770.1953333333332,770.1899999999999,770.3655000000001,770.1546666666667,770.23,78.5442888739675,66.80160748183499,53.784668428450004,280.94160545322,111.32293937737501,20.995536527217766,20.434288403897874,20.294839524305576,21.33107342573927,22.432470595486134,,,,,,0.369032258064516,0.4141935483870969,0.4589999999999997,0.7364516129032258,0.5283333333333332,0.7745161290322581,0.953225806451613,1.2629999999999997,0.9067741935483872,0.4523333333333332,0.5506451612903226,0.647741935483871,0.7806666666666665,0.7300000000000001,0.3946666666666666,,,,,,,,,,,0.7493548387096775,1.121935483870968,1.5773333333333328,1.9067741935483875,0.6420000000000001,,,,,,,,,,,,,,,,,,,,,,,,,,770.2502777777777,770.2670277777778,770.1638194444445,770.2676111111113,770.363337962963,66.3768549280842,186.19289989966748,213.1529474462573,211.50855839459712,202.47433001018126,20.574888151807073,20.667319607396227,21.21898381023621,21.315507008696915,21.284207252841398,13.55008362653079,14.754624365843439,14.754294901839073,14.74727699124413,14.607985392166073,0.7724878747526823,0.6356308911365088,0.5327784886431367,0.5370495468156039,0.561105325736543,17.229351965168348,60.08206253438856,158.8576157165985,16.12402990109441,-7.2172774376562145,-336.05813799545444,-1.170093434343471,-1.2855756559214282
2006-10-01,769.8365,2,22.53144983702959,13.810366955645184,174.4408010724575,1012.2682938004032,-0.06264239385824266,0.48587230975202067,0.48989383634829975,,0.3061290322580644,0.6816129032258067,0.5612903225806453,,,0.8212903225806448,,,,,,2006,10,-0.8660254037844386,0.5000000000000001,770.0055,770.1953333333332,770.1899999999999,770.2959999999999,769.9,129.0880440941475,78.5442888739675,66.80160748183499,305.494934363615,269.3306801376325,21.764389895833357,20.995536527217766,20.434288403897874,20.543007607638913,21.535219453965077,,,,,,0.3503333333333333,0.369032258064516,0.4141935483870969,0.7370000000000001,0.4722580645161293,0.6729999999999999,0.7745161290322581,0.953225806451613,1.7183333333333328,0.4506451612903225,0.4566666666666667,0.5506451612903226,0.647741935483871,0.965,0.4419354838709676,,,,,,,,,,,0.616,0.7493548387096775,1.121935483870968,2.259333333333333,0.7219354838709677,,,,,,,,,,,,,,,,,,,,,,,,,,770.1302777777778,770.2421666666665,770.1451111111111,770.2599027777778,770.3488055555556,91.47798014998337,160.88397300648876,214.63337283932165,209.76439486755098,202.93679168439667,21.064738275649663,20.739539019078578,21.16331041859848,21.347503281917398,21.278232052031214,13.343022086021529,14.331384870659745,14.738100748193242,14.72135802177075,14.606419493776794,0.6849426141760425,0.672912399941575,0.538731388406169,0.5460038527797921,0.563236017909244,-63.13773207571515,83.38351937967327,211.42942438164067,33.88913461786691,-49.07720208676369,-319.4095177236994,-1.2183235294118049,-1.3960346932554484
2006-11-01,769.635,1,20.4484611684028,15.596759718750022,393.11665275488247,1012.8684613888888,-0.11132487986070831,0.3286256998707828,0.3469698538656679,,0.637,1.0719999999999998,0.997,,,1.4106666666666663,,,,,,2006,11,-0.5000000000000004,0.8660254037844384,769.8365,770.0055,770.1953333333332,770.4006666666668,769.797,174.4408010724575,129.0880440941475,78.5442888739675,331.5902947969175,292.353153314925,22.53144983702959,21.764389895833357,20.995536527217766,20.40517215557798,21.20218778125002,,,,,,0.3061290322580644,0.3503333333333333,0.369032258064516,0.6964516129032257,0.4613333333333333,0.6816129032258067,0.6729999999999999,0.7745161290322581,1.9074193548387093,0.596,0.5612903225806453,0.4566666666666667,0.5506451612903226,1.2238709677419355,0.4733333333333334,,,,,,,,,,,0.8212903225806448,0.616,0.7493548387096775,2.502903225806452,1.0000000000000002,,,,,,,,,,,,,,,,,,,,,,,,,,770.0124444444444,770.1655833333334,770.1398194444445,770.2473125000001,770.3332916666667,127.35771134685756,139.04161745796247,206.72588291722374,208.70546869250504,200.91153511496063,21.76379208669357,21.07094605731036,21.24632961718719,21.36659731662562,21.29778209977427,13.452023025761674,13.943274191681624,14.671732554448843,14.717211385696041,14.594459130080187,0.5499022329850302,0.6512957798346405,0.5557889801209478,0.5474711175642609,0.5668668530295695,79.0784269671268,-18.618780008410127,155.47393536005887,-61.00074444730809,-74.4914302878662,-392.31875422339687,-1.4459411764705692,-1.654756598596326
2006-12-01,769.873,1,20.450047437836044,16.516336670026902,351.5940905078375,1014.0667538390458,-0.033690455404595115,0.13448827959709173,0.13864394734121838,,0.9112903225806454,1.4870967741935484,1.3087096774193554,,,2.871290322580646,,,,,,2006,12,-2.4492935982947064e-16,1.0,769.635,769.8365,770.0055,770.3655000000001,770.202,393.11665275488247,174.4408010724575,129.0880440941475,53.784668428450004,256.07866027775503,20.4484611684028,22.53144983702959,21.764389895833357,20.294839524305576,21.62735588373658,,,,,,0.637,0.3061290322580644,0.3503333333333333,0.4589999999999997,0.5590322580645163,1.0719999999999998,0.6816129032258067,0.6729999999999999,1.2629999999999997,0.7219354838709678,0.997,0.5612903225806453,0.4566666666666667,0.7806666666666665,0.5525806451612902,,,,,,,,,,,1.4106666666666663,0.8212903225806448,0.616,1.5773333333333328,1.3619354838709676,,,,,,,,,,,,,,,,,,,,,,,,,,769.8256666666666,770.0379722222223,770.1263194444444,770.227125,770.3111527777778,232.21516597382922,149.29601045095666,215.12284120388688,212.89955198983375,204.34527922705945,21.58143363375525,21.07816089278116,21.183519066116585,21.336468916090322,21.269382545038543,14.168289478270635,13.85918655240071,14.718393108846989,14.73657643047324,14.623396824331728,0.4811755183543102,0.6268316965534962,0.5571094530751081,0.543341887448312,0.5651565996767731,16.328035942498843,33.17004685658,93.25210939096856,39.76275499264937,26.166568848023758,-268.7039661878394,-1.3481764705882142,-1.5478904269468217
2007-01-01,770.2925,2,20.917678237567227,16.87610424059142,401.0557530311275,1014.0900790154569,-0.022117260794240617,0.17975263660342305,0.1811082096176833,,0.8277419354838709,1.654516129032258,1.4303225806451612,,,2.968709677419355,,,,,,2007,1,0.49999999999999994,0.8660254037844387,769.873,769.635,769.8365,770.1899999999999,770.1033333333334,351.5940905078375,393.11665275488247,174.4408010724575,66.80160748183499,272.3069485182175,20.450047437836044,20.4484611684028,22.53144983702959,20.434288403897874,21.72434676915325,,,,,,0.9112903225806454,0.637,0.3061290322580644,0.4141935483870969,0.5877419354838709,1.4870967741935484,1.0719999999999998,0.6816129032258067,0.953225806451613,0.6993548387096773,1.3087096774193554,0.997,0.5612903225806453,0.647741935483871,0.6612903225806451,,,,,,,,,,,2.871290322580646,1.4106666666666663,0.8212903225806448,1.121935483870968,0.9258064516129032,,,,,,,,,,,,,,,,,,,,,,,,,,769.7815,769.9558888888888,770.0989027777778,770.2115972222222,770.292375,306.3838481117259,198.93091413085457,223.08246038972706,213.14904337323375,204.76511778206475,21.143319481089478,21.104028878369572,21.08541002895821,21.311947092403603,21.240365471459167,15.307821114807373,14.32542160041445,14.839621519745286,14.753717212843311,14.665577812048278,0.3251692125183953,0.505055913347219,0.5295274308346959,0.5311253695456392,0.5528683726216986,78.05236366559927,32.268730833910496,115.65225021358376,135.27818522273185,32.154362049623785,-253.58977820764937,-1.0557671568626574,-1.1635674055477319
2007-02-01,770.5715,2,21.312040946800618,16.238381954985144,250.27853215536499,1012.7420880301339,0.03064398515350705,0.054914066197738066,0.06288567795975424,,0.857142857142857,1.6989285714285711,1.4371428571428573,,,2.8571428571428568,,,,,,2007,2,0.8660254037844386,0.5000000000000001,770.2925,769.873,769.635,770.1953333333332,770.1313333333334,401.0557530311275,351.5940905078375,393.11665275488247,78.5442888739675,239.2855883311775,20.917678237567227,20.450047437836044,20.4484611684028,20.995536527217766,22.102307594866094,,,,,,0.8277419354838709,0.9112903225806454,0.637,0.369032258064516,0.5774999999999999,1.654516129032258,1.4870967741935484,1.0719999999999998,0.7745161290322581,0.8703571428571427,1.4303225806451612,1.3087096774193554,0.997,0.5506451612903226,0.8153571428571429,,,,,,,,,,,2.968709677419355,2.871290322580646,1.4106666666666663,0.7493548387096775,1.828928571428572,,,,,,,,,,,,,,,,,,,,,,,,,,769.9335000000001,769.9729722222222,770.1146666666667,770.2106805555555,770.2844444444444,381.9221654312825,254.63993838907,233.81152743246957,216.32514268273175,208.99972976383464,20.605395614602028,21.184593850647797,21.01818765132604,21.282029927305036,21.219773485618745,16.329733543122785,14.890878284442229,14.991240273525527,14.81458238001401,14.700091530079568,0.22224067027485647,0.38607145162994333,0.5008437288994344,0.5225440813572003,0.5467291661731649,-11.388128621447322,173.45882657522492,154.84004656681478,264.02698973564185,108.38074547757628,-101.14374686393188,-0.861982843137298,-0.9562317883545121
2007-03-01,770.5933333333332,3,21.630726834677443,15.814857086693571,267.353773226445,1012.2596959593415,-0.24353927666754702,0.45076991652134746,0.5123523171806824,,0.4641935483870968,1.4980645161290322,1.077741935483871,,,2.2493548387096776,,,,,,2007,3,1.0,6.123233995736766e-17,770.5715,770.2925,769.873,770.0055,770.1546666666667,250.27853215536499,401.0557530311275,351.5940905078375,129.0880440941475,280.94160545322,21.312040946800618,20.917678237567227,20.450047437836044,21.764389895833357,21.33107342573927,,,,,,0.857142857142857,0.8277419354838709,0.9112903225806454,0.3503333333333333,0.7364516129032258,1.6989285714285711,1.654516129032258,1.4870967741935484,0.6729999999999999,0.9067741935483872,1.4371428571428573,1.4303225806451612,1.3087096774193554,0.4566666666666667,0.7300000000000001,,,,,,,,,,,2.8571428571428568,2.968709677419355,2.871290322580646,0.616,1.9067741935483875,,,,,,,,,,,,,,,,,,,,,,,,,,770.2456666666667,770.0356666666667,770.1513472222223,770.2137986111111,770.2819861111111,334.30945856477666,283.26231226930287,234.7276060844852,219.88118558527063,209.48837441914162,20.893255540734632,21.23734458724494,20.952332097320582,21.20885292752205,21.214281883965374,16.543607621867825,15.355948550069227,15.055286457956333,14.869681059251981,14.727001198898197,0.12754594497288524,0.30436073166359784,0.4699958114000533,0.5054826776607555,0.535864465936981,-48.930288926648814,82.9922709866508,116.1623178432308,275.0199335598293,193.72577513850877,-83.5525392728819,-0.9027745098039759,-1.0045793966970624
2007-04-01,770.8063333333333,3,21.336794397569466,15.891831994791689,277.41438148097,1012.733064609375,-0.2927679058697889,0.4615896858926215,0.546605968527449,,0.4516666666666666,1.645333333333333,1.1266666666666665,,,1.8656666666666664,,,,,,2007,4,0.8660254037844387,-0.4999999999999998,770.5933333333332,770.5715,770.2925,769.8365,770.2959999999999,267.353773226445,250.27853215536499,401.0557530311275,174.4408010724575,305.494934363615,21.630726834677443,21.312040946800618,20.917678237567227,22.53144983702959,20.543007607638913,,,,,,0.4641935483870968,0.857142857142857,0.8277419354838709,0.3061290322580644,0.7370000000000001,1.4980645161290322,1.6989285714285711,1.654516129032258,0.6816129032258067,1.7183333333333328,1.077741935483871,1.4371428571428573,1.4303225806451612,0.5612903225806453,0.965,,,,,,,,,,,2.2493548387096776,2.8571428571428568,2.968709677419355,0.8212903225806448,2.259333333333333,,,,,,,,,,,,,,,,,,,,,,,,,,770.4857777777778,770.1336388888889,770.1879027777777,770.2102500000001,770.2806157407408,306.22935280431255,306.3066004580192,233.59528673225395,218.54283157087573,208.28695340683063,21.286815339681763,21.215067410385622,20.9773032147321,21.20177136565209,21.218636525495768,16.309781094090045,15.808801104448706,15.070092987554226,14.860490459313587,14.71980647732935,0.2521154015860399,0.28864230705221766,0.48077735349689626,0.5056746543965098,0.5372588349560528,-35.26279593677833,17.733946117503137,50.00267695141363,261.43210133305433,161.6052787930313,-126.80369571607689,-0.8550269607843575,-0.9812367901526198
2007-05-01,770.8935,2,21.157731811155937,15.66905873151884,196.3552829269525,1013.8577583921372,-0.3056360268287056,0.6137143207868239,0.6856082324727948,,0.5861290322580646,1.4945161290322582,0.9538709677419356,,,1.37,,,,,,2007,5,0.49999999999999994,-0.8660254037844387,770.8063333333333,770.5933333333332,770.5715,769.635,770.4006666666668,277.41438148097,267.353773226445,250.27853215536499,393.11665275488247,331.5902947969175,21.336794397569466,21.630726834677443,21.312040946800618,20.4484611684028,20.40517215557798,,,,,,0.4516666666666666,0.4641935483870968,0.857142857142857,0.637,0.6964516129032257,1.645333333333333,1.4980645161290322,1.6989285714285711,1.0719999999999998,1.9074193548387093,1.1266666666666665,1.077741935483871,1.4371428571428573,0.997,1.2238709677419355,,,,,,,,,,,1.8656666666666664,2.2493548387096776,2.8571428571428568,1.4106666666666663,2.502903225806452,,,,,,,,,,,,,,,,,,,,,,,,,,770.6570555555555,770.2952777777778,770.2304305555557,770.2162847222221,770.2822546296296,265.01556228759335,323.46886385943793,231.25524065870022,220.2013159098329,208.52874296518792,21.426520726349178,21.0159581704756,21.04345211389298,21.18930632955545,21.24066803779322,15.981690345490138,16.155711944306457,15.04949306799404,14.853935238393447,14.701747127647637,0.37394798788929523,0.2980943290820759,0.4746950544583582,0.5011055910882454,0.535974340960676,6.065241066252128,-95.58121348487447,77.87761309035045,233.35154845040933,201.40890292800378,-118.09927161521436,-0.7730934343434228,-0.9281364834044324
2007-06-01,770.8043333333334,3,20.17189098784724,14.446726659722245,130.6712626195475,1014.7821942795138,-0.10988038385904866,0.6587062833464775,0.6678081060283274,,0.288,1.3476666666666666,0.8146666666666665,,,1.2336666666666665,,,,,,2007,6,1.2246467991473532e-16,-1.0,770.8935,770.8063333333333,770.5933333333332,769.873,770.3655000000001,196.3552829269525,277.41438148097,267.353773226445,351.5940905078375,53.784668428450004,21.157731811155937,21.336794397569466,21.630726834677443,20.450047437836044,20.294839524305576,,,,,,0.5861290322580646,0.4516666666666666,0.4641935483870968,0.9112903225806454,0.4589999999999997,1.4945161290322582,1.645333333333333,1.4980645161290322,1.4870967741935484,1.2629999999999997,0.9538709677419356,1.1266666666666665,1.077741935483871,1.3087096774193554,0.7806666666666665,,,,,,,,,,,1.37,1.8656666666666664,2.2493548387096776,2.871290322580646,1.5773333333333328,,,,,,,,,,,,,,,,,,,,,,,,,,770.7643888888888,770.5050277777777,770.2715,770.2206666666667,770.2834074074075,247.0411458781225,290.67530222144956,219.9856563362031,215.8758031060645,211.0775783003161,21.37508434780095,21.13416994426779,21.106165418524476,21.202037823101033,21.256391810007973,15.791915937668037,16.16776177976793,15.01347416608432,14.842449867439704,14.714201385880163,0.5815221727269754,0.35453405884993033,0.4906828777017133,0.5083952327300968,0.5357918468755487,70.81448931098112,-78.12784379717502,4.8644271894757765,98.11653658044435,97.59659563756128,-26.34119955059937,-0.769944444444377,-0.8736623396511818
2007-07-01,770.5093333333334,3,20.451830732526904,13.269429086021528,41.9233440927775,1014.6017660870295,0.027075880488175413,0.8193624969717119,0.8198097369194444,,0.2351612903225807,1.1570967741935485,0.660967741935484,,,0.758064516129032,,,,,,2007,7,-0.4999999999999997,-0.8660254037844388,770.8043333333334,770.8935,770.8063333333333,770.2925,770.1899999999999,130.6712626195475,196.3552829269525,277.41438148097,401.0557530311275,66.80160748183499,20.17189098784724,21.157731811155937,21.336794397569466,20.917678237567227,20.434288403897874,,,,,,0.288,0.5861290322580646,0.4516666666666666,0.8277419354838709,0.4141935483870969,1.3476666666666666,1.4945161290322582,1.645333333333333,1.654516129032258,0.953225806451613,0.8146666666666665,0.9538709677419356,1.1266666666666665,1.4303225806451612,0.647741935483871,,,,,,,,,,,1.2336666666666665,1.37,1.8656666666666664,2.968709677419355,1.121935483870968,,,,,,,,,,,,,,,,,,,,,,,,,,770.8347222222222,770.66025,770.3080694444444,770.2349930555556,770.2879305555556,201.4803090091567,253.8548309067346,226.39287251879458,216.92248797402587,213.82959594203425,20.888805732190878,21.087810535936324,21.095919707152948,21.184752925459254,21.255835684139917,15.335872462010926,15.822826778050485,15.074124189232469,14.832438469146881,14.760822643355088,0.6333407690095236,0.4427280852977819,0.4738919993225004,0.5133560709727579,0.5271354060929435,13.986303923310757,41.61693444045491,59.35088055795805,175.00313077154183,122.71703246863376,72.73143555125311,-0.87430303030294,-0.9734931308815621
2007-08-01,770.5264999999999,2,20.96238434475809,12.662436985887119,74.76568229801249,1013.5688052083333,-0.015682261664264105,0.6892300474610181,0.6894084360188986,,0.2038709677419356,1.0600000000000005,0.5309677419354839,,,0.5483870967741936,,,,,,2007,8,-0.8660254037844385,-0.5000000000000004,770.5093333333334,770.8043333333334,770.8935,770.5715,770.1953333333332,41.9233440927775,130.6712626195475,196.3552829269525,250.27853215536499,78.5442888739675,20.451830732526904,20.17189098784724,21.157731811155937,21.312040946800618,20.995536527217766,,,,,,0.2351612903225807,0.288,0.5861290322580646,0.857142857142857,0.369032258064516,1.1570967741935485,1.3476666666666666,1.4945161290322582,1.6989285714285711,0.7745161290322581,0.660967741935484,0.8146666666666665,0.9538709677419356,1.4371428571428573,0.5506451612903226,,,,,,,,,,,0.758064516129032,1.2336666666666665,1.37,2.8571428571428568,0.7493548387096775,,,,,,,,,,,,,,,,,,,,,,,,,,770.7357222222222,770.6963888888889,770.3346805555556,770.245236111111,770.2908842592592,122.98329654642588,193.99942941700957,224.31968390303976,218.11244255045335,214.49413309320278,20.59381784384336,21.010169285096268,21.09738156787203,21.181957858744983,21.25472313770361,14.46173815908754,15.221714252288836,15.05629626836553,14.878638484477863,14.805941972898845,0.7244086918068554,0.5491783398480754,0.4676248957390094,0.5071547350032485,0.5210735015035386,23.510993526181664,90.866034300544,-4.7151791843304665,150.12486738248435,151.27594230289378,96.6547729933206,-0.7421313131313809,-0.8251496497092644
2007-09-01,770.4155000000001,2,21.967305098958356,12.977495196180579,103.5320758000475,1012.9243025260417,0.03660990360250001,0.4025782688169946,0.4042394680946836,,0.241,1.0179999999999998,0.4833333333333335,,,0.7303333333333334,,,,,,2007,9,-1.0,-1.8369701987210297e-16,770.5264999999999,770.5093333333334,770.8043333333334,770.5933333333332,770.0055,74.76568229801249,41.9233440927775,130.6712626195475,267.353773226445,129.0880440941475,20.96238434475809,20.451830732526904,20.17189098784724,21.630726834677443,21.764389895833357,,,,,,0.2038709677419356,0.2351612903225807,0.288,0.4641935483870968,0.3503333333333333,1.0600000000000005,1.1570967741935485,1.3476666666666666,1.4980645161290322,0.6729999999999999,0.5309677419354839,0.660967741935484,0.8146666666666665,1.077741935483871,0.4566666666666667,,,,,,,,,,,0.5483870967741936,0.758064516129032,1.2336666666666665,2.2493548387096776,0.616,,,,,,,,,,,,,,,,,,,,,,,,,,770.613388888889,770.6888888888889,770.3622777777778,770.2630486111111,770.2991666666667,82.45342967011253,164.7472877741175,224.00480002171017,218.57887373398376,215.67397227030148,20.528702021710746,20.951893184755846,21.094618886000394,21.156801348118304,21.24187763446474,13.459530910543634,14.62572342410583,14.99083598708753,14.8725654444633,14.82846332319193,0.7256754263222233,0.6535987995245994,0.4789797655940986,0.5058791271186176,0.5176929530751022,-8.326616328931664,108.31178676047354,30.18394296329852,146.3462608065293,162.47029070762375,139.1289833688731,-0.7600934343433892,-0.8351107584548134
2007-10-01,770.1996666666668,3,21.560879815188194,14.007998094758088,200.678288962695,1012.0187758904569,-0.019547328946814532,0.37875953246507893,0.37926360424132466,,0.6425806451612901,1.1512903225806452,0.5603225806451613,,,0.6393548387096776,,,,,,2007,10,-0.8660254037844386,0.5000000000000001,770.4155000000001,770.5264999999999,770.5093333333334,770.8063333333333,769.8365,103.5320758000475,74.76568229801249,41.9233440927775,277.41438148097,174.4408010724575,21.967305098958356,20.96238434475809,20.451830732526904,21.336794397569466,22.53144983702959,,,,,,0.241,0.2038709677419356,0.2351612903225807,0.4516666666666666,0.3061290322580644,1.0179999999999998,1.0600000000000005,1.1570967741935485,1.645333333333333,0.6816129032258067,0.4833333333333335,0.5309677419354839,0.660967741935484,1.1266666666666665,0.5612903225806453,,,,,,,,,,,0.7303333333333334,0.5483870967741936,0.758064516129032,1.8656666666666664,0.8212903225806448,,,,,,,,,,,,,,,,,,,,,,,,,,770.4837777777778,770.65925,770.3964444444445,770.2707777777779,770.3054166666667,73.40703406361253,137.44367153638458,221.87513599720185,218.25425441826175,213.80130857743458,21.127173392081115,21.007989562136,21.11152848626081,21.137419452429643,21.268845016698535,12.969787089363079,14.152829775687001,14.980815440067852,14.859458094130547,14.807843827869785,0.6378192136776754,0.6355799913435997,0.46211114919790863,0.5004212688020387,0.5180396182524977,-36.900244185477646,29.170681120560758,70.78761556101567,120.7902925124293,154.67942713029623,71.71309042566561,-0.8551568627450479,-0.9798946008569199
2007-11-01,770.091,2,20.70918001388891,14.979636208333355,367.5872981406775,1011.9581194270833,-0.0773151092414531,0.25043065823009025,0.2620937631813739,,0.8206666666666664,1.4110000000000005,0.5703333333333334,,,0.889,,,,,,2007,11,-0.5000000000000004,0.8660254037844384,770.1996666666668,770.4155000000001,770.5264999999999,770.8935,769.635,200.678288962695,103.5320758000475,74.76568229801249,196.3552829269525,393.11665275488247,21.560879815188194,21.967305098958356,20.96238434475809,21.157731811155937,20.4484611684028,,,,,,0.6425806451612901,0.241,0.2038709677419356,0.5861290322580646,0.637,1.1512903225806452,1.0179999999999998,1.0600000000000005,1.4945161290322582,1.0719999999999998,0.5603225806451613,0.4833333333333335,0.5309677419354839,0.9538709677419356,0.997,,,,,,,,,,,0.6393548387096776,0.7303333333333334,0.5483870967741936,1.37,1.4106666666666663,,,,,,,,,,,,,,,,,,,,,,,,,,770.3805555555555,770.558138888889,770.4267083333334,770.2832638888889,770.3071111111111,126.32534902025172,124.65432278333874,224.06159332138836,215.39373811930605,213.82417690213276,21.49685641963488,21.04533713173912,21.030647651107362,21.138488634147276,21.2546140947862,13.21597675894193,13.838857459014733,14.997284701660595,14.834508628054719,14.810569157684228,0.4909705027849689,0.6076895972959123,0.45289196318899405,0.504340471654971,0.5159447327725053,53.549072352921826,-21.715866988227646,69.15016731231636,147.02778040266682,86.02703595535876,72.53635011480061,-0.9899411764705519,-1.132903413114882
2007-12-01,770.184,1,20.91831332997314,14.94126982526884,285.8670652021375,1012.0950241263441,-0.10175938770029738,0.33552077505837197,0.35061255465386587,,0.8361290322580645,1.3764516129032258,0.6267741935483871,,,1.0954838709677424,,,,,,2007,12,-2.4492935982947064e-16,1.0,770.091,770.1996666666668,770.4155000000001,770.8043333333334,769.873,367.5872981406775,200.678288962695,103.5320758000475,130.6712626195475,351.5940905078375,20.70918001388891,21.560879815188194,21.967305098958356,20.17189098784724,20.450047437836044,,,,,,0.8206666666666664,0.6425806451612901,0.241,0.288,0.9112903225806454,1.4110000000000005,1.1512903225806452,1.0179999999999998,1.3476666666666666,1.4870967741935484,0.5703333333333334,0.5603225806451613,0.4833333333333335,0.8146666666666665,1.3087096774193554,,,,,,,,,,,0.889,0.6393548387096776,0.7303333333333334,1.2336666666666665,2.871290322580646,,,,,,,,,,,,,,,,,,,,,,,,,,770.2353888888889,770.424388888889,770.4647083333334,770.2955138888889,770.3063194444444,223.93255430114004,153.19299198562626,221.93414710353792,218.5284941537124,215.9110836944018,21.41245497601182,20.970578498861283,21.052374221564538,21.117946643840565,21.241770684581727,13.988376499757344,13.723953705150485,14.945857742459209,14.832125425653098,14.806336867801896,0.348532278505794,0.5371038524140087,0.44581895563196955,0.5014642043535388,0.5108342435095312,-49.39898936320117,8.322211838512516,116.63399859898605,121.49842578846184,161.26118078111122,147.66499463648557,-1.0371764705882924,-1.1908200186713334
2008-01-01,770.5055,2,21.126310092405937,15.208333931451635,326.85121912390247,1012.0116304267474,-0.1746202246190289,0.42768835259184207,0.46196271471702555,,0.7516129032258064,1.5709677419354835,0.7867741935483871,,,1.115806451612903,,,,,,2008,1,0.49999999999999994,0.8660254037844387,770.184,770.091,770.1996666666668,770.5093333333334,770.2925,285.8670652021375,367.5872981406775,200.678288962695,41.9233440927775,401.0557530311275,20.91831332997314,20.70918001388891,21.560879815188194,20.451830732526904,20.917678237567227,,,,,,0.8361290322580645,0.8206666666666664,0.6425806451612901,0.2351612903225807,0.8277419354838709,1.3764516129032258,1.4110000000000005,1.1512903225806452,1.1570967741935485,1.654516129032258,0.6267741935483871,0.5703333333333334,0.5603225806451613,0.660967741935484,1.4303225806451612,,,,,,,,,,,1.0954838709677424,0.889,0.6393548387096776,0.758064516129032,2.968709677419355,,,,,,,,,,,,,,,,,,,,,,,,,,770.1582222222222,770.321,770.490625,770.294763888889,770.3046064814814,284.7108841018367,179.05895908272456,216.4568949947296,219.76967769222833,214.25166058039903,21.06279105301675,21.094982222548932,21.091396379242628,21.08840320410042,21.238430188016608,14.642968042786764,13.80637756607492,14.8146021720627,14.827111845903993,14.774012199249775,0.3306566406921881,0.4842379271849318,0.46348300624135685,0.49650521853802637,0.5085779151108784,3.847829758374246,-32.75016119575699,-3.57948007519623,55.771400482761834,191.04958570549368,87.9257625323856,-0.842767156862692,-0.9288188099216722
2008-02-01,770.6083333333332,3,20.69518278556037,15.372633385416687,307.34115838721,1013.143505235273,-0.10462193103742636,0.2501110648359138,0.2711112192576225,,0.7037931034482757,1.639655172413793,0.8344827586206897,,,2.073103448275862,,,,,,2008,2,0.8660254037844386,0.5000000000000001,770.5055,770.184,770.091,770.5264999999999,770.5715,326.85121912390247,285.8670652021375,367.5872981406775,74.76568229801249,250.27853215536499,21.126310092405937,20.91831332997314,20.70918001388891,20.96238434475809,21.312040946800618,,,,,,0.7516129032258064,0.8361290322580645,0.8206666666666664,0.2038709677419356,0.857142857142857,1.5709677419354835,1.3764516129032258,1.4110000000000005,1.0600000000000005,1.6989285714285711,0.7867741935483871,0.6267741935483871,0.5703333333333334,0.5309677419354839,1.4371428571428573,,,,,,,,,,,1.115806451612903,1.0954838709677424,0.889,0.5483870967741936,2.8571428571428568,,,,,,,,,,,,,,,,,,,,,,,,,,770.2601666666666,770.3203611111111,770.5083749999999,770.3115208333334,770.3099120370371,326.7685274889059,226.54693825457875,210.27318383579416,222.0423556341319,214.3078230670859,20.917934478756,21.207395449195435,21.108782367145853,21.063485009235947,21.224280740585307,15.04307998835128,14.129528373646602,14.67562131296772,14.833430793246626,14.768262024331912,0.358223010850755,0.42459675681786196,0.4868875483329687,0.49386563861620153,0.5106585703491231,45.67449761039768,7.997912748094905,-13.717954240132741,-18.433133424463193,245.59385631117866,89.94761205311308,-0.8251495098040778,-0.9153711094156007
2008-03-01,770.748,2,20.649514892473142,15.335829699260776,330.415725212545,1011.9634448420699,-0.23400142657714046,0.44728939496088826,0.5048014168805535,,0.7161290322580646,1.91483870967742,1.0203225806451612,,,2.3735483870967737,,,,,,2008,3,1.0,6.123233995736766e-17,770.6083333333332,770.5055,770.184,770.4155000000001,770.5933333333332,307.34115838721,326.85121912390247,285.8670652021375,103.5320758000475,267.353773226445,20.69518278556037,21.126310092405937,20.91831332997314,21.967305098958356,21.630726834677443,,,,,,0.7037931034482757,0.7516129032258064,0.8361290322580645,0.241,0.4641935483870968,1.639655172413793,1.5709677419354835,1.3764516129032258,1.0179999999999998,1.4980645161290322,0.8344827586206897,0.7867741935483871,0.6267741935483871,0.4833333333333335,1.077741935483871,,,,,,,,,,,2.073103448275862,1.115806451612903,1.0954838709677424,0.7303333333333334,2.2493548387096776,,,,,,,,,,,,,,,,,,,,,,,,,,770.432611111111,770.334,770.5114444444444,770.3313958333333,770.3130138888888,306.68648090441667,265.30951760277827,215.02840268844793,224.87800438646659,218.26359128632973,20.913268735979816,21.162861855995818,21.057377520375834,21.004854808848208,21.15836112513998,15.174079047379058,14.581227773568196,14.603475598837015,14.829381028396673,14.780945905780325,0.3612288295428379,0.354880554024316,0.5042396767744577,0.48711774408725556,0.5050683440319896,14.13166305945117,0.12333800557075847,8.445549844083274,38.62949280738181,313.64942636721116,232.35526794589055,-0.748107843137177,-0.8324711404249444
2008-04-01,770.985,1,20.103480383680576,15.314406550347245,273.59336619508997,1012.207622126736,-0.34535393185867413,0.5333927786955817,0.6354346501528222,,0.7156666666666668,1.792,1.0266666666666668,,,2.105333333333333,,,,,,2008,4,0.8660254037844387,-0.4999999999999998,770.748,770.6083333333332,770.5055,770.1996666666668,770.8063333333333,330.415725212545,307.34115838721,326.85121912390247,200.678288962695,277.41438148097,20.649514892473142,20.69518278556037,21.126310092405937,21.560879815188194,21.336794397569466,,,,,,0.7161290322580646,0.7037931034482757,0.7516129032258064,0.6425806451612901,0.4516666666666666,1.91483870967742,1.639655172413793,1.5709677419354835,1.1512903225806452,1.645333333333333,1.0203225806451612,0.8344827586206897,0.7867741935483871,0.5603225806451613,1.1266666666666665,,,,,,,,,,,2.3735483870967737,2.073103448275862,1.115806451612903,0.6393548387096776,1.8656666666666664,,,,,,,,,,,,,,,,,,,,,,,,,,770.6206111111111,770.3894166666665,770.5243333333334,770.3561180555556,770.3149444444444,321.53603424121917,303.12345917152794,220.28356535395628,226.9394260431051,219.1230761652359,20.82366925681315,20.943230154914946,20.975609858525473,20.97645653662879,21.126384196609884,15.30559900537637,14.974283524081564,14.563556649884282,14.816824818719255,14.76151252283715,0.4126251169517337,0.371640878821961,0.5036104350827803,0.49219389428983834,0.5049865812919333,-39.08381122265837,63.653990428223096,30.90382923246611,101.69144479348179,363.1235461265361,263.29672358651305,-0.6763602941176714,-0.7761972831568837
2008-05-01,771.2236666666668,3,20.80425786794357,14.355589447244647,142.92865993345,1013.1728309139785,-0.2886124687595346,0.6181574759964354,0.6822139123865454,,,1.498064516129032,0.6835483870967742,,,1.4493548387096775,,,,,,2008,5,0.49999999999999994,-0.8660254037844387,770.985,770.748,770.6083333333332,770.091,770.8935,273.59336619508997,330.415725212545,307.34115838721,367.5872981406775,196.3552829269525,20.103480383680576,20.649514892473142,20.69518278556037,20.70918001388891,21.157731811155937,,,,,,0.7156666666666668,0.7161290322580646,0.7037931034482757,0.8206666666666664,0.5861290322580646,1.792,1.91483870967742,1.639655172413793,1.4110000000000005,1.4945161290322582,1.0266666666666668,1.0203225806451612,0.8344827586206897,0.5703333333333334,0.9538709677419356,,,,,,,,,,,2.105333333333333,2.3735483870967737,2.073103448275862,0.889,1.37,,,,,,,,,,,,,,,,,,,,,,,,,,770.7804444444445,770.5203055555556,770.5392222222222,770.3848263888889,770.3239305555555,303.7834165982817,315.27597204359375,219.96514741346627,225.61019403608324,220.1225930777107,20.482726020571363,20.70033024966368,20.872833690701402,20.95814290229719,21.083815449937433,15.34095654500824,15.192018266679755,14.515437862847245,14.782465465420643,14.741102779878045,0.47044909543033264,0.41433605314054395,0.5110128252182281,0.4928539398382931,0.5044080024649062,-47.36138192725036,20.72234944719048,28.720262195285386,97.87042950760176,331.22197795801105,299.2793324356055,-0.44292676767668127,-0.5317552501351475
2008-06-01,771.047,3,20.03253669791669,13.677709866319468,89.623749219015,1014.8196698784723,-0.1689165534005017,0.813244883474787,0.8306022167744463,,,1.405666666666667,0.5663333333333331,,,0.891,,,,,,2008,6,1.2246467991473532e-16,-1.0,771.2236666666668,770.985,770.748,770.184,770.8043333333334,142.92865993345,273.59336619508997,330.415725212545,285.8670652021375,130.6712626195475,20.80425786794357,20.103480383680576,20.649514892473142,20.91831332997314,20.17189098784724,,,,,,,0.7156666666666668,0.7161290322580646,0.8361290322580645,0.288,1.498064516129032,1.792,1.91483870967742,1.3764516129032258,1.3476666666666666,0.6835483870967742,1.0266666666666668,1.0203225806451612,0.6267741935483871,0.8146666666666665,,,,,,,,,,,1.4493548387096775,2.105333333333333,2.3735483870967737,1.0954838709677424,1.2336666666666665,,,,,,,,,,,,,,,,,,,,,,,,,,770.9855555555556,770.7090833333333,770.566736111111,770.4191180555557,770.3360231481482,248.97925044702836,277.8328656757225,215.51292883067438,217.74929258343874,215.75484501426777,20.51908438136576,20.71617655867279,20.843377528767036,20.974771473645756,21.08248439165637,15.001941898950891,15.088010473164971,14.40598208915773,14.709728127621021,14.696960608012382,0.6074833264733069,0.4843560780080725,0.5107299652110406,0.500706421456377,0.5091734768904115,29.76697591044863,-72.31353009045756,-72.1901920848868,44.443806514099265,142.5603430945436,142.04040215166054,-0.5272777777777264,-0.5983064626328946
2008-07-01,770.7563333333334,3,19.990689774865615,12.758284758064539,40.6202078343875,1015.0881064936156,-0.04321012197308299,0.8573483701339197,0.8584365686596869,,,1.2377419354838708,0.4629032258064514,,,0.7106451612903227,,,,,,2008,7,-0.4999999999999997,-0.8660254037844388,771.047,771.2236666666668,770.985,770.5055,770.5093333333334,89.623749219015,142.92865993345,273.59336619508997,326.85121912390247,41.9233440927775,20.03253669791669,20.80425786794357,20.103480383680576,21.126310092405937,20.451830732526904,,,,,,,,0.7156666666666668,0.7516129032258064,0.2351612903225807,1.405666666666667,1.498064516129032,1.792,1.5709677419354835,1.1570967741935485,0.5663333333333331,0.6835483870967742,1.0266666666666668,0.7867741935483871,0.660967741935484,,,,,,,,,,,0.891,1.4493548387096775,2.105333333333333,1.115806451612903,0.758064516129032,,,,,,,,,,,,,,,,,,,,,,,,,,771.0852222222223,770.8529166666667,770.5869583333333,770.4475138888889,770.3523148148148,168.71525844918503,245.12564634520206,212.09230271396333,219.24258761637896,215.31242622067168,20.31342498318028,20.568547119996712,20.831764671272825,20.963842189212887,21.067090174063775,14.449235287970454,14.877417146673409,14.341897356374162,14.708010772803314,14.668924764889308,0.7160835931046045,0.5643543550281692,0.5242961411065505,0.4990940702145255,0.5170027610173553,12.68316766492076,-56.6782172394601,6.975773188762993,3.3962931135667773,178.3994238851086,126.1133255822005,-0.6273030303029827,-0.6984708617211899
2008-08-01,770.6375,2,21.00785257056454,12.873455557795722,48.3401119448975,1012.8533178091398,0.04576876501775372,0.7006959784687314,0.7021891725835021,,,1.1570967741935485,0.4225806451612903,,,0.621935483870968,,,,,,2008,8,-0.8660254037844385,-0.5000000000000004,770.7563333333334,771.047,771.2236666666668,770.6083333333332,770.5264999999999,40.6202078343875,89.623749219015,142.92865993345,307.34115838721,74.76568229801249,19.990689774865615,20.03253669791669,20.80425786794357,20.69518278556037,20.96238434475809,,,,,,,,,0.7037931034482757,0.2038709677419356,1.2377419354838708,1.405666666666667,1.498064516129032,1.639655172413793,1.0600000000000005,0.4629032258064514,0.5663333333333331,0.6835483870967742,0.8344827586206897,0.5309677419354839,,,,,,,,,,,0.7106451612903227,0.891,1.4493548387096775,2.073103448275862,0.5483870967741936,,,,,,,,,,,,,,,,,,,,,,,,,,771.009,770.8947222222223,770.6075416666666,770.4711111111111,770.3660046296296,91.05753899561755,197.42047779694954,211.98370802576417,218.15169596440197,216.06953104222362,20.27582811357529,20.37927706707333,20.793336258134385,20.945358913003208,21.052417325208115,13.597194690542887,14.469075617775559,14.299301995711081,14.677799132038308,14.685526321555601,0.790417565940226,0.6304333306852795,0.5275150437515707,0.49756996974529005,0.5139415045860225,-2.9145768269333274,-4.911238351880975,15.811111095309506,2.0931568551767796,152.21802423766113,153.36909915807053,-0.6311313131312772,-0.7017326620452508
2008-09-01,770.549,3,22.43504741666669,12.316939824652803,56.80382257328,1012.2642189670139,0.04810051360314929,0.5308819030570312,0.5330565208327741,,,1.1013333333333333,0.4186666666666667,,,0.637,,,,,,2008,9,-1.0,-1.8369701987210297e-16,770.6375,770.7563333333334,771.047,770.748,770.4155000000001,48.3401119448975,40.6202078343875,89.623749219015,330.415725212545,103.5320758000475,21.00785257056454,19.990689774865615,20.03253669791669,20.649514892473142,21.967305098958356,,,,,,,,,0.7161290322580646,0.241,1.1570967741935485,1.2377419354838708,1.405666666666667,1.91483870967742,1.0179999999999998,0.4225806451612903,0.4629032258064514,0.5663333333333331,1.0203225806451612,0.4833333333333335,,,,,,,,,,,0.621935483870968,0.7106451612903227,0.891,2.3735483870967737,0.7303333333333334,,,,,,,,,,,,,,,,,,,,,,,,,,770.8136111111111,770.8995833333333,770.6167916666667,770.4895347222222,770.3809629629629,59.52802299943337,154.2536367232308,209.78157716300458,216.89318859235735,215.64644154365735,20.34369301444895,20.431388697907355,20.797125276951586,20.94587208147599,21.036909324396063,13.103150060726579,14.052545979838731,14.316886876703464,14.653861431895498,14.687339255210023,0.7970759860058784,0.7022796562395928,0.5285801051319544,0.5037799353630265,0.5134461197897299,-55.054869555699156,39.53556674843606,-32.7779633420215,-24.332413497938212,122.0138473085911,138.1378772096855,-0.6265934343434765,-0.6884349930603214
2008-10-01,770.5219999999999,3,21.62353215557798,14.651579895833358,224.2270709212575,1012.6328902889785,-0.04516326698334022,0.20263706736297715,0.20760901173618695,,,1.2225806451612902,0.5067741935483872,,,0.9216129032258064,,,,,,2008,10,-0.8660254037844386,0.5000000000000001,770.549,770.6375,770.7563333333334,770.985,770.1996666666668,56.80382257328,48.3401119448975,40.6202078343875,273.59336619508997,200.678288962695,22.43504741666669,21.00785257056454,19.990689774865615,20.103480383680576,21.560879815188194,,,,,,,,,0.7156666666666668,0.6425806451612901,1.1013333333333333,1.1570967741935485,1.2377419354838708,1.792,1.1512903225806452,0.4186666666666667,0.4225806451612903,0.4629032258064514,1.0266666666666668,0.5603225806451613,,,,,,,,,,,0.637,0.621935483870968,0.7106451612903227,2.105333333333333,0.6393548387096776,,,,,,,,,,,,,,,,,,,,,,,,,,770.6476111111111,770.8664166666667,770.6279166666667,770.5121805555556,770.3898240740741,48.588047450855036,108.65165295002,205.88755606077396,213.8813460289879,214.1320216324325,21.144529920698947,20.728977451939613,20.83610380342728,20.973816144844047,21.03698090276219,12.64956004683769,13.54939766740407,14.261840595742818,14.621328017905334,14.660252261334636,0.6978940873586543,0.7069888402316296,0.5393148595267953,0.5007130043623519,0.5133857990436242,-13.351462226915146,-45.286278717711724,-101.96449595717183,-71.0606667247057,49.7296257877236,83.6187604055905,-0.5328235294118713,-0.6105440094396815
2008-11-01,770.4549999999999,2,21.46477992187502,15.483460052083357,279.3192865423325,1012.2599777256944,-0.11828848498010539,0.4074041790303645,0.4242291017484467,,0.7882352941176468,1.2986666666666664,0.5453333333333334,0.7689473684210526,,1.1186666666666667,,,0.7589473684210527,,,2008,11,-0.5000000000000004,0.8660254037844384,770.5219999999999,770.549,770.6375,771.2236666666668,770.091,224.2270709212575,56.80382257328,48.3401119448975,142.92865993345,367.5872981406775,21.62353215557798,22.43504741666669,21.00785257056454,20.80425786794357,20.70918001388891,,,,,,,,,,0.8206666666666664,1.2225806451612902,1.1013333333333333,1.1570967741935485,1.498064516129032,1.4110000000000005,0.5067741935483872,0.4186666666666667,0.4225806451612903,0.6835483870967742,0.5703333333333334,,,,,,,,,,,0.9216129032258064,0.637,0.621935483870968,1.4493548387096775,0.889,,,,,,,,,,,,,,,,,,,,,,,,,,770.5695,770.7892499999999,770.6547777777778,770.5407430555555,770.4071018518518,109.79033514647837,100.42393707104793,207.84995455732084,215.95577393935457,212.8791435986443,21.68881071426974,20.982319413922514,20.8413248317931,20.935986241450227,21.03943403336255,13.280658426093963,13.438926558318423,14.31547241249909,14.656378557079842,14.661496556202842,0.48095156838415426,0.6356845671621904,0.5250103101513671,0.4889511366701806,0.5112304178204363,-34.718939245423144,-71.32090860954763,-76.23214696142861,-47.511884766143204,99.51589563652361,38.51515118921552,-0.6259411764706329,-0.7163363966341887
2008-12-01,770.61,1,21.385783561827978,14.99887099462368,294.007718526725,1011.9957829301075,-0.18107543430437129,0.5144143870538626,0.5453535316806134,,0.7761290322580644,,0.7290322580645163,0.7212903225806453,0.9261290322580648,1.2377419354838708,,,0.8180645161290323,,1.79,2008,12,-2.4492935982947064e-16,1.0,770.4549999999999,770.5219999999999,770.549,771.047,770.184,279.3192865423325,224.2270709212575,56.80382257328,89.623749219015,285.8670652021375,21.46477992187502,21.62353215557798,22.43504741666669,20.03253669791669,20.91831332997314,,,,,,0.7882352941176468,,,,0.8361290322580645,1.2986666666666664,1.2225806451612902,1.1013333333333333,1.405666666666667,1.3764516129032258,0.5453333333333334,0.5067741935483872,0.4186666666666667,0.5663333333333331,0.6267741935483871,0.7689473684210526,,,,,,,,,,1.1186666666666667,0.9216129032258064,0.637,0.891,1.0954838709677424,,,,,,,,,,,0.7589473684210527,,,,,,,,,,,,,,,770.5086666666666,770.6611388888888,770.685111111111,770.5749097222223,770.4253796296297,186.78339334562338,123.15570817252835,200.49428692412542,211.21421701383167,212.51709174385007,21.84111983137323,21.09240642291109,20.904291490791937,20.978332856178238,21.04672825949102,14.15065992418984,13.626904992458208,14.35745773281159,14.651657737635396,14.673902861372596,0.38829821143913584,0.5926870987225071,0.5385215883652898,0.49217027199862967,0.5138166656907892,-41.25833603861366,-103.12527102803745,-63.589704279601385,-135.77989636448817,-14.281470576026337,25.481284416623033,-0.6111764705882479,-0.7017139288790112
2009-01-01,770.7106666666667,3,21.7269593262769,14.95165403057798,282.5929519392825,1012.3800079889113,-0.1997761263797883,0.377443120875793,0.42705246769896044,,0.7838709677419355,1.6258064516129032,0.8483870967741937,0.736451612903226,0.8893548387096775,1.6903225806451612,,0.4290322580645162,0.8829032258064516,,1.85,2009,1,0.49999999999999994,0.8660254037844387,770.61,770.4549999999999,770.5219999999999,770.7563333333334,770.5055,294.007718526725,279.3192865423325,224.2270709212575,40.6202078343875,326.85121912390247,21.385783561827978,21.46477992187502,21.62353215557798,19.990689774865615,21.126310092405937,,,,,,0.7761290322580644,0.7882352941176468,,,0.7516129032258064,,1.2986666666666664,1.2225806451612902,1.2377419354838708,1.5709677419354835,0.7290322580645163,0.5453333333333334,0.5067741935483872,0.4629032258064514,0.7867741935483871,0.7212903225806453,0.7689473684210526,,,,0.9261290322580648,,,,,1.2377419354838708,1.1186666666666667,0.9216129032258064,0.7106451612903227,1.115806451612903,,,,,,,,,,,0.8180645161290323,0.7589473684210527,,,,,,,,,1.79,,,,,770.529,770.5883055555555,770.7206111111112,770.6056180555556,770.436712962963,265.85135866343836,157.2197030571467,201.1726747011744,208.81478484795198,213.57067669521035,21.491365213093662,21.317947566896304,20.943247343446508,21.017321861344566,21.04001791721578,15.044636980846802,13.847098513842242,14.362257830257827,14.588430001160264,14.672160507355272,0.39239721505508224,0.5451456512068683,0.5547500031175188,0.5091165046794378,0.5159201467311905,-40.41043742624572,-89.32873751095195,-134.61501622866368,-127.63924303990066,-71.86784255713884,63.41034266559299,-0.6376004901959504,-0.7027033786103797
2009-02-01,770.823,1,21.010245226934547,15.385619942336332,254.2246877149325,1011.9064729352679,-0.20044197329894348,0.4071935923093006,0.45385416851421256,,0.8639285714285715,1.7349999999999997,1.015,0.7932142857142856,0.9182142857142858,1.9828571428571424,0.975,0.4575000000000001,0.9885714285714288,,1.97,2009,2,0.8660254037844386,0.5000000000000001,770.7106666666667,770.61,770.4549999999999,770.6375,770.6083333333332,282.5929519392825,294.007718526725,279.3192865423325,48.3401119448975,307.34115838721,21.7269593262769,21.385783561827978,21.46477992187502,21.00785257056454,20.69518278556037,,,,,,0.7838709677419355,0.7761290322580644,0.7882352941176468,,0.7037931034482757,1.6258064516129032,,1.2986666666666664,1.1570967741935485,1.639655172413793,0.8483870967741937,0.7290322580645163,0.5453333333333334,0.4225806451612903,0.8344827586206897,0.736451612903226,0.7212903225806453,0.7689473684210526,,,0.8893548387096775,0.9261290322580648,,,,1.6903225806451612,1.2377419354838708,1.1186666666666667,0.621935483870968,2.073103448275862,,,,,,0.4290322580645162,,,,,0.8829032258064516,0.8180645161290323,0.7589473684210527,,,,,,,,1.85,1.79,,,,770.5918888888888,770.5806944444445,770.7377083333334,770.6230416666667,770.4535833333334,285.30665233611336,197.54849374129583,197.4844857691227,203.87883480245844,213.85639901246216,21.525840936659964,21.60732582546485,20.99330144626909,21.05104190670747,21.040090488246996,15.144661692428343,14.212660059261152,14.340867838518355,14.508244575743037,14.669243141670535,0.4655450337093401,0.47324830104674726,0.5518408158660133,0.5193641820994911,0.5131906976994721,-7.441973061879821,-116.38771271028253,-187.70862131983017,-171.89751022452063,-190.33064364898382,73.696346086658,-0.6104828431373335,-0.6772328538794092
2009-03-01,770.8934999999999,2,21.676401491935504,15.751362788978517,289.5745632869025,1011.4579664818549,-0.26739973663055777,0.5393714695907628,0.602016778303222,,0.831290322580645,1.819354838709677,0.8048387096774193,0.910967741935484,0.9906451612903228,1.617096774193548,0.8496774193548385,0.5054838709677419,0.9441935483870968,,1.9,2009,3,1.0,6.123233995736766e-17,770.823,770.7106666666667,770.61,770.549,770.748,254.2246877149325,282.5929519392825,294.007718526725,56.80382257328,330.415725212545,21.010245226934547,21.7269593262769,21.385783561827978,22.43504741666669,20.649514892473142,,,,,,0.8639285714285715,0.7838709677419355,0.7761290322580644,,0.7161290322580646,1.7349999999999997,1.6258064516129032,,1.1013333333333333,1.91483870967742,1.015,0.8483870967741937,0.7290322580645163,0.4186666666666667,1.0203225806451612,0.7932142857142856,0.736451612903226,0.7212903225806453,,,0.9182142857142858,0.8893548387096775,0.9261290322580648,,,1.9828571428571424,1.6903225806451612,1.2377419354838708,0.637,2.3735483870967737,0.975,,,,,0.4575000000000001,0.4290322580645162,,,,0.9885714285714288,0.8829032258064516,0.8180645161290323,,,,,,,,1.97,1.85,1.79,,,770.7145555555556,770.6116111111111,770.7555972222223,770.6335208333334,770.4727962962963,276.94178606031335,231.86258970296834,193.05811321309957,204.04325795077375,214.27137399534425,21.374329371679806,21.607724601526517,21.019556649716936,21.038467085046385,21.009755422471116,15.112048322512665,14.631354123351253,14.341950051594992,14.472712825216005,14.666904036129447,0.47542005596459536,0.4318591337018656,0.5670693949707292,0.5356545358725935,0.5137682943817468,-26.709498866191325,-89.1107465267392,-192.23601755477665,-225.01398089679813,-186.38448808941632,88.63544547041298,-0.6026078431373207,-0.6705632657209765
2009-04-01,770.9876666666668,3,20.90376082638891,16.076755784722245,331.70110021416497,1013.3459890277777,-0.3453501806561406,0.5513895666019784,0.650612942875214,,0.8369999999999999,1.4820000000000002,0.8260000000000001,0.91,1.164,1.8053333333333337,0.8920000000000001,0.4836666666666667,0.9266666666666664,,2.05,2009,4,0.8660254037844387,-0.4999999999999998,770.8934999999999,770.823,770.7106666666667,770.5219999999999,770.985,289.5745632869025,254.2246877149325,282.5929519392825,224.2270709212575,273.59336619508997,21.676401491935504,21.010245226934547,21.7269593262769,21.62353215557798,20.103480383680576,,,,,,0.831290322580645,0.8639285714285715,0.7838709677419355,,0.7156666666666668,1.819354838709677,1.7349999999999997,1.6258064516129032,1.2225806451612902,1.792,0.8048387096774193,1.015,0.8483870967741937,0.5067741935483872,1.0266666666666668,0.910967741935484,0.7932142857142856,0.736451612903226,,,0.9906451612903228,0.9182142857142858,0.8893548387096775,,,1.617096774193548,1.9828571428571424,1.6903225806451612,0.9216129032258064,2.105333333333333,0.8496774193548385,0.975,,,,0.5054838709677419,0.4575000000000001,0.4290322580645162,,,0.9441935483870968,0.9885714285714288,0.8829032258064516,,,,,,,,1.9,1.97,1.85,,,770.8090555555555,770.6690277777778,770.7677222222223,770.6460277777777,770.4933194444444,275.4640676470392,270.65771315523875,189.65468305262937,204.9691242032928,214.51117837961317,21.471202015048984,21.48128361407132,21.105130533005468,21.040370195765473,21.019347868754345,15.362878920630946,15.20375795073887,14.376577809071472,14.470067229477875,14.670075815503326,0.49430780483879827,0.44335250994694037,0.5751706750892849,0.5393905550860326,0.5198528212229871,19.023922796416628,-74.56190935431687,-163.89064686526882,-265.8551428224406,-164.16369802895883,97.26840330409547,-0.6736936274509162,-0.7731369920075924
2009-05-01,771.2503333333334,3,20.939317048051098,15.539034915994646,215.192854386955,1013.409787172379,-0.19451930948668794,0.46567205955290825,0.5046664530275667,,0.7935483870967744,1.4319354838709677,0.7509677419354839,0.9119354838709676,1.3270967741935482,1.5787096774193548,0.7012903225806454,0.4474193548387097,0.9522580645161288,,2.06,2009,5,0.49999999999999994,-0.8660254037844387,770.9876666666668,770.8934999999999,770.823,770.4549999999999,771.2236666666668,331.70110021416497,289.5745632869025,254.2246877149325,279.3192865423325,142.92865993345,20.90376082638891,21.676401491935504,21.010245226934547,21.46477992187502,20.80425786794357,,,,,,0.8369999999999999,0.831290322580645,0.8639285714285715,0.7882352941176468,,1.4820000000000002,1.819354838709677,1.7349999999999997,1.2986666666666664,1.498064516129032,0.8260000000000001,0.8048387096774193,1.015,0.5453333333333334,0.6835483870967742,0.91,0.910967741935484,0.7932142857142856,0.7689473684210526,,1.164,0.9906451612903228,0.9182142857142858,,,1.8053333333333337,1.617096774193548,1.9828571428571424,1.1186666666666667,1.4493548387096775,0.8920000000000001,0.8496774193548385,0.975,,,0.4836666666666667,0.5054838709677419,0.4575000000000001,,,0.9266666666666664,0.9441935483870968,0.9885714285714288,0.7589473684210527,,,,,,,2.05,1.9,1.97,,,770.9013888888888,770.7466388888889,770.7679444444444,770.6535833333334,770.5125324074074,291.83345040533334,288.5700513707233,194.49699422088565,207.23107081717595,215.23912743101738,21.196802515086322,21.361321725873143,21.17182056989783,21.02232713029961,21.029368791497404,15.737912838679032,15.441287265553683,14.440106911936054,14.477772387391648,14.668345947592448,0.5688279632308828,0.5171864984701116,0.5764355328161509,0.5437241790171895,0.5207144708309124,24.90281252625462,-15.127549131654519,-131.51526184193705,-207.74740880336563,-109.87697929576387,123.47456915464542,-0.41626010101003885,-0.49974061241530215
2009-06-01,771.019,1,20.778814269097246,13.843803618055578,62.462389414852495,1014.5824147569444,-0.1739397682831875,0.6560279848420908,0.6786956312562971,,0.7726666666666666,1.150333333333333,0.5533333333333331,0.8023333333333333,0.7490000000000001,1.4810000000000003,0.5833333333333334,0.4070000000000002,0.8430000000000002,,1.82,2009,6,1.2246467991473532e-16,-1.0,771.2503333333334,770.9876666666668,770.8934999999999,770.61,771.047,215.192854386955,331.70110021416497,289.5745632869025,294.007718526725,89.623749219015,20.939317048051098,20.90376082638891,21.676401491935504,21.385783561827978,20.03253669791669,,,,,,0.7935483870967744,0.8369999999999999,0.831290322580645,0.7761290322580644,,1.4319354838709677,1.4820000000000002,1.819354838709677,,1.405666666666667,0.7509677419354839,0.8260000000000001,0.8048387096774193,0.7290322580645163,0.5663333333333331,0.9119354838709676,0.91,0.910967741935484,0.7212903225806453,,1.3270967741935482,1.164,0.9906451612903228,0.9261290322580648,,1.5787096774193548,1.8053333333333337,1.617096774193548,1.2377419354838708,0.891,0.7012903225806454,0.8920000000000001,0.8496774193548385,,,0.4474193548387097,0.4836666666666667,0.5054838709677419,,,0.9522580645161288,0.9266666666666664,0.9441935483870968,0.8180645161290323,,,,,,,2.06,2.05,1.9,1.79,,771.0438333333335,770.8791944444446,770.7701666666667,770.6684513888889,770.5361342592593,278.82283929600754,277.8823126781604,200.5190104253444,208.01596962800934,212.00586519740727,21.17315978879184,21.273744580235824,21.183075501573455,21.01322651517025,21.044206149621655,15.789051163231804,15.450549742872232,14.538727367665219,14.472354728411474,14.652727874302421,0.5857653914020008,0.5305927236832981,0.5616399112029027,0.5361849382069717,0.5210175847052189,2.605616106286128,17.217236456479924,-71.89351007025928,-135.48321434986065,-91.0394078357614,7.077128744682938,-0.5552777777777465,-0.6300782945965678
2009-07-01,770.9926666666667,3,20.536116365927445,12.2871471824597,23.5149860242975,1015.6261076192877,-0.17884976403461694,1.0572965506939365,1.0723167601993984,,0.6922580645161288,0.9858064516129031,0.4764516129032261,0.6500000000000002,0.7216129032258066,0.8751612903225809,0.4519354838709677,0.3706451612903224,0.793225806451613,,1.64,2009,7,-0.4999999999999997,-0.8660254037844388,771.019,771.2503333333334,770.9876666666668,770.7106666666667,770.7563333333334,62.462389414852495,215.192854386955,331.70110021416497,282.5929519392825,40.6202078343875,20.778814269097246,20.939317048051098,20.90376082638891,21.7269593262769,19.990689774865615,,,,,,0.7726666666666666,0.7935483870967744,0.8369999999999999,0.7838709677419355,,1.150333333333333,1.4319354838709677,1.4820000000000002,1.6258064516129032,1.2377419354838708,0.5533333333333331,0.7509677419354839,0.8260000000000001,0.8483870967741937,0.4629032258064514,0.8023333333333333,0.9119354838709676,0.91,0.736451612903226,,0.7490000000000001,1.3270967741935482,1.164,0.8893548387096775,,1.4810000000000003,1.5787096774193548,1.8053333333333337,1.6903225806451612,0.7106451612903227,0.5833333333333334,0.7012903225806454,0.8920000000000001,,,0.4070000000000002,0.4474193548387097,0.4836666666666667,0.4290322580645162,,0.8430000000000002,0.9522580645161288,0.9266666666666664,0.8829032258064516,,,,,,,1.82,2.06,2.05,1.85,,771.0856666666667,770.9473611111111,770.7678333333333,770.6773958333333,770.554287037037,203.11878133865753,239.29142449284834,198.25556377499746,205.1739332444804,212.24691300258513,20.873964047845753,21.17258303144737,21.245265299171837,21.038514985222328,21.057649892532535,15.153198106257491,15.258038513444218,14.552568513643228,14.447232935008698,14.65619668641662,0.6113250090530259,0.5528164069459122,0.5489810290763902,0.5366385850914703,0.5157230565018137,-4.422054145169241,46.53235142895738,-28.02955792535949,-162.64457415402316,-159.24828104045636,15.754849731085429,-0.3909696969697052,-0.43532539770676126
2009-08-01,770.8423333333334,3,21.728471412970453,13.207199453965076,31.1549306442825,1013.6839440692205,-0.004407431185735888,0.8487570769062432,0.848768520297547,,0.6583870967741935,0.9087096774193548,0.4200000000000001,0.5416129032258065,0.767741935483871,0.7548387096774191,0.342258064516129,0.3403225806451612,0.7361290322580644,,1.46,2009,8,-0.8660254037844385,-0.5000000000000004,770.9926666666667,771.019,771.2503333333334,770.823,770.6375,23.5149860242975,62.462389414852495,215.192854386955,254.2246877149325,48.3401119448975,20.536116365927445,20.778814269097246,20.939317048051098,21.010245226934547,21.00785257056454,,,,,,0.6922580645161288,0.7726666666666666,0.7935483870967744,0.8639285714285715,,0.9858064516129031,1.150333333333333,1.4319354838709677,1.7349999999999997,1.1570967741935485,0.4764516129032261,0.5533333333333331,0.7509677419354839,1.015,0.4225806451612903,0.6500000000000002,0.8023333333333333,0.9119354838709676,0.7932142857142856,,0.7216129032258066,0.7490000000000001,1.3270967741935482,0.9182142857142858,,0.8751612903225809,1.4810000000000003,1.5787096774193548,1.9828571428571424,0.621935483870968,0.4519354838709677,0.5833333333333334,0.7012903225806454,0.975,,0.3706451612903224,0.4070000000000002,0.4474193548387097,0.4575000000000001,,0.793225806451613,0.8430000000000002,0.9522580645161288,0.9885714285714288,,,,,,,1.64,1.82,2.06,1.97,,771.0873333333334,770.9943611111112,770.7875277777779,770.6975347222223,770.5765833333332,100.3900766087017,196.11176350701749,196.83012862415669,204.4069183249604,211.04450685098686,20.751415894358598,20.97410920472246,21.290717515093654,21.042026886614018,21.060478447033358,13.889995238836642,14.813954038757835,14.513307049009493,14.406304522360287,14.62296843769537,0.7518929481610873,0.6603604556959851,0.5668043783713662,0.5471597110614684,0.5206481059539821,-20.099758127548327,23.086374487371508,7.958825355716989,-179.74979596411316,-177.6566391089364,-27.531771726452064,-0.42629797979793693,-0.4739856983231242
2009-09-01,770.716,2,22.736067454861136,13.614986796875023,109.10737506435,1013.2772541753473,0.05950442410184601,0.5645420285700985,0.5676693390608077,,0.6523333333333335,0.8856666666666666,0.386,0.4693333333333335,0.6056666666666666,0.8313333333333333,0.326,0.343,0.7436666666666666,,1.44,2009,9,-1.0,-1.8369701987210297e-16,770.8423333333334,770.9926666666667,771.019,770.8934999999999,770.549,31.1549306442825,23.5149860242975,62.462389414852495,289.5745632869025,56.80382257328,21.728471412970453,20.536116365927445,20.778814269097246,21.676401491935504,22.43504741666669,,,,,,0.6583870967741935,0.6922580645161288,0.7726666666666666,0.831290322580645,,0.9087096774193548,0.9858064516129031,1.150333333333333,1.819354838709677,1.1013333333333333,0.4200000000000001,0.4764516129032261,0.5533333333333331,0.8048387096774193,0.4186666666666667,0.5416129032258065,0.6500000000000002,0.8023333333333333,0.910967741935484,,0.767741935483871,0.7216129032258066,0.7490000000000001,0.9906451612903228,,0.7548387096774191,0.8751612903225809,1.4810000000000003,1.617096774193548,0.637,0.342258064516129,0.4519354838709677,0.5833333333333334,0.8496774193548385,,0.3403225806451612,0.3706451612903224,0.4070000000000002,0.5054838709677419,,0.7361290322580644,0.793225806451613,0.8430000000000002,0.9441935483870968,,,,,,,1.46,1.64,1.82,1.9,,770.9513333333334,770.9975833333334,770.8045972222222,770.7106944444445,770.5945555555555,39.04410202781087,158.93347066190915,195.39803018243876,202.58980367272167,209.72813578905118,21.014467349331714,21.093813569061776,21.35076908529415,21.07394718112287,21.08083774941538,13.112716751493453,14.450883957362626,14.54111904035694,14.429002958530203,14.616280634715979,0.8665936372510807,0.7261795143265409,0.5790193240142033,0.5537997145730789,0.5288597315800855,-2.7513170646291627,-21.91619616643144,-4.698959709951517,-196.93497726472813,-221.26739076266637,-74.92112995613707,-0.45959343434344646,-0.5049529494580698
2009-10-01,770.5983333333334,3,22.046980930779593,14.711134571572604,272.146105766855,1012.009515734207,-0.06501035801623489,0.30899853863853327,0.3157632713444491,,0.7183870967741937,0.903225806451613,0.4080645161290324,0.4661290322580644,0.8077419354838711,0.7358064516129033,0.554516129032258,0.3616129032258063,0.7645161290322581,,1.38,2009,10,-0.8660254037844386,0.5000000000000001,770.716,770.8423333333334,770.9926666666667,770.9876666666668,770.5219999999999,109.10737506435,31.1549306442825,23.5149860242975,331.70110021416497,224.2270709212575,22.736067454861136,21.728471412970453,20.536116365927445,20.90376082638891,21.62353215557798,,,,,,0.6523333333333335,0.6583870967741935,0.6922580645161288,0.8369999999999999,,0.8856666666666666,0.9087096774193548,0.9858064516129031,1.4820000000000002,1.2225806451612902,0.386,0.4200000000000001,0.4764516129032261,0.8260000000000001,0.5067741935483872,0.4693333333333335,0.5416129032258065,0.6500000000000002,0.91,,0.6056666666666666,0.767741935483871,0.7216129032258066,1.164,,0.8313333333333333,0.7548387096774191,0.8751612903225809,1.8053333333333337,0.9216129032258064,0.326,0.342258064516129,0.4519354838709677,0.8920000000000001,,0.343,0.3403225806451612,0.3706451612903224,0.4836666666666667,,0.7436666666666666,0.7361290322580644,0.793225806451613,0.9266666666666664,,,,,,,1.44,1.46,1.64,2.05,,770.8503333333333,770.968,770.8185138888889,770.7232152777777,770.6142916666666,54.59243057764337,128.8556059581504,199.7566595566946,202.82210780873427,209.17311720489013,21.666885077919677,21.270424562882713,21.375854088477016,21.10597894595215,21.107828792721705,13.036444477766603,14.094821292012044,14.649289621375457,14.455565108559137,14.630648552395378,0.8295848731859176,0.7204549411194718,0.5819037255332061,0.5606092925300007,0.52777657808597,34.567572618682334,-27.27312933734673,19.259222091610646,-144.63142477365818,-215.69209149836388,-94.90179898593458,-0.4564901960784482,-0.5230762892383494
2009-11-01,770.665,1,21.109266751736133,15.938521513888912,361.1650467432975,1012.5849607378473,-0.1200095641931771,0.365007146298559,0.3842297650454139,,0.757,1.1416666666666666,0.5830000000000001,0.5416666666666667,0.9133333333333332,1.270333333333333,0.8263333333333333,0.438,0.8903333333333331,,1.79,2009,11,-0.5000000000000004,0.8660254037844384,770.5983333333334,770.716,770.8423333333334,771.2503333333334,770.4549999999999,272.146105766855,109.10737506435,31.1549306442825,215.192854386955,279.3192865423325,22.046980930779593,22.736067454861136,21.728471412970453,20.939317048051098,21.46477992187502,,,,,,0.7183870967741937,0.6523333333333335,0.6583870967741935,0.7935483870967744,0.7882352941176468,0.903225806451613,0.8856666666666666,0.9087096774193548,1.4319354838709677,1.2986666666666664,0.4080645161290324,0.386,0.4200000000000001,0.7509677419354839,0.5453333333333334,0.4661290322580644,0.4693333333333335,0.5416129032258065,0.9119354838709676,0.7689473684210526,0.8077419354838711,0.6056666666666666,0.767741935483871,1.3270967741935482,,0.7358064516129033,0.8313333333333333,0.7548387096774191,1.5787096774193548,1.1186666666666667,0.554516129032258,0.326,0.342258064516129,0.7012903225806454,,0.3616129032258063,0.343,0.3403225806451612,0.4474193548387097,,0.7645161290322581,0.7436666666666666,0.7361290322580644,0.9522580645161288,0.7589473684210527,,,,,,1.38,1.44,1.46,2.06,,770.718888888889,770.9031111111111,770.8248749999999,770.739826388889,770.6354537037037,137.46947049182918,118.92977355026541,203.74991246049436,205.79993350890757,211.88715344640116,22.170506599537063,21.46096124694783,21.411141486410486,21.12623315910179,21.094371323103648,13.84444027413757,13.867217756487106,14.654252511020395,14.484862461759741,14.655669875060028,0.5774003769009345,0.664646662531011,0.5909165805005613,0.5579634453259642,0.5229396179469741,47.12682095554186,11.716497426504844,34.80287191387635,-96.7123899280607,-144.2242746942039,2.8035057084629074,-0.4159411764705965,-0.4760092717413859
2009-12-01,770.953,1,21.137700038642496,16.015244810147873,329.33461657789746,1013.1377661374328,-0.16756418700059875,0.33823847997137935,0.37746923861226206,,0.7499999999999999,1.3099999999999998,0.8454838709677418,0.7809677419354839,0.9467741935483872,1.9416129032258065,0.9119354838709676,0.4374193548387097,0.9277419354838712,,1.82,2009,12,-2.4492935982947064e-16,1.0,770.665,770.5983333333334,770.716,771.019,770.61,361.1650467432975,272.146105766855,109.10737506435,62.462389414852495,294.007718526725,21.109266751736133,22.046980930779593,22.736067454861136,20.778814269097246,21.385783561827978,,,,,,0.757,0.7183870967741937,0.6523333333333335,0.7726666666666666,0.7761290322580644,1.1416666666666666,0.903225806451613,0.8856666666666666,1.150333333333333,,0.5830000000000001,0.4080645161290324,0.386,0.5533333333333331,0.7290322580645163,0.5416666666666667,0.4661290322580644,0.4693333333333335,0.8023333333333333,0.7212903225806453,0.9133333333333332,0.8077419354838711,0.6056666666666666,0.7490000000000001,0.9261290322580648,1.270333333333333,0.7358064516129033,0.8313333333333333,1.4810000000000003,1.2377419354838708,0.8263333333333333,0.554516129032258,0.326,0.5833333333333334,,0.438,0.3616129032258063,0.343,0.4070000000000002,,0.8903333333333331,0.7645161290322581,0.7436666666666666,0.8430000000000002,0.8180645161290323,,,,,,1.79,1.38,1.44,1.82,1.79,770.6597777777778,770.8055555555555,770.8423750000001,770.7637430555556,770.6640648148148,247.4728425248342,143.25847227632252,210.57039247724148,205.53233970068342,210.99960883496826,21.96410504579229,21.489286197562,21.381515388898915,21.142903439845423,21.112727033751796,14.754880960778848,13.93379885613615,14.69217429950419,14.52481601615789,14.665163258258328,0.42255412515022356,0.6445738812006522,0.5875833024419751,0.5630524454036325,0.5239746154797449,-5.9314379874412,78.94307650959503,57.02688034316359,-14.866629727095678,-150.64652609158387,-29.148100303122035,-0.268176470588287,-0.307903157051007
2010-01-01,771.1395,2,21.518557572244646,16.533114665658623,333.4568743852675,1013.1122313172043,-0.02304526206286122,0.17056762552464935,0.17211739883191055,,0.840967741935484,1.3909677419354838,0.993548387096774,0.8170967741935482,0.9561290322580648,2.03483870967742,1.1896774193548387,0.4516129032258063,1.0096296296296297,0.9564516129032258,2.04,2010,1,0.49999999999999994,0.8660254037844387,770.953,770.665,770.5983333333334,770.9926666666667,770.7106666666667,329.33461657789746,361.1650467432975,272.146105766855,23.5149860242975,282.5929519392825,21.137700038642496,21.109266751736133,22.046980930779593,20.536116365927445,21.7269593262769,,,,,,0.7499999999999999,0.757,0.7183870967741937,0.6922580645161288,0.7838709677419355,1.3099999999999998,1.1416666666666666,0.903225806451613,0.9858064516129031,1.6258064516129032,0.8454838709677418,0.5830000000000001,0.4080645161290324,0.4764516129032261,0.8483870967741937,0.7809677419354839,0.5416666666666667,0.4661290322580644,0.6500000000000002,0.736451612903226,0.9467741935483872,0.9133333333333332,0.8077419354838711,0.7216129032258066,0.8893548387096775,1.9416129032258065,1.270333333333333,0.7358064516129033,0.8751612903225809,1.6903225806451612,0.9119354838709676,0.8263333333333333,0.554516129032258,0.4519354838709677,,0.4374193548387097,0.438,0.3616129032258063,0.3706451612903224,0.4290322580645162,0.9277419354838712,0.8903333333333331,0.7645161290322581,0.793225806451613,0.8829032258064516,,,,,,1.82,1.79,1.38,1.64,1.85,770.7387777777777,770.7945555555556,770.8709583333333,770.7957847222223,770.6940648148149,320.88192302935005,187.73717680349668,213.51430064817248,207.3434876746734,210.38129011469215,21.43131590705274,21.549100492486208,21.360841761966785,21.15204455270665,21.131828494885312,15.554966965203134,14.295705721484865,14.77687211746454,14.569564973861183,14.651244039928356,0.35915409166737494,0.5943694824266463,0.5735929446862792,0.564171473901899,0.530608651348385,10.453485019739276,75.762955586783,48.48982624943626,20.460268324076786,-107.1789747158239,-51.40757423306208,-0.20876715686267744,-0.23008355345712106
2010-02-01,771.2215,2,21.800603292410738,17.277415718005976,309.41939385421,1012.5269336681547,-0.09886142197905132,0.28940795694289434,0.30582764148712954,,0.8748148148148147,1.5764285714285715,0.8132142857142856,0.8053571428571429,1.0314285714285714,2.3667857142857143,0.9439285714285712,0.4857142857142857,,0.902857142857143,2.05,2010,2,0.8660254037844386,0.5000000000000001,771.1395,770.953,770.665,770.8423333333334,770.823,333.4568743852675,329.33461657789746,361.1650467432975,31.1549306442825,254.2246877149325,21.518557572244646,21.137700038642496,21.109266751736133,21.728471412970453,21.010245226934547,,,,,,0.840967741935484,0.7499999999999999,0.757,0.6583870967741935,0.8639285714285715,1.3909677419354838,1.3099999999999998,1.1416666666666666,0.9087096774193548,1.7349999999999997,0.993548387096774,0.8454838709677418,0.5830000000000001,0.4200000000000001,1.015,0.8170967741935482,0.7809677419354839,0.5416666666666667,0.5416129032258065,0.7932142857142856,0.9561290322580648,0.9467741935483872,0.9133333333333332,0.767741935483871,0.9182142857142858,2.03483870967742,1.9416129032258065,1.270333333333333,0.7548387096774191,1.9828571428571424,1.1896774193548387,0.9119354838709676,0.8263333333333333,0.342258064516129,0.975,0.4516129032258063,0.4374193548387097,0.438,0.3403225806451612,0.4575000000000001,1.0096296296296297,0.9277419354838712,0.8903333333333331,0.7361290322580644,0.9885714285714288,0.9564516129032258,,,,,2.04,1.82,1.79,1.46,1.97,770.9191666666667,770.8190277777777,770.9066944444444,770.822201388889,770.7175925925926,341.31884590215424,239.39415819699164,217.75296085200458,207.61872331056364,208.5035434856405,21.25517478754109,21.712840693539075,21.343474949130766,21.16838819769993,21.148519587515235,16.162293663231804,15.003366968684686,14.90866050372126,14.624764171119807,14.64171655173578,0.3112721341631954,0.44433625553206507,0.5523483556140251,0.5520945857400192,0.5303589066043357,47.75273307739769,51.648867987839935,63.36536541434478,71.32419077006179,-100.57331945445887,-119.00645287892206,-0.21198284313732074,-0.23516098354800674
2010-03-01,771.0696666666666,3,21.571751051747334,17.23594996639787,364.44407704032,1013.391960954301,-0.20122651155663643,0.28371782190157124,0.34783316606934545,,,1.760967741935484,0.9370967741935484,0.9770967741935483,0.9958064516129032,2.793870967741936,1.2619354838709682,,,0.9461290322580646,2.22,2010,3,1.0,6.123233995736766e-17,771.2215,771.1395,770.953,770.716,770.8934999999999,309.41939385421,333.4568743852675,329.33461657789746,109.10737506435,289.5745632869025,21.800603292410738,21.518557572244646,21.137700038642496,22.736067454861136,21.676401491935504,,,,,,0.8748148148148147,0.840967741935484,0.7499999999999999,0.6523333333333335,0.831290322580645,1.5764285714285715,1.3909677419354838,1.3099999999999998,0.8856666666666666,1.819354838709677,0.8132142857142856,0.993548387096774,0.8454838709677418,0.386,0.8048387096774193,0.8053571428571429,0.8170967741935482,0.7809677419354839,0.4693333333333335,0.910967741935484,1.0314285714285714,0.9561290322580648,0.9467741935483872,0.6056666666666666,0.9906451612903228,2.3667857142857143,2.03483870967742,1.9416129032258065,0.8313333333333333,1.617096774193548,0.9439285714285712,1.1896774193548387,0.9119354838709676,0.326,0.8496774193548385,0.4857142857142857,0.4516129032258063,0.4374193548387097,0.343,0.5054838709677419,,1.0096296296296297,0.9277419354838712,0.7436666666666666,0.9441935483870968,0.902857142857143,0.9564516129032258,,,,2.05,2.04,1.82,1.44,1.9,771.1046666666667,770.8822222222221,770.9399027777778,770.84775,770.7356481481481,324.070294939125,285.7715687319796,222.35251969694437,207.70531645502197,210.14634519949726,21.485620301099292,21.724862673445788,21.409338121253782,21.21444738548536,21.162090763782185,16.608591731270828,15.681736346024834,15.06631015169373,14.704130101644362,14.67057860070858,0.28513809297710063,0.35384610906366215,0.5400128116951015,0.5535411033329153,0.5371072944800961,48.16001488722617,52.27478010969577,131.21785661929079,126.5188969093393,-98.49508398745886,-59.86559118007706,-0.42644117647057556,-0.4745304781352497
2010-04-01,771.297,1,21.64758893576391,17.049992046875023,234.78347071484,1013.1314062934027,-0.25728350777714404,0.4282484481181302,0.4995913697109855,,,1.789,0.9496666666666668,1.0016666666666665,1.0843333333333334,,1.096666666666667,,,0.8273333333333335,2.32,2010,4,0.8660254037844387,-0.4999999999999998,771.0696666666666,771.2215,771.1395,770.5983333333334,770.9876666666668,364.44407704032,309.41939385421,333.4568743852675,272.146105766855,331.70110021416497,21.571751051747334,21.800603292410738,21.518557572244646,22.046980930779593,20.90376082638891,,,,,,,0.8748148148148147,0.840967741935484,0.7183870967741937,0.8369999999999999,1.760967741935484,1.5764285714285715,1.3909677419354838,0.903225806451613,1.4820000000000002,0.9370967741935484,0.8132142857142856,0.993548387096774,0.4080645161290324,0.8260000000000001,0.9770967741935483,0.8053571428571429,0.8170967741935482,0.4661290322580644,0.91,0.9958064516129032,1.0314285714285714,0.9561290322580648,0.8077419354838711,1.164,2.793870967741936,2.3667857142857143,2.03483870967742,0.7358064516129033,1.8053333333333337,1.2619354838709682,0.9439285714285712,1.1896774193548387,0.554516129032258,0.8920000000000001,,0.4857142857142857,0.4516129032258063,0.3616129032258063,0.4836666666666667,,,1.0096296296296297,0.7645161290322581,0.9266666666666664,0.9461290322580646,0.902857142857143,0.9564516129032258,,,2.22,2.05,2.04,1.38,2.05,771.1435555555555,770.9411666666666,770.9545833333333,770.8611527777779,770.7488796296296,335.7734484265992,328.3276857279746,228.59164584306248,209.12316444784597,212.84329808321604,21.630303972134243,21.530809939593485,21.400617251238103,21.252873892121784,21.160452547589685,17.015493450020827,16.285230207611978,15.190025749812008,14.783301779441741,14.710053402922588,0.2752594021294618,0.3172067468984184,0.5188308440089452,0.547000759549115,0.5325373180603368,-77.89370670290833,106.36623298436314,182.12918857114613,201.3884106627568,-64.46673215968386,37.22471263379792,-0.3643602941176596,-0.41814321870166876
2010-05-01,771.3736666666667,3,21.585982170698948,15.901963832325292,208.61387254907748,1013.6363952704974,-0.1651803293102369,0.5279108476927923,0.5531495315940897,,,1.5887096774193548,1.1029032258064515,1.0061290322580645,0.7893548387096776,,1.041290322580645,,,0.7477419354838708,2.33,2010,5,0.49999999999999994,-0.8660254037844387,771.297,771.0696666666666,771.2215,770.665,771.2503333333334,234.78347071484,364.44407704032,309.41939385421,361.1650467432975,215.192854386955,21.64758893576391,21.571751051747334,21.800603292410738,21.109266751736133,20.939317048051098,,,,,,,,0.8748148148148147,0.757,0.7935483870967744,1.789,1.760967741935484,1.5764285714285715,1.1416666666666666,1.4319354838709677,0.9496666666666668,0.9370967741935484,0.8132142857142856,0.5830000000000001,0.7509677419354839,1.0016666666666665,0.9770967741935483,0.8053571428571429,0.5416666666666667,0.9119354838709676,1.0843333333333334,0.9958064516129032,1.0314285714285714,0.9133333333333332,1.3270967741935482,,2.793870967741936,2.3667857142857143,1.270333333333333,1.5787096774193548,1.096666666666667,1.2619354838709682,0.9439285714285712,0.8263333333333333,0.7012903225806454,,,0.4857142857142857,0.438,0.4474193548387097,,,,0.8903333333333331,0.9522580645161288,0.8273333333333335,0.9461290322580646,0.902857142857143,,,2.32,2.22,2.05,1.79,2.06,771.1960555555555,771.0576111111112,770.9803611111112,770.8741527777778,770.7625092592593,302.88231386979004,322.1005798859721,220.5151767181188,207.50608546950218,211.6591061174902,21.673314426640662,21.464244607090876,21.46260292701935,21.31721174845859,21.169085729206195,17.187785910426292,16.675039786829046,15.271128771658075,14.855617841797065,14.74222451548046,0.38441739242248674,0.3478447632928412,0.5062457129119261,0.5413406228640385,0.5312313569821017,18.323830688377114,18.01904126171553,69.66790924955548,104.47078116343184,-103.27662763993382,-5.406198132332079,-0.292926767676704,-0.35167291296088116
2010-06-01,771.351,1,21.2663457465278,14.083737227430579,53.0390141886225,1015.1117573263889,-0.13272202807069444,0.8040994218204167,0.8149791512100949,,,1.3326666666666669,0.5472413793103448,0.938,0.656,,1.0439999999999996,,,0.6736666666666667,2.06,2010,6,1.2246467991473532e-16,-1.0,771.3736666666667,771.297,771.0696666666666,770.953,771.019,208.61387254907748,234.78347071484,364.44407704032,329.33461657789746,62.462389414852495,21.585982170698948,21.64758893576391,21.571751051747334,21.137700038642496,20.778814269097246,,,,,,,,,0.7499999999999999,0.7726666666666666,1.5887096774193548,1.789,1.760967741935484,1.3099999999999998,1.150333333333333,1.1029032258064515,0.9496666666666668,0.9370967741935484,0.8454838709677418,0.5533333333333331,1.0061290322580645,1.0016666666666665,0.9770967741935483,0.7809677419354839,0.8023333333333333,0.7893548387096776,1.0843333333333334,0.9958064516129032,0.9467741935483872,0.7490000000000001,,,2.793870967741936,1.9416129032258065,1.4810000000000003,1.041290322580645,1.096666666666667,1.2619354838709682,0.9119354838709676,0.5833333333333334,,,,0.4374193548387097,0.4070000000000002,,,,0.9277419354838712,0.8430000000000002,0.7477419354838708,0.8273333333333335,0.9461290322580646,,,2.33,2.32,2.22,1.82,1.82,771.2467777777778,771.1757222222222,770.990638888889,770.8804027777777,770.7758472222222,269.28047343474583,296.67538418693545,219.96692823162894,210.24296932848665,211.99962249588256,21.60177405273673,21.543697176918013,21.516491687240006,21.34978359440673,21.180981572526832,16.729301948532733,16.668946839901775,15.301372848018962,14.920050107842092,14.748694101613971,0.4668580224581402,0.37599805771762046,0.5102859694591363,0.5359629403310194,0.5275519486243598,-6.817759119943865,-11.40986112730505,40.86491898239072,97.89179932555433,-37.59141502430634,6.8523914897929075,-0.22327777777775282,-0.2533551441704318
2010-07-01,771.086,2,20.90599706149196,12.419531762432818,12.341678108925,1014.6753884576613,-0.06783311071089582,0.9896856732347951,0.9920075920651646,,,1.199032258064516,0.4677419354838709,0.678709677419355,0.5693548387096776,,1.0651612903225804,,,0.6251612903225806,1.93,2010,7,-0.4999999999999997,-0.8660254037844388,771.351,771.3736666666667,771.297,771.1395,770.9926666666667,53.0390141886225,208.61387254907748,234.78347071484,333.4568743852675,23.5149860242975,21.2663457465278,21.585982170698948,21.64758893576391,21.518557572244646,20.536116365927445,,,,,,,,,0.840967741935484,0.6922580645161288,1.3326666666666669,1.5887096774193548,1.789,1.3909677419354838,0.9858064516129031,0.5472413793103448,1.1029032258064515,0.9496666666666668,0.993548387096774,0.4764516129032261,0.938,1.0061290322580645,1.0016666666666665,0.8170967741935482,0.6500000000000002,0.656,0.7893548387096776,1.0843333333333334,0.9561290322580648,0.7216129032258066,,,,2.03483870967742,0.8751612903225809,1.0439999999999996,1.041290322580645,1.096666666666667,1.1896774193548387,0.4519354838709677,,,,0.4516129032258063,0.3706451612903224,,,,1.0096296296296297,0.793225806451613,0.6736666666666667,0.7477419354838708,0.8273333333333335,0.9564516129032258,,2.06,2.33,2.32,2.04,1.64,771.3405555555555,771.2420555555556,771.0183055555555,770.8930694444444,770.7910324074074,165.47878581751337,250.62611712205626,219.18164696277645,208.71860536888698,209.84317115057908,21.499972284330216,21.56513812823223,21.557119310359216,21.401192304765527,21.211383093601295,15.678564368876968,16.34702890944889,15.32136731546688,14.936967914555055,14.738611061828088,0.6225733508383899,0.4489163764839259,0.5216429294552861,0.5353119792658382,0.5316400332127423,-15.59536206054174,-66.38763513447509,39.978597849888054,88.46842409932432,-74.17615005469884,-70.77985694113207,-0.29763636363634305,-0.3314033526798499
2010-08-01,770.9126666666666,3,22.21917399697583,10.871843825604861,6.92361588213,1013.6833085601479,0.020873798095529292,1.1112616867898706,1.1114577148834774,,,1.105483870967742,0.4174193548387098,0.5719354838709678,0.6500000000000002,,1.1648387096774195,,0.639,0.5793548387096775,1.85,2010,8,-0.8660254037844385,-0.5000000000000004,771.086,771.351,771.3736666666667,771.2215,770.8423333333334,12.341678108925,53.0390141886225,208.61387254907748,309.41939385421,31.1549306442825,20.90599706149196,21.2663457465278,21.585982170698948,21.800603292410738,21.728471412970453,,,,,,,,,0.8748148148148147,0.6583870967741935,1.199032258064516,1.3326666666666669,1.5887096774193548,1.5764285714285715,0.9087096774193548,0.4677419354838709,0.5472413793103448,1.1029032258064515,0.8132142857142856,0.4200000000000001,0.678709677419355,0.938,1.0061290322580645,0.8053571428571429,0.5416129032258065,0.5693548387096776,0.656,0.7893548387096776,1.0314285714285714,0.767741935483871,,,,2.3667857142857143,0.7548387096774191,1.0651612903225804,1.0439999999999996,1.041290322580645,0.9439285714285712,0.342258064516129,,,,0.4857142857142857,0.3403225806451612,,,,,0.7361290322580644,0.6251612903225806,0.6736666666666667,0.7477419354838708,0.902857142857143,,1.93,2.06,2.33,2.05,1.46,771.2702222222223,771.2331388888889,771.0260833333333,770.9068055555555,770.807050925926,91.3315216155417,197.10691774266584,218.25053796982874,207.5403332969927,209.0214582065832,21.252774992906236,21.463044709773445,21.587942701656264,21.43933010837496,21.223998824961434,14.135077607396232,15.661431758911261,15.332399363797974,14.922853206403731,14.715002802839516,0.7867120916231164,0.5855647420228016,0.5149504987774333,0.5408774385743998,0.5364233069667902,-44.33107288970083,-4.089290492108491,13.929750769607038,77.29511618395185,-102.45467978016134,-100.36152292498457,-0.35596464646471304,-0.3957845439776526
2010-09-01,770.8924999999999,2,22.215809784722246,13.148280696180578,123.194932749595,1012.5092413194444,-0.10879929864413021,0.462189771290165,0.47482277964595343,1.0076666666666667,,1.0696666666666668,0.4150000000000002,0.5283333333333332,0.7050000000000001,,1.1603333333333332,0.499,0.6803333333333333,0.5586666666666669,1.91,2010,9,-1.0,-1.8369701987210297e-16,770.9126666666666,771.086,771.351,771.0696666666666,770.716,6.92361588213,12.341678108925,53.0390141886225,364.44407704032,109.10737506435,22.21917399697583,20.90599706149196,21.2663457465278,21.571751051747334,22.736067454861136,,,,,,,,,,0.6523333333333335,1.105483870967742,1.199032258064516,1.3326666666666669,1.760967741935484,0.8856666666666666,0.4174193548387098,0.4677419354838709,0.5472413793103448,0.9370967741935484,0.386,0.5719354838709678,0.678709677419355,0.938,0.9770967741935483,0.4693333333333335,0.6500000000000002,0.5693548387096776,0.656,0.9958064516129032,0.6056666666666666,,,,2.793870967741936,0.8313333333333333,1.1648387096774195,1.0651612903225804,1.0439999999999996,1.2619354838709682,0.326,,,,,0.343,0.639,,,,0.7436666666666666,0.5793548387096775,0.6251612903225806,0.6736666666666667,0.9461290322580646,,1.85,1.93,2.06,2.22,1.44,771.1165555555555,771.1816666666667,771.0319444444445,770.9182708333334,770.8177777777778,24.10143605989254,146.69095474731918,216.23126173964934,205.81464596104408,207.13695636169757,21.46383893499853,21.53280649386763,21.62883458365671,21.48980183447543,21.25890964863415,12.458370938489422,14.593836443511075,15.137786394767955,14.839452717562446,14.665264103942784,0.9728148193862456,0.719836420922193,0.5368412649929275,0.5579302945035655,0.5481468980463617,11.33624062061584,-66.74419407018644,-78.15405519749149,53.06380142179933,-143.87117584292884,-168.20358934086707,-0.2830934343435274,-0.3110333045731791
2010-10-01,770.8505,2,22.580023750000024,14.172503192204324,179.6488167742575,1011.5835774613575,-0.040785123337625184,0.2890024081058468,0.29186609631240784,1.4074193548387093,,1.0782758620689656,0.4632258064516129,0.5080645161290324,0.7293548387096777,,1.2664516129032262,0.4893548387096775,0.6961290322580642,0.546451612903226,1.84,2010,10,-0.8660254037844386,0.5000000000000001,770.8924999999999,770.9126666666666,771.086,771.297,770.5983333333334,123.194932749595,6.92361588213,12.341678108925,234.78347071484,272.146105766855,22.215809784722246,22.21917399697583,20.90599706149196,21.64758893576391,22.046980930779593,1.0076666666666667,,,,,,,,,0.7183870967741937,1.0696666666666668,1.105483870967742,1.199032258064516,1.789,0.903225806451613,0.4150000000000002,0.4174193548387098,0.4677419354838709,0.9496666666666668,0.4080645161290324,0.5283333333333332,0.5719354838709678,0.678709677419355,1.0016666666666665,0.4661290322580644,0.7050000000000001,0.6500000000000002,0.5693548387096776,1.0843333333333334,0.8077419354838711,,,,,0.7358064516129033,1.1603333333333332,1.1648387096774195,1.0651612903225804,1.096666666666667,0.554516129032258,0.499,,,,0.3616129032258063,0.6803333333333333,0.639,,,0.7645161290322581,0.5586666666666669,0.5793548387096775,0.6251612903225806,0.8273333333333335,,1.91,1.85,1.93,2.32,1.38,770.9637222222221,771.152138888889,771.0466527777779,770.9325833333332,770.8310277777778,47.486742246883374,106.48276403219832,217.40522488008642,208.5809422183905,207.68314683251833,21.780326947730014,21.640149616030115,21.585479777811802,21.48066693314441,21.265812556572033,12.146552094739421,13.912558231808191,15.098894219710084,14.874091920542773,14.670008145609453,0.8594293621981984,0.7410013565182942,0.5291040517083564,0.5555038886207813,0.5501075455894525,-57.92971637391514,-48.590194329626726,-114.9778294641018,67.15135910704434,-77.48006566661383,-148.54073239131955,-0.20432352941179488,-0.23412724848626879
2010-11-01,770.6804999999999,2,21.73345934375002,15.320119680555578,313.657134930005,1011.0998677690973,-0.1476147972333125,0.3340793609554219,0.36523848069256754,1.2963333333333336,,1.361,0.6313333333333334,0.6440000000000001,0.8636666666666667,,1.4236666666666666,0.4700000000000001,0.7259999999999998,0.6123333333333332,1.86,2010,11,-0.5000000000000004,0.8660254037844384,770.8505,770.8924999999999,770.9126666666666,771.3736666666667,770.665,179.6488167742575,123.194932749595,6.92361588213,208.61387254907748,361.1650467432975,22.580023750000024,22.215809784722246,22.21917399697583,21.585982170698948,21.109266751736133,1.4074193548387093,1.0076666666666667,,,,,,,,0.757,1.0782758620689656,1.0696666666666668,1.105483870967742,1.5887096774193548,1.1416666666666666,0.4632258064516129,0.4150000000000002,0.4174193548387098,1.1029032258064515,0.5830000000000001,0.5080645161290324,0.5283333333333332,0.5719354838709678,1.0061290322580645,0.5416666666666667,0.7293548387096777,0.7050000000000001,0.6500000000000002,0.7893548387096776,0.9133333333333332,,,,,1.270333333333333,1.2664516129032262,1.1603333333333332,1.1648387096774195,1.041290322580645,0.8263333333333333,0.4893548387096775,0.499,,,0.438,0.6961290322580642,0.6803333333333333,0.639,,0.8903333333333331,0.546451612903226,0.5586666666666669,0.5793548387096775,0.7477419354838708,,1.84,1.91,1.85,2.33,1.79,770.8852222222222,771.0777222222223,771.0676666666667,770.9462708333334,770.8491064814815,103.25578846866087,97.29365504210125,209.69711746403667,206.7235149622655,207.09899482728395,22.33833584389937,21.795555418402802,21.62990001274684,21.520520749578665,21.29412211031681,12.730875904663257,13.43297675602974,15.054008271429394,14.854130391224894,14.674577731649626,0.6260488636139462,0.7063804776185313,0.5271126204556863,0.5590146004781238,0.5476798370358715,-0.38109085775067797,-90.92454864300012,-95.01383913510861,-25.345929885553133,-122.05831981361382,-169.57020457975705,-0.40044117647062194,-0.4582708410945684
2010-12-01,770.5976666666667,3,21.1348921152554,15.661114322916688,288.2956265685975,1011.2643796622983,-0.10322363665744638,0.36641463456931284,0.38067677049086085,1.6174193548387097,,1.4319354838709677,0.7035483870967743,0.5480645161290323,0.8309677419354838,,1.418064516129032,0.4796774193548389,0.7619354838709675,0.6206451612903227,1.92,2010,12,-2.4492935982947064e-16,1.0,770.6804999999999,770.8505,770.8924999999999,771.351,770.953,313.657134930005,179.6488167742575,123.194932749595,53.0390141886225,329.33461657789746,21.73345934375002,22.580023750000024,22.215809784722246,21.2663457465278,21.137700038642496,1.2963333333333336,1.4074193548387093,1.0076666666666667,,,,,,,0.7499999999999999,1.361,1.0782758620689656,1.0696666666666668,1.3326666666666669,1.3099999999999998,0.6313333333333334,0.4632258064516129,0.4150000000000002,0.5472413793103448,0.8454838709677418,0.6440000000000001,0.5080645161290324,0.5283333333333332,0.938,0.7809677419354839,0.8636666666666667,0.7293548387096777,0.7050000000000001,0.656,0.9467741935483872,,,,,1.9416129032258065,1.4236666666666666,1.2664516129032262,1.1603333333333332,1.0439999999999996,0.9119354838709676,0.4700000000000001,0.4893548387096775,0.499,,0.4374193548387097,0.7259999999999998,0.6961290322580642,0.6803333333333333,,0.9277419354838712,0.6123333333333332,0.546451612903226,0.5586666666666669,0.6736666666666667,,1.86,1.84,1.91,2.06,1.82,770.8078333333333,770.9621944444444,771.0689583333333,770.9556666666667,770.8654814814815,205.50029481795255,114.80086543892249,205.73812481292893,208.1542586450852,205.6009347380986,22.176430959490762,21.820134947244643,21.681916062081328,21.53171572549012,21.322574313924058,14.213634522980163,13.33600273073479,15.002474785318283,14.847324542411238,14.684035605878023,0.3773091188836428,0.6750619691349443,0.5255300134262825,0.5565566579341288,0.5505449680778491,-46.97042799674114,-46.97456661104998,-113.7187606812364,-72.85384169884567,-87.72047142594135,-223.50036779042955,-0.6235098039215927,-0.7158742773315393
2011-01-01,770.596,1,21.244960413306472,15.553206601142495,317.911624711905,1011.1033098790323,-0.08249658141369623,0.44469831307377805,0.45228561285498625,1.4877419354838712,,1.4667741935483871,0.7674193548387096,0.5151612903225806,1.1612903225806457,,1.279677419354839,0.4909677419354841,0.810967741935484,,2.01,2011,1,0.49999999999999994,0.8660254037844387,770.5976666666667,770.6804999999999,770.8505,771.086,771.1395,288.2956265685975,313.657134930005,179.6488167742575,12.341678108925,333.4568743852675,21.1348921152554,21.73345934375002,22.580023750000024,20.90599706149196,21.518557572244646,1.6174193548387097,1.2963333333333336,1.4074193548387093,,,,,,,0.840967741935484,1.4319354838709677,1.361,1.0782758620689656,1.199032258064516,1.3909677419354838,0.7035483870967743,0.6313333333333334,0.4632258064516129,0.4677419354838709,0.993548387096774,0.5480645161290323,0.6440000000000001,0.5080645161290324,0.678709677419355,0.8170967741935482,0.8309677419354838,0.8636666666666667,0.7293548387096777,0.5693548387096776,0.9561290322580648,,,,,2.03483870967742,1.418064516129032,1.4236666666666666,1.2664516129032262,1.0651612903225804,1.1896774193548387,0.4796774193548389,0.4700000000000001,0.4893548387096775,,0.4516129032258063,0.7619354838709675,0.7259999999999998,0.6961290322580642,,1.0096296296296297,0.6206451612903227,0.6123333333333332,0.546451612903226,0.6251612903225806,0.9564516129032258,1.92,1.86,1.84,1.93,2.04,770.7095555555555,770.8366388888888,771.0393472222222,770.9551527777777,770.8769722222222,260.53385942428673,154.01030083558499,202.31820897882062,207.91625481349652,205.66839477605583,21.816125069668477,21.798226008699245,21.681682068465737,21.52126191521626,21.328590391293012,15.0512457318922,13.598898913315807,14.972963911382351,14.874918014423445,14.704031286368238,0.3459271158319453,0.6026782390150719,0.525797307749499,0.5496951262178891,0.5513800851844324,-5.0917646536232155,-105.28123522840696,-153.87142955803367,-113.89283170814561,-93.43256338406884,-221.07180642396952,-0.752267156862672,-0.8290782094326274
2011-02-01,770.7620000000001,3,21.63108865513395,15.435210076264903,219.36458340563,1011.3948199497768,-0.12203666119647508,0.45378544189011527,0.46990868681839715,1.5771428571428567,,1.3939285714285716,0.9,0.5028571428571429,0.8392857142857145,,1.07,0.4892857142857142,0.7210714285714284,,1.99,2011,2,0.8660254037844386,0.5000000000000001,770.596,770.5976666666667,770.6804999999999,770.9126666666666,771.2215,317.911624711905,288.2956265685975,313.657134930005,6.92361588213,309.41939385421,21.244960413306472,21.1348921152554,21.73345934375002,22.21917399697583,21.800603292410738,1.4877419354838712,1.6174193548387097,1.2963333333333336,,,,,,,0.8748148148148147,1.4667741935483871,1.4319354838709677,1.361,1.105483870967742,1.5764285714285715,0.7674193548387096,0.7035483870967743,0.6313333333333334,0.4174193548387098,0.8132142857142856,0.5151612903225806,0.5480645161290323,0.6440000000000001,0.5719354838709678,0.8053571428571429,1.1612903225806457,0.8309677419354838,0.8636666666666667,0.6500000000000002,1.0314285714285714,,,,,2.3667857142857143,1.279677419354839,1.418064516129032,1.4236666666666666,1.1648387096774195,0.9439285714285712,0.4909677419354841,0.4796774193548389,0.4700000000000001,,0.4857142857142857,0.810967741935484,0.7619354838709675,0.7259999999999998,0.639,,,0.6206451612903227,0.6123333333333332,0.5793548387096775,0.902857142857143,2.01,1.92,1.86,1.85,2.05,770.6247222222222,770.7549722222221,770.9940555555555,770.950375,770.8794861111112,306.62146207016923,204.93862526941498,201.0227715060404,209.3878661790225,205.42007270905592,21.3711039574373,21.854719900668332,21.65888230522089,21.50117862717583,21.33188623354025,15.511480201538257,14.121178053100754,14.891304906006008,14.899982704863634,14.713611082748542,0.39940028801280486,0.5127245758133755,0.5491446589180886,0.5507465072660568,0.5511112767993757,-42.30207737118232,-52.44328350811503,-143.36783215111515,-129.43808138150808,-58.11389061144634,-230.01140083596698,-0.6714828431372553,-0.744902575561166
2011-03-01,770.923,2,21.34342743447583,15.726601013104862,257.2107913803475,1011.9722897849463,-0.17218766151147852,0.43790062551889447,0.4705375103077655,1.785161290322581,,1.572903225806452,0.8909677419354842,0.6135483870967743,0.9338709677419356,,1.4558064516129032,0.5141935483870969,0.8367741935483872,0.7264516129032257,2.08,2011,3,1.0,6.123233995736766e-17,770.7620000000001,770.596,770.5976666666667,770.8924999999999,771.0696666666666,219.36458340563,317.911624711905,288.2956265685975,123.194932749595,364.44407704032,21.63108865513395,21.244960413306472,21.1348921152554,22.215809784722246,21.571751051747334,1.5771428571428567,1.4877419354838712,1.6174193548387097,1.0076666666666667,,,,,,,1.3939285714285716,1.4667741935483871,1.4319354838709677,1.0696666666666668,1.760967741935484,0.9,0.7674193548387096,0.7035483870967743,0.4150000000000002,0.9370967741935484,0.5028571428571429,0.5151612903225806,0.5480645161290323,0.5283333333333332,0.9770967741935483,0.8392857142857145,1.1612903225806457,0.8309677419354838,0.7050000000000001,0.9958064516129032,,,,,2.793870967741936,1.07,1.279677419354839,1.418064516129032,1.1603333333333332,1.2619354838709682,0.4892857142857142,0.4909677419354841,0.4796774193548389,0.499,,0.7210714285714284,0.810967741935484,0.7619354838709675,0.6803333333333333,,,,0.6206451612903227,0.5586666666666669,0.9461290322580646,1.99,2.01,1.92,1.91,2.22,770.651888888889,770.7298611111111,770.9557638888888,770.9478333333333,770.8837546296296,275.19061156204424,240.34545318999835,193.51820396865875,207.93536183280153,202.97627895956757,21.336980394565273,21.75670567702802,21.644756085447824,21.527047103350807,21.357883618806184,15.549843666774699,14.881739094877426,14.73778776919425,14.902048960443992,14.71534932416099,0.4342903567214147,0.40579973780252887,0.5628180793623608,0.5514154455287312,0.5566334286760638,-59.073270772746355,-94.36427002154667,-141.33883663259664,-219.49289183008813,-92.97399492074884,-317.987975817547,-0.5731078431372225,-0.6377365832207175
2011-04-01,771.1965,2,21.003591041666688,15.61400904513891,288.0315181388,1012.2741709114583,-0.36103621548346876,0.5168267988827778,0.6304419790385511,1.853,,1.8273333333333333,0.9893333333333332,0.6536666666666667,0.8953333333333334,,1.2143333333333337,0.5646666666666668,0.878,0.5703333333333335,2.19,2011,4,0.8660254037844387,-0.4999999999999998,770.923,770.7620000000001,770.596,770.8505,771.297,257.2107913803475,219.36458340563,317.911624711905,179.6488167742575,234.78347071484,21.34342743447583,21.63108865513395,21.244960413306472,22.580023750000024,21.64758893576391,1.785161290322581,1.5771428571428567,1.4877419354838712,1.4074193548387093,,,,,,,1.572903225806452,1.3939285714285716,1.4667741935483871,1.0782758620689656,1.789,0.8909677419354842,0.9,0.7674193548387096,0.4632258064516129,0.9496666666666668,0.6135483870967743,0.5028571428571429,0.5151612903225806,0.5080645161290324,1.0016666666666665,0.9338709677419356,0.8392857142857145,1.1612903225806457,0.7293548387096777,1.0843333333333334,,,,,,1.4558064516129032,1.07,1.279677419354839,1.2664516129032262,1.096666666666667,0.5141935483870969,0.4892857142857142,0.4909677419354841,0.4893548387096775,,0.8367741935483872,0.7210714285714284,0.810967741935484,0.6961290322580642,,0.7264516129032257,,,0.546451612903226,0.8273333333333335,2.08,1.99,2.01,1.84,2.32,770.7603333333333,770.7349444444444,770.9435416666666,770.9490625,770.8886157407408,264.8289998326275,262.6814296284571,184.5820968303277,206.5868713366951,200.94280857533985,21.40649216763875,21.61130861865362,21.625729117341866,21.513173184289986,21.377158967195147,15.57167256350409,15.311459147698143,14.612008689753168,14.901017219782588,14.726204082878882,0.46424393666038294,0.4050855262461642,0.5730434413822293,0.5459371426955871,0.5556816534934864,-24.645659278948358,-106.46711279755189,-211.74834802595885,-326.72617749006065,-125.33776682730387,-391.19290964974454,-0.4648602941176705,-0.5334779413867702
2011-05-01,771.1310000000001,2,21.1148364902554,15.633547866263465,187.2746941210225,1013.6648554183467,-0.3054031951374655,0.5334747890897343,0.6147084367360752,1.445806451612903,,1.4583870967741936,0.7180645161290323,0.552258064516129,0.8209677419354842,,0.9996774193548386,0.5374193548387096,0.7009677419354836,0.2196774193548387,2.08,2011,5,0.49999999999999994,-0.8660254037844387,771.1965,770.923,770.7620000000001,770.6804999999999,771.3736666666667,288.0315181388,257.2107913803475,219.36458340563,313.657134930005,208.61387254907748,21.003591041666688,21.34342743447583,21.63108865513395,21.73345934375002,21.585982170698948,1.853,1.785161290322581,1.5771428571428567,1.2963333333333336,,,,,,,1.8273333333333333,1.572903225806452,1.3939285714285716,1.361,1.5887096774193548,0.9893333333333332,0.8909677419354842,0.9,0.6313333333333334,1.1029032258064515,0.6536666666666667,0.6135483870967743,0.5028571428571429,0.6440000000000001,1.0061290322580645,0.8953333333333334,0.9338709677419356,0.8392857142857145,0.8636666666666667,0.7893548387096776,,,,,,1.2143333333333337,1.4558064516129032,1.07,1.4236666666666666,1.041290322580645,0.5646666666666668,0.5141935483870969,0.4892857142857142,0.4700000000000001,,0.878,0.8367741935483872,0.7210714285714284,0.7259999999999998,,0.5703333333333335,0.7264516129032257,,0.6123333333333332,0.7477419354838708,2.19,2.08,1.99,1.86,2.33,770.9605,770.7926111111111,770.9351666666666,770.957763888889,770.8944907407408,254.86896430825922,280.74521318921416,189.01943411565773,204.76730541688823,201.34386835155405,21.32603571042549,21.348569833931393,21.572062626167096,21.517332776593225,21.40216204102809,15.591940044836228,15.55171012318724,14.49234343960849,14.881736105633282,14.734526374400872,0.5236293920549046,0.4615148400338547,0.583947658826193,0.5450966858690595,0.5555429681847568,-3.0153477396778783,-126.02100742287703,-178.46429093099206,-273.4781300661007,-169.00734890266887,-376.7547577060345,-0.5355934343433546,-0.6430061162117191
2011-06-01,770.944,2,21.158772435763915,14.256130381944468,90.70831536409,1014.1781662239583,-0.06725446903866147,0.5910582228988437,0.5948722438154359,1.0976666666666668,,1.231,0.5543333333333333,0.5246666666666667,0.7873333333333333,,,0.4786666666666668,,0.1653333333333333,1.97,2011,6,1.2246467991473532e-16,-1.0,771.1310000000001,771.1965,770.923,770.5976666666667,771.351,187.2746941210225,288.0315181388,257.2107913803475,288.2956265685975,53.0390141886225,21.1148364902554,21.003591041666688,21.34342743447583,21.1348921152554,21.2663457465278,1.445806451612903,1.853,1.785161290322581,1.6174193548387097,,,,,,,1.4583870967741936,1.8273333333333333,1.572903225806452,1.4319354838709677,1.3326666666666669,0.7180645161290323,0.9893333333333332,0.8909677419354842,0.7035483870967743,0.5472413793103448,0.552258064516129,0.6536666666666667,0.6135483870967743,0.5480645161290323,0.938,0.8209677419354842,0.8953333333333334,0.9338709677419356,0.8309677419354838,0.656,,,,,,0.9996774193548386,1.2143333333333337,1.4558064516129032,1.418064516129032,1.0439999999999996,0.5374193548387096,0.5646666666666668,0.5141935483870969,0.4796774193548389,,0.7009677419354836,0.878,0.8367741935483872,0.7619354838709675,,0.2196774193548387,0.5703333333333335,0.7264516129032257,0.6206451612903227,0.6736666666666667,2.08,2.19,2.08,1.92,2.06,771.0835000000001,770.8676944444445,770.9149444444444,770.9527916666667,770.8919166666667,244.17233454672336,259.68147305438373,187.24116924665313,203.60404873914104,202.57570263454215,21.153951655465974,21.245466025015624,21.53280048613013,21.52464608668507,21.4107892249812,15.658052641502415,15.603948154138555,14.469975442436672,14.885674145227817,14.770025219373618,0.5718959753607972,0.5030931660411061,0.5890775675880252,0.5496817685235807,0.5536678160833547,30.85154205552363,-86.73427779137259,-181.09854781291926,-294.81730849415567,-196.92550916860134,-332.408723518462,-0.6302777777777919,-0.7151814159278266
2011-07-01,770.9316666666667,3,20.88438634072583,12.944592130376368,25.01165852092,1013.9034680863575,-0.045542850118027584,0.8299319952894119,0.8311806470328441,0.980967741935484,,1.1064516129032254,0.4845161290322581,0.4596774193548387,0.6993548387096774,,,0.4487096774193547,,0.134516129032258,1.93,2011,7,-0.4999999999999997,-0.8660254037844388,770.944,771.1310000000001,771.1965,770.596,771.086,90.70831536409,187.2746941210225,288.0315181388,317.911624711905,12.341678108925,21.158772435763915,21.1148364902554,21.003591041666688,21.244960413306472,20.90599706149196,1.0976666666666668,1.445806451612903,1.853,1.4877419354838712,,,,,,,1.231,1.4583870967741936,1.8273333333333333,1.4667741935483871,1.199032258064516,0.5543333333333333,0.7180645161290323,0.9893333333333332,0.7674193548387096,0.4677419354838709,0.5246666666666667,0.552258064516129,0.6536666666666667,0.5151612903225806,0.678709677419355,0.7873333333333333,0.8209677419354842,0.8953333333333334,1.1612903225806457,0.5693548387096776,,,,,,,0.9996774193548386,1.2143333333333337,1.279677419354839,1.0651612903225804,0.4786666666666668,0.5374193548387096,0.5646666666666668,0.4909677419354841,,,0.7009677419354836,0.878,0.810967741935484,,0.1653333333333333,0.2196774193548387,0.5703333333333335,,0.6251612903225806,1.97,2.08,2.19,2.01,1.93,771.0905000000001,770.9254166666668,770.8810277777778,770.9496666666668,770.8890555555556,188.67150920797087,226.75025452029914,190.38027767794208,204.7809623203593,202.60582947190537,21.092399989228667,21.24944607843371,21.523836043566476,21.54047767696285,21.442073551032514,15.16789576444895,15.369784163976519,14.484341538646163,14.90285442705652,14.786092455918757,0.6133408865300206,0.5387924115952019,0.5707353253051369,0.5461891273802116,0.5471197612789378,-2.9253816485467397,3.190535036897394,-103.2765777606545,-257.14800731868814,-168.67958321936385,-331.32415737338704,-0.45196969696962697,-0.5032458771349559
2011-08-01,770.913,2,21.46431186155916,13.49648813340056,71.9248950627125,1013.6612630208333,0.033353580401545735,0.6003844350637147,0.6013101788531259,0.8787096774193551,,1.099354838709678,0.4370967741935484,0.3864516129032259,0.7106451612903227,,,0.449032258064516,,0.1032258064516129,1.77,2011,8,-0.8660254037844385,-0.5000000000000004,770.9316666666667,770.944,771.1310000000001,770.7620000000001,770.9126666666666,25.01165852092,90.70831536409,187.2746941210225,219.36458340563,6.92361588213,20.88438634072583,21.158772435763915,21.1148364902554,21.63108865513395,22.21917399697583,0.980967741935484,1.0976666666666668,1.445806451612903,1.5771428571428567,,,,,,,1.1064516129032254,1.231,1.4583870967741936,1.3939285714285716,1.105483870967742,0.4845161290322581,0.5543333333333333,0.7180645161290323,0.9,0.4174193548387098,0.4596774193548387,0.5246666666666667,0.552258064516129,0.5028571428571429,0.5719354838709678,0.6993548387096774,0.7873333333333333,0.8209677419354842,0.8392857142857145,0.6500000000000002,,,,,,,,0.9996774193548386,1.07,1.1648387096774195,0.4487096774193547,0.4786666666666668,0.5374193548387096,0.4892857142857142,,,,0.7009677419354836,0.7210714285714284,0.639,0.134516129032258,0.1653333333333333,0.2196774193548387,,0.5793548387096775,1.93,1.97,2.08,1.99,1.85,771.0022222222224,770.9813611111111,770.8681666666666,770.947125,770.8939259259259,100.99822266867754,177.93359348846832,191.43610937894167,204.84332367438523,202.17225865764237,21.052665088915045,21.18935039967027,21.5220351501693,21.55498892591278,21.466898455639736,14.278090126194769,14.935015085515495,14.528096569308126,14.930247966553049,14.791267660705195,0.6802537758614516,0.6019415839581782,0.5573330798857768,0.5361417893316051,0.5463626523448588,20.670206290881666,24.910812667299012,-101.11019475557802,-244.47802690669317,-167.18291072274135,-346.93270668685454,-0.3556313131313118,-0.3954139223930008
2011-09-01,770.6569999999999,2,21.5584816371528,14.389319630208355,207.3206307298825,1013.7234607118055,-0.038411818844513904,0.31481520048148265,0.31714993028714333,0.8990000000000001,,1.131333333333333,0.4203333333333333,0.4183333333333334,0.7358620689655173,,,0.4369999999999999,,0.0926666666666666,1.81,2011,9,-1.0,-1.8369701987210297e-16,770.913,770.9316666666667,770.944,770.923,770.8924999999999,71.9248950627125,25.01165852092,90.70831536409,257.2107913803475,123.194932749595,21.46431186155916,20.88438634072583,21.158772435763915,21.34342743447583,22.215809784722246,0.8787096774193551,0.980967741935484,1.0976666666666668,1.785161290322581,1.0076666666666667,,,,,,1.099354838709678,1.1064516129032254,1.231,1.572903225806452,1.0696666666666668,0.4370967741935484,0.4845161290322581,0.5543333333333333,0.8909677419354842,0.4150000000000002,0.3864516129032259,0.4596774193548387,0.5246666666666667,0.6135483870967743,0.5283333333333332,0.7106451612903227,0.6993548387096774,0.7873333333333333,0.9338709677419356,0.7050000000000001,,,,,,,,,1.4558064516129032,1.1603333333333332,0.449032258064516,0.4487096774193547,0.4786666666666668,0.5141935483870969,0.499,,,,0.8367741935483872,0.6803333333333333,0.1032258064516129,0.134516129032258,0.1653333333333333,0.7264516129032257,0.5586666666666669,1.77,1.93,1.97,2.08,1.91,770.9295555555555,771.0065277777779,770.8681944444444,770.9500694444445,770.9015787037038,62.54828964924087,153.36031209798207,196.85288264399023,206.54207219181978,202.82739152202612,21.169156879349636,21.161554267407805,21.459129972217912,21.543982277937314,21.479577880389588,13.565736881907133,14.611894761704773,14.746816928291102,14.942301661529527,14.808574121138665,0.6757876899004686,0.623841832630633,0.5148207852165809,0.5258310251047542,0.5435604580745707,95.46193860090335,48.59636669785856,-38.137911093514035,-179.47674772611066,-126.41294630431135,-323.3479235690395,-0.5185934343435292,-0.5697759468984654
2011-10-01,770.5825,2,21.130446110551098,15.005676162634431,301.1987504370425,1011.9350778225806,-0.13275624310745193,0.2945406514365613,0.32307648542207273,1.201290322580645,,1.186774193548387,0.5361290322580646,0.5212903225806452,0.774516129032258,,,0.4509677419354839,,0.1248387096774194,1.94,2011,10,-0.8660254037844386,0.5000000000000001,770.6569999999999,770.913,770.9316666666667,771.1965,770.8505,207.3206307298825,71.9248950627125,25.01165852092,288.0315181388,179.6488167742575,21.5584816371528,21.46431186155916,20.88438634072583,21.003591041666688,22.580023750000024,0.8990000000000001,0.8787096774193551,0.980967741935484,1.853,1.4074193548387093,,,,,,1.131333333333333,1.099354838709678,1.1064516129032254,1.8273333333333333,1.0782758620689656,0.4203333333333333,0.4370967741935484,0.4845161290322581,0.9893333333333332,0.4632258064516129,0.4183333333333334,0.3864516129032259,0.4596774193548387,0.6536666666666667,0.5080645161290324,0.7358620689655173,0.7106451612903227,0.6993548387096774,0.8953333333333334,0.7293548387096777,,,,,,,,,1.2143333333333337,1.2664516129032262,0.4369999999999999,0.449032258064516,0.4487096774193547,0.5646666666666668,0.4893548387096775,,,,0.878,0.6961290322580642,0.0926666666666666,0.1032258064516129,0.134516129032258,0.5703333333333335,0.546451612903226,1.81,1.77,1.93,2.19,1.84,770.8338888888889,770.9621944444444,770.8485694444444,770.9476111111112,770.9045787037037,101.41906143783838,145.04528532290456,203.86335747568083,210.63429117788363,207.0084139708206,21.302393279812595,21.197396634520633,21.404352626587123,21.494916202199462,21.45522883095865,13.610133297995096,14.389014531222022,14.850236839460083,14.974565529585083,14.866140226848538,0.5832135853910377,0.5982772359605293,0.5016813811033468,0.5153927164058515,0.5375630527816363,63.62021728886987,113.20676324323827,116.39729828013567,-95.35104974582316,-28.199690638778833,-172.83111541243701,-0.472323529411824,-0.5412191569657272
2011-11-01,770.8000000000001,3,20.961556517361135,15.6749154809028,341.153592083155,1012.6729724739583,-0.16518491092680554,0.3500247110685469,0.38704438137830705,1.8076666666666663,,1.5630000000000002,0.7313333333333334,0.704,1.0053333333333334,,,0.5593333333333332,,0.2543333333333333,2.07,2011,11,-0.5000000000000004,0.8660254037844384,770.5825,770.6569999999999,770.913,771.1310000000001,770.6804999999999,301.1987504370425,207.3206307298825,71.9248950627125,187.2746941210225,313.657134930005,21.130446110551098,21.5584816371528,21.46431186155916,21.1148364902554,21.73345934375002,1.201290322580645,0.8990000000000001,0.8787096774193551,1.445806451612903,1.2963333333333336,,,,,,1.186774193548387,1.131333333333333,1.099354838709678,1.4583870967741936,1.361,0.5361290322580646,0.4203333333333333,0.4370967741935484,0.7180645161290323,0.6313333333333334,0.5212903225806452,0.4183333333333334,0.3864516129032259,0.552258064516129,0.6440000000000001,0.774516129032258,0.7358620689655173,0.7106451612903227,0.8209677419354842,0.8636666666666667,,,,,,,,,0.9996774193548386,1.4236666666666666,0.4509677419354839,0.4369999999999999,0.449032258064516,0.5374193548387096,0.4700000000000001,,,,0.7009677419354836,0.7259999999999998,0.1248387096774194,0.0926666666666666,0.1032258064516129,0.2196774193548387,0.6123333333333332,1.94,1.81,1.77,2.08,1.86,770.7175000000001,770.8598611111111,770.8262361111111,770.9469513888888,770.9062592592593,193.4814254098792,147.23982403927832,213.99251861424628,211.84481803914147,209.14651617959242,21.384413203087686,21.218539146001365,21.28355448996638,21.45672725135661,21.441531996374568,14.297161308747784,14.287625717471274,14.919667920329255,14.986838095879326,14.875976234259683,0.4138455315207806,0.5470496536911162,0.5042822468624855,0.5156974336590859,0.5407704826062444,27.115366295399326,179.75236218065487,204.66317484795388,26.198883916961854,0.852954031408693,-95.859435896652,-0.2809411764704919,-0.32151326288163407
2011-12-01,770.8725,4,20.8705878074597,16.176096110551097,372.3223208864125,1013.0960609038979,-0.09789759212921706,0.25997608963448404,0.27779759848914426,2.498064516129032,,2.1048387096774195,1.1922580645161287,0.7225806451612905,1.278333333333333,,,0.6551612903225806,,0.6793548387096774,2.84,2011,12,-2.4492935982947064e-16,1.0,770.8000000000001,770.5825,770.6569999999999,770.944,770.5976666666667,341.153592083155,301.1987504370425,207.3206307298825,90.70831536409,288.2956265685975,20.961556517361135,21.130446110551098,21.5584816371528,21.158772435763915,21.1348921152554,1.8076666666666663,1.201290322580645,0.8990000000000001,1.0976666666666668,1.6174193548387097,,,,,,1.5630000000000002,1.186774193548387,1.131333333333333,1.231,1.4319354838709677,0.7313333333333334,0.5361290322580646,0.4203333333333333,0.5543333333333333,0.7035483870967743,0.704,0.5212903225806452,0.4183333333333334,0.5246666666666667,0.5480645161290323,1.0053333333333334,0.774516129032258,0.7358620689655173,0.7873333333333333,0.8309677419354838,,,,,,,,,,1.418064516129032,0.5593333333333332,0.4509677419354839,0.4369999999999999,0.4786666666666668,0.4796774193548389,,,,,0.7619354838709675,0.2543333333333333,0.1248387096774194,0.0926666666666666,0.1653333333333333,0.6206451612903227,2.07,1.94,1.81,1.97,1.92,770.6798333333332,770.8046944444445,770.8361944444445,770.952576388889,770.9158425925926,283.2243244166934,172.8863070329671,216.28389004367543,211.01100742830218,210.8641357779486,21.21682808835501,21.192992483852322,21.219229254433973,21.450572658257652,21.427553568471406,15.0233037579152,14.294520319911165,14.949234237024859,14.97585451117157,14.881294440615777,0.34242359902917424,0.5091056444648215,0.5060994052529638,0.515814709339623,0.5397375737070738,37.05626632107385,186.19752218517255,234.79388888303112,53.69534107011186,-19.15850062873384,-34.02513035582954,-0.3486764705883161,-0.40032813411272544
2012-01-01,770.9255,2,21.87159168850809,15.414904196908624,262.8507018077975,1012.3153485215054,0.12483549659170427,0.313221449925037,0.3371818172773257,1.8074193548387087,,1.550967741935484,0.7816129032258065,,1.3754838709677415,,,0.5496774193548388,,0.6370967741935483,2.01,2012,1,0.49999999999999994,0.8660254037844387,770.8725,770.8000000000001,770.5825,770.9316666666667,770.596,372.3223208864125,341.153592083155,301.1987504370425,25.01165852092,317.911624711905,20.8705878074597,20.961556517361135,21.130446110551098,20.88438634072583,21.244960413306472,2.498064516129032,1.8076666666666663,1.201290322580645,0.980967741935484,1.4877419354838712,,,,,,2.1048387096774195,1.5630000000000002,1.186774193548387,1.1064516129032254,1.4667741935483871,1.1922580645161287,0.7313333333333334,0.5361290322580646,0.4845161290322581,0.7674193548387096,0.7225806451612905,0.704,0.5212903225806452,0.4596774193548387,0.5151612903225806,1.278333333333333,1.0053333333333334,0.774516129032258,0.6993548387096774,1.1612903225806457,,,,,,,,,,1.279677419354839,0.6551612903225806,0.5593333333333332,0.4509677419354839,0.4487096774193547,0.4909677419354841,,,,,0.810967741935484,0.6793548387096774,0.2543333333333333,0.1248387096774194,0.134516129032258,,2.84,2.07,1.94,1.93,2.01,770.7516666666667,770.7927777777778,770.8590972222223,770.9492222222221,770.9231342592592,338.22488780220334,219.82197462002082,223.28611457015998,212.80216177449032,213.03954139905105,20.98753014512398,21.144961712468287,21.197203895450997,21.43944298195837,21.413242575294507,15.618895918029445,14.614514608012266,14.992149385994393,14.982556648688373,14.91399513828043,0.32930615509650796,0.45625987024377285,0.4975261409194874,0.5116617243344931,0.5323054644517552,-60.1526875577307,127.79184990534304,240.9986131485813,137.72203538792684,23.82920367978121,44.28947200385797,-0.42276715686261923,-0.4659342551659063
2012-02-01,771.0806666666667,3,21.64319815193968,14.596395806393701,237.44961610225,1011.0743000987787,-0.08272053026385127,0.4818112387566002,0.4888606712748555,1.6017241379310347,,1.3889655172413793,0.7506896551724138,,0.8213793103448275,,,0.4858620689655173,,0.5565517241379311,1.99,2012,2,0.8660254037844386,0.5000000000000001,770.9255,770.8725,770.8000000000001,770.913,770.7620000000001,262.8507018077975,372.3223208864125,341.153592083155,71.9248950627125,219.36458340563,21.87159168850809,20.8705878074597,20.961556517361135,21.46431186155916,21.63108865513395,1.8074193548387087,2.498064516129032,1.8076666666666663,0.8787096774193551,1.5771428571428567,,,,,,1.550967741935484,2.1048387096774195,1.5630000000000002,1.099354838709678,1.3939285714285716,0.7816129032258065,1.1922580645161287,0.7313333333333334,0.4370967741935484,0.9,,0.7225806451612905,0.704,0.3864516129032259,0.5028571428571429,1.3754838709677415,1.278333333333333,1.0053333333333334,0.7106451612903227,0.8392857142857145,,,,,,,,,,1.07,0.5496774193548388,0.6551612903225806,0.5593333333333332,0.449032258064516,0.4892857142857142,,,,,0.7210714285714284,0.6370967741935483,0.6793548387096774,0.2543333333333333,0.1032258064516129,,2.01,2.84,2.07,1.77,1.99,770.866,770.79175,770.8865555555557,770.9403055555555,770.9291018518519,325.44220492578836,259.4618151678338,218.69770432815105,209.8602379170957,212.49114556206533,21.23457867110964,21.309495937098664,21.249423168384467,21.45415273680268,21.417260140912042,15.755305262787509,15.026233285767645,14.980624185641569,14.935964545823788,14.92686319845628,0.33400793238159227,0.3739267319511865,0.4879341579546823,0.5185394084363855,0.5298090574955987,-24.217044674562317,4.018945058742474,183.77130723939734,82.66111248381935,-46.77696889768877,24.547221872373,-0.35281617647058283,-0.39139299125600935
2012-03-01,771.0953333333333,3,21.93326214213712,15.577071959005398,260.9395088023575,1012.3945018649193,-0.1976704675872342,0.46994490280174056,0.509825289119217,1.7303225806451612,,1.3429032258064515,0.7761290322580645,,0.8793548387096771,,,0.5235483870967743,,0.5358064516129032,2.02,2012,3,1.0,6.123233995736766e-17,771.0806666666667,770.9255,770.8725,770.6569999999999,770.923,237.44961610225,262.8507018077975,372.3223208864125,207.3206307298825,257.2107913803475,21.64319815193968,21.87159168850809,20.8705878074597,21.5584816371528,21.34342743447583,1.6017241379310347,1.8074193548387087,2.498064516129032,0.8990000000000001,1.785161290322581,,,,,,1.3889655172413793,1.550967741935484,2.1048387096774195,1.131333333333333,1.572903225806452,0.7506896551724138,0.7816129032258065,1.1922580645161287,0.4203333333333333,0.8909677419354842,,,0.7225806451612905,0.4183333333333334,0.6135483870967743,0.8213793103448275,1.3754838709677415,1.278333333333333,0.7358620689655173,0.9338709677419356,,,,,,,,,,1.4558064516129032,0.4858620689655173,0.5496774193548388,0.6551612903225806,0.4369999999999999,0.5141935483870969,,,,,0.8367741935483872,0.5565517241379311,0.6370967741935483,0.6793548387096774,0.0926666666666666,0.7264516129032257,1.99,2.01,2.84,1.81,2.08,770.9595555555555,770.8196944444444,770.9131111111111,770.9344375,770.9362592592593,290.87421293215334,287.04926867442333,220.2047903862027,206.86149717743078,212.02517135060194,21.461792549302487,21.33931031882875,21.250432293118276,21.447594189283052,21.43484216660663,15.395798704617809,15.209551231266502,14.910722996485637,14.824255382839944,14.904940305791207,0.36794669568044175,0.35518514735480805,0.48951348999272054,0.5261657846775407,0.5307814603500609,-55.344553350736305,-47.31346591121917,138.88405627395338,100.74614518043936,-118.74674664964877,7.772150259690498,-0.4007745098039095,-0.44596940974528965
2012-04-01,771.2305,2,20.829976677083355,16.57330982118058,329.68926422239497,1013.2840087065972,-0.2512088140891458,0.3471044966201095,0.4284710023443531,2.1,,1.5583333333333336,0.9713333333333332,,1.0616666666666663,,,0.5506666666666666,,0.6913333333333334,2.25,2012,4,0.8660254037844387,-0.4999999999999998,771.0953333333333,771.0806666666667,770.9255,770.5825,771.1965,260.9395088023575,237.44961610225,262.8507018077975,301.1987504370425,288.0315181388,21.93326214213712,21.64319815193968,21.87159168850809,21.130446110551098,21.003591041666688,1.7303225806451612,1.6017241379310347,1.8074193548387087,1.201290322580645,1.853,,,,,,1.3429032258064515,1.3889655172413793,1.550967741935484,1.186774193548387,1.8273333333333333,0.7761290322580645,0.7506896551724138,0.7816129032258065,0.5361290322580646,0.9893333333333332,,,,0.5212903225806452,0.6536666666666667,0.8793548387096771,0.8213793103448275,1.3754838709677415,0.774516129032258,0.8953333333333334,,,,,,,,,,1.2143333333333337,0.5235483870967743,0.4858620689655173,0.5496774193548388,0.4509677419354839,0.5646666666666668,,,,,0.878,0.5358064516129032,0.5565517241379311,0.6370967741935483,0.1248387096774194,0.5703333333333335,2.02,1.99,2.01,1.94,2.19,771.0338333333333,770.89275,770.9274722222221,770.9355069444445,770.9418657407408,253.74660890413506,295.9857483531692,220.51551683803686,202.54880683418227,211.2297531704757,21.816017327528296,21.401773736326138,21.299585185423386,21.462657151382626,21.441977184667785,15.19612398743591,15.407509952732676,14.898262241977347,14.755135465865257,14.90009889384751,0.4452892592237993,0.3872977071601537,0.4927874715603415,0.5329154564712854,0.5282205856505053,17.01208680464663,-139.71428558302932,-11.92243567768628,104.4748626024494,-222.25131488761124,-20.862904224854482,-0.4308602941176787,-0.4944592292346102
2012-05-01,771.2919999999999,2,20.266098571908625,16.01269222278228,284.14288175606,1014.4054524109542,-0.15163963113622314,0.3705270419213962,0.4003559248046042,1.9770967741935488,,1.7348387096774196,0.8277419354838713,,1.0570967741935482,,,0.5741935483870967,,0.7087096774193548,2.41,2012,5,0.49999999999999994,-0.8660254037844387,771.2305,771.0953333333333,771.0806666666667,770.8000000000001,771.1310000000001,329.68926422239497,260.9395088023575,237.44961610225,341.153592083155,187.2746941210225,20.829976677083355,21.93326214213712,21.64319815193968,20.961556517361135,21.1148364902554,2.1,1.7303225806451612,1.6017241379310347,1.8076666666666663,1.445806451612903,,,,,,1.5583333333333336,1.3429032258064515,1.3889655172413793,1.5630000000000002,1.4583870967741936,0.9713333333333332,0.7761290322580645,0.7506896551724138,0.7313333333333334,0.7180645161290323,,,,0.704,0.552258064516129,1.0616666666666663,0.8793548387096771,0.8213793103448275,1.0053333333333334,0.8209677419354842,,,,,,,,,,0.9996774193548386,0.5506666666666666,0.5235483870967743,0.4858620689655173,0.5593333333333332,0.5374193548387096,,,,,0.7009677419354836,0.6913333333333334,0.5358064516129032,0.5565517241379311,0.2543333333333333,0.2196774193548387,2.25,2.02,1.99,2.07,2.08,771.1355,771.00075,770.9303055555555,770.9327361111112,770.9486111111112,276.0261297090008,300.73416731739457,223.98699567833646,206.5032148969971,211.17386883737097,21.468812323720055,21.35169549741485,21.285117321708107,21.428589973937605,21.439927624964852,15.582259195526563,15.668782229157031,14.978203973314153,14.735273706461323,14.913892061526903,0.4757189875794751,0.4048634599805338,0.475956556835825,0.529952107831009,0.5220499761913148,93.85283989535961,-62.54951122065199,-58.53056616190952,146.1326086860444,-127.34552138005628,-22.87474021662448,-0.37459343434352377,-0.44971774097818035
2012-06-01,771.3605,2,20.45266551388891,14.698723468750023,79.8367263381775,1015.2405638975695,-0.08661643130800002,0.5834272217507291,0.5898217775331019,1.4059999999999997,,1.3783333333333332,0.603,,0.9333333333333332,,,0.5020000000000001,,0.558,2.22,2012,6,1.2246467991473532e-16,-1.0,771.2919999999999,771.2305,771.0953333333333,770.8725,770.944,284.14288175606,329.68926422239497,260.9395088023575,372.3223208864125,90.70831536409,20.266098571908625,20.829976677083355,21.93326214213712,20.8705878074597,21.158772435763915,1.9770967741935488,2.1,1.7303225806451612,2.498064516129032,1.0976666666666668,,,,,,1.7348387096774196,1.5583333333333336,1.3429032258064515,2.1048387096774195,1.231,0.8277419354838713,0.9713333333333332,0.7761290322580645,1.1922580645161287,0.5543333333333333,,,,0.7225806451612905,0.5246666666666667,1.0570967741935482,1.0616666666666663,0.8793548387096771,1.278333333333333,0.7873333333333333,,,,,,,,,,,0.5741935483870967,0.5506666666666666,0.5235483870967743,0.6551612903225806,0.4786666666666668,,,,,,0.7087096774193548,0.6913333333333334,0.5358064516129032,0.6793548387096774,0.1653333333333333,2.41,2.25,2.02,2.84,1.97,771.2059444444444,771.08275,770.9437222222223,770.9293333333334,770.9497685185185,291.5905515936042,291.23238226287873,232.0593446479229,209.65025694728806,213.0891473754017,21.00977913037637,21.235785839839426,21.214389161845876,21.373594823988004,21.421227111738673,16.054358000989424,15.725078352803614,15.00979933635739,14.739887389397031,14.927049208937673,0.44621740542272464,0.4070820505515833,0.4580938475082024,0.5235857075481137,0.5191524615184546,19.97995302961113,55.52037334926993,8.206907438050763,243.00079632108188,-51.81651217307379,46.075287152480506,-0.2137777777777501,-0.24257541546847583
2012-07-01,771.106,2,20.741092404233893,13.384266103830669,22.80765775954,1014.183122891465,0.046235320235362906,0.7397918850716465,0.7412352784744712,1.3377419354838709,,1.2051612903225808,0.5074193548387098,,0.6561290322580646,,,0.4477419354838712,,0.4935483870967744,1.99,2012,7,-0.4999999999999997,-0.8660254037844388,771.3605,771.2919999999999,771.2305,770.9255,770.9316666666667,79.8367263381775,284.14288175606,329.68926422239497,262.8507018077975,25.01165852092,20.45266551388891,20.266098571908625,20.829976677083355,21.87159168850809,20.88438634072583,1.4059999999999997,1.9770967741935488,2.1,1.8074193548387087,0.980967741935484,,,,,,1.3783333333333332,1.7348387096774196,1.5583333333333336,1.550967741935484,1.1064516129032254,0.603,0.8277419354838713,0.9713333333333332,0.7816129032258065,0.4845161290322581,,,,,0.4596774193548387,0.9333333333333332,1.0570967741935482,1.0616666666666663,1.3754838709677415,0.6993548387096774,,,,,,,,,,,0.5020000000000001,0.5741935483870967,0.5506666666666666,0.5496774193548388,0.4487096774193547,,,,,,0.558,0.7087096774193548,0.6913333333333334,0.6370967741935483,0.134516129032258,2.22,2.41,2.25,2.01,1.93,771.2943333333333,771.1640833333335,770.9784305555555,770.9297291666667,770.9592546296296,231.2229574388775,242.48478317150625,231.15337889576355,210.7668282868528,213.57176784549404,20.516246920960295,21.166132124244296,21.15554691835629,21.33969148096138,21.412167424093994,15.761575170904296,15.478849579170102,15.046682093591185,14.765511816118673,14.950796982568075,0.4728829015606863,0.4590860803922429,0.45767297531800794,0.5142041503115724,0.5166837433594771,-5.129382409926741,130.84487972961736,-8.869405853411955,232.12920729516938,-25.018800023518793,63.44962407580551,-0.27763636363636124,-0.30913434303125314
2012-08-01,770.9536666666667,3,21.12887326948927,12.800049847110238,93.99828307941999,1014.1945606350806,0.057693932433069535,0.4926973365903639,0.49606376134810526,1.2738709677419355,0.3133333333333333,1.1335483870967744,0.4677419354838708,0.7126923076923076,0.8019354838709677,,,0.4448387096774194,0.8170833333333332,0.4903225806451614,1.93,2012,8,-0.8660254037844385,-0.5000000000000004,771.106,771.3605,771.2919999999999,771.0806666666667,770.913,22.80765775954,79.8367263381775,284.14288175606,237.44961610225,71.9248950627125,20.741092404233893,20.45266551388891,20.266098571908625,21.64319815193968,21.46431186155916,1.3377419354838709,1.4059999999999997,1.9770967741935488,1.6017241379310347,0.8787096774193551,,,,,,1.2051612903225808,1.3783333333333332,1.7348387096774196,1.3889655172413793,1.099354838709678,0.5074193548387098,0.603,0.8277419354838713,0.7506896551724138,0.4370967741935484,,,,,0.3864516129032259,0.6561290322580646,0.9333333333333332,1.0570967741935482,0.8213793103448275,0.7106451612903227,,,,,,,,,,,0.4477419354838712,0.5020000000000001,0.5741935483870967,0.4858620689655173,0.449032258064516,,,,,,0.4935483870967744,0.558,0.7087096774193548,0.5565517241379311,0.1032258064516129,1.99,2.22,2.41,1.99,1.77,771.2528333333333,771.1941666666667,770.9929583333333,770.9305625000001,770.9624027777778,128.92908861792583,202.4776091634633,230.96971216564853,211.2029107722951,213.55211983813967,20.486618830010475,20.977715576865265,21.143605756981962,21.332820453575632,21.417861202935843,14.698560598454327,15.140409896990441,15.083321591379041,14.805709080343584,14.981272508161712,0.5771376602707257,0.5264283239251005,0.45017752793814353,0.5037553039119601,0.5074870355337846,42.74359430758916,108.703410515044,46.153899294392005,229.92520653378938,-14.552820372903794,62.74229581104802,-0.3149646464646594,-0.35019808907471156
2012-09-01,770.7636666666667,3,21.71015216666669,14.106865880208357,145.1789141485875,1013.7812839409722,0.04238084159527312,0.29413236001625864,0.2971699529613612,1.283,0.3176666666666666,1.0886666666666664,0.4533333333333333,0.7093333333333335,0.9143333333333332,,,0.4780000000000003,0.8596666666666669,0.485,2.0,2012,9,-1.0,-1.8369701987210297e-16,770.9536666666667,771.106,771.3605,771.0953333333333,770.6569999999999,93.99828307941999,22.80765775954,79.8367263381775,260.9395088023575,207.3206307298825,21.12887326948927,20.741092404233893,20.45266551388891,21.93326214213712,21.5584816371528,1.2738709677419355,1.3377419354838709,1.4059999999999997,1.7303225806451612,0.8990000000000001,0.3133333333333333,,,,,1.1335483870967744,1.2051612903225808,1.3783333333333332,1.3429032258064515,1.131333333333333,0.4677419354838708,0.5074193548387098,0.603,0.7761290322580645,0.4203333333333333,0.7126923076923076,,,,0.4183333333333334,0.8019354838709677,0.6561290322580646,0.9333333333333332,0.8793548387096771,0.7358620689655173,,,,,,,,,,,0.4448387096774194,0.4477419354838712,0.5020000000000001,0.5235483870967743,0.4369999999999999,0.8170833333333332,,,,,0.4903225806451614,0.4935483870967744,0.558,0.5358064516129032,0.0926666666666666,1.93,1.99,2.22,2.02,1.81,771.1400555555556,771.1729999999999,770.9963472222222,770.9322708333333,770.9654953703704,65.54755572571251,178.56905365965835,232.8091611670408,214.8310219055155,215.29776851689346,20.77421039587069,20.891994763123527,21.11565254097614,21.287391256597022,21.401205698950253,13.627679806563647,14.841018903776531,15.025285067521517,14.88605099790631,14.969962796860191,0.6090402724518927,0.5276288389373088,0.44140699314605847,0.4781138891813197,0.49768968111852235,33.32022201960834,57.59416492727355,113.11453827654348,251.99859455049688,72.52184682438619,125.5856482461855,-0.4119267676767322,-0.4525818272322345
2012-10-01,770.6833333333334,3,21.803536710349483,15.108921658266151,260.431319653845,1012.0600358534946,-0.05194036411577957,0.21603596617390286,0.22219212430950713,1.4064516129032256,0.3387096774193547,1.238064516129032,0.4845161290322581,0.7032258064516127,0.921290322580645,,,0.4870967741935484,0.8958064516129033,0.5274193548387096,1.96,2012,10,-0.8660254037844386,0.5000000000000001,770.7636666666667,770.9536666666667,771.106,771.2305,770.5825,145.1789141485875,93.99828307941999,22.80765775954,329.68926422239497,301.1987504370425,21.71015216666669,21.12887326948927,20.741092404233893,20.829976677083355,21.130446110551098,1.283,1.2738709677419355,1.3377419354838709,2.1,1.201290322580645,0.3176666666666666,0.3133333333333333,,,,1.0886666666666664,1.1335483870967744,1.2051612903225808,1.5583333333333336,1.186774193548387,0.4533333333333333,0.4677419354838708,0.5074193548387098,0.9713333333333332,0.5361290322580646,0.7093333333333335,0.7126923076923076,,,0.5212903225806452,0.9143333333333332,0.8019354838709677,0.6561290322580646,1.0616666666666663,0.774516129032258,,,,,,,,,,,0.4780000000000003,0.4448387096774194,0.4477419354838712,0.5506666666666666,0.4509677419354839,0.8596666666666669,0.8170833333333332,,,,0.485,0.4903225806451614,0.4935483870967744,0.6913333333333334,0.1248387096774194,2.0,1.93,1.99,2.25,1.94,770.9411111111112,771.1177222222223,771.0052361111111,770.9269027777779,770.9668194444445,87.32828499584919,159.27562121736332,227.63068478526625,215.74702113047354,216.29975571367785,21.193372613463282,20.85480976721179,21.128291751768963,21.266322189178045,21.372708052055962,13.430393943716423,14.595984557310357,15.001747255021515,14.925992047240799,14.983626104730563,0.5114896642613124,0.4921862829109995,0.4397419950355766,0.4707116880694617,0.49017580928242654,22.852786505672327,70.93443391727075,201.77931364688814,189.8568779692019,94.5058282233787,161.657187330423,-0.3714901960784118,-0.42567773617580346
2012-11-01,770.832,1,20.883074194444468,16.07493501388891,327.597796544585,1012.9743315798611,-0.14996422679259896,0.27332161766945656,0.3117594842229353,1.6159999999999997,0.3876666666666668,1.4406666666666663,0.621,0.7500000000000002,0.9923333333333332,,,0.5660000000000001,0.9233333333333332,0.5760000000000001,2.01,2012,11,-0.5000000000000004,0.8660254037844384,770.6833333333334,770.7636666666667,770.9536666666667,771.2919999999999,770.8000000000001,260.431319653845,145.1789141485875,93.99828307941999,284.14288175606,341.153592083155,21.803536710349483,21.71015216666669,21.12887326948927,20.266098571908625,20.961556517361135,1.4064516129032256,1.283,1.2738709677419355,1.9770967741935488,1.8076666666666663,0.3387096774193547,0.3176666666666666,0.3133333333333333,,,1.238064516129032,1.0886666666666664,1.1335483870967744,1.7348387096774196,1.5630000000000002,0.4845161290322581,0.4533333333333333,0.4677419354838708,0.8277419354838713,0.7313333333333334,0.7032258064516127,0.7093333333333335,0.7126923076923076,,0.704,0.921290322580645,0.9143333333333332,0.8019354838709677,1.0570967741935482,1.0053333333333334,,,,,,,,,,,0.4870967741935484,0.4780000000000003,0.4448387096774194,0.5741935483870967,0.5593333333333332,0.8958064516129033,0.8596666666666669,0.8170833333333332,,,0.5274193548387096,0.485,0.4903225806451614,0.7087096774193548,0.2543333333333333,1.96,2.0,1.93,2.41,2.07,770.8002222222221,771.0265277777777,771.013638888889,770.9199375,770.9691805555555,166.53617229395084,147.73263045593833,224.23339888666644,219.11295875045633,215.97434498831646,21.547520715501815,21.017069772756145,21.184382635085495,21.233968562525938,21.365945712599572,14.005279128528251,14.351919863491284,15.01035104632416,14.965009483326709,14.994675746027603,0.3384752795396577,0.4578064699051918,0.4313349649428628,0.4678086059026741,0.48757661075367814,13.559570756829316,98.91660283286981,207.6200133479138,149.08944718600435,175.28833110296617,149.942401217413,-0.24894117647056646,-0.28489198670758437
2012-12-01,770.936,1,21.200600554435507,15.894399842069914,343.98898472423,1012.5602883820565,-0.1163973043813844,0.2943519877937678,0.3165302911024395,1.7796774193548388,0.3880645161290323,1.565483870967742,0.7348387096774194,0.7880645161290323,1.2664516129032255,,,0.5664516129032258,0.9609677419354838,0.629032258064516,2.23,2012,12,-2.4492935982947064e-16,1.0,770.832,770.6833333333334,770.7636666666667,771.3605,770.8725,327.597796544585,260.431319653845,145.1789141485875,79.8367263381775,372.3223208864125,20.883074194444468,21.803536710349483,21.71015216666669,20.45266551388891,20.8705878074597,1.6159999999999997,1.4064516129032256,1.283,1.4059999999999997,2.498064516129032,0.3876666666666668,0.3387096774193547,0.3176666666666666,,,1.4406666666666663,1.238064516129032,1.0886666666666664,1.3783333333333332,2.1048387096774195,0.621,0.4845161290322581,0.4533333333333333,0.603,1.1922580645161287,0.7500000000000002,0.7032258064516127,0.7093333333333335,,0.7225806451612905,0.9923333333333332,0.921290322580645,0.9143333333333332,0.9333333333333332,1.278333333333333,,,,,,,,,,,0.5660000000000001,0.4870967741935484,0.4780000000000003,0.5020000000000001,0.6551612903225806,0.9233333333333332,0.8958064516129033,0.8596666666666669,,,0.5760000000000001,0.5274193548387096,0.485,0.558,0.6793548387096774,2.01,1.96,2.0,2.22,2.84,770.7596666666667,770.9498611111111,771.0163055555555,770.92625,770.9738194444445,244.40267678233917,154.97511625402583,223.10374925845227,219.69381965106382,215.04192137168556,21.46558769048688,21.119899043178787,21.177842441509107,21.198535847971538,21.359662586008135,15.096907517454476,14.362293662009057,15.043686007406336,14.996460122215597,14.998465009916494,0.27704052049793443,0.44304039647491367,0.4250612235132485,0.46558031438310615,0.48556354739749824,8.722930158891359,69.73257928210998,127.32674420938353,135.53365164743434,189.22899271754616,116.37515101870045,-0.28517647058822604,-0.3274214751881873
2013-01-01,771.091,3,22.018493980174753,16.449812463037656,284.211873899885,1013.1185734543011,-0.004462129315228491,0.19622127974025233,0.1962720082460262,1.976451612903226,0.3958064516129033,1.5954838709677417,0.8893548387096775,0.8690322580645159,1.3258064516129031,,,0.5351612903225808,0.9706451612903224,0.7267741935483871,2.28,2013,1,0.49999999999999994,0.8660254037844387,770.936,770.832,770.6833333333334,771.106,770.9255,343.98898472423,327.597796544585,260.431319653845,22.80765775954,262.8507018077975,21.200600554435507,20.883074194444468,21.803536710349483,20.741092404233893,21.87159168850809,1.7796774193548388,1.6159999999999997,1.4064516129032256,1.3377419354838709,1.8074193548387087,0.3880645161290323,0.3876666666666668,0.3387096774193547,,,1.565483870967742,1.4406666666666663,1.238064516129032,1.2051612903225808,1.550967741935484,0.7348387096774194,0.621,0.4845161290322581,0.5074193548387098,0.7816129032258065,0.7880645161290323,0.7500000000000002,0.7032258064516127,,,1.2664516129032255,0.9923333333333332,0.921290322580645,0.6561290322580646,1.3754838709677415,,,,,,,,,,,0.5664516129032258,0.5660000000000001,0.4870967741935484,0.4477419354838712,0.5496774193548388,0.9609677419354838,0.9233333333333332,0.8958064516129033,,,0.629032258064516,0.5760000000000001,0.5274193548387096,0.4935483870967744,0.6370967741935483,2.23,2.01,1.96,1.99,2.01,770.8171111111111,770.8791111111112,771.0215972222222,770.9403472222222,770.9733472222222,310.6727003075534,199.00049265170125,220.74263791160377,222.0143762408819,215.44898715352812,21.295737153076487,21.244554883269885,21.20534350375709,21.201273699604045,21.361409822557942,15.69275217140833,14.561573057562372,15.020211318366238,15.006180352180316,14.995108205247659,0.28349396654496056,0.3974918154031366,0.42828894789768973,0.46290754440858856,0.48387079885555867,-38.791515465643215,45.135287421393,116.06972133866375,107.20031548525183,244.92235087317866,131.029519165033,-0.25726715686266743,-0.2835356984705642
2013-02-01,771.033,1,22.16969207217264,15.600147606026809,195.41579458926998,1011.9982074869791,-0.12150369359892114,0.3749981151493543,0.39419124029301933,1.9175,0.3892857142857145,1.606428571428571,0.875357142857143,0.8267857142857142,1.0028571428571431,,,0.4742857142857146,0.9503571428571428,0.6892857142857143,2.25,2013,2,0.8660254037844386,0.5000000000000001,771.091,770.936,770.832,770.9536666666667,771.0806666666667,284.211873899885,343.98898472423,327.597796544585,93.99828307941999,237.44961610225,22.018493980174753,21.200600554435507,20.883074194444468,21.12887326948927,21.64319815193968,1.976451612903226,1.7796774193548388,1.6159999999999997,1.2738709677419355,1.6017241379310347,0.3958064516129033,0.3880645161290323,0.3876666666666668,0.3133333333333333,,1.5954838709677417,1.565483870967742,1.4406666666666663,1.1335483870967744,1.3889655172413793,0.8893548387096775,0.7348387096774194,0.621,0.4677419354838708,0.7506896551724138,0.8690322580645159,0.7880645161290323,0.7500000000000002,0.7126923076923076,,1.3258064516129031,1.2664516129032255,0.9923333333333332,0.8019354838709677,0.8213793103448275,,,,,,,,,,,0.5351612903225808,0.5664516129032258,0.5660000000000001,0.4448387096774194,0.4858620689655173,0.9706451612903224,0.9609677419354838,0.9233333333333332,0.8170833333333332,,0.7267741935483871,0.629032258064516,0.5760000000000001,0.4903225806451614,0.5565517241379311,2.28,2.23,2.01,1.93,1.99,770.953,770.8766111111112,771.0353888888889,770.9609722222222,770.972,318.5995517229,242.5678620084254,222.52273558594436,220.6102199570477,214.08107047337862,21.367389576351574,21.457455145926698,21.21758536139598,21.23350426489022,21.375296945000443,16.13971577299883,15.072497450763537,15.10645367387699,15.04353892975928,14.992794255174854,0.27485392785713353,0.30666460369839577,0.41654646381174815,0.4522403108832152,0.48454176022817297,-66.25086618754233,-16.50901454992254,82.40758828294729,128.56148757733934,211.22260006115866,81.78451867965052,-0.4004828431372971,-0.4442715169418744
2013-03-01,771.132,2,21.21074428763443,16.594945213373677,398.523628219885,1012.9528216229838,-0.1539538596938582,0.43739060449040995,0.46369422231802976,1.8958064516129032,0.3880645161290325,1.746451612903226,0.7983870967741936,0.9561290322580646,1.1700000000000004,,,0.6077419354838712,1.1070967741935485,0.7590322580645161,2.42,2013,3,1.0,6.123233995736766e-17,771.033,771.091,770.936,770.7636666666667,771.0953333333333,195.41579458926998,284.211873899885,343.98898472423,145.1789141485875,260.9395088023575,22.16969207217264,22.018493980174753,21.200600554435507,21.71015216666669,21.93326214213712,1.9175,1.976451612903226,1.7796774193548388,1.283,1.7303225806451612,0.3892857142857145,0.3958064516129033,0.3880645161290323,0.3176666666666666,,1.606428571428571,1.5954838709677417,1.565483870967742,1.0886666666666664,1.3429032258064515,0.875357142857143,0.8893548387096775,0.7348387096774194,0.4533333333333333,0.7761290322580645,0.8267857142857142,0.8690322580645159,0.7880645161290323,0.7093333333333335,,1.0028571428571431,1.3258064516129031,1.2664516129032255,0.9143333333333332,0.8793548387096771,,,,,,,,,,,0.4742857142857146,0.5351612903225808,0.5664516129032258,0.4780000000000003,0.5235483870967743,0.9503571428571428,0.9706451612903224,0.9609677419354838,0.8596666666666669,,0.6892857142857143,0.7267741935483871,0.629032258064516,0.485,0.5358064516129032,2.25,2.28,2.23,2.0,2.02,771.0200000000001,770.8898333333333,771.0314166666667,770.9722638888888,770.9667638888889,274.53888440446167,259.47078059340043,219.01991712652935,219.61235375636605,210.9143038271303,21.796262202260966,21.630924946373923,21.261459854748725,21.2559460739335,21.385549411104943,15.981453303711461,15.539180410582965,15.190099657179749,15.050411326832693,14.946203474286543,0.3023311798804949,0.2896858501892148,0.40865734456326175,0.4490854172779912,0.4869963046394477,82.23956606679116,-96.31945149429419,-26.586872212184204,86.52766606435932,187.27381124479865,-32.219080585289504,-0.3641078431372762,-0.4051678834739543
2013-04-01,771.4165,2,20.837608802083356,17.138311741319466,321.9774364782175,1013.733996388889,-0.1799841773953455,0.28829010850183506,0.33986098742379806,2.504,0.4986666666666668,1.6509999999999996,1.1783333333333337,1.1626666666666663,1.7566666666666668,,,0.6243333333333333,1.1446666666666667,0.8143333333333334,2.67,2013,4,0.8660254037844387,-0.4999999999999998,771.132,771.033,771.091,770.6833333333334,771.2305,398.523628219885,195.41579458926998,284.211873899885,260.431319653845,329.68926422239497,21.21074428763443,22.16969207217264,22.018493980174753,21.803536710349483,20.829976677083355,1.8958064516129032,1.9175,1.976451612903226,1.4064516129032256,2.1,0.3880645161290325,0.3892857142857145,0.3958064516129033,0.3387096774193547,,1.746451612903226,1.606428571428571,1.5954838709677417,1.238064516129032,1.5583333333333336,0.7983870967741936,0.875357142857143,0.8893548387096775,0.4845161290322581,0.9713333333333332,0.9561290322580646,0.8267857142857142,0.8690322580645159,0.7032258064516127,,1.1700000000000004,1.0028571428571431,1.3258064516129031,0.921290322580645,1.0616666666666663,,,,,,,,,,,0.6077419354838712,0.4742857142857146,0.5351612903225808,0.4870967741935484,0.5506666666666666,1.1070967741935485,0.9503571428571428,0.9706451612903224,0.8958064516129033,,0.7590322580645161,0.6892857142857143,0.7267741935483871,0.5274193548387096,0.6913333333333334,2.42,2.25,2.28,1.96,2.25,771.0853333333333,770.9512222222223,771.0344722222222,770.9809722222222,770.9684953703704,292.7170989030133,301.6948996052833,230.4852604113233,225.5003886246801,211.86095802656263,21.799643446660607,21.54769029986855,21.20125003354017,21.250417609481776,21.375521445435137,16.21496842747938,15.953860299443853,15.274922428377105,15.086592335177228,14.928397786702542,0.351385823619025,0.3174398950819929,0.4048130889964962,0.44880028027841884,0.4902146673130223,9.300259060469159,-22.802815586394388,22.332471834998614,224.11178548188678,328.58664808433616,1.8604705942754833,-0.2448602941176432,-0.281003921578584
2013-05-01,771.4416666666666,3,20.806363748319917,15.767186295362928,182.139098589865,1014.799453015793,-0.180386369029713,0.4615817527017809,0.4955773971429406,1.9935483870967745,0.4761290322580647,1.7403225806451612,0.8893548387096775,1.1529032258064515,1.4429032258064516,,,0.5716129032258059,1.1054838709677424,0.6329032258064513,2.48,2013,5,0.49999999999999994,-0.8660254037844387,771.4165,771.132,771.033,770.832,771.2919999999999,321.9774364782175,398.523628219885,195.41579458926998,327.597796544585,284.14288175606,20.837608802083356,21.21074428763443,22.16969207217264,20.883074194444468,20.266098571908625,2.504,1.8958064516129032,1.9175,1.6159999999999997,1.9770967741935488,0.4986666666666668,0.3880645161290325,0.3892857142857145,0.3876666666666668,,1.6509999999999996,1.746451612903226,1.606428571428571,1.4406666666666663,1.7348387096774196,1.1783333333333337,0.7983870967741936,0.875357142857143,0.621,0.8277419354838713,1.1626666666666663,0.9561290322580646,0.8267857142857142,0.7500000000000002,,1.7566666666666668,1.1700000000000004,1.0028571428571431,0.9923333333333332,1.0570967741935482,,,,,,,,,,,0.6243333333333333,0.6077419354838712,0.4742857142857146,0.5660000000000001,0.5741935483870967,1.1446666666666667,1.1070967741935485,0.9503571428571428,0.9233333333333332,,0.8143333333333334,0.7590322580645161,0.6892857142857143,0.5760000000000001,0.7087096774193548,2.67,2.42,2.25,2.01,2.41,771.1938333333334,771.0734166666667,771.0499722222222,770.9901388888889,770.9718148148148,305.3056197624575,311.95258574267876,229.84260809930853,226.91480188882247,214.2830126311009,21.406015053963472,21.386702315157525,21.201886043956836,21.24350168283247,21.353021997277345,16.44446818690665,16.29209197995274,15.322005921722011,15.150104947518082,14.930851111548217,0.3992488166782822,0.33705137226770804,0.39742892108644995,0.43669273896113747,0.4857777122494894,-8.15094327083537,25.288958939717986,8.779944389795446,216.39995773770931,362.5325664237537,89.05443635765297,-0.22492676767683406,-0.27003558677535755
2013-06-01,771.238,2,20.784372116319467,13.698636114583357,21.0546254504925,1014.9753090625,-0.02271402163943753,0.8300530540599667,0.8303637753017137,1.599666666666667,0.4616666666666667,1.459,0.5990000000000002,1.0516666666666667,1.2043333333333337,,,0.5153333333333332,0.9703333333333332,0.5223333333333333,2.29,2013,6,1.2246467991473532e-16,-1.0,771.4416666666666,771.4165,771.132,770.936,771.3605,182.139098589865,321.9774364782175,398.523628219885,343.98898472423,79.8367263381775,20.806363748319917,20.837608802083356,21.21074428763443,21.200600554435507,20.45266551388891,1.9935483870967745,2.504,1.8958064516129032,1.7796774193548388,1.4059999999999997,0.4761290322580647,0.4986666666666668,0.3880645161290325,0.3880645161290323,,1.7403225806451612,1.6509999999999996,1.746451612903226,1.565483870967742,1.3783333333333332,0.8893548387096775,1.1783333333333337,0.7983870967741936,0.7348387096774194,0.603,1.1529032258064515,1.1626666666666663,0.9561290322580646,0.7880645161290323,,1.4429032258064516,1.7566666666666668,1.1700000000000004,1.2664516129032255,0.9333333333333332,,,,,,,,,,,0.5716129032258059,0.6243333333333333,0.6077419354838712,0.5664516129032258,0.5020000000000001,1.1054838709677424,1.1446666666666667,1.1070967741935485,0.9609677419354838,,0.6329032258064513,0.8143333333333334,0.7590322580645161,0.629032258064516,0.558,2.48,2.67,2.42,2.23,2.22,771.3300555555555,771.1750277777778,771.0624444444444,771.0030833333332,770.9737037037037,300.8800544293225,287.7094694168921,221.34229283545895,226.7008187416909,213.547602243345,20.9515722793459,21.373917240803433,21.24690814199111,21.230648651918493,21.33136592998904,16.500147750018694,16.240800526865076,15.301547094437067,15.155673215397227,14.927107291077043,0.43304420229492263,0.36768769108770893,0.40536404378131125,0.43172894564475683,0.4841784862925129,-38.802147858073866,83.38888185642494,-12.93056963786924,114.39617457151432,357.3969708925962,62.57966239844049,-0.3362777777776955,-0.3815771803093855
2013-07-01,771.074,1,20.961270337701635,12.599586337365613,8.8801980073125,1014.7179450184811,0.10395680677502184,0.8505020551181955,0.8568318174736121,1.4496774193548383,0.3083870967741935,1.4119354838709677,0.5064516129032259,0.9964516129032256,1.0951612903225805,,,0.4900000000000002,0.8987096774193546,0.466774193548387,2.13,2013,7,-0.4999999999999997,-0.8660254037844388,771.238,771.4416666666666,771.4165,771.091,771.106,21.0546254504925,182.139098589865,321.9774364782175,284.211873899885,22.80765775954,20.784372116319467,20.806363748319917,20.837608802083356,22.018493980174753,20.741092404233893,1.599666666666667,1.9935483870967745,2.504,1.976451612903226,1.3377419354838709,0.4616666666666667,0.4761290322580647,0.4986666666666668,0.3958064516129033,,1.459,1.7403225806451612,1.6509999999999996,1.5954838709677417,1.2051612903225808,0.5990000000000002,0.8893548387096775,1.1783333333333337,0.8893548387096775,0.5074193548387098,1.0516666666666667,1.1529032258064515,1.1626666666666663,0.8690322580645159,,1.2043333333333337,1.4429032258064516,1.7566666666666668,1.3258064516129031,0.6561290322580646,,,,,,,,,,,0.5153333333333332,0.5716129032258059,0.6243333333333333,0.5351612903225808,0.4477419354838712,0.9703333333333332,1.1054838709677424,1.1446666666666667,0.9706451612903224,,0.5223333333333333,0.6329032258064513,0.8143333333333334,0.7267741935483871,0.4935483870967744,2.29,2.48,2.67,2.28,1.99,771.3653888888889,771.225361111111,771.0522361111111,771.0153333333333,770.9705648148148,175.0570535061917,233.8870762046025,216.44378442815187,223.79858166195768,212.65914700061916,20.809448222240913,21.30454583445076,21.27455035886032,21.21504863860831,21.317977773594365,15.534711383755251,15.874839905617316,15.218206481589844,15.132444287590516,14.916410037942399,0.5552673866228174,0.45332660512092127,0.425409210262029,0.44154109279001835,0.4846058369617246,-19.05684216215424,-37.65283206844008,-60.455647654834465,55.61407368382932,287.74328097899865,30.595273660310497,-0.30963636363640035,-0.3447647584690839
2013-08-01,771.192,1,21.517241315524217,12.420952955309161,42.8196192006225,1013.5680200856855,0.1484051855288223,0.6888254438558887,0.7046308190784066,1.3487096774193552,0.2906451612903225,1.3435483870967737,0.4583870967741935,0.902258064516129,1.1112903225806452,,,0.4761290322580649,0.8490322580645162,0.4290322580645161,2.02,2013,8,-0.8660254037844385,-0.5000000000000004,771.074,771.238,771.4416666666666,771.033,770.9536666666667,8.8801980073125,21.0546254504925,182.139098589865,195.41579458926998,93.99828307941999,20.961270337701635,20.784372116319467,20.806363748319917,22.16969207217264,21.12887326948927,1.4496774193548383,1.599666666666667,1.9935483870967745,1.9175,1.2738709677419355,0.3083870967741935,0.4616666666666667,0.4761290322580647,0.3892857142857145,0.3133333333333333,1.4119354838709677,1.459,1.7403225806451612,1.606428571428571,1.1335483870967744,0.5064516129032259,0.5990000000000002,0.8893548387096775,0.875357142857143,0.4677419354838708,0.9964516129032256,1.0516666666666667,1.1529032258064515,0.8267857142857142,0.7126923076923076,1.0951612903225805,1.2043333333333337,1.4429032258064516,1.0028571428571431,0.8019354838709677,,,,,,,,,,,0.4900000000000002,0.5153333333333332,0.5716129032258059,0.4742857142857146,0.4448387096774194,0.8987096774193546,0.9703333333333332,1.1054838709677424,0.9503571428571428,0.8170833333333332,0.466774193548387,0.5223333333333333,0.6329032258064513,0.6892857142857143,0.4903225806451614,2.13,2.29,2.48,2.25,1.93,771.2512222222222,771.2225277777778,771.0495694444445,771.0212638888888,770.9702314814815,70.69130734922335,187.99846355584043,215.2831627821329,223.12643747389075,212.56299477557437,20.850668734113672,21.128341894038574,21.292898519982636,21.2182521384823,21.319513142377968,14.021802915770635,15.233135551338641,15.15281650105109,15.118069046215068,14.921411553912755,0.727590996639422,0.5634199066588522,0.435042255178624,0.44260989155838376,0.48085095433418146,-8.43506957120833,-66.00993329106348,-40.72097435134549,41.686613931601826,271.6118204653912,27.133793558697988,-0.07663131313131544,-0.0852036561026657
2013-09-01,771.187,1,21.76665507291669,14.395618390625023,190.6786856689975,1013.3006266493055,0.014033656638340233,0.22350792399625,0.22394806453228458,1.361666666666667,0.3883333333333335,1.5366666666666662,0.4500000000000002,0.8650000000000001,1.1416666666666666,,,0.5263333333333333,0.8729999999999998,0.4223333333333334,2.13,2013,9,-1.0,-1.8369701987210297e-16,771.192,771.074,771.238,771.132,770.7636666666667,42.8196192006225,8.8801980073125,21.0546254504925,398.523628219885,145.1789141485875,21.517241315524217,20.961270337701635,20.784372116319467,21.21074428763443,21.71015216666669,1.3487096774193552,1.4496774193548383,1.599666666666667,1.8958064516129032,1.283,0.2906451612903225,0.3083870967741935,0.4616666666666667,0.3880645161290325,0.3176666666666666,1.3435483870967737,1.4119354838709677,1.459,1.746451612903226,1.0886666666666664,0.4583870967741935,0.5064516129032259,0.5990000000000002,0.7983870967741936,0.4533333333333333,0.902258064516129,0.9964516129032256,1.0516666666666667,0.9561290322580646,0.7093333333333335,1.1112903225806452,1.0951612903225805,1.2043333333333337,1.1700000000000004,0.9143333333333332,,,,,,,,,,,0.4761290322580649,0.4900000000000002,0.5153333333333332,0.6077419354838712,0.4780000000000003,0.8490322580645162,0.8987096774193546,0.9703333333333332,1.1070967741935485,0.8596666666666669,0.4290322580645161,0.466774193548387,0.5223333333333333,0.7590322580645161,0.485,2.02,2.13,2.29,2.42,2.0,771.168,771.2490277777778,771.0694305555554,771.0328888888889,770.9779907407407,24.25148088614252,162.5657676577325,211.01827412556645,221.91371764630364,213.56010597886583,21.087627923181774,21.019600101263837,21.325262523818882,21.22045753239751,21.300015012337642,12.90639180241938,14.703269776219033,15.121225093401,15.073255080461259,14.964442363071207,0.7972754706179107,0.6151598364564168,0.45242284332281574,0.44691491823443713,0.46955020722848506,78.81999354001834,-66.29405959143644,17.094822264988508,-9.492049947195667,242.50654460330122,63.02979687719049,0.011406565656557177,0.012532335192502957
2013-10-01,771.1595,2,21.591201261760776,14.35263862903228,213.9293550760425,1012.925363516465,0.07999299194148184,0.3723655213134931,0.38086081476415956,1.5238709677419355,0.4019354838709679,1.4564516129032254,0.4535483870967742,0.758064516129032,1.1374193548387097,,,0.4722580645161291,0.8354838709677422,0.4596774193548386,2.21,2013,10,-0.8660254037844386,0.5000000000000001,771.187,771.192,771.074,771.4165,770.6833333333334,190.6786856689975,42.8196192006225,8.8801980073125,321.9774364782175,260.431319653845,21.76665507291669,21.517241315524217,20.961270337701635,20.837608802083356,21.803536710349483,1.361666666666667,1.3487096774193552,1.4496774193548383,2.504,1.4064516129032256,0.3883333333333335,0.2906451612903225,0.3083870967741935,0.4986666666666668,0.3387096774193547,1.5366666666666662,1.3435483870967737,1.4119354838709677,1.6509999999999996,1.238064516129032,0.4500000000000002,0.4583870967741935,0.5064516129032259,1.1783333333333337,0.4845161290322581,0.8650000000000001,0.902258064516129,0.9964516129032256,1.1626666666666663,0.7032258064516127,1.1416666666666666,1.1112903225806452,1.0951612903225805,1.7566666666666668,0.921290322580645,,,,,,,,,,,0.5263333333333333,0.4761290322580649,0.4900000000000002,0.6243333333333333,0.4870967741935484,0.8729999999999998,0.8490322580645162,0.8987096774193546,1.1446666666666667,0.8958064516129033,0.4223333333333334,0.4290322580645161,0.466774193548387,0.8143333333333334,0.5274193548387096,2.13,2.02,2.13,2.67,1.96,771.151,771.2581944444445,771.1047083333333,771.0549722222222,770.9861712962963,80.79283429231086,127.92494389925126,214.8099217522673,221.22030326876677,215.43465467107146,21.415055575380848,21.112251898810882,21.329971099339712,21.22913142555434,21.287538492565268,13.1387192277666,14.336715305760924,15.14528780260239,15.073517528811953,14.999090632361328,0.5951369003614343,0.575202143492126,0.4463210192870594,0.443031507161318,0.4625814651419943,-23.649178072130155,51.328081806655774,13.675249738215697,36.00772157321434,225.86459954241622,130.513549796593,0.1046764705881742,0.11994513852915233
2013-11-01,771.0135,2,21.31053995138891,15.147703022569468,285.1729391223825,1011.9403250434027,-0.09673845523356941,0.3371997199213368,0.3508019096812406,2.427666666666666,0.412,1.5683333333333331,0.5680000000000001,0.7446666666666668,1.5196666666666667,,,0.5716666666666667,0.8926666666666665,0.5526666666666669,2.23,2013,11,-0.5000000000000004,0.8660254037844384,771.1595,771.187,771.192,771.4416666666666,770.832,213.9293550760425,190.6786856689975,42.8196192006225,182.139098589865,327.597796544585,21.591201261760776,21.76665507291669,21.517241315524217,20.806363748319917,20.883074194444468,1.5238709677419355,1.361666666666667,1.3487096774193552,1.9935483870967745,1.6159999999999997,0.4019354838709679,0.3883333333333335,0.2906451612903225,0.4761290322580647,0.3876666666666668,1.4564516129032254,1.5366666666666662,1.3435483870967737,1.7403225806451612,1.4406666666666663,0.4535483870967742,0.4500000000000002,0.4583870967741935,0.8893548387096775,0.621,0.758064516129032,0.8650000000000001,0.902258064516129,1.1529032258064515,0.7500000000000002,1.1374193548387097,1.1416666666666666,1.1112903225806452,1.4429032258064516,0.9923333333333332,,,,,,,,,,,0.4722580645161291,0.5263333333333333,0.4761290322580649,0.5716129032258059,0.5660000000000001,0.8354838709677422,0.8729999999999998,0.8490322580645162,1.1054838709677424,0.9233333333333332,0.4596774193548386,0.4223333333333334,0.4290322580645161,0.6329032258064513,0.5760000000000001,2.21,2.13,2.02,2.48,2.01,771.1795000000001,771.2153611111112,771.1443888888889,771.0790138888889,770.9947546296296,149.14255331522085,109.91693033222208,210.93475803745045,217.58407846205844,216.38689184612107,21.62503255006723,21.23785064209045,21.31227647862399,21.248329556854742,21.260071201225287,13.72306999165549,13.872436453713059,15.082264216832899,15.04630763157853,15.00409439449544,0.43647989945828347,0.5820354480488529,0.4595434101582805,0.4454391875505716,0.4650535406545429,-28.865286665373162,46.73574589667986,-19.274187394383617,-10.494243004588142,138.5952041814162,164.79408809837798,-0.06744117647053827,-0.07718068590737998
2013-12-01,771.183,3,20.825482955309162,16.138334371639807,387.0481850747425,1013.3499771841398,-0.08969856766452351,0.2483426991450067,0.26404531667820663,2.414516129032258,0.4703225806451613,2.068387096774193,0.8958064516129031,0.8170967741935483,1.6003225806451613,,,0.6238709677419357,0.9719354838709676,0.812258064516129,2.28,2013,12,-2.4492935982947064e-16,1.0,771.0135,771.1595,771.187,771.238,770.936,285.1729391223825,213.9293550760425,190.6786856689975,21.0546254504925,343.98898472423,21.31053995138891,21.591201261760776,21.76665507291669,20.784372116319467,21.200600554435507,2.427666666666666,1.5238709677419355,1.361666666666667,1.599666666666667,1.7796774193548388,0.412,0.4019354838709679,0.3883333333333335,0.4616666666666667,0.3880645161290323,1.5683333333333331,1.4564516129032254,1.5366666666666662,1.459,1.565483870967742,0.5680000000000001,0.4535483870967742,0.4500000000000002,0.5990000000000002,0.7348387096774194,0.7446666666666668,0.758064516129032,0.8650000000000001,1.0516666666666667,0.7880645161290323,1.5196666666666667,1.1374193548387097,1.1416666666666666,1.2043333333333337,1.2664516129032255,,,,,,,,,,,0.5716666666666667,0.4722580645161291,0.5263333333333333,0.5153333333333332,0.5664516129032258,0.8926666666666665,0.8354838709677422,0.8729999999999998,0.9703333333333332,0.9609677419354838,0.5526666666666669,0.4596774193548386,0.4223333333333334,0.5223333333333333,0.629032258064516,2.23,2.21,2.13,2.29,2.23,771.12,771.1440000000001,771.1595138888889,771.0879097222222,771.0040046296295,229.92699328914082,127.08923708764166,207.39935325226688,215.25155125535957,215.5956641847982,21.556132095355462,21.321880009268614,21.347898625036024,21.262870533272565,21.24832344032637,14.631986680742258,13.769189241580818,15.004994884222945,15.024340445814639,14.999305042884714,0.31853692965922814,0.5579062001385695,0.46279694561313917,0.44392908456319385,0.4646525247931172,51.78213050940383,26.305528802515028,-39.98853078892141,-52.91910042679062,82.61455122064368,136.3098922907555,-0.038176470588268785,-0.04383179401760043
2014-01-01,771.3433333333332,3,21.64044263944895,15.928639727822603,296.406865205885,1012.7835970850134,-0.0332541516618491,0.34460395925394827,0.34620474770899096,2.507096774193548,,2.095483870967742,1.0970967741935482,1.0767741935483874,1.5006451612903224,,,,1.0748387096774197,0.7761290322580645,2.53,2014,1,0.49999999999999994,0.8660254037844387,771.183,771.0135,771.1595,771.074,771.091,387.0481850747425,285.1729391223825,213.9293550760425,8.8801980073125,284.211873899885,20.825482955309162,21.31053995138891,21.591201261760776,20.961270337701635,22.018493980174753,2.414516129032258,2.427666666666666,1.5238709677419355,1.4496774193548383,1.976451612903226,0.4703225806451613,0.412,0.4019354838709679,0.3083870967741935,0.3958064516129033,2.068387096774193,1.5683333333333331,1.4564516129032254,1.4119354838709677,1.5954838709677417,0.8958064516129031,0.5680000000000001,0.4535483870967742,0.5064516129032259,0.8893548387096775,0.8170967741935483,0.7446666666666668,0.758064516129032,0.9964516129032256,0.8690322580645159,1.6003225806451613,1.5196666666666667,1.1374193548387097,1.0951612903225805,1.3258064516129031,,,,,,,,,,,0.6238709677419357,0.5716666666666667,0.4722580645161291,0.4900000000000002,0.5351612903225808,0.9719354838709676,0.8926666666666665,0.8354838709677422,0.8987096774193546,0.9706451612903224,0.812258064516129,0.5526666666666669,0.4596774193548386,0.466774193548387,0.7267741935483871,2.28,2.23,2.21,2.13,2.28,771.1186666666667,771.1348333333334,771.1800972222222,771.1008472222223,771.020263888889,295.38349309105587,188.08816369168335,210.9876199481429,215.86512892987332,218.33879080996888,21.24240805615295,21.328731815766897,21.31663882510883,21.26099116443296,21.239728741438974,15.212892007747186,14.175805617756891,15.025322761687102,15.02276704002667,15.012561155349244,0.33190268037453546,0.463519790367985,0.4584231977444531,0.4433560728210715,0.4614127621872101,-26.596524159643195,-0.7323342280994893,50.595747578556285,-9.859900076278151,97.34041540897366,235.06245079690046,-0.004933823529427173,-0.005437596923004816
2014-02-01,771.2936666666666,3,21.59850486979169,15.833594806547643,218.56260303023,1011.830125641741,0.05092691250195105,0.24202265061301154,0.24732269169392693,2.503214285714286,,2.1228571428571423,0.9917857142857142,1.1114285714285714,1.2596428571428573,,,,1.0510714285714289,0.7585714285714287,2.45,2014,2,0.8660254037844386,0.5000000000000001,771.3433333333332,771.183,771.0135,771.192,771.033,296.406865205885,387.0481850747425,285.1729391223825,42.8196192006225,195.41579458926998,21.64044263944895,20.825482955309162,21.31053995138891,21.517241315524217,22.16969207217264,2.507096774193548,2.414516129032258,2.427666666666666,1.3487096774193552,1.9175,,0.4703225806451613,0.412,0.2906451612903225,0.3892857142857145,2.095483870967742,2.068387096774193,1.5683333333333331,1.3435483870967737,1.606428571428571,1.0970967741935482,0.8958064516129031,0.5680000000000001,0.4583870967741935,0.875357142857143,1.0767741935483874,0.8170967741935483,0.7446666666666668,0.902258064516129,0.8267857142857142,1.5006451612903224,1.6003225806451613,1.5196666666666667,1.1112903225806452,1.0028571428571431,,,,,,,,,,,,0.6238709677419357,0.5716666666666667,0.4761290322580649,0.4742857142857146,1.0748387096774197,0.9719354838709676,0.8926666666666665,0.8490322580645162,0.9503571428571428,0.7761290322580645,0.812258064516129,0.5526666666666669,0.4290322580645161,0.6892857142857143,2.53,2.28,2.23,2.02,2.25,771.1799444444445,771.1797222222223,771.201125,771.1182569444445,771.0410231481482,322.87599646767006,236.00927489144544,212.00386922364294,217.26330240479365,217.7414363792461,21.258821848715673,21.441927199391447,21.28513454671501,21.251359954055495,21.25071435883182,15.738225707343963,14.730647849499723,14.981891700419183,15.044172687148086,15.022989853312582,0.3203506580228126,0.37841527874054814,0.4709175926997002,0.4437320282557242,0.45846607148871027,-43.1040577465823,-3.6796803156125293,43.05606558106733,2.3350912297218684,130.89657880706116,213.55769129088048,-0.13981617647073108,-0.15510363521957224
2014-03-01,771.407,3,21.833384228830667,15.897988052755398,290.99136585041504,1012.5035147933468,-0.11967755405725974,0.5553813238253428,0.5681295026656498,2.3522580645161293,,1.6548387096774195,0.9199999999999996,1.1654838709677418,1.4799999999999998,,,,1.0887096774193543,0.7625806451612902,2.43,2014,3,1.0,6.123233995736766e-17,771.2936666666666,771.3433333333332,771.183,771.187,771.132,218.56260303023,296.406865205885,387.0481850747425,190.6786856689975,398.523628219885,21.59850486979169,21.64044263944895,20.825482955309162,21.76665507291669,21.21074428763443,2.503214285714286,2.507096774193548,2.414516129032258,1.361666666666667,1.8958064516129032,,,0.4703225806451613,0.3883333333333335,0.3880645161290325,2.1228571428571423,2.095483870967742,2.068387096774193,1.5366666666666662,1.746451612903226,0.9917857142857142,1.0970967741935482,0.8958064516129031,0.4500000000000002,0.7983870967741936,1.1114285714285714,1.0767741935483874,0.8170967741935483,0.8650000000000001,0.9561290322580646,1.2596428571428573,1.5006451612903224,1.6003225806451613,1.1416666666666666,1.1700000000000004,,,,,,,,,,,,,0.6238709677419357,0.5263333333333333,0.6077419354838712,1.0510714285714289,1.0748387096774197,0.9719354838709676,0.8729999999999998,1.1070967741935485,0.7585714285714287,0.7761290322580645,0.812258064516129,0.4223333333333334,0.7590322580645161,2.45,2.53,2.28,2.13,2.42,771.2733333333332,771.1966666666667,771.2228472222222,771.1271319444445,771.0557916666667,300.6725511036192,265.29977219638005,213.93276992705626,216.4763435267928,217.7191591465961,21.354810154849933,21.455471125102694,21.237535613183265,21.249497733966,21.249809253683424,15.966856302003352,15.299421491372804,15.001345633795916,15.095722645487832,15.034056095820436,0.2858575853603747,0.30219725750980153,0.4586785469831092,0.4336679457731855,0.4522831271796972,-25.29269630267879,-17.918451396821666,8.387077405693361,25.481899670681898,112.00956573504118,212.7557109154805,-0.08910784313718523,-0.09915643643855991
2014-04-01,771.461,2,21.345291343750024,15.793149411458357,312.2188448562325,1013.542799609375,-0.37298039311373266,0.6231132078981076,0.7262123955870933,2.452666666666666,,1.936,0.9370000000000004,1.1683333333333334,1.4303333333333337,,,,1.0799999999999998,0.714,2.55,2014,4,0.8660254037844387,-0.4999999999999998,771.407,771.2936666666666,771.3433333333332,771.1595,771.4165,290.99136585041504,218.56260303023,296.406865205885,213.9293550760425,321.9774364782175,21.833384228830667,21.59850486979169,21.64044263944895,21.591201261760776,20.837608802083356,2.3522580645161293,2.503214285714286,2.507096774193548,1.5238709677419355,2.504,,,,0.4019354838709679,0.4986666666666668,1.6548387096774195,2.1228571428571423,2.095483870967742,1.4564516129032254,1.6509999999999996,0.9199999999999996,0.9917857142857142,1.0970967741935482,0.4535483870967742,1.1783333333333337,1.1654838709677418,1.1114285714285714,1.0767741935483874,0.758064516129032,1.1626666666666663,1.4799999999999998,1.2596428571428573,1.5006451612903224,1.1374193548387097,1.7566666666666668,,,,,,,,,,,,,,0.4722580645161291,0.6243333333333333,1.0887096774193543,1.0510714285714289,1.0748387096774197,0.8354838709677422,1.1446666666666667,0.7625806451612902,0.7585714285714287,0.7761290322580645,0.4596774193548386,0.8143333333333334,2.43,2.45,2.53,2.21,2.67,771.348,771.2333333333332,771.245763888889,771.1401180555555,771.0692361111111,268.6536113621767,282.01855222661624,204.97174806293378,217.72850423712853,218.65750843743132,21.69077724602377,21.466592651088362,21.28942227494962,21.245336154244892,21.26341916463772,15.886740862375218,15.549816435061201,14.943265870411063,15.109094149394084,15.03881684692184,0.3872189806895225,0.35956083053202903,0.46738148701207755,0.4360972880042868,0.45499401585630506,-0.45833256151581736,-94.99327820890429,-95.72561243700378,-82.05036269878805,142.0614227830987,246.53628538554807,-0.2003602941176723,-0.22993531302651335
2014-05-01,771.41525,4,21.6932645043683,14.847517589045722,115.41885136256249,1013.7064113827284,-0.3115199713528545,0.7394251054421153,0.8023678577247263,1.8745161290322585,,1.5064516129032255,0.67,1.0683870967741935,1.2183870967741932,,,,0.95516129032258,0.4341935483870969,2.34,2014,5,0.49999999999999994,-0.8660254037844387,771.461,771.407,771.2936666666666,771.0135,771.4416666666666,312.2188448562325,290.99136585041504,218.56260303023,285.1729391223825,182.139098589865,21.345291343750024,21.833384228830667,21.59850486979169,21.31053995138891,20.806363748319917,2.452666666666666,2.3522580645161293,2.503214285714286,2.427666666666666,1.9935483870967745,,,,0.412,0.4761290322580647,1.936,1.6548387096774195,2.1228571428571423,1.5683333333333331,1.7403225806451612,0.9370000000000004,0.9199999999999996,0.9917857142857142,0.5680000000000001,0.8893548387096775,1.1683333333333334,1.1654838709677418,1.1114285714285714,0.7446666666666668,1.1529032258064515,1.4303333333333337,1.4799999999999998,1.2596428571428573,1.5196666666666667,1.4429032258064516,,,,,,,,,,,,,,0.5716666666666667,0.5716129032258059,1.0799999999999998,1.0887096774193543,1.0510714285714289,0.8926666666666665,1.1054838709677424,0.714,0.7625806451612902,0.7585714285714287,0.5526666666666669,0.6329032258064513,2.55,2.43,2.45,2.23,2.48,771.3872222222221,771.2835833333334,771.2494722222223,771.1497222222221,771.0765833333332,273.9242712456259,298.4001338566479,204.15853209443503,217.00057009687177,219.32937862402665,21.592393480790793,21.425607664753233,21.331729153421843,21.26680759868934,21.272910839695598,15.841577423587134,15.789901565465547,14.831169009589303,15.076587465655658,15.04379296820849,0.5138881966488899,0.41711942733585133,0.4995774376923521,0.44850317938940104,0.45765430520487566,-74.87119049813788,-68.85508661077691,-72.53476692638944,-91.80895432077303,124.59100341693625,270.7236121029806,-0.25134343434342554,-0.30175008726651786
2014-06-01,771.429,3,21.470422522569468,14.454995996527801,61.800837488555004,1014.9034884201388,-0.13270403518733337,0.6881417927535833,0.700820581810435,1.7546666666666664,,1.3299999999999998,0.5776666666666668,0.9893333333333332,1.1880000000000002,,,,0.9119999999999996,0.3573333333333334,2.16,2014,6,1.2246467991473532e-16,-1.0,771.41525,771.461,771.407,771.183,771.238,115.41885136256249,312.2188448562325,290.99136585041504,387.0481850747425,21.0546254504925,21.6932645043683,21.345291343750024,21.833384228830667,20.825482955309162,20.784372116319467,1.8745161290322585,2.452666666666666,2.3522580645161293,2.414516129032258,1.599666666666667,,,,0.4703225806451613,0.4616666666666667,1.5064516129032255,1.936,1.6548387096774195,2.068387096774193,1.459,0.67,0.9370000000000004,0.9199999999999996,0.8958064516129031,0.5990000000000002,1.0683870967741935,1.1683333333333334,1.1654838709677418,0.8170967741935483,1.0516666666666667,1.2183870967741932,1.4303333333333337,1.4799999999999998,1.6003225806451613,1.2043333333333337,,,,,,,,,,,,,,0.6238709677419357,0.5153333333333332,0.95516129032258,1.0799999999999998,1.0887096774193543,0.9719354838709676,0.9703333333333332,0.4341935483870969,0.714,0.7625806451612902,0.812258064516129,0.5223333333333333,2.34,2.55,2.43,2.28,2.29,771.42775,771.3505416666667,771.2472708333333,771.154857638889,771.0844791666666,239.54302068973672,270.10778589667797,198.5985114921598,209.97040216380935,217.3333829918472,21.62398002564966,21.4893950902498,21.405637549759206,21.32627284587516,21.288978284532064,15.512885017753161,15.739870659878255,14.754529950729534,15.028038522583302,15.02195879384133,0.6989032519924896,0.4923804186764323,0.525143309407501,0.46525367659440614,0.4628670668990049,1.9440641799886365,-100.62221936233249,-118.54067075915415,-158.52920154807555,-44.13302697656124,198.86776934452058,-0.14527777777777828,-0.16484789798600538
2014-07-01,771.3340000000001,2,21.56037773857529,12.758638145161314,19.715607191895,1015.9161042002688,-0.003740064542520169,0.8766391509412097,0.8766471291492988,1.503548387096774,,1.1948387096774191,0.4864516129032261,0.9870967741935484,1.1503225806451611,,,,0.8261290322580647,0.2809677419354839,2.09,2014,7,-0.4999999999999997,-0.8660254037844388,771.429,771.41525,771.461,771.3433333333332,771.074,61.800837488555004,115.41885136256249,312.2188448562325,296.406865205885,8.8801980073125,21.470422522569468,21.6932645043683,21.345291343750024,21.64044263944895,20.961270337701635,1.7546666666666664,1.8745161290322585,2.452666666666666,2.507096774193548,1.4496774193548383,,,,,0.3083870967741935,1.3299999999999998,1.5064516129032255,1.936,2.095483870967742,1.4119354838709677,0.5776666666666668,0.67,0.9370000000000004,1.0970967741935482,0.5064516129032259,0.9893333333333332,1.0683870967741935,1.1683333333333334,1.0767741935483874,0.9964516129032256,1.1880000000000002,1.2183870967741932,1.4303333333333337,1.5006451612903224,1.0951612903225805,,,,,,,,,,,,,,,0.4900000000000002,0.9119999999999996,0.95516129032258,1.0799999999999998,1.0748387096774197,0.8987096774193546,0.3573333333333334,0.4341935483870969,0.714,0.7761290322580645,0.466774193548387,2.16,2.34,2.55,2.53,2.13,771.4350833333333,771.3915416666667,771.2631875000001,771.1577118055556,771.0979513888889,163.14617790245003,215.89989463231336,201.99402916199836,209.21890679507513,216.53039749530458,21.50299279022926,21.596885018126514,21.46280841694671,21.368679387903516,21.297635231387773,15.031887665677296,15.459314264026254,14.817559940891575,15.017883211240708,15.027482838690869,0.743133611707418,0.5651762961984703,0.5143480432832277,0.46987862677262826,0.46581007628775484,-8.221432977571741,-73.38545887966507,-168.37873708856935,-117.78298951001304,-62.16891582618373,169.96029146898562,-0.049636363636295755,-0.05526763303694658
2014-08-01,771.1236666666667,3,21.637152043010776,13.812878951612925,125.14120352939999,1014.4004589801747,0.05199251909304936,0.4441235652209696,0.4471565310114859,1.4306451612903222,,1.1216129032258064,0.4861290322580648,0.9980645161290328,1.1548387096774193,,,,0.8145161290322581,0.2551612903225806,2.0,2014,8,-0.8660254037844385,-0.5000000000000004,771.3340000000001,771.429,771.41525,771.2936666666666,771.192,19.715607191895,61.800837488555004,115.41885136256249,218.56260303023,42.8196192006225,21.56037773857529,21.470422522569468,21.6932645043683,21.59850486979169,21.517241315524217,1.503548387096774,1.7546666666666664,1.8745161290322585,2.503214285714286,1.3487096774193552,,,,,0.2906451612903225,1.1948387096774191,1.3299999999999998,1.5064516129032255,2.1228571428571423,1.3435483870967737,0.4864516129032261,0.5776666666666668,0.67,0.9917857142857142,0.4583870967741935,0.9870967741935484,0.9893333333333332,1.0683870967741935,1.1114285714285714,0.902258064516129,1.1503225806451611,1.1880000000000002,1.2183870967741932,1.2596428571428573,1.1112903225806452,,,,,,,,,,,,,,,0.4761290322580649,0.8261290322580647,0.9119999999999996,0.95516129032258,1.0510714285714289,0.8490322580645162,0.2809677419354839,0.3573333333333334,0.4341935483870969,0.7585714285714287,0.4290322580645161,2.09,2.16,2.34,2.45,2.02,771.39275,771.3899861111112,771.2848541666666,771.1672118055554,771.1091273148147,65.6450986810042,169.78468496331502,202.89697992738022,209.09007135475656,216.3832849583872,21.574688255171022,21.583540867980904,21.512734033686176,21.402816276834404,21.316412770216928,14.020383910244947,14.930980666916037,14.830814258207882,14.991815379629486,15.022317450212674,0.7932785228948199,0.653583359771855,0.5159993192562016,0.4755207872174128,0.467073034124323,73.88651475756916,-81.14855929572099,-150.0036459064979,-106.94758032543054,-65.26096639382874,164.6642401399606,-0.14496464646458662,-0.16118108094073225
2014-09-01,770.9793333333333,3,21.678561406250022,14.10859880555558,163.8209819370525,1013.7610944791668,-0.13888098421194445,0.3947210309321059,0.4184407007400008,,,1.3943333333333328,0.437,1.0133333333333334,1.1883333333333332,,,,0.8463333333333334,0.256,2.16,2014,9,-1.0,-1.8369701987210297e-16,771.1236666666667,771.3340000000001,771.429,771.407,771.187,125.14120352939999,19.715607191895,61.800837488555004,290.99136585041504,190.6786856689975,21.637152043010776,21.56037773857529,21.470422522569468,21.833384228830667,21.76665507291669,1.4306451612903222,1.503548387096774,1.7546666666666664,2.3522580645161293,1.361666666666667,,,,,0.3883333333333335,1.1216129032258064,1.1948387096774191,1.3299999999999998,1.6548387096774195,1.5366666666666662,0.4861290322580648,0.4864516129032261,0.5776666666666668,0.9199999999999996,0.4500000000000002,0.9980645161290328,0.9870967741935484,0.9893333333333332,1.1654838709677418,0.8650000000000001,1.1548387096774193,1.1503225806451611,1.1880000000000002,1.4799999999999998,1.1416666666666666,,,,,,,,,,,,,,,0.5263333333333333,0.8145161290322581,0.8261290322580647,0.9119999999999996,1.0887096774193543,0.8729999999999998,0.2551612903225806,0.2809677419354839,0.3573333333333334,0.7625806451612902,0.4223333333333334,2.0,2.09,2.16,2.43,2.13,771.2955555555556,771.3616527777777,771.2791597222223,771.1742951388889,771.1149791666667,68.8858827366167,154.21445171317666,209.75711195477837,210.38769304017242,217.86151574912856,21.555984101385178,21.58998206351742,21.522726594310058,21.423994559064468,21.321213886368362,13.675504364434014,14.594194691093586,14.946808091233194,15.034016592317096,15.031106084051904,0.6748747473237398,0.6868889996581148,0.49454312858395827,0.47348298595338695,0.4627909883509441,51.962289808073336,67.60914595998605,-33.013073402346436,-24.625995996653046,-34.11804594384874,217.88054860664812,-0.19626010101012525,-0.21562996653242897
2014-10-01,770.8969999999999,2,21.792222442876366,15.197162525201636,240.027010445795,1012.7858643649193,-0.11239441514929756,0.3273784477918229,0.34613458745889,1.5696774193548384,,1.4380645161290324,0.5258064516129033,1.0135483870967743,1.340322580645162,,,,0.9577419354838708,0.4080645161290323,2.38,2014,10,-0.8660254037844386,0.5000000000000001,770.9793333333333,771.1236666666667,771.3340000000001,771.461,771.1595,163.8209819370525,125.14120352939999,19.715607191895,312.2188448562325,213.9293550760425,21.678561406250022,21.637152043010776,21.56037773857529,21.345291343750024,21.591201261760776,,1.4306451612903222,1.503548387096774,2.452666666666666,1.5238709677419355,,,,,0.4019354838709679,1.3943333333333328,1.1216129032258064,1.1948387096774191,1.936,1.4564516129032254,0.437,0.4861290322580648,0.4864516129032261,0.9370000000000004,0.4535483870967742,1.0133333333333334,0.9980645161290328,0.9870967741935484,1.1683333333333334,0.758064516129032,1.1883333333333332,1.1548387096774193,1.1503225806451611,1.4303333333333337,1.1374193548387097,,,,,,,,,,,,,,,0.4722580645161291,0.8463333333333334,0.8145161290322581,0.8261290322580647,1.0799999999999998,0.8354838709677422,0.256,0.2551612903225806,0.2809677419354839,0.714,0.4596774193548386,2.16,2.0,2.09,2.55,2.21,771.1456666666667,771.290375,771.2618541666667,771.18328125,771.1239328703703,102.89259755278253,133.01938772761625,207.51896997711626,211.16444586469177,216.65319217154993,21.6253637292787,21.564178259753984,21.51538545542117,21.42267827738044,21.32454943550995,13.560038634109944,14.295963149893616,14.922889792477408,15.034088797539896,15.023308283367108,0.5807481203002617,0.6619408660038401,0.5107508482679345,0.478535933777497,0.46560462086352344,2.448477297622361,117.62737158807076,44.24191270840569,-51.483699728598054,-15.475978155383743,174.38089981381808,-0.15782352941187128,-0.1808445106345158
2014-11-01,770.9685,2,21.336745394097242,15.830493756944467,268.13274610445,1012.6833151302084,-0.14144585915346686,0.295794211469179,0.3278736747748068,1.482,,1.3090000000000002,0.4703333333333335,1.096666666666667,1.2959999999999998,,,,0.9313333333333332,0.4610000000000001,2.18,2014,11,-0.5000000000000004,0.8660254037844384,770.8969999999999,770.9793333333333,771.1236666666667,771.41525,771.0135,240.027010445795,163.8209819370525,125.14120352939999,115.41885136256249,285.1729391223825,21.792222442876366,21.678561406250022,21.637152043010776,21.6932645043683,21.31053995138891,1.5696774193548384,,1.4306451612903222,1.8745161290322585,2.427666666666666,,,,,0.412,1.4380645161290324,1.3943333333333328,1.1216129032258064,1.5064516129032255,1.5683333333333331,0.5258064516129033,0.437,0.4861290322580648,0.67,0.5680000000000001,1.0135483870967743,1.0133333333333334,0.9980645161290328,1.0683870967741935,0.7446666666666668,1.340322580645162,1.1883333333333332,1.1548387096774193,1.2183870967741932,1.5196666666666667,,,,,,,,,,,,,,,0.5716666666666667,0.9577419354838708,0.8463333333333334,0.8145161290322581,0.95516129032258,0.8926666666666665,0.4080645161290323,0.256,0.2551612903225806,0.4341935483870969,0.5526666666666669,2.38,2.16,2.0,2.34,2.23,771.0,771.196375,771.2399791666667,771.1921840277778,771.1326689814815,176.3297319707492,120.98741532587667,209.69377459126227,210.31426631435636,214.95397717179307,21.702645297379053,21.638666776275034,21.532137220514134,21.42220684956906,21.342932111407872,14.372880094123383,14.196632002184161,14.993266783824856,15.037765500328875,15.028627348993972,0.40391060640345877,0.5985945646491395,0.5078569959924953,0.4837002030753879,0.46624512369787957,-45.90547968330566,128.29728186326486,47.14872256754387,-25.38604435884554,-35.88028736343371,113.20915982257058,-0.11244117647061103,-0.12867935552734064
2014-12-01,771.154,2,21.28898735215056,16.431956357526904,359.6853017335125,1013.3325080729167,-0.06033974102014919,0.23305544330134054,0.24073995098189047,1.5683870967741935,,1.4471999999999996,0.5712903225806452,1.2796774193548386,1.3361290322580643,,,,1.0948387096774197,0.5896774193548387,2.38,2014,12,-2.4492935982947064e-16,1.0,770.9685,770.8969999999999,770.9793333333333,771.429,771.183,268.13274610445,240.027010445795,163.8209819370525,61.800837488555004,387.0481850747425,21.336745394097242,21.792222442876366,21.678561406250022,21.470422522569468,20.825482955309162,1.482,1.5696774193548384,,1.7546666666666664,2.414516129032258,,,,,0.4703225806451613,1.3090000000000002,1.4380645161290324,1.3943333333333328,1.3299999999999998,2.068387096774193,0.4703333333333335,0.5258064516129033,0.437,0.5776666666666668,0.8958064516129031,1.096666666666667,1.0135483870967743,1.0133333333333334,0.9893333333333332,0.8170967741935483,1.2959999999999998,1.340322580645162,1.1883333333333332,1.1880000000000002,1.6003225806451613,,,,,,,,,,,,,,,0.6238709677419357,0.9313333333333332,0.9577419354838708,0.8463333333333334,0.9119999999999996,0.9719354838709676,0.4610000000000001,0.4080645161290323,0.256,0.3573333333333334,0.812258064516129,2.18,2.38,2.16,2.16,2.28,770.9482777777777,771.1219166666666,771.2362291666667,771.1978715277777,771.1373495370369,223.99357949576589,146.43973111619127,208.27375850643458,207.83655587935075,212.92562033905128,21.60250974774121,21.579246924563193,21.534321007406493,21.44110981622126,21.353354024650542,15.045418362567231,14.36046136350062,15.05016601168944,15.02758044795619,15.032948967772906,0.36414965432456575,0.5195122008241528,0.5059463097502926,0.4843716276817159,0.4646014929588934,24.419247168173854,8.50528742239004,76.11443338237609,-42.42623737677803,-95.34533780356868,40.1883138438656,-0.06717647058826515,-0.07712774848702314
2015-01-01,771.322,1,21.42707967741938,16.029824650537655,301.606655174535,1013.6159810819893,0.21183415405477485,0.17603714277840052,0.27543199607468455,,,1.3874193548387097,0.7280645161290323,1.2164516129032257,1.389677419354839,,,,1.053548387096774,0.5929032258064516,2.44,2015,1,0.49999999999999994,0.8660254037844387,771.154,770.9685,770.8969999999999,771.3340000000001,771.3433333333332,359.6853017335125,268.13274610445,240.027010445795,19.715607191895,296.406865205885,21.28898735215056,21.336745394097242,21.792222442876366,21.56037773857529,21.64044263944895,1.5683870967741935,1.482,1.5696774193548384,1.503548387096774,2.507096774193548,,,,,,1.4471999999999996,1.3090000000000002,1.4380645161290324,1.1948387096774191,2.095483870967742,0.5712903225806452,0.4703333333333335,0.5258064516129033,0.4864516129032261,1.0970967741935482,1.2796774193548386,1.096666666666667,1.0135483870967743,0.9870967741935484,1.0767741935483874,1.3361290322580643,1.2959999999999998,1.340322580645162,1.1503225806451611,1.5006451612903224,,,,,,,,,,,,,,,,1.0948387096774197,0.9313333333333332,0.9577419354838708,0.8261290322580647,1.0748387096774197,0.5896774193548387,0.4610000000000001,0.4080645161290323,0.2809677419354839,0.7761290322580645,2.38,2.18,2.38,2.09,2.53,771.0065,771.0760833333334,771.2338125,771.2069548611112,771.1451689814816,289.2816860945859,196.08714182368416,205.99351822799875,208.49056908807086,212.5745920292485,21.47265172970806,21.549007729493372,21.572946373809945,21.44479259945939,21.364976234225292,15.819870879891004,14.689954757000471,15.074634510513363,15.049978636100233,15.040056196855566,0.3049160710718623,0.4428320956860621,0.5040041959422662,0.48121369684335963,0.4635721138614697,-21.396734190993243,-19.037755217509442,98.58961637056132,-69.78912071800801,-79.64902079428619,27.551294690965605,-0.02626715686267289,-0.028949193354943087
2015-02-01,771.2594999999999,2,21.77874479166669,16.097076595982166,256.6081878788525,1012.1436686848958,-0.006841023968387268,0.29927056107503347,0.2993487403265653,,,1.343928571428571,0.8103571428571429,1.2771428571428574,1.4621428571428567,,,,1.0060714285714287,0.6417857142857143,2.26,2015,2,0.8660254037844386,0.5000000000000001,771.322,771.154,770.9685,771.1236666666667,771.2936666666666,301.606655174535,359.6853017335125,268.13274610445,125.14120352939999,218.56260303023,21.42707967741938,21.28898735215056,21.336745394097242,21.637152043010776,21.59850486979169,,1.5683870967741935,1.482,1.4306451612903222,2.503214285714286,,,,,,1.3874193548387097,1.4471999999999996,1.3090000000000002,1.1216129032258064,2.1228571428571423,0.7280645161290323,0.5712903225806452,0.4703333333333335,0.4861290322580648,0.9917857142857142,1.2164516129032257,1.2796774193548386,1.096666666666667,0.9980645161290328,1.1114285714285714,1.389677419354839,1.3361290322580643,1.2959999999999998,1.1548387096774193,1.2596428571428573,,,,,,,,,,,,,,,,1.053548387096774,1.0948387096774197,0.9313333333333332,0.8145161290322581,1.0510714285714289,0.5929032258064516,0.5896774193548387,0.4610000000000001,0.2551612903225806,0.7585714285714287,2.44,2.38,2.18,2.0,2.45,771.1481666666667,771.0740833333333,771.2320347222222,771.2165798611112,771.1561828703703,309.80823433749924,243.0689831541242,206.42683405871958,209.21535164118123,213.65114628943562,21.350937474555725,21.52679138596739,21.555166126974147,21.420150336844582,21.35262867836171,16.097424921669678,15.23515250789653,15.083066587406284,15.032479143912733,15.057137320567485,0.2813485406104605,0.3426295735069598,0.49810646663940733,0.4845120296695538,0.4618568410502852,-5.058472897959803,-42.882966706125046,85.41431515713981,-64.58933074935806,-62.254239519636215,66.30724805770306,-0.17398284313742352,-0.19300607495943128
2015-03-01,771.203,2,21.69003101982529,16.506425324260775,298.54226112479,1012.4962470010081,-0.06079519963050472,0.48166316044322915,0.4854847643606057,,,2.254516129032258,0.8874193548387097,1.357096774193548,1.4316129032258065,,,,0.9732258064516128,0.8293548387096775,2.41,2015,3,1.0,6.123233995736766e-17,771.2594999999999,771.322,771.154,770.9793333333333,771.407,256.6081878788525,301.606655174535,359.6853017335125,163.8209819370525,290.99136585041504,21.77874479166669,21.42707967741938,21.28898735215056,21.678561406250022,21.833384228830667,,,1.5683870967741935,,2.3522580645161293,,,,,,1.343928571428571,1.3874193548387097,1.4471999999999996,1.3943333333333328,1.6548387096774195,0.8103571428571429,0.7280645161290323,0.5712903225806452,0.437,0.9199999999999996,1.2771428571428574,1.2164516129032257,1.2796774193548386,1.0133333333333334,1.1654838709677418,1.4621428571428567,1.389677419354839,1.3361290322580643,1.1883333333333332,1.4799999999999998,,,,,,,,,,,,,,,,1.0060714285714287,1.053548387096774,1.0948387096774197,0.8463333333333334,1.0887096774193543,0.6417857142857143,0.5929032258064516,0.5896774193548387,0.256,0.7625806451612902,2.26,2.44,2.38,2.16,2.43,771.2451666666666,771.0967222222222,771.2291875000001,771.2260173611112,771.1611504629631,305.9667149289667,264.98014721236626,209.59729946277147,211.76503469491385,214.18332883878568,21.498270607078876,21.55039017741004,21.57018612046373,21.403860866823496,21.356393862798573,16.186285868015577,15.615852115291402,15.105023403192495,15.053184518494206,15.098822898056053,0.27184022912771333,0.3179949417261396,0.5024419706921271,0.48056025883761816,0.45659262074616613,-17.741801028303826,-2.0359599207791916,6.469327501610849,-26.54374590073556,-1.061846230053689,85.46581983430558,-0.2931078431372498,-0.32616129169390384
2015-04-01,771.4796666666667,3,20.837883753472248,17.14235901388891,321.876347295525,1014.1975285590278,-0.10551049975478474,0.31469845265968227,0.3319150217524099,,,2.8016666666666667,1.123,1.458333333333333,1.530333333333333,,,,1.1760000000000004,1.1226666666666667,2.68,2015,4,0.8660254037844387,-0.4999999999999998,771.203,771.2594999999999,771.322,770.8969999999999,771.461,298.54226112479,256.6081878788525,301.606655174535,240.027010445795,312.2188448562325,21.69003101982529,21.77874479166669,21.42707967741938,21.792222442876366,21.345291343750024,,,,1.5696774193548384,2.452666666666666,,,,,,2.254516129032258,1.343928571428571,1.3874193548387097,1.4380645161290324,1.936,0.8874193548387097,0.8103571428571429,0.7280645161290323,0.5258064516129033,0.9370000000000004,1.357096774193548,1.2771428571428574,1.2164516129032257,1.0135483870967743,1.1683333333333334,1.4316129032258065,1.4621428571428567,1.389677419354839,1.340322580645162,1.4303333333333337,,,,,,,,,,,,,,,,0.9732258064516128,1.0060714285714287,1.053548387096774,0.9577419354838708,1.0799999999999998,0.8293548387096775,0.6417857142857143,0.5929032258064516,0.4080645161290323,0.714,2.41,2.26,2.44,2.38,2.55,771.2615,771.134,771.2121874999999,771.2289756944443,771.1641412037037,285.5857013927259,287.43369374365585,210.22654073563606,207.5991443992849,215.22784973663107,21.63195182963712,21.55230177967259,21.55824001971328,21.42383114733145,21.34963744273436,16.211108856926867,16.015489868408935,15.155726509151274,15.049496189781168,15.124638269313145,0.353421833587285,0.3291689523295738,0.49555490916670686,0.48146819808939223,0.45591649505842685,9.199169877776683,-44.19700811725687,-63.23476333476631,-18.992850626360593,-101.04321332514867,123.06857215673807,-0.1816936274509544,-0.20851327498212627
2015-05-01,771.541,3,21.04299913306454,16.677198808803787,195.1051950664175,1014.8952231770834,-0.17013980505994125,0.48910918317640956,0.5178564920258597,,,1.7890322580645166,0.9116129032258063,1.5829032258064517,1.5048387096774198,,,,1.1390322580645165,1.104516129032258,2.58,2015,5,0.49999999999999994,-0.8660254037844387,771.4796666666667,771.203,771.2594999999999,770.9685,771.41525,321.876347295525,298.54226112479,256.6081878788525,268.13274610445,115.41885136256249,20.837883753472248,21.69003101982529,21.77874479166669,21.336745394097242,21.6932645043683,,,,1.482,1.8745161290322585,,,,,,2.8016666666666667,2.254516129032258,1.343928571428571,1.3090000000000002,1.5064516129032255,1.123,0.8874193548387097,0.8103571428571429,0.4703333333333335,0.67,1.458333333333333,1.357096774193548,1.2771428571428574,1.096666666666667,1.0683870967741935,1.530333333333333,1.4316129032258065,1.4621428571428567,1.2959999999999998,1.2183870967741932,,,,,,,,,,,,,,,,1.1760000000000004,0.9732258064516128,1.0060714285714287,0.9313333333333332,0.95516129032258,1.1226666666666667,0.8293548387096775,0.6417857142857143,0.4610000000000001,0.4341935483870969,2.68,2.41,2.26,2.18,2.34,771.3140555555556,771.2311111111111,771.2137430555555,771.2316076388889,771.1710625000001,292.3422654330559,301.0752498852775,211.03133260557706,207.59493235000605,215.01082426644018,21.43555318832141,21.393245331438568,21.5159560538568,21.42384260363932,21.34985708374516,16.58195364471062,16.339689283190147,15.268160642687155,15.049664826138232,15.140445191332825,0.3722495088131936,0.32679902471182715,0.46269679468048325,0.48113711618641775,0.4532343844864284,4.815153205717138,-13.601104048486945,-56.48407075461199,-9.335348187068092,-101.14430250784115,115.25565522986811,-0.12559343434338643,-0.15078106126868812
2015-06-01,771.5363333333333,3,21.28196628993058,15.240095170138913,60.912132374455,1015.2129828038195,0.12004379691133718,0.5102057566246823,0.5241377941628087,,,1.4376666666666664,0.620333333333333,1.585666666666667,1.336666666666667,,,,1.0103333333333333,0.985,2.44,2015,6,1.2246467991473532e-16,-1.0,771.541,771.4796666666667,771.203,771.154,771.429,195.1051950664175,321.876347295525,298.54226112479,359.6853017335125,61.800837488555004,21.04299913306454,20.837883753472248,21.69003101982529,21.28898735215056,21.470422522569468,,,,1.5683870967741935,1.7546666666666664,,,,,,1.7890322580645166,2.8016666666666667,2.254516129032258,1.4471999999999996,1.3299999999999998,0.9116129032258063,1.123,0.8874193548387097,0.5712903225806452,0.5776666666666668,1.5829032258064517,1.458333333333333,1.357096774193548,1.2796774193548386,0.9893333333333332,1.5048387096774198,1.530333333333333,1.4316129032258065,1.3361290322580643,1.1880000000000002,,,,,,,,,,,,,,,,1.1390322580645165,1.1760000000000004,0.9732258064516128,1.0948387096774197,0.9119999999999996,1.104516129032258,1.1226666666666667,0.8293548387096775,0.5896774193548387,0.3573333333333334,2.58,2.68,2.41,2.38,2.16,771.4078888888889,771.3265277777778,771.2242222222222,771.2357465277778,771.1779791666667,271.84126782891093,288.90399137893877,217.67186124756503,208.1351863698624,212.5375551917279,21.190304635454027,21.34428762126645,21.461767272914823,21.433702411337013,21.37143765488838,16.77532771565116,16.480806791833366,15.420634077666994,15.087582014198267,15.158903707611197,0.4450854260462916,0.3584628275870026,0.43898751420557774,0.4820654118065393,0.4564982891314633,1.0553590658886307,-3.727477944810005,-5.7634378655891965,70.35099551678692,-88.17820603128864,26.21796854022564,-0.037944444444406145,-0.043055875458633895
2015-07-01,771.372,2,21.287573449260776,13.869134669018841,24.54996106594,1015.3120616515457,0.0476128566087332,0.7315961984401156,0.733143902441037,,,1.3103225806451615,0.5135483870967742,1.4832258064516124,1.1616129032258058,,,,0.8641935483870967,0.9203225806451611,2.34,2015,7,-0.4999999999999997,-0.8660254037844388,771.5363333333333,771.541,771.4796666666667,771.322,771.3340000000001,60.912132374455,195.1051950664175,321.876347295525,301.606655174535,19.715607191895,21.28196628993058,21.04299913306454,20.837883753472248,21.42707967741938,21.56037773857529,,,,,1.503548387096774,,,,,,1.4376666666666664,1.7890322580645166,2.8016666666666667,1.3874193548387097,1.1948387096774191,0.620333333333333,0.9116129032258063,1.123,0.7280645161290323,0.4864516129032261,1.585666666666667,1.5829032258064517,1.458333333333333,1.2164516129032257,0.9870967741935484,1.336666666666667,1.5048387096774198,1.530333333333333,1.389677419354839,1.1503225806451611,,,,,,,,,,,,,,,,1.0103333333333333,1.1390322580645165,1.1760000000000004,1.053548387096774,0.8261290322580647,0.985,1.104516129032258,1.1226666666666667,0.5929032258064516,0.2809677419354839,2.44,2.58,2.68,2.44,2.09,771.5190000000001,771.39025,771.2331666666665,771.2481770833333,771.1828634259259,192.63122491213255,239.10846315242918,217.59780248805666,209.7959158250275,212.01187202606897,21.054283058822456,21.34311744422979,21.446062586861583,21.454435501904143,21.39447378755621,16.353217664277206,16.282163260602037,15.48605900880125,15.151809474846411,15.173941810427557,0.4579697693136926,0.40569580145048895,0.4242639485682755,0.4693059959257517,0.454673734037844,-3.387079103526741,15.069682149382452,-29.12732596787442,69.46229040268693,-48.32069910732614,7.29337457650314,-0.011636363636398528,-0.012956514704688735
2015-08-01,771.12075,4,22.162786433131743,13.07651872479841,12.4167203839725,1014.1630067624327,0.08700141057883416,0.8115278670576025,0.8161781205434073,,,1.7135483870967745,0.446774193548387,1.2858064516129035,1.1425806451612903,,,,0.7870967741935487,0.8790322580645165,2.2,2015,8,-0.8660254037844385,-0.5000000000000004,771.372,771.5363333333333,771.541,771.2594999999999,771.1236666666667,24.54996106594,60.912132374455,195.1051950664175,256.6081878788525,125.14120352939999,21.287573449260776,21.28196628993058,21.04299913306454,21.77874479166669,21.637152043010776,,,,,1.4306451612903222,,,,,,1.3103225806451615,1.4376666666666664,1.7890322580645166,1.343928571428571,1.1216129032258064,0.5135483870967742,0.620333333333333,0.9116129032258063,0.8103571428571429,0.4861290322580648,1.4832258064516124,1.585666666666667,1.5829032258064517,1.2771428571428574,0.9980645161290328,1.1616129032258058,1.336666666666667,1.5048387096774198,1.4621428571428567,1.1548387096774193,,,,,,,,,,,,,,,,0.8641935483870967,1.0103333333333333,1.1390322580645165,1.0060714285714287,0.8145161290322581,0.9203225806451611,0.985,1.104516129032258,0.6417857142857143,0.2551612903225806,2.34,2.44,2.58,2.26,2.0,771.4831111111112,771.3985833333332,771.2363333333334,771.2605937499999,771.1902523148148,93.5224295022709,192.93234746766333,218.00066531089374,210.44882261913696,212.06026934013562,21.2041796240853,21.319866406203353,21.42332889608537,21.46803146488578,21.40965381658473,15.26214288265385,15.92204826368223,15.578600385789379,15.204707321998631,15.187410381682785,0.5917127295432351,0.4819811191782144,0.41230534634258703,0.46415233279939433,0.45444897359247094,-38.837968387858325,2.483433168079028,-11.117670880407918,74.29664427673193,-32.65093604869864,9.03567788290314,-0.14788131313127906,-0.16442401980580326
2015-09-01,770.7913333333332,3,22.915461725694467,14.83461561805558,107.967853590075,1013.1855295225695,0.04754132179107566,0.37890964084695766,0.38188046978657214,,,1.4676666666666665,0.4253333333333334,1.1000000000000003,1.1679999999999997,,,,0.8093333333333335,0.8369999999999999,2.19,2015,9,-1.0,-1.8369701987210297e-16,771.12075,771.372,771.5363333333333,771.203,770.9793333333333,12.4167203839725,24.54996106594,60.912132374455,298.54226112479,163.8209819370525,22.162786433131743,21.287573449260776,21.28196628993058,21.69003101982529,21.678561406250022,,,,,,,,,,,1.7135483870967745,1.3103225806451615,1.4376666666666664,2.254516129032258,1.3943333333333328,0.446774193548387,0.5135483870967742,0.620333333333333,0.8874193548387097,0.437,1.2858064516129035,1.4832258064516124,1.585666666666667,1.357096774193548,1.0133333333333334,1.1425806451612903,1.1616129032258058,1.336666666666667,1.4316129032258065,1.1883333333333332,,,,,,,,,,,,,,,,0.7870967741935487,0.8641935483870967,1.0103333333333333,0.9732258064516128,0.8463333333333334,0.8790322580645165,0.9203225806451611,0.985,0.8293548387096775,0.256,2.2,2.34,2.44,2.41,2.16,771.3430277777778,771.3754583333334,771.2360902777777,771.2576250000001,771.1948935185186,32.626271274789225,152.23376955185,208.60695838210813,209.18203516844326,209.79411482081767,21.577442057441033,21.38387334644753,21.467131761928787,21.49492917811942,21.43837362668591,14.06191618798539,15.418621951818272,15.517237033554837,15.232022562394016,15.195090072729677,0.6911532723824175,0.5681193492143547,0.44305714547024716,0.4688001370271027,0.46334103912567376,-3.8908385389041626,-41.16968842549643,-44.89716637030644,-38.42783886869556,-63.053834865348634,-72.54588481254434,-0.3842601010102271,-0.42218460244402056
2015-10-01,770.887,2,21.967649196908624,16.399624270833357,336.33965271719,1013.3008928259408,0.005441522271036642,0.2537554049591364,0.25381374216263686,,,1.682258064516129,0.4748387096774194,1.2309677419354836,1.3706451612903223,,,,0.903225806451613,0.8883870967741937,2.26,2015,10,-0.8660254037844386,0.5000000000000001,770.7913333333332,771.12075,771.372,771.4796666666667,770.8969999999999,107.967853590075,12.4167203839725,24.54996106594,321.876347295525,240.027010445795,22.915461725694467,22.162786433131743,21.287573449260776,20.837883753472248,21.792222442876366,,,,,1.5696774193548384,,,,,,1.4676666666666665,1.7135483870967745,1.3103225806451615,2.8016666666666667,1.4380645161290324,0.4253333333333334,0.446774193548387,0.5135483870967742,1.123,0.5258064516129033,1.1000000000000003,1.2858064516129035,1.4832258064516124,1.458333333333333,1.0135483870967743,1.1679999999999997,1.1425806451612903,1.1616129032258058,1.530333333333333,1.340322580645162,,,,,,,,,,,,,,,,0.8093333333333335,0.7870967741935487,0.8641935483870967,1.1760000000000004,0.9577419354838708,0.8369999999999999,0.8790322580645165,0.9203225806451611,1.1226666666666667,0.4080645161290323,2.19,2.2,2.34,2.68,2.38,771.0946944444444,771.3068472222222,771.2204236111111,771.2411388888889,771.195662037037,48.311511679995895,120.47136829606417,203.95253101986,205.73575049848816,208.76047424974786,22.121940536028998,21.588111797425725,21.570206788549157,21.542796121985162,21.471854447770014,13.926756337290945,15.139987000784075,15.577738434596503,15.250314113536957,15.215305343225433,0.6437341642570054,0.5508519667853492,0.44001045955746143,0.47538065391269796,0.46569410903748515,98.76111956901735,-46.115886030289225,-31.046203880906774,-94.28096721567306,-145.76466694427114,-109.75694537105684,-0.16782352941186218,-0.19230316393597646
2015-11-01,771.1,3,21.20157019791669,16.883826376736135,356.45619030709497,1013.2908227256944,-0.08739948246921181,0.2704032682874498,0.2841770522692158,,,,0.706,1.4476666666666669,1.4236666666666664,,,,1.1,0.984,2.42,2015,11,-0.5000000000000004,0.8660254037844384,770.887,770.7913333333332,771.12075,771.541,770.9685,336.33965271719,107.967853590075,12.4167203839725,195.1051950664175,268.13274610445,21.967649196908624,22.915461725694467,22.162786433131743,21.04299913306454,21.336745394097242,,,,,1.482,,,,,,1.682258064516129,1.4676666666666665,1.7135483870967745,1.7890322580645166,1.3090000000000002,0.4748387096774194,0.4253333333333334,0.446774193548387,0.9116129032258063,0.4703333333333335,1.2309677419354836,1.1000000000000003,1.2858064516129035,1.5829032258064517,1.096666666666667,1.3706451612903223,1.1679999999999997,1.1425806451612903,1.5048387096774198,1.2959999999999998,,,,,,,,,,,,,,,,0.903225806451613,0.8093333333333335,0.7870967741935487,1.1390322580645165,0.9313333333333332,0.8883870967741937,0.8369999999999999,0.8790322580645165,1.104516129032258,0.4610000000000001,2.26,2.19,2.2,2.58,2.18,770.9330277777777,771.2080694444444,771.2195902777777,771.2297847222222,771.2013194444445,152.24140889707922,122.88191919967501,211.97858454247626,210.83617956686928,210.869039057063,22.348632451911612,21.776406037998456,21.58482568471851,21.558481452616324,21.476413127952213,14.770252871229118,15.016197876941481,15.677943580065813,15.335605181945333,15.251158193574522,0.4839574441642054,0.5378350868537203,0.43231705578277374,0.47008702588763457,0.4665724873111831,42.41796451933931,56.032312642254865,58.5157458103339,2.0316750557219336,-23.354369303123633,-33.84861230771182,0.019058823529462643,0.021811201250829824
2015-12-01,771.1183333333333,3,21.525207941868302,17.13615393481185,310.8981251373575,1014.5137368027554,-0.025517104874529573,0.2647044273208256,0.2659314883281481,,,,0.9006451612903225,1.4867741935483874,1.574838709677419,,,,,1.0777419354838709,2.58,2015,12,-2.4492935982947064e-16,1.0,771.1,770.887,770.7913333333332,771.5363333333333,771.154,356.45619030709497,336.33965271719,107.967853590075,60.912132374455,359.6853017335125,21.20157019791669,21.967649196908624,22.915461725694467,21.28196628993058,21.28898735215056,,,,,1.5683870967741935,,,,,,,1.682258064516129,1.4676666666666665,1.4376666666666664,1.4471999999999996,0.706,0.4748387096774194,0.4253333333333334,0.620333333333333,0.5712903225806452,1.4476666666666669,1.2309677419354836,1.1000000000000003,1.585666666666667,1.2796774193548386,1.4236666666666664,1.3706451612903223,1.1679999999999997,1.336666666666667,1.3361290322580643,,,,,,,,,,,,,,,,1.1,0.903225806451613,0.8093333333333335,1.0103333333333333,1.0948387096774197,0.984,0.8883870967741937,0.8369999999999999,0.985,0.5896774193548387,2.42,2.26,2.19,2.44,2.38,770.926111111111,771.1345694444444,771.2305486111112,771.2333888888888,771.2087638888888,266.9212322047867,149.7737517397879,219.33887155936335,213.80631503289897,211.6706611060216,22.02822704017326,21.802834548807144,21.5735610850368,21.55394104622165,21.485260239159775,16.039355421875026,15.050635804930204,15.765721298381786,15.407943655035611,15.273627398098057,0.30662375473947484,0.49888851356094627,0.42867567057397443,0.4673109901621335,0.4658063086458022,-24.367929427981153,137.28824554945248,96.11855712395607,90.3551192583669,47.928881881588836,-4.990218545201827,-0.10284313725492211,-0.1180779453632037
2016-01-01,771.343,1,21.89404362399196,17.75689466229841,297.688722795835,1013.9531906922043,0.03428229467862061,0.12248067991507056,0.12718802098031773,,,2.445806451612903,1.1461290322580644,1.5941935483870966,1.451290322580645,,,,1.1022580645161288,1.177741935483871,2.7,2016,1,0.49999999999999994,0.8660254037844387,771.1183333333333,771.1,770.887,771.372,771.322,310.8981251373575,356.45619030709497,336.33965271719,24.54996106594,301.606655174535,21.525207941868302,21.20157019791669,21.967649196908624,21.287573449260776,21.42707967741938,,,,,,,,,,,,,1.682258064516129,1.3103225806451615,1.3874193548387097,0.9006451612903225,0.706,0.4748387096774194,0.5135483870967742,0.7280645161290323,1.4867741935483874,1.4476666666666669,1.2309677419354836,1.4832258064516124,1.2164516129032257,1.574838709677419,1.4236666666666664,1.3706451612903223,1.1616129032258058,1.389677419354839,,,,,,,,,,,,,,,,,1.1,0.903225806451613,0.8641935483870967,1.053548387096774,1.0777419354838709,0.984,0.8883870967741937,0.9203225806451611,0.5929032258064516,2.58,2.42,2.26,2.34,2.44,771.0351111111112,771.0649027777778,771.2275763888888,771.2306944444445,771.2138287037037,334.5646560538809,191.43808386693834,215.27327350968372,210.63339586884126,210.7514705619418,21.564809112231206,21.8433748241301,21.593246134179946,21.58309625399495,21.494277111032908,16.806534860793786,15.366645599042362,15.824404429822197,15.44951947016778,15.30812056734089,0.26797409425333346,0.4558541292551696,0.4307749653528293,0.4673895806475477,0.46440078634651616,-25.314666569693202,116.81115466037552,70.69526863008628,41.56794266221189,-28.221178055796145,-38.08107813207434,-0.005267156862714728,-0.005804965617204908
2016-02-01,771.597,2,22.021646963002897,17.19687521192531,323.01533175297004,1013.2090490660919,0.03745230303004077,0.2335618338082374,0.23654556688748302,,,2.213103448275862,1.1586206896551727,1.7720689655172412,1.4706896551724136,,,,1.0862068965517246,1.19,2.69,2016,2,0.8660254037844386,0.5000000000000001,771.343,771.1183333333333,771.1,771.12075,771.2594999999999,297.688722795835,310.8981251373575,356.45619030709497,12.4167203839725,256.6081878788525,21.89404362399196,21.525207941868302,21.20157019791669,22.162786433131743,21.77874479166669,,,,,,,,,,,2.445806451612903,,,1.7135483870967745,1.343928571428571,1.1461290322580644,0.9006451612903225,0.706,0.446774193548387,0.8103571428571429,1.5941935483870966,1.4867741935483874,1.4476666666666669,1.2858064516129035,1.2771428571428574,1.451290322580645,1.574838709677419,1.4236666666666664,1.1425806451612903,1.4621428571428567,,,,,,,,,,,,,,,,1.1022580645161288,,1.1,0.7870967741935487,1.0060714285714287,1.177741935483871,1.0777419354838709,0.984,0.8790322580645165,0.6417857142857143,2.7,2.58,2.42,2.2,2.26,771.187111111111,771.0600694444444,771.2293263888888,771.2306805555554,771.2208287037037,321.6810127467625,236.96121082192084,214.94677914479212,210.68680660175585,211.1258274757182,21.540273921258983,21.944453186585296,21.632159796394323,21.593662961684235,21.490820156694497,17.258958324615467,16.01460559792229,15.968326930802263,15.525696759104273,15.344428406209241,0.2257655205258938,0.3548614823450497,0.41842130076163203,0.4582638837005197,0.46248178670024653,61.348670976157734,-7.264631478335048,48.76768116391982,37.65001028351193,-26.93932046584615,-24.604229236124326,0.16351715686266743,0.18139607369021432
2016-03-01,771.5450000000001,3,22.797282605846796,17.526074642137118,258.994400458655,1012.7893668346774,-0.08698802716205979,0.44643978413458685,0.45483557218810816,,,2.138709677419355,0.9641935483870966,1.844516129032258,1.425483870967742,,,,1.1000000000000003,1.1483870967741936,2.58,2016,3,1.0,6.123233995736766e-17,771.597,771.343,771.1183333333333,770.7913333333332,771.203,323.01533175297004,297.688722795835,310.8981251373575,107.967853590075,298.54226112479,22.021646963002897,21.89404362399196,21.525207941868302,22.915461725694467,21.69003101982529,,,,,,,,,,,2.213103448275862,2.445806451612903,,1.4676666666666665,2.254516129032258,1.1586206896551727,1.1461290322580644,0.9006451612903225,0.4253333333333334,0.8874193548387097,1.7720689655172412,1.5941935483870966,1.4867741935483874,1.1000000000000003,1.357096774193548,1.4706896551724136,1.451290322580645,1.574838709677419,1.1679999999999997,1.4316129032258065,,,,,,,,,,,,,,,,1.0862068965517246,1.1022580645161288,,0.8093333333333335,0.9732258064516128,1.19,1.177741935483871,1.0777419354838709,0.8369999999999999,0.8293548387096775,2.69,2.7,2.58,2.19,2.41,771.3527777777778,771.1394444444444,771.2574513888889,771.2433194444444,771.2364953703704,310.5340598953876,288.7276460500871,220.48070780096853,215.03900363187003,214.67025906359876,21.813632842954387,21.920929941563823,21.65240164400568,21.611293882234705,21.48670779255089,17.36330793634519,16.70133167911011,16.05997681546419,15.582500109328343,15.388781950817535,0.20988835873198286,0.25825605673572893,0.41318770297504187,0.45781483683358454,0.45810274021675945,-57.28966169443885,11.66607497848338,148.95432052793586,104.05715415762947,77.51340825689388,102.99530792757574,0.048892156862848424,0.054405671528279236
2016-04-01,771.509,2,21.5011109809028,18.036606927083355,490.04775308568753,1013.8281417361111,-0.2187238905379149,0.4089171938678924,0.4637385165509042,,,2.228333333333333,0.8803333333333334,1.9566666666666668,1.4673333333333332,,,,1.1383333333333332,1.2239999999999998,2.82,2016,4,0.8660254037844387,-0.4999999999999998,771.5450000000001,771.597,771.343,770.887,771.4796666666667,258.994400458655,323.01533175297004,297.688722795835,336.33965271719,321.876347295525,22.797282605846796,22.021646963002897,21.89404362399196,21.967649196908624,20.837883753472248,,,,,,,,,,,2.138709677419355,2.213103448275862,2.445806451612903,1.682258064516129,2.8016666666666667,0.9641935483870966,1.1586206896551727,1.1461290322580644,0.4748387096774194,1.123,1.844516129032258,1.7720689655172412,1.5941935483870966,1.2309677419354836,1.458333333333333,1.425483870967742,1.4706896551724136,1.451290322580645,1.3706451612903223,1.530333333333333,,,,,,,,,,,,,,,,1.1000000000000003,1.0862068965517246,1.1022580645161288,0.903225806451613,1.1760000000000004,1.1483870967741936,1.19,1.177741935483871,0.8883870967741937,1.1226666666666667,2.58,2.69,2.7,2.26,2.68,771.495,771.2650555555556,771.2859513888889,771.2490694444444,771.2479675925925,293.2328183358201,313.8987371948504,217.18505274545728,213.70579674054667,210.79444718134238,22.237657730947216,21.90123342158921,21.74467260950747,21.651456314610375,21.53077830139013,17.493281505453613,17.149908183123696,16.144947591953883,15.65033705055258,15.414646657172073,0.2728563866853029,0.27041524046931825,0.4106336036273337,0.45309425639702033,0.45785666660203933,177.3705756679392,-21.255657287974316,95.5554973724012,64.50929349149445,45.516442865133826,-36.53391983365427,-0.1523602941176705,-0.17485007234109565
2016-05-01,771.6700000000001,2,21.50303636088712,16.90528236559142,115.11737122600499,1015.4093326024865,-0.03963105383700606,0.7203527496165272,0.7214421004545845,,,1.889032258064516,0.7583870967741935,2.044516129032258,1.4325806451612904,,,,1.1961290322580649,1.184838709677419,3.02,2016,5,0.49999999999999994,-0.8660254037844387,771.509,771.5450000000001,771.597,771.1,771.541,490.04775308568753,258.994400458655,323.01533175297004,356.45619030709497,195.1051950664175,21.5011109809028,22.797282605846796,22.021646963002897,21.20157019791669,21.04299913306454,,,,,,,,,,,2.228333333333333,2.138709677419355,2.213103448275862,,1.7890322580645166,0.8803333333333334,0.9641935483870966,1.1586206896551727,0.706,0.9116129032258063,1.9566666666666668,1.844516129032258,1.7720689655172412,1.4476666666666669,1.5829032258064517,1.4673333333333332,1.425483870967742,1.4706896551724136,1.4236666666666664,1.5048387096774198,,,,,,,,,,,,,,,,1.1383333333333332,1.1000000000000003,1.0862068965517246,1.1,1.1390322580645165,1.2239999999999998,1.1483870967741936,1.19,0.984,1.104516129032258,2.82,2.58,2.69,2.42,2.58,771.5503333333332,771.3687222222221,771.2883958333333,771.2510694444445,771.250537037037,357.35249509910426,339.51675392293333,231.1993365613042,221.1153345834406,215.46306708710543,22.10668018325083,21.823477052254905,21.799941545126682,21.657948799491738,21.54920891746844,17.586518927048598,17.42273862583203,16.219468251386754,15.743814447036955,15.439599301221072,0.38503988520883164,0.3054027028673629,0.42161889486054155,0.4421578447705124,0.46129770907779233,-75.17267063469538,181.42958494965808,174.16495347132303,232.68069928165696,223.34535109458884,131.53639677381577,0.003406565656632665,0.004089748701227283
2016-06-01,771.7,2,20.98667774131947,15.0314546215278,48.498272876775,1016.4654768402778,-0.02852806491017236,0.7895495790513055,0.790064800043397,,,1.9156666666666664,0.5713333333333335,1.9543333333333333,1.3550000000000004,,,,0.9486666666666662,1.1529999999999996,2.66,2016,6,1.2246467991473532e-16,-1.0,771.6700000000001,771.509,771.5450000000001,771.1183333333333,771.5363333333333,115.11737122600499,490.04775308568753,258.994400458655,310.8981251373575,60.912132374455,21.50303636088712,21.5011109809028,22.797282605846796,21.525207941868302,21.28196628993058,,,,,,,,,,,1.889032258064516,2.228333333333333,2.138709677419355,,1.4376666666666664,0.7583870967741935,0.8803333333333334,0.9641935483870966,0.9006451612903225,0.620333333333333,2.044516129032258,1.9566666666666668,1.844516129032258,1.4867741935483874,1.585666666666667,1.4325806451612904,1.4673333333333332,1.425483870967742,1.574838709677419,1.336666666666667,,,,,,,,,,,,,,,,1.1961290322580649,1.1383333333333332,1.1000000000000003,,1.0103333333333333,1.184838709677419,1.2239999999999998,1.1483870967741936,1.0777419354838709,0.985,3.02,2.82,2.58,2.58,2.44,771.5746666666668,771.4637222222223,771.2991458333332,771.2616840277778,771.2568796296297,288.05317492344926,299.29361740941835,224.53368457460314,221.1027729110841,213.6013524381093,21.933809982545572,21.873721412749983,21.838277980778567,21.65002262684669,21.5685609344842,17.48932131160397,17.42631462397458,16.238475214452393,15.829554646059691,15.471213080949639,0.5466720630645322,0.37828021089825764,0.43858436222960195,0.4387859382175898,0.46757172861422686,-11.35850043179137,44.908243338804965,56.574318317288345,152.69287544124444,223.0438709580313,64.51466940995576,0.12572222222229357,0.14265804709083768
2016-07-01,771.5925,2,21.111964905914004,13.969265000000023,22.05258613564,1015.1881925151209,0.07079622812227802,0.9382627137703965,0.9409298730341866,,,1.474516129032258,0.4922580645161293,1.6377419354838716,1.2939999999999998,,,,0.8016129032258064,1.091290322580645,2.44,2016,7,-0.4999999999999997,-0.8660254037844388,771.7,771.6700000000001,771.509,771.343,771.372,48.498272876775,115.11737122600499,490.04775308568753,297.688722795835,24.54996106594,20.98667774131947,21.50303636088712,21.5011109809028,21.89404362399196,21.287573449260776,,,,,,,,,,,1.9156666666666664,1.889032258064516,2.228333333333333,2.445806451612903,1.3103225806451615,0.5713333333333335,0.7583870967741935,0.8803333333333334,1.1461290322580644,0.5135483870967742,1.9543333333333333,2.044516129032258,1.9566666666666668,1.5941935483870966,1.4832258064516124,1.3550000000000004,1.4325806451612904,1.4673333333333332,1.451290322580645,1.1616129032258058,,,,,,,,,,,,,,,,0.9486666666666662,1.1961290322580649,1.1383333333333332,1.1022580645161288,0.8641935483870967,1.1529999999999996,1.184838709677419,1.2239999999999998,1.177741935483871,0.9203225806451611,2.66,3.02,2.82,2.7,2.34,771.6263333333333,771.5606666666667,771.3127847222222,771.2729756944444,771.2697129629629,217.88779906282255,255.56030869932124,223.4991962831298,220.54849938559323,214.3636759777283,21.330275027703127,21.783966379325175,21.813670601727637,21.62986659429461,21.574180535178645,16.657781304734197,17.0755314050939,16.22108850206813,15.853573755434693,15.508235817253652,0.6584151390162951,0.46563576285079905,0.4607449460529844,0.44250444731062993,0.46645231263482917,-5.884454033826742,90.83940460145244,69.58374731347813,140.27901594356445,209.74130634625135,91.95831683623825,0.20886363636361693,0.23255931667133078
2016-08-01,771.29175,4,21.795938143481205,12.898958607190883,24.761557495785,1014.606511265121,0.007389909796745808,0.8282672103833578,0.8283001766044925,,,1.6603225806451616,0.4361290322580646,1.4622580645161292,1.273870967741935,,,,0.796451612903226,1.0403225806451617,2.38,2016,8,-0.8660254037844385,-0.5000000000000004,771.5925,771.7,771.6700000000001,771.597,771.12075,22.05258613564,48.498272876775,115.11737122600499,323.01533175297004,12.4167203839725,21.111964905914004,20.98667774131947,21.50303636088712,22.021646963002897,22.162786433131743,,,,,,,,,,,1.474516129032258,1.9156666666666664,1.889032258064516,2.213103448275862,1.7135483870967745,0.4922580645161293,0.5713333333333335,0.7583870967741935,1.1586206896551727,0.446774193548387,1.6377419354838716,1.9543333333333333,2.044516129032258,1.7720689655172412,1.2858064516129035,1.2939999999999998,1.3550000000000004,1.4325806451612904,1.4706896551724136,1.1425806451612903,,,,,,,,,,,,,,,,0.8016129032258064,0.9486666666666662,1.1961290322580649,1.0862068965517246,0.7870967741935487,1.091290322580645,1.1529999999999996,1.184838709677419,1.19,0.8790322580645165,2.44,2.66,3.02,2.69,2.2,771.6541666666667,771.60225,771.3311597222222,771.2837465277779,771.2841157407407,61.889410079473386,209.62095258928875,223.29108170560482,220.6458735082493,214.7295756479596,21.20055966937353,21.653619926312178,21.799036556448737,21.611182726267057,21.578366495406765,15.302000662373084,16.444259794710838,16.229432696316564,15.90401654105297,15.546282446771276,0.8174789245107226,0.6012594048597771,0.47806044360241345,0.44518289497250024,0.46878836973373406,-26.49313127604583,-92.41562510031349,89.01395984934459,137.78164101326445,212.07828528999633,105.13070496456575,0.02311868686865637,0.025704853081752188
2016-09-01,771.3299999999999,2,22.665253005208356,13.935592399305579,81.020772376335,1013.4243029079861,0.08573905113732644,0.5606046679054097,0.5671232481280095,,,1.6830000000000005,0.4226666666666667,1.583,1.3633333333333333,,,,0.7313333333333333,1.020333333333333,2.37,2016,9,-1.0,-1.8369701987210297e-16,771.29175,771.5925,771.7,771.5450000000001,770.7913333333332,24.761557495785,22.05258613564,48.498272876775,258.994400458655,107.967853590075,21.795938143481205,21.111964905914004,20.98667774131947,22.797282605846796,22.915461725694467,,,,,,,,,,,1.6603225806451616,1.474516129032258,1.9156666666666664,2.138709677419355,1.4676666666666665,0.4361290322580646,0.4922580645161293,0.5713333333333335,0.9641935483870966,0.4253333333333334,1.4622580645161292,1.6377419354838716,1.9543333333333333,1.844516129032258,1.1000000000000003,1.273870967741935,1.2939999999999998,1.3550000000000004,1.425483870967742,1.1679999999999997,,,,,,,,,,,,,,,,0.796451612903226,0.8016129032258064,0.9486666666666662,1.1000000000000003,0.8093333333333335,1.0403225806451617,1.091290322580645,1.1529999999999996,1.1483870967741936,0.8369999999999999,2.38,2.44,2.66,2.58,2.19,771.5280833333333,771.551375,771.3454097222221,771.2907500000001,771.2868865740742,31.770805502733385,159.91199021309126,224.31981813158916,216.46338825684862,214.22796282282522,21.298193596904895,21.61600178972523,21.76846586564453,21.61779881378666,21.586108073961125,13.966559409572904,15.727940360588434,16.21463601984927,15.865936526702056,15.559560381545765,0.8530982832273586,0.6998851731459456,0.47907061494083725,0.46106388020554223,0.4722236296650142,-30.837919752644154,-43.73608574166394,1.1721575971410232,150.12647812507694,111.69863925638134,87.07264325972825,0.1544065656564726,0.1696457018697589
2016-10-01,771.0954999999999,2,22.550727938508086,15.525162266465076,205.9640289216925,1012.0121130124328,0.06498100966137774,0.19158381777117436,0.2023039565811569,,,1.674838709677419,0.4403225806451615,1.565806451612903,1.434516129032258,,,,0.7280645161290321,1.0164516129032255,2.39,2016,10,-0.8660254037844386,0.5000000000000001,771.3299999999999,771.29175,771.5925,771.509,770.887,81.020772376335,24.761557495785,22.05258613564,490.04775308568753,336.33965271719,22.665253005208356,21.795938143481205,21.111964905914004,21.5011109809028,21.967649196908624,,,,,,,,,,,1.6830000000000005,1.6603225806451616,1.474516129032258,2.228333333333333,1.682258064516129,0.4226666666666667,0.4361290322580646,0.4922580645161293,0.8803333333333334,0.4748387096774194,1.583,1.4622580645161292,1.6377419354838716,1.9566666666666668,1.2309677419354836,1.3633333333333333,1.273870967741935,1.2939999999999998,1.4673333333333332,1.3706451612903223,,,,,,,,,,,,,,,,0.7313333333333333,0.796451612903226,0.8016129032258064,1.1383333333333332,0.903225806451613,1.020333333333333,1.0403225806451617,1.091290322580645,1.2239999999999998,0.8883870967741937,2.37,2.38,2.44,2.82,2.26,771.40475,771.5155416666666,771.3902986111111,771.305361111111,771.2908587962962,42.61163866925339,130.2497188660379,222.07422803044417,213.0133795251521,211.18190967580682,21.85771868486786,21.59399685628549,21.747615138937352,21.658910963743253,21.611069127635893,13.601272002165496,15.129526653449842,16.13971741828677,15.858727926441638,15.546781881786895,0.7787844325888962,0.7185997858025956,0.49450751313595703,0.4672589863467092,0.4817562736537843,-31.614504226480165,-63.215505062516726,27.623899538935717,123.17939691133694,28.89842969566385,-22.585270032934247,0.04067647058809598,0.046609757399647754
2016-11-01,771.0295,2,21.348032239583357,16.053583690972246,328.672110997585,1012.8966778732639,-0.07956053433332463,0.13564597173559023,0.15725682265484278,,,1.668333333333334,0.4263333333333333,1.505,1.3496666666666668,,,,0.7683333333333333,1.0503333333333331,2.39,2016,11,-0.5000000000000004,0.8660254037844384,771.0954999999999,771.3299999999999,771.29175,771.6700000000001,771.1,205.9640289216925,81.020772376335,24.761557495785,115.11737122600499,356.45619030709497,22.550727938508086,22.665253005208356,21.795938143481205,21.50303636088712,21.20157019791669,,,,,,,,,,,1.674838709677419,1.6830000000000005,1.6603225806451616,1.889032258064516,,0.4403225806451615,0.4226666666666667,0.4361290322580646,0.7583870967741935,0.706,1.565806451612903,1.583,1.4622580645161292,2.044516129032258,1.4476666666666669,1.434516129032258,1.3633333333333333,1.273870967741935,1.4325806451612904,1.4236666666666664,,,,,,,,,,,,,,,,0.7280645161290321,0.7313333333333333,0.796451612903226,1.1961290322580649,1.1,1.0164516129032255,1.020333333333333,1.0403225806451617,1.184838709677419,0.984,2.39,2.37,2.38,3.02,2.42,771.2390833333333,771.446625,771.407673611111,771.3136319444444,771.2890810185186,103.91545293127088,82.90243150537209,211.2095927141527,211.59408862831447,210.96065061596374,22.337306362399215,21.768933015886372,21.796205034070642,21.690515359394578,21.637722646434426,14.119904424320515,14.710952543346798,16.066845584589412,15.872394582327615,15.579351982826694,0.5325757937712196,0.6750273591409711,0.490215031004167,0.4612660433934703,0.47679636092647865,14.633885209829316,-88.94555525517015,-181.36118035548364,-7.1962268841605805,-5.164551828438675,-30.550596187284256,-0.051441176470575556,-0.05887004782035513
2016-12-01,771.342,3,21.617243854166688,15.670664028897871,267.8567172564275,1012.7181807123657,-0.15165683835746638,0.4304540075630437,0.45638848500774815,,,1.705483870967742,0.4990322580645162,1.4796774193548383,1.311935483870968,,,,0.7329032258064515,1.089032258064516,2.36,2016,12,-2.4492935982947064e-16,1.0,771.0295,771.0954999999999,771.3299999999999,771.7,771.1183333333333,328.672110997585,205.9640289216925,81.020772376335,48.498272876775,310.8981251373575,21.348032239583357,22.550727938508086,22.665253005208356,20.98667774131947,21.525207941868302,,,,,,,,,,,1.668333333333334,1.674838709677419,1.6830000000000005,1.9156666666666664,,0.4263333333333333,0.4403225806451615,0.4226666666666667,0.5713333333333335,0.9006451612903225,1.505,1.565806451612903,1.583,1.9543333333333333,1.4867741935483874,1.3496666666666668,1.434516129032258,1.3633333333333333,1.3550000000000004,1.574838709677419,,,,,,,,,,,,,,,,0.7683333333333333,0.7280645161290321,0.7313333333333333,0.9486666666666662,,1.0503333333333331,1.0164516129032255,1.020333333333333,1.1529999999999996,1.0777419354838709,2.39,2.39,2.37,2.66,2.58,771.1516666666666,771.339875,771.4017986111111,771.316173611111,771.289525462963,205.2189707652042,118.49488813396874,208.89425277169357,214.11656216552842,212.16896094583046,22.188004394433264,21.743098995669083,21.808410204209526,21.690985644623165,21.638764098884273,15.171446118914304,14.569002764243601,15.99765869410909,15.88168999624544,15.604515334726768,0.30889467578800295,0.5809964795076809,0.4796383452029693,0.45415700788847185,0.47142010850907873,-67.40933730891118,-47.818538769295,-91.55462451095894,-34.98030619367057,55.3748130646963,12.948575687918222,0.12082352941172303,0.13872188738373073
2017-01-01,771.3016666666666,3,22.109373956653247,15.688738840725827,273.72878803755,1012.3866638524865,-0.07018566934863911,0.3463621237673026,0.3534016821727264,,,1.69741935483871,0.6167741935483869,1.5048387096774196,1.4003225806451611,,,,0.7238709677419353,1.226451612903226,2.34,2017,1,0.49999999999999994,0.8660254037844387,771.342,771.0295,771.0954999999999,771.5925,771.343,267.8567172564275,328.672110997585,205.9640289216925,22.05258613564,297.688722795835,21.617243854166688,21.348032239583357,22.550727938508086,21.111964905914004,21.89404362399196,,,,,,,,,,,1.705483870967742,1.668333333333334,1.674838709677419,1.474516129032258,2.445806451612903,0.4990322580645162,0.4263333333333333,0.4403225806451615,0.4922580645161293,1.1461290322580644,1.4796774193548383,1.505,1.565806451612903,1.6377419354838716,1.5941935483870966,1.311935483870968,1.3496666666666668,1.434516129032258,1.2939999999999998,1.451290322580645,,,,,,,,,,,,,,,,0.7329032258064515,0.7683333333333333,0.7280645161290321,0.8016129032258064,1.1022580645161288,1.089032258064516,1.0503333333333331,1.0164516129032255,1.091290322580645,1.177741935483871,2.36,2.39,2.39,2.44,2.7,771.1556666666667,771.2802083333332,771.4204375,771.3240069444445,771.2939421296296,267.4976190585684,155.05462886391084,205.307468781616,210.29037114564986,208.8580868397662,21.83866801075271,21.848193347810284,21.816079863567726,21.704662998873832,21.660757457185873,15.7498033287784,14.675537665471944,15.875534535282926,15.849969482552561,15.591524491872828,0.27198308808124916,0.5253837603350727,0.49550976159293586,0.4631423634728826,0.4767629742960104,-49.274601327978246,-84.38995632556203,-147.60546138807877,-78.0217140746006,-36.45377141238873,-106.24289213039678,-0.046600490196055944,-0.05135868370428108
2017-02-01,771.3326666666667,3,21.60893062872026,16.237753634672643,348.5080002634925,1012.6028974981399,-0.1354350588978917,0.36959974965366443,0.39363260805315253,,,1.614285714285715,0.6610714285714286,1.648928571428571,1.4260714285714289,,,,0.9378571428571424,1.365,2.55,2017,2,0.8660254037844386,0.5000000000000001,771.3016666666666,771.342,771.0295,771.29175,771.597,273.72878803755,267.8567172564275,328.672110997585,24.761557495785,323.01533175297004,22.109373956653247,21.617243854166688,21.348032239583357,21.795938143481205,22.021646963002897,,,,,,,,,,,1.69741935483871,1.705483870967742,1.668333333333334,1.6603225806451616,2.213103448275862,0.6167741935483869,0.4990322580645162,0.4263333333333333,0.4361290322580646,1.1586206896551727,1.5048387096774196,1.4796774193548383,1.505,1.4622580645161292,1.7720689655172412,1.4003225806451611,1.311935483870968,1.3496666666666668,1.273870967741935,1.4706896551724136,,,,,,,,,,,,,,,,0.7238709677419353,0.7329032258064515,0.7683333333333333,0.796451612903226,1.0862068965517246,1.226451612903226,1.089032258064516,1.0503333333333331,1.0403225806451617,1.19,2.34,2.36,2.39,2.38,2.69,771.2243888888888,771.231736111111,771.4169930555555,771.3231597222222,771.2927847222222,290.0858720971875,197.00066251422916,203.31080755175893,209.12879334827554,208.22814025175688,21.6915500168011,22.014428189600157,21.834024057956167,21.73309192717525,21.67378332710821,15.804328853531985,14.962116638926247,15.70318821681854,15.835757573810403,15.584860578342361,0.3223489966117723,0.42746239519149604,0.5143609000256366,0.4663911003936343,0.47696288914222534,86.84133948668017,-102.0500534270601,-190.99560868223028,-101.98164883288564,-64.33163854937374,-128.92096929873185,-0.10081617647063013,-0.11183938693106842
2017-03-01,771.558,2,21.434133261088732,16.45633403729841,326.010585119895,1012.7010558047715,-0.22267708752685822,0.4843141493877571,0.5330527934516719,,,1.734516129032258,0.8219354838709678,1.7438709677419355,1.4361290322580644,,,,0.9838709677419356,1.7322580645161292,2.55,2017,3,1.0,6.123233995736766e-17,771.3326666666667,771.3016666666666,771.342,771.3299999999999,771.5450000000001,348.5080002634925,273.72878803755,267.8567172564275,81.020772376335,258.994400458655,21.60893062872026,22.109373956653247,21.617243854166688,22.665253005208356,22.797282605846796,,,,,,,,,,,1.614285714285715,1.69741935483871,1.705483870967742,1.6830000000000005,2.138709677419355,0.6610714285714286,0.6167741935483869,0.4990322580645162,0.4226666666666667,0.9641935483870966,1.648928571428571,1.5048387096774196,1.4796774193548383,1.583,1.844516129032258,1.4260714285714289,1.4003225806451611,1.311935483870968,1.3633333333333333,1.425483870967742,,,,,,,,,,,,,,,,0.9378571428571424,0.7238709677419353,0.7329032258064515,0.7313333333333333,1.1000000000000003,1.365,1.226451612903226,1.089032258064516,1.020333333333333,1.1483870967741936,2.55,2.34,2.36,2.37,2.58,771.3254444444443,771.2385555555555,771.3949652777778,771.3262083333333,771.2938680555555,296.69783518582335,250.95840297551376,205.43519659430248,212.95795219763554,211.83773461934751,21.778516146513397,21.983260270473334,21.79963103009928,21.72601633705248,21.674072931522897,15.86571883476545,15.518582476839875,15.623261418714156,15.841619117089172,15.596087212456947,0.4011409250778755,0.35501780043293935,0.5274514867894424,0.4703195948822421,0.4810270534855372,9.726522966801156,-29.842599150209253,-77.66113791950424,-76.4889803223632,27.568173835266236,1.0244279345306353,0.06189215686276839,0.06887166720622222
2017-04-01,771.7615000000001,2,21.27458386805558,16.293450927083356,264.5161749518525,1013.4647058767362,-0.329566107678125,0.5519886347097899,0.6428882268162074,,,1.7896666666666663,1.009,1.852,1.435333333333333,,,,0.9713333333333336,2.002666666666667,2.47,2017,4,0.8660254037844387,-0.4999999999999998,771.558,771.3326666666667,771.3016666666666,771.0954999999999,771.509,326.010585119895,348.5080002634925,273.72878803755,205.9640289216925,490.04775308568753,21.434133261088732,21.60893062872026,22.109373956653247,22.550727938508086,21.5011109809028,,,,,,,,,,,1.734516129032258,1.614285714285715,1.69741935483871,1.674838709677419,2.228333333333333,0.8219354838709678,0.6610714285714286,0.6167741935483869,0.4403225806451615,0.8803333333333334,1.7438709677419355,1.648928571428571,1.5048387096774196,1.565806451612903,1.9566666666666668,1.4361290322580644,1.4260714285714289,1.4003225806451611,1.434516129032258,1.4673333333333332,,,,,,,,,,,,,,,,0.9838709677419356,0.9378571428571424,0.7238709677419353,0.7280645161290321,1.1383333333333332,1.7322580645161292,1.365,1.226451612903226,1.0164516129032255,1.2239999999999998,2.55,2.55,2.34,2.39,2.82,771.3974444444444,771.2765555555555,771.396048611111,771.341,771.2980625,316.0824578069792,291.79003843277377,211.0198786494058,214.10246569743154,212.8104907101664,21.717479282154077,21.778073646453393,21.686035251369443,21.715353930438457,21.6629826268634,16.12760883756563,15.938706083172013,15.534116368310928,15.839531980132406,15.611596823138695,0.42669569455918355,0.34933939132021646,0.5339695885614061,0.4723015960943699,0.4800527004518156,-48.16100246589582,47.29326112550308,-37.096695200058946,-9.4727956611232,55.03649783037122,36.04364720401058,0.10013970588238408,0.11492124584787201
2017-05-01,771.5709999999999,2,21.36002667170701,15.545449534610238,165.7723783985825,1014.758429561492,-0.28981253981691196,0.5742997985272813,0.6432818719842842,,,1.6390322580645162,0.7912903225806454,1.8429032258064515,1.4109677419354838,,,,0.933548387096774,2.0006451612903224,2.37,2017,5,0.49999999999999994,-0.8660254037844387,771.7615000000001,771.558,771.3326666666667,771.0295,771.6700000000001,264.5161749518525,326.010585119895,348.5080002634925,328.672110997585,115.11737122600499,21.27458386805558,21.434133261088732,21.60893062872026,21.348032239583357,21.50303636088712,,,,,,,,,,,1.7896666666666663,1.734516129032258,1.614285714285715,1.668333333333334,1.889032258064516,1.009,0.8219354838709678,0.6610714285714286,0.4263333333333333,0.7583870967741935,1.852,1.7438709677419355,1.648928571428571,1.505,2.044516129032258,1.435333333333333,1.4361290322580644,1.4260714285714289,1.3496666666666668,1.4325806451612904,,,,,,,,,,,,,,,,0.9713333333333336,0.9838709677419356,0.9378571428571424,0.7683333333333333,1.1961290322580649,2.002666666666667,1.7322580645161292,1.365,1.0503333333333331,1.184838709677419,2.47,2.55,2.55,2.39,3.02,771.5507222222222,771.3875555555555,771.4170902777778,771.3527430555555,771.3064097222223,313.0115867784134,301.54872943780043,192.22558047158623,211.71245851644525,211.48541654615585,21.439215919288188,21.565382968044645,21.667157991965507,21.733549768546094,21.66101853031633,16.329179533018138,16.06675419327506,15.388853368310928,15.80416080984884,15.625494087461615,0.5231912094403438,0.42277010302605816,0.5488987310835146,0.4852588129720281,0.47773814020817984,-24.517663462117866,48.406859987585506,-53.6431934394746,-235.0043737949582,-2.3236745133012846,-11.65902270036942,-0.0955934343435274,-0.11476459383399866
2017-06-01,771.396,2,21.687004980902802,14.710693088541689,58.65085115384,1014.6200772309029,-0.09717203701267874,0.8225152331351093,0.8282353008152312,,,1.5213333333333334,0.5539999999999999,1.643,1.331666666666667,,,,0.805,1.934666666666667,2.09,2017,6,1.2246467991473532e-16,-1.0,771.5709999999999,771.7615000000001,771.558,771.342,771.7,165.7723783985825,264.5161749518525,326.010585119895,267.8567172564275,48.498272876775,21.36002667170701,21.27458386805558,21.434133261088732,21.617243854166688,20.98667774131947,,,,,,,,,,,1.6390322580645162,1.7896666666666663,1.734516129032258,1.705483870967742,1.9156666666666664,0.7912903225806454,1.009,0.8219354838709678,0.4990322580645162,0.5713333333333335,1.8429032258064515,1.852,1.7438709677419355,1.4796774193548383,1.9543333333333333,1.4109677419354838,1.435333333333333,1.4361290322580644,1.311935483870968,1.3550000000000004,,,,,,,,,,,,,,,,0.933548387096774,0.9713333333333336,0.9838709677419356,0.7329032258064515,0.9486666666666662,2.0006451612903224,2.002666666666667,1.7322580645161292,1.089032258064516,1.1529999999999996,2.37,2.47,2.55,2.36,2.66,771.6301666666667,771.4778055555556,771.4088402777778,771.3539930555556,771.310736111111,252.0997128234434,274.39877400463337,196.446831069301,210.4902578219521,212.88412563048973,21.35624793361711,21.567382040065255,21.655240517867167,21.746759249322864,21.65176192385352,16.098411499664007,15.982065167214726,15.275533965729162,15.757004590090778,15.644881085949514,0.606407630750721,0.5037742779142984,0.5423853787109897,0.4904848704702958,0.47331908504872305,-1.205922154726366,-62.95214296121253,-92.79474211142178,-184.3493666223807,-31.65649118113629,38.69450433565059,-0.17827777777779374,-0.202293271371754
2017-07-01,771.0305000000001,2,21.723199087701637,13.191175846774216,25.3143906463175,1015.2922809139785,0.12458212630178428,0.8528160996177453,0.8618677427315039,,,1.445806451612903,0.4748387096774196,1.4606451612903228,1.2822580645161292,,,,0.7590322580645159,1.8525806451612896,2.06,2017,7,-0.4999999999999997,-0.8660254037844388,771.396,771.5709999999999,771.7615000000001,771.3016666666666,771.5925,58.65085115384,165.7723783985825,264.5161749518525,273.72878803755,22.05258613564,21.687004980902802,21.36002667170701,21.27458386805558,22.109373956653247,21.111964905914004,,,,,,,,,,,1.5213333333333334,1.6390322580645162,1.7896666666666663,1.69741935483871,1.474516129032258,0.5539999999999999,0.7912903225806454,1.009,0.6167741935483869,0.4922580645161293,1.643,1.8429032258064515,1.852,1.5048387096774196,1.6377419354838716,1.331666666666667,1.4109677419354838,1.435333333333333,1.4003225806451611,1.2939999999999998,,,,,,,,,,,,,,,,0.805,0.933548387096774,0.9713333333333336,0.7238709677419353,0.8016129032258064,1.934666666666667,2.0006451612903224,2.002666666666667,1.226451612903226,1.091290322580645,2.09,2.37,2.47,2.34,2.44,771.5761666666667,771.4868055555556,771.3835069444443,771.3481458333334,771.3098194444444,162.97980150142507,239.5311296542021,197.29287925905643,210.39603777109312,212.79662601008096,21.440538506888462,21.57900889452127,21.713601121165777,21.763635861446705,21.657778103251665,15.516531183411765,15.822070010488694,15.24880383798032,15.734946170024228,15.6519837829499,0.7048017998719075,0.5657487472155456,0.5455662537753091,0.5031555999141467,0.47685838279885634,-2.622649523149242,-73.88458808274005,-26.591326957236973,-174.19678834531567,-33.917772401751286,35.54451800093559,-0.3531363636362812,-0.3931998544546932
2017-08-01,770.952,1,21.84771366431454,14.450061352486582,110.99123977674999,1013.9866931535619,0.1080611700092186,0.6753812601240423,0.6839715366815351,,,1.4409677419354834,0.4364516129032256,1.324193548387097,1.3787096774193552,,,,0.7758064516129033,1.799032258064516,2.03,2017,8,-0.8660254037844385,-0.5000000000000004,771.0305000000001,771.396,771.5709999999999,771.3326666666667,771.29175,25.3143906463175,58.65085115384,165.7723783985825,348.5080002634925,24.761557495785,21.723199087701637,21.687004980902802,21.36002667170701,21.60893062872026,21.795938143481205,,,,,,,,,,,1.445806451612903,1.5213333333333334,1.6390322580645162,1.614285714285715,1.6603225806451616,0.4748387096774196,0.5539999999999999,0.7912903225806454,0.6610714285714286,0.4361290322580646,1.4606451612903228,1.643,1.8429032258064515,1.648928571428571,1.4622580645161292,1.2822580645161292,1.331666666666667,1.4109677419354838,1.4260714285714289,1.273870967741935,,,,,,,,,,,,,,,,0.7590322580645159,0.805,0.933548387096774,0.9378571428571424,0.796451612903226,1.8525806451612896,1.934666666666667,2.0006451612903224,1.365,1.0403225806451617,2.06,2.09,2.37,2.55,2.38,771.3325,771.4416111111112,771.3366736111111,771.3339166666668,771.3013888888889,83.24587339958005,198.1287300889967,197.5646963016129,210.4278890036089,212.95214777270382,21.590076913437148,21.51464641636267,21.764537302981413,21.78178692971508,21.662300918505174,14.482439489975384,15.405809511496757,15.183963075211503,15.706697885764031,15.663998719105816,0.7777949718436731,0.6504930906420086,0.5389777429167523,0.5085190932595829,0.47644784428725095,59.736551004919164,-28.346235139993475,20.06062484759203,-170.9349838346382,-33.15334282137378,41.14330145535809,-0.31663131313132453,-0.35205119699759124
2017-09-01,771.1295,2,22.423470050347245,14.4622811996528,125.155031731895,1013.4170564583334,0.04310319703789761,0.43462901684064514,0.4367611107627986,,,1.6740000000000004,0.4013333333333334,1.3286666666666669,1.442666666666667,,,,0.8036666666666665,1.7693333333333336,2.07,2017,9,-1.0,-1.8369701987210297e-16,770.952,771.0305000000001,771.396,771.558,771.3299999999999,110.99123977674999,25.3143906463175,58.65085115384,326.010585119895,81.020772376335,21.84771366431454,21.723199087701637,21.687004980902802,21.434133261088732,22.665253005208356,,,,,,,,,,,1.4409677419354834,1.445806451612903,1.5213333333333334,1.734516129032258,1.6830000000000005,0.4364516129032256,0.4748387096774196,0.5539999999999999,0.8219354838709678,0.4226666666666667,1.324193548387097,1.4606451612903228,1.643,1.7438709677419355,1.583,1.3787096774193552,1.2822580645161292,1.331666666666667,1.4361290322580644,1.3633333333333333,,,,,,,,,,,,,,,,0.7758064516129033,0.7590322580645159,0.805,0.9838709677419356,0.7313333333333333,1.799032258064516,1.8525806451612896,1.934666666666667,1.7322580645161292,1.020333333333333,2.03,2.06,2.09,2.55,2.37,771.1261666666666,771.3781666666667,771.3083611111111,771.3268854166666,771.2966203703704,64.98549385896922,158.54260334120627,204.75050315835998,214.53516064497455,212.55909322401908,21.752639244306327,21.554443588961718,21.768851929717524,21.768658897681025,21.66814985243028,14.117310095934165,15.107860797799082,15.31322163731948,15.763928828584374,15.681698230241194,0.7913581934094234,0.6988829120800722,0.5269503562565058,0.5030104855986715,0.48302603888919676,13.296339602915836,55.907979327043556,-7.044163634168967,-84.7053015536732,65.4211765714037,26.993337702708097,-0.04609343434344737,-0.05064261994000247
2017-10-01,770.9553333333333,3,22.52517413978497,15.4438661777554,209.97703056754,1012.3652419774866,0.0008246435655577811,0.35976112532945564,0.3597620704511893,,,1.6564516129032256,0.4393548387096774,1.3593548387096772,1.3738709677419356,,,0.3692307692307692,0.83,1.800967741935484,2.1,2017,10,-0.8660254037844386,0.5000000000000001,771.1295,770.952,771.0305000000001,771.7615000000001,771.0954999999999,125.155031731895,110.99123977674999,25.3143906463175,264.5161749518525,205.9640289216925,22.423470050347245,21.84771366431454,21.723199087701637,21.27458386805558,22.550727938508086,,,,,,,,,,,1.6740000000000004,1.4409677419354834,1.445806451612903,1.7896666666666663,1.674838709677419,0.4013333333333334,0.4364516129032256,0.4748387096774196,1.009,0.4403225806451615,1.3286666666666669,1.324193548387097,1.4606451612903228,1.852,1.565806451612903,1.442666666666667,1.3787096774193552,1.2822580645161292,1.435333333333333,1.434516129032258,,,,,,,,,,,,,,,,0.8036666666666665,0.7758064516129033,0.7590322580645159,0.9713333333333336,0.7280645161290321,1.7693333333333336,1.799032258064516,1.8525806451612896,2.002666666666667,1.0164516129032255,2.07,2.03,2.06,2.47,2.39,771.0373333333333,771.3067500000001,771.2916527777778,771.3409756944444,771.3007916666668,87.15355405165423,125.0666777765396,208.42835810465667,215.2512930675504,211.48503905165362,21.998127600787807,21.71933305383813,21.748703350145764,21.748159244541558,21.688841759210757,14.034506132971202,14.775518658191482,15.357112370681746,15.748414894484258,15.691522741188338,0.6608667967252791,0.6828342982985934,0.5160868448094049,0.5052971789726809,0.48353493916760787,-27.601502580632655,70.41024108468577,-3.474346998054287,-40.57104219811321,82.6083547132237,-11.672612502449404,-0.09949019607847731,-0.11400236637586497
2017-11-01,770.9609999999999,3,21.334323895833357,16.08431992187502,328.6600707380625,1012.7243339930556,-0.12755342471716147,0.37997341085528125,0.40081126370658915,0.8083333333333335,,1.665333333333333,0.6120000000000001,1.3986666666666667,1.542,,0.4836666666666666,0.4186666666666666,0.9743333333333332,0.8613333333333334,2.3,2017,11,-0.5000000000000004,0.8660254037844384,770.9553333333333,771.1295,770.952,771.5709999999999,771.0295,209.97703056754,125.155031731895,110.99123977674999,165.7723783985825,328.672110997585,22.52517413978497,22.423470050347245,21.84771366431454,21.36002667170701,21.348032239583357,,,,,,,,,,,1.6564516129032256,1.6740000000000004,1.4409677419354834,1.6390322580645162,1.668333333333334,0.4393548387096774,0.4013333333333334,0.4364516129032256,0.7912903225806454,0.4263333333333333,1.3593548387096772,1.3286666666666669,1.324193548387097,1.8429032258064515,1.505,1.3738709677419356,1.442666666666667,1.3787096774193552,1.4109677419354838,1.3496666666666668,,,,,,,,,,,0.3692307692307692,,,,,0.83,0.8036666666666665,0.7758064516129033,0.933548387096774,0.7683333333333333,1.800967741935484,1.7693333333333336,1.799032258064516,2.0006451612903224,1.0503333333333331,2.1,2.07,2.03,2.37,2.39,771.0122777777779,771.1723888888888,771.2799722222222,771.3438229166667,771.302412037037,148.70776735872838,115.97682037915418,208.76277490847727,209.986183811315,210.65031738836876,22.265452618148917,21.927764765793032,21.74657386691884,21.77138945049474,21.70920152856933,14.785402909964931,14.633921199970153,15.350337696622608,15.70859164060601,15.698375620425944,0.4934982392985076,0.6356466055710904,0.5292083542985743,0.5097116926513706,0.48391348036183834,14.621844950306809,45.43138802720235,17.085152887208878,-36.5580405522657,-43.754267436426304,-41.72259238070442,-0.11994117647066105,-0.13726246713071077
2017-12-01,771.00375,4,21.670333667674754,16.44232402217744,359.187632843895,1012.6779019489247,-0.12658264840208838,0.41425465025989583,0.4331628817643951,1.023548387096774,,1.6448387096774202,0.665483870967742,1.834516129032258,1.476129032258065,,0.4983870967741937,0.4067741935483871,0.855483870967742,0.9722580645161292,2.37,2017,12,-2.4492935982947064e-16,1.0,770.9609999999999,770.9553333333333,771.1295,771.396,771.342,328.6600707380625,209.97703056754,125.155031731895,58.65085115384,267.8567172564275,21.334323895833357,22.52517413978497,22.423470050347245,21.687004980902802,21.617243854166688,0.8083333333333335,,,,,,,,,,1.665333333333333,1.6564516129032256,1.6740000000000004,1.5213333333333334,1.705483870967742,0.6120000000000001,0.4393548387096774,0.4013333333333334,0.5539999999999999,0.4990322580645162,1.3986666666666667,1.3593548387096772,1.3286666666666669,1.643,1.4796774193548383,1.542,1.3738709677419356,1.442666666666667,1.331666666666667,1.311935483870968,,,,,,0.4836666666666666,,,,,0.4186666666666666,0.3692307692307692,,,,0.9743333333333332,0.83,0.8036666666666665,0.805,0.7329032258064515,0.8613333333333334,1.800967741935484,1.7693333333333336,1.934666666666667,1.089032258064516,2.3,2.1,2.07,2.09,2.36,771.0152777777777,771.0707222222222,771.2742638888889,771.33803125,771.3022037037038,221.26404434583256,143.12476910240082,208.76177155351706,208.82801216260532,212.33163196152464,22.094322695321853,21.923480969814094,21.74543150493967,21.776920854574602,21.709134264728664,15.330155766427744,14.723732931180953,15.352899049197838,15.675278871653466,15.705426347229572,0.3991114816401922,0.5952348375248079,0.5495045577195531,0.5145714514612613,0.48593952449883226,23.921578278556353,0.31668197258998987,56.22466129963355,-36.57008081178821,-71.5503870054588,18.804732252908046,-0.21742647058829334,-0.24963523672951726
2018-01-01,771.2726666666667,3,20.537963185483893,16.24823761760755,311.736971215545,1013.218368313172,0.12147036679568196,0.12410932961201711,0.17366109439428803,1.13258064516129,,1.5312903225806451,0.8141935483870966,1.9003225806451616,1.4793548387096775,,0.6751612903225804,0.44,0.9803225806451616,0.9819354838709676,2.5,2018,1,0.49999999999999994,0.8660254037844387,771.00375,770.9609999999999,770.9553333333333,771.0305000000001,771.3016666666666,359.187632843895,328.6600707380625,209.97703056754,25.3143906463175,273.72878803755,21.670333667674754,21.334323895833357,22.52517413978497,21.723199087701637,22.109373956653247,1.023548387096774,0.8083333333333335,,,,,,,,,1.6448387096774202,1.665333333333333,1.6564516129032256,1.445806451612903,1.69741935483871,0.665483870967742,0.6120000000000001,0.4393548387096774,0.4748387096774196,0.6167741935483869,1.834516129032258,1.3986666666666667,1.3593548387096772,1.4606451612903228,1.5048387096774196,1.476129032258065,1.542,1.3738709677419356,1.2822580645161292,1.4003225806451611,,,,,,0.4983870967741937,0.4836666666666666,,,,0.4067741935483871,0.4186666666666666,0.3692307692307692,,,0.855483870967742,0.9743333333333332,0.83,0.7590322580645159,0.7238709677419353,0.9722580645161292,0.8613333333333334,1.800967741935484,1.8525806451612896,1.226451612903226,2.37,2.3,2.1,2.06,2.34,770.9733611111111,771.0053472222222,771.2460763888888,771.3332569444443,771.2980300925925,299.27491138316594,193.21423271741,216.37268118580604,210.84007498371102,212.31780782570195,21.843277234431028,21.920702417609416,21.749855656065346,21.78296775981654,21.71972721793767,15.990170040602626,15.012338086786912,15.417204048637801,15.646369291960362,15.705714337914308,0.3979120719740577,0.5293894343496685,0.5475690907826071,0.5215394261877715,0.4912846059094574,-11.266418149983224,10.941920648230507,81.35216173291627,54.76083477567932,-23.260879298921296,18.307063363290546,-0.07560049019593862,-0.08331976010394912
2018-02-01,771.3853333333333,3,21.975739090401806,16.552793683035738,221.98885707666,1011.4668006231399,-0.04032298502129833,0.34184331009453994,0.344213294016108,1.149285714285714,,1.512857142857143,0.7582142857142857,2.0842857142857136,1.5010714285714286,,0.6107142857142857,0.6225000000000002,1.0775,1.0714285714285714,2.52,2018,2,0.8660254037844386,0.5000000000000001,771.2726666666667,771.00375,770.9609999999999,770.952,771.3326666666667,311.736971215545,359.187632843895,328.6600707380625,110.99123977674999,348.5080002634925,20.537963185483893,21.670333667674754,21.334323895833357,21.84771366431454,21.60893062872026,1.13258064516129,1.023548387096774,0.8083333333333335,,,,,,,,1.5312903225806451,1.6448387096774202,1.665333333333333,1.4409677419354834,1.614285714285715,0.8141935483870966,0.665483870967742,0.6120000000000001,0.4364516129032256,0.6610714285714286,1.9003225806451616,1.834516129032258,1.3986666666666667,1.324193548387097,1.648928571428571,1.4793548387096775,1.476129032258065,1.542,1.3787096774193552,1.4260714285714289,,,,,,0.6751612903225804,0.4983870967741937,0.4836666666666666,,,0.44,0.4067741935483871,0.4186666666666666,,,0.9803225806451616,0.855483870967742,0.9743333333333332,0.7758064516129033,0.9378571428571424,0.9819354838709676,0.9722580645161292,0.8613333333333334,1.799032258064516,1.365,2.5,2.37,2.3,2.03,2.55,771.0791388888889,771.0457083333334,771.2436597222222,771.3303263888889,771.2966597222222,333.19489159916753,240.95132947894794,219.54002978397227,211.4254186678656,212.59920549350778,21.180873582997336,21.723163100573128,21.618904758467895,21.726464408212035,21.695029537606132,16.258293853886673,15.5218483819258,15.46382894671128,15.58350858176491,15.71178136477736,0.335878413288424,0.4146883262934659,0.5325907084677373,0.5234758042466869,0.4884576364183353,-39.67780370015231,27.277005078879938,72.7083931060823,92.76901795367434,-9.212630879211318,28.437379404300565,-0.048149509804034096,-0.053414162746822764
2018-03-01,771.518,3,21.261727321908623,16.5743407762097,264.4571065505625,1012.9545847530242,-0.04529879141871121,0.24643137142833785,0.2505601750638902,1.2590322580645166,,1.7232258064516122,0.783225806451613,2.134193548387097,1.5748387096774192,,1.2429032258064516,0.5251612903225806,0.9648387096774196,1.1054838709677417,2.74,2018,3,1.0,6.123233995736766e-17,771.3853333333333,771.2726666666667,771.00375,771.1295,771.558,221.98885707666,311.736971215545,359.187632843895,125.155031731895,326.010585119895,21.975739090401806,20.537963185483893,21.670333667674754,22.423470050347245,21.434133261088732,1.149285714285714,1.13258064516129,1.023548387096774,,,,,,,,1.512857142857143,1.5312903225806451,1.6448387096774202,1.6740000000000004,1.734516129032258,0.7582142857142857,0.8141935483870966,0.665483870967742,0.4013333333333334,0.8219354838709678,2.0842857142857136,1.9003225806451616,1.834516129032258,1.3286666666666669,1.7438709677419355,1.5010714285714286,1.4793548387096775,1.476129032258065,1.442666666666667,1.4361290322580644,,,,,,0.6107142857142857,0.6751612903225804,0.4983870967741937,,,0.6225000000000002,0.44,0.4067741935483871,,,1.0775,0.9803225806451616,0.855483870967742,0.8036666666666665,0.9838709677419356,1.0714285714285714,0.9819354838709676,0.9722580645161292,1.7693333333333336,1.7322580645161292,2.52,2.5,2.37,2.07,2.55,771.2205833333334,771.1179305555555,771.2480486111111,771.3215069444444,771.3001550925925,297.63782037870004,259.45093236226626,208.99676785173622,207.21598222301938,211.6375574156691,21.394678647853482,21.744500671587673,21.64947213027469,21.724551580186986,21.700501601459887,16.414451774273584,15.87230377035066,15.490082284074871,15.556671851394512,15.724440172751072,0.3170124233915969,0.35806195251589473,0.5284724322979835,0.5279619595437129,0.4897038740208226,-51.826955602531314,-27.02264357157918,-26.705961598989184,-33.750125233158144,-110.23910555552136,-6.181951397891943,0.021892156862804768,0.02436091127385641
2018-04-01,771.8936666666667,3,20.537408704861136,17.290082111111133,450.23208823044,1013.8670421788195,-0.18629837043207603,0.3333452159591684,0.3818718578640113,1.720666666666666,,2.901333333333333,0.996,2.383666666666666,1.7079999999999995,,2.5196666666666667,0.6176666666666667,1.2456666666666671,1.2659999999999998,3.82,2018,4,0.8660254037844387,-0.4999999999999998,771.518,771.3853333333333,771.2726666666667,770.9553333333333,771.7615000000001,264.4571065505625,221.98885707666,311.736971215545,209.97703056754,264.5161749518525,21.261727321908623,21.975739090401806,20.537963185483893,22.52517413978497,21.27458386805558,1.2590322580645166,1.149285714285714,1.13258064516129,,,,,,,,1.7232258064516122,1.512857142857143,1.5312903225806451,1.6564516129032256,1.7896666666666663,0.783225806451613,0.7582142857142857,0.8141935483870966,0.4393548387096774,1.009,2.134193548387097,2.0842857142857136,1.9003225806451616,1.3593548387096772,1.852,1.5748387096774192,1.5010714285714286,1.4793548387096775,1.3738709677419356,1.435333333333333,,,,,,1.2429032258064516,0.6107142857142857,0.6751612903225804,,,0.5251612903225806,0.6225000000000002,0.44,0.3692307692307692,,0.9648387096774196,1.0775,0.9803225806451616,0.83,0.9713333333333336,1.1054838709677417,1.0714285714285714,0.9819354838709676,1.800967741935484,2.002666666666667,2.74,2.52,2.5,2.1,2.47,771.3919999999999,771.1826805555555,771.2447152777778,771.3203819444444,771.3089050925926,266.0609782809226,282.66794483204416,203.8673113042919,207.44359497684886,210.690747566385,21.258476532598106,21.550876883514565,21.635104968676348,21.6605701100229,21.68860427651775,16.458457358950998,16.224313699776808,15.499916178984144,15.517016273647537,15.726326713082987,0.25614485449142865,0.3270284632327433,0.5049313807656683,0.5194504846635372,0.48317819098480275,137.55491081269167,-102.77117745266685,-91.82925680443634,-95.30360380249061,-104.77639946361383,-40.26710597211943,0.23230637254903286,0.2665969259295688
2018-05-01,771.9159999999999,2,20.96964290322583,16.578072350470453,178.31373204026,1014.4344003108199,-0.15903965127997313,0.5136417885660526,0.537700193082157,1.6061290322580648,,2.72741935483871,0.9996774193548388,2.442903225806452,1.4648387096774191,,2.3845161290322583,0.5632258064516129,1.150967741935484,1.1938709677419357,3.78,2018,5,0.49999999999999994,-0.8660254037844387,771.8936666666667,771.518,771.3853333333333,770.9609999999999,771.5709999999999,450.23208823044,264.4571065505625,221.98885707666,328.6600707380625,165.7723783985825,20.537408704861136,21.261727321908623,21.975739090401806,21.334323895833357,21.36002667170701,1.720666666666666,1.2590322580645166,1.149285714285714,0.8083333333333335,,,,,,,2.901333333333333,1.7232258064516122,1.512857142857143,1.665333333333333,1.6390322580645162,0.996,0.783225806451613,0.7582142857142857,0.6120000000000001,0.7912903225806454,2.383666666666666,2.134193548387097,2.0842857142857136,1.3986666666666667,1.8429032258064515,1.7079999999999995,1.5748387096774192,1.5010714285714286,1.542,1.4109677419354838,,,,,,2.5196666666666667,1.2429032258064516,0.6107142857142857,0.4836666666666666,,0.6176666666666667,0.5251612903225806,0.6225000000000002,0.4186666666666666,,1.2456666666666671,0.9648387096774196,1.0775,0.9743333333333332,0.933548387096774,1.2659999999999998,1.1054838709677417,1.0714285714285714,0.8613333333333334,2.0006451612903224,3.82,2.74,2.52,2.3,2.37,771.599,771.3390694444444,771.2557291666667,771.3364097222221,771.3204050925925,312.22601728588756,322.7104544425275,219.34363741084084,205.78460894121358,214.2561848145771,21.258291705723853,21.219582644360596,21.573673705076814,21.620415848521162,21.680257747389668,16.805738856785528,16.532016355336097,15.582968777653127,15.485911072982027,15.73043013245027,0.32554844231466973,0.33071342780154694,0.4831800166863187,0.5160393738849166,0.4845658808767916,-11.976309820440378,46.05015151000805,73.32715658888799,90.41230947609688,-144.59206431886133,88.08863496279557,0.24940656565649988,0.29942478166690933
2018-06-01,771.826,2,20.858940800347245,14.809314664930579,51.0953066850175,1015.7732380815972,-0.030860201534220477,0.7564486185438448,0.7570778457567121,1.014,,2.497,0.6096666666666665,2.147333333333333,1.349666666666667,,1.0333333333333332,0.4566666666666664,0.918333333333333,1.0653333333333337,3.61,2018,6,1.2246467991473532e-16,-1.0,771.9159999999999,771.8936666666667,771.518,771.00375,771.396,178.31373204026,450.23208823044,264.4571065505625,359.187632843895,58.65085115384,20.96964290322583,20.537408704861136,21.261727321908623,21.670333667674754,21.687004980902802,1.6061290322580648,1.720666666666666,1.2590322580645166,1.023548387096774,,,,,,,2.72741935483871,2.901333333333333,1.7232258064516122,1.6448387096774202,1.5213333333333334,0.9996774193548388,0.996,0.783225806451613,0.665483870967742,0.5539999999999999,2.442903225806452,2.383666666666666,2.134193548387097,1.834516129032258,1.643,1.4648387096774191,1.7079999999999995,1.5748387096774192,1.476129032258065,1.331666666666667,,,,,,2.3845161290322583,2.5196666666666667,1.2429032258064516,0.4983870967741937,,0.5632258064516129,0.6176666666666667,0.5251612903225806,0.4067741935483871,,1.150967741935484,1.2456666666666671,0.9648387096774196,0.855483870967742,0.805,1.1938709677419357,1.2659999999999998,1.1054838709677417,0.9722580645161292,1.934666666666667,3.78,3.82,2.74,2.37,2.09,771.775888888889,771.4982361111112,771.2844791666666,771.3466597222222,771.3308217592593,297.6676422737542,297.65273132622707,220.38875021431397,208.4177906418075,213.7897552860727,20.92292630999853,21.158802478926006,21.54114172437005,21.598191121118607,21.678220074338597,16.814165079263763,16.61430842676867,15.66902067897481,15.472277322351987,15.72767661971879,0.39004407533668606,0.3535282493641416,0.4743815434444747,0.5083834610777322,0.4851170947950221,-8.76146662354887,73.75164538971998,46.7290018181408,102.95366311777437,-81.39570350460633,71.29717193663805,0.2517222222222699,0.2856312909272387
2018-07-01,771.682,1,20.467437669690884,13.67478572916669,32.84752370258,1016.5319249495968,-0.08530963345614488,0.9178343420773186,0.921790438796653,0.8003225806451613,,2.276774193548388,0.5019354838709679,2.2458064516129035,1.4264516129032256,,1.474193548387097,0.4083870967741937,0.8112903225806455,0.9967741935483866,3.55,2018,7,-0.4999999999999997,-0.8660254037844388,771.826,771.9159999999999,771.8936666666667,771.2726666666667,771.0305000000001,51.0953066850175,178.31373204026,450.23208823044,311.736971215545,25.3143906463175,20.858940800347245,20.96964290322583,20.537408704861136,20.537963185483893,21.723199087701637,1.014,1.6061290322580648,1.720666666666666,1.13258064516129,,,,,,,2.497,2.72741935483871,2.901333333333333,1.5312903225806451,1.445806451612903,0.6096666666666665,0.9996774193548388,0.996,0.8141935483870966,0.4748387096774196,2.147333333333333,2.442903225806452,2.383666666666666,1.9003225806451616,1.4606451612903228,1.349666666666667,1.4648387096774191,1.7079999999999995,1.4793548387096775,1.2822580645161292,,,,,,1.0333333333333332,2.3845161290322583,2.5196666666666667,0.6751612903225804,,0.4566666666666664,0.5632258064516129,0.6176666666666667,0.44,,0.918333333333333,1.150967741935484,1.2456666666666671,0.9803225806451616,0.7590322580645159,1.0653333333333337,1.1938709677419357,1.2659999999999998,0.9819354838709676,1.8525806451612896,3.61,3.78,3.82,2.5,2.06,771.8785555555556,771.6352777777778,771.3203125,771.3519097222223,771.3388680555556,226.54704231857258,246.3040102997475,219.75912150857877,208.5260003838176,213.51706568358836,20.788664136144735,21.02357033437142,21.47213637599042,21.5928687485781,21.66646936629461,16.225823042170727,16.34214020056086,15.677239143673885,15.463021490827103,15.715710494574113,0.5588832989009601,0.40751407669619444,0.4684517555229315,0.5070090046491204,0.49158765178374164,4.910483533113258,116.81713436870243,14.045956916035578,95.39811864895186,-78.79866969636383,61.48034624720054,0.2983636363636606,0.33221313484894044
2018-08-01,771.6853333333333,3,21.407449442204324,14.443299101142497,96.39877073212,1015.0266623151881,-0.024368142501851472,0.44710089565414346,0.4477644662807979,0.7583870967741935,,2.0687096774193554,0.4683870967741934,2.0690322580645155,1.4987096774193545,,1.1861290322580649,0.399032258064516,0.8332258064516127,0.9541935483870968,2.93,2018,8,-0.8660254037844385,-0.5000000000000004,771.682,771.826,771.9159999999999,771.3853333333333,770.952,32.84752370258,51.0953066850175,178.31373204026,221.98885707666,110.99123977674999,20.467437669690884,20.858940800347245,20.96964290322583,21.975739090401806,21.84771366431454,0.8003225806451613,1.014,1.6061290322580648,1.149285714285714,,,,,,,2.276774193548388,2.497,2.72741935483871,1.512857142857143,1.4409677419354834,0.5019354838709679,0.6096666666666665,0.9996774193548388,0.7582142857142857,0.4364516129032256,2.2458064516129035,2.147333333333333,2.442903225806452,2.0842857142857136,1.324193548387097,1.4264516129032256,1.349666666666667,1.4648387096774191,1.5010714285714286,1.3787096774193552,,,,,,1.474193548387097,1.0333333333333332,2.3845161290322583,0.6107142857142857,,0.4083870967741937,0.4566666666666664,0.5632258064516129,0.6225000000000002,,0.8112903225806455,0.918333333333333,1.150967741935484,1.0775,0.7758064516129033,0.9967741935483866,1.0653333333333337,1.1938709677419357,1.0714285714285714,1.799032258064516,3.55,3.61,3.78,2.52,2.03,771.808,771.7035000000001,771.3746041666667,771.3556388888888,771.3474791666667,87.41885414261922,199.82243571425332,220.3868825966006,208.97578944910674,213.7475535346061,20.765340457754654,21.011816081739255,21.36748959115619,21.5660134470688,21.643687816862112,15.020724248189245,15.913231552487382,15.71753996720659,15.450751521209048,15.710311912911553,0.7388561592118407,0.5322023007632553,0.47344531352836056,0.5062115282225564,0.4968278333491754,45.14408196028917,-15.82729291087599,30.22285859913206,102.93125170521435,-68.00373212942384,69.77790888384055,0.41670202020202396,0.4633162890702228
2018-09-01,771.651,1,22.9230924496528,14.543107491319466,91.6306974207175,1012.3622760763889,-0.0010872739650590602,0.4401141697054127,0.4401155127238302,0.6236666666666666,,1.4503333333333333,0.4060000000000002,1.842666666666667,1.4256666666666666,,1.0963333333333336,0.3556666666666667,0.7456666666666664,0.9036666666666664,2.54,2018,9,-1.0,-1.8369701987210297e-16,771.6853333333333,771.682,771.826,771.518,771.1295,96.39877073212,32.84752370258,51.0953066850175,264.4571065505625,125.155031731895,21.407449442204324,20.467437669690884,20.858940800347245,21.261727321908623,22.423470050347245,0.7583870967741935,0.8003225806451613,1.014,1.2590322580645166,,,,,,,2.0687096774193554,2.276774193548388,2.497,1.7232258064516122,1.6740000000000004,0.4683870967741934,0.5019354838709679,0.6096666666666665,0.783225806451613,0.4013333333333334,2.0690322580645155,2.2458064516129035,2.147333333333333,2.134193548387097,1.3286666666666669,1.4987096774193545,1.4264516129032256,1.349666666666667,1.5748387096774192,1.442666666666667,,,,,,1.1861290322580649,1.474193548387097,1.0333333333333332,1.2429032258064516,,0.399032258064516,0.4083870967741937,0.4566666666666664,0.5251612903225806,,0.8332258064516127,0.8112903225806455,0.918333333333333,0.9648387096774196,0.8036666666666665,0.9541935483870968,0.9967741935483866,1.0653333333333337,1.1054838709677417,1.7693333333333336,2.93,3.55,3.61,2.74,2.07,771.7311111111112,771.7534999999999,771.4357152777776,771.3720381944444,771.363162037037,60.11386703990589,178.89075465683,219.17084350954812,211.96067333395408,216.08038826649909,20.911275970747486,20.917101140373006,21.330800905980336,21.549826417848934,21.622706233780796,14.309133165079928,15.561649122171842,15.71697644626125,15.515099041790364,15.748278034476666,0.7088775836113875,0.549460829474037,0.4537613909949658,0.4903558736257358,0.4865941207307696,-20.22799470826166,41.29309886985356,115.04474425957353,88.33878266058437,3.6334811069111694,153.75995923198803,0.47540656565649897,0.5223267557399207
2018-10-01,771.4666666666667,3,22.22992596102153,15.54811825604841,271.1641191316425,1013.0842988071237,-0.06850131848039315,0.3141202829288995,0.32150269482678384,0.7727586206896552,,,0.4503225806451613,2.1551612903225803,1.562258064516129,,1.2374193548387096,0.4193548387096774,0.91258064516129,0.9158064516129032,2.67,2018,10,-0.8660254037844386,0.5000000000000001,771.651,771.6853333333333,771.682,771.8936666666667,770.9553333333333,91.6306974207175,96.39877073212,32.84752370258,450.23208823044,209.97703056754,22.9230924496528,21.407449442204324,20.467437669690884,20.537408704861136,22.52517413978497,0.6236666666666666,0.7583870967741935,0.8003225806451613,1.720666666666666,,,,,,,1.4503333333333333,2.0687096774193554,2.276774193548388,2.901333333333333,1.6564516129032256,0.4060000000000002,0.4683870967741934,0.5019354838709679,0.996,0.4393548387096774,1.842666666666667,2.0690322580645155,2.2458064516129035,2.383666666666666,1.3593548387096772,1.4256666666666666,1.4987096774193545,1.4264516129032256,1.7079999999999995,1.3738709677419356,,,,,,1.0963333333333336,1.1861290322580649,1.474193548387097,2.5196666666666667,,0.3556666666666667,0.399032258064516,0.4083870967741937,0.6176666666666667,0.3692307692307692,0.7456666666666664,0.8332258064516127,0.8112903225806455,1.2456666666666671,0.83,0.9036666666666664,0.9541935483870968,0.9967741935483866,1.2659999999999998,1.800967741935484,2.54,2.93,3.55,3.82,2.1,771.6727777777778,771.7756666666666,771.479173611111,771.3854131944445,771.3870416666666,73.62566395180589,150.08635313518917,216.37714898361665,212.40275354413666,215.6265783729058,21.599326520516,21.19399532833037,21.37243610592247,21.560569728034114,21.6229181983352,14.22039744054289,15.223110241356801,15.723711970566805,15.540412170624277,15.740180586511773,0.603223472600427,0.5810533857506935,0.45404092449171846,0.48506388465056166,0.4882117608123601,33.585585983469855,29.826570785140767,146.6437051538432,54.814448349406874,14.243406151293662,137.42280306263055,0.4118431372548912,0.47191677243939684
2018-11-01,771.4095,2,21.791875425347246,16.243365906250023,285.18176057543747,1012.7521477777777,-0.10716941065151736,0.3492125830792882,0.3652871620524082,0.9796666666666668,,,0.5296666666666667,2.181,1.5563333333333331,,1.8776666666666664,0.4846666666666667,0.8563333333333334,1.0219999999999996,2.93,2018,11,-0.5000000000000004,0.8660254037844384,771.4666666666667,771.651,771.6853333333333,771.9159999999999,770.9609999999999,271.1641191316425,91.6306974207175,96.39877073212,178.31373204026,328.6600707380625,22.22992596102153,22.9230924496528,21.407449442204324,20.96964290322583,21.334323895833357,0.7727586206896552,0.6236666666666666,0.7583870967741935,1.6061290322580648,0.8083333333333335,,,,,,,1.4503333333333333,2.0687096774193554,2.72741935483871,1.665333333333333,0.4503225806451613,0.4060000000000002,0.4683870967741934,0.9996774193548388,0.6120000000000001,2.1551612903225803,1.842666666666667,2.0690322580645155,2.442903225806452,1.3986666666666667,1.562258064516129,1.4256666666666666,1.4987096774193545,1.4648387096774191,1.542,,,,,,1.2374193548387096,1.0963333333333336,1.1861290322580649,2.3845161290322583,0.4836666666666666,0.4193548387096774,0.3556666666666667,0.399032258064516,0.5632258064516129,0.4186666666666666,0.91258064516129,0.7456666666666664,0.8332258064516127,1.150967741935484,0.9743333333333332,0.9158064516129032,0.9036666666666664,0.9541935483870968,1.1938709677419357,0.8613333333333334,2.67,2.54,2.93,3.78,2.3,771.601,771.7044999999999,771.5217847222222,771.4008784722223,771.4031435185185,153.06452909482672,120.24169161872292,221.47607303062523,215.11942396955126,213.8161468844184,22.186822617626216,21.476081537690437,21.347832091025513,21.547202978972177,21.630203664005,14.844841616170129,14.932782932179682,15.732399643757889,15.541368670190247,15.716527641656638,0.4031275579438039,0.5709918585778223,0.45085264318968465,0.4900304987441295,0.49009200949747533,-28.8564652123182,58.501673235497364,42.67438032462138,116.00153691350938,79.44349636124369,72.24726947708305,0.3285588235294199,0.3760076067474932
2018-12-01,771.574,2,21.138851528897874,16.393806935483894,374.3458392852125,1013.9310980510752,-0.08336571695950691,0.2386720309613558,0.25281254147567717,1.296451612903226,,,0.6548387096774195,2.2396774193548388,1.5903225806451613,,1.5187096774193547,0.5293548387096776,0.9729032258064516,1.0812903225806452,2.85,2018,12,-2.4492935982947064e-16,1.0,771.4095,771.4666666666667,771.651,771.826,771.00375,285.18176057543747,271.1641191316425,91.6306974207175,51.0953066850175,359.187632843895,21.791875425347246,22.22992596102153,22.9230924496528,20.858940800347245,21.670333667674754,0.9796666666666668,0.7727586206896552,0.6236666666666666,1.014,1.023548387096774,,,,,,,,1.4503333333333333,2.497,1.6448387096774202,0.5296666666666667,0.4503225806451613,0.4060000000000002,0.6096666666666665,0.665483870967742,2.181,2.1551612903225803,1.842666666666667,2.147333333333333,1.834516129032258,1.5563333333333331,1.562258064516129,1.4256666666666666,1.349666666666667,1.476129032258065,,,,,,1.8776666666666664,1.2374193548387096,1.0963333333333336,1.0333333333333332,0.4983870967741937,0.4846666666666667,0.4193548387096774,0.3556666666666667,0.4566666666666664,0.4067741935483871,0.8563333333333334,0.91258064516129,0.7456666666666664,0.918333333333333,0.855483870967742,1.0219999999999996,0.9158064516129032,0.9036666666666664,1.0653333333333337,0.9722580645161292,2.93,2.67,2.54,3.61,2.37,771.5090555555556,771.6200833333334,771.5591597222223,771.4167118055556,771.4117407407407,215.99219237593255,138.05302970791917,217.85288051707312,213.3073260352951,211.8363016140946,22.31496461200719,21.61312029137734,21.385961385151674,21.565696445045674,21.646601031433626,15.444863884539304,14.876998524809613,15.74565347578914,15.549276262493487,15.698737073032024,0.3756351232010073,0.5422563534061976,0.4478923013851696,0.4986984295523613,0.49234506810256395,39.07978471987383,-15.498873937110005,25.79422493274356,72.52322675088438,35.95314593909617,0.9728397454255386,0.3528235294116939,0.40508952313911245
2019-01-01,771.7906666666668,3,21.874980937500023,16.371812836021526,334.4424368547475,1013.6169417002689,-0.09302049159906585,0.3836295219692011,0.3947460221251756,1.2722580645161292,,,0.7387096774193548,2.313870967741936,1.6041935483870966,,1.506774193548387,0.555483870967742,0.9345161290322578,1.123225806451613,2.72,2019,1,0.49999999999999994,0.8660254037844387,771.574,771.4095,771.4666666666667,771.682,771.2726666666667,374.3458392852125,285.18176057543747,271.1641191316425,32.84752370258,311.736971215545,21.138851528897874,21.791875425347246,22.22992596102153,20.467437669690884,20.537963185483893,1.296451612903226,0.9796666666666668,0.7727586206896552,0.8003225806451613,1.13258064516129,,,,,,,,,2.276774193548388,1.5312903225806451,0.6548387096774195,0.5296666666666667,0.4503225806451613,0.5019354838709679,0.8141935483870966,2.2396774193548388,2.181,2.1551612903225803,2.2458064516129035,1.9003225806451616,1.5903225806451613,1.5563333333333331,1.562258064516129,1.4264516129032256,1.4793548387096775,,,,,,1.5187096774193547,1.8776666666666664,1.2374193548387096,1.474193548387097,0.6751612903225804,0.5293548387096776,0.4846666666666667,0.4193548387096774,0.4083870967741937,0.44,0.9729032258064516,0.8563333333333334,0.91258064516129,0.8112903225806455,0.9803225806451616,1.0812903225806452,1.0219999999999996,0.9158064516129032,0.9967741935483866,0.9819354838709676,2.85,2.93,2.67,3.55,2.5,771.4833888888888,771.5780833333333,771.6066805555556,771.4263784722222,771.4243981481482,310.2305729974309,191.92811847461834,219.11606438718294,217.7443727864945,213.59873811820165,21.720217638422216,21.65977207946911,21.341671206920267,21.545763431492805,21.635868908851112,16.06176369926078,15.141080569901831,15.741610385231345,15.579407216934571,15.678116323050691,0.313200799451623,0.458212136026025,0.43286310636110975,0.4902160985718584,0.4919806529122176,11.439047489219263,43.808905491025484,73.63547627616626,87.68143319220185,142.44226796788118,64.42055389328053,0.4423995098040905,0.4875711907614287
2019-02-01,771.742,1,22.425917773437522,16.389279849330382,238.7998701484425,1012.8253617187501,-0.1515217508691406,0.4136513752480902,0.440529569076908,1.4157142857142857,,,0.6603571428571428,2.3442857142857143,1.5035714285714283,,1.5485714285714285,0.5371428571428571,0.903214285714286,1.1146428571428573,2.72,2019,2,0.8660254037844386,0.5000000000000001,771.7906666666668,771.574,771.4095,771.6853333333333,771.3853333333333,334.4424368547475,374.3458392852125,285.18176057543747,96.39877073212,221.98885707666,21.874980937500023,21.138851528897874,21.791875425347246,21.407449442204324,21.975739090401806,1.2722580645161292,1.296451612903226,0.9796666666666668,0.7583870967741935,1.149285714285714,,,,,,,,,2.0687096774193554,1.512857142857143,0.7387096774193548,0.6548387096774195,0.5296666666666667,0.4683870967741934,0.7582142857142857,2.313870967741936,2.2396774193548388,2.181,2.0690322580645155,2.0842857142857136,1.6041935483870966,1.5903225806451613,1.5563333333333331,1.4987096774193545,1.5010714285714286,,,,,,1.506774193548387,1.5187096774193547,1.8776666666666664,1.1861290322580649,0.6107142857142857,0.555483870967742,0.5293548387096776,0.4846666666666667,0.399032258064516,0.6225000000000002,0.9345161290322578,0.9729032258064516,0.8563333333333334,0.8332258064516127,1.0775,1.123225806451613,1.0812903225806452,1.0219999999999996,0.9541935483870968,1.0714285714285714,2.72,2.85,2.93,2.93,2.52,771.591388888889,771.5961944444444,771.6498472222223,771.4467534722222,771.4368333333334,331.3233455717992,242.1939373333129,221.00818652378314,220.2741081538777,214.61967461983812,21.601902630581716,21.894362624103962,21.45308935292161,21.535997055694754,21.63533938978189,16.336328559251818,15.59058508771097,15.751908320099176,15.607868633405227,15.639641827876334,0.3376152418844202,0.3703713999141122,0.4512868503386837,0.49193877940321046,0.4994128196106858,-22.866790628369813,21.662366996774892,80.16404023227227,110.38689883140434,203.1559167850787,101.17426795219299,0.30851715686264924,0.34225033014703554
2019-03-01,771.848,2,22.106704842069913,16.45169062163981,272.09925651135,1013.0503511424731,-0.08651600103795935,0.3406084118492389,0.35142439963391975,1.4745161290322584,,,0.7312903225806449,2.412903225806452,1.503548387096774,,1.64741935483871,0.5903225806451612,0.9280645161290324,1.1100000000000003,2.76,2019,3,1.0,6.123233995736766e-17,771.742,771.7906666666668,771.574,771.651,771.518,238.7998701484425,334.4424368547475,374.3458392852125,91.6306974207175,264.4571065505625,22.425917773437522,21.874980937500023,21.138851528897874,22.9230924496528,21.261727321908623,1.4157142857142857,1.2722580645161292,1.296451612903226,0.6236666666666666,1.2590322580645166,,,,,,,,,1.4503333333333333,1.7232258064516122,0.6603571428571428,0.7387096774193548,0.6548387096774195,0.4060000000000002,0.783225806451613,2.3442857142857143,2.313870967741936,2.2396774193548388,1.842666666666667,2.134193548387097,1.5035714285714283,1.6041935483870966,1.5903225806451613,1.4256666666666666,1.5748387096774192,,,,,,1.5485714285714285,1.506774193548387,1.5187096774193547,1.0963333333333336,1.2429032258064516,0.5371428571428571,0.555483870967742,0.5293548387096776,0.3556666666666667,0.5251612903225806,0.903214285714286,0.9345161290322578,0.9729032258064516,0.7456666666666664,0.9648387096774196,1.1146428571428573,1.123225806451613,1.0812903225806452,0.9036666666666664,1.1054838709677417,2.72,2.72,2.85,2.54,2.74,771.7022222222222,771.6056388888888,771.6795694444444,771.4638090277778,771.4408611111111,315.8627154294675,265.9274539027,222.409104279765,215.7029360657506,212.28035624193456,21.81325007994514,22.064107345976165,21.490604243174587,21.57003818672464,21.646569134516184,16.384966540278608,15.91491521240895,15.738282167290398,15.614182225682633,15.617208623359808,0.36269604422592017,0.3691655837134638,0.4593132065937504,0.49389281944586694,0.5050790418937254,-44.18480564174382,27.652041580723278,12.15316764361328,127.19791190318682,93.4477866700287,16.958806347665437,0.351892156862732,0.3915746477161273
2019-04-01,771.903,1,22.116118100694464,17.199600112847246,295.995771654375,1013.1097843055555,-0.24779334621692536,0.5052353754574649,0.5627293550571416,1.4996666666666665,,,0.6676666666666666,2.629666666666666,,,1.828,0.5616666666666666,0.8796666666666667,1.136666666666667,2.78,2019,4,0.8660254037844387,-0.4999999999999998,771.848,771.742,771.7906666666668,771.4666666666667,771.8936666666667,272.09925651135,238.7998701484425,334.4424368547475,271.1641191316425,450.23208823044,22.106704842069913,22.425917773437522,21.874980937500023,22.22992596102153,20.537408704861136,1.4745161290322584,1.4157142857142857,1.2722580645161292,0.7727586206896552,1.720666666666666,,,,,,,,,,2.901333333333333,0.7312903225806449,0.6603571428571428,0.7387096774193548,0.4503225806451613,0.996,2.412903225806452,2.3442857142857143,2.313870967741936,2.1551612903225803,2.383666666666666,1.503548387096774,1.5035714285714283,1.6041935483870966,1.562258064516129,1.7079999999999995,,,,,,1.64741935483871,1.5485714285714285,1.506774193548387,1.2374193548387096,2.5196666666666667,0.5903225806451612,0.5371428571428571,0.555483870967742,0.4193548387096774,0.6176666666666667,0.9280645161290324,0.903214285714286,0.9345161290322578,0.91258064516129,1.2456666666666671,1.1100000000000003,1.1146428571428573,1.123225806451613,0.9158064516129032,1.2659999999999998,2.76,2.72,2.72,2.67,3.82,771.7935555555556,771.6384722222223,771.7070694444443,771.4758923611112,771.4492777777779,281.7805211715134,296.0055470844721,223.0459501098306,213.45663070706124,212.6443800211761,22.135867851002487,21.928042744712354,21.56101903652136,21.598062002598855,21.62738641885572,16.404261102330576,16.233012400795676,15.72806132107624,15.613988750030193,15.587364622790439,0.395566663612001,0.35438373153181213,0.46771855864125284,0.4863249697034606,0.5022065093227758,-16.681405763373334,-55.61254878089437,-11.80364328986888,134.8400618639743,39.53645806148373,30.06366240036047,0.24163970588233497,0.2773079449516971
2019-05-01,771.9526666666667,3,21.470345006720454,17.08075669522852,246.5246317613375,1014.2232137684812,-0.3194196961351982,0.5618437487694588,0.6462950876421861,1.408709677419355,,,0.649032258064516,2.4732258064516133,1.5751612903225811,,1.8264516129032256,0.5461290322580644,0.8658064516129036,0.9725806451612904,2.84,2019,5,0.49999999999999994,-0.8660254037844387,771.903,771.848,771.742,771.4095,771.9159999999999,295.995771654375,272.09925651135,238.7998701484425,285.18176057543747,178.31373204026,22.116118100694464,22.106704842069913,22.425917773437522,21.791875425347246,20.96964290322583,1.4996666666666665,1.4745161290322584,1.4157142857142857,0.9796666666666668,1.6061290322580648,,,,,,,,,,2.72741935483871,0.6676666666666666,0.7312903225806449,0.6603571428571428,0.5296666666666667,0.9996774193548388,2.629666666666666,2.412903225806452,2.3442857142857143,2.181,2.442903225806452,,1.503548387096774,1.5035714285714283,1.5563333333333331,1.4648387096774191,,,,,,1.828,1.64741935483871,1.5485714285714285,1.8776666666666664,2.3845161290322583,0.5616666666666666,0.5903225806451612,0.5371428571428571,0.4846666666666667,0.5632258064516129,0.8796666666666667,0.9280645161290324,0.903214285714286,0.8563333333333334,1.150967741935484,1.136666666666667,1.1100000000000003,1.1146428571428573,1.0219999999999996,1.1938709677419357,2.78,2.76,2.72,2.93,3.78,771.831,771.7111944444445,771.7078472222221,771.4817881944444,771.4602222222222,268.9649661047226,300.1441558382608,210.19292372849188,214.76828056966636,207.25404720363966,22.216246905400634,21.90907476799117,21.692578152840806,21.63312592895881,21.644469949961046,16.680190194605817,16.508259376928816,15.720521154554248,15.651744966103687,15.564114433506099,0.4515611079226563,0.3945881749035384,0.4827900167406804,0.48298501671349947,0.5049562548368379,56.23458990063713,-83.73300203348697,-62.07063503671207,-19.396254712090695,71.01605476400621,-163.98831903095206,0.2860732323232469,0.3434449085318331
2019-06-01,771.9366666666666,3,21.261567784722246,15.782927677083357,55.089473825375,1015.7584250520833,0.014235809201894059,0.7222315253349837,0.7223718117779306,1.148666666666667,,,0.5046666666666667,2.300666666666667,1.461,,1.3486666666666665,0.5076666666666667,0.7629999999999998,0.6913333333333334,2.67,2019,6,1.2246467991473532e-16,-1.0,771.9526666666667,771.903,771.848,771.574,771.826,246.5246317613375,295.995771654375,272.09925651135,374.3458392852125,51.0953066850175,21.470345006720454,22.116118100694464,22.106704842069913,21.138851528897874,20.858940800347245,1.408709677419355,1.4996666666666665,1.4745161290322584,1.296451612903226,1.014,,,,,,,,,,2.497,0.649032258064516,0.6676666666666666,0.7312903225806449,0.6548387096774195,0.6096666666666665,2.4732258064516133,2.629666666666666,2.412903225806452,2.2396774193548388,2.147333333333333,1.5751612903225811,,1.503548387096774,1.5903225806451613,1.349666666666667,,,,,,1.8264516129032256,1.828,1.64741935483871,1.5187096774193547,1.0333333333333332,0.5461290322580644,0.5616666666666666,0.5903225806451612,0.5293548387096776,0.4566666666666664,0.8658064516129036,0.8796666666666667,0.9280645161290324,0.9729032258064516,0.918333333333333,0.9725806451612904,1.136666666666667,1.1100000000000003,1.0812903225806452,1.0653333333333337,2.84,2.78,2.76,2.85,3.61,771.9012222222223,771.8017222222223,771.7109027777778,771.4976909722222,771.4680740740741,271.53988664235425,293.70130103591083,215.877165371915,218.13295779311446,210.90424888517666,21.897722649828278,21.855486364886712,21.734303328132025,21.637722526251036,21.643561856789745,16.910682476571864,16.647824508425227,15.76241151661742,15.715716097796113,15.568988720440466,0.5201496141110824,0.4414228291685014,0.4918395912873495,0.4831105673659121,0.5028688378142713,-4.7672994831913655,-4.631621504480023,23.020420076243262,48.814645008986815,151.7683081267612,-32.581058495619544,0.3623888888888587,0.4112056744025314
2019-07-01,771.6093333333333,3,21.263017894825293,14.37842373151884,60.210585510079994,1014.9222749159946,0.044939861286628,0.6724847976523689,0.6739847136293292,0.9525806451612904,,,0.4458064516129032,2.1183870967741933,1.4454838709677418,,0.8606451612903223,0.4738709677419357,0.7229032258064515,0.6222580645161288,2.63,2019,7,-0.4999999999999997,-0.8660254037844388,771.9366666666666,771.9526666666667,771.903,771.7906666666668,771.682,55.089473825375,246.5246317613375,295.995771654375,334.4424368547475,32.84752370258,21.261567784722246,21.470345006720454,22.116118100694464,21.874980937500023,20.467437669690884,1.148666666666667,1.408709677419355,1.4996666666666665,1.2722580645161292,0.8003225806451613,,,,,,,,,,2.276774193548388,0.5046666666666667,0.649032258064516,0.6676666666666666,0.7387096774193548,0.5019354838709679,2.300666666666667,2.4732258064516133,2.629666666666666,2.313870967741936,2.2458064516129035,1.461,1.5751612903225811,,1.6041935483870966,1.4264516129032256,,,,,,1.3486666666666665,1.8264516129032256,1.828,1.506774193548387,1.474193548387097,0.5076666666666667,0.5461290322580644,0.5616666666666666,0.555483870967742,0.4083870967741937,0.7629999999999998,0.8658064516129036,0.8796666666666667,0.9345161290322578,0.8112903225806455,0.6913333333333334,0.9725806451612904,1.136666666666667,1.123225806451613,0.9967741935483866,2.67,2.84,2.78,2.72,3.55,771.9307777777777,771.8621666666667,771.7201249999999,771.5202187499999,771.4746481481482,199.2032924136959,240.4919067926046,216.21001263361146,217.98456707109514,211.08733780041555,21.616010297379052,21.87593907419077,21.76785557682994,21.61999597641018,21.65119769132871,16.687761495053046,16.54601129869181,15.843545934296818,15.76039253898535,15.589862971983674,0.6437987514924193,0.5196827075522102,0.48894742178911765,0.4786995886560246,0.5009884770291194,32.27354534061325,34.78588465407243,-20.82666412682193,52.80881214934432,148.20693079829618,-25.98985754701954,0.22569696969696906,0.25130239979227104
2019-08-01,771.3530000000001,2,22.062882772177442,14.30618736559142,67.656099726765,1015.1005287466398,0.07743060144974465,0.6869240016256485,0.6912742451807843,0.8583870967741933,,,0.3938709677419356,1.9751612903225808,1.4329032258064516,,0.7054838709677419,0.4419354838709676,0.6783870967741937,0.5964516129032257,2.61,2019,8,-0.8660254037844385,-0.5000000000000004,771.6093333333333,771.9366666666666,771.9526666666667,771.742,771.6853333333333,60.210585510079994,55.089473825375,246.5246317613375,238.7998701484425,96.39877073212,21.263017894825293,21.261567784722246,21.470345006720454,22.425917773437522,21.407449442204324,0.9525806451612904,1.148666666666667,1.408709677419355,1.4157142857142857,0.7583870967741935,,,,,,,,,,2.0687096774193554,0.4458064516129032,0.5046666666666667,0.649032258064516,0.6603571428571428,0.4683870967741934,2.1183870967741933,2.300666666666667,2.4732258064516133,2.3442857142857143,2.0690322580645155,1.4454838709677418,1.461,1.5751612903225811,1.5035714285714283,1.4987096774193545,,,,,,0.8606451612903223,1.3486666666666665,1.8264516129032256,1.5485714285714285,1.1861290322580649,0.4738709677419357,0.5076666666666667,0.5461290322580644,0.5371428571428571,0.399032258064516,0.7229032258064515,0.7629999999999998,0.8658064516129036,0.903214285714286,0.8332258064516127,0.6222580645161288,0.6913333333333334,0.9725806451612904,1.1146428571428573,0.9541935483870968,2.63,2.67,2.84,2.72,2.93,771.8328888888888,771.8319444444445,771.7140694444444,771.5443368055554,771.4751157407406,120.60823036559758,194.78659823516,218.49026778423647,219.43857519041853,212.14728222748332,21.33164356208933,21.773945233744982,21.834153928924476,21.600821760040333,21.65539360768736,15.747369367943577,16.21377978127469,15.902182434492829,15.809861200849712,15.60122849230364,0.6808838710164818,0.5662224894695692,0.46829694469184074,0.47087112911010065,0.4935733337123178,16.401410954934178,83.74083575805902,0.007833724572058998,80.17187395684431,183.1031256620587,12.168141827420456,0.08436868686874277,0.09380656924773813
2019-09-01,771.3873333333332,3,22.6236128715278,14.867467133680577,152.612865148255,1013.3906917621529,0.0513300154040764,0.4703609041230087,0.4731534112830604,0.9126666666666668,,,0.4133333333333334,1.9769999999999992,1.5586666666666666,,0.543,0.4363333333333333,0.7233333333333334,0.5693333333333332,2.55,2019,9,-1.0,-1.8369701987210297e-16,771.3530000000001,771.6093333333333,771.9366666666666,771.848,771.651,67.656099726765,60.210585510079994,55.089473825375,272.09925651135,91.6306974207175,22.062882772177442,21.263017894825293,21.261567784722246,22.106704842069913,22.9230924496528,0.8583870967741933,0.9525806451612904,1.148666666666667,1.4745161290322584,0.6236666666666666,,,,,,,,,,1.4503333333333333,0.3938709677419356,0.4458064516129032,0.5046666666666667,0.7312903225806449,0.4060000000000002,1.9751612903225808,2.1183870967741933,2.300666666666667,2.412903225806452,1.842666666666667,1.4329032258064516,1.4454838709677418,1.461,1.503548387096774,1.4256666666666666,,,,,,0.7054838709677419,0.8606451612903223,1.3486666666666665,1.64741935483871,1.0963333333333336,0.4419354838709676,0.4738709677419357,0.5076666666666667,0.5903225806451612,0.3556666666666667,0.6783870967741937,0.7229032258064515,0.7629999999999998,0.9280645161290324,0.7456666666666664,0.5964516129032257,0.6222580645161288,0.6913333333333334,1.1100000000000003,0.9036666666666664,2.61,2.63,2.67,2.76,2.54,771.6330000000002,771.7671111111111,771.6863750000001,771.5610451388889,771.4768171296296,60.985386354073405,166.26263649821374,216.0950452004569,217.63294435500254,213.33879728945502,21.529156150574995,21.713439400201636,21.8887733730889,21.609787139534617,21.662808736262253,14.822512924731209,15.866597700651532,15.89075645653024,15.803866451395747,15.640318180036992,0.6958769235293479,0.6080132688202152,0.48858942626683954,0.47117540863090274,0.4897670578394371,40.75417301927584,43.907656812356066,39.27603530787605,51.42920295148932,139.76798561207372,55.062684058400464,0.21173989898977652,0.23263754119024876
2019-10-01,771.3085,2,21.49144536290325,15.617997088373679,378.7937167000225,1012.6852539902553,-0.09809937008712197,0.39326712913121137,0.40531780279996954,1.2854838709677423,,,0.4712903225806452,1.971290322580645,1.6709677419354831,,0.8774193548387098,0.493225806451613,0.8164516129032259,0.6661290322580647,2.87,2019,10,-0.8660254037844386,0.5000000000000001,771.3873333333332,771.3530000000001,771.6093333333333,771.903,771.4666666666667,152.612865148255,67.656099726765,60.210585510079994,295.995771654375,271.1641191316425,22.6236128715278,22.062882772177442,21.263017894825293,22.116118100694464,22.22992596102153,0.9126666666666668,0.8583870967741933,0.9525806451612904,1.4996666666666665,0.7727586206896552,,,,,,,,,,,0.4133333333333334,0.3938709677419356,0.4458064516129032,0.6676666666666666,0.4503225806451613,1.9769999999999992,1.9751612903225808,2.1183870967741933,2.629666666666666,2.1551612903225803,1.5586666666666666,1.4329032258064516,1.4454838709677418,,1.562258064516129,,,,,,0.543,0.7054838709677419,0.8606451612903223,1.828,1.2374193548387096,0.4363333333333333,0.4419354838709676,0.4738709677419357,0.5616666666666666,0.4193548387096774,0.7233333333333334,0.6783870967741937,0.7229032258064515,0.8796666666666667,0.91258064516129,0.5693333333333332,0.5964516129032257,0.6222580645161288,1.136666666666667,0.9158064516129032,2.55,2.61,2.63,2.78,2.67,771.4498888888888,771.6903333333333,771.6644027777778,771.5717881944446,771.4784097222223,93.49318346170007,146.34823793769792,221.17689251108501,218.77702074735086,215.32746653311946,21.98317117951018,21.799590738444618,21.863816741578486,21.61812642375048,21.66165206588224,14.517359410263618,15.602560452658325,15.917786426727,15.820749198646903,15.666203589325184,0.6128041233643912,0.6283014374284054,0.4913425844801087,0.47269175448591366,0.48715678459374406,141.21518355184986,89.42912931482327,124.2150139688957,112.41137067902682,167.22581902843373,126.65477683032046,0.2536764705881751,0.2906790727210726
2019-11-01,771.3785,2,21.598574225694467,15.834026298611134,274.4040490243325,1012.3164191059028,-0.13518553817956597,0.20107987721643505,0.2422978471928207,1.389333333333333,,,0.6236666666666666,2.1326666666666667,1.650666666666667,,1.0633333333333337,0.6009999999999998,0.931333333333333,0.7726666666666667,3.02,2019,11,-0.5000000000000004,0.8660254037844384,771.3085,771.3873333333332,771.3530000000001,771.9526666666667,771.4095,378.7937167000225,152.612865148255,67.656099726765,246.5246317613375,285.18176057543747,21.49144536290325,22.6236128715278,22.062882772177442,21.470345006720454,21.791875425347246,1.2854838709677423,0.9126666666666668,0.8583870967741933,1.408709677419355,0.9796666666666668,,,,,,,,,,,0.4712903225806452,0.4133333333333334,0.3938709677419356,0.649032258064516,0.5296666666666667,1.971290322580645,1.9769999999999992,1.9751612903225808,2.4732258064516133,2.181,1.6709677419354831,1.5586666666666666,1.4329032258064516,1.5751612903225811,1.5563333333333331,,,,,,0.8774193548387098,0.543,0.7054838709677419,1.8264516129032256,1.8776666666666664,0.493225806451613,0.4363333333333333,0.4419354838709676,0.5461290322580644,0.4846666666666667,0.8164516129032259,0.7233333333333334,0.6783870967741937,0.8658064516129036,0.8563333333333334,0.6661290322580647,0.5693333333333332,0.5964516129032257,0.9725806451612904,1.0219999999999996,2.87,2.55,2.61,2.84,2.93,771.3496111111111,771.59125,771.6512222222223,771.5865034722223,771.4843263888889,199.68756052501422,160.14789544530583,230.14602564178332,225.81104933620426,220.1282911936286,22.059313668869496,21.695478615479413,21.80227669173529,21.575054391380405,21.632227549893216,14.93055052921523,15.338959948579399,15.923609662754105,15.828004653256,15.668782334378202,0.5232484864212713,0.6020661787188767,0.4983271768112076,0.4745899100004461,0.4927960580998222,-39.63417676342317,198.37076752605986,282.1116032841189,220.04096824740682,336.0425051609162,299.48446460865046,0.29755882352947083,0.34053074545385814
2019-12-01,771.607,1,21.145909779905935,17.44186140961024,453.9238812441125,1013.4131653393817,-0.005774487652716723,0.10182245389475302,0.10198606191436398,1.9351612903225808,,,1.058064516129032,2.31774193548387,1.6854838709677418,,1.597741935483871,0.6229032258064515,1.3529032258064515,1.0587096774193552,3.39,2019,12,-2.4492935982947064e-16,1.0,771.3785,771.3085,771.3873333333332,771.9366666666666,771.574,274.4040490243325,378.7937167000225,152.612865148255,55.089473825375,374.3458392852125,21.598574225694467,21.49144536290325,22.6236128715278,21.261567784722246,21.138851528897874,1.389333333333333,1.2854838709677423,0.9126666666666668,1.148666666666667,1.296451612903226,,,,,,,,,,,0.6236666666666666,0.4712903225806452,0.4133333333333334,0.5046666666666667,0.6548387096774195,2.1326666666666667,1.971290322580645,1.9769999999999992,2.300666666666667,2.2396774193548388,1.650666666666667,1.6709677419354831,1.5586666666666666,1.461,1.5903225806451613,,,,,,1.0633333333333337,0.8774193548387098,0.543,1.3486666666666665,1.5187096774193547,0.6009999999999998,0.493225806451613,0.4363333333333333,0.5076666666666667,0.5293548387096776,0.931333333333333,0.8164516129032259,0.7233333333333334,0.7629999999999998,0.9729032258064516,0.7726666666666667,0.6661290322580647,0.5693333333333332,0.6913333333333334,1.0812903225806452,3.02,2.87,2.55,2.67,2.85,771.358111111111,771.4955555555556,771.6486388888889,771.6038993055555,771.4940208333333,268.6035436242034,164.79446498913833,229.24788301252457,223.55038176479886,218.62084502770492,21.90454415337517,21.716850151975084,21.786168258430894,21.586064821791286,21.639187049507413,15.439830173555135,15.131171549143168,15.889498028784198,15.817575752286666,15.662683517923726,0.3735896870919501,0.5347333053106491,0.48807806723957525,0.4679851843123724,0.49515830878143263,118.65782667877386,142.3351798077025,186.2428366200586,209.26325669630185,281.78648344718624,245.216402635398,0.3858235294117094,0.44297802305261597
2020-01-01,771.7763333333332,3,21.67381538306454,17.40203258232529,369.542300796385,1013.7501418010753,0.07032826490310316,-0.015366358883744935,0.07198742827483906,1.975806451612904,,,0.9699999999999998,2.2367741935483867,1.6222580645161293,,2.6158064516129027,0.6529032258064515,0.9422580645161286,1.085483870967742,3.77,2020,1,0.49999999999999994,0.8660254037844387,771.607,771.3785,771.3085,771.6093333333333,771.7906666666668,453.9238812441125,274.4040490243325,378.7937167000225,60.210585510079994,334.4424368547475,21.145909779905935,21.598574225694467,21.49144536290325,21.263017894825293,21.874980937500023,1.9351612903225808,1.389333333333333,1.2854838709677423,0.9525806451612904,1.2722580645161292,,,,,,,,,,,1.058064516129032,0.6236666666666666,0.4712903225806452,0.4458064516129032,0.7387096774193548,2.31774193548387,2.1326666666666667,1.971290322580645,2.1183870967741933,2.313870967741936,1.6854838709677418,1.650666666666667,1.6709677419354831,1.4454838709677418,1.6041935483870966,,,,,,1.597741935483871,1.0633333333333337,0.8774193548387098,0.8606451612903223,1.506774193548387,0.6229032258064515,0.6009999999999998,0.493225806451613,0.4738709677419357,0.555483870967742,1.3529032258064515,0.931333333333333,0.8164516129032259,0.7229032258064515,0.9345161290322578,1.0587096774193552,0.7726666666666667,0.6661290322580647,0.6222580645161288,1.123225806451613,3.39,3.02,2.87,2.63,2.72,771.4313333333333,771.4406111111111,771.6513888888888,771.6290347222222,771.5013819444443,369.04054898948925,231.2668662255946,235.8793865090996,227.49772544814127,223.78937736069616,21.41197645616788,21.697573817839032,21.786756446014902,21.564213826467583,21.626094436333503,16.297961598865022,15.407660504564317,15.976835901628059,15.859223143429704,15.711883445165736,0.2498672373023846,0.43133568033338804,0.47550919394279917,0.45418615015195446,0.48531379702883864,46.538911430856786,220.23883346720055,309.66796278202384,288.84129865520185,376.52273184740375,431.28356662308306,0.42806617647056555,0.4717743369084441
2020-02-01,772.0141666666666,0,22.07011614044543,17.371354542025884,352.9753685904475,1013.6477952855604,-0.06024166765231142,0.18753474901539147,0.19697294385218853,2.122758620689656,,,1.0189655172413794,2.332758620689656,1.6044827586206902,,2.951724137931034,0.620344827586207,0.97551724137931,1.2531034482758625,3.92,2020,2,0.8660254037844386,0.5000000000000001,771.7763333333332,771.607,771.3785,771.3530000000001,771.742,369.542300796385,453.9238812441125,274.4040490243325,67.656099726765,238.7998701484425,21.67381538306454,21.145909779905935,21.598574225694467,22.062882772177442,22.425917773437522,1.975806451612904,1.9351612903225808,1.389333333333333,0.8583870967741933,1.4157142857142857,,,,,,,,,,,0.9699999999999998,1.058064516129032,0.6236666666666666,0.3938709677419356,0.6603571428571428,2.2367741935483867,2.31774193548387,2.1326666666666667,1.9751612903225808,2.3442857142857143,1.6222580645161293,1.6854838709677418,1.650666666666667,1.4329032258064516,1.5035714285714283,,,,,,2.6158064516129027,1.597741935483871,1.0633333333333337,0.7054838709677419,1.5485714285714285,0.6529032258064515,0.6229032258064515,0.6009999999999998,0.4419354838709676,0.5371428571428571,0.9422580645161286,1.3529032258064515,0.931333333333333,0.6783870967741937,0.903214285714286,1.085483870967742,1.0587096774193552,0.7726666666666667,0.5964516129032257,1.1146428571428573,3.77,3.39,3.02,2.61,2.72,771.5872777777777,771.4684444444443,771.6501944444444,771.6500208333333,771.5145671296297,365.9567436882767,282.82215210664543,238.80437517090272,229.90628084734294,226.45086382621938,21.472766462888313,21.766040065878908,21.769992649811943,21.611541001366774,21.61399558706715,16.892640096848893,15.911595313032057,16.062687547153374,15.907297933626275,15.759474937987944,0.13875711246067446,0.33100279944097294,0.4486126444552711,0.4499497473969774,0.47749673442056406,91.30870781363518,125.56256134620746,323.93332887226734,323.9411625968394,434.3280614282438,527.0970793819181,0.5806838235292844,0.6441756184159915
2020-03-01,772.252,3,21.948585295698948,17.558814201948948,353.7656064868325,1013.3337472278225,-0.07869034688797881,0.17079131807296366,0.1880474541769994,2.2312903225806457,,,1.2061290322580644,2.2887096774193547,1.6358064516129032,,3.0022580645161288,0.663548387096774,0.8493548387096773,1.2935483870967743,3.9,2020,3,1.0,6.123233995736766e-17,772.0141666666666,771.7763333333332,771.607,771.3873333333332,771.848,352.9753685904475,369.542300796385,453.9238812441125,152.612865148255,272.09925651135,22.07011614044543,21.67381538306454,21.145909779905935,22.6236128715278,22.106704842069913,2.122758620689656,1.975806451612904,1.9351612903225808,0.9126666666666668,1.4745161290322584,,,,,,,,,,,1.0189655172413794,0.9699999999999998,1.058064516129032,0.4133333333333334,0.7312903225806449,2.332758620689656,2.2367741935483867,2.31774193548387,1.9769999999999992,2.412903225806452,1.6044827586206902,1.6222580645161293,1.6854838709677418,1.5586666666666666,1.503548387096774,,,,,,2.951724137931034,2.6158064516129027,1.597741935483871,0.543,1.64741935483871,0.620344827586207,0.6529032258064515,0.6229032258064515,0.4363333333333333,0.5903225806451612,0.97551724137931,0.9422580645161286,1.3529032258064515,0.7233333333333334,0.9280645161290324,1.2531034482758625,1.085483870967742,1.0587096774193552,0.5693333333333332,1.1100000000000003,3.92,3.77,3.39,2.55,2.76,771.7991666666667,771.5786388888888,771.6728750000001,771.6762222222222,771.5334976851851,392.1471835436484,330.37536358392583,248.31900004106978,235.36405216041737,226.574957390857,21.629947101138637,21.7672456272569,21.74034251372927,21.615473378451927,21.626806295726183,17.40508284465381,16.422456509104467,16.144527104877998,15.941404636084195,15.790963852081088,0.12364881134713042,0.24861924921954034,0.42831625901987785,0.4438147328068141,0.47203396597053726,37.48154433373867,256.5054459232658,398.8406257309684,438.1166610388444,565.3145729420313,531.5644477088731,0.7558921568627284,0.8411332826334268
2020-04-01,772.4939999999999,2,21.478907621527803,17.643432473958356,419.47293277698753,1014.272295798611,-0.2778994031009375,0.3736830819116493,0.4656899440087211,2.160333333333333,,,1.1016666666666668,2.848,1.6499999999999997,,2.815666666666667,0.6333333333333334,1.0243333333333335,1.3303333333333334,3.73,2020,4,0.8660254037844387,-0.4999999999999998,772.252,772.0141666666666,771.7763333333332,771.3085,771.903,353.7656064868325,352.9753685904475,369.542300796385,378.7937167000225,295.995771654375,21.948585295698948,22.07011614044543,21.67381538306454,21.49144536290325,22.116118100694464,2.2312903225806457,2.122758620689656,1.975806451612904,1.2854838709677423,1.4996666666666665,,,,,,,,,,,1.2061290322580644,1.0189655172413794,0.9699999999999998,0.4712903225806452,0.6676666666666666,2.2887096774193547,2.332758620689656,2.2367741935483867,1.971290322580645,2.629666666666666,1.6358064516129032,1.6044827586206902,1.6222580645161293,1.6709677419354831,,,,,,,3.0022580645161288,2.951724137931034,2.6158064516129027,0.8774193548387098,1.828,0.663548387096774,0.620344827586207,0.6529032258064515,0.493225806451613,0.5616666666666666,0.8493548387096773,0.97551724137931,0.9422580645161286,0.8164516129032259,0.8796666666666667,1.2935483870967743,1.2531034482758625,1.085483870967742,0.6661290322580647,1.136666666666667,3.9,3.92,3.77,2.87,2.78,772.0141666666665,771.7227499999999,771.7065416666668,771.7068055555555,771.5527754629629,358.76109195788837,363.9008204736888,255.1245292056933,239.08523965776195,227.34593020660526,21.897505606402973,21.654741031285425,21.72716588486502,21.64409246069319,21.64109663002091,17.444067108766713,16.871014353815863,16.236787403237095,15.982424362156666,15.821588301099162,0.15233594210134221,0.20110158970186354,0.41470151356513446,0.44121003610319365,0.4624504843240186,106.7957553592392,175.32916357823063,395.5679970454312,519.7830110143269,654.6230728783012,559.3194690758105,0.8326397058822295,0.9555449708907557
2020-05-01,772.8046666666665,3,21.697045630040346,16.7636072715054,148.382961708355,1015.6252147345431,-0.1926745956811725,0.5851798479130603,0.6160835610730542,1.924516129032258,,,0.9658064516129032,2.883870967741936,1.5141935483870974,,2.881935483870967,0.586451612903226,0.7141935483870967,1.3725806451612903,3.72,2020,5,0.49999999999999994,-0.8660254037844387,772.4939999999999,772.252,772.0141666666666,771.3785,771.9526666666667,419.47293277698753,353.7656064868325,352.9753685904475,274.4040490243325,246.5246317613375,21.478907621527803,21.948585295698948,22.07011614044543,21.598574225694467,21.470345006720454,2.160333333333333,2.2312903225806457,2.122758620689656,1.389333333333333,1.408709677419355,,,,,,,,,,,1.1016666666666668,1.2061290322580644,1.0189655172413794,0.6236666666666666,0.649032258064516,2.848,2.2887096774193547,2.332758620689656,2.1326666666666667,2.4732258064516133,1.6499999999999997,1.6358064516129032,1.6044827586206902,1.650666666666667,1.5751612903225811,,,,,,2.815666666666667,3.0022580645161288,2.951724137931034,1.0633333333333337,1.8264516129032256,0.6333333333333334,0.663548387096774,0.620344827586207,0.6009999999999998,0.5461290322580644,1.0243333333333335,0.8493548387096773,0.97551724137931,0.931333333333333,0.8658064516129036,1.3303333333333334,1.2935483870967743,1.2531034482758625,0.7726666666666667,0.9725806451612904,3.73,3.9,3.92,3.02,2.84,772.2533888888888,771.9203333333331,771.7557916666666,771.7318194444446,771.5731226851852,375.40463595142256,370.68068981984953,265.4142926325777,237.80360818053484,231.6502845906368,21.832536352557394,21.652651407722853,21.674065011601133,21.68332158222097,21.646772289839582,17.524533739311067,17.208586918079977,16.273773433329687,15.997147293941966,15.859087788512353,0.28357011401263627,0.21116361323665545,0.40661489597776607,0.44470245635922323,0.4575283098015884,-41.90708015234537,235.58600750661304,361.1485688528205,643.2601721369394,623.8639174248489,714.2762269009456,1.1380732323231086,1.3663125836816548
2020-06-01,772.7346666666667,3,21.401861963541688,15.797888454861134,70.3040360551525,1015.5624839583334,-0.05192351895998264,0.7036087671224202,0.7055220400474529,1.596,,,0.6660000000000001,2.5840000000000005,1.4546666666666668,,2.644,0.4046666666666664,0.4173333333333333,1.2623333333333333,3.53,2020,6,1.2246467991473532e-16,-1.0,772.8046666666665,772.4939999999999,772.252,771.607,771.9366666666666,148.382961708355,419.47293277698753,353.7656064868325,453.9238812441125,55.089473825375,21.697045630040346,21.478907621527803,21.948585295698948,21.145909779905935,21.261567784722246,1.924516129032258,2.160333333333333,2.2312903225806457,1.9351612903225808,1.148666666666667,,,,,,,,,,,0.9658064516129032,1.1016666666666668,1.2061290322580644,1.058064516129032,0.5046666666666667,2.883870967741936,2.848,2.2887096774193547,2.31774193548387,2.300666666666667,1.5141935483870974,1.6499999999999997,1.6358064516129032,1.6854838709677418,1.461,,,,,,2.881935483870967,2.815666666666667,3.0022580645161288,1.597741935483871,1.3486666666666665,0.586451612903226,0.6333333333333334,0.663548387096774,0.6229032258064515,0.5076666666666667,0.7141935483870967,1.0243333333333335,0.8493548387096773,1.3529032258064515,0.7629999999999998,1.3725806451612903,1.3303333333333334,1.2935483870967743,1.0587096774193552,0.6913333333333334,3.72,3.73,3.9,3.39,2.67,772.5168888888888,772.1580277777776,771.8267916666665,771.7688472222222,771.6073912037037,307.20716699072506,349.67717526718667,257.2358201281625,236.55649275003876,231.16724523813048,21.7081795157557,21.669063308447168,21.692956730211122,21.713630029171572,21.656133927571066,17.321951315804238,17.36351708022902,16.247344314686092,16.004877915651758,15.89292550342611,0.42327365308625814,0.2734612322166943,0.4040972687636717,0.4479684300255106,0.4567728011651653,10.447262746586127,102.37021954063249,358.8756654638983,545.118502083957,593.9331470929437,696.8868102107181,1.1603888888889742,1.3167028853667055
2020-07-01,772.6066666666667,3,20.759815633400564,14.800487809139808,43.8671708312475,1014.8463074344758,-0.05279054696925234,0.9483910843705476,0.949859195229933,1.4354838709677418,,,0.5558064516129033,2.2841935483870968,1.450322580645161,,2.5106451612903227,0.3451612903225806,0.3293548387096775,1.130645161290323,3.64,2020,7,-0.4999999999999997,-0.8660254037844388,772.7346666666667,772.8046666666665,772.4939999999999,771.7763333333332,771.6093333333333,70.3040360551525,148.382961708355,419.47293277698753,369.542300796385,60.210585510079994,21.401861963541688,21.697045630040346,21.478907621527803,21.67381538306454,21.263017894825293,1.596,1.924516129032258,2.160333333333333,1.975806451612904,0.9525806451612904,,,,,,,,,,,0.6660000000000001,0.9658064516129032,1.1016666666666668,0.9699999999999998,0.4458064516129032,2.5840000000000005,2.883870967741936,2.848,2.2367741935483867,2.1183870967741933,1.4546666666666668,1.5141935483870974,1.6499999999999997,1.6222580645161293,1.4454838709677418,,,,,,2.644,2.881935483870967,2.815666666666667,2.6158064516129027,0.8606451612903223,0.4046666666666664,0.586451612903226,0.6333333333333334,0.6529032258064515,0.4738709677419357,0.4173333333333333,0.7141935483870967,1.0243333333333335,0.9422580645161286,0.7229032258064515,1.2623333333333333,1.3725806451612903,1.3303333333333334,1.085483870967742,0.6222580645161288,3.53,3.72,3.73,3.77,2.63,772.6777777777778,772.3459722222223,771.8932916666666,771.8067083333332,771.6445763888888,212.71997684683174,285.74053440235997,258.5037003139773,237.35685647379435,231.4909448187225,21.525938405036612,21.711722005719793,21.704647911779414,21.736251744304678,21.648213288199923,16.734976066774966,17.089521587770836,16.248591046167576,16.046068490232198,15.923125374712761,0.5957651817097426,0.37405056190554253,0.4026931211194653,0.44582027145429143,0.45336409947717143,15.930130661780758,75.33593795347994,250.66510153171058,560.3330643137344,613.1418764630788,708.5399951120305,1.2230303030303276,1.3617836809366661
2020-08-01,772.4105,2,22.440618991935505,14.404912632728518,40.140151929474996,1013.5695707409274,0.1107496649851865,0.7373823354123756,0.7456528662001778,1.305161290322581,,,0.4861290322580648,2.099032258064516,1.451290322580645,,2.1670967741935483,0.3132258064516129,0.3012903225806452,1.0687096774193543,3.49,2020,8,-0.8660254037844385,-0.5000000000000004,772.6066666666667,772.7346666666667,772.8046666666665,772.0141666666666,771.3530000000001,43.8671708312475,70.3040360551525,148.382961708355,352.9753685904475,67.656099726765,20.759815633400564,21.401861963541688,21.697045630040346,22.07011614044543,22.062882772177442,1.4354838709677418,1.596,1.924516129032258,2.122758620689656,0.8583870967741933,,,,,,,,,,,0.5558064516129033,0.6660000000000001,0.9658064516129032,1.0189655172413794,0.3938709677419356,2.2841935483870968,2.5840000000000005,2.883870967741936,2.332758620689656,1.9751612903225808,1.450322580645161,1.4546666666666668,1.5141935483870974,1.6044827586206902,1.4329032258064516,,,,,,2.5106451612903227,2.644,2.881935483870967,2.951724137931034,0.7054838709677419,0.3451612903225806,0.4046666666666664,0.586451612903226,0.620344827586207,0.4419354838709676,0.3293548387096775,0.4173333333333333,0.7141935483870967,0.97551724137931,0.6783870967741937,1.130645161290323,1.2623333333333333,1.3725806451612903,1.2531034482758625,0.5964516129032257,3.64,3.53,3.72,3.92,2.61,772.7153333333332,772.4843611111111,771.9764027777778,771.8452361111109,771.6883587962961,87.51805619825171,231.46134607483705,257.14174909074126,237.81600843748888,232.00629982385942,21.286241075660865,21.55938871410913,21.66271438999402,21.748434159459247,21.62145263669156,15.787327845168784,16.65593079223992,16.28376305263599,16.09297274356441,15.967828484778469,0.7571549321168133,0.5203625230647249,0.42568266125284887,0.44698980297234475,0.4558083064910168,-11.114536842355832,-15.529686743978502,220.05632076263456,543.9896496349019,624.1615235917463,727.0927752969607,1.1418686868686336,1.269603546315838
2020-09-01,772.2950000000001,3,22.516305880208357,14.886983578125022,116.67412516048,1013.0982760763889,0.1067996340814514,0.5768182330842292,0.5866220553800753,1.328,,,0.4553333333333333,1.705333333333333,1.4113333333333338,,2.2376666666666667,0.3273333333333332,0.3136666666666668,1.0373333333333334,3.4,2020,9,-1.0,-1.8369701987210297e-16,772.4105,772.6066666666667,772.7346666666667,772.252,771.3873333333332,40.140151929474996,43.8671708312475,70.3040360551525,353.7656064868325,152.612865148255,22.440618991935505,20.759815633400564,21.401861963541688,21.948585295698948,22.6236128715278,1.305161290322581,1.4354838709677418,1.596,2.2312903225806457,0.9126666666666668,,,,,,,,,,,0.4861290322580648,0.5558064516129033,0.6660000000000001,1.2061290322580644,0.4133333333333334,2.099032258064516,2.2841935483870968,2.5840000000000005,2.2887096774193547,1.9769999999999992,1.451290322580645,1.450322580645161,1.4546666666666668,1.6358064516129032,1.5586666666666666,,,,,,2.1670967741935483,2.5106451612903227,2.644,3.0022580645161288,0.543,0.3132258064516129,0.3451612903225806,0.4046666666666664,0.663548387096774,0.4363333333333333,0.3012903225806452,0.3293548387096775,0.4173333333333333,0.8493548387096773,0.7233333333333334,1.0687096774193543,1.130645161290323,1.2623333333333333,1.2935483870967743,0.5693333333333332,3.49,3.64,3.53,3.9,2.55,772.5839444444446,772.5504166666666,772.0645277777777,771.8754513888889,771.7288726851853,51.43711960529172,179.3221432980083,254.84875344096704,235.47189932071197,230.038214050324,21.534098862959254,21.621139189357475,21.694192408307188,21.791482890698045,21.637922229125476,15.001096298909824,16.161523807357025,16.29199015823075,16.091373307380497,15.96657435367408,0.8003447004925212,0.6118091767893897,0.43021421300446505,0.45940181963565235,0.4575216767554235,4.815433031500845,15.262856566011038,117.63307610664354,516.4737018376119,567.9029047891013,656.2416874496856,1.1194065656566181,1.2298862532240564
2020-10-01,772.071,1,22.062326221438195,15.469421624664001,239.8046852918475,1012.9540739751344,0.0975432241166213,0.31434327540724966,0.3291297242195293,1.3903225806451611,,,0.504193548387097,1.7735483870967743,1.4370967741935488,,2.3122580645161293,0.3290322580645163,0.3832258064516129,1.078709677419355,3.48,2020,10,-0.8660254037844386,0.5000000000000001,772.2950000000001,772.4105,772.6066666666667,772.4939999999999,771.3085,116.67412516048,40.140151929474996,43.8671708312475,419.47293277698753,378.7937167000225,22.516305880208357,22.440618991935505,20.759815633400564,21.478907621527803,21.49144536290325,1.328,1.305161290322581,1.4354838709677418,2.160333333333333,1.2854838709677423,,,,,,,,,,,0.4553333333333333,0.4861290322580648,0.5558064516129033,1.1016666666666668,0.4712903225806452,1.705333333333333,2.099032258064516,2.2841935483870968,2.848,1.971290322580645,1.4113333333333338,1.451290322580645,1.450322580645161,1.6499999999999997,1.6709677419354831,,,,,,2.2376666666666667,2.1670967741935483,2.5106451612903227,2.815666666666667,0.8774193548387098,0.3273333333333332,0.3132258064516129,0.3451612903225806,0.6333333333333334,0.493225806451613,0.3136666666666668,0.3012903225806452,0.3293548387096775,1.0243333333333335,0.8164516129032259,1.0373333333333334,1.0687096774193543,1.130645161290323,1.3303333333333334,0.6661290322580647,3.4,3.49,3.64,3.73,2.87,772.4373888888889,772.5575833333334,772.1401666666667,771.9022847222221,771.7612476851851,66.89381597373422,139.80689641028292,251.85385844198584,236.5153754765354,229.80263331222918,21.905580168514806,21.71575928677571,21.68525015903057,21.774533450304528,21.640501002177174,14.697461339997787,15.716218703386373,16.293616528601117,16.10570147766406,15.978371641964976,0.7607113722700619,0.6782382769899024,0.43966993334588295,0.4655062589129959,0.46168448077257007,2.2261521436748524,9.631026850925757,84.96696480440572,480.5349618498369,592.9463325288638,647.7607808782706,1.0161764705882206,1.164401386958295
2020-11-01,772.182,2,21.587811385416693,16.517007534722246,354.1939258271325,1013.2613844184028,-0.05130906364561457,0.17991311798406595,0.18708647742404622,1.8043333333333345,,,0.6669999999999999,1.959666666666667,1.529666666666667,,2.507333333333333,0.3856666666666667,0.714,0.9453846153846156,3.71,2020,11,-0.5000000000000004,0.8660254037844384,772.071,772.2950000000001,772.4105,772.8046666666665,771.3785,239.8046852918475,116.67412516048,40.140151929474996,148.382961708355,274.4040490243325,22.062326221438195,22.516305880208357,22.440618991935505,21.697045630040346,21.598574225694467,1.3903225806451611,1.328,1.305161290322581,1.924516129032258,1.389333333333333,,,,,,,,,,,0.504193548387097,0.4553333333333333,0.4861290322580648,0.9658064516129032,0.6236666666666666,1.7735483870967743,1.705333333333333,2.099032258064516,2.883870967741936,2.1326666666666667,1.4370967741935488,1.4113333333333338,1.451290322580645,1.5141935483870974,1.650666666666667,,,,,,2.3122580645161293,2.2376666666666667,2.1670967741935483,2.881935483870967,1.0633333333333337,0.3290322580645163,0.3273333333333332,0.3132258064516129,0.586451612903226,0.6009999999999998,0.3832258064516129,0.3136666666666668,0.3012903225806452,0.7141935483870967,0.931333333333333,1.078709677419355,1.0373333333333334,1.0687096774193543,1.3725806451612903,0.7726666666666667,3.48,3.4,3.49,3.72,3.02,772.2588333333333,772.4870833333333,772.2037083333333,771.9274652777776,771.7922384259259,132.20632079393422,109.86218849609293,240.27143915797126,235.20873239987728,230.63117927679326,22.33975036452735,21.812995720094108,21.732823563908482,21.767550127821888,21.627644115556432,14.920439278505851,15.353883561837314,16.281235239958644,16.102422451356375,15.979081515490215,0.5538015485999274,0.6554782403583704,0.43332092679751294,0.4658240518043602,0.460833582266135,40.155700039376825,-4.072951667180149,-19.602638411158622,341.5459304416619,561.5868986890688,677.5884356025781,1.1010588235294563,1.2600681018887632
2020-12-01,772.563,2,21.661682009408626,16.631585115927443,394.52296476251,1013.2195192708333,-0.07029615429112904,0.27251817816114077,0.2814386376039891,2.265161290322581,,,0.9070967741935484,2.1367741935483875,1.4790322580645157,,2.4945161290322586,0.453225806451613,0.7829032258064514,0.6796774193548388,3.61,2020,12,-2.4492935982947064e-16,1.0,772.182,772.071,772.2950000000001,772.7346666666667,771.607,354.1939258271325,239.8046852918475,116.67412516048,70.3040360551525,453.9238812441125,21.587811385416693,22.062326221438195,22.516305880208357,21.401861963541688,21.145909779905935,1.8043333333333345,1.3903225806451611,1.328,1.596,1.9351612903225808,,,,,,,,,,,0.6669999999999999,0.504193548387097,0.4553333333333333,0.6660000000000001,1.058064516129032,1.959666666666667,1.7735483870967743,1.705333333333333,2.5840000000000005,2.31774193548387,1.529666666666667,1.4370967741935488,1.4113333333333338,1.4546666666666668,1.6854838709677418,,,,,,2.507333333333333,2.3122580645161293,2.2376666666666667,2.644,1.597741935483871,0.3856666666666667,0.3290322580645163,0.3273333333333332,0.4046666666666664,0.6229032258064515,0.714,0.3832258064516129,0.3136666666666668,0.4173333333333333,1.3529032258064515,0.9453846153846156,1.078709677419355,1.0373333333333334,1.2623333333333333,1.0587096774193552,3.71,3.48,3.4,3.53,3.39,772.1826666666667,772.3833055555556,772.2706666666667,771.9596527777777,771.8261550925926,236.8909120931534,144.16401584922252,246.9205955582046,238.0842392853646,231.34045302926745,22.055481162354415,21.794790012656833,21.731926660552002,21.759047459491445,21.634685434711525,15.62447091250376,15.31278360570679,16.338150342967904,16.11382418587605,15.991100615847081,0.3676127523412169,0.5839787264168691,0.42871997931678174,0.4583990232781785,0.4548967826471755,59.25691019717135,47.19728521455251,62.460141780563575,421.3358072444619,630.5990639407638,703.1222906916481,1.3418235294117267,1.5405963841827086
2021-01-01,772.7220000000001,3,21.211665020161313,16.471233298051096,411.7381569310225,1012.9524896169355,-0.0669489927032893,0.16613623926206486,0.1791184457841435,2.345806451612904,,,0.9122580645161292,2.2612903225806456,1.5848387096774192,,2.662903225806452,0.6190322580645161,0.8374193548387097,0.6696774193548387,3.82,2021,1,0.49999999999999994,0.8660254037844387,772.563,772.182,772.071,772.6066666666667,771.7763333333332,394.52296476251,354.1939258271325,239.8046852918475,43.8671708312475,369.542300796385,21.661682009408626,21.587811385416693,22.062326221438195,20.759815633400564,21.67381538306454,2.265161290322581,1.8043333333333345,1.3903225806451611,1.4354838709677418,1.975806451612904,,,,,,,,,,,0.9070967741935484,0.6669999999999999,0.504193548387097,0.5558064516129033,0.9699999999999998,2.1367741935483875,1.959666666666667,1.7735483870967743,2.2841935483870968,2.2367741935483867,1.4790322580645157,1.529666666666667,1.4370967741935488,1.450322580645161,1.6222580645161293,,,,,,2.4945161290322586,2.507333333333333,2.3122580645161293,2.5106451612903227,2.6158064516129027,0.453225806451613,0.3856666666666667,0.3290322580645163,0.3451612903225806,0.6529032258064515,0.7829032258064514,0.714,0.3832258064516129,0.3293548387096775,0.9422580645161286,0.6796774193548388,0.9453846153846156,1.078709677419355,1.130645161290323,1.085483870967742,3.61,3.71,3.48,3.64,3.77,772.2719999999999,772.3546944444446,772.3503333333332,772.0008611111111,771.8694675925926,329.50719196049675,198.20050396711542,241.9705191847377,238.92495284691867,232.3219900270067,21.770606538754507,21.838093353634658,21.774907679677224,21.780832062846063,21.6344451108708,16.206004758437903,15.451733049217841,16.270627318494338,16.1237316100612,15.996357868451248,0.2658849464158548,0.5132981593429584,0.4436743606242504,0.4595917772835248,0.45068222030938654,88.73476756549428,101.63876238022301,111.26978923114879,361.93489076285937,650.7761894180613,738.4576226102631,1.373732843137418,1.5139993224974428
2021-02-01,772.7573333333333,3,21.821922139136927,16.542603511904783,260.80775239572,1012.8422645368303,-0.02685233507251114,0.07375842062618487,0.0784942833085036,2.4707142857142856,,,1.101785714285714,1.9917857142857145,1.580357142857143,,2.708928571428572,0.6857142857142858,0.6678571428571429,0.6239285714285713,3.77,2021,2,0.8660254037844386,0.5000000000000001,772.7220000000001,772.563,772.182,772.4105,772.0141666666666,411.7381569310225,394.52296476251,354.1939258271325,40.140151929474996,352.9753685904475,21.211665020161313,21.661682009408626,21.587811385416693,22.440618991935505,22.07011614044543,2.345806451612904,2.265161290322581,1.8043333333333345,1.305161290322581,2.122758620689656,,,,,,,,,,,0.9122580645161292,0.9070967741935484,0.6669999999999999,0.4861290322580648,1.0189655172413794,2.2612903225806456,2.1367741935483875,1.959666666666667,2.099032258064516,2.332758620689656,1.5848387096774192,1.4790322580645157,1.529666666666667,1.451290322580645,1.6044827586206902,,,,,,2.662903225806452,2.4945161290322586,2.507333333333333,2.1670967741935483,2.951724137931034,0.6190322580645161,0.453225806451613,0.3856666666666667,0.3132258064516129,0.620344827586207,0.8374193548387097,0.7829032258064514,0.714,0.3012903225806452,0.97551724137931,0.6696774193548387,0.6796774193548388,0.9453846153846156,1.0687096774193543,1.2531034482758625,3.82,3.61,3.71,3.49,3.92,772.489,772.3739166666668,772.429138888889,772.0396666666666,771.9097268518518,386.8183491735551,259.51233498374455,245.48684052929084,242.14560785009678,235.09980074132557,21.487052804995542,21.91340158476145,21.736395149435285,21.753193899623614,21.653159050722948,16.539941982900267,15.730190630703055,16.19306071147149,16.12787412931243,16.002552192908013,0.21588118693739286,0.3848413677686602,0.4526019454166925,0.45060729493598184,0.4508338134035491,-0.8589083810923057,188.14737780204246,184.0744261348623,404.1307468974969,728.0719094943364,838.4588083257406,1.3238504901960368,1.4685999052448866
2021-03-01,772.8795,2,21.66232685819895,16.257088726478518,320.72231178331754,1012.130395892137,-0.11493100396892726,0.2977765809529654,0.31918650948519667,2.1241935483870966,,,0.9580645161290322,1.8012903225806456,1.65,,2.643548387096774,0.7735483870967743,0.522258064516129,0.6693548387096776,3.78,2021,3,1.0,6.123233995736766e-17,772.7573333333333,772.7220000000001,772.563,772.2950000000001,772.252,260.80775239572,411.7381569310225,394.52296476251,116.67412516048,353.7656064868325,21.821922139136927,21.211665020161313,21.661682009408626,22.516305880208357,21.948585295698948,2.4707142857142856,2.345806451612904,2.265161290322581,1.328,2.2312903225806457,,,,,,,,,,,1.101785714285714,0.9122580645161292,0.9070967741935484,0.4553333333333333,1.2061290322580644,1.9917857142857145,2.2612903225806456,2.1367741935483875,1.705333333333333,2.2887096774193547,1.580357142857143,1.5848387096774192,1.4790322580645157,1.4113333333333338,1.6358064516129032,,,,,,2.708928571428572,2.662903225806452,2.4945161290322586,2.2376666666666667,3.0022580645161288,0.6857142857142858,0.6190322580645161,0.453225806451613,0.3273333333333332,0.663548387096774,0.6678571428571429,0.8374193548387097,0.7829032258064514,0.3136666666666668,0.8493548387096773,0.6239285714285713,0.6696774193548387,0.6796774193548388,1.0373333333333334,1.2935483870967743,3.77,3.82,3.61,3.4,3.9,772.6807777777777,772.4317222222222,772.4910694444444,772.0819722222222,771.947837962963,355.68962469641764,296.2902683947854,237.8062058463969,243.06260294373337,236.17810338907722,21.565089722902286,21.810285442628352,21.715712315992914,21.728027414861092,21.648886357632257,16.548473975294446,16.0864724438991,16.123998125628063,16.134262615253032,16.00226913259882,0.17968378889887862,0.2736482706200478,0.4427287237047188,0.4355224913622983,0.44345272977278233,4.438249630223709,147.13276938157333,194.33005459612585,311.9631307027694,750.0797917416139,877.2777036448006,1.383392156862783,1.5393957663231113
2021-04-01,773.042,1,21.36350758333336,16.970555982638913,385.7493999756375,1013.7222302430556,-0.3837534798358247,0.5011949964706737,0.631239382305432,2.468333333333333,,,0.8766666666666667,1.6286666666666667,1.658333333333333,,2.672,0.7619999999999999,0.6829999999999999,0.6990476190476189,3.81,2021,4,0.8660254037844387,-0.4999999999999998,772.8795,772.7573333333333,772.7220000000001,772.071,772.4939999999999,320.72231178331754,260.80775239572,411.7381569310225,239.8046852918475,419.47293277698753,21.66232685819895,21.821922139136927,21.211665020161313,22.062326221438195,21.478907621527803,2.1241935483870966,2.4707142857142856,2.345806451612904,1.3903225806451611,2.160333333333333,,,,,,,,,,,0.9580645161290322,1.101785714285714,0.9122580645161292,0.504193548387097,1.1016666666666668,1.8012903225806456,1.9917857142857145,2.2612903225806456,1.7735483870967743,2.848,1.65,1.580357142857143,1.5848387096774192,1.4370967741935488,1.6499999999999997,,,,,,2.643548387096774,2.708928571428572,2.662903225806452,2.3122580645161293,2.815666666666667,0.7735483870967743,0.6857142857142858,0.6190322580645161,0.3290322580645163,0.6333333333333334,0.522258064516129,0.6678571428571429,0.8374193548387097,0.3832258064516129,1.0243333333333335,0.6693548387096776,0.6239285714285713,0.6696774193548387,1.078709677419355,1.3303333333333334,3.78,3.77,3.82,3.48,3.73,772.7862777777779,772.529138888889,772.543361111111,772.1249513888888,771.9856574074074,331.08940703668674,330.2982994985917,235.0525979544373,245.0885635800653,237.74102575665378,21.565304672499064,21.667955605626783,21.691857446201244,21.70951166553313,21.66001412252921,16.423641845478137,16.314823301958015,16.015521002672195,16.12615420295464,15.993456575661842,0.19226641285928117,0.22907567963756803,0.4536569783137352,0.43417924593943485,0.4453590168400408,73.07222255788918,92.31410881462567,193.9528711948487,278.9198359992545,798.7028470135814,933.5429088775556,1.380639705882345,1.5844348020493833
2021-05-01,773.134,2,21.432977436155937,16.984945147849487,281.1635133344525,1014.7038300739247,-0.14286736512689518,0.5271530358986257,0.5461697604915887,2.1645161290322585,,,0.8080645161290324,1.60741935483871,,,2.802258064516129,0.6612903225806449,0.5512903225806451,,3.9,2021,5,0.49999999999999994,-0.8660254037844387,773.042,772.8795,772.7573333333333,772.182,772.8046666666665,385.7493999756375,320.72231178331754,260.80775239572,354.1939258271325,148.382961708355,21.36350758333336,21.66232685819895,21.821922139136927,21.587811385416693,21.697045630040346,2.468333333333333,2.1241935483870966,2.4707142857142856,1.8043333333333345,1.924516129032258,,,,,,,,,,,0.8766666666666667,0.9580645161290322,1.101785714285714,0.6669999999999999,0.9658064516129032,1.6286666666666667,1.8012903225806456,1.9917857142857145,1.959666666666667,2.883870967741936,1.658333333333333,1.65,1.580357142857143,1.529666666666667,1.5141935483870974,,,,,,2.672,2.643548387096774,2.708928571428572,2.507333333333333,2.881935483870967,0.7619999999999999,0.7735483870967743,0.6857142857142858,0.3856666666666667,0.586451612903226,0.6829999999999999,0.522258064516129,0.6678571428571429,0.714,0.7141935483870967,0.6990476190476189,0.6693548387096776,0.6239285714285713,0.9453846153846156,1.3725806451612903,3.81,3.78,3.77,3.71,3.72,772.8929444444444,772.6909722222222,772.5890277777779,772.1724097222223,772.0175555555556,322.4264880515584,354.62241861255666,232.24230355432476,248.82829809345125,235.9498399717981,21.615918860223076,21.551485832609313,21.68224077635171,21.67815289397642,21.682961313597886,16.590082740340744,16.5650123616205,15.959447961728907,16.116610697529296,15.984580849870948,0.34297339169971064,0.2794272893185518,0.46745276483846104,0.4370338304081136,0.45228589251896917,90.87347147375212,76.65156380702057,264.79894160906304,245.1963031979044,888.456475334844,869.0602206227531,1.4674065656565745,1.7616933595222628
2021-06-01,773.123,2,21.37802009895836,15.322009234375022,47.799110358235,1015.3129080208334,-0.12476168709395312,0.7006711962791597,0.7116920709561111,1.7199999999999998,,,0.5976666666666668,1.555,,,2.608333333333334,0.3676666666666666,0.2783333333333332,,3.72,2021,6,1.2246467991473532e-16,-1.0,773.134,773.042,772.8795,772.563,772.7346666666667,281.1635133344525,385.7493999756375,320.72231178331754,394.52296476251,70.3040360551525,21.432977436155937,21.36350758333336,21.66232685819895,21.661682009408626,21.401861963541688,2.1645161290322585,2.468333333333333,2.1241935483870966,2.265161290322581,1.596,,,,,,,,,,,0.8080645161290324,0.8766666666666667,0.9580645161290322,0.9070967741935484,0.6660000000000001,1.60741935483871,1.6286666666666667,1.8012903225806456,2.1367741935483875,2.5840000000000005,,1.658333333333333,1.65,1.4790322580645157,1.4546666666666668,,,,,,2.802258064516129,2.672,2.643548387096774,2.4945161290322586,2.644,0.6612903225806449,0.7619999999999999,0.7735483870967743,0.453225806451613,0.4046666666666664,0.5512903225806451,0.6829999999999999,0.522258064516129,0.7829032258064514,0.4173333333333333,,0.6990476190476189,0.6693548387096776,0.6796774193548388,1.2623333333333333,3.9,3.81,3.78,3.61,3.53,773.0185,772.8496388888889,772.6164722222223,772.2216319444443,772.0513888888888,329.2117416978026,342.45068319711004,243.30734952316627,250.27158482566438,238.80677834108124,21.486270625896083,21.525680174399184,21.660235093528005,21.676595911869565,21.695831717290382,16.73752995232231,16.643001963808373,15.97789278475758,16.112618549721837,15.995882872020363,0.49886521742740575,0.3392745031631423,0.4616266147900057,0.4328619417768387,0.4525211582803423,-12.05766295033137,168.38394366186498,315.51671304343836,377.9768548240019,923.095356907959,971.9100019169457,1.5487222222222954,1.7573479358149418
2021-07-01,772.9694999999999,4,20.971499477486585,14.208556908602173,29.484570055167502,1016.3815920278897,-0.0888998787404123,1.0468423288808972,1.0506103226110244,1.6464516129032265,,,0.5177419354838709,1.5358064516129035,,,2.4603225806451614,0.3312903225806452,0.257741935483871,,3.64,2021,7,-0.4999999999999997,-0.8660254037844388,773.123,773.134,773.042,772.7220000000001,772.6066666666667,47.799110358235,281.1635133344525,385.7493999756375,411.7381569310225,43.8671708312475,21.37802009895836,21.432977436155937,21.36350758333336,21.211665020161313,20.759815633400564,1.7199999999999998,2.1645161290322585,2.468333333333333,2.345806451612904,1.4354838709677418,,,,,,,,,,,0.5976666666666668,0.8080645161290324,0.8766666666666667,0.9122580645161292,0.5558064516129033,1.555,1.60741935483871,1.6286666666666667,2.2612903225806456,2.2841935483870968,,,1.658333333333333,1.5848387096774192,1.450322580645161,,,,,,2.608333333333334,2.802258064516129,2.672,2.662903225806452,2.5106451612903227,0.3676666666666666,0.6612903225806449,0.7619999999999999,0.6190322580645161,0.3451612903225806,0.2783333333333332,0.5512903225806451,0.6829999999999999,0.8374193548387097,0.3293548387096775,,,0.6990476190476189,0.6696774193548387,1.130645161290323,3.72,3.9,3.81,3.82,3.64,773.0996666666666,772.9429722222222,772.6488333333333,772.2710625,772.0874166666666,238.23734122277506,284.6633741297308,241.43193904842312,249.9678196812002,238.71521733200396,21.391501706149217,21.47840318932414,21.658248271479398,21.681448091629406,21.710250586696247,16.425836788287814,16.42473931688297,15.938236183050405,16.09341361460899,16.010124387838268,0.6297004045843771,0.4109834087218293,0.46214078403239384,0.43241695257592955,0.4512604423136589,1.5475298857007616,151.88803108130992,244.2021398959356,355.47192912708437,915.8049934408189,968.6138055901631,1.5858636363635696,1.7657806309785578
2021-08-01,772.777,2,21.989753434139807,14.473832330309163,79.612552916025,1014.4809412718414,0.0600631056878982,0.5641080576130153,0.5672966396241076,1.652258064516129,,,0.479677419354839,1.5000000000000002,,,2.2219354838709675,0.3245161290322582,0.2329032258064516,,3.65,2021,8,-0.8660254037844385,-0.5000000000000004,772.9694999999999,773.123,773.134,772.7573333333333,772.4105,29.484570055167502,47.799110358235,281.1635133344525,260.80775239572,40.140151929474996,20.971499477486585,21.37802009895836,21.432977436155937,21.821922139136927,22.440618991935505,1.6464516129032265,1.7199999999999998,2.1645161290322585,2.4707142857142856,1.305161290322581,,,,,,,,,,,0.5177419354838709,0.5976666666666668,0.8080645161290324,1.101785714285714,0.4861290322580648,1.5358064516129035,1.555,1.60741935483871,1.9917857142857145,2.099032258064516,,,,1.580357142857143,1.451290322580645,,,,,,2.4603225806451614,2.608333333333334,2.802258064516129,2.708928571428572,2.1670967741935483,0.3312903225806452,0.3676666666666666,0.6612903225806449,0.6857142857142858,0.3132258064516129,0.257741935483871,0.2783333333333332,0.5512903225806451,0.6678571428571429,0.3012903225806452,,,,0.6239285714285713,1.0687096774193543,3.64,3.72,3.9,3.77,3.49,773.0755,772.9842222222222,772.6790694444444,772.3277361111112,772.1231805555556,119.48239791595175,220.95444298375503,240.23338898374982,248.68756903724554,238.62180195290915,21.260832337533625,21.438375598878352,21.6758885918199,21.669301490906957,21.724252303579462,15.505170430275564,16.047626585308148,15.888908608005602,16.086335830320795,16.024951365044807,0.7694907180195747,0.5562320548596428,0.4705367113141515,0.4481096862835002,0.4548387724196136,28.357864144194167,80.3633384091215,157.0149022161421,341.0893283510044,885.0789779859064,965.2508519427506,1.508368686868721,1.6771019785575454
2021-09-01,772.7105,2,22.394575902777802,14.729060664930577,95.8063006491325,1013.37130765625,0.05545342787376008,0.42350837365692706,0.4271234308961353,1.6836666666666669,,,0.455,1.427,,,2.443666666666666,0.3033333333333333,0.3123333333333333,,3.68,2021,9,-1.0,-1.8369701987210297e-16,772.777,772.9694999999999,773.123,772.8795,772.2950000000001,79.612552916025,29.484570055167502,47.799110358235,320.72231178331754,116.67412516048,21.989753434139807,20.971499477486585,21.37802009895836,21.66232685819895,22.516305880208357,1.652258064516129,1.6464516129032265,1.7199999999999998,2.1241935483870966,1.328,,,,,,,,,,,0.479677419354839,0.5177419354838709,0.5976666666666668,0.9580645161290322,0.4553333333333333,1.5000000000000002,1.5358064516129035,1.555,1.8012903225806456,1.705333333333333,,,,1.65,1.4113333333333338,,,,,,2.2219354838709675,2.4603225806451614,2.608333333333334,2.643548387096774,2.2376666666666667,0.3245161290322582,0.3312903225806452,0.3676666666666666,0.7735483870967743,0.3273333333333332,0.2329032258064516,0.257741935483871,0.2783333333333332,0.522258064516129,0.3136666666666668,,,,0.6693548387096776,1.0373333333333334,3.65,3.64,3.72,3.78,3.4,772.9565000000001,772.9875000000001,772.709611111111,772.3870694444445,772.1535046296297,52.298744443142574,190.7552430704725,243.52275573262898,249.185754586798,238.15551812468433,21.446424336861583,21.466347481378833,21.63831646200359,21.66625443515539,21.740427414466563,14.66813282442879,15.702831388375545,15.89465191613732,16.093321037184033,16.02579951029944,0.7765330110637477,0.6376991142455768,0.45567369243281225,0.4429439527186387,0.458159110568039,-16.052391479846662,17.847731079563545,186.23167474142855,380.5617293375544,897.0354311751664,948.4646341266557,1.53490656565657,1.686393972485811
2021-10-01,772.592,1,22.544326666666688,15.789388929771528,195.702254453885,1012.6455824092742,0.03308571030407359,0.26166374452308466,0.2637471884668483,1.8754838709677424,,,0.4916129032258065,1.6580645161290315,,,2.5022580645161296,0.3093548387096774,0.272258064516129,,3.69,2021,10,-0.8660254037844386,0.5000000000000001,772.7105,772.777,772.9694999999999,773.042,772.071,95.8063006491325,79.612552916025,29.484570055167502,385.7493999756375,239.8046852918475,22.394575902777802,21.989753434139807,20.971499477486585,21.36350758333336,22.062326221438195,1.6836666666666669,1.652258064516129,1.6464516129032265,2.468333333333333,1.3903225806451611,,,,,,,,,,,0.455,0.479677419354839,0.5177419354838709,0.8766666666666667,0.504193548387097,1.427,1.5000000000000002,1.5358064516129035,1.6286666666666667,1.7735483870967743,,,,1.658333333333333,1.4370967741935488,,,,,,2.443666666666666,2.2219354838709675,2.4603225806451614,2.672,2.3122580645161293,0.3033333333333333,0.3245161290322582,0.3312903225806452,0.7619999999999999,0.3290322580645163,0.3123333333333333,0.2329032258064516,0.257741935483871,0.6829999999999999,0.3832258064516129,,,,0.6990476190476189,1.078709677419355,3.68,3.65,3.64,3.81,3.48,772.8190000000001,772.9593333333333,772.7442361111111,772.4422013888889,772.1829351851852,68.30114120677507,153.269241214775,241.78377035668333,246.81881439933457,238.27150710325137,21.785276271468064,21.588388988808642,21.628172297217713,21.65671122812414,21.72574639927559,14.470483301280643,15.448160044784222,15.881491673371118,16.087554100986118,16.03096487623308,0.6816767977104224,0.6556886011473998,0.44238214039248397,0.4410260368691834,0.4577982194061585,-41.87627869428766,13.853002550048252,165.7410336313582,359.6939048262069,840.2288666760438,952.6402373550707,1.5371764705881787,1.7613972239648905
2021-11-01,772.6576666666666,3,21.945465935763913,15.582774366319468,208.754897153135,1012.4487594965278,0.07810198476347086,0.2949717842279531,0.3051364834211333,1.9426666666666672,,,0.5586666666666666,1.7636666666666665,,,2.356,0.3796666666666667,0.2526666666666666,,3.6,2021,11,-0.5000000000000004,0.8660254037844384,772.592,772.7105,772.777,773.134,772.182,195.702254453885,95.8063006491325,79.612552916025,281.1635133344525,354.1939258271325,22.544326666666688,22.394575902777802,21.989753434139807,21.432977436155937,21.587811385416693,1.8754838709677424,1.6836666666666669,1.652258064516129,2.1645161290322585,1.8043333333333345,,,,,,,,,,,0.4916129032258065,0.455,0.479677419354839,0.8080645161290324,0.6669999999999999,1.6580645161290315,1.427,1.5000000000000002,1.60741935483871,1.959666666666667,,,,,1.529666666666667,,,,,,2.5022580645161296,2.443666666666666,2.2219354838709675,2.802258064516129,2.507333333333333,0.3093548387096774,0.3033333333333333,0.3245161290322582,0.6612903225806449,0.3856666666666667,0.272258064516129,0.3123333333333333,0.2329032258064516,0.5512903225806451,0.714,,,,,0.9453846153846156,3.69,3.68,3.65,3.9,3.71,772.6931666666666,772.8843333333333,772.7876527777777,772.4956805555556,772.2141944444444,123.70703600634756,121.59471696114959,238.10856778685311,239.1900034724122,236.17534419553593,22.309552001194763,21.785192169364194,21.66833900098675,21.700581282447615,21.734479752210174,14.997427308337095,15.251298869306325,15.908155615463414,16.094695427711027,16.037666839392053,0.4193890863290303,0.5944399021743025,0.43693359574642715,0.4351272612719701,0.4561938997850492,-105.28332863462066,-29.570806029940172,50.79253237918135,315.5914739882444,657.1374044299064,877.1783726773132,1.5767254901960541,1.8044281133521292
2021-12-01,772.664,1,21.572689457325293,16.47258865087368,371.83541065338,1012.9276109879032,-0.1521471904881973,0.25133863018332997,0.2938024414396254,2.166129032258065,,,0.5819354838709677,1.923225806451613,,,2.297096774193548,0.3896774193548387,0.2006451612903226,,3.61,2021,12,-2.4492935982947064e-16,1.0,772.6576666666666,772.592,772.7105,773.123,772.563,208.754897153135,195.702254453885,95.8063006491325,47.799110358235,394.52296476251,21.945465935763913,22.544326666666688,22.394575902777802,21.37802009895836,21.661682009408626,1.9426666666666672,1.8754838709677424,1.6836666666666669,1.7199999999999998,2.265161290322581,,,,,,,,,,,0.5586666666666666,0.4916129032258065,0.455,0.5976666666666668,0.9070967741935484,1.7636666666666665,1.6580645161290315,1.427,1.555,2.1367741935483875,,,,,1.4790322580645157,,,,,,2.356,2.5022580645161296,2.443666666666666,2.608333333333334,2.4945161290322586,0.3796666666666667,0.3093548387096774,0.3033333333333333,0.3676666666666666,0.453225806451613,0.2526666666666666,0.272258064516129,0.3123333333333333,0.2783333333333332,0.7829032258064514,,,,,0.6796774193548388,3.6,3.69,3.68,3.72,3.61,772.6533888888889,772.8049444444445,772.8272916666666,772.5489791666668,772.2488657407407,166.75448408538423,109.52661426426334,225.9886487306867,236.45462214444566,234.05237576713859,22.294789501736133,21.87060691929886,21.69814354684902,21.71503510370051,21.738746155277305,15.367074653673862,15.017603739051323,15.830302851429847,16.084226597198874,16.01931707439398,0.3320023675947055,0.5542676893292268,0.44677109624618444,0.437745537781483,0.4545230476008471,36.56935608804133,-163.211998808755,-145.36426772919143,170.1524453142469,591.4882525587088,800.7515092550108,1.4428235294117258,1.6565581566451943
2022-01-01,772.872,3,21.767035540994648,16.327868135080667,324.57929853123,1013.057883030914,0.09889067400810651,0.18156195157660635,0.20674648162927353,2.2341935483870965,,,0.6829032258064517,2.030322580645161,,,1.392903225806452,0.332258064516129,0.177741935483871,,3.7,2022,1,0.49999999999999994,0.8660254037844387,772.664,772.6576666666666,772.592,772.9694999999999,772.7220000000001,371.83541065338,208.754897153135,195.702254453885,29.484570055167502,411.7381569310225,21.572689457325293,21.945465935763913,22.544326666666688,20.971499477486585,21.211665020161313,2.166129032258065,1.9426666666666672,1.8754838709677424,1.6464516129032265,2.345806451612904,,,,,,,,,,,0.5819354838709677,0.5586666666666666,0.4916129032258065,0.5177419354838709,0.9122580645161292,1.923225806451613,1.7636666666666665,1.6580645161290315,1.5358064516129035,2.2612903225806456,,,,,1.5848387096774192,,,,,,2.297096774193548,2.356,2.5022580645161296,2.4603225806451614,2.662903225806452,0.3896774193548387,0.3796666666666667,0.3093548387096774,0.3312903225806452,0.6190322580645161,0.2006451612903226,0.2526666666666666,0.272258064516129,0.257741935483871,0.8374193548387097,,,,,0.6696774193548387,3.61,3.6,3.69,3.64,3.82,772.6378888888888,772.7284444444444,772.8357083333332,772.5930208333334,772.2791435185186,258.7641874201334,163.53266431345415,224.0980192215925,233.0342692031651,233.9826416384766,22.020827353251963,21.903051812360015,21.690727500842076,21.732817590259653,21.750797208844734,15.948250648988228,15.209366975134431,15.817053146008698,16.04384023225152,16.02150545537703,0.2875620377758689,0.4846194177431457,0.4478014132324875,0.44573788692836896,0.4556616559331791,1.5759091657017734,-110.59025124086702,-96.73724869081872,147.46489120511688,509.39978196797637,798.2410806231783,1.5237328431372816,1.6793152349100375
2022-02-01,772.709,1,20.97186105654764,16.743464972098238,315.98591807779,1013.2529030970982,0.09432754114956399,-0.03537629887346726,0.10074307689021399,2.405357142857143,,,0.8453571428571428,1.9667857142857144,,,1.4721428571428574,0.4792857142857143,0.2875,,3.79,2022,2,0.8660254037844386,0.5000000000000001,772.872,772.664,772.6576666666666,772.777,772.7573333333333,324.57929853123,371.83541065338,208.754897153135,79.612552916025,260.80775239572,21.767035540994648,21.572689457325293,21.945465935763913,21.989753434139807,21.821922139136927,2.2341935483870965,2.166129032258065,1.9426666666666672,1.652258064516129,2.4707142857142856,,,,,,,,,,,0.6829032258064517,0.5819354838709677,0.5586666666666666,0.479677419354839,1.101785714285714,2.030322580645161,1.923225806451613,1.7636666666666665,1.5000000000000002,1.9917857142857145,,,,,1.580357142857143,,,,,,1.392903225806452,2.297096774193548,2.356,2.2219354838709675,2.708928571428572,0.332258064516129,0.3896774193548387,0.3796666666666667,0.3245161290322582,0.6857142857142858,0.177741935483871,0.2006451612903226,0.2526666666666666,0.2329032258064516,0.6678571428571429,,,,,0.6239285714285713,3.7,3.61,3.6,3.65,3.77,772.7312222222222,772.7121944444444,772.8482083333333,772.6386736111111,772.3091805555555,301.72320211258176,212.71511905946457,216.83478102160976,231.1608107754503,233.7086655739344,21.761730311361287,22.03564115627802,21.73700837757819,21.73670176350674,21.747798725608472,16.127743717424607,15.562585512880846,15.805106049094498,15.999083380282995,16.020284769239787,0.26856180216334397,0.34397544424618726,0.450103749552915,0.4513528474848037,0.4504394464749596,54.31925730097771,-67.13806338087757,-96.70886941081771,60.30603280532438,464.43677970282135,788.3779422996607,1.2755171568626338,1.4149818197591955
2022-03-01,772.7149999999999,2,21.962980257056476,16.70955881888443,335.06888162885,1011.8434389616936,-0.11336111229626175,0.2912566688791784,0.3125398997690392,2.418064516129032,,,0.8548387096774195,1.8938709677419352,,,1.574516129032258,0.4538709677419354,0.3251612903225805,,3.87,2022,3,1.0,6.123233995736766e-17,772.709,772.872,772.664,772.7105,772.8795,315.98591807779,324.57929853123,371.83541065338,95.8063006491325,320.72231178331754,20.97186105654764,21.767035540994648,21.572689457325293,22.394575902777802,21.66232685819895,2.405357142857143,2.2341935483870965,2.166129032258065,1.6836666666666669,2.1241935483870966,,,,,,,,,,,0.8453571428571428,0.6829032258064517,0.5819354838709677,0.455,0.9580645161290322,1.9667857142857144,2.030322580645161,1.923225806451613,1.427,1.8012903225806456,,,,,1.65,,,,,,1.4721428571428574,1.392903225806452,2.297096774193548,2.443666666666666,2.643548387096774,0.4792857142857143,0.332258064516129,0.3896774193548387,0.3033333333333333,0.7735483870967743,0.2875,0.177741935483871,0.2006451612903226,0.3123333333333333,0.522258064516129,,,,,0.6693548387096776,3.79,3.7,3.61,3.68,3.78,772.7483333333333,772.7008611111111,772.8441805555555,772.667625,772.3360416666667,337.4668757541334,252.11067991975878,221.43296149511562,229.61958367075627,235.85272246086075,21.43719535162253,21.86599242667933,21.666169954029083,21.690941135011,21.70740826125042,16.51464058601753,15.940857619845692,15.82184450411062,15.97292131486934,16.03012324487223,0.20043066665303755,0.2662165171238716,0.45195781568472415,0.4473432696947215,0.4410009328031069,18.784819475756194,92.4645225547208,-70.74747625403417,115.4841984873944,427.4473291901638,865.5639902290083,1.2188921568626938,1.3563452825509912
2022-04-01,772.9413333333333,3,21.464274194444467,17.143290145833358,366.045236589345,1012.4285540972222,-0.13353877648735246,0.37871335375708853,0.40156744033808417,2.511,,,0.8806666666666667,1.8846666666666667,,,1.7506666666666666,0.528,0.6636666666666667,,3.84,2022,4,0.8660254037844387,-0.4999999999999998,772.7149999999999,772.709,772.872,772.592,773.042,335.06888162885,315.98591807779,324.57929853123,195.702254453885,385.7493999756375,21.962980257056476,20.97186105654764,21.767035540994648,22.544326666666688,21.36350758333336,2.418064516129032,2.405357142857143,2.2341935483870965,1.8754838709677424,2.468333333333333,,,,,,,,,,,0.8548387096774195,0.8453571428571428,0.6829032258064517,0.4916129032258065,0.8766666666666667,1.8938709677419352,1.9667857142857144,2.030322580645161,1.6580645161290315,1.6286666666666667,,,,,1.658333333333333,,,,,,1.574516129032258,1.4721428571428574,1.392903225806452,2.5022580645161296,2.672,0.4538709677419354,0.4792857142857143,0.332258064516129,0.3093548387096774,0.7619999999999999,0.3251612903225805,0.2875,0.177741935483871,0.272258064516129,0.6829999999999999,,,,,0.6990476190476189,3.87,3.79,3.7,3.69,3.81,772.7653333333333,772.7016111111111,772.8304722222223,772.6869166666667,772.3601249999999,325.21136607929014,291.9877767497117,222.62850898224335,228.84055346834032,237.60187871412467,21.567292284866255,21.79405981905911,21.691224403933877,21.69154092506756,21.703415911666713,16.593630642021115,16.27094064550467,15.859550345144447,15.93753567390832,16.037286250351244,0.20667648609617548,0.2471192619360223,0.45140393154171105,0.45253045492772315,0.4399208078068602,53.368059171596656,74.67998594243566,-35.91026529843131,129.83076833292688,408.7506043321814,928.5336153465083,1.2799730392156334,1.4689088111674184
2022-05-01,773.185,3,21.428343812164,16.816224684139808,194.6595312987925,1014.8968723454301,-0.07164423953069218,0.40645576775822245,0.4127216837068986,2.346428571428571,,,0.7861290322580644,1.830322580645161,,,1.9038709677419352,0.5806451612903226,0.476774193548387,,3.86,2022,5,0.49999999999999994,-0.8660254037844387,772.9413333333333,772.7149999999999,772.709,772.6576666666666,773.134,366.045236589345,335.06888162885,315.98591807779,208.754897153135,281.1635133344525,21.464274194444467,21.962980257056476,20.97186105654764,21.945465935763913,21.432977436155937,2.511,2.418064516129032,2.405357142857143,1.9426666666666672,2.1645161290322585,,,,,,,,,,,0.8806666666666667,0.8548387096774195,0.8453571428571428,0.5586666666666666,0.8080645161290324,1.8846666666666667,1.8938709677419352,1.9667857142857144,1.7636666666666665,1.60741935483871,,,,,,,,,,,1.7506666666666666,1.574516129032258,1.4721428571428574,2.356,2.802258064516129,0.528,0.4538709677419354,0.4792857142857143,0.3796666666666667,0.6612903225806449,0.6636666666666667,0.3251612903225805,0.2875,0.2526666666666666,0.5512903225806451,,,,,,3.84,3.87,3.79,3.6,3.9,772.7884444444444,772.7598333333332,772.8220833333334,772.7055555555554,772.3889675925925,339.0333454319951,320.3782737722883,220.98649536671897,226.61439946052187,239.54769718454048,21.466371836016194,21.61405107368874,21.699621621526465,21.690931198939086,21.685309136493103,16.865437978938683,16.49659084818164,15.873944858743982,15.916696410236446,16.035722084600863,0.271616805665779,0.2700893039145616,0.432264603044432,0.4498586839414466,0.4354440879535531,4.369489438092131,126.47213594833055,59.334072567453006,110.12660494663436,355.3229081445388,998.5830802814783,1.5184065656565053,1.8229213541614397
2022-06-01,773.241,1,20.85884290451391,14.932129322916689,51.030099439530005,1015.0069191666666,-0.11497177279351557,0.8046028563272656,0.812775654746916,2.2223333333333333,,,0.5906666666666669,1.8216666666666663,,,1.7003333333333337,0.4249999999999997,0.2453333333333334,,3.77,2022,6,1.2246467991473532e-16,-1.0,773.185,772.9413333333333,772.7149999999999,772.664,773.123,194.6595312987925,366.045236589345,335.06888162885,371.83541065338,47.799110358235,21.428343812164,21.464274194444467,21.962980257056476,21.572689457325293,21.37802009895836,2.346428571428571,2.511,2.418064516129032,2.166129032258065,1.7199999999999998,,,,,,,,,,,0.7861290322580644,0.8806666666666667,0.8548387096774195,0.5819354838709677,0.5976666666666668,1.830322580645161,1.8846666666666667,1.8938709677419352,1.923225806451613,1.555,,,,,,,,,,,1.9038709677419352,1.7506666666666666,1.574516129032258,2.297096774193548,2.608333333333334,0.5806451612903226,0.528,0.4538709677419354,0.3896774193548387,0.3676666666666666,0.476774193548387,0.6636666666666667,0.3251612903225805,0.2006451612903226,0.2783333333333332,,,,,,3.86,3.84,3.87,3.61,3.72,772.9471111111111,772.8477222222222,772.8263333333333,772.7214027777777,772.4231990740741,298.59121650566254,318.02904612989795,213.77783019708065,228.54258986012346,238.1069999494698,21.61853275455498,21.527864053088752,21.699235486193803,21.67973528986091,21.68414243664431,16.889691216285872,16.702165901151698,15.859884820101508,15.918888802429544,16.02837397318173,0.3756096746046739,0.2880201706288558,0.42114392997904115,0.44138527238452346,0.4289559378442396,-8.826673869036362,76.52236808544497,168.9868906401658,23.62262291097437,401.59947773497635,946.7179798189331,1.6667222222222335,1.8912435133759709
2022-07-01,772.78,2,21.117657982190885,13.874961594422066,40.550291498985,1015.4775778477823,-0.02530077438422096,0.9418147714381888,0.9421545483006538,1.8774193548387097,,,0.5199999999999999,1.7464516129032253,,,1.4983870967741937,0.3277419354838711,0.2109677419354839,,3.31,2022,7,-0.4999999999999997,-0.8660254037844388,773.241,773.185,772.9413333333333,772.872,772.9694999999999,51.030099439530005,194.6595312987925,366.045236589345,324.57929853123,29.484570055167502,20.85884290451391,21.428343812164,21.464274194444467,21.767035540994648,20.971499477486585,2.2223333333333333,2.346428571428571,2.511,2.2341935483870965,1.6464516129032265,,,,,,,,,,,0.5906666666666669,0.7861290322580644,0.8806666666666667,0.6829032258064517,0.5177419354838709,1.8216666666666663,1.830322580645161,1.8846666666666667,2.030322580645161,1.5358064516129035,,,,,,,,,,,1.7003333333333337,1.9038709677419352,1.7506666666666666,1.392903225806452,2.4603225806451614,0.4249999999999997,0.5806451612903226,0.528,0.332258064516129,0.3312903225806452,0.2453333333333334,0.476774193548387,0.6636666666666667,0.177741935483871,0.257741935483871,,,,,,3.77,3.86,3.84,3.7,3.64,773.1224444444443,772.9438888888889,772.8361666666666,772.7425,772.4594305555555,203.9116224425559,264.5614942609229,214.04707928718855,227.73950916780583,237.99423954986298,21.250486970374126,21.408889627620187,21.655970719990105,21.657109495734748,21.672955634416304,16.29721471762996,16.44542267982553,15.827394827479983,15.882815505265192,16.004740685565988,0.5423549262639662,0.37451570618007085,0.42956756196160834,0.4458541729970011,0.4314671557044891,12.613251329518256,48.91087474065241,123.5908606830881,26.85361199226938,382.32554111935383,942.6586054330883,1.396363636363617,1.5547817645579645
2022-08-01,772.528,1,21.77358239247314,14.320118835685507,72.6596713045275,1013.692376906922,0.03857288538632393,0.606786563303733,0.6080113493126438,1.8380645161290323,,,0.4729032258064519,1.763548387096774,,,1.2519354838709678,0.3170967741935483,0.2593548387096774,,3.48,2022,8,-0.8660254037844385,-0.5000000000000004,772.78,773.241,773.185,772.709,772.777,40.550291498985,51.030099439530005,194.6595312987925,315.98591807779,79.612552916025,21.117657982190885,20.85884290451391,21.428343812164,20.97186105654764,21.989753434139807,1.8774193548387097,2.2223333333333333,2.346428571428571,2.405357142857143,1.652258064516129,,,,,,,,,,,0.5199999999999999,0.5906666666666669,0.7861290322580644,0.8453571428571428,0.479677419354839,1.7464516129032253,1.8216666666666663,1.830322580645161,1.9667857142857144,1.5000000000000002,,,,,,,,,,,1.4983870967741937,1.7003333333333337,1.9038709677419352,1.4721428571428574,2.2219354838709675,0.3277419354838711,0.4249999999999997,0.5806451612903226,0.4792857142857143,0.3245161290322582,0.2109677419354839,0.2453333333333334,0.476774193548387,0.2875,0.2329032258064516,,,,,,3.31,3.77,3.86,3.79,3.65,773.0686666666667,772.9285555555556,772.8203750000001,772.7497222222223,772.4919490740741,95.41330741243593,217.22332642221542,214.96922274084,227.6013058622949,237.448120271777,21.134948232956265,21.30066003448623,21.668150595382127,21.672019593601018,21.66891785906535,15.207771867159527,16.0366049230491,15.79959521796497,15.844251912985287,15.990755626202189,0.7225506289181561,0.4970837172919676,0.4205295807690775,0.4455331460416145,0.4389163177786926,21.40498253269668,8.15606689857401,134.62820284690457,37.91933343608687,379.00866178709134,922.9983114219932,1.2593686868686973,1.4002476548790443
2022-09-01,772.5905,2,22.143616420138912,14.963205201388911,104.234576222545,1013.2133242274306,0.08341977834719937,0.41938128964192706,0.42759738717773027,1.846666666666667,,,0.4320000000000001,1.806,,,1.0799999999999998,0.3083333333333333,0.2366666666666667,,3.52,2022,9,-1.0,-1.8369701987210297e-16,772.528,772.78,773.241,772.7149999999999,772.7105,72.6596713045275,40.550291498985,51.030099439530005,335.06888162885,95.8063006491325,21.77358239247314,21.117657982190885,20.85884290451391,21.962980257056476,22.394575902777802,1.8380645161290323,1.8774193548387097,2.2223333333333333,2.418064516129032,1.6836666666666669,,,,,,,,,,,0.4729032258064519,0.5199999999999999,0.5906666666666669,0.8548387096774195,0.455,1.763548387096774,1.7464516129032253,1.8216666666666663,1.8938709677419352,1.427,,,,,,,,,,,1.2519354838709678,1.4983870967741937,1.7003333333333337,1.574516129032258,2.443666666666666,0.3170967741935483,0.3277419354838711,0.4249999999999997,0.4538709677419354,0.3033333333333333,0.2593548387096774,0.2109677419354839,0.2453333333333334,0.3251612903225805,0.3123333333333333,,,,,,3.48,3.31,3.77,3.87,3.68,772.8496666666666,772.8983888888888,772.799625,772.7546180555555,772.524587962963,54.7466874143476,176.668951960005,214.38981593988186,228.95628583625543,237.5871083711593,21.25002775972598,21.434280257140482,21.650136341909903,21.644226401956747,21.660881737406896,14.375736584341425,15.632713900313645,15.786785760079669,15.840718838108494,15.991142611482578,0.7876471841200711,0.5816284293623726,0.4239224732431221,0.43979808283796723,0.43660345956013313,-7.624115906434156,25.191559993178558,101.71392807862355,30.966451824589385,411.5281811621439,928.0018829997558,1.4149065656565654,1.5545505878614572
2022-10-01,772.2975,2,22.711984837029593,14.721055196572603,118.0197000920225,1012.3330378024194,0.14626646538939952,0.3617573191336257,0.39020794051922664,1.7832258064516129,,,0.406774193548387,1.7358064516129024,,,0.9351612903225808,0.317741935483871,0.1980645161290323,0.5964516129032256,3.59,2022,10,-0.8660254037844386,0.5000000000000001,772.5905,772.528,772.78,772.9413333333333,772.592,104.234576222545,72.6596713045275,40.550291498985,366.045236589345,195.702254453885,22.143616420138912,21.77358239247314,21.117657982190885,21.464274194444467,22.544326666666688,1.846666666666667,1.8380645161290323,1.8774193548387097,2.511,1.8754838709677424,,,,,,,,,,,0.4320000000000001,0.4729032258064519,0.5199999999999999,0.8806666666666667,0.4916129032258065,1.806,1.763548387096774,1.7464516129032253,1.8846666666666667,1.6580645161290315,,,,,,,,,,,1.0799999999999998,1.2519354838709678,1.4983870967741937,1.7506666666666666,2.5022580645161296,0.3083333333333333,0.3170967741935483,0.3277419354838711,0.528,0.3093548387096774,0.2366666666666667,0.2593548387096774,0.2109677419354839,0.6636666666666667,0.272258064516129,,,,,,3.52,3.48,3.31,3.84,3.69,772.6328333333335,772.8776388888888,772.7896249999999,772.7669305555556,772.5580092592593,72.48151300868592,138.19656772562084,215.09217223766623,228.4379712971748,236.24326701211177,21.678285598267646,21.464386284320884,21.62922305169,21.628697674453857,21.647548502646096,14.386095210498832,15.34165496406439,15.80629780478453,15.843894739077824,15.993802002252258,0.6592544282636759,0.6008046772638211,0.42396196959992166,0.4331720549962028,0.4353380144460962,-119.55883305615015,26.394117955780764,75.3049926964332,39.39472739800189,399.0886322242089,879.6235940740457,1.2426764705882078,1.4239398842366005
2022-11-01,772.2025,2,20.941793078125023,16.378821407986134,346.49270731198,1013.2872936111111,0.11295170388490261,0.18191168066280727,0.21412600722955138,2.239,,,0.5236666666666667,1.7926666666666669,,,0.9833333333333332,0.3829999999999999,0.2816666666666666,0.5960000000000001,3.67,2022,11,-0.5000000000000004,0.8660254037844384,772.2975,772.5905,772.528,773.185,772.6576666666666,118.0197000920225,104.234576222545,72.6596713045275,194.6595312987925,208.754897153135,22.711984837029593,22.143616420138912,21.77358239247314,21.428343812164,21.945465935763913,1.7832258064516129,1.846666666666667,1.8380645161290323,2.346428571428571,1.9426666666666672,,,,,,,,,,,0.406774193548387,0.4320000000000001,0.4729032258064519,0.7861290322580644,0.5586666666666666,1.7358064516129024,1.806,1.763548387096774,1.830322580645161,1.7636666666666665,,,,,,,,,,,0.9351612903225808,1.0799999999999998,1.2519354838709678,1.9038709677419352,2.356,0.317741935483871,0.3083333333333333,0.3170967741935483,0.5806451612903226,0.3796666666666667,0.1980645161290323,0.2366666666666667,0.2593548387096774,0.476774193548387,0.2526666666666666,0.5964516129032256,,,,,3.59,3.52,3.48,3.86,3.6,772.4720000000001,772.7703333333333,772.7650833333333,772.7763680555557,772.5854814814816,98.30464920636511,96.85897830940041,208.61862604084436,223.36359691384874,228.99954432855625,22.209727883213883,21.672338058085074,21.643194565886905,21.65576678343683,21.68145237692738,14.66812641121568,14.937949139187596,15.717269993684619,15.812712804574018,15.968886949702226,0.4752722256698669,0.5989114272940116,0.43450036560428656,0.43571698067535686,0.4349182960494089,32.45448152422432,-105.77796642988764,-97.6218995313136,-38.287826963860596,277.30364702438385,618.8495774660457,1.1215588235294263,1.2835286069377843
2022-12-01,772.512,2,20.846278314852174,16.305428550067226,373.4723629935175,1013.2320144321236,-0.011068318473949255,0.21604589246121972,0.21632922900802304,2.613548387096773,,,0.6716129032258064,1.7525806451612902,1.1606451612903224,,1.219354838709677,0.397741935483871,0.3216129032258065,0.5974193548387097,3.62,2022,12,-2.4492935982947064e-16,1.0,772.2025,772.2975,772.5905,773.241,772.664,346.49270731198,118.0197000920225,104.234576222545,51.030099439530005,371.83541065338,20.941793078125023,22.711984837029593,22.143616420138912,20.85884290451391,21.572689457325293,2.239,1.7832258064516129,1.846666666666667,2.2223333333333333,2.166129032258065,,,,,,,,,,,0.5236666666666667,0.406774193548387,0.4320000000000001,0.5906666666666669,0.5819354838709677,1.7926666666666669,1.7358064516129024,1.806,1.8216666666666663,1.923225806451613,,,,,,,,,,,0.9833333333333332,0.9351612903225808,1.0799999999999998,1.7003333333333337,2.297096774193548,0.3829999999999999,0.317741935483871,0.3083333333333333,0.4249999999999997,0.3896774193548387,0.2816666666666666,0.1980645161290323,0.2366666666666667,0.2453333333333334,0.2006451612903226,0.5960000000000001,0.5964516129032256,,,,3.67,3.59,3.52,3.77,3.61,772.3635,772.6065833333333,772.7271527777776,772.7772222222223,772.6083703703704,189.58232787551594,122.16450764493167,220.0967768874148,223.04271280905073,231.00200705876873,21.93246477843117,21.591246269078578,21.559555161083665,21.628849353966345,21.663208456161563,15.354360601982554,14.865048593161985,15.783607247156842,15.806955049293343,15.984020147184866,0.3439771116421693,0.5658121478811203,0.4269161592549881,0.43684362775058627,0.43413574493931806,38.20630842817883,-94.72846743836,-69.53690744518141,99.44998319498438,269.60242850923134,690.9382357536932,1.290823529411682,1.4820414297709066
2023-01-01,772.6446666666667,3,21.296047693212387,15.829999437164002,327.203452757955,1013.2462893733199,-0.018779405860561163,0.2104088565226932,0.21124524370423817,2.541935483870968,,,0.7683870967741935,2.035806451612903,1.0161290322580645,,1.359032258064516,0.5280645161290323,0.2941935483870967,,3.84,2023,1,0.49999999999999994,0.8660254037844387,772.512,772.2025,772.2975,772.78,772.872,373.4723629935175,346.49270731198,118.0197000920225,40.550291498985,324.57929853123,20.846278314852174,20.941793078125023,22.711984837029593,21.117657982190885,21.767035540994648,2.613548387096773,2.239,1.7832258064516129,1.8774193548387097,2.2341935483870965,,,,,,,,,,,0.6716129032258064,0.5236666666666667,0.406774193548387,0.5199999999999999,0.6829032258064517,1.7525806451612902,1.7926666666666669,1.7358064516129024,1.7464516129032253,2.030322580645161,1.1606451612903224,,,,,,,,,,1.219354838709677,0.9833333333333332,0.9351612903225808,1.4983870967741937,1.392903225806452,0.397741935483871,0.3829999999999999,0.317741935483871,0.3277419354838711,0.332258064516129,0.3216129032258065,0.2816666666666666,0.1980645161290323,0.2109677419354839,0.177741935483871,0.5974193548387097,0.5960000000000001,0.5964516129032256,,,3.62,3.67,3.59,3.31,3.7,772.3373333333333,772.4850833333334,772.7144861111111,772.7750972222221,772.6335092592593,279.32825679917346,175.90488490392957,220.23318958242623,222.1656044020094,228.76724266291882,21.5000187433356,21.589152170801622,21.499020899210905,21.594874200026492,21.654885359910068,15.801768384875325,15.093931797687077,15.769677238756303,15.793365192382502,15.952452567753113,0.2735543922522669,0.4664044102579716,0.42046005821902116,0.4341307357257544,0.4373119440252531,4.2000633924267845,-48.898043103747014,-22.50392514796622,101.08693553512188,248.55182674023882,610.4867175030981,1.2963995098040186,1.4287697854312438
2023-02-01,772.725,2,22.00408444196431,15.660768928571452,264.938294563025,1012.8506111049107,0.037816184261888,0.1423337122181343,0.14727168575773056,2.5282142857142853,,,0.9071428571428573,1.952857142857143,1.0564285714285713,,1.403214285714286,0.5935714285714285,0.3757142857142858,,3.67,2023,2,0.8660254037844386,0.5000000000000001,772.6446666666667,772.512,772.2025,772.528,772.709,327.203452757955,373.4723629935175,346.49270731198,72.6596713045275,315.98591807779,21.296047693212387,20.846278314852174,20.941793078125023,21.77358239247314,20.97186105654764,2.541935483870968,2.613548387096773,2.239,1.8380645161290323,2.405357142857143,,,,,,,,,,,0.7683870967741935,0.6716129032258064,0.5236666666666667,0.4729032258064519,0.8453571428571428,2.035806451612903,1.7525806451612902,1.7926666666666669,1.763548387096774,1.9667857142857144,1.0161290322580645,1.1606451612903224,,,,,,,,,1.359032258064516,1.219354838709677,0.9833333333333332,1.2519354838709678,1.4721428571428574,0.5280645161290323,0.397741935483871,0.3829999999999999,0.3170967741935483,0.4792857142857143,0.2941935483870967,0.3216129032258065,0.2816666666666666,0.2593548387096774,0.2875,,0.5974193548387097,0.5960000000000001,,,3.84,3.62,3.67,3.48,3.79,772.4530555555556,772.4625277777777,772.6955416666666,772.771875,772.6576296296296,349.05617435448426,223.68041178042458,220.45186910132,218.64332506146488,227.59116355074022,21.02803969539653,21.618883789305205,21.459771911895718,21.598390144736953,21.644391812969733,16.171416465072458,15.419771438144062,15.728188180596582,15.76664711484554,15.908784980387521,0.2139001599806041,0.34458619282523556,0.42083495505860163,0.43546935230575823,0.44118021667606966,3.2716337862127034,74.86085334482992,-30.917113085057693,103.71108976184689,164.01712256717133,568.1478694646682,1.2915171568627102,1.4327312549545177
2023-03-01,772.932,2,21.439415315860238,16.6467232762097,378.611385610345,1013.0721171538978,0.01384675580287871,0.19244169425613908,0.19293920890901847,2.6709677419354843,,,1.0451612903225806,1.9499999999999995,1.0935483870967742,,1.6112903225806448,0.5412903225806454,0.4893548387096774,,3.77,2023,3,1.0,6.123233995736766e-17,772.725,772.6446666666667,772.512,772.5905,772.7149999999999,264.938294563025,327.203452757955,373.4723629935175,104.234576222545,335.06888162885,22.00408444196431,21.296047693212387,20.846278314852174,22.143616420138912,21.962980257056476,2.5282142857142853,2.541935483870968,2.613548387096773,1.846666666666667,2.418064516129032,,,,,,,,,,,0.9071428571428573,0.7683870967741935,0.6716129032258064,0.4320000000000001,0.8548387096774195,1.952857142857143,2.035806451612903,1.7525806451612902,1.806,1.8938709677419352,1.0564285714285713,1.0161290322580645,1.1606451612903224,,,,,,,,1.403214285714286,1.359032258064516,1.219354838709677,1.0799999999999998,1.574516129032258,0.5935714285714285,0.5280645161290323,0.397741935483871,0.3083333333333333,0.4538709677419354,0.3757142857142858,0.2941935483870967,0.3216129032258065,0.2366666666666667,0.3251612903225805,,,0.5974193548387097,,,3.67,3.84,3.62,3.52,3.87,772.6272222222223,772.495361111111,772.6968750000001,772.7705277777777,772.677375,321.8713701048326,255.72684899017418,216.19790047508957,218.81543098510258,225.14568927220068,21.38213681667629,21.657300797553734,21.54579052734711,21.605980240688094,21.642557599123034,15.932065638600898,15.64321312029172,15.637963510302681,15.72990400720665,15.86126871334712,0.19161538615666385,0.2677962488994167,0.4247123391308947,0.4383350774078094,0.43979962617344587,62.32732345725117,45.6780056068183,-49.05046183154167,52.663466247081885,168.14766473447634,480.11079543724566,1.435892156862792,1.5978161334844045
2023-04-01,772.994,2,21.37860847743058,17.148641600694468,351.3085246265325,1012.7692865885416,-0.2073188567389809,0.40698116496432635,0.4567436666175879,2.713333333333334,,,1.1506666666666665,1.923333333333333,1.2519999999999998,,2.065333333333333,0.6363333333333335,0.6333333333333333,,4.03,2023,4,0.8660254037844387,-0.4999999999999998,772.932,772.725,772.6446666666667,772.2975,772.9413333333333,378.611385610345,264.938294563025,327.203452757955,118.0197000920225,366.045236589345,21.439415315860238,22.00408444196431,21.296047693212387,22.711984837029593,21.464274194444467,2.6709677419354843,2.5282142857142853,2.541935483870968,1.7832258064516129,2.511,,,,,,,,,,,1.0451612903225806,0.9071428571428573,0.7683870967741935,0.406774193548387,0.8806666666666667,1.9499999999999995,1.952857142857143,2.035806451612903,1.7358064516129024,1.8846666666666667,1.0935483870967742,1.0564285714285713,1.0161290322580645,,,,,,,,1.6112903225806448,1.403214285714286,1.359032258064516,0.9351612903225808,1.7506666666666666,0.5412903225806454,0.5935714285714285,0.5280645161290323,0.317741935483871,0.528,0.4893548387096774,0.3757142857142858,0.2941935483870967,0.1980645161290323,0.6636666666666667,,,,0.5964516129032256,,3.77,3.67,3.84,3.59,3.84,772.7672222222222,772.5522777777778,772.7149583333334,772.7727152777778,772.6962638888889,323.5843776437751,301.4563172214742,219.82644247354753,221.22747572789544,225.8358498034094,21.579849150345648,21.53993394684062,21.502160115580754,21.596692259757315,21.62841398857196,16.045830547315056,15.923799466095188,15.632727215079788,15.746138780112119,15.83593285429881,0.183818712790329,0.22868655252129808,0.4147456148925595,0.43307477321713533,0.4399355082493353,38.63134720878418,69.79902063589064,20.900977532143656,96.20597022857686,226.0367385615038,504.9565745607582,1.3326397058823432,1.5293495613639654
2023-05-01,773.1383333333333,3,22.003904699260776,17.091487068212388,187.6042483655675,1014.7508216061827,-0.14820775674294362,0.510122443296672,0.5312160072077476,2.46483870967742,,,0.9758064516129032,1.8133333333333328,1.4561290322580642,,2.326774193548387,0.5332258064516131,0.5983870967741935,,4.17,2023,5,0.49999999999999994,-0.8660254037844387,772.994,772.932,772.725,772.2025,773.185,351.3085246265325,378.611385610345,264.938294563025,346.49270731198,194.6595312987925,21.37860847743058,21.439415315860238,22.00408444196431,20.941793078125023,21.428343812164,2.713333333333334,2.6709677419354843,2.5282142857142853,2.239,2.346428571428571,,,,,,,,,,,1.1506666666666665,1.0451612903225806,0.9071428571428573,0.5236666666666667,0.7861290322580644,1.923333333333333,1.9499999999999995,1.952857142857143,1.7926666666666669,1.830322580645161,1.2519999999999998,1.0935483870967742,1.0564285714285713,,,,,,,,2.065333333333333,1.6112903225806448,1.403214285714286,0.9833333333333332,1.9038709677419352,0.6363333333333335,0.5412903225806454,0.5935714285714285,0.3829999999999999,0.5806451612903226,0.6333333333333333,0.4893548387096774,0.3757142857142858,0.2816666666666666,0.476774193548387,,,,0.5960000000000001,,4.03,3.77,3.67,3.67,3.86,772.8836666666666,772.6683611111112,772.7193472222222,772.7707152777776,772.7101527777777,331.6194015999676,340.33778797722584,218.5983831433131,219.79243925501603,223.9423940214523,21.60736941175171,21.317704553574117,21.495021305829596,21.597321463678032,21.625627901235923,16.485377935158546,16.3283972001155,15.633173169651547,15.753559014197764,15.82218866337481,0.26565152042811224,0.23977584020435824,0.41934363374918493,0.4258041183968085,0.43968700054402604,-2.685793495132856,104.23030445224803,179.09115779707798,81.46925826576438,191.5958632123988,436.79216641030314,1.4717398989898811,1.7668957381517103
2023-06-01,773.135,1,21.828561385416688,15.849018553819466,67.99358126287,1015.111432421875,0.026389630841828146,0.6052714670278021,0.6058464833717826,2.1503333333333337,,,0.65,1.7730000000000004,1.397,,2.010333333333333,0.3926666666666666,0.2856666666666667,,3.82,2023,6,1.2246467991473532e-16,-1.0,773.1383333333333,772.994,772.932,772.512,773.241,187.6042483655675,351.3085246265325,378.611385610345,373.4723629935175,51.030099439530005,22.003904699260776,21.37860847743058,21.439415315860238,20.846278314852174,20.85884290451391,2.46483870967742,2.713333333333334,2.6709677419354843,2.613548387096773,2.2223333333333333,,,,,,,,,,,0.9758064516129032,1.1506666666666665,1.0451612903225806,0.6716129032258064,0.5906666666666669,1.8133333333333328,1.923333333333333,1.9499999999999995,1.7525806451612902,1.8216666666666663,1.4561290322580642,1.2519999999999998,1.0935483870967742,1.1606451612903224,,,,,,,2.326774193548387,2.065333333333333,1.6112903225806448,1.219354838709677,1.7003333333333337,0.5332258064516131,0.6363333333333335,0.5412903225806454,0.397741935483871,0.4249999999999997,0.5983870967741935,0.6333333333333333,0.4893548387096774,0.3216129032258065,0.2453333333333334,,,,0.5974193548387097,,4.17,4.03,3.77,3.62,3.77,773.0214444444446,772.8243333333334,772.7154583333332,772.7708958333334,772.7194212962963,305.8413862008151,313.8563781528237,218.0104428988777,215.89413654797917,225.03187420637485,21.607309497517196,21.494723157096743,21.542984713087662,21.621110099640735,21.634151764269824,16.96228398170552,16.447174810153204,15.656111701657595,15.757998260879553,15.831296435505559,0.3936329609114513,0.2926241735340576,0.42921816070758895,0.42518104534331513,0.43732956849221194,8.136807954303627,98.27287717090248,143.9508827777208,74.4139753325394,98.03659824351382,476.01345306751574,1.560722222222239,1.770964435227871
2023-07-01,772.9140000000001,3,21.478273645833358,13.571459991599486,14.521956352395,1016.3943841313844,-0.1280521055074093,0.9876493016338256,0.9959159024449123,2.043548387096774,,,0.5422580645161289,1.748387096774194,0.7386666666666668,,1.7800000000000002,0.3493548387096775,0.1906451612903225,,3.67,2023,7,-0.4999999999999997,-0.8660254037844388,773.135,773.1383333333333,772.994,772.6446666666667,772.78,67.99358126287,187.6042483655675,351.3085246265325,327.203452757955,40.550291498985,21.828561385416688,22.003904699260776,21.37860847743058,21.296047693212387,21.117657982190885,2.1503333333333337,2.46483870967742,2.713333333333334,2.541935483870968,1.8774193548387097,,,,,,,,,,,0.65,0.9758064516129032,1.1506666666666665,0.7683870967741935,0.5199999999999999,1.7730000000000004,1.8133333333333328,1.923333333333333,2.035806451612903,1.7464516129032253,1.397,1.4561290322580642,1.2519999999999998,1.0161290322580645,,,,,,,2.010333333333333,2.326774193548387,2.065333333333333,1.359032258064516,1.4983870967741937,0.3926666666666666,0.5332258064516131,0.6363333333333335,0.5280645161290323,0.3277419354838711,0.2856666666666667,0.5983870967741935,0.6333333333333333,0.2941935483870967,0.2109677419354839,,,,,,3.82,4.17,4.03,3.84,3.31,773.089111111111,772.9281666666666,772.7066249999999,772.7713958333334,772.7305416666667,202.3021180849901,262.9432478643825,219.42406638415605,216.7355728356723,224.96769490658923,21.73702485403601,21.658437002190833,21.623794586496228,21.639882653243163,21.646004525988577,16.696382407575445,16.371106477445245,15.73251913756616,15.77995698252307,15.832716716032182,0.5312687190657059,0.35754371592801754,0.4119740630929945,0.42077081252730136,0.4345608030289989,-13.415083817071741,44.082361667954935,113.88138230384561,91.3774571558794,118.23106914814883,473.7029982752332,1.5303636363637452,1.7039841292038411
2023-08-01,772.81275,0,22.808777452957013,13.935315018481205,30.8004020960525,1014.4985803343415,0.09453793999019441,0.8652148502307796,0.8703643829784512,1.914193548387097,,,0.4783870967741936,1.7025806451612904,0.9387096774193548,,1.5506451612903225,0.3290322580645162,0.177741935483871,,3.53,2023,8,-0.8660254037844385,-0.5000000000000004,772.9140000000001,773.135,773.1383333333333,772.725,772.528,14.521956352395,67.99358126287,187.6042483655675,264.938294563025,72.6596713045275,21.478273645833358,21.828561385416688,22.003904699260776,22.00408444196431,21.77358239247314,2.043548387096774,2.1503333333333337,2.46483870967742,2.5282142857142853,1.8380645161290323,,,,,,,,,,,0.5422580645161289,0.65,0.9758064516129032,0.9071428571428573,0.4729032258064519,1.748387096774194,1.7730000000000004,1.8133333333333328,1.952857142857143,1.763548387096774,0.7386666666666668,1.397,1.4561290322580642,1.0564285714285713,,,,,,,1.7800000000000002,2.010333333333333,2.326774193548387,1.403214285714286,1.2519354838709678,0.3493548387096775,0.3926666666666666,0.5332258064516131,0.5935714285714285,0.3170967741935483,0.1906451612903225,0.2856666666666667,0.5983870967741935,0.3757142857142858,0.2593548387096774,,,,,,3.67,3.82,4.17,3.67,3.48,773.0624444444444,772.9730555555556,772.7177916666666,772.7690833333332,772.7390787037037,90.03992866027761,210.82966513012252,217.25503845527354,216.11213059805675,224.15255005995445,21.77024657683694,21.688807994294326,21.653845891799765,21.66099824359095,21.665961693000597,15.503988537877119,15.994683236517828,15.707227337330947,15.753411277647961,15.79857705443384,0.7109927976748142,0.48832215905146326,0.4164541759383494,0.41849187835371343,0.4358401560071928,-20.454286675778327,-7.964069357900984,96.26623509434708,65.34912200928939,103.26845544537632,444.3577837963807,1.5441186868687282,1.7168511435033587
2023-09-01,772.7115,2,22.395837296875023,16.165974036458355,219.2490692517875,1013.4954414756944,0.014703962724487832,0.06782160855157796,0.06939724134521918,2.058666666666667,,,0.5120000000000001,1.5096666666666665,1.321,,1.4089655172413793,0.3473333333333332,0.2646666666666667,,3.59,2023,9,-1.0,-1.8369701987210297e-16,772.81275,772.9140000000001,773.135,772.932,772.5905,30.8004020960525,14.521956352395,67.99358126287,378.611385610345,104.234576222545,22.808777452957013,21.478273645833358,21.828561385416688,21.439415315860238,22.143616420138912,1.914193548387097,2.043548387096774,2.1503333333333337,2.6709677419354843,1.846666666666667,,,,,,,,,,,0.4783870967741936,0.5422580645161289,0.65,1.0451612903225806,0.4320000000000001,1.7025806451612904,1.748387096774194,1.7730000000000004,1.9499999999999995,1.806,0.9387096774193548,0.7386666666666668,1.397,1.0935483870967742,,,,,,,1.5506451612903225,1.7800000000000002,2.010333333333333,1.6112903225806448,1.0799999999999998,0.3290322580645162,0.3493548387096775,0.3926666666666666,0.5412903225806454,0.3083333333333333,0.177741935483871,0.1906451612903225,0.2856666666666667,0.4893548387096774,0.2366666666666667,,,,,,3.53,3.67,3.82,3.77,3.52,772.9539166666667,772.9876805555556,772.7415208333333,772.7705729166668,772.7502523148148,37.77197990377261,171.80668305229378,213.76676602123396,214.0782909805579,223.8931125645816,22.03853749473569,21.822923496126446,21.740112146840087,21.695124244374995,21.676188316917862,14.451931187966723,15.707107584836118,15.675160352563921,15.730973056321794,15.785532676260305,0.8240422562650487,0.60883760858825,0.4383169287438334,0.43111970099347774,0.43930436480658924,107.39037712280833,-25.732562538546453,72.54031463235606,23.489852800814383,54.456304625403824,435.0180339629582,1.5359065656565463,1.6874926673576545
2023-10-01,772.6755,2,22.7447474277554,15.751580895497336,175.31538050263,1012.5046117691533,0.014810439075226778,0.28069284886801743,0.2810833052873199,2.1129032258064515,,,0.5241935483870968,1.8612903225806443,1.4764516129032257,,1.230967741935484,0.4525806451612904,0.3300000000000001,,3.58,2023,10,-0.8660254037844386,0.5000000000000001,772.7115,772.81275,772.9140000000001,772.994,772.2975,219.2490692517875,30.8004020960525,14.521956352395,351.3085246265325,118.0197000920225,22.395837296875023,22.808777452957013,21.478273645833358,21.37860847743058,22.711984837029593,2.058666666666667,1.914193548387097,2.043548387096774,2.713333333333334,1.7832258064516129,,,,,,,,,,,0.5120000000000001,0.4783870967741936,0.5422580645161289,1.1506666666666665,0.406774193548387,1.5096666666666665,1.7025806451612904,1.748387096774194,1.923333333333333,1.7358064516129024,1.321,0.9387096774193548,0.7386666666666668,1.2519999999999998,,,,,,,1.4089655172413793,1.5506451612903225,1.7800000000000002,2.065333333333333,0.9351612903225808,0.3473333333333332,0.3290322580645162,0.3493548387096775,0.6363333333333335,0.317741935483871,0.2646666666666667,0.177741935483871,0.1906451612903225,0.6333333333333333,0.1980645161290323,,,,,0.5964516129032256,3.59,3.53,3.67,4.03,3.59,772.81275,772.9509305555556,772.7516041666668,772.7706145833332,772.7618217592593,88.19047590007845,145.24629699253418,223.3513071070042,219.2217396723352,226.7424165671179,22.2276294652218,21.982327159628905,21.761130553234764,21.69517680246238,21.672841967380823,14.55758301551302,15.626982711544228,15.775391088819708,15.790844446802117,15.821060188991785,0.6452258422561942,0.5882472806609501,0.4084669165911241,0.41621444309552297,0.4249370088611766,-62.26315264554265,73.52100662995825,117.60336829791322,138.50434583005688,177.89907322805882,537.5929780542657,1.6206764705882506,1.8570769790322565
2023-11-01,772.576,3,21.229922284722246,17.168037569444465,456.06994619629,1013.431993732639,-0.043800587086048795,0.18685694782403126,0.19192188613911462,2.6830000000000003,,,0.9263333333333336,1.902,1.600333333333333,,1.456333333333333,0.5563333333333332,0.4213333333333333,,3.79,2023,11,-0.5000000000000004,0.8660254037844384,772.6755,772.7115,772.81275,773.1383333333333,772.2025,175.31538050263,219.2490692517875,30.8004020960525,187.6042483655675,346.49270731198,22.7447474277554,22.395837296875023,22.808777452957013,22.003904699260776,20.941793078125023,2.1129032258064515,2.058666666666667,1.914193548387097,2.46483870967742,2.239,,,,,,,,,,,0.5241935483870968,0.5120000000000001,0.4783870967741936,0.9758064516129032,0.5236666666666667,1.8612903225806443,1.5096666666666665,1.7025806451612904,1.8133333333333328,1.7926666666666669,1.4764516129032257,1.321,0.9387096774193548,1.4561290322580642,,,,,,,1.230967741935484,1.4089655172413793,1.5506451612903225,2.326774193548387,0.9833333333333332,0.4525806451612904,0.3473333333333332,0.3290322580645162,0.5332258064516131,0.3829999999999999,0.3300000000000001,0.2646666666666667,0.177741935483871,0.5983870967741935,0.2816666666666666,,,,,0.5960000000000001,3.58,3.59,3.53,4.17,3.67,772.7332499999999,772.8978472222224,772.7831041666667,772.7740937499999,772.778613425926,141.7882839501568,115.91410630521709,228.12594714122147,218.37228659103292,224.95104698963965,22.649787392529145,22.21001698468304,21.76386076912858,21.703527667507743,21.691798112000747,15.28428998347897,15.39413926067804,15.861268230396767,15.789269112040692,15.828897946514932,0.40694830987033,0.5589705537725721,0.39937319698846513,0.41693678129637585,0.42360238611305967,142.03172040853434,24.67293780148735,16.708868443586397,195.80002624066438,157.51219927680384,473.1036732650482,1.4950588235294617,1.710967564782807
2023-12-01,772.7906666666667,3,21.70081318044357,17.561632622647874,366.263389626085,1013.6884355006721,-0.03749136644880041,0.3226398549837231,0.3248108350749958,2.7316129032258067,,,1.1229032258064515,1.9296774193548385,1.801935483870968,,1.609354838709678,0.5200000000000001,0.3893548387096774,,3.98,2023,12,-2.4492935982947064e-16,1.0,772.576,772.6755,772.7115,773.135,772.512,456.06994619629,175.31538050263,219.2490692517875,67.99358126287,373.4723629935175,21.229922284722246,22.7447474277554,22.395837296875023,21.828561385416688,20.846278314852174,2.6830000000000003,2.1129032258064515,2.058666666666667,2.1503333333333337,2.613548387096773,,,,,,,,,,,0.9263333333333336,0.5241935483870968,0.5120000000000001,0.65,0.6716129032258064,1.902,1.8612903225806443,1.5096666666666665,1.7730000000000004,1.7525806451612902,1.600333333333333,1.4764516129032257,1.321,1.397,1.1606451612903224,,,,,,1.456333333333333,1.230967741935484,1.4089655172413793,2.010333333333333,1.219354838709677,0.5563333333333332,0.4525806451612904,0.3473333333333332,0.3926666666666666,0.397741935483871,0.4213333333333333,0.3300000000000001,0.2646666666666667,0.2856666666666667,0.3216129032258065,,,,,0.5974193548387097,3.79,3.58,3.59,3.82,3.62,772.6543333333333,772.8041250000001,772.8142291666668,772.7706909722223,772.7895578703705,283.5447986502359,160.65838927700415,237.25738371491397,228.67708030116435,227.7809364443385,22.123502336450887,22.081019915593288,21.78787153634502,21.673713348714344,21.681856748092567,16.36186416713339,15.406897677550054,15.927036243851632,15.855321745504236,15.846982114146105,0.18080081092388448,0.5024215335944666,0.3975228535642621,0.4122195064096252,0.42373670302181154,30.99733506074631,187.1589448858,161.4263823472536,305.37726512497443,404.82724831995887,574.9796936342057,1.569490196078391,1.8019887623737239
2024-01-01,773.106,1,21.228711587701635,17.697607442876368,476.51582952523,1015.046447673051,0.0882580871313266,-0.1067582819505299,0.13851649977208375,2.6841935483870967,,,1.314516129032258,2.01258064516129,1.615,,1.8641935483870968,0.676774193548387,0.5387096774193548,,4.15,2024,1,0.49999999999999994,0.8660254037844387,772.7906666666667,772.576,772.6755,772.9140000000001,772.6446666666667,366.263389626085,456.06994619629,175.31538050263,14.521956352395,327.203452757955,21.70081318044357,21.229922284722246,22.7447474277554,21.478273645833358,21.296047693212387,2.7316129032258067,2.6830000000000003,2.1129032258064515,2.043548387096774,2.541935483870968,,,,,,,,,,,1.1229032258064515,0.9263333333333336,0.5241935483870968,0.5422580645161289,0.7683870967741935,1.9296774193548385,1.902,1.8612903225806443,1.748387096774194,2.035806451612903,1.801935483870968,1.600333333333333,1.4764516129032257,0.7386666666666668,1.0161290322580645,,,,,,1.609354838709678,1.456333333333333,1.230967741935484,1.7800000000000002,1.359032258064516,0.5200000000000001,0.5563333333333332,0.4525806451612904,0.3493548387096775,0.5280645161290323,0.3893548387096774,0.4213333333333333,0.3300000000000001,0.1906451612903225,0.2941935483870967,,,,,,3.98,3.79,3.58,3.67,3.84,772.6807222222222,772.7467361111112,772.8374513888889,772.7759687500001,772.7958819444444,332.5495721083351,210.37002400420667,236.6566359342946,228.4449127583604,226.99594824610443,21.89182763097374,22.05972854809777,21.859082775144298,21.679051837177607,21.68294372506576,16.827083695863234,15.69233335568812,16.031719916566683,15.900698577661492,15.872816767110562,0.26593867550047673,0.45558225887833553,0.4065629874031766,0.4135115228110989,0.4249414862848951,153.51244015970178,110.76590282373797,184.28690945369627,298.16829175754185,399.2552272926638,546.7201184977806,1.757732843137319,1.9372080582739606
2024-02-01,773.3165,0,22.634372059985655,17.497236681034504,280.5318834377725,1014.1269897270115,-0.004862605574340879,0.1504650338523678,0.15054358619737276,2.643793103448276,,,1.1127586206896554,1.929310344827586,1.5627586206896549,,,0.6672413793103448,0.4655172413793103,,4.18,2024,2,0.8660254037844386,0.5000000000000001,773.106,772.7906666666667,772.576,772.81275,772.725,476.51582952523,366.263389626085,456.06994619629,30.8004020960525,264.938294563025,21.228711587701635,21.70081318044357,21.229922284722246,22.808777452957013,22.00408444196431,2.6841935483870967,2.7316129032258067,2.6830000000000003,1.914193548387097,2.5282142857142853,,,,,,,,,,,1.314516129032258,1.1229032258064515,0.9263333333333336,0.4783870967741936,0.9071428571428573,2.01258064516129,1.9296774193548385,1.902,1.7025806451612904,1.952857142857143,1.615,1.801935483870968,1.600333333333333,0.9387096774193548,1.0564285714285713,,,,,,1.8641935483870968,1.609354838709678,1.456333333333333,1.5506451612903225,1.403214285714286,0.676774193548387,0.5200000000000001,0.5563333333333332,0.3290322580645162,0.5935714285714285,0.5387096774193548,0.3893548387096774,0.4213333333333333,0.177741935483871,0.3757142857142858,,,,,,4.15,3.98,3.79,3.53,3.67,772.8242222222221,772.778736111111,772.8758958333333,772.78571875,772.8065486111112,432.9497217825351,287.3690028663458,249.0993339982342,234.7756015497771,228.79532804038797,21.386482350955816,22.01813487174248,21.853471433018402,21.65662167245706,21.68341724083077,17.47575921165624,16.3800245975676,16.187353917042714,15.957771048819646,15.90688271557793,0.218416406995398,0.31268235843286407,0.4005022587421636,0.41066860690038265,0.42381365445122676,18.86522266096017,326.5414956289824,351.2144334304698,447.4806685248169,551.1917582866638,611.4977910919881,1.8830171568627065,2.0889056873284564
2024-03-01,773.527,2,22.847643212365615,17.566402510080668,361.96464273632,1013.5645140709006,-0.18471406393261514,0.37198251301005375,0.41531948593796686,2.5625806451612902,,,0.9438709677419356,1.877096774193548,1.6435483870967742,,,0.5858064516129032,0.5783870967741935,,4.16,2024,3,1.0,6.123233995736766e-17,773.3165,773.106,772.7906666666667,772.7115,772.932,280.5318834377725,476.51582952523,366.263389626085,219.2490692517875,378.611385610345,22.634372059985655,21.228711587701635,21.70081318044357,22.395837296875023,21.439415315860238,2.643793103448276,2.6841935483870967,2.7316129032258067,2.058666666666667,2.6709677419354843,,,,,,,,,,,1.1127586206896554,1.314516129032258,1.1229032258064515,0.5120000000000001,1.0451612903225806,1.929310344827586,2.01258064516129,1.9296774193548385,1.5096666666666665,1.9499999999999995,1.5627586206896549,1.615,1.801935483870968,1.321,1.0935483870967742,,,,,,,1.8641935483870968,1.609354838709678,1.4089655172413793,1.6112903225806448,0.6672413793103448,0.676774193548387,0.5200000000000001,0.3473333333333332,0.5412903225806454,0.4655172413793103,0.5387096774193548,0.3893548387096774,0.2646666666666667,0.4893548387096774,,,,,,4.18,4.15,3.98,3.59,3.77,773.0710555555555,772.8626944444444,772.9251875,772.8110312499999,772.8220810185185,374.4370341963626,328.9909164232991,250.39879973779648,233.298350106443,229.34322056933388,21.854632276043617,21.989067306247254,21.905995401186846,21.72589296426698,21.705985294187677,17.58549224885292,16.97367820799315,16.340392896414638,15.98917820335866,15.93340030360931,0.20462364034815073,0.19271222563601767,0.4007749171121338,0.4127436281215142,0.42581502397591753,45.680580583226174,203.37499788140823,390.5339427672083,463.0742573995643,515.7377236466463,631.2219221340406,2.0308921568628193,2.259913627978978
2024-04-01,773.5815,2,21.905872664930577,18.278076739583355,431.43397603102,1013.742976875,-0.27506441007678645,0.4522448217793108,0.5293258056406197,2.8706666666666663,,,1.2796666666666667,1.917333333333333,1.7229999999999996,,,0.662,0.7043333333333331,,4.37,2024,4,0.8660254037844387,-0.4999999999999998,773.527,773.3165,773.106,772.6755,772.994,361.96464273632,280.5318834377725,476.51582952523,175.31538050263,351.3085246265325,22.847643212365615,22.634372059985655,21.228711587701635,22.7447474277554,21.37860847743058,2.5625806451612902,2.643793103448276,2.6841935483870967,2.1129032258064515,2.713333333333334,,,,,,,,,,,0.9438709677419356,1.1127586206896554,1.314516129032258,0.5241935483870968,1.1506666666666665,1.877096774193548,1.929310344827586,2.01258064516129,1.8612903225806443,1.923333333333333,1.6435483870967742,1.5627586206896549,1.615,1.4764516129032257,1.2519999999999998,,,,,,,,1.8641935483870968,1.230967741935484,2.065333333333333,0.5858064516129032,0.6672413793103448,0.676774193548387,0.4525806451612904,0.6363333333333335,0.5783870967741935,0.4655172413793103,0.5387096774193548,0.3300000000000001,0.6333333333333333,,,,,,4.16,4.18,4.15,3.58,4.03,773.3164999999999,772.9986111111111,772.9747708333334,772.8448645833333,772.8400671296297,373.0041185664409,352.7768453373879,249.01157116496105,234.41900681925426,230.48884087358394,22.236908953350966,22.064368292162357,22.023347725895633,21.76275392073819,21.738910748470087,17.587082211330515,17.20708295359687,16.41703283257055,16.02488002382517,15.969770130931595,0.23479319063580772,0.2503659330681423,0.4193066068645462,0.4170261108785529,0.42848538443293893,118.75679861327166,218.0582434038881,328.8241462276261,446.4275145255393,542.6334847541162,672.4642530870431,1.9201397058823204,2.2035699551698076
2024-05-01,773.6120000000001,3,22.691824227150562,18.062711433131746,147.171795369645,1014.5204213037634,-0.09470115189832327,0.5758240463035148,0.5835594575295834,,,,0.9180645161290324,1.799677419354838,1.413225806451613,,,0.6903225806451615,0.427741935483871,,4.45,2024,5,0.49999999999999994,-0.8660254037844387,773.5815,773.527,773.3165,772.576,773.1383333333333,431.43397603102,361.96464273632,280.5318834377725,456.06994619629,187.6042483655675,21.905872664930577,22.847643212365615,22.634372059985655,21.229922284722246,22.003904699260776,2.8706666666666663,2.5625806451612902,2.643793103448276,2.6830000000000003,2.46483870967742,,,,,,,,,,,1.2796666666666667,0.9438709677419356,1.1127586206896554,0.9263333333333336,0.9758064516129032,1.917333333333333,1.877096774193548,1.929310344827586,1.902,1.8133333333333328,1.7229999999999996,1.6435483870967742,1.5627586206896549,1.600333333333333,1.4561290322580642,,,,,,,,,1.456333333333333,2.326774193548387,0.662,0.5858064516129032,0.6672413793103448,0.5563333333333332,0.5332258064516131,0.7043333333333331,0.5783870967741935,0.4655172413793103,0.4213333333333333,0.5983870967741935,,,,,,4.37,4.16,4.18,3.79,4.17,773.475,773.1496111111111,773.0237291666667,772.8715381944445,772.8550532407407,357.97683406837103,395.4632779254529,255.68869211533502,237.14353762932407,231.7578568751224,22.462629312427282,21.92455583169155,22.067286408187297,21.781153857008448,21.75397644518112,17.780571976899513,17.62816559427787,16.511152427477956,16.07216279856475,16.006090151957828,0.3650629592586531,0.2917396831270256,0.42535511844979884,0.42234937609949186,0.4256544517478053,-43.11824649105537,183.30260185745797,509.84409748644043,526.5529659300269,608.0222241957913,718.1488291424256,1.94540656565664,2.3355557406510905
2024-06-01,773.563,2,21.751288585069467,15.23314863541669,33.2574248236825,1015.5985067013889,-0.06637771257615449,0.8294812731534054,0.832132912003267,2.489,,,0.6683333333333334,1.632,1.0586666666666666,,,0.5016666666666668,0.2663333333333334,,4.39,2024,6,1.2246467991473532e-16,-1.0,773.6120000000001,773.5815,773.527,772.7906666666667,773.135,147.171795369645,431.43397603102,361.96464273632,366.263389626085,67.99358126287,22.691824227150562,21.905872664930577,22.847643212365615,21.70081318044357,21.828561385416688,,2.8706666666666663,2.5625806451612902,2.7316129032258067,2.1503333333333337,,,,,,,,,,,0.9180645161290324,1.2796666666666667,0.9438709677419356,1.1229032258064515,0.65,1.799677419354838,1.917333333333333,1.877096774193548,1.9296774193548385,1.7730000000000004,1.413225806451613,1.7229999999999996,1.6435483870967742,1.801935483870968,1.397,,,,,,,,,1.609354838709678,2.010333333333333,0.6903225806451615,0.662,0.5858064516129032,0.5200000000000001,0.3926666666666666,0.427741935483871,0.7043333333333331,0.5783870967741935,0.3893548387096774,0.2856666666666667,,,,,,4.45,4.37,4.16,3.98,3.82,773.5735000000001,773.3222777777778,773.063201388889,772.8893298611112,772.8683310185186,313.5234713789951,343.9802527876787,252.31932103234146,235.16488196560957,228.03586470943324,22.481780034815586,22.1682061554296,22.124613035511445,21.833798874299557,21.78894441159764,17.96906356093193,17.77727790489242,16.592087791221235,16.124099746439416,16.03602810432678,0.5094015830360566,0.35701261169210374,0.4297170726432851,0.42946761667543704,0.42669305444330513,-26.59934848488387,121.31913270544243,324.69413058685075,486.12051293410434,560.5344882666437,584.157111177618,1.9887222222222363,2.256619580957956
2024-07-01,773.508,2,22.03471845262099,13.96328213373658,11.695265779575,1015.0151852822581,0.15005909513795698,0.7697636799602251,0.7842536930225641,2.085806451612903,,,0.5738709677419357,1.539677419354839,0.9783870967741932,,,0.4583870967741933,0.2103225806451613,,4.23,2024,7,-0.4999999999999997,-0.8660254037844388,773.563,773.6120000000001,773.5815,773.106,772.9140000000001,33.2574248236825,147.171795369645,431.43397603102,476.51582952523,14.521956352395,21.751288585069467,22.691824227150562,21.905872664930577,21.228711587701635,21.478273645833358,2.489,,2.8706666666666663,2.6841935483870967,2.043548387096774,,,,,,,,,,,0.6683333333333334,0.9180645161290324,1.2796666666666667,1.314516129032258,0.5422580645161289,1.632,1.799677419354838,1.917333333333333,2.01258064516129,1.748387096774194,1.0586666666666666,1.413225806451613,1.7229999999999996,1.615,0.7386666666666668,,,,,,,,,1.8641935483870968,1.7800000000000002,0.5016666666666668,0.6903225806451615,0.662,0.676774193548387,0.3493548387096775,0.2663333333333334,0.427741935483871,0.7043333333333331,0.5387096774193548,0.1906451612903225,,,,,,4.39,4.45,4.37,4.15,3.67,773.5855,773.451,773.0988680555556,772.9027465277778,772.8805532407408,203.9543987414493,288.479258653945,249.42464132907583,234.42435385661597,227.63192900014013,22.116328492383534,22.17661872286725,22.11817363548251,21.87098411098937,21.799312980656282,17.191312269377267,17.389197240353887,16.540765298021004,16.136642217793582,16.033559754355714,0.6483393917244898,0.44156629118014895,0.44857427502924224,0.43027416906111843,0.4300386333612817,-16.24177438989174,49.039203637332385,267.09744704122056,451.3843564949168,542.7618136507963,569.6154256430656,2.1243636363636824,2.3653737157676957
2024-08-01,773.5826666666667,3,22.053283827284968,13.826719877352172,33.67960451523,1014.5325059895833,0.11003560003579517,0.888524147444501,0.895311674148849,2.111935483870968,,,0.52,1.5167741935483867,0.7574193548387096,,2.291290322580646,0.4130000000000001,0.2470967741935483,,4.23,2024,8,-0.8660254037844385,-0.5000000000000004,773.508,773.563,773.6120000000001,773.3165,772.81275,11.695265779575,33.2574248236825,147.171795369645,280.5318834377725,30.8004020960525,22.03471845262099,21.751288585069467,22.691824227150562,22.634372059985655,22.808777452957013,2.085806451612903,2.489,,2.643793103448276,1.914193548387097,,,,,,,,,,,0.5738709677419357,0.6683333333333334,0.9180645161290324,1.1127586206896554,0.4783870967741936,1.539677419354839,1.632,1.799677419354838,1.929310344827586,1.7025806451612904,0.9783870967741932,1.0586666666666666,1.413225806451613,1.5627586206896549,0.9387096774193548,,,,,,,,,,1.5506451612903225,0.4583870967741933,0.5016666666666668,0.6903225806451615,0.6672413793103448,0.3290322580645162,0.2103225806451613,0.2663333333333334,0.427741935483871,0.4655172413793103,0.177741935483871,,,,,,4.23,4.39,4.45,4.18,3.53,773.561,773.518,773.1483680555556,772.9330798611112,772.8955115740741,64.04149532430097,211.0091646963358,249.18908378134083,233.22206111830715,227.13778165915144,22.159277088280337,22.31095320035381,22.164544036048145,21.909194963923955,21.82884684107668,15.753047400761679,16.76680968883059,16.573417143199094,16.14032224026502,16.026746566165002,0.7333153541851382,0.5491891567218956,0.43093575757737984,0.4236949667578646,0.42263983809493555,-17.57508425660083,-85.95936936583102,97.34323249162702,448.5576659220968,513.9067879313862,551.8261213674731,2.3140353535353597,2.5728943484783624
2024-09-01,773.486,1,23.217926005208355,14.048743460069467,60.211241266879995,1013.2283107204861,0.19187677165708505,0.6237225584831181,0.6525691729328561,2.106666666666667,,,0.4893333333333335,1.4616666666666664,0.924,,2.0960000000000005,0.422,0.2556666666666667,,4.17,2024,9,-1.0,-1.8369701987210297e-16,773.5826666666667,773.508,773.563,773.527,772.7115,33.67960451523,11.695265779575,33.2574248236825,361.96464273632,219.2490692517875,22.053283827284968,22.03471845262099,21.751288585069467,22.847643212365615,22.395837296875023,2.111935483870968,2.085806451612903,2.489,2.5625806451612902,2.058666666666667,,,,,,,,,,,0.52,0.5738709677419357,0.6683333333333334,0.9438709677419356,0.5120000000000001,1.5167741935483867,1.539677419354839,1.632,1.877096774193548,1.5096666666666665,0.7574193548387096,0.9783870967741932,1.0586666666666666,1.6435483870967742,1.321,,,,,,2.291290322580646,,,,1.4089655172413793,0.4130000000000001,0.4583870967741933,0.5016666666666668,0.5858064516129032,0.3473333333333332,0.2470967741935483,0.2103225806451613,0.2663333333333334,0.5783870967741935,0.2646666666666667,,,,,,4.23,4.23,4.39,4.16,3.59,773.5512222222222,773.562361111111,773.2125277777778,772.9770243055556,772.9178912037037,26.210765039495964,169.8671182092454,249.42901731627228,231.59789166875314,225.86186642579605,21.946430288325143,22.214105161570362,22.101586233908808,21.92084919037445,21.8306115742196,14.341050215501818,16.15505688821687,16.564367548105007,16.119763950334466,16.00877122024953,0.8372327597248933,0.6733171713804751,0.43301469850824637,0.43566581362603984,0.43175136683173393,-51.64745086209916,-60.41620713137648,60.90292557406602,451.4368683412743,474.9267211420887,505.89317296667804,2.3104065656565353,2.5384318456206265
2024-10-01,773.297,1,22.253522592405936,16.178535887096796,256.4624549954,1013.7109499663978,0.05418071939551071,0.233458365190792,0.23966301056227318,2.3374193548387097,,,,1.5732258064516127,0.7777419354838709,,2.0580645161290323,0.4687096774193549,0.2580645161290322,,4.19,2024,10,-0.8660254037844386,0.5000000000000001,773.486,773.5826666666667,773.508,773.5815,772.6755,60.211241266879995,33.67960451523,11.695265779575,431.43397603102,175.31538050263,23.217926005208355,22.053283827284968,22.03471845262099,21.905872664930577,22.7447474277554,2.106666666666667,2.111935483870968,2.085806451612903,2.8706666666666663,2.1129032258064515,,,,,,,,,,,0.4893333333333335,0.52,0.5738709677419357,1.2796666666666667,0.5241935483870968,1.4616666666666664,1.5167741935483867,1.539677419354839,1.917333333333333,1.8612903225806443,0.924,0.7574193548387096,0.9783870967741932,1.7229999999999996,1.4764516129032257,,,,,,2.0960000000000005,2.291290322580646,,,1.230967741935484,0.422,0.4130000000000001,0.4583870967741933,0.662,0.4525806451612904,0.2556666666666667,0.2470967741935483,0.2103225806451613,0.7043333333333331,0.3300000000000001,,,,,,4.17,4.23,4.23,4.37,3.58,773.5255555555556,773.5555277777779,773.2770694444444,773.0143368055556,772.9394328703704,35.195370520561795,119.57488463100539,236.17586498419664,229.76358604560042,224.87311477628904,22.43530942837144,22.27581896037749,22.170093626269917,21.96561208975234,21.85348241039823,13.946248490386077,15.568780379881668,16.387931666739266,16.08166137777949,15.989873520114502,0.7773781800347562,0.7128587858796233,0.48161235947388276,0.4450396380325034,0.4380137485549762,18.883921847227327,-85.46430950859178,-36.42510587125932,292.3990403563668,430.90338618642375,470.29811358442555,2.2421764705882197,2.5692322817186493
2024-11-01,773.288,3,21.25320885937502,16.6165987621528,332.10051044031,1013.5320021875,0.052426677152218784,0.2419955144700764,0.24760934049599165,2.5310000000000006,,,,1.9850000000000003,,,2.059,0.6406666666666667,,,4.28,2024,11,-0.5000000000000004,0.8660254037844384,773.297,773.486,773.5826666666667,773.6120000000001,772.576,256.4624549954,60.211241266879995,33.67960451523,147.171795369645,456.06994619629,22.253522592405936,23.217926005208355,22.053283827284968,22.691824227150562,21.229922284722246,2.3374193548387097,2.106666666666667,2.111935483870968,,2.6830000000000003,,,,,,,,,,,,0.4893333333333335,0.52,0.9180645161290324,0.9263333333333336,1.5732258064516127,1.4616666666666664,1.5167741935483867,1.799677419354838,1.902,0.7777419354838709,0.924,0.7574193548387096,1.413225806451613,1.600333333333333,,,,,,2.0580645161290323,2.0960000000000005,2.291290322580646,,1.456333333333333,0.4687096774193549,0.422,0.4130000000000001,0.6903225806451615,0.5563333333333332,0.2580645161290322,0.2556666666666667,0.2470967741935483,0.427741935483871,0.4213333333333333,,,,,,4.19,4.17,4.23,4.45,3.79,773.4552222222222,773.5081111111111,773.3288611111111,773.055982638889,772.9590162037036,116.78443359250345,90.41296445840207,242.93812119192748,235.53203416657448,226.56089812466445,22.508244141633085,22.333760614956713,22.12915822332413,21.946509496226355,21.845404519446543,14.684666408172816,15.218856904467243,16.423511249372556,16.14238973988466,16.000683157817985,0.5958479525479927,0.6645816533665655,0.4781606682467956,0.4387669326176304,0.4373447436131824,18.062284652554354,-50.3386132714727,-136.29798263730365,373.5461148491368,569.3461410898012,531.0583141259406,2.207058823529451,2.525790959657299
2024-12-01,773.361,2,21.416955922379056,17.019365275537655,435.4084135159625,1013.8820671706989,-0.043308709208639114,0.21477584435573488,0.21909885351602668,2.5690322580645155,,,0.8012903225806451,1.82741935483871,,,,0.6903225806451612,0.48,,4.25,2024,12,-2.4492935982947064e-16,1.0,773.288,773.297,773.486,773.563,772.7906666666667,332.10051044031,256.4624549954,60.211241266879995,33.2574248236825,366.263389626085,21.25320885937502,22.253522592405936,23.217926005208355,21.751288585069467,21.70081318044357,2.5310000000000006,2.3374193548387097,2.106666666666667,2.489,2.7316129032258067,,,,,,,,,,,,,0.4893333333333335,0.6683333333333334,1.1229032258064515,1.9850000000000003,1.5732258064516127,1.4616666666666664,1.632,1.9296774193548385,,0.7777419354838709,0.924,1.0586666666666666,1.801935483870968,,,,,,2.059,2.0580645161290323,2.0960000000000005,,1.609354838709678,0.6406666666666667,0.4687096774193549,0.422,0.5016666666666668,0.5200000000000001,,0.2580645161290322,0.2556666666666667,0.2663333333333334,0.3893548387096774,,,,,,4.28,4.19,4.17,4.39,3.98,773.357,773.4541111111112,773.3881944444444,773.1012118055555,772.976525462963,216.25806890086346,121.23441697017957,232.60733487892915,234.9323592969216,229.9871651604193,22.241552485663103,22.093991386994123,22.131098771211864,21.95948515377844,21.826175156213516,15.614626036439693,14.97783812597075,16.377558015431585,16.152297129641607,16.029400502146686,0.3799471746637069,0.6085899671943001,0.48280128944320194,0.44016207150373204,0.4357467674208174,100.14235895062382,-14.701244362317524,-75.11745149369392,249.5766790931568,554.9539442181313,654.4039274131155,2.1398235294117285,2.4568092002724575
2025-01-01,773.42075,4,21.7569639012097,16.40875343077959,321.2217988904275,1013.2133620967742,0.04319197116569875,0.17064289335833505,0.17602426942578872,,,,,,,,,,,,,2025,1,0.49999999999999994,0.8660254037844387,773.361,773.288,773.297,773.508,773.106,435.4084135159625,332.10051044031,256.4624549954,11.695265779575,476.51582952523,21.416955922379056,21.25320885937502,22.253522592405936,22.03471845262099,21.228711587701635,2.5690322580645155,2.5310000000000006,2.3374193548387097,2.085806451612903,2.6841935483870967,,,,,,,,,,,0.8012903225806451,,,0.5738709677419357,1.314516129032258,1.82741935483871,1.9850000000000003,1.5732258064516127,1.539677419354839,2.01258064516129,,,0.7777419354838709,0.9783870967741932,1.615,,,,,,,2.059,2.0580645161290323,,1.8641935483870968,0.6903225806451612,0.6406666666666667,0.4687096774193549,0.4583870967741933,0.676774193548387,0.48,,0.2580645161290322,0.2103225806451613,0.5387096774193548,,,,,,4.25,4.28,4.19,4.23,4.15,773.3153333333333,773.4204444444445,773.4357222222224,773.1365868055556,772.9958865740741,341.32379298389094,188.25958175222624,238.3694202030856,237.5130280686901,231.75308190660215,21.641229124720002,22.03826927654572,22.107443999706486,21.983263387425392,21.821849224687227,16.604833308262425,15.275540899324247,16.332369069839064,16.182044493202877,16.044588741720688,0.23545706819143042,0.5064176241130934,0.47399195764662116,0.44027747252489885,0.433671667756273,-1.7815904751006997,137.08856545040544,51.624255941813765,318.72170298303433,616.8899947405763,717.9769302756981,2.0724828431373226,2.284095947820041
2025-02-01,773.654,1,22.734531702008955,16.209255267857166,218.842089394575,1012.026228813244,0.013975847620747772,0.4133596424497656,0.4135958393443005,,,,,,,,,,,,,2025,2,0.8660254037844386,0.5000000000000001,773.42075,773.361,773.288,773.5826666666667,773.3165,321.2217988904275,435.4084135159625,332.10051044031,33.67960451523,280.5318834377725,21.7569639012097,21.416955922379056,21.25320885937502,22.053283827284968,22.634372059985655,,2.5690322580645155,2.5310000000000006,2.111935483870968,2.643793103448276,,,,,,,,,,,,0.8012903225806451,,0.52,1.1127586206896554,,1.82741935483871,1.9850000000000003,1.5167741935483867,1.929310344827586,,,,0.7574193548387096,1.5627586206896549,,,,,,,,2.059,2.291290322580646,,,0.6903225806451612,0.6406666666666667,0.4130000000000001,0.6672413793103448,,0.48,,0.2470967741935483,0.4655172413793103,,,,,,,4.25,4.28,4.23,4.18,773.3565833333333,773.4059027777777,773.4619513888889,773.168923611111,773.0111296296295,362.9102409489001,239.84733727070162,225.42825098351875,237.26379249087645,231.65981802769096,21.475709560987926,21.991976851310508,22.151465025832163,22.00246822942528,21.821569456915427,16.68157248949002,15.683119448831414,16.224964568831002,16.20615924293686,16.046835555490098,0.21424415447926895,0.4050460535136309,0.4771176051177633,0.4388099319299635,0.43281827297284287,-42.82457138223731,116.42305312807743,66.0844398566048,163.42767234823182,610.9083408730487,714.6194306348956,2.220517156862684,2.463307835977976
2025-03-01,773.524,2,22.062125799731206,17.056759936155938,307.5540063458675,1012.971904233871,-0.06225048584476649,0.3383779009793061,0.34405628443478625,,,,,,,,,,,,,2025,3,1.0,6.123233995736766e-17,773.654,773.42075,773.361,773.486,773.527,218.842089394575,321.2217988904275,435.4084135159625,60.211241266879995,361.96464273632,22.734531702008955,21.7569639012097,21.416955922379056,23.217926005208355,22.847643212365615,,,2.5690322580645155,2.106666666666667,2.5625806451612902,,,,,,,,,,,,,0.8012903225806451,0.4893333333333335,0.9438709677419356,,,1.82741935483871,1.4616666666666664,1.877096774193548,,,,0.924,1.6435483870967742,,,,,,,,,2.0960000000000005,,,,0.6903225806451612,0.422,0.5858064516129032,,,0.48,0.2556666666666667,0.5783870967741935,,,,,,,,4.25,4.17,4.16,773.4785833333334,773.4177916666666,773.490076388889,773.2076319444445,773.0373796296296,325.1574339336551,270.70775141725915,220.28743481325228,235.34311727552438,228.96137834204612,21.969483841865905,22.105518163764504,22.159811662667437,22.032903531927143,21.870532530400464,16.545791324724807,16.080208680582246,16.117632784399557,16.229012840407098,16.031996397038956,0.2695729874287052,0.32476008104620613,0.4990386262133406,0.4499067716627372,0.44150862748545633,-8.730055807226336,55.536197093285764,40.834952730968325,101.73787830503434,564.8121357045987,617.4756019516806,2.0278921568627766,2.2565753212840005
2025-04-01,773.6406666666667,3,21.532780536458358,17.458971609375023,398.128747489415,1013.3664592534723,-0.21601920680458334,0.3772663051825868,0.43473458884082605,,,,,,,,,,,,,2025,4,0.8660254037844387,-0.4999999999999998,773.524,773.654,773.42075,773.297,773.5815,307.5540063458675,218.842089394575,321.2217988904275,256.4624549954,431.43397603102,22.062125799731206,22.734531702008955,21.7569639012097,22.253522592405936,21.905872664930577,,,,2.3374193548387097,2.8706666666666663,,,,,,,,,,,,,,,1.2796666666666667,,,,1.5732258064516127,1.917333333333333,,,,0.7777419354838709,1.7229999999999996,,,,,,,,,2.0580645161290323,,,,,0.4687096774193549,0.662,,,,0.2580645161290322,0.7043333333333331,,,,,,,,,4.19,4.37,773.5329166666667,773.424125,773.4898263888889,773.2322986111112,773.0598518518519,282.53929821029016,311.9315455970904,215.75321511404795,232.38239313950444,228.19707625085215,22.184540467649953,21.91288479618498,22.094351878281234,22.05884980208843,21.873286573252543,16.55825621159757,16.581544759929994,16.07516256990583,16.246097701238188,16.041640872518723,0.3112254644016251,0.27334126629652783,0.49310002608807557,0.45620331647631085,0.44238408261506046,85.45157007166665,-53.33621766456439,83.75234778584115,47.32724191458183,493.75475644012124,589.960726668698,1.9793063725489901,2.2714701650424587
2025-05-01,773.5764999999999,2,21.23438369791669,17.010580505712387,256.936490189595,1015.3525851478495,-0.23836531670588373,0.5422069179012601,0.5922890899115735,,,,,,,,,,,,,2025,5,0.49999999999999994,-0.8660254037844387,773.6406666666667,773.524,773.654,773.288,773.6120000000001,398.128747489415,307.5540063458675,218.842089394575,332.10051044031,147.171795369645,21.532780536458358,22.062125799731206,22.734531702008955,21.25320885937502,22.691824227150562,,,,2.5310000000000006,,,,,,,,,,,,,,,,0.9180645161290324,,,,1.9850000000000003,1.799677419354838,,,,,1.413225806451613,,,,,,,,,2.059,,,,,0.6406666666666667,0.6903225806451615,,,,,0.427741935483871,,,,,,,,,4.28,4.45,773.6062222222222,773.4814027777778,773.4947569444444,773.2592430555557,773.0792777777779,308.17494774328594,335.5425943460929,212.97777940224748,234.33323575879126,229.0882848869652,22.109812679399507,21.792761120193717,22.063260867575213,22.06527363788126,21.87518952719737,16.908328937796046,16.79495071364303,16.006903809055135,16.259028118266546,16.050409802061544,0.39746223753997084,0.30585319600961997,0.4852174246880927,0.4552862715689458,0.44330539229569216,66.64644832889465,33.896942882202964,150.31999601028048,14.02201337297683,540.5749793030037,622.044237568768,1.9099065656564562,2.2929362541862868
2025-06-01,773.5749999999999,3,21.31915058506947,15.407730194444468,85.0242377212525,1016.1201837413195,-0.12523924502372394,0.5169328898178993,0.5318876583166757,,,,,,,,,,,,,2025,6,1.2246467991473532e-16,-1.0,773.5764999999999,773.6406666666667,773.524,773.361,773.563,256.936490189595,398.128747489415,307.5540063458675,435.4084135159625,33.2574248236825,21.23438369791669,21.532780536458358,22.062125799731206,21.416955922379056,21.751288585069467,,,,2.5690322580645155,2.489,,,,,,,,,,,,,,0.8012903225806451,0.6683333333333334,,,,1.82741935483871,1.632,,,,,1.0586666666666666,,,,,,,,,,,,,,0.6903225806451612,0.5016666666666668,,,,0.48,0.2663333333333334,,,,,,,,,4.25,4.39,773.5803888888889,773.529486111111,773.4917986111112,773.2775,773.0901527777778,320.87308134162595,323.0152576376404,222.12483730391,237.22207916812576,230.8182004117097,21.60976334470209,21.789623593283995,21.94180749013906,22.03321026282525,21.869801746246054,17.175437350414455,16.860614337569626,15.919226231770189,16.25565701149571,16.055808574883006,0.4570266543957285,0.3632998209122169,0.4859448940532585,0.4578309833482719,0.44829337580137757,25.167464412686137,143.36796259333494,198.90415968662077,123.78670819292685,609.9072211270311,684.3211964595705,2.00072222222218,2.270236080370885
2025-07-01,773.4883333333333,3,21.097328986895185,14.490724411962388,57.9993128754475,1016.4908657426075,-0.01755846408252691,0.763421003765152,0.7636228968874162,,,,,,,,,,,,,2025,7,-0.4999999999999997,-0.8660254037844388,773.5749999999999,773.5764999999999,773.6406666666667,773.42075,773.508,85.0242377212525,256.936490189595,398.128747489415,321.2217988904275,11.695265779575,21.31915058506947,21.23438369791669,21.532780536458358,21.7569639012097,22.03471845262099,,,,,2.085806451612903,,,,,,,,,,,,,,,0.5738709677419357,,,,,1.539677419354839,,,,,0.9783870967741932,,,,,,,,,,,,,,,0.4583870967741933,,,,,0.2103225806451613,,,,,,,,,,4.23,773.5973888888889,773.5651527777777,773.4927986111111,773.2958333333335,773.0994305555556,246.69649180008764,264.61789500518876,226.4387383787075,237.9316898538917,231.76248203064648,21.36210493981484,21.773322703732394,21.905795990139058,22.011984812810784,21.882588070705932,16.625760769843964,16.59200849072076,15.933774695022501,16.237269996521754,16.06901971020322,0.5196371123563583,0.41543128837899185,0.4609244562460426,0.4547493656376424,0.44049093145609314,30.06227270598076,177.2654828132474,123.9292651486831,175.55352109049687,626.9378775854137,718.3153347412931,2.104696969696988,2.3434758562798583
2025-08-01,773.4746666666666,3,21.25209224462368,13.41500264448927,50.971388870735,1015.160044984879,0.0596998486408359,0.6704328598739987,0.6730856494730574,,,,,,,,,,,,,2025,8,-0.8660254037844385,-0.5000000000000004,773.4883333333333,773.5749999999999,773.5764999999999,773.654,773.5826666666667,57.9993128754475,85.0242377212525,256.936490189595,218.842089394575,33.67960451523,21.097328986895185,21.31915058506947,21.23438369791669,22.734531702008955,22.053283827284968,,,,,2.111935483870968,,,,,,,,,,,,,,,0.52,,,,,1.5167741935483867,,,,,0.7574193548387096,,,,,,,,,,2.291290322580646,,,,,0.4130000000000001,,,,,0.2470967741935483,,,,,,,,,,4.23,773.546611111111,773.5764166666667,773.4911597222223,773.3197638888888,773.1191064814815,133.3200135954318,220.74748066935874,230.29740897003023,239.74324637568554,232.24717706888154,21.21695442329378,21.663383551346644,21.827680201328576,21.99611211868836,21.882023376392162,15.636345037373085,16.272336987584563,15.977728218207986,16.27557268070354,16.086124232912674,0.6292665483718883,0.5133643929559297,0.4592052232347803,0.44507049040608004,0.4355317189168365,-0.28329990109583036,121.87618544756151,155.77312832976455,221.85756818636935,670.4152341084663,735.7643561177555,2.206035353535299,2.452812955075583
2025-09-01,773.3689999999999,2,22.375245991319467,13.964031440972246,76.1884450196,1013.8419406336806,0.14178218823649305,0.47901882552770836,0.4995610314176572,,,,,,,,,,,,,2025,9,-1.0,-1.8369701987210297e-16,773.4746666666666,773.4883333333333,773.5749999999999,773.524,773.486,50.971388870735,57.9993128754475,85.0242377212525,307.5540063458675,60.211241266879995,21.25209224462368,21.097328986895185,21.31915058506947,22.062125799731206,23.217926005208355,,,,,2.106666666666667,,,,,,,,,,,,,,,0.4893333333333335,,,,,1.4616666666666664,,,,,0.924,,,,,,,,,,2.0960000000000005,,,,,0.422,,,,,0.2556666666666667,,,,,,,,,,4.17,773.5126666666666,773.5465277777777,773.4821597222221,773.34734375,773.1454027777778,64.66497982247847,192.76903058205207,231.73839099965562,240.58370415796398,231.64472477905397,21.222857272196112,21.4163103084491,21.7609142361068,21.931250235007806,21.8675375389519,14.437819083632048,15.806628217023245,15.943418448802746,16.25389299845388,16.06098211649056,0.6561987348923831,0.5566126946440558,0.44068638784513103,0.4368505431766887,0.4373393383657369,-35.67024710937916,54.946437217571024,198.31439981090602,239.14935254187435,690.5862208831487,714.076073683963,2.19340656565646,2.4098845456118037
2025-10-01,773.086,2,22.241224366599486,15.506037693212388,206.7686316230425,1013.1377219422043,0.04008461348761595,0.19088509294825773,0.19504844256829265,,,,,,,,,,,,,2025,10,-0.8660254037844386,0.5000000000000001,773.3689999999999,773.4746666666666,773.4883333333333,773.6406666666667,773.297,76.1884450196,50.971388870735,57.9993128754475,398.128747489415,256.4624549954,22.375245991319467,21.25209224462368,21.097328986895185,21.532780536458358,22.253522592405936,,,,,2.3374193548387097,,,,,,,,,,,,,,,,,,,,1.5732258064516127,,,,,0.7777419354838709,,,,,,,,,,2.0580645161290323,,,,,0.4687096774193549,,,,,0.2580645161290322,,,,,,,,,,4.19,773.444,773.5206944444444,773.4724097222223,773.3747395833334,773.1670277777778,61.719715588594305,154.20810369434082,233.0698246457156,234.62284481495615,230.86566557897217,21.57488907427944,21.468497007047144,21.690690901616062,21.93039226394299,21.873971693706913,13.956586165807972,15.291173467825963,15.936359113877977,16.162145390308623,16.033227289812316,0.6454231925927102,0.5825301524745343,0.4279357093855311,0.4547740344297069,0.4393383284835126,-30.809901525130158,-5.891274304494274,171.3742085087532,255.12655629459437,547.5255966509612,686.0299424810181,2.031176470588207,2.3274546970575947
2025-11-01,773.1103333333334,3,21.830031246527803,15.948309286458356,210.22981377224,1013.2984554427084,-0.05699863388097916,0.34978381278402604,0.3543974604170133,,,,,,,,,,,,,2025,11,-0.5000000000000004,0.8660254037844384,773.086,773.3689999999999,773.4746666666666,773.5764999999999,773.288,206.7686316230425,76.1884450196,50.971388870735,256.936490189595,332.10051044031,22.241224366599486,22.375245991319467,21.25209224462368,21.23438369791669,21.25320885937502,,,,,2.5310000000000006,,,,,,,,,,,,,,,,,,,,1.9850000000000003,,,,,,,,,,,,,,,2.059,,,,,0.6406666666666667,,,,,,,,,,,,,,,4.28,773.3098888888888,773.4282499999999,773.4548263888888,773.39184375,773.1889305555555,111.3094885044593,122.31475104994541,228.9286726980192,235.9333969449733,233.33091367705603,21.95618753418088,21.586570978737328,21.68966604946552,21.909412136394824,21.860895013972748,14.295023926224639,14.96568448179886,15.880317597720945,16.151914423546753,16.055032359163423,0.4558983744863357,0.542582461429112,0.42421782871936603,0.4511892484830808,0.4339172313182089,-103.80841201551567,-66.76344853560519,55.1127369119564,205.43273292223688,578.9788477713737,774.778874012038,2.029392156862855,2.3224665825655677
2025-12-01,773.168,3,21.481172286626364,16.17339252016131,309.3906641970375,1012.8153480342742,-0.03148522302193313,0.25904470856970097,0.26095110711913483,,,,,,,,,,,,,2025,12,-2.4492935982947064e-16,1.0,773.1103333333334,773.086,773.3689999999999,773.5749999999999,773.361,210.22981377224,206.7686316230425,76.1884450196,85.0242377212525,435.4084135159625,21.830031246527803,22.241224366599486,22.375245991319467,21.31915058506947,21.416955922379056,,,,,2.5690322580645155,,,,,,,,,,,,,,,0.8012903225806451,,,,,1.82741935483871,,,,,,,,,,,,,,,,,,,,0.6903225806451612,,,,,0.48,,,,,,,,,,4.25,773.1884444444445,773.3505555555554,773.4400208333333,773.4141076388888,773.2141481481481,164.3956301382943,114.53030498038623,218.77278130901334,225.69005809397126,229.54583330095218,22.148833868148916,21.685845570172518,21.737734581728258,21.93441667647006,21.885568296428378,15.139459473547667,14.788639278589853,15.82462680807974,16.101092411755662,16.043073689120984,0.34966897813432096,0.5029338565133521,0.43311683871278456,0.4579590640779932,0.4378136605734162,-25.87539036830117,-170.28856065002503,-115.34212343245392,83.56203625416686,333.1387153473237,638.515980472298,1.9468235294117449,2.2352188825966355
2026-01-01,773.491,2,21.838397988911314,16.399660026881744,308.80382671504253,1013.1526644657258,-0.007163016576145813,0.18372072234238407,0.18386030736534062,,,,,,,,,,,,,2026,1,0.49999999999999994,0.8660254037844387,773.168,773.1103333333334,773.086,773.4883333333333,773.42075,309.3906641970375,210.22981377224,206.7686316230425,57.9993128754475,321.2217988904275,21.481172286626364,21.830031246527803,22.241224366599486,21.097328986895185,21.7569639012097,,,,,,,,,,,,,,,,,,,,,,,,,,,,,,,,,,,,,,,,,,,,,,,,,,,,,,,,,,,,,773.1214444444445,773.2827222222222,773.4239374999999,773.4298298611111,773.2323703703704,242.12970319744014,151.92470939301708,208.2713021991029,223.32036120109424,227.76578611216104,21.850809299917884,21.712849187098666,21.74308594541553,21.92526497256101,21.903204240088773,15.875913166610692,14.916249666209325,15.754129078465047,16.043249074152055,16.0394060216236,0.2701323367014802,0.4577777646470953,0.43660452651304354,0.4552982420798324,0.43905315718761373,-14.199562650485689,-160.49370390894705,-166.38497821344123,-42.45571306475813,276.2659899182762,574.434281675818,2.14273284313731,2.361518900133329
2026-02-01,773.539,1,21.19865840401788,16.613665465029783,302.4514314678275,1013.8239332310268,-0.04418343621589843,0.17066587717512088,0.17629242090287892,,,,,,,,,,,,,2026,2,0.8660254037844386,0.5000000000000001,773.491,773.168,773.1103333333334,773.4746666666666,773.654,308.80382671504253,309.3906641970375,210.22981377224,50.971388870735,218.842089394575,21.838397988911314,21.481172286626364,21.830031246527803,21.25209224462368,22.734531702008955,,,,,,,,,,,,,,,,,,,,,,,,,,,,,,,,,,,,,,,,,,,,,,,,,,,,,,,,,,,,,773.2564444444446,773.2831666666666,773.4297916666666,773.4458715277777,773.2558796296296,276.1414348947735,193.7254616996162,207.2364711844875,216.3323610840031,227.25468538874682,21.716533840688495,21.836360687434688,21.749872119390663,21.95066857261141,21.918269526080408,16.173787277833807,15.234405602029218,15.753371294806891,15.989167931818946,16.055229926893535,0.26640295830049615,0.3611506663934159,0.4372575296746728,0.457187567396218,0.43829246451153325,40.78477069101518,-143.88336503430259,-210.64681356990766,-54.87368524014312,108.55398710808876,556.0346556329056,2.1055171568626747,2.335733770512195
2026-03-01,773.4846666666667,0,21.383353109879057,17.371710658602172,393.96435032451996,1012.5252468581989,-0.05108755786942607,0.20141058064204803,0.20778874022340307,,,,,,,,,,,,,2026,3,1.0,6.123233995736766e-17,773.539,773.491,773.168,773.3689999999999,773.524,302.4514314678275,308.80382671504253,309.3906641970375,76.1884450196,307.5540063458675,21.19865840401788,21.838397988911314,21.481172286626364,22.375245991319467,22.062125799731206,,,,,,,,,,,,,,,,,,,,,,,,,,,,,,,,,,,,,,,,,,,,,,,,,,,,,,,,,,,,,773.3993333333333,773.2938888888889,773.4202083333333,773.4551423611111,773.2784907407408,306.88197412663595,235.638802132465,214.20391635725855,217.2456755852554,228.2967169694358,21.50607622651852,21.827455047333718,21.62188267789141,21.890847170279425,21.895896580581898,16.39557267069095,15.767516072119305,15.787072144571276,15.952352464485415,16.08169927512849,0.20703461179578472,0.2783517949650529,0.41748224480455437,0.45826043550894746,0.4390985960433429,77.68028817142613,0.709817672228283,-169.57874297779665,28.735656833109374,130.47353513814377,593.5477925377081,1.9885588235295018,2.212806411283866
2026-04-01,773.4303333333334,3,22.42317195312502,17.360699505208355,15.4495835668,1012.3090158854167,-0.2021662391484375,0.4633309042976562,0.5055162857205563,,,,,,,,,,,,,2026,4,0.8660254037844387,-0.4999999999999998,773.4846666666667,773.539,773.491,773.086,773.6406666666667,393.96435032451996,302.4514314678275,308.80382671504253,206.7686316230425,398.128747489415,21.383353109879057,21.19865840401788,21.838397988911314,22.241224366599486,21.532780536458358,,,,,,,,,,,,,,,,,,,,,,,,,,,,,,,,,,,,,,,,,,,,,,,,,,,,,,,,,,,,,773.5048888888888,773.3131666666667,773.4169305555556,773.4533784722222,773.2938425925927,335.0732028357968,288.60145301661834,221.40477835547958,218.5789967347637,228.72318821149616,21.47346983426942,21.66213956709365,21.565318287070397,21.829835082675814,21.894339297082418,16.795012050171238,16.33546260839096,15.813318038108461,15.944240304007145,16.10183781352828,0.1893138228305408,0.22972307976601056,0.4061266161202724,0.44961332110417396,0.43951108302429803,-297.2275938509483,104.26549621195558,-56.228207696991376,115.14600081176184,162.47324272634373,608.9007572518831,1.7689730392156662,2.0300897006501275
