{
"type": "FeatureCollection",
"name": "rivers",
"crs": { "type": "name", "properties": { "name": "urn:ogc:def:crs:OGC:1.3:CRS84" } },
"features": [
{ "type": "Feature", "properties": { "river": "Buzimba", "display_name": "Buzimba River", "confidence_level": "high", "geometry_source": "HydroRIVERS reviewed network", "search_label": "Buzimba", "feature_type": "river" }, "geometry": { "type": "MultiLineString", "coordinates": [ [ [ 29.637499999999307, -4.02916666666713 ], [ 29.631249999999312, -4.022916666667143 ], [ 29.631249999999312, -4.014583333333739 ], [ 29.627083333332649, -4.010416666667126 ], [ 29.610416666666026, -4.010416666667126 ], [ 29.606249999999363, -4.006250000000421 ], [ 29.593749999999318, -4.006250000000421 ], [ 29.589583333332655, -4.002083333333808 ], [ 29.585416666665992, -4.002083333333808 ], [ 29.581249999999244, -3.997916666667152 ], [ 29.577083333332581, -4.002083333333808 ], [ 29.572916666665918, -4.002083333333808 ], [ 29.568749999999369, -3.997916666667152 ], [ 29.564583333332706, -3.997916666667152 ], [ 29.560416666665958, -3.993750000000404 ], [ 29.556249999999295, -3.993750000000404 ], [ 29.552083333332632, -3.989583333333833 ], [ 29.547916666666055, -3.989583333333833 ], [ 29.543749999999392, -3.993750000000404 ], [ 29.539583333332587, -3.993750000000404 ], [ 29.531249999999346, -4.002083333333808 ], [ 29.531249999999346, -4.006250000000421 ] ], [ [ 29.595833333332706, -4.050000000000466 ], [ 29.585416666665992, -4.039583333333773 ], [ 29.581249999999244, -4.039583333333773 ], [ 29.568749999999369, -4.027083333333714 ], [ 29.564583333332706, -4.027083333333714 ], [ 29.560416666665958, -4.022916666667143 ], [ 29.552083333332632, -4.022916666667143 ], [ 29.547916666666055, -4.018750000000438 ], [ 29.543749999999392, -4.018750000000438 ], [ 29.531249999999346, -4.006250000000421 ] ], [ [ 29.531249999999346, -4.006250000000421 ], [ 29.527083333332598, -4.006250000000421 ], [ 29.52291666666585, -4.010416666667126 ], [ 29.518749999999272, -4.010416666667126 ], [ 29.51041666666606, -4.018750000000438 ], [ 29.51041666666606, -4.027083333333714 ], [ 29.506249999999227, -4.031250000000455 ], [ 29.506249999999227, -4.03541666666716 ], [ 29.493749999999324, -4.047916666667049 ], [ 29.481249999999278, -4.047916666667049 ], [ 29.479166666666703, -4.049999999999685 ] ] ] } },
{ "type": "Feature", "properties": { "river": "Jiji", "display_name": "Jiji River", "confidence_level": "low", "geometry_source": "HydroRIVERS diagnostic fallback", "search_label": "Jiji", "feature_type": "river" }, "geometry": { "type": "LineString", "coordinates": [ [ 29.693749999999284, -3.960416666667051 ], [ 29.689583333332621, -3.964583333333799 ], [ 29.685416666665958, -3.964583333333799 ], [ 29.68124999999938, -3.968750000000497 ], [ 29.672916666665913, -3.968750000000497 ], [ 29.664583333332672, -3.960416666667051 ], [ 29.660416666665839, -3.960416666667051 ], [ 29.656249999999261, -3.964583333333799 ], [ 29.643749999999386, -3.964583333333799 ], [ 29.639583333332553, -3.968750000000497 ], [ 29.639583333332553, -3.972916666667111 ], [ 29.63541666666589, -3.977083333333816 ] ] } },
{ "type": "Feature", "properties": { "river": "Kaburantwa", "display_name": "Kaburantwa River", "confidence_level": "high", "geometry_source": "HydroRIVERS reviewed network", "search_label": "Kaburantwa", "feature_type": "river" }, "geometry": { "type": "MultiLineString", "coordinates": [ [ [ 29.383333333332558, -2.704166666667092 ], [ 29.377083333332735, -2.710416666667122 ], [ 29.377083333332735, -2.722916666667096 ], [ 29.381249999999397, -2.727083333333837 ], [ 29.377083333332735, -2.731250000000458 ], [ 29.377083333332735, -2.735416666667156 ], [ 29.381249999999397, -2.739583333333819 ], [ 29.381249999999397, -2.743750000000432 ] ], [ [ 29.404166666666015, -2.731250000000458 ], [ 29.393749999999187, -2.731250000000458 ], [ 29.381249999999397, -2.743750000000432 ] ], [ [ 29.314583333332592, -2.691666666667075 ], [ 29.314583333332592, -2.69791666666719 ], [ 29.306249999999295, -2.706250000000509 ], [ 29.31041666666593, -2.710416666667122 ], [ 29.31041666666593, -2.71458333333382 ], [ 29.31874999999917, -2.722916666667096 ], [ 29.31874999999917, -2.727083333333837 ], [ 29.322916666666003, -2.731250000000458 ], [ 29.322916666666003, -2.735416666667156 ], [ 29.339583333332456, -2.752083333333871 ], [ 29.339583333332456, -2.76041666666719 ], [ 29.347916666665952, -2.768750000000466 ], [ 29.352083333332615, -2.768750000000466 ] ], [ [ 29.381249999999397, -2.743750000000432 ], [ 29.385416666665975, -2.74791666666713 ], [ 29.385416666665975, -2.752083333333871 ], [ 29.372916666665901, -2.764583333333725 ], [ 29.356249999999363, -2.764583333333725 ], [ 29.352083333332615, -2.768750000000466 ] ], [ [ 29.352083333332615, -2.768750000000466 ], [ 29.352083333332615, -2.772916666667165 ], [ 29.347916666665952, -2.777083333333785 ], [ 29.352083333332615, -2.781250000000526 ], [ 29.352083333332615, -2.785416666667061 ], [ 29.356249999999363, -2.789583333333759 ] ], [ [ 29.391666666665941, -2.766666666667135 ], [ 29.372916666665901, -2.785416666667061 ], [ 29.364583333332661, -2.785416666667061 ], [ 29.360416666666026, -2.789583333333759 ], [ 29.356249999999363, -2.789583333333759 ] ], [ [ 29.356249999999363, -2.789583333333759 ], [ 29.356249999999363, -2.7937500000005 ], [ 29.352083333332615, -2.79791666666712 ], [ 29.352083333332615, -2.802083333333819 ], [ 29.356249999999363, -2.806250000000354 ], [ 29.356249999999363, -2.810416666667095 ], [ 29.360416666666026, -2.814583333333879 ], [ 29.360416666666026, -2.822916666667155 ], [ 29.364583333332661, -2.827083333333853 ], [ 29.364583333332661, -2.831250000000388 ], [ 29.372916666665901, -2.839583333333827 ], [ 29.377083333332735, -2.839583333333827 ] ], [ [ 29.424999999999386, -2.804166666667108 ], [ 29.414583333332558, -2.814583333333879 ], [ 29.410416666665924, -2.814583333333879 ], [ 29.406249999999261, -2.818750000000534 ], [ 29.389583333332524, -2.818750000000534 ], [ 29.377083333332735, -2.831250000000388 ], [ 29.377083333332735, -2.839583333333827 ] ], [ [ 29.377083333332735, -2.839583333333827 ], [ 29.381249999999397, -2.843750000000448 ], [ 29.381249999999397, -2.847916666667189 ], [ 29.385416666665975, -2.852083333333717 ] ], [ [ 29.429166666666049, -2.854166666667176 ], [ 29.422916666665969, -2.847916666667189 ], [ 29.414583333332558, -2.847916666667189 ], [ 29.410416666665924, -2.843750000000448 ], [ 29.406249999999261, -2.843750000000448 ], [ 29.397916666666021, -2.852083333333717 ], [ 29.385416666665975, -2.852083333333717 ] ], [ [ 29.385416666665975, -2.852083333333717 ], [ 29.385416666665975, -2.856250000000507 ], [ 29.377083333332735, -2.856250000000507 ], [ 29.372916666665901, -2.860416666667163 ], [ 29.377083333332735, -2.864583333333776 ], [ 29.377083333332735, -2.87291666666701 ], [ 29.372916666665901, -2.877083333333793 ] ], [ [ 29.345833333332621, -2.879166666667167 ], [ 29.352083333332615, -2.885416666667197 ] ], [ [ 29.372916666665901, -2.877083333333793 ], [ 29.364583333332661, -2.877083333333793 ], [ 29.356249999999363, -2.885416666667197 ], [ 29.352083333332615, -2.885416666667197 ] ], [ [ 29.258333333332615, -2.879166666667167 ], [ 29.268749999999358, -2.889583333333817 ] ], [ [ 29.302083333332718, -2.866666666667193 ], [ 29.302083333332718, -2.87291666666701 ], [ 29.293749999999307, -2.881250000000456 ], [ 29.285416666665981, -2.881250000000456 ], [ 29.281249999999261, -2.885416666667197 ], [ 29.277083333332598, -2.885416666667197 ], [ 29.272916666665935, -2.889583333333817 ], [ 29.268749999999358, -2.889583333333817 ] ], [ [ 29.391666666665941, -2.900000000000503 ], [ 29.372916666665901, -2.881250000000456 ], [ 29.372916666665901, -2.877083333333793 ] ], [ [ 29.268749999999358, -2.889583333333817 ], [ 29.268749999999358, -2.897916666667129 ], [ 29.272916666665935, -2.902083333333835 ], [ 29.272916666665935, -2.90625000000049 ], [ 29.268749999999358, -2.910416666667103 ], [ 29.268749999999358, -2.914583333333852 ], [ 29.272916666665935, -2.918750000000422 ], [ 29.277083333332598, -2.918750000000422 ], [ 29.277083333332598, -2.922916666667163 ] ], [ [ 29.352083333332615, -2.885416666667197 ], [ 29.347916666665952, -2.889583333333817 ], [ 29.343749999999375, -2.889583333333817 ], [ 29.339583333332456, -2.893750000000516 ], [ 29.339583333332456, -2.902083333333835 ], [ 29.335416666665907, -2.90625000000049 ], [ 29.335416666665907, -2.910416666667103 ], [ 29.331249999999329, -2.914583333333852 ], [ 29.327083333332666, -2.914583333333852 ], [ 29.322916666666003, -2.910416666667103 ], [ 29.31874999999917, -2.914583333333852 ], [ 29.314583333332592, -2.914583333333852 ], [ 29.31041666666593, -2.910416666667103 ], [ 29.302083333332718, -2.910416666667103 ], [ 29.297916666665884, -2.914583333333852 ], [ 29.289583333332644, -2.914583333333852 ], [ 29.281249999999261, -2.922916666667163 ], [ 29.277083333332598, -2.922916666667163 ] ], [ [ 29.210416666665964, -2.912500000000435 ], [ 29.210416666665964, -2.918750000000422 ], [ 29.214583333332627, -2.922916666667163 ], [ 29.214583333332627, -2.935416666667145 ], [ 29.218749999999289, -2.939583333333886 ], [ 29.218749999999289, -2.943750000000456 ], [ 29.222916666666038, -2.947916666667197 ], [ 29.222916666666038, -2.956250000000473 ], [ 29.22708333333253, -2.960416666667179 ], [ 29.22708333333253, -2.96875000000049 ] ], [ [ 29.277083333332598, -2.922916666667163 ], [ 29.272916666665935, -2.927083333333826 ], [ 29.268749999999358, -2.922916666667163 ], [ 29.264583333332695, -2.922916666667163 ], [ 29.260416666665861, -2.927083333333826 ], [ 29.260416666665861, -2.931250000000439 ], [ 29.256249999999227, -2.931250000000439 ], [ 29.252083333332649, -2.935416666667145 ], [ 29.252083333332649, -2.943750000000456 ], [ 29.243749999999409, -2.95208333333386 ], [ 29.239583333332575, -2.95208333333386 ], [ 29.235416666665913, -2.956250000000473 ], [ 29.235416666665913, -2.960416666667179 ], [ 29.22708333333253, -2.96875000000049 ] ], [ [ 29.22708333333253, -2.96875000000049 ], [ 29.231249999999335, -2.972916666667153 ], [ 29.231249999999335, -2.989583333333826 ] ], [ [ 29.266666666665941, -2.981250000000507 ], [ 29.260416666665861, -2.981250000000507 ], [ 29.256249999999227, -2.985416666667085 ], [ 29.256249999999227, -2.989583333333826 ], [ 29.231249999999335, -2.989583333333826 ] ], [ [ 29.231249999999335, -2.989583333333826 ], [ 29.22708333333253, -2.993750000000489 ], [ 29.22708333333253, -2.995833333333309 ] ] ] } },
{ "type": "Feature", "properties": { "river": "Mpanda", "display_name": "Mpanda River", "confidence_level": "medium", "geometry_source": "HydroRIVERS reviewed network", "search_label": "Mpanda", "feature_type": "river" }, "geometry": { "type": "MultiLineString", "coordinates": [ [ [ 29.504166666665981, -3.085416666667058 ], [ 29.485416666665941, -3.085416666667058 ], [ 29.481249999999278, -3.089583333333799 ], [ 29.481249999999278, -3.097916666667118 ], [ 29.4770833333327, -3.102083333333816 ], [ 29.4770833333327, -3.106250000000387 ] ], [ [ 29.458333333332575, -3.091666666667088 ], [ 29.439583333332621, -3.110416666667092 ], [ 29.435416666666043, -3.110416666667092 ] ], [ [ 29.424999999999386, -3.091666666667088 ], [ 29.418749999999307, -3.097916666667118 ], [ 29.414583333332558, -3.097916666667118 ], [ 29.410416666665924, -3.102083333333816 ], [ 29.414583333332558, -3.106250000000387 ], [ 29.402083333332683, -3.118750000000411 ], [ 29.4041666666655, -3.120833333333309 ] ], [ [ 29.404166666666704, -3.120833333334513 ], [ 29.406249999999261, -3.122916666667152 ] ], [ [ 29.435416666666043, -3.110416666667092 ], [ 29.43124999999921, -3.114583333333833 ], [ 29.427083333332632, -3.114583333333833 ], [ 29.422916666665969, -3.118750000000411 ], [ 29.418749999999307, -3.118750000000411 ], [ 29.414583333332558, -3.122916666667152 ], [ 29.406249999999261, -3.122916666667152 ] ], [ [ 29.460416666665992, -3.122916666667152 ], [ 29.447916666665918, -3.122916666667152 ], [ 29.435416666666043, -3.110416666667092 ] ], [ [ 29.4770833333327, -3.106250000000387 ], [ 29.472916666665782, -3.110416666667092 ], [ 29.468749999999204, -3.110416666667092 ], [ 29.464583333332655, -3.114583333333833 ], [ 29.464583333332655, -3.118750000000411 ], [ 29.460416666665992, -3.122916666667152 ] ], [ [ 29.541666666666003, -3.058333333333778 ], [ 29.547916666666055, -3.064583333333765 ], [ 29.547916666666055, -3.068750000000463 ], [ 29.556249999999295, -3.077083333333782 ], [ 29.552083333332632, -3.081250000000523 ], [ 29.552083333332632, -3.097916666667118 ], [ 29.547916666666055, -3.102083333333816 ], [ 29.547916666666055, -3.110416666667092 ], [ 29.535416666665924, -3.122916666667152 ], [ 29.514583333332638, -3.122916666667152 ], [ 29.51041666666606, -3.118750000000411 ], [ 29.497916666665986, -3.118750000000411 ], [ 29.493749999999324, -3.114583333333833 ], [ 29.489583333332689, -3.114583333333833 ], [ 29.481249999999278, -3.106250000000387 ], [ 29.4770833333327, -3.106250000000387 ] ], [ [ 29.508333333332644, -3.158333333333744 ], [ 29.502083333332564, -3.164583333333773 ], [ 29.502083333332564, -3.168750000000479 ] ], [ [ 29.508333333332644, -3.168750000000479 ], [ 29.502083333332564, -3.168750000000479 ] ], [ [ 29.406249999999261, -3.122916666667152 ], [ 29.404166666666704, -3.124999999999684 ] ], [ [ 29.493749999999324, -3.177083333333833 ], [ 29.489583333332689, -3.177083333333833 ], [ 29.481249999999278, -3.168750000000479 ], [ 29.4770833333327, -3.168750000000479 ], [ 29.4770833333327, -3.156250000000504 ], [ 29.468749999999204, -3.147916666667186 ], [ 29.464583333332655, -3.147916666667186 ], [ 29.460416666665992, -3.143750000000445 ], [ 29.460416666665992, -3.122916666667152 ] ], [ [ 29.502083333332564, -3.168750000000479 ], [ 29.493749999999324, -3.177083333333833 ] ], [ [ 29.508333333332644, -3.187500000000526 ], [ 29.502083333332564, -3.181250000000496 ], [ 29.497916666665986, -3.181250000000496 ], [ 29.493749999999324, -3.177083333333833 ] ] ] } },
{ "type": "Feature", "properties": { "river": "Mulembwe", "display_name": "Mulembwe River", "confidence_level": "medium", "geometry_source": "HydroRIVERS reviewed network", "search_label": "Mulembwe", "feature_type": "river" }, "geometry": { "type": "MultiLineString", "coordinates": [ [ [ 29.564583333332706, -3.62916666666716 ], [ 29.564583333332706, -3.639583333333725 ], [ 29.568749999999369, -3.643750000000466 ] ], [ [ 29.558333333332712, -3.650000000000496 ], [ 29.564583333332706, -3.643750000000466 ], [ 29.568749999999369, -3.643750000000466 ] ], [ [ 29.568749999999369, -3.643750000000466 ], [ 29.572916666665918, -3.647916666667165 ] ], [ [ 29.581249999999244, -3.595833333333808 ], [ 29.581249999999244, -3.602083333333837 ], [ 29.585416666665992, -3.606250000000458 ], [ 29.585416666665992, -3.635416666667147 ], [ 29.572916666665918, -3.647916666667165 ] ], [ [ 29.604166666665947, -3.683333333333849 ], [ 29.614583333332604, -3.693750000000406 ] ], [ [ 29.624999999999233, -3.700000000000436 ], [ 29.618749999999181, -3.693750000000406 ], [ 29.614583333332604, -3.693750000000406 ] ], [ [ 29.572916666665918, -3.647916666667165 ], [ 29.572916666665918, -3.660416666667182 ], [ 29.585416666665992, -3.672916666667113 ], [ 29.577083333332581, -3.681250000000475 ], [ 29.581249999999244, -3.685416666667095 ], [ 29.581249999999244, -3.689583333333793 ], [ 29.568749999999369, -3.70208333333381 ], [ 29.568749999999369, -3.706250000000381 ], [ 29.564583333332706, -3.710416666667129 ], [ 29.568749999999369, -3.714583333333827 ], [ 29.568749999999369, -3.718750000000441 ], [ 29.577083333332581, -3.727083333333717 ], [ 29.577083333332581, -3.731250000000422 ], [ 29.589583333332655, -3.743750000000482 ], [ 29.589583333332655, -3.752083333333751 ], [ 29.597916666665867, -3.760416666667069 ], [ 29.597916666665867, -3.76458333333381 ] ], [ [ 29.614583333332604, -3.693750000000406 ], [ 29.610416666666026, -3.697916666667155 ], [ 29.610416666666026, -3.710416666667129 ], [ 29.606249999999363, -3.714583333333827 ], [ 29.606249999999363, -3.735416666667163 ], [ 29.610416666666026, -3.739583333333776 ], [ 29.610416666666026, -3.752083333333751 ], [ 29.606249999999363, -3.756250000000456 ], [ 29.606249999999363, -3.760416666667069 ], [ 29.60208333333253, -3.76458333333381 ], [ 29.597916666665867, -3.76458333333381 ] ], [ [ 29.622916666665986, -3.762500000000486 ], [ 29.622916666665986, -3.768750000000516 ] ], [ [ 29.633333333332473, -3.762500000000486 ], [ 29.627083333332649, -3.768750000000516 ], [ 29.622916666665986, -3.768750000000516 ] ], [ [ 29.622916666665986, -3.768750000000516 ], [ 29.614583333332604, -3.777083333333827 ] ], [ [ 29.597916666665867, -3.76458333333381 ], [ 29.60208333333253, -3.768750000000516 ], [ 29.60208333333253, -3.772916666667086 ], [ 29.610416666666026, -3.78125000000049 ] ], [ [ 29.614583333332604, -3.777083333333827 ], [ 29.610416666666026, -3.78125000000049 ] ], [ [ 29.687499999999204, -3.804166666667108 ], [ 29.68124999999938, -3.810416666667138 ], [ 29.677083333332718, -3.810416666667138 ], [ 29.664583333332672, -3.797916666667163 ], [ 29.664583333332672, -3.793750000000379 ], [ 29.656249999999261, -3.793750000000379 ], [ 29.652083333332598, -3.797916666667163 ], [ 29.647916666665964, -3.797916666667163 ], [ 29.643749999999386, -3.802083333333826 ], [ 29.631249999999312, -3.802083333333826 ], [ 29.627083333332649, -3.797916666667163 ], [ 29.627083333332649, -3.793750000000379 ], [ 29.618749999999181, -3.785416666667103 ], [ 29.618749999999181, -3.78125000000049 ], [ 29.614583333332604, -3.777083333333827 ] ], [ [ 29.610416666666026, -3.78125000000049 ], [ 29.606249999999363, -3.785416666667103 ], [ 29.606249999999363, -3.789583333333844 ], [ 29.597916666665867, -3.797916666667163 ], [ 29.597916666665867, -3.810416666667138 ], [ 29.593749999999318, -3.814583333333715 ], [ 29.593749999999318, -3.818750000000456 ], [ 29.585416666665992, -3.827083333333732 ], [ 29.585416666665992, -3.831250000000473 ] ], [ [ 29.591666666665901, -3.831250000000473 ], [ 29.585416666665992, -3.831250000000473 ] ], [ [ 29.560416666665958, -3.816666666667167 ], [ 29.560416666665958, -3.827083333333732 ], [ 29.564583333332706, -3.831250000000473 ], [ 29.564583333332706, -3.847916666667153 ], [ 29.568749999999369, -3.852083333333766 ] ], [ [ 29.585416666665992, -3.831250000000473 ], [ 29.572916666665918, -3.84375000000049 ], [ 29.572916666665918, -3.847916666667153 ], [ 29.568749999999369, -3.852083333333766 ] ], [ [ 29.558333333332712, -3.864583333333826 ], [ 29.564583333332706, -3.864583333333826 ] ], [ [ 29.568749999999369, -3.852083333333766 ], [ 29.568749999999369, -3.856250000000507 ], [ 29.564583333332706, -3.860416666667085 ], [ 29.564583333332706, -3.864583333333826 ] ], [ [ 29.564583333332706, -3.864583333333826 ], [ 29.564583333332706, -3.868750000000482 ], [ 29.560416666665958, -3.872916666667102 ], [ 29.560416666665958, -3.885416666667119 ] ], [ [ 29.593749999999318, -3.889583333333817 ], [ 29.589583333332655, -3.889583333333817 ], [ 29.585416666665992, -3.885416666667119 ], [ 29.568749999999369, -3.885416666667119 ], [ 29.564583333332706, -3.889583333333817 ], [ 29.560416666665958, -3.885416666667119 ] ], [ [ 29.593749999999318, -3.88333333333383 ], [ 29.593749999999318, -3.889583333333817 ] ], [ [ 29.641666666665969, -3.862500000000537 ], [ 29.63541666666589, -3.868750000000482 ], [ 29.63541666666589, -3.872916666667102 ], [ 29.622916666665986, -3.885416666667119 ], [ 29.618749999999181, -3.885416666667119 ], [ 29.614583333332604, -3.889583333333817 ] ], [ [ 29.614583333332604, -3.889583333333817 ], [ 29.610416666666026, -3.889583333333817 ], [ 29.606249999999363, -3.893750000000516 ], [ 29.597916666665867, -3.893750000000516 ], [ 29.593749999999318, -3.889583333333817 ] ], [ [ 29.789583333332587, -3.891666666667106 ], [ 29.789583333332587, -3.897916666667136 ] ], [ [ 29.656249999999261, -3.910416666667153 ], [ 29.652083333332598, -3.910416666667153 ], [ 29.647916666665964, -3.906250000000455 ], [ 29.639583333332553, -3.906250000000455 ], [ 29.627083333332649, -3.893750000000516 ], [ 29.618749999999181, -3.893750000000516 ], [ 29.614583333332604, -3.889583333333817 ] ], [ [ 29.683333333332541, -3.870833333333771 ], [ 29.664583333332672, -3.889583333333817 ], [ 29.664583333332672, -3.897916666667136 ], [ 29.656249999999261, -3.906250000000455 ], [ 29.656249999999261, -3.910416666667153 ] ], [ [ 29.743749999999352, -3.906250000000455 ], [ 29.739583333332689, -3.906250000000455 ], [ 29.735416666665856, -3.902083333333835 ], [ 29.727083333332615, -3.902083333333835 ], [ 29.722916666665981, -3.906250000000455 ], [ 29.71458333333257, -3.906250000000455 ], [ 29.710416666665907, -3.902083333333835 ], [ 29.706249999999244, -3.902083333333835 ], [ 29.702083333332666, -3.906250000000455 ], [ 29.689583333332621, -3.906250000000455 ], [ 29.685416666665958, -3.902083333333835 ], [ 29.68124999999938, -3.902083333333835 ], [ 29.672916666665913, -3.910416666667153 ], [ 29.656249999999261, -3.910416666667153 ] ], [ [ 29.789583333332587, -3.897916666667136 ], [ 29.785416666665924, -3.897916666667136 ], [ 29.777083333332712, -3.906250000000455 ], [ 29.772916666665878, -3.906250000000455 ], [ 29.768749999999216, -3.910416666667153 ], [ 29.764583333332638, -3.906250000000455 ], [ 29.752083333332507, -3.906250000000455 ], [ 29.74791666666593, -3.902083333333835 ], [ 29.743749999999352, -3.906250000000455 ] ], [ [ 29.560416666665958, -3.885416666667119 ], [ 29.552083333332632, -3.893750000000516 ], [ 29.552083333332632, -3.906250000000455 ], [ 29.543749999999392, -3.914583333333852 ], [ 29.543749999999392, -3.918750000000429 ] ], [ [ 29.562499999999375, -3.933333333333735 ], [ 29.547916666666055, -3.918750000000429 ], [ 29.543749999999392, -3.918750000000429 ] ], [ [ 29.783333333332678, -3.945833333333795 ], [ 29.768749999999216, -3.931250000000489 ], [ 29.764583333332638, -3.931250000000489 ], [ 29.756249999999312, -3.92291666666717 ], [ 29.74791666666593, -3.92291666666717 ], [ 29.739583333332689, -3.914583333333852 ], [ 29.743749999999352, -3.910416666667153 ], [ 29.743749999999352, -3.906250000000455 ] ], [ [ 29.824999999999363, -3.945833333333795 ], [ 29.831249999999329, -3.939583333333765 ], [ 29.835416666665907, -3.943750000000463 ] ], [ [ 29.835416666665907, -3.943750000000463 ], [ 29.839583333332655, -3.939583333333765 ], [ 29.843749999999233, -3.939583333333765 ], [ 29.847916666665895, -3.935416666667145 ], [ 29.847916666665895, -3.931250000000489 ], [ 29.843749999999233, -3.927083333333748 ], [ 29.835416666665907, -3.927083333333748 ], [ 29.82708333333261, -3.918750000000429 ], [ 29.82708333333261, -3.914583333333852 ], [ 29.818749999999284, -3.906250000000455 ], [ 29.818749999999284, -3.897916666667136 ], [ 29.814583333332621, -3.893750000000516 ], [ 29.810416666666043, -3.893750000000516 ], [ 29.80624999999921, -3.897916666667136 ], [ 29.789583333332587, -3.897916666667136 ] ], [ [ 29.543749999999392, -3.918750000000429 ], [ 29.539583333332587, -3.92291666666717 ], [ 29.539583333332587, -3.927083333333748 ], [ 29.535416666665924, -3.931250000000489 ], [ 29.535416666665924, -3.935416666667145 ], [ 29.527083333332598, -3.943750000000463 ], [ 29.52291666666585, -3.943750000000463 ], [ 29.514583333332638, -3.952083333333782 ] ], [ [ 29.691666666666038, -3.927083333333748 ], [ 29.685416666665958, -3.927083333333748 ], [ 29.68124999999938, -3.931250000000489 ], [ 29.68124999999938, -3.935416666667145 ], [ 29.697916666666032, -3.952083333333782 ] ], [ [ 29.697916666666032, -3.952083333333782 ], [ 29.693749999999284, -3.956250000000523 ], [ 29.693749999999284, -3.960416666667051 ] ], [ [ 29.631249999999312, -3.950000000000493 ], [ 29.631249999999312, -3.960416666667051 ], [ 29.627083333332649, -3.964583333333799 ], [ 29.622916666665986, -3.964583333333799 ], [ 29.618749999999181, -3.968750000000497 ], [ 29.614583333332604, -3.968750000000497 ] ], [ [ 29.485416666665941, -3.962500000000468 ], [ 29.485416666665941, -3.972916666667111 ] ], [ [ 29.493749999999324, -3.972916666667111 ], [ 29.485416666665941, -3.972916666667111 ] ], [ [ 29.514583333332638, -3.952083333333782 ], [ 29.51041666666606, -3.956250000000523 ], [ 29.506249999999227, -3.956250000000523 ], [ 29.497916666665986, -3.964583333333799 ], [ 29.497916666665986, -3.968750000000497 ], [ 29.493749999999324, -3.972916666667111 ] ], [ [ 29.508333333332644, -3.972916666667111 ], [ 29.493749999999324, -3.972916666667111 ] ], [ [ 29.614583333332604, -3.968750000000497 ], [ 29.606249999999363, -3.968750000000497 ], [ 29.60208333333253, -3.972916666667111 ], [ 29.597916666665867, -3.968750000000497 ], [ 29.593749999999318, -3.968750000000497 ], [ 29.581249999999244, -3.956250000000523 ], [ 29.572916666665918, -3.956250000000523 ], [ 29.568749999999369, -3.960416666667051 ], [ 29.556249999999295, -3.960416666667051 ], [ 29.547916666666055, -3.952083333333782 ], [ 29.514583333332638, -3.952083333333782 ] ], [ [ 29.695833333332615, -3.975000000000357 ], [ 29.702083333332666, -3.968750000000497 ], [ 29.702083333332666, -3.964583333333799 ], [ 29.697916666666032, -3.960416666667051 ], [ 29.693749999999284, -3.960416666667051 ] ], [ [ 29.829166666665941, -3.975000000000357 ], [ 29.835416666665907, -3.968750000000497 ], [ 29.835416666665907, -3.956250000000523 ], [ 29.839583333332655, -3.952083333333782 ], [ 29.835416666665907, -3.947916666667076 ], [ 29.835416666665907, -3.943750000000463 ] ], [ [ 29.63541666666589, -3.977083333333816 ], [ 29.627083333332649, -3.977083333333816 ], [ 29.622916666665986, -3.972916666667111 ], [ 29.618749999999181, -3.972916666667111 ], [ 29.614583333332604, -3.968750000000497 ] ], [ [ 29.693749999999284, -3.960416666667051 ], [ 29.689583333332621, -3.964583333333799 ], [ 29.685416666665958, -3.964583333333799 ], [ 29.68124999999938, -3.968750000000497 ], [ 29.672916666665913, -3.968750000000497 ], [ 29.664583333332672, -3.960416666667051 ], [ 29.660416666665839, -3.960416666667051 ], [ 29.656249999999261, -3.964583333333799 ], [ 29.643749999999386, -3.964583333333799 ], [ 29.639583333332553, -3.968750000000497 ], [ 29.639583333332553, -3.972916666667111 ], [ 29.63541666666589, -3.977083333333816 ] ], [ [ 29.762499999999392, -3.977083333333816 ], [ 29.756249999999312, -3.977083333333816 ], [ 29.74791666666593, -3.968750000000497 ], [ 29.74791666666593, -3.956250000000523 ], [ 29.739583333332689, -3.956250000000523 ], [ 29.735416666665856, -3.952083333333782 ], [ 29.718749999999318, -3.952083333333782 ], [ 29.71458333333257, -3.947916666667076 ], [ 29.710416666665907, -3.947916666667076 ], [ 29.706249999999244, -3.952083333333782 ], [ 29.697916666666032, -3.952083333333782 ] ], [ [ 29.65416666666593, -3.987500000000502 ], [ 29.647916666665964, -3.981250000000514 ], [ 29.643749999999386, -3.981250000000514 ], [ 29.639583333332553, -3.977083333333816 ], [ 29.63541666666589, -3.977083333333816 ] ], [ [ 29.485416666665941, -3.972916666667111 ], [ 29.472916666665782, -3.985416666667092 ], [ 29.468749999999204, -3.985416666667092 ], [ 29.464583333332655, -3.989583333333833 ] ], [ [ 29.474999999999284, -3.995833333333863 ], [ 29.468749999999204, -3.989583333333833 ], [ 29.464583333332655, -3.989583333333833 ] ], [ [ 29.464583333332655, -3.989583333333833 ], [ 29.456249999999329, -3.997916666667152 ], [ 29.452083333332496, -3.997916666667152 ], [ 29.447916666665918, -4.002083333333808 ], [ 29.443749999999255, -4.002083333333808 ], [ 29.441666666666706, -4.004166666666347 ] ] ] } },
{ "type": "Feature", "properties": { "river": "Mutimbuzi", "display_name": "Mutimbuzi River", "confidence_level": "high", "geometry_source": "HydroRIVERS reviewed network", "search_label": "Mutimbuzi", "feature_type": "river" }, "geometry": { "type": "MultiLineString", "coordinates": [ [ [ 29.489583333332689, -3.245833333333742 ], [ 29.489583333332689, -3.252083333333772 ] ], [ [ 29.489583333332689, -3.252083333333772 ], [ 29.481249999999278, -3.260416666667176 ], [ 29.4770833333327, -3.25625000000047 ], [ 29.472916666665782, -3.25625000000047 ], [ 29.468749999999204, -3.260416666667176 ], [ 29.435416666666043, -3.260416666667176 ], [ 29.43124999999921, -3.264583333333789 ], [ 29.427083333332632, -3.264583333333789 ], [ 29.418749999999307, -3.272916666667193 ], [ 29.414583333332558, -3.272916666667193 ], [ 29.406249999999261, -3.281250000000504 ] ], [ [ 29.518749999999272, -3.285416666667125 ], [ 29.514583333332638, -3.285416666667125 ], [ 29.506249999999227, -3.277083333333806 ], [ 29.506249999999227, -3.26875000000053 ], [ 29.489583333332689, -3.252083333333772 ] ], [ [ 29.52291666666585, -3.275000000000475 ], [ 29.52291666666585, -3.281250000000504 ], [ 29.518749999999272, -3.285416666667125 ] ], [ [ 29.524999999999352, -3.291666666667069 ], [ 29.518749999999272, -3.285416666667125 ] ], [ [ 29.406249999999261, -3.281250000000504 ], [ 29.397916666666021, -3.289583333333823 ], [ 29.393749999999187, -3.289583333333823 ], [ 29.389583333332524, -3.293750000000486 ], [ 29.385416666665975, -3.293750000000486 ], [ 29.381249999999397, -3.289583333333823 ], [ 29.377083333332735, -3.289583333333823 ], [ 29.368749999999238, -3.297916666667099 ], [ 29.364583333332661, -3.297916666667099 ], [ 29.360416666666026, -3.30208333333384 ], [ 29.356249999999363, -3.30208333333384 ] ], [ [ 29.433333333332627, -3.333333333333698 ], [ 29.427083333332632, -3.327083333333832 ], [ 29.427083333332632, -3.322916666667133 ], [ 29.422916666665969, -3.318750000000435 ], [ 29.414583333332558, -3.318750000000435 ], [ 29.410416666665924, -3.314583333333815 ], [ 29.402083333332683, -3.314583333333815 ], [ 29.397916666666021, -3.310416666667159 ], [ 29.389583333332524, -3.310416666667159 ], [ 29.385416666665975, -3.306250000000418 ], [ 29.372916666665901, -3.306250000000418 ], [ 29.364583333332661, -3.314583333333815 ], [ 29.356249999999363, -3.306250000000418 ], [ 29.356249999999363, -3.30208333333384 ] ], [ [ 29.541666666666003, -3.358333333333817 ], [ 29.52291666666585, -3.339583333333849 ], [ 29.518749999999272, -3.339583333333849 ], [ 29.514583333332638, -3.335416666667193 ], [ 29.514583333332638, -3.331250000000452 ], [ 29.51041666666606, -3.327083333333832 ], [ 29.497916666665986, -3.327083333333832 ], [ 29.493749999999324, -3.331250000000452 ], [ 29.481249999999278, -3.331250000000452 ], [ 29.4770833333327, -3.327083333333832 ], [ 29.472916666665782, -3.327083333333832 ], [ 29.468749999999204, -3.322916666667133 ], [ 29.464583333332655, -3.322916666667133 ], [ 29.460416666665992, -3.318750000000435 ], [ 29.460416666665992, -3.314583333333815 ], [ 29.456249999999329, -3.310416666667159 ], [ 29.456249999999329, -3.30208333333384 ], [ 29.452083333332496, -3.297916666667099 ], [ 29.447916666665918, -3.297916666667099 ], [ 29.443749999999255, -3.293750000000486 ], [ 29.435416666666043, -3.293750000000486 ], [ 29.43124999999921, -3.289583333333823 ], [ 29.427083333332632, -3.289583333333823 ], [ 29.422916666665969, -3.285416666667125 ], [ 29.414583333332558, -3.285416666667125 ], [ 29.410416666665924, -3.281250000000504 ], [ 29.406249999999261, -3.281250000000504 ] ], [ [ 29.356249999999363, -3.30208333333384 ], [ 29.352083333332615, -3.30208333333384 ], [ 29.347916666665952, -3.306250000000418 ], [ 29.343749999999375, -3.306250000000418 ], [ 29.331249999999329, -3.318750000000435 ], [ 29.331249999999329, -3.320833333333309 ] ] ] } },
{ "type": "Feature", "properties": { "river": "Nyakagunda", "display_name": "Nyakagunda River", "confidence_level": "medium", "geometry_source": "HydroRIVERS reviewed network", "search_label": "Nyakagunda", "feature_type": "river" }, "geometry": { "type": "MultiLineString", "coordinates": [ [ [ 29.099999999999284, -2.662500000000463 ], [ 29.10624999999925, -2.668750000000493 ], [ 29.10624999999925, -2.677083333333769 ] ], [ [ 29.145833333332689, -2.65833333333385 ], [ 29.13958333333261, -2.664583333333795 ], [ 29.135416666666032, -2.664583333333795 ], [ 29.127083333332564, -2.672916666667156 ], [ 29.122916666665986, -2.672916666667156 ], [ 29.118749999999324, -2.677083333333769 ], [ 29.10624999999925, -2.677083333333769 ] ], [ [ 29.10624999999925, -2.677083333333769 ], [ 29.10624999999925, -2.710416666667122 ], [ 29.110416666665913, -2.71458333333382 ], [ 29.110416666665913, -2.722916666667096 ], [ 29.10624999999925, -2.727083333333837 ], [ 29.10624999999925, -2.739583333333819 ], [ 29.102083333332672, -2.743750000000432 ], [ 29.102083333332672, -2.74791666666713 ] ], [ [ 29.12083333333257, -2.74791666666713 ], [ 29.114583333332746, -2.74791666666713 ], [ 29.110416666665913, -2.752083333333871 ], [ 29.10624999999925, -2.74791666666713 ], [ 29.102083333332672, -2.74791666666713 ] ], [ [ 29.081249999999386, -2.750000000000462 ], [ 29.081249999999386, -2.764583333333725 ] ], [ [ 29.102083333332672, -2.74791666666713 ], [ 29.097916666666038, -2.752083333333871 ], [ 29.093749999999204, -2.752083333333871 ], [ 29.081249999999386, -2.764583333333725 ] ], [ [ 29.081249999999386, -2.764583333333725 ], [ 29.079166666666705, -2.766666666666403 ] ] ] } },
{ "type": "Feature", "properties": { "river": "Nyamagana", "display_name": "Nyamagana River", "confidence_level": "high", "geometry_source": "HydroRIVERS reviewed network", "search_label": "Nyamagana", "feature_type": "river" }, "geometry": { "type": "MultiLineString", "coordinates": [ [ [ 29.174999999999216, -2.718750000000526 ], [ 29.181249999999267, -2.718750000000526 ] ], [ [ 29.181249999999267, -2.700000000000479 ], [ 29.181249999999267, -2.718750000000526 ] ], [ [ 29.181249999999267, -2.718750000000526 ], [ 29.181249999999267, -2.722916666667096 ] ], [ [ 29.191666666665924, -2.716666666667152 ], [ 29.18541666666593, -2.722916666667096 ], [ 29.181249999999267, -2.722916666667096 ] ], [ [ 29.239583333332575, -2.670833333333739 ], [ 29.239583333332575, -2.677083333333769 ], [ 29.243749999999409, -2.681250000000468 ], [ 29.243749999999409, -2.685416666667088 ], [ 29.247916666666072, -2.689583333333829 ], [ 29.247916666666072, -2.71458333333382 ], [ 29.22708333333253, -2.735416666667156 ], [ 29.218749999999289, -2.735416666667156 ], [ 29.214583333332627, -2.739583333333819 ], [ 29.210416666665964, -2.739583333333819 ], [ 29.202083333332581, -2.731250000000458 ], [ 29.197916666666003, -2.731250000000458 ], [ 29.193749999999341, -2.727083333333837 ], [ 29.18541666666593, -2.727083333333837 ], [ 29.181249999999267, -2.722916666667096 ] ], [ [ 29.181249999999267, -2.722916666667096 ], [ 29.177083333332632, -2.727083333333837 ], [ 29.177083333332632, -2.731250000000458 ], [ 29.181249999999267, -2.735416666667156 ], [ 29.181249999999267, -2.739583333333819 ], [ 29.177083333332632, -2.743750000000432 ], [ 29.177083333332632, -2.777083333333785 ], [ 29.172916666665969, -2.781250000000526 ], [ 29.168749999999392, -2.777083333333785 ], [ 29.164583333332644, -2.777083333333785 ], [ 29.156249999999318, -2.785416666667061 ], [ 29.156249999999318, -2.789583333333759 ], [ 29.160416666665981, -2.7937500000005 ] ], [ [ 29.166666666665975, -2.7937500000005 ], [ 29.160416666665981, -2.7937500000005 ] ], [ [ 29.279166666666015, -2.741666666667186 ], [ 29.272916666665935, -2.74791666666713 ], [ 29.268749999999358, -2.743750000000432 ], [ 29.260416666665861, -2.743750000000432 ], [ 29.256249999999227, -2.739583333333819 ], [ 29.252083333332649, -2.743750000000432 ], [ 29.252083333332649, -2.756250000000492 ], [ 29.247916666666072, -2.76041666666719 ], [ 29.247916666666072, -2.764583333333725 ], [ 29.252083333332649, -2.768750000000466 ], [ 29.252083333332649, -2.781250000000526 ], [ 29.256249999999227, -2.781250000000526 ], [ 29.260416666665861, -2.785416666667061 ], [ 29.260416666665861, -2.79791666666712 ] ], [ [ 29.293749999999307, -2.779166666667074 ], [ 29.293749999999307, -2.789583333333759 ], [ 29.285416666665981, -2.79791666666712 ], [ 29.281249999999261, -2.7937500000005 ], [ 29.268749999999358, -2.7937500000005 ], [ 29.264583333332695, -2.79791666666712 ], [ 29.260416666665861, -2.79791666666712 ] ], [ [ 29.122916666665986, -2.787500000000513 ], [ 29.122916666665986, -2.7937500000005 ], [ 29.127083333332564, -2.79791666666712 ], [ 29.127083333332564, -2.806250000000354 ], [ 29.131249999999199, -2.810416666667095 ], [ 29.135416666666032, -2.810416666667095 ] ], [ [ 29.160416666665981, -2.7937500000005 ], [ 29.152083333332513, -2.802083333333819 ], [ 29.143749999999272, -2.802083333333819 ], [ 29.135416666666032, -2.810416666667095 ] ], [ [ 29.260416666665861, -2.79791666666712 ], [ 29.252083333332649, -2.806250000000354 ], [ 29.252083333332649, -2.822916666667155 ] ], [ [ 29.312499999999176, -2.814583333333879 ], [ 29.306249999999295, -2.814583333333879 ], [ 29.302083333332718, -2.818750000000534 ], [ 29.277083333332598, -2.818750000000534 ], [ 29.272916666665935, -2.822916666667155 ], [ 29.268749999999358, -2.822916666667155 ], [ 29.264583333332695, -2.818750000000534 ], [ 29.260416666665861, -2.822916666667155 ], [ 29.252083333332649, -2.822916666667155 ] ], [ [ 29.135416666666032, -2.810416666667095 ], [ 29.135416666666032, -2.818750000000534 ], [ 29.131249999999199, -2.822916666667155 ], [ 29.135416666666032, -2.827083333333853 ] ], [ [ 29.141666666666026, -2.827083333333853 ], [ 29.135416666666032, -2.827083333333853 ] ], [ [ 29.214583333332627, -2.820833333333823 ], [ 29.214583333332627, -2.835416666667172 ] ], [ [ 29.252083333332649, -2.822916666667155 ], [ 29.239583333332575, -2.835416666667172 ], [ 29.214583333332627, -2.835416666667172 ] ], [ [ 29.214583333332627, -2.835416666667172 ], [ 29.210416666665964, -2.839583333333827 ], [ 29.210416666665964, -2.843750000000448 ], [ 29.206249999999216, -2.847916666667189 ], [ 29.197916666666003, -2.847916666667189 ], [ 29.193749999999341, -2.843750000000448 ], [ 29.189583333332678, -2.843750000000448 ], [ 29.18541666666593, -2.839583333333827 ], [ 29.164583333332644, -2.839583333333827 ], [ 29.156249999999318, -2.847916666667189 ], [ 29.156249999999318, -2.852083333333717 ] ], [ [ 29.191666666665924, -2.870833333333763 ], [ 29.18541666666593, -2.864583333333776 ], [ 29.181249999999267, -2.864583333333776 ], [ 29.172916666665969, -2.856250000000507 ], [ 29.160416666665981, -2.856250000000507 ], [ 29.156249999999318, -2.852083333333717 ] ], [ [ 29.135416666666032, -2.827083333333853 ], [ 29.135416666666032, -2.835416666667172 ], [ 29.131249999999199, -2.839583333333827 ], [ 29.131249999999199, -2.864583333333776 ], [ 29.135416666666032, -2.868750000000482 ], [ 29.131249999999199, -2.87291666666701 ], [ 29.131249999999199, -2.885416666667197 ] ], [ [ 29.156249999999318, -2.852083333333717 ], [ 29.147916666665935, -2.860416666667163 ], [ 29.147916666665935, -2.87291666666701 ], [ 29.135416666666032, -2.885416666667197 ], [ 29.131249999999199, -2.885416666667197 ] ], [ [ 29.131249999999199, -2.885416666667197 ], [ 29.131249999999199, -2.893750000000516 ], [ 29.135416666666032, -2.897916666667129 ], [ 29.135416666666032, -2.904166666666642 ] ] ] } },
{ "type": "Feature", "properties": { "river": "Nyengwe", "display_name": "Nyengwe River", "confidence_level": "medium", "geometry_source": "HydroRIVERS reviewed network", "search_label": "Nyengwe", "feature_type": "river" }, "geometry": { "type": "MultiLineString", "coordinates": [ [ [ 29.737499999999272, -4.008333333333837 ], [ 29.722916666665981, -4.022916666667143 ], [ 29.71458333333257, -4.022916666667143 ], [ 29.710416666665907, -4.018750000000438 ], [ 29.706249999999244, -4.022916666667143 ], [ 29.702083333332666, -4.022916666667143 ], [ 29.697916666666032, -4.018750000000438 ], [ 29.693749999999284, -4.018750000000438 ], [ 29.689583333332621, -4.022916666667143 ], [ 29.689583333332621, -4.027083333333714 ], [ 29.685416666665958, -4.031250000000455 ], [ 29.685416666665958, -4.03541666666716 ], [ 29.689583333332621, -4.039583333333773 ] ], [ [ 29.695833333332615, -4.039583333333773 ], [ 29.689583333332621, -4.039583333333773 ] ], [ [ 29.720833333332564, -4.09166666666713 ], [ 29.710416666665907, -4.102083333333823 ], [ 29.706249999999244, -4.102083333333823 ] ], [ [ 29.720833333332564, -4.106250000000436 ], [ 29.710416666665907, -4.106250000000436 ], [ 29.706249999999244, -4.102083333333823 ] ], [ [ 29.689583333332621, -4.039583333333773 ], [ 29.689583333332621, -4.043750000000472 ], [ 29.685416666665958, -4.047916666667049 ], [ 29.68124999999938, -4.047916666667049 ], [ 29.66874999999925, -4.060416666667109 ], [ 29.66874999999925, -4.077083333333782 ], [ 29.656249999999261, -4.089583333333842 ], [ 29.656249999999261, -4.093750000000377 ], [ 29.652083333332598, -4.09791666666716 ], [ 29.652083333332598, -4.102083333333823 ], [ 29.647916666665964, -4.106250000000436 ], [ 29.647916666665964, -4.110416666667177 ] ], [ [ 29.66874999999925, -4.118750000000496 ], [ 29.664583333332672, -4.114583333333712 ], [ 29.652083333332598, -4.114583333333712 ], [ 29.647916666665964, -4.110416666667177 ] ], [ [ 29.706249999999244, -4.102083333333823 ], [ 29.702083333332666, -4.106250000000436 ], [ 29.693749999999284, -4.106250000000436 ], [ 29.689583333332621, -4.110416666667177 ], [ 29.677083333332718, -4.110416666667177 ], [ 29.66874999999925, -4.118750000000496 ] ], [ [ 29.695833333332615, -4.122916666667152 ], [ 29.672916666665913, -4.122916666667152 ], [ 29.66874999999925, -4.118750000000496 ] ], [ [ 29.618749999999181, -4.087500000000432 ], [ 29.618749999999181, -4.093750000000377 ], [ 29.614583333332604, -4.09791666666716 ], [ 29.614583333332604, -4.106250000000436 ], [ 29.622916666665986, -4.114583333333712 ], [ 29.622916666665986, -4.118750000000496 ], [ 29.618749999999181, -4.122916666667152 ], [ 29.618749999999181, -4.135416666667005 ], [ 29.622916666665986, -4.139583333333789 ] ], [ [ 29.647916666665964, -4.110416666667177 ], [ 29.639583333332553, -4.118750000000496 ], [ 29.639583333332553, -4.122916666667152 ], [ 29.622916666665986, -4.139583333333789 ] ], [ [ 29.595833333332706, -4.125000000000441 ], [ 29.589583333332655, -4.13125000000047 ], [ 29.589583333332655, -4.152083333333806 ], [ 29.585416666665992, -4.156250000000504 ] ], [ [ 29.622916666665986, -4.139583333333789 ], [ 29.610416666666026, -4.152083333333806 ], [ 29.593749999999318, -4.152083333333806 ], [ 29.589583333332655, -4.156250000000504 ], [ 29.585416666665992, -4.156250000000504 ] ], [ [ 29.585416666665992, -4.156250000000504 ], [ 29.572916666665918, -4.156250000000504 ], [ 29.568749999999369, -4.160416666667125 ], [ 29.564583333332706, -4.160416666667125 ], [ 29.560416666665958, -4.156250000000504 ], [ 29.556249999999295, -4.156250000000504 ], [ 29.547916666666055, -4.164583333333823 ], [ 29.543749999999392, -4.164583333333823 ], [ 29.539583333332587, -4.168750000000479 ], [ 29.539583333332587, -4.17083333333331 ] ] ] } },
{ "type": "Feature", "properties": { "river": "Rusizi", "display_name": "Rusizi River", "confidence_level": "high", "geometry_source": "HydroRIVERS reviewed network", "search_label": "Rusizi", "feature_type": "river" }, "geometry": { "type": "MultiLineString", "coordinates": [ [ [ 29.10624999999925, -1.429166666667086 ], [ 29.10624999999925, -1.435416666667194 ], [ 29.102083333332672, -1.435416666667194 ], [ 29.097916666666038, -1.439583333333815 ], [ 29.097916666666038, -1.452083333333874 ], [ 29.102083333332672, -1.45625000000053 ] ], [ [ 29.129166666665952, -1.429166666667086 ], [ 29.118749999999324, -1.439583333333815 ], [ 29.114583333332746, -1.439583333333815 ], [ 29.10624999999925, -1.447916666667133 ], [ 29.10624999999925, -1.452083333333874 ], [ 29.102083333332672, -1.45625000000053 ] ], [ [ 29.112499999999329, -1.460416666667108 ], [ 29.10624999999925, -1.460416666667108 ], [ 29.102083333332672, -1.45625000000053 ] ], [ [ 29.060416666666015, -1.458333333333862 ], [ 29.060416666666015, -1.464583333333849 ] ], [ [ 29.045833333332553, -1.462500000000517 ], [ 29.052083333332604, -1.468750000000462 ], [ 29.056249999999352, -1.464583333333849 ], [ 29.060416666666015, -1.464583333333849 ] ], [ [ 29.158333333332479, -1.454166666667163 ], [ 29.147916666665935, -1.464583333333849 ], [ 29.147916666665935, -1.472916666667167 ], [ 29.143749999999272, -1.477083333333908 ] ], [ [ 29.149999999999352, -1.477083333333908 ], [ 29.143749999999272, -1.477083333333908 ] ], [ [ 29.060416666666015, -1.464583333333849 ], [ 29.060416666666015, -1.472916666667167 ], [ 29.064583333332678, -1.472916666667167 ], [ 29.072916666665918, -1.481250000000443 ], [ 29.077083333332638, -1.481250000000443 ] ], [ [ 29.102083333332672, -1.45625000000053 ], [ 29.093749999999204, -1.464583333333849 ], [ 29.089583333332541, -1.464583333333849 ], [ 29.077083333332638, -1.477083333333908 ], [ 29.077083333332638, -1.481250000000443 ] ], [ [ 29.020833333332604, -1.485416666667142 ], [ 29.035416666666066, -1.485416666667142 ], [ 29.039583333332729, -1.489583333333883 ], [ 29.043749999999307, -1.489583333333883 ], [ 29.047916666665969, -1.493750000000503 ] ], [ [ 29.047916666665969, -1.50000000000049 ], [ 29.047916666665969, -1.493750000000503 ] ], [ [ 29.143749999999272, -1.477083333333908 ], [ 29.127083333332564, -1.493750000000503 ], [ 29.127083333332564, -1.497916666667201 ] ], [ [ 29.166666666665975, -1.481250000000443 ], [ 29.147916666665935, -1.481250000000443 ], [ 29.131249999999199, -1.497916666667201 ], [ 29.127083333332564, -1.497916666667201 ] ], [ [ 29.047916666665969, -1.493750000000503 ], [ 29.052083333332604, -1.493750000000503 ], [ 29.064583333332678, -1.506250000000477 ], [ 29.064583333332678, -1.510416666667176 ] ], [ [ 29.077083333332638, -1.481250000000443 ], [ 29.077083333332638, -1.493750000000503 ], [ 29.072916666665918, -1.497916666667201 ], [ 29.072916666665918, -1.502083333333736 ], [ 29.064583333332678, -1.510416666667176 ] ], [ [ 29.064583333332678, -1.510416666667176 ], [ 29.064583333332678, -1.514583333333789 ], [ 29.072916666665918, -1.522916666667065 ] ], [ [ 29.12083333333257, -1.475000000000456 ], [ 29.10624999999925, -1.489583333333883 ], [ 29.102083333332672, -1.489583333333883 ], [ 29.097916666666038, -1.493750000000503 ], [ 29.097916666666038, -1.497916666667201 ], [ 29.081249999999386, -1.514583333333789 ], [ 29.081249999999386, -1.518750000000537 ], [ 29.077083333332638, -1.518750000000537 ], [ 29.072916666665918, -1.522916666667065 ] ], [ [ 29.374999999999318, -1.518750000000537 ], [ 29.360416666666026, -1.518750000000537 ], [ 29.356249999999363, -1.522916666667065 ], [ 29.343749999999375, -1.522916666667065 ] ], [ [ 29.362499999999244, -1.5333333333338 ], [ 29.356249999999363, -1.527083333333771 ], [ 29.347916666665952, -1.527083333333771 ], [ 29.343749999999375, -1.522916666667065 ] ], [ [ 29.306249999999295, -1.529166666667223 ], [ 29.306249999999295, -1.535416666667125 ], [ 29.31041666666593, -1.53958333333383 ], [ 29.31874999999917, -1.53958333333383 ], [ 29.327083333332666, -1.547916666667099 ], [ 29.331249999999329, -1.547916666667099 ] ], [ [ 29.343749999999375, -1.522916666667065 ], [ 29.339583333332456, -1.527083333333771 ], [ 29.339583333332456, -1.535416666667125 ], [ 29.335416666665907, -1.53958333333383 ], [ 29.335416666665907, -1.543750000000401 ], [ 29.331249999999329, -1.547916666667099 ] ], [ [ 28.995833333332655, -1.537500000000541 ], [ 29.010416666665947, -1.55208333333389 ], [ 29.01458333333261, -1.55208333333389 ] ], [ [ 29.01458333333261, -1.537500000000541 ], [ 29.01458333333261, -1.55208333333389 ] ], [ [ 29.049999999999358, -1.543750000000401 ], [ 29.056249999999352, -1.543750000000401 ], [ 29.060416666666015, -1.547916666667099 ], [ 29.060416666666015, -1.55208333333389 ] ], [ [ 29.072916666665918, -1.522916666667065 ], [ 29.064583333332678, -1.531250000000512 ], [ 29.064583333332678, -1.547916666667099 ], [ 29.060416666666015, -1.55208333333389 ] ], [ [ 29.331249999999329, -1.547916666667099 ], [ 29.331249999999329, -1.560416666667159 ] ], [ [ 29.345833333332621, -1.556250000000546 ], [ 29.339583333332456, -1.556250000000546 ], [ 29.335416666665907, -1.560416666667159 ], [ 29.331249999999329, -1.560416666667159 ] ], [ [ 29.060416666666015, -1.55208333333389 ], [ 29.056249999999352, -1.556250000000546 ], [ 29.056249999999352, -1.560416666667159 ], [ 29.052083333332604, -1.564583333333864 ] ], [ [ 29.127083333332564, -1.497916666667201 ], [ 29.060416666666015, -1.564583333333864 ], [ 29.052083333332604, -1.564583333333864 ] ], [ [ 29.01458333333261, -1.55208333333389 ], [ 29.022916666665992, -1.560416666667159 ], [ 29.02708333333257, -1.560416666667159 ], [ 29.031249999999318, -1.564583333333864 ], [ 29.047916666665969, -1.564583333333864 ], [ 29.047916666665969, -1.568750000000392 ] ], [ [ 29.052083333332604, -1.564583333333864 ], [ 29.047916666665969, -1.568750000000392 ] ], [ [ 29.047916666665969, -1.568750000000392 ], [ 29.047916666665969, -1.572916666667176 ] ], [ [ 29.029166666666072, -1.579166666667163 ], [ 29.035416666666066, -1.572916666667176 ], [ 29.047916666665969, -1.572916666667176 ] ], [ [ 29.179166666665878, -1.512500000000507 ], [ 29.172916666665969, -1.518750000000537 ], [ 29.168749999999392, -1.518750000000537 ], [ 29.160416666665981, -1.527083333333771 ], [ 29.160416666665981, -1.535416666667125 ], [ 29.147916666665935, -1.547916666667099 ], [ 29.147916666665935, -1.560416666667159 ], [ 29.13958333333261, -1.568750000000392 ], [ 29.13958333333261, -1.577083333333839 ] ], [ [ 29.154166666665901, -1.566666666667146 ], [ 29.143749999999272, -1.577083333333839 ], [ 29.13958333333261, -1.577083333333839 ] ], [ [ 29.083333333332718, -1.575000000000422 ], [ 29.089583333332541, -1.581250000000452 ] ], [ [ 29.187499999999261, -1.479166666667197 ], [ 29.181249999999267, -1.485416666667142 ], [ 29.164583333332644, -1.485416666667142 ], [ 29.152083333332513, -1.497916666667201 ], [ 29.152083333332513, -1.506250000000477 ], [ 29.143749999999272, -1.514583333333789 ], [ 29.131249999999199, -1.514583333333789 ], [ 29.127083333332564, -1.518750000000537 ], [ 29.127083333332564, -1.522916666667065 ], [ 29.118749999999324, -1.531250000000512 ], [ 29.118749999999324, -1.53958333333383 ], [ 29.114583333332746, -1.543750000000401 ], [ 29.114583333332746, -1.556250000000546 ], [ 29.110416666665913, -1.560416666667159 ], [ 29.10624999999925, -1.560416666667159 ], [ 29.102083333332672, -1.564583333333864 ], [ 29.102083333332672, -1.572916666667176 ], [ 29.093749999999204, -1.581250000000452 ], [ 29.089583333332541, -1.581250000000452 ] ], [ [ 29.379166666665981, -1.577083333333839 ], [ 29.368749999999238, -1.577083333333839 ], [ 29.364583333332661, -1.581250000000452 ], [ 29.352083333332615, -1.568750000000392 ], [ 29.339583333332456, -1.568750000000392 ], [ 29.331249999999329, -1.560416666667159 ] ], [ [ 29.047916666665969, -1.572916666667176 ], [ 29.047916666665969, -1.581250000000452 ], [ 29.060416666666015, -1.593750000000512 ] ], [ [ 29.060416666666015, -1.593750000000512 ], [ 29.064583333332678, -1.593750000000512 ], [ 29.072916666665918, -1.602083333333873 ] ], [ [ 29.089583333332541, -1.581250000000452 ], [ 29.085416666665964, -1.585416666667193 ], [ 29.085416666665964, -1.589583333333728 ], [ 29.072916666665918, -1.602083333333873 ] ], [ [ 29.066666666666094, -1.608333333333817 ], [ 29.072916666665918, -1.602083333333873 ] ], [ [ 29.285416666665981, -1.579166666667163 ], [ 29.285416666665981, -1.589583333333728 ], [ 29.281249999999261, -1.593750000000512 ], [ 29.281249999999261, -1.597916666667174 ], [ 29.277083333332598, -1.602083333333873 ], [ 29.277083333332598, -1.606250000000486 ], [ 29.281249999999261, -1.610416666667234 ] ], [ [ 29.331249999999329, -1.560416666667159 ], [ 29.327083333332666, -1.564583333333864 ], [ 29.327083333332666, -1.572916666667176 ], [ 29.302083333332718, -1.597916666667174 ], [ 29.297916666665884, -1.597916666667174 ], [ 29.289583333332644, -1.606250000000486 ], [ 29.285416666665981, -1.606250000000486 ], [ 29.281249999999261, -1.610416666667234 ] ], [ [ 29.449999999999335, -1.587500000000482 ], [ 29.443749999999255, -1.581250000000452 ], [ 29.422916666665969, -1.581250000000452 ], [ 29.418749999999307, -1.585416666667193 ], [ 29.418749999999307, -1.597916666667174 ], [ 29.410416666665924, -1.597916666667174 ], [ 29.406249999999261, -1.602083333333873 ], [ 29.406249999999261, -1.610416666667234 ], [ 29.402083333332683, -1.614583333333805 ] ], [ [ 29.072916666665918, -1.602083333333873 ], [ 29.085416666665964, -1.614583333333805 ], [ 29.089583333332541, -1.614583333333805 ], [ 29.093749999999204, -1.618750000000546 ] ], [ [ 29.10624999999925, -1.591666666667187 ], [ 29.10624999999925, -1.606250000000486 ], [ 29.093749999999204, -1.618750000000546 ] ], [ [ 29.412499999999341, -1.620833333333792 ], [ 29.406249999999261, -1.614583333333805 ], [ 29.402083333332683, -1.614583333333805 ] ], [ [ 28.999999999999289, -1.595833333333886 ], [ 29.006249999999284, -1.602083333333873 ], [ 29.006249999999284, -1.606250000000486 ], [ 29.010416666665947, -1.610416666667234 ], [ 29.010416666665947, -1.618750000000546 ], [ 29.01458333333261, -1.622916666667209 ] ], [ [ 29.402083333332683, -1.614583333333805 ], [ 29.397916666666021, -1.618750000000546 ], [ 29.389583333332524, -1.618750000000546 ], [ 29.385416666665975, -1.622916666667209 ], [ 29.381249999999397, -1.622916666667209 ] ], [ [ 28.995833333332655, -1.627083333333822 ], [ 29.006249999999284, -1.627083333333822 ], [ 29.010416666665947, -1.622916666667209 ], [ 29.01458333333261, -1.622916666667209 ] ], [ [ 29.01458333333261, -1.622916666667209 ], [ 29.018749999999187, -1.622916666667209 ], [ 29.022916666665992, -1.627083333333822 ], [ 29.02708333333257, -1.622916666667209 ], [ 29.031249999999318, -1.622916666667209 ], [ 29.060416666666015, -1.593750000000512 ] ], [ [ 29.212499999999295, -1.570833333333894 ], [ 29.202083333332581, -1.581250000000452 ], [ 29.202083333332581, -1.585416666667193 ], [ 29.197916666666003, -1.589583333333728 ], [ 29.197916666666003, -1.593750000000512 ], [ 29.193749999999341, -1.597916666667174 ], [ 29.193749999999341, -1.606250000000486 ], [ 29.181249999999267, -1.618750000000546 ], [ 29.181249999999267, -1.622916666667209 ], [ 29.177083333332632, -1.627083333333822 ] ], [ [ 29.204166666665998, -1.610416666667234 ], [ 29.197916666666003, -1.610416666667234 ], [ 29.197916666666003, -1.614583333333805 ], [ 29.18541666666593, -1.627083333333822 ], [ 29.177083333332632, -1.627083333333822 ] ], [ [ 29.093749999999204, -1.618750000000546 ], [ 29.097916666666038, -1.622916666667209 ], [ 29.097916666666038, -1.627083333333822 ], [ 29.10624999999925, -1.63541666666714 ] ], [ [ 29.10624999999925, -1.641666666667085 ], [ 29.10624999999925, -1.63541666666714 ] ], [ [ 29.235416666665913, -1.633333333333852 ], [ 29.235416666665913, -1.639583333333839 ], [ 29.239583333332575, -1.643750000000502 ] ], [ [ 29.281249999999261, -1.610416666667234 ], [ 29.277083333332598, -1.614583333333805 ], [ 29.272916666665935, -1.614583333333805 ], [ 29.272916666665935, -1.618750000000546 ], [ 29.264583333332695, -1.627083333333822 ], [ 29.264583333332695, -1.63125000000052 ], [ 29.256249999999227, -1.639583333333839 ], [ 29.252083333332649, -1.639583333333839 ], [ 29.247916666666072, -1.643750000000502 ], [ 29.239583333332575, -1.643750000000502 ] ], [ [ 29.10624999999925, -1.63541666666714 ], [ 29.110416666665913, -1.639583333333839 ], [ 29.110416666665913, -1.643750000000502 ], [ 29.114583333332746, -1.647916666667115 ] ], [ [ 29.13958333333261, -1.577083333333839 ], [ 29.13958333333261, -1.581250000000452 ], [ 29.143749999999272, -1.585416666667193 ], [ 29.143749999999272, -1.589583333333728 ], [ 29.135416666666032, -1.597916666667174 ], [ 29.135416666666032, -1.606250000000486 ], [ 29.127083333332564, -1.614583333333805 ], [ 29.127083333332564, -1.627083333333822 ], [ 29.122916666665986, -1.63125000000052 ], [ 29.122916666665986, -1.63541666666714 ], [ 29.114583333332746, -1.643750000000502 ], [ 29.114583333332746, -1.647916666667115 ] ], [ [ 29.41666666666589, -1.650000000000531 ], [ 29.410416666665924, -1.643750000000502 ], [ 29.402083333332683, -1.643750000000502 ], [ 29.397916666666021, -1.639583333333839 ], [ 29.397916666666021, -1.63125000000052 ], [ 29.389583333332524, -1.63125000000052 ], [ 29.381249999999397, -1.622916666667209 ] ], [ [ 29.362499999999244, -1.600000000000456 ], [ 29.352083333332615, -1.610416666667234 ], [ 29.347916666665952, -1.610416666667234 ], [ 29.339583333332456, -1.618750000000546 ], [ 29.322916666666003, -1.618750000000546 ], [ 29.31874999999917, -1.622916666667209 ], [ 29.314583333332592, -1.622916666667209 ], [ 29.302083333332718, -1.63541666666714 ], [ 29.306249999999295, -1.639583333333839 ], [ 29.306249999999295, -1.652083333333856 ] ], [ [ 29.381249999999397, -1.622916666667209 ], [ 29.377083333332735, -1.627083333333822 ], [ 29.368749999999238, -1.627083333333822 ], [ 29.352083333332615, -1.643750000000502 ], [ 29.352083333332615, -1.647916666667115 ], [ 29.347916666665952, -1.647916666667115 ], [ 29.339583333332456, -1.656250000000433 ], [ 29.322916666666003, -1.656250000000433 ], [ 29.31874999999917, -1.652083333333856 ], [ 29.306249999999295, -1.652083333333856 ] ], [ [ 29.114583333332746, -1.647916666667115 ], [ 29.118749999999324, -1.652083333333856 ], [ 29.118749999999324, -1.656250000000433 ], [ 29.122916666665986, -1.660416666667174 ] ], [ [ 29.19999999999942, -1.525000000000524 ], [ 29.206249999999216, -1.531250000000512 ], [ 29.197916666666003, -1.53958333333383 ], [ 29.197916666666003, -1.572916666667176 ], [ 29.193749999999341, -1.577083333333839 ], [ 29.193749999999341, -1.581250000000452 ], [ 29.189583333332678, -1.585416666667193 ], [ 29.189583333332678, -1.589583333333728 ], [ 29.18541666666593, -1.593750000000512 ], [ 29.181249999999267, -1.589583333333728 ], [ 29.168749999999392, -1.602083333333873 ], [ 29.168749999999392, -1.606250000000486 ], [ 29.143749999999272, -1.63125000000052 ], [ 29.143749999999272, -1.639583333333839 ], [ 29.127083333332564, -1.656250000000433 ], [ 29.122916666665986, -1.656250000000433 ], [ 29.122916666665986, -1.660416666667174 ] ], [ [ 29.239583333332575, -1.643750000000502 ], [ 29.231249999999335, -1.652083333333856 ], [ 29.231249999999335, -1.656250000000433 ], [ 29.235416666665913, -1.660416666667174 ], [ 29.235416666665913, -1.664583333333873 ] ], [ [ 29.245833333332655, -1.658333333333843 ], [ 29.239583333332575, -1.664583333333873 ], [ 29.235416666665913, -1.664583333333873 ] ], [ [ 29.02708333333257, -1.666666666667119 ], [ 29.02708333333257, -1.672916666667149 ] ], [ [ 29.02708333333257, -1.672916666667149 ], [ 29.064583333332678, -1.63541666666714 ], [ 29.068749999999255, -1.63541666666714 ], [ 29.085416666665964, -1.618750000000546 ], [ 29.093749999999204, -1.618750000000546 ] ], [ [ 28.962499999999295, -1.666666666667119 ], [ 28.968749999999375, -1.672916666667149 ], [ 28.972916666665924, -1.672916666667149 ], [ 28.977083333332502, -1.67708333333389 ], [ 28.98124999999942, -1.67708333333389 ] ], [ [ 29.022916666665992, -1.67708333333389 ], [ 29.02708333333257, -1.672916666667149 ] ], [ [ 29.122916666665986, -1.660416666667174 ], [ 29.131249999999199, -1.66875000000045 ], [ 29.131249999999199, -1.672916666667149 ], [ 29.135416666666032, -1.67708333333389 ] ], [ [ 29.177083333332632, -1.627083333333822 ], [ 29.172916666665969, -1.63125000000052 ], [ 29.172916666665969, -1.63541666666714 ], [ 29.135416666666032, -1.672916666667149 ], [ 29.135416666666032, -1.67708333333389 ] ], [ [ 28.98124999999942, -1.67708333333389 ], [ 28.989583333332661, -1.67708333333389 ], [ 28.993749999999238, -1.681250000000468 ], [ 29.006249999999284, -1.681250000000468 ] ], [ [ 28.979166666666003, -1.654166666667145 ], [ 28.989583333332661, -1.664583333333873 ], [ 28.993749999999238, -1.664583333333873 ], [ 29.006249999999284, -1.67708333333389 ], [ 29.006249999999284, -1.681250000000468 ] ], [ [ 29.006249999999284, -1.681250000000468 ], [ 29.010416666665947, -1.67708333333389 ], [ 29.022916666665992, -1.67708333333389 ] ], [ [ 28.970833333332536, -1.687500000000455 ], [ 28.98124999999942, -1.67708333333389 ] ], [ [ 29.135416666666032, -1.67708333333389 ], [ 29.143749999999272, -1.685416666667209 ], [ 29.143749999999272, -1.689583333333864 ], [ 29.147916666665935, -1.693750000000485 ] ], [ [ 29.193749999999341, -1.662500000000421 ], [ 29.193749999999341, -1.66875000000045 ], [ 29.189583333332678, -1.672916666667149 ], [ 29.172916666665969, -1.672916666667149 ], [ 29.152083333332513, -1.693750000000485 ], [ 29.147916666665935, -1.693750000000485 ] ], [ [ 29.333333333332661, -1.672916666667149 ], [ 29.327083333332666, -1.672916666667149 ], [ 29.322916666666003, -1.67708333333389 ], [ 29.31874999999917, -1.67708333333389 ], [ 29.31041666666593, -1.685416666667209 ], [ 29.306249999999295, -1.685416666667209 ], [ 29.302083333332718, -1.689583333333864 ], [ 29.302083333332718, -1.693750000000485 ] ], [ [ 29.229166666665947, -1.697916666667183 ], [ 29.235416666665913, -1.697916666667183 ] ], [ [ 29.235416666665913, -1.664583333333873 ], [ 29.235416666665913, -1.697916666667183 ] ], [ [ 29.004166666665952, -1.702083333333803 ], [ 29.018749999999187, -1.702083333333803 ], [ 29.018749999999187, -1.685416666667209 ], [ 29.022916666665992, -1.681250000000468 ], [ 29.022916666665992, -1.67708333333389 ] ], [ [ 29.306249999999295, -1.652083333333856 ], [ 29.302083333332718, -1.656250000000433 ], [ 29.302083333332718, -1.660416666667174 ], [ 29.297916666665884, -1.664583333333873 ], [ 29.293749999999307, -1.664583333333873 ], [ 29.289583333332644, -1.660416666667174 ], [ 29.285416666665981, -1.660416666667174 ], [ 29.281249999999261, -1.664583333333873 ], [ 29.277083333332598, -1.660416666667174 ], [ 29.268749999999358, -1.660416666667174 ], [ 29.264583333332695, -1.664583333333873 ], [ 29.264583333332695, -1.66875000000045 ], [ 29.260416666665861, -1.672916666667149 ], [ 29.260416666665861, -1.693750000000485 ], [ 29.256249999999227, -1.697916666667183 ], [ 29.256249999999227, -1.702083333333803 ], [ 29.260416666665861, -1.706250000000502 ] ], [ [ 29.302083333332718, -1.693750000000485 ], [ 29.285416666665981, -1.693750000000485 ], [ 29.281249999999261, -1.689583333333864 ], [ 29.277083333332598, -1.689583333333864 ], [ 29.272916666665935, -1.693750000000485 ], [ 29.272916666665935, -1.702083333333803 ], [ 29.268749999999358, -1.706250000000502 ], [ 29.260416666665861, -1.706250000000502 ] ], [ [ 29.31041666666593, -1.706250000000502 ], [ 29.306249999999295, -1.706250000000502 ], [ 29.302083333332718, -1.702083333333803 ], [ 29.302083333332718, -1.693750000000485 ] ], [ [ 29.235416666665913, -1.697916666667183 ], [ 29.239583333332575, -1.702083333333803 ], [ 29.243749999999409, -1.702083333333803 ], [ 29.252083333332649, -1.710416666667157 ] ], [ [ 29.260416666665861, -1.706250000000502 ], [ 29.256249999999227, -1.710416666667157 ], [ 29.252083333332649, -1.710416666667157 ] ], [ [ 29.360416666666026, -1.710416666667157 ], [ 29.352083333332615, -1.710416666667157 ], [ 29.339583333332456, -1.697916666667183 ], [ 29.335416666665907, -1.702083333333803 ], [ 29.327083333332666, -1.702083333333803 ], [ 29.322916666666003, -1.697916666667183 ], [ 29.31874999999917, -1.702083333333803 ], [ 29.314583333332592, -1.702083333333803 ], [ 29.31041666666593, -1.706250000000502 ] ], [ [ 29.399999999999267, -1.695833333333773 ], [ 29.385416666665975, -1.710416666667157 ], [ 29.377083333332735, -1.710416666667157 ], [ 29.372916666665901, -1.706250000000502 ], [ 29.368749999999238, -1.706250000000502 ], [ 29.364583333332661, -1.710416666667157 ], [ 29.360416666666026, -1.710416666667157 ] ], [ [ 29.252083333332649, -1.710416666667157 ], [ 29.243749999999409, -1.718750000000519 ] ], [ [ 28.966666666665958, -1.708333333333748 ], [ 28.972916666665924, -1.714583333333778 ], [ 28.989583333332661, -1.714583333333778 ], [ 28.993749999999238, -1.718750000000519 ], [ 28.993749999999238, -1.722916666667096 ], [ 28.997916666665873, -1.727083333333837 ], [ 29.010416666665947, -1.727083333333837 ] ], [ [ 29.010416666665947, -1.727083333333837 ], [ 29.018749999999187, -1.718750000000519 ], [ 29.022916666665992, -1.718750000000519 ], [ 29.02708333333257, -1.714583333333778 ], [ 29.031249999999318, -1.718750000000519 ], [ 29.035416666666066, -1.714583333333778 ], [ 29.039583333332729, -1.714583333333778 ], [ 29.052083333332604, -1.727083333333837 ], [ 29.056249999999352, -1.727083333333837 ] ], [ [ 29.056249999999352, -1.727083333333837 ], [ 29.060416666666015, -1.727083333333837 ], [ 29.064583333332678, -1.731250000000493 ], [ 29.072916666665918, -1.731250000000493 ] ], [ [ 29.077083333332638, -1.700000000000514 ], [ 29.077083333332638, -1.727083333333837 ], [ 29.072916666665918, -1.731250000000493 ] ], [ [ 29.258333333332615, -1.733333333333867 ], [ 29.252083333332649, -1.727083333333837 ], [ 29.252083333332649, -1.722916666667096 ], [ 29.247916666666072, -1.718750000000519 ], [ 29.243749999999409, -1.718750000000519 ] ], [ [ 29.372916666665901, -1.735416666667192 ], [ 29.364583333332661, -1.727083333333837 ], [ 29.368749999999238, -1.722916666667096 ], [ 29.360416666666026, -1.714583333333778 ], [ 29.360416666666026, -1.710416666667157 ] ], [ [ 29.072916666665918, -1.731250000000493 ], [ 29.077083333332638, -1.735416666667192 ], [ 29.081249999999386, -1.735416666667192 ], [ 29.085416666665964, -1.739583333333812 ], [ 29.089583333332541, -1.739583333333812 ] ], [ [ 29.095833333332621, -1.729166666667084 ], [ 29.089583333332541, -1.735416666667192 ], [ 29.089583333332541, -1.739583333333812 ] ], [ [ 29.437499999999204, -1.739583333333812 ], [ 29.43124999999921, -1.739583333333812 ], [ 29.427083333332632, -1.735416666667192 ], [ 29.422916666665969, -1.735416666667192 ], [ 29.418749999999307, -1.731250000000493 ], [ 29.406249999999261, -1.731250000000493 ], [ 29.402083333332683, -1.735416666667192 ], [ 29.372916666665901, -1.735416666667192 ] ], [ [ 28.941666666666009, -1.743750000000553 ], [ 28.960416666665878, -1.743750000000553 ], [ 28.964583333332712, -1.739583333333812 ], [ 28.968749999999375, -1.743750000000553 ], [ 28.972916666665924, -1.743750000000553 ], [ 28.977083333332502, -1.739583333333812 ], [ 28.997916666665873, -1.739583333333812 ], [ 29.002083333332706, -1.735416666667192 ], [ 29.006249999999284, -1.735416666667192 ], [ 29.006249999999284, -1.731250000000493 ], [ 29.010416666665947, -1.727083333333837 ] ], [ [ 29.045833333332553, -1.745833333333842 ], [ 29.056249999999352, -1.735416666667192 ], [ 29.056249999999352, -1.727083333333837 ] ], [ [ 29.243749999999409, -1.718750000000519 ], [ 29.222916666666038, -1.739583333333812 ], [ 29.222916666666038, -1.743750000000553 ] ], [ [ 29.372916666665901, -1.752083333333871 ], [ 29.372916666665901, -1.735416666667192 ] ], [ [ 29.41666666666589, -1.762500000000436 ], [ 29.406249999999261, -1.752083333333871 ], [ 29.372916666665901, -1.752083333333871 ] ], [ [ 29.283333333332649, -1.772916666667165 ], [ 29.256249999999227, -1.772916666667165 ], [ 29.22708333333253, -1.743750000000553 ], [ 29.222916666666038, -1.743750000000553 ] ], [ [ 28.968749999999375, -1.7937500000005 ], [ 28.98124999999942, -1.781250000000441 ], [ 28.98124999999942, -1.777083333333863 ], [ 28.985416666665998, -1.772916666667165 ], [ 28.985416666665998, -1.768750000000459 ], [ 28.989583333332661, -1.764583333333846 ], [ 28.993749999999238, -1.764583333333846 ], [ 28.997916666665873, -1.768750000000459 ], [ 29.006249999999284, -1.768750000000459 ], [ 29.010416666665947, -1.772916666667165 ], [ 29.01458333333261, -1.768750000000459 ], [ 29.022916666665992, -1.777083333333863 ], [ 29.031249999999318, -1.777083333333863 ] ], [ [ 29.089583333332541, -1.739583333333812 ], [ 29.093749999999204, -1.743750000000553 ], [ 29.097916666666038, -1.743750000000553 ], [ 29.102083333332672, -1.74791666666713 ], [ 29.10624999999925, -1.74791666666713 ], [ 29.110416666665913, -1.752083333333871 ], [ 29.114583333332746, -1.752083333333871 ], [ 29.118749999999324, -1.756250000000527 ], [ 29.122916666665986, -1.756250000000527 ], [ 29.127083333332564, -1.760416666667147 ], [ 29.131249999999199, -1.760416666667147 ], [ 29.13958333333261, -1.768750000000459 ], [ 29.143749999999272, -1.768750000000459 ], [ 29.152083333332513, -1.777083333333863 ], [ 29.156249999999318, -1.777083333333863 ], [ 29.168749999999392, -1.789583333333752 ], [ 29.172916666665969, -1.789583333333752 ], [ 29.177083333332632, -1.7937500000005 ], [ 29.181249999999267, -1.789583333333752 ], [ 29.18541666666593, -1.7937500000005 ] ], [ [ 29.147916666665935, -1.693750000000485 ], [ 29.152083333332513, -1.697916666667183 ], [ 29.152083333332513, -1.706250000000502 ], [ 29.156249999999318, -1.710416666667157 ], [ 29.156249999999318, -1.718750000000519 ], [ 29.160416666665981, -1.722916666667096 ], [ 29.160416666665981, -1.731250000000493 ], [ 29.164583333332644, -1.735416666667192 ], [ 29.164583333332644, -1.739583333333812 ], [ 29.168749999999392, -1.743750000000553 ], [ 29.168749999999392, -1.752083333333871 ], [ 29.172916666665969, -1.756250000000527 ], [ 29.172916666665969, -1.764583333333846 ], [ 29.177083333332632, -1.768750000000459 ], [ 29.177083333332632, -1.777083333333863 ], [ 29.181249999999267, -1.781250000000441 ], [ 29.181249999999267, -1.785416666667182 ], [ 29.18541666666593, -1.789583333333752 ], [ 29.18541666666593, -1.7937500000005 ] ], [ [ 28.949999999999221, -1.802083333333769 ], [ 28.956249999999216, -1.802083333333769 ], [ 28.960416666665878, -1.797916666667199 ], [ 28.964583333332712, -1.797916666667199 ], [ 28.968749999999375, -1.7937500000005 ] ], [ [ 29.18541666666593, -1.7937500000005 ], [ 29.18541666666593, -1.797916666667199 ], [ 29.189583333332678, -1.802083333333769 ] ], [ [ 29.222916666666038, -1.743750000000553 ], [ 29.218749999999289, -1.74791666666713 ], [ 29.218749999999289, -1.752083333333871 ], [ 29.210416666665964, -1.760416666667147 ], [ 29.210416666665964, -1.764583333333846 ], [ 29.206249999999216, -1.768750000000459 ], [ 29.206249999999216, -1.772916666667165 ], [ 29.197916666666003, -1.781250000000441 ], [ 29.197916666666003, -1.785416666667182 ], [ 29.193749999999341, -1.789583333333752 ], [ 29.193749999999341, -1.7937500000005 ], [ 29.189583333332678, -1.797916666667199 ], [ 29.189583333332678, -1.802083333333769 ] ], [ [ 29.362499999999244, -1.812500000000504 ], [ 29.352083333332615, -1.802083333333769 ], [ 29.343749999999375, -1.802083333333769 ], [ 29.331249999999329, -1.789583333333752 ], [ 29.335416666665907, -1.785416666667182 ], [ 29.331249999999329, -1.781250000000441 ], [ 29.331249999999329, -1.777083333333863 ], [ 29.327083333332666, -1.772916666667165 ], [ 29.327083333332666, -1.764583333333846 ], [ 29.322916666666003, -1.760416666667147 ], [ 29.322916666666003, -1.756250000000527 ], [ 29.314583333332592, -1.74791666666713 ], [ 29.314583333332592, -1.739583333333812 ], [ 29.31041666666593, -1.735416666667192 ], [ 29.31041666666593, -1.731250000000493 ], [ 29.306249999999295, -1.727083333333837 ], [ 29.31041666666593, -1.722916666667096 ], [ 29.31041666666593, -1.706250000000502 ] ], [ [ 28.999999999999289, -1.820833333333816 ], [ 29.010416666665947, -1.810416666667216 ], [ 29.010416666665947, -1.806250000000475 ], [ 29.01458333333261, -1.802083333333769 ], [ 29.01458333333261, -1.797916666667199 ], [ 29.022916666665992, -1.789583333333752 ], [ 29.02708333333257, -1.789583333333752 ], [ 29.031249999999318, -1.785416666667182 ], [ 29.031249999999318, -1.777083333333863 ] ], [ [ 29.435416666666043, -1.833333333333833 ], [ 29.435416666666043, -1.82708333333381 ], [ 29.43124999999921, -1.822916666667062 ], [ 29.43124999999921, -1.818750000000534 ], [ 29.422916666665969, -1.810416666667216 ], [ 29.418749999999307, -1.810416666667216 ], [ 29.414583333332558, -1.806250000000475 ], [ 29.414583333332558, -1.802083333333769 ], [ 29.406249999999261, -1.802083333333769 ], [ 29.402083333332683, -1.797916666667199 ], [ 29.389583333332524, -1.797916666667199 ], [ 29.377083333332735, -1.785416666667182 ], [ 29.377083333332735, -1.760416666667147 ], [ 29.372916666665901, -1.756250000000527 ], [ 29.372916666665901, -1.752083333333871 ] ], [ [ 28.956249999999216, -1.843750000000398 ], [ 28.964583333332712, -1.835416666667122 ], [ 28.964583333332712, -1.831250000000509 ], [ 28.968749999999375, -1.82708333333381 ], [ 28.968749999999375, -1.822916666667062 ], [ 28.964583333332712, -1.818750000000534 ], [ 28.964583333332712, -1.810416666667216 ], [ 28.968749999999375, -1.806250000000475 ], [ 28.968749999999375, -1.7937500000005 ] ], [ [ 29.295833333332723, -1.804166666667186 ], [ 29.277083333332598, -1.822916666667062 ], [ 29.277083333332598, -1.835416666667122 ], [ 29.272916666665935, -1.839583333333827 ], [ 29.272916666665935, -1.843750000000398 ] ], [ [ 29.285416666665981, -1.843750000000398 ], [ 29.272916666665935, -1.843750000000398 ] ], [ [ 29.299999999999301, -1.82708333333381 ], [ 29.289583333332644, -1.82708333333381 ], [ 29.285416666665981, -1.831250000000509 ], [ 29.285416666665981, -1.843750000000398 ] ], [ [ 28.949999999999221, -1.850000000000513 ], [ 28.956249999999216, -1.843750000000398 ] ], [ [ 29.272916666665935, -1.843750000000398 ], [ 29.268749999999358, -1.847916666667096 ] ], [ [ 29.249999999999233, -1.845833333333857 ], [ 29.256249999999227, -1.852083333333844 ] ], [ [ 29.268749999999358, -1.847916666667096 ], [ 29.264583333332695, -1.847916666667096 ], [ 29.260416666665861, -1.852083333333844 ], [ 29.256249999999227, -1.852083333333844 ] ], [ [ 28.937499999999346, -1.866666666667186 ], [ 28.943749999999312, -1.872916666667216 ] ], [ [ 28.943749999999312, -1.872916666667216 ], [ 28.952083333332638, -1.864583333333862 ], [ 28.952083333332638, -1.852083333333844 ], [ 28.956249999999216, -1.847916666667096 ], [ 28.956249999999216, -1.843750000000398 ] ], [ [ 29.104166666666003, -1.82708333333381 ], [ 29.110416666665913, -1.82708333333381 ], [ 29.114583333332746, -1.831250000000509 ], [ 29.118749999999324, -1.831250000000509 ], [ 29.127083333332564, -1.839583333333827 ], [ 29.131249999999199, -1.839583333333827 ], [ 29.143749999999272, -1.852083333333844 ], [ 29.147916666665935, -1.852083333333844 ], [ 29.168749999999392, -1.872916666667216 ] ], [ [ 29.281249999999261, -1.875000000000462 ], [ 29.281249999999261, -1.860416666667156 ], [ 29.277083333332598, -1.856250000000458 ], [ 29.277083333332598, -1.852083333333844 ], [ 29.272916666665935, -1.847916666667096 ], [ 29.268749999999358, -1.847916666667096 ] ], [ [ 29.333333333332661, -1.875000000000462 ], [ 29.314583333332592, -1.856250000000458 ], [ 29.31041666666593, -1.856250000000458 ], [ 29.306249999999295, -1.852083333333844 ], [ 29.302083333332718, -1.852083333333844 ], [ 29.297916666665884, -1.847916666667096 ], [ 29.289583333332644, -1.847916666667096 ], [ 29.285416666665981, -1.843750000000398 ] ], [ [ 28.943749999999312, -1.87916666666716 ], [ 28.943749999999312, -1.872916666667216 ] ], [ [ 28.997916666665873, -1.862500000000445 ], [ 28.997916666665873, -1.872916666667216 ], [ 29.002083333332706, -1.877083333333879 ] ], [ [ 29.002083333332706, -1.845833333333857 ], [ 29.002083333332706, -1.877083333333879 ] ], [ [ 29.0083333333327, -1.870833333333849 ], [ 29.002083333332706, -1.877083333333879 ] ], [ [ 28.979166666666003, -1.881250000000492 ], [ 29.006249999999284, -1.881250000000492 ] ], [ [ 29.002083333332706, -1.877083333333879 ], [ 29.006249999999284, -1.881250000000492 ] ], [ [ 28.995833333332655, -1.895833333333883 ], [ 29.006249999999284, -1.88541666666719 ], [ 29.006249999999284, -1.881250000000492 ] ], [ [ 29.391666666665941, -1.850000000000513 ], [ 29.385416666665975, -1.856250000000458 ], [ 29.381249999999397, -1.856250000000458 ], [ 29.377083333332735, -1.852083333333844 ], [ 29.372916666665901, -1.852083333333844 ], [ 29.368749999999238, -1.856250000000458 ], [ 29.368749999999238, -1.864583333333862 ], [ 29.372916666665901, -1.868750000000432 ], [ 29.372916666665901, -1.877083333333879 ], [ 29.368749999999238, -1.881250000000492 ], [ 29.368749999999238, -1.889583333333725 ], [ 29.372916666665901, -1.893750000000509 ] ], [ [ 29.41666666666589, -1.875000000000462 ], [ 29.410416666665924, -1.868750000000432 ], [ 29.406249999999261, -1.868750000000432 ], [ 29.402083333332683, -1.872916666667216 ], [ 29.402083333332683, -1.877083333333879 ], [ 29.389583333332524, -1.889583333333725 ], [ 29.385416666665975, -1.889583333333725 ], [ 29.381249999999397, -1.893750000000509 ], [ 29.372916666665901, -1.893750000000509 ] ], [ [ 29.141666666666026, -1.900000000000496 ], [ 29.164583333332644, -1.877083333333879 ], [ 29.168749999999392, -1.877083333333879 ], [ 29.168749999999392, -1.872916666667216 ] ], [ [ 29.168749999999392, -1.872916666667216 ], [ 29.202083333332581, -1.906250000000483 ], [ 29.206249999999216, -1.906250000000483 ] ], [ [ 29.189583333332678, -1.802083333333769 ], [ 29.189583333332678, -1.810416666667216 ], [ 29.193749999999341, -1.814583333333786 ], [ 29.193749999999341, -1.822916666667062 ], [ 29.197916666666003, -1.82708333333381 ], [ 29.197916666666003, -1.835416666667122 ], [ 29.202083333332581, -1.839583333333827 ], [ 29.202083333332581, -1.877083333333879 ], [ 29.206249999999216, -1.881250000000492 ], [ 29.206249999999216, -1.906250000000483 ] ], [ [ 29.256249999999227, -1.852083333333844 ], [ 29.243749999999409, -1.864583333333862 ], [ 29.239583333332575, -1.864583333333862 ], [ 29.22708333333253, -1.877083333333879 ], [ 29.22708333333253, -1.881250000000492 ], [ 29.218749999999289, -1.889583333333725 ], [ 29.218749999999289, -1.893750000000509 ], [ 29.214583333332627, -1.897916666667172 ], [ 29.214583333332627, -1.902083333333785 ], [ 29.210416666665964, -1.906250000000483 ], [ 29.206249999999216, -1.906250000000483 ] ], [ [ 29.006249999999284, -1.881250000000492 ], [ 29.035416666666066, -1.910416666667061 ], [ 29.039583333332729, -1.910416666667061 ] ], [ [ 29.031249999999318, -1.777083333333863 ], [ 29.035416666666066, -1.781250000000441 ], [ 29.039583333332729, -1.781250000000441 ], [ 29.052083333332604, -1.7937500000005 ], [ 29.052083333332604, -1.797916666667199 ], [ 29.056249999999352, -1.802083333333769 ], [ 29.056249999999352, -1.806250000000475 ], [ 29.060416666666015, -1.810416666667216 ], [ 29.060416666666015, -1.831250000000509 ], [ 29.064583333332678, -1.835416666667122 ], [ 29.060416666666015, -1.839583333333827 ], [ 29.060416666666015, -1.852083333333844 ], [ 29.056249999999352, -1.856250000000458 ], [ 29.056249999999352, -1.868750000000432 ], [ 29.052083333332604, -1.872916666667216 ], [ 29.052083333332604, -1.881250000000492 ], [ 29.047916666665969, -1.88541666666719 ], [ 29.047916666665969, -1.893750000000509 ], [ 29.043749999999307, -1.897916666667172 ], [ 29.043749999999307, -1.906250000000483 ], [ 29.039583333332729, -1.910416666667061 ] ], [ [ 29.024999999999238, -1.914583333333844 ], [ 29.039583333332729, -1.914583333333844 ] ], [ [ 29.039583333332729, -1.910416666667061 ], [ 29.039583333332729, -1.914583333333844 ] ], [ [ 29.372916666665901, -1.893750000000509 ], [ 29.368749999999238, -1.897916666667172 ], [ 29.372916666665901, -1.902083333333785 ], [ 29.368749999999238, -1.906250000000483 ], [ 29.368749999999238, -1.914583333333844 ] ], [ [ 29.391666666665941, -1.910416666667061 ], [ 29.385416666665975, -1.910416666667061 ], [ 29.381249999999397, -1.914583333333844 ], [ 29.368749999999238, -1.914583333333844 ] ], [ [ 29.039583333332729, -1.914583333333844 ], [ 29.039583333332729, -1.9187500000005 ] ], [ [ 28.912499999999227, -1.927083333333819 ], [ 28.918749999999278, -1.927083333333819 ] ], [ [ 28.912499999999227, -1.920833333333789 ], [ 28.918749999999278, -1.927083333333819 ] ], [ [ 29.07499999999925, -1.927083333333819 ], [ 29.047916666665969, -1.927083333333819 ], [ 29.039583333332729, -1.9187500000005 ] ], [ [ 28.918749999999278, -1.927083333333819 ], [ 28.927083333332689, -1.935416666667138 ] ], [ [ 28.927083333332689, -1.916666666667176 ], [ 28.927083333332689, -1.935416666667138 ] ], [ [ 28.958333333332632, -1.937500000000504 ], [ 28.964583333332712, -1.943750000000534 ] ], [ [ 28.968749999999375, -1.916666666667176 ], [ 28.968749999999375, -1.922916666667206 ], [ 28.972916666665924, -1.927083333333819 ], [ 28.972916666665924, -1.935416666667138 ], [ 28.964583333332712, -1.943750000000534 ] ], [ [ 28.912499999999227, -1.941666666667125 ], [ 28.922916666666026, -1.952083333333853 ], [ 28.927083333332689, -1.952083333333853 ] ], [ [ 28.927083333332689, -1.935416666667138 ], [ 28.927083333332689, -1.952083333333853 ] ], [ [ 29.345833333332621, -1.941666666667125 ], [ 29.356249999999363, -1.952083333333853 ], [ 29.360416666666026, -1.952083333333853 ] ], [ [ 29.368749999999238, -1.914583333333844 ], [ 29.368749999999238, -1.931250000000517 ], [ 29.372916666665901, -1.935416666667138 ], [ 29.368749999999238, -1.939583333333879 ], [ 29.368749999999238, -1.943750000000534 ], [ 29.360416666666026, -1.952083333333853 ] ], [ [ 29.114583333332746, -1.950000000000443 ], [ 29.114583333332746, -1.964583333333827 ] ], [ [ 29.124999999999318, -1.954166666667142 ], [ 29.114583333332746, -1.964583333333827 ] ], [ [ 29.279166666666015, -1.945833333333823 ], [ 29.293749999999307, -1.960416666667172 ], [ 29.293749999999307, -1.964583333333827 ] ], [ [ 29.32499999999925, -1.929166666667108 ], [ 29.31874999999917, -1.935416666667138 ], [ 29.31874999999917, -1.943750000000534 ], [ 29.297916666665884, -1.964583333333827 ], [ 29.293749999999307, -1.964583333333827 ] ], [ [ 29.079166666665884, -1.958333333333798 ], [ 29.093749999999204, -1.972916666667189 ], [ 29.097916666666038, -1.972916666667189 ], [ 29.102083333332672, -1.977083333333766 ] ], [ [ 29.114583333332746, -1.964583333333827 ], [ 29.102083333332672, -1.977083333333766 ] ], [ [ 28.860416666665913, -1.962500000000418 ], [ 28.860416666665913, -1.972916666667189 ], [ 28.864583333332575, -1.977083333333766 ], [ 28.877083333332621, -1.977083333333766 ], [ 28.881249999999284, -1.972916666667189 ], [ 28.885416666665947, -1.972916666667189 ], [ 28.889583333332695, -1.968750000000448 ], [ 28.897916666665907, -1.968750000000448 ], [ 28.906249999999233, -1.977083333333766 ], [ 28.914583333332644, -1.977083333333766 ], [ 28.922916666666026, -1.985416666667206 ], [ 28.93541666666593, -1.985416666667206 ] ], [ [ 28.927083333332689, -1.952083333333853 ], [ 28.927083333332689, -1.960416666667172 ], [ 28.931249999999352, -1.964583333333827 ], [ 28.931249999999352, -1.972916666667189 ], [ 28.93541666666593, -1.977083333333766 ], [ 28.93541666666593, -1.985416666667206 ] ], [ [ 29.435416666666043, -1.966666666667159 ], [ 29.435416666666043, -1.977083333333766 ], [ 29.443749999999255, -1.985416666667206 ], [ 29.452083333332496, -1.985416666667206 ], [ 29.456249999999329, -1.989583333333783 ] ], [ [ 29.468749999999204, -1.966666666667159 ], [ 29.468749999999204, -1.977083333333766 ], [ 29.472916666665782, -1.981250000000507 ], [ 29.468749999999204, -1.985416666667206 ], [ 29.464583333332655, -1.985416666667206 ], [ 29.460416666665992, -1.989583333333783 ], [ 29.456249999999329, -1.989583333333783 ] ], [ [ 28.93541666666593, -1.985416666667206 ], [ 28.93541666666593, -1.993750000000482 ] ], [ [ 28.93541666666593, -1.993750000000482 ], [ 28.939583333332592, -1.993750000000482 ], [ 28.943749999999312, -1.989583333333783 ], [ 28.947916666665975, -1.989583333333783 ], [ 28.952083333332638, -1.993750000000482 ], [ 28.964583333332712, -1.993750000000482 ] ], [ [ 28.964583333332712, -1.943750000000534 ], [ 28.964583333332712, -1.993750000000482 ] ], [ [ 29.102083333332672, -1.977083333333766 ], [ 29.10624999999925, -1.981250000000507 ], [ 29.110416666665913, -1.981250000000507 ], [ 29.118749999999324, -1.989583333333783 ], [ 29.122916666665986, -1.989583333333783 ], [ 29.131249999999199, -1.997916666667223 ], [ 29.135416666666032, -1.997916666667223 ], [ 29.13958333333261, -2.0020833333338 ] ], [ [ 28.899999999999409, -2.018750000000516 ], [ 28.910416666665981, -2.018750000000516 ], [ 28.914583333332644, -2.022916666667129 ] ], [ [ 28.914583333332644, -2.022916666667129 ], [ 28.918749999999278, -2.018750000000516 ], [ 28.918749999999278, -2.010416666667197 ], [ 28.922916666666026, -2.006250000000541 ], [ 28.922916666666026, -2.0020833333338 ], [ 28.931249999999352, -1.993750000000482 ], [ 28.93541666666593, -1.993750000000482 ] ], [ [ 29.062499999999261, -2.018750000000516 ], [ 29.056249999999352, -2.018750000000516 ], [ 29.052083333332604, -2.014583333333817 ], [ 29.047916666665969, -2.014583333333817 ], [ 29.043749999999307, -2.018750000000516 ], [ 29.043749999999307, -2.022916666667129 ] ], [ [ 29.049999999999358, -2.022916666667129 ], [ 29.043749999999307, -2.022916666667129 ] ], [ [ 29.385416666665975, -2.004166666667047 ], [ 29.385416666665975, -2.014583333333817 ], [ 29.381249999999397, -2.018750000000516 ], [ 29.381249999999397, -2.022916666667129 ], [ 29.377083333332735, -2.022916666667129 ] ], [ [ 28.964583333332712, -1.993750000000482 ], [ 28.968749999999375, -1.997916666667223 ], [ 28.972916666665924, -1.997916666667223 ], [ 28.993749999999238, -2.018750000000516 ], [ 28.993749999999238, -2.022916666667129 ], [ 28.997916666665873, -2.027083333333835 ] ], [ [ 29.112499999999329, -2.027083333333835 ], [ 29.122916666665986, -2.027083333333835 ], [ 29.127083333332564, -2.022916666667129 ], [ 29.127083333332564, -2.014583333333817 ], [ 29.13958333333261, -2.0020833333338 ] ], [ [ 29.360416666666026, -1.952083333333853 ], [ 29.360416666666026, -1.964583333333827 ], [ 29.356249999999363, -1.968750000000448 ], [ 29.356249999999363, -1.989583333333783 ], [ 29.352083333332615, -1.989583333333783 ], [ 29.347916666665952, -1.993750000000482 ], [ 29.343749999999375, -1.993750000000482 ], [ 29.314583333332592, -2.022916666667129 ], [ 29.314583333332592, -2.027083333333835 ] ], [ [ 29.322916666666003, -2.027083333333835 ], [ 29.314583333332592, -2.027083333333835 ] ], [ [ 29.456249999999329, -1.989583333333783 ], [ 29.427083333332632, -2.018750000000516 ], [ 29.422916666665969, -2.018750000000516 ], [ 29.418749999999307, -2.022916666667129 ], [ 29.406249999999261, -2.022916666667129 ], [ 29.402083333332683, -2.027083333333835 ] ], [ [ 28.895833333332661, -2.03125000000049 ], [ 28.914583333332644, -2.03125000000049 ] ], [ [ 28.914583333332644, -2.03125000000049 ], [ 28.914583333332644, -2.022916666667129 ] ], [ [ 28.997916666665873, -2.033333333333864 ], [ 28.997916666665873, -2.027083333333835 ] ], [ [ 29.402083333332683, -2.027083333333835 ], [ 29.397916666666021, -2.03125000000049 ], [ 29.385416666665975, -2.03125000000049 ], [ 29.377083333332735, -2.022916666667129 ] ], [ [ 28.997916666665873, -2.027083333333835 ], [ 29.002083333332706, -2.03125000000049 ], [ 29.002083333332706, -2.035416666667111 ], [ 29.006249999999284, -2.039583333333852 ] ], [ [ 29.039583333332729, -1.9187500000005 ], [ 29.035416666666066, -1.922916666667206 ], [ 29.035416666666066, -1.931250000000517 ], [ 29.031249999999318, -1.935416666667138 ], [ 29.031249999999318, -1.952083333333853 ], [ 29.02708333333257, -1.956250000000473 ], [ 29.02708333333257, -1.968750000000448 ], [ 29.022916666665992, -1.972916666667189 ], [ 29.022916666665992, -1.989583333333783 ], [ 29.018749999999187, -1.993750000000482 ], [ 29.018749999999187, -2.010416666667197 ], [ 29.01458333333261, -2.014583333333817 ], [ 29.01458333333261, -2.022916666667129 ], [ 29.010416666665947, -2.027083333333835 ], [ 29.010416666665947, -2.035416666667111 ], [ 29.006249999999284, -2.039583333333852 ] ], [ [ 29.043749999999307, -2.022916666667129 ], [ 29.039583333332729, -2.022916666667129 ], [ 29.031249999999318, -2.03125000000049 ], [ 29.02708333333257, -2.03125000000049 ], [ 29.018749999999187, -2.039583333333852 ], [ 29.006249999999284, -2.039583333333852 ] ], [ [ 29.347916666665952, -2.039583333333852 ], [ 29.343749999999375, -2.039583333333852 ], [ 29.335416666665907, -2.03125000000049 ], [ 29.331249999999329, -2.03125000000049 ], [ 29.327083333332666, -2.027083333333835 ], [ 29.322916666666003, -2.027083333333835 ] ], [ [ 29.377083333332735, -2.022916666667129 ], [ 29.372916666665901, -2.027083333333835 ], [ 29.356249999999363, -2.027083333333835 ], [ 29.347916666665952, -2.035416666667111 ], [ 29.347916666665952, -2.039583333333852 ] ], [ [ 29.13958333333261, -2.0020833333338 ], [ 29.143749999999272, -2.006250000000541 ], [ 29.147916666665935, -2.006250000000541 ], [ 29.160416666665981, -2.018750000000516 ], [ 29.164583333332644, -2.018750000000516 ], [ 29.189583333332678, -2.043750000000422 ], [ 29.193749999999341, -2.043750000000422 ] ], [ [ 29.206249999999216, -1.906250000000483 ], [ 29.206249999999216, -1.922916666667206 ], [ 29.210416666665964, -1.927083333333819 ], [ 29.210416666665964, -1.952083333333853 ], [ 29.206249999999216, -1.956250000000473 ], [ 29.206249999999216, -1.981250000000507 ], [ 29.202083333332581, -1.985416666667206 ], [ 29.202083333332581, -2.006250000000541 ], [ 29.197916666666003, -2.010416666667197 ], [ 29.197916666666003, -2.03125000000049 ], [ 29.193749999999341, -2.035416666667111 ], [ 29.193749999999341, -2.043750000000422 ] ], [ [ 29.293749999999307, -1.964583333333827 ], [ 29.277083333332598, -1.981250000000507 ], [ 29.272916666665935, -1.981250000000507 ], [ 29.256249999999227, -1.997916666667223 ], [ 29.252083333332649, -1.997916666667223 ], [ 29.239583333332575, -2.010416666667197 ], [ 29.235416666665913, -2.010416666667197 ], [ 29.218749999999289, -2.027083333333835 ], [ 29.214583333332627, -2.027083333333835 ], [ 29.197916666666003, -2.043750000000422 ], [ 29.193749999999341, -2.043750000000422 ] ], [ [ 29.458333333332575, -2.033333333333864 ], [ 29.447916666665918, -2.043750000000422 ], [ 29.422916666665969, -2.043750000000422 ], [ 29.406249999999261, -2.027083333333835 ], [ 29.402083333332683, -2.027083333333835 ] ], [ [ 29.356249999999363, -2.04791666666717 ], [ 29.347916666665952, -2.039583333333852 ] ], [ [ 28.914583333332644, -2.052083333333826 ], [ 28.914583333332644, -2.03125000000049 ] ], [ [ 29.322916666666003, -2.0541666666672 ], [ 29.322916666666003, -2.035416666667111 ], [ 29.327083333332666, -2.03125000000049 ], [ 29.322916666666003, -2.027083333333835 ] ], [ [ 29.314583333332592, -2.027083333333835 ], [ 29.31041666666593, -2.027083333333835 ], [ 29.277083333332598, -2.060416666667145 ] ], [ [ 28.891666666665941, -2.066666666667174 ], [ 28.897916666665907, -2.060416666667145 ], [ 28.90208333333257, -2.060416666667145 ], [ 28.910416666665981, -2.052083333333826 ], [ 28.914583333332644, -2.052083333333826 ] ], [ [ 29.43124999999921, -2.068750000000456 ], [ 29.427083333332632, -2.064583333333886 ], [ 29.414583333332558, -2.064583333333886 ], [ 29.410416666665924, -2.068750000000456 ], [ 29.406249999999261, -2.064583333333886 ], [ 29.397916666666021, -2.064583333333886 ], [ 29.385416666665975, -2.052083333333826 ], [ 29.381249999999397, -2.052083333333826 ], [ 29.377083333332735, -2.04791666666717 ], [ 29.368749999999238, -2.04791666666717 ], [ 29.364583333332661, -2.043750000000422 ], [ 29.360416666666026, -2.04791666666717 ], [ 29.356249999999363, -2.04791666666717 ] ], [ [ 29.470833333332621, -2.045833333333839 ], [ 29.460416666665992, -2.056250000000524 ], [ 29.456249999999329, -2.056250000000524 ], [ 29.452083333332496, -2.060416666667145 ], [ 29.447916666665918, -2.060416666667145 ], [ 29.439583333332621, -2.068750000000456 ], [ 29.43124999999921, -2.068750000000456 ] ], [ [ 28.912499999999227, -2.079166666667234 ], [ 28.918749999999278, -2.072916666667204 ], [ 28.918749999999278, -2.060416666667145 ], [ 28.914583333332644, -2.056250000000524 ], [ 28.914583333332644, -2.052083333333826 ] ], [ [ 29.277083333332598, -2.060416666667145 ], [ 29.260416666665861, -2.07708333333386 ] ], [ [ 29.07499999999925, -2.085416666667179 ], [ 29.089583333332541, -2.085416666667179 ] ], [ [ 29.083333333332718, -2.070833333333702 ], [ 29.089583333332541, -2.07708333333386 ], [ 29.089583333332541, -2.085416666667179 ] ], [ [ 29.006249999999284, -2.039583333333852 ], [ 29.006249999999284, -2.052083333333826 ], [ 29.002083333332706, -2.056250000000524 ], [ 29.002083333332706, -2.064583333333886 ], [ 28.997916666665873, -2.068750000000456 ], [ 28.997916666665873, -2.07708333333386 ], [ 28.993749999999238, -2.08125000000048 ], [ 28.993749999999238, -2.089583333333792 ] ], [ [ 28.83749999999921, -2.093750000000497 ], [ 28.847916666666094, -2.093750000000497 ] ], [ [ 28.856249999999335, -2.04166666666714 ], [ 28.856249999999335, -2.04791666666717 ], [ 28.852083333332672, -2.052083333333826 ], [ 28.852083333332672, -2.060416666667145 ], [ 28.847916666666094, -2.064583333333886 ], [ 28.847916666666094, -2.093750000000497 ] ], [ [ 29.089583333332541, -2.085416666667179 ], [ 29.10624999999925, -2.085416666667179 ], [ 29.110416666665913, -2.089583333333792 ], [ 29.118749999999324, -2.089583333333792 ], [ 29.122916666665986, -2.093750000000497 ] ], [ [ 29.322916666666003, -2.093750000000497 ], [ 29.322916666666003, -2.089583333333792 ], [ 29.302083333332718, -2.068750000000456 ], [ 29.293749999999307, -2.068750000000456 ], [ 29.289583333332644, -2.064583333333886 ], [ 29.281249999999261, -2.064583333333886 ], [ 29.277083333332598, -2.060416666667145 ] ], [ [ 29.389583333332524, -2.093750000000497 ], [ 29.372916666665901, -2.07708333333386 ], [ 29.368749999999238, -2.07708333333386 ], [ 29.368749999999238, -2.072916666667204 ], [ 29.364583333332661, -2.068750000000456 ], [ 29.360416666666026, -2.068750000000456 ], [ 29.356249999999363, -2.064583333333886 ], [ 29.356249999999363, -2.056250000000524 ], [ 29.360416666666026, -2.052083333333826 ], [ 29.356249999999363, -2.04791666666717 ] ], [ [ 29.474999999999284, -2.095833333333822 ], [ 29.468749999999204, -2.089583333333792 ], [ 29.464583333332655, -2.089583333333792 ], [ 29.460416666665992, -2.085416666667179 ], [ 29.456249999999329, -2.085416666667179 ], [ 29.452083333332496, -2.08125000000048 ], [ 29.443749999999255, -2.08125000000048 ], [ 29.43124999999921, -2.068750000000456 ] ], [ [ 29.045833333332553, -2.093750000000497 ], [ 29.039583333332729, -2.093750000000497 ], [ 29.035416666666066, -2.097916666667153 ], [ 29.002083333332706, -2.097916666667153 ], [ 28.993749999999238, -2.089583333333792 ] ], [ [ 29.329166666666083, -2.100000000000527 ], [ 29.322916666666003, -2.093750000000497 ] ], [ [ 28.847916666666094, -2.093750000000497 ], [ 28.852083333332672, -2.097916666667153 ], [ 28.852083333332672, -2.102083333333766 ] ], [ [ 29.389583333332524, -2.104166666667183 ], [ 29.389583333332524, -2.093750000000497 ] ], [ [ 28.824999999999307, -2.102083333333766 ], [ 28.831249999999216, -2.102083333333766 ], [ 28.835416666666049, -2.106250000000514 ], [ 28.847916666666094, -2.106250000000514 ], [ 28.852083333332672, -2.102083333333766 ] ], [ [ 28.98124999999942, -2.108333333333796 ], [ 28.98124999999942, -2.114583333333826 ] ], [ [ 28.993749999999238, -2.089583333333792 ], [ 28.989583333332661, -2.093750000000497 ], [ 28.989583333332661, -2.097916666667153 ], [ 28.985416666665998, -2.102083333333766 ], [ 28.985416666665998, -2.110416666667213 ], [ 28.98124999999942, -2.114583333333826 ] ], [ [ 29.110416666665913, -2.120833333333856 ], [ 29.110416666665913, -2.102083333333766 ], [ 29.118749999999324, -2.093750000000497 ], [ 29.122916666665986, -2.093750000000497 ] ], [ [ 28.852083333332672, -2.102083333333766 ], [ 28.860416666665913, -2.110416666667213 ], [ 28.864583333332575, -2.110416666667213 ], [ 28.872916666665958, -2.118750000000531 ], [ 28.881249999999284, -2.118750000000531 ], [ 28.885416666665947, -2.122916666667102 ] ], [ [ 29.122916666665986, -2.093750000000497 ], [ 29.127083333332564, -2.093750000000497 ], [ 29.131249999999199, -2.097916666667153 ], [ 29.135416666666032, -2.097916666667153 ], [ 29.152083333332513, -2.114583333333826 ], [ 29.156249999999318, -2.114583333333826 ], [ 29.168749999999392, -2.127083333333808 ] ], [ [ 29.193749999999341, -2.043750000000422 ], [ 29.193749999999341, -2.052083333333826 ], [ 29.189583333332678, -2.056250000000524 ], [ 29.189583333332678, -2.064583333333886 ], [ 29.18541666666593, -2.068750000000456 ], [ 29.18541666666593, -2.08125000000048 ], [ 29.181249999999267, -2.085416666667179 ], [ 29.181249999999267, -2.093750000000497 ], [ 29.177083333332632, -2.097916666667153 ], [ 29.177083333332632, -2.106250000000514 ], [ 29.172916666665969, -2.110416666667213 ], [ 29.172916666665969, -2.122916666667102 ], [ 29.168749999999392, -2.127083333333808 ] ], [ [ 28.885416666665947, -2.122916666667102 ], [ 28.889583333332695, -2.122916666667102 ], [ 28.893749999999244, -2.127083333333808 ], [ 28.897916666665907, -2.127083333333808 ], [ 28.90208333333257, -2.131250000000549 ] ], [ [ 28.908333333332564, -2.120833333333856 ], [ 28.90208333333257, -2.127083333333808 ], [ 28.90208333333257, -2.131250000000549 ] ], [ [ 29.260416666665861, -2.07708333333386 ], [ 29.256249999999227, -2.08125000000048 ], [ 29.252083333332649, -2.08125000000048 ], [ 29.206249999999216, -2.127083333333808 ], [ 29.202083333332581, -2.127083333333808 ], [ 29.197916666666003, -2.131250000000549 ] ], [ [ 29.277083333332598, -2.131250000000549 ], [ 29.277083333332598, -2.097916666667153 ], [ 29.272916666665935, -2.093750000000497 ], [ 29.272916666665935, -2.089583333333792 ], [ 29.260416666665861, -2.07708333333386 ] ], [ [ 28.98124999999942, -2.114583333333826 ], [ 28.98124999999942, -2.118750000000531 ], [ 28.977083333332502, -2.122916666667102 ], [ 28.977083333332502, -2.131250000000549 ], [ 28.972916666665924, -2.135416666667119 ], [ 28.972916666665924, -2.13958333333386 ] ], [ [ 29.010416666665947, -2.13958333333386 ], [ 28.972916666665924, -2.13958333333386 ] ], [ [ 29.01458333333261, -2.13958333333386 ], [ 29.010416666665947, -2.13958333333386 ] ], [ [ 29.01458333333261, -2.129166666667132 ], [ 29.01458333333261, -2.13958333333386 ] ], [ [ 29.299999999999301, -2.141666666667149 ], [ 29.293749999999307, -2.135416666667119 ], [ 29.289583333332644, -2.135416666667119 ], [ 29.285416666665981, -2.131250000000549 ], [ 29.277083333332598, -2.131250000000549 ] ], [ [ 28.864583333332575, -2.143750000000395 ], [ 28.885416666665947, -2.122916666667102 ] ], [ [ 29.010416666665947, -2.145833333333812 ], [ 29.010416666665947, -2.13958333333386 ] ], [ [ 29.033333333332649, -2.13958333333386 ], [ 29.02708333333257, -2.13958333333386 ], [ 29.022916666665992, -2.143750000000395 ], [ 29.018749999999187, -2.13958333333386 ], [ 29.01458333333261, -2.13958333333386 ] ], [ [ 29.41666666666589, -2.147916666667136 ], [ 29.422916666665969, -2.147916666667136 ], [ 29.422916666665969, -2.143750000000395 ], [ 29.427083333332632, -2.13958333333386 ], [ 29.427083333332632, -2.118750000000531 ], [ 29.422916666665969, -2.114583333333826 ], [ 29.422916666665969, -2.110416666667213 ], [ 29.406249999999261, -2.093750000000497 ], [ 29.389583333332524, -2.093750000000497 ] ], [ [ 28.833333333332632, -2.147916666667136 ], [ 28.839583333332627, -2.147916666667136 ], [ 28.843749999999261, -2.152083333333842 ], [ 28.847916666666094, -2.152083333333842 ], [ 28.852083333332672, -2.147916666667136 ], [ 28.856249999999335, -2.147916666667136 ], [ 28.860416666665913, -2.143750000000395 ], [ 28.864583333332575, -2.143750000000395 ] ], [ [ 28.90208333333257, -2.131250000000549 ], [ 28.906249999999233, -2.135416666667119 ], [ 28.906249999999233, -2.13958333333386 ], [ 28.918749999999278, -2.152083333333842 ], [ 28.918749999999278, -2.156250000000455 ], [ 28.922916666666026, -2.160416666667153 ] ], [ [ 28.933333333332598, -2.145833333333812 ], [ 28.922916666666026, -2.156250000000455 ], [ 28.922916666666026, -2.160416666667153 ] ], [ [ 28.972916666665924, -2.13958333333386 ], [ 28.972916666665924, -2.143750000000395 ], [ 28.968749999999375, -2.147916666667136 ], [ 28.968749999999375, -2.156250000000455 ], [ 28.964583333332712, -2.160416666667153 ], [ 28.964583333332712, -2.164583333333731 ] ], [ [ 28.974999999999341, -2.164583333333731 ], [ 28.964583333332712, -2.164583333333731 ] ], [ [ 29.168749999999392, -2.127083333333808 ], [ 29.168749999999392, -2.135416666667119 ], [ 29.164583333332644, -2.13958333333386 ], [ 29.164583333332644, -2.152083333333842 ], [ 29.160416666665981, -2.156250000000455 ], [ 29.160416666665981, -2.164583333333731 ] ], [ [ 29.197916666666003, -2.131250000000549 ], [ 29.197916666666003, -2.135416666667119 ], [ 29.193749999999341, -2.135416666667119 ], [ 29.164583333332644, -2.164583333333731 ], [ 29.160416666665981, -2.164583333333731 ] ], [ [ 29.352083333332615, -2.166666666667183 ], [ 29.352083333332615, -2.156250000000455 ], [ 29.347916666665952, -2.152083333333842 ], [ 29.347916666665952, -2.147916666667136 ], [ 29.343749999999375, -2.143750000000395 ], [ 29.339583333332456, -2.143750000000395 ], [ 29.322916666666003, -2.127083333333808 ], [ 29.322916666666003, -2.122916666667102 ], [ 29.314583333332592, -2.114583333333826 ], [ 29.314583333332592, -2.106250000000514 ], [ 29.31874999999917, -2.102083333333766 ], [ 29.31874999999917, -2.097916666667153 ], [ 29.322916666666003, -2.093750000000497 ] ], [ [ 29.160416666665981, -2.164583333333731 ], [ 29.156249999999318, -2.168750000000429 ] ], [ [ 28.820833333332729, -2.156250000000455 ], [ 28.827083333332553, -2.156250000000455 ], [ 28.835416666666049, -2.164583333333731 ], [ 28.839583333332627, -2.164583333333731 ], [ 28.852083333332672, -2.177083333333748 ], [ 28.856249999999335, -2.17291666666717 ], [ 28.856249999999335, -2.168750000000429 ], [ 28.864583333332575, -2.160416666667153 ], [ 28.864583333332575, -2.143750000000395 ] ], [ [ 29.320833333332587, -2.177083333333748 ], [ 29.31041666666593, -2.177083333333748 ], [ 29.306249999999295, -2.181250000000489 ], [ 29.302083333332718, -2.181250000000489 ], [ 29.297916666665884, -2.177083333333748 ], [ 29.297916666665884, -2.168750000000429 ], [ 29.281249999999261, -2.152083333333842 ], [ 29.281249999999261, -2.147916666667136 ], [ 29.277083333332598, -2.143750000000395 ], [ 29.277083333332598, -2.131250000000549 ] ], [ [ 28.783333333332735, -2.150000000000553 ], [ 28.797916666666026, -2.164583333333731 ], [ 28.797916666666026, -2.17291666666717 ], [ 28.806249999999267, -2.181250000000489 ], [ 28.810416666665844, -2.181250000000489 ], [ 28.818749999999312, -2.189583333333765 ] ], [ [ 28.787499999999369, -2.193750000000549 ], [ 28.802083333332689, -2.193750000000549 ], [ 28.806249999999267, -2.189583333333765 ], [ 28.818749999999312, -2.189583333333765 ] ], [ [ 29.277083333332598, -2.193750000000549 ], [ 29.277083333332598, -2.189583333333765 ], [ 29.281249999999261, -2.185416666667187 ], [ 29.281249999999261, -2.177083333333748 ], [ 29.247916666666072, -2.143750000000395 ], [ 29.239583333332575, -2.143750000000395 ], [ 29.235416666665913, -2.13958333333386 ], [ 29.231249999999335, -2.13958333333386 ], [ 29.22708333333253, -2.135416666667119 ], [ 29.206249999999216, -2.135416666667119 ], [ 29.202083333332581, -2.131250000000549 ], [ 29.197916666666003, -2.131250000000549 ] ], [ [ 28.922916666666026, -2.160416666667153 ], [ 28.960416666665878, -2.197916666667204 ], [ 28.964583333332712, -2.197916666667204 ] ], [ [ 28.964583333332712, -2.164583333333731 ], [ 28.964583333332712, -2.197916666667204 ] ], [ [ 28.841666666666015, -2.200000000000493 ], [ 28.847916666666094, -2.206250000000523 ], [ 28.856249999999335, -2.206250000000523 ] ], [ [ 29.285416666665981, -2.206250000000523 ], [ 29.277083333332598, -2.197916666667204 ], [ 29.277083333332598, -2.193750000000549 ] ], [ [ 29.07499999999925, -2.166666666667183 ], [ 29.081249999999386, -2.17291666666717 ], [ 29.085416666665964, -2.168750000000429 ], [ 29.089583333332541, -2.17291666666717 ], [ 29.102083333332672, -2.17291666666717 ], [ 29.135416666666032, -2.206250000000523 ], [ 29.135416666666032, -2.210416666667058 ] ], [ [ 29.156249999999318, -2.168750000000429 ], [ 29.156249999999318, -2.17291666666717 ], [ 29.152083333332513, -2.177083333333748 ], [ 29.152083333332513, -2.181250000000489 ], [ 29.147916666665935, -2.185416666667187 ], [ 29.147916666665935, -2.189583333333765 ], [ 29.143749999999272, -2.193750000000549 ], [ 29.143749999999272, -2.197916666667204 ], [ 29.13958333333261, -2.202083333333782 ], [ 29.13958333333261, -2.206250000000523 ], [ 29.135416666666032, -2.210416666667058 ] ], [ [ 29.264583333332695, -2.212500000000553 ], [ 29.264583333332695, -2.206250000000523 ], [ 29.277083333332598, -2.193750000000549 ] ], [ [ 29.295833333332723, -2.212500000000553 ], [ 29.289583333332644, -2.206250000000523 ], [ 29.285416666665981, -2.206250000000523 ] ], [ [ 28.756249999999369, -2.158333333333871 ], [ 28.756249999999369, -2.164583333333731 ], [ 28.760416666666032, -2.168750000000429 ], [ 28.760416666666032, -2.177083333333748 ], [ 28.739583333332718, -2.197916666667204 ], [ 28.739583333332718, -2.206250000000523 ], [ 28.747916666665958, -2.214583333333842 ] ], [ [ 29.218749999999289, -2.216666666667216 ], [ 29.218749999999289, -2.210416666667058 ], [ 29.210416666665964, -2.202083333333782 ], [ 29.193749999999341, -2.202083333333782 ], [ 29.160416666665981, -2.168750000000429 ], [ 29.156249999999318, -2.168750000000429 ] ], [ [ 28.737499999999301, -2.218750000000497 ], [ 28.743749999999295, -2.218750000000497 ], [ 28.747916666665958, -2.214583333333842 ] ], [ [ 28.845833333332592, -2.220833333333829 ], [ 28.856249999999335, -2.210416666667058 ], [ 28.856249999999335, -2.206250000000523 ] ], [ [ 28.964583333332712, -2.197916666667204 ], [ 28.964583333332712, -2.206250000000523 ], [ 28.968749999999375, -2.210416666667058 ], [ 28.968749999999375, -2.218750000000497 ] ], [ [ 29.004166666665952, -2.206250000000523 ], [ 28.997916666665873, -2.206250000000523 ], [ 28.985416666665998, -2.218750000000497 ], [ 28.968749999999375, -2.218750000000497 ] ], [ [ 28.818749999999312, -2.189583333333765 ], [ 28.822916666665975, -2.189583333333765 ], [ 28.827083333332553, -2.193750000000549 ], [ 28.839583333332627, -2.181250000000489 ], [ 28.843749999999261, -2.181250000000489 ], [ 28.847916666666094, -2.185416666667187 ], [ 28.856249999999335, -2.185416666667187 ], [ 28.860416666665913, -2.181250000000489 ], [ 28.877083333332621, -2.181250000000489 ], [ 28.885416666665947, -2.189583333333765 ], [ 28.885416666665947, -2.214583333333842 ], [ 28.889583333332695, -2.218750000000497 ], [ 28.889583333332695, -2.222916666667118 ] ], [ [ 28.889583333332695, -2.222916666667118 ], [ 28.893749999999244, -2.218750000000497 ], [ 28.906249999999233, -2.218750000000497 ], [ 28.910416666665981, -2.214583333333842 ], [ 28.931249999999352, -2.214583333333842 ], [ 28.93541666666593, -2.218750000000497 ], [ 28.939583333332592, -2.218750000000497 ] ], [ [ 29.112499999999329, -2.204166666667113 ], [ 29.127083333332564, -2.218750000000497 ], [ 29.127083333332564, -2.222916666667118 ] ], [ [ 29.135416666666032, -2.210416666667058 ], [ 29.135416666666032, -2.214583333333842 ], [ 29.127083333332564, -2.222916666667118 ] ], [ [ 28.856249999999335, -2.206250000000523 ], [ 28.860416666665913, -2.210416666667058 ], [ 28.864583333332575, -2.210416666667058 ], [ 28.881249999999284, -2.227083333333816 ], [ 28.885416666665947, -2.227083333333816 ] ], [ [ 28.885416666665947, -2.227083333333816 ], [ 28.889583333332695, -2.222916666667118 ] ], [ [ 28.939583333332592, -2.218750000000497 ], [ 28.947916666665975, -2.218750000000497 ], [ 28.952083333332638, -2.222916666667118 ], [ 28.956249999999216, -2.222916666667118 ], [ 28.960416666665878, -2.227083333333816 ], [ 28.968749999999375, -2.227083333333816 ] ], [ [ 28.968749999999375, -2.218750000000497 ], [ 28.968749999999375, -2.227083333333816 ] ], [ [ 28.877083333332621, -2.235416666667177 ], [ 28.885416666665947, -2.227083333333816 ] ], [ [ 29.029166666666072, -2.202083333333782 ], [ 29.022916666665992, -2.202083333333782 ], [ 29.01458333333261, -2.210416666667058 ], [ 29.01458333333261, -2.214583333333842 ], [ 29.010416666665947, -2.218750000000497 ], [ 29.010416666665947, -2.231250000000394 ], [ 29.01458333333261, -2.235416666667177 ] ], [ [ 29.049999999999358, -2.204166666667113 ], [ 29.031249999999318, -2.222916666667118 ], [ 29.031249999999318, -2.227083333333816 ], [ 29.02708333333257, -2.231250000000394 ], [ 29.018749999999187, -2.231250000000394 ], [ 29.01458333333261, -2.235416666667177 ] ], [ [ 28.747916666665958, -2.214583333333842 ], [ 28.772916666665907, -2.214583333333842 ], [ 28.781249999999318, -2.222916666667118 ], [ 28.785416666665981, -2.222916666667118 ], [ 28.78958333333253, -2.227083333333816 ], [ 28.797916666666026, -2.227083333333816 ], [ 28.806249999999267, -2.235416666667177 ], [ 28.810416666665844, -2.235416666667177 ], [ 28.814583333332649, -2.239583333333833 ], [ 28.831249999999216, -2.239583333333833 ] ], [ [ 28.831249999999216, -2.239583333333833 ], [ 28.847916666666094, -2.239583333333833 ], [ 28.852083333332672, -2.235416666667177 ], [ 28.860416666665913, -2.235416666667177 ], [ 28.864583333332575, -2.239583333333833 ], [ 28.86874999999938, -2.235416666667177 ], [ 28.877083333332621, -2.235416666667177 ] ], [ [ 29.127083333332564, -2.222916666667118 ], [ 29.127083333332564, -2.231250000000394 ], [ 29.118749999999324, -2.239583333333833 ] ], [ [ 29.320833333332587, -2.239583333333833 ], [ 29.314583333332592, -2.239583333333833 ], [ 29.302083333332718, -2.227083333333816 ], [ 29.293749999999307, -2.227083333333816 ], [ 29.285416666665981, -2.218750000000497 ], [ 29.285416666665981, -2.206250000000523 ] ], [ [ 28.877083333332621, -2.243750000000531 ], [ 28.877083333332621, -2.235416666667177 ] ], [ [ 28.877083333332621, -2.25208333333385 ], [ 28.877083333332621, -2.243750000000531 ] ], [ [ 28.897916666665907, -2.254166666667182 ], [ 28.897916666665907, -2.247916666667152 ], [ 28.885416666665947, -2.247916666667152 ], [ 28.881249999999284, -2.243750000000531 ], [ 28.877083333332621, -2.243750000000531 ] ], [ [ 28.787499999999369, -2.250000000000441 ], [ 28.793749999999363, -2.25625000000047 ], [ 28.797916666666026, -2.25208333333385 ], [ 28.806249999999267, -2.25208333333385 ], [ 28.810416666665844, -2.247916666667152 ], [ 28.827083333332553, -2.247916666667152 ], [ 28.831249999999216, -2.243750000000531 ], [ 28.831249999999216, -2.239583333333833 ] ], [ [ 28.877083333332621, -2.258333333333837 ], [ 28.877083333332621, -2.25208333333385 ] ], [ [ 29.189583333332678, -2.260416666667211 ], [ 29.181249999999267, -2.25208333333385 ], [ 29.177083333332632, -2.25208333333385 ], [ 29.172916666665969, -2.247916666667152 ], [ 29.164583333332644, -2.247916666667152 ], [ 29.160416666665981, -2.243750000000531 ], [ 29.127083333332564, -2.243750000000531 ], [ 29.122916666665986, -2.239583333333833 ], [ 29.118749999999324, -2.239583333333833 ] ], [ [ 29.204166666665998, -2.25625000000047 ], [ 29.197916666666003, -2.25625000000047 ], [ 29.193749999999341, -2.260416666667211 ], [ 29.189583333332678, -2.260416666667211 ] ], [ [ 28.822916666665975, -2.268750000000445 ], [ 28.827083333332553, -2.268750000000445 ] ], [ [ 28.968749999999375, -2.227083333333816 ], [ 28.972916666665924, -2.231250000000394 ], [ 28.972916666665924, -2.235416666667177 ], [ 28.98124999999942, -2.243750000000531 ], [ 28.98124999999942, -2.247916666667152 ], [ 28.985416666665998, -2.25208333333385 ], [ 28.985416666665998, -2.25625000000047 ], [ 28.989583333332661, -2.260416666667211 ], [ 28.989583333332661, -2.264583333333867 ], [ 28.993749999999238, -2.268750000000445 ] ], [ [ 29.01458333333261, -2.235416666667177 ], [ 29.01458333333261, -2.239583333333833 ], [ 29.006249999999284, -2.247916666667152 ], [ 29.006249999999284, -2.25208333333385 ], [ 29.002083333332706, -2.25625000000047 ], [ 29.002083333332706, -2.260416666667211 ], [ 28.993749999999238, -2.268750000000445 ] ], [ [ 28.827083333332553, -2.268750000000445 ], [ 28.831249999999216, -2.272916666667186 ], [ 28.835416666666049, -2.272916666667186 ] ], [ [ 28.835416666666049, -2.272916666667186 ], [ 28.839583333332627, -2.272916666667186 ], [ 28.852083333332672, -2.260416666667211 ], [ 28.852083333332672, -2.25208333333385 ], [ 28.856249999999335, -2.247916666667152 ], [ 28.86874999999938, -2.247916666667152 ], [ 28.872916666665958, -2.25208333333385 ], [ 28.877083333332621, -2.25208333333385 ] ], [ [ 29.222916666666038, -2.266666666667156 ], [ 29.222916666666038, -2.272916666667186 ] ], [ [ 29.118749999999324, -2.239583333333833 ], [ 29.118749999999324, -2.243750000000531 ], [ 29.114583333332746, -2.247916666667152 ], [ 29.114583333332746, -2.25208333333385 ], [ 29.110416666665913, -2.25625000000047 ], [ 29.110416666665913, -2.260416666667211 ], [ 29.10624999999925, -2.264583333333867 ], [ 29.102083333332672, -2.264583333333867 ], [ 29.089583333332541, -2.277083333333799 ] ], [ [ 29.085416666665964, -2.275000000000475 ], [ 29.085416666665964, -2.281250000000504 ] ], [ [ 29.089583333332541, -2.277083333333799 ], [ 29.085416666665964, -2.281250000000504 ] ], [ [ 29.197916666666003, -2.281250000000504 ], [ 29.193749999999341, -2.277083333333799 ], [ 29.193749999999341, -2.264583333333867 ], [ 29.189583333332678, -2.260416666667211 ] ], [ [ 29.210416666665964, -2.281250000000504 ], [ 29.206249999999216, -2.281250000000504 ], [ 29.202083333332581, -2.277083333333799 ], [ 29.197916666666003, -2.281250000000504 ] ], [ [ 29.222916666666038, -2.272916666667186 ], [ 29.218749999999289, -2.277083333333799 ], [ 29.214583333332627, -2.277083333333799 ], [ 29.210416666665964, -2.281250000000504 ] ], [ [ 28.749999999999375, -2.28541666666716 ], [ 28.760416666666032, -2.28541666666716 ], [ 28.764583333332581, -2.281250000000504 ], [ 28.768749999999244, -2.281250000000504 ], [ 28.772916666665907, -2.277083333333799 ], [ 28.777083333332655, -2.277083333333799 ], [ 28.781249999999318, -2.272916666667186 ], [ 28.802083333332689, -2.272916666667186 ], [ 28.806249999999267, -2.277083333333799 ], [ 28.810416666665844, -2.277083333333799 ], [ 28.818749999999312, -2.268750000000445 ], [ 28.822916666665975, -2.272916666667186 ], [ 28.827083333332553, -2.268750000000445 ] ], [ [ 29.085416666665964, -2.281250000000504 ], [ 29.081249999999386, -2.281250000000504 ], [ 29.077083333332638, -2.28541666666716 ], [ 29.047916666665969, -2.28541666666716 ] ], [ [ 29.281249999999261, -2.28541666666716 ], [ 29.272916666665935, -2.28541666666716 ], [ 29.268749999999358, -2.281250000000504 ], [ 29.264583333332695, -2.281250000000504 ], [ 29.260416666665861, -2.277083333333799 ], [ 29.231249999999335, -2.277083333333799 ], [ 29.22708333333253, -2.272916666667186 ], [ 29.222916666666038, -2.272916666667186 ] ], [ [ 28.820833333332729, -2.283333333333751 ], [ 28.827083333332553, -2.289583333333781 ], [ 28.831249999999216, -2.289583333333781 ], [ 28.831249999999216, -2.281250000000504 ], [ 28.835416666666049, -2.277083333333799 ], [ 28.835416666666049, -2.272916666667186 ] ], [ [ 29.135416666666032, -2.289583333333781 ], [ 29.131249999999199, -2.289583333333781 ], [ 29.127083333332564, -2.28541666666716 ], [ 29.114583333332746, -2.28541666666716 ], [ 29.110416666665913, -2.281250000000504 ], [ 29.097916666666038, -2.281250000000504 ], [ 29.093749999999204, -2.277083333333799 ], [ 29.089583333332541, -2.277083333333799 ] ], [ [ 29.149999999999352, -2.283333333333751 ], [ 29.143749999999272, -2.277083333333799 ], [ 29.13958333333261, -2.281250000000504 ], [ 29.13958333333261, -2.28541666666716 ], [ 29.135416666666032, -2.289583333333781 ] ], [ [ 29.281249999999261, -2.29166666666719 ], [ 29.281249999999261, -2.28541666666716 ] ], [ [ 29.135416666666032, -2.293750000000479 ], [ 29.135416666666032, -2.289583333333781 ] ], [ [ 28.849999999999341, -2.289583333333781 ], [ 28.881249999999284, -2.289583333333781 ], [ 28.885416666665947, -2.293750000000479 ], [ 28.893749999999244, -2.293750000000479 ], [ 28.897916666665907, -2.289583333333781 ], [ 28.906249999999233, -2.289583333333781 ], [ 28.910416666665981, -2.293750000000479 ], [ 28.914583333332644, -2.293750000000479 ], [ 28.918749999999278, -2.297916666667092 ] ], [ [ 28.918749999999278, -2.297916666667092 ], [ 28.922916666666026, -2.293750000000479 ], [ 28.922916666666026, -2.289583333333781 ], [ 28.931249999999352, -2.281250000000504 ], [ 28.931249999999352, -2.264583333333867 ], [ 28.93541666666593, -2.260416666667211 ], [ 28.93541666666593, -2.243750000000531 ], [ 28.939583333332592, -2.239583333333833 ], [ 28.939583333332592, -2.218750000000497 ] ], [ [ 29.143749999999272, -2.30208333333384 ], [ 29.135416666666032, -2.293750000000479 ] ], [ [ 29.204166666665998, -2.304166666667079 ], [ 29.197916666666003, -2.297916666667092 ], [ 29.197916666666003, -2.281250000000504 ] ], [ [ 29.060416666666015, -2.306250000000539 ], [ 29.056249999999352, -2.30208333333384 ], [ 29.056249999999352, -2.297916666667092 ], [ 29.047916666665969, -2.289583333333781 ], [ 29.047916666665969, -2.28541666666716 ] ], [ [ 28.993749999999238, -2.268750000000445 ], [ 28.993749999999238, -2.277083333333799 ], [ 28.997916666665873, -2.281250000000504 ], [ 28.997916666665873, -2.314583333333815 ] ], [ [ 29.047916666665969, -2.28541666666716 ], [ 29.035416666666066, -2.28541666666716 ], [ 29.031249999999318, -2.289583333333781 ], [ 29.022916666665992, -2.289583333333781 ], [ 28.997916666665873, -2.314583333333815 ] ], [ [ 29.079166666665884, -2.316666666667103 ], [ 29.068749999999255, -2.306250000000539 ], [ 29.060416666666015, -2.306250000000539 ] ], [ [ 29.239583333332575, -2.320833333333844 ], [ 29.239583333332575, -2.310416666667194 ], [ 29.243749999999409, -2.306250000000539 ], [ 29.243749999999409, -2.297916666667092 ], [ 29.235416666665913, -2.289583333333781 ], [ 29.22708333333253, -2.289583333333781 ], [ 29.222916666666038, -2.28541666666716 ], [ 29.214583333332627, -2.28541666666716 ], [ 29.210416666665964, -2.281250000000504 ] ], [ [ 29.335416666665907, -2.32916666666712 ], [ 29.335416666665907, -2.322916666667126 ], [ 29.31041666666593, -2.297916666667092 ], [ 29.31041666666593, -2.293750000000479 ], [ 29.302083333332718, -2.28541666666716 ], [ 29.281249999999261, -2.28541666666716 ] ], [ [ 28.874999999999204, -2.333333333333819 ], [ 28.881249999999284, -2.327083333333874 ], [ 28.889583333332695, -2.327083333333874 ], [ 28.893749999999244, -2.322916666667126 ], [ 28.906249999999233, -2.322916666667126 ], [ 28.914583333332644, -2.314583333333815 ], [ 28.914583333332644, -2.310416666667194 ], [ 28.918749999999278, -2.306250000000539 ], [ 28.918749999999278, -2.297916666667092 ] ], [ [ 28.791666666665947, -2.320833333333844 ], [ 28.802083333332689, -2.33125000000053 ], [ 28.806249999999267, -2.33125000000053 ], [ 28.810416666665844, -2.335416666667108 ] ], [ [ 28.791666666665947, -2.304166666667079 ], [ 28.797916666666026, -2.310416666667194 ], [ 28.802083333332689, -2.310416666667194 ], [ 28.810416666665844, -2.318750000000513 ], [ 28.810416666665844, -2.335416666667108 ] ], [ [ 29.179166666665878, -2.33750000000056 ], [ 29.172916666665969, -2.33125000000053 ], [ 29.168749999999392, -2.33125000000053 ], [ 29.164583333332644, -2.327083333333874 ], [ 29.164583333332644, -2.322916666667126 ], [ 29.152083333332513, -2.310416666667194 ], [ 29.152083333332513, -2.306250000000539 ], [ 29.147916666665935, -2.30208333333384 ], [ 29.143749999999272, -2.30208333333384 ] ], [ [ 28.783333333332735, -2.33750000000056 ], [ 28.78958333333253, -2.343750000000462 ], [ 28.78958333333253, -2.347916666667167 ], [ 28.793749999999363, -2.352083333333823 ], [ 28.802083333332689, -2.352083333333823 ] ], [ [ 28.810416666665844, -2.335416666667108 ], [ 28.810416666665844, -2.347916666667167 ], [ 28.806249999999267, -2.352083333333823 ], [ 28.802083333332689, -2.352083333333823 ] ], [ [ 28.997916666665873, -2.314583333333815 ], [ 28.993749999999238, -2.318750000000513 ], [ 28.993749999999238, -2.322916666667126 ], [ 28.985416666665998, -2.33125000000053 ], [ 28.985416666665998, -2.335416666667108 ], [ 28.972916666665924, -2.347916666667167 ], [ 28.972916666665924, -2.352083333333823 ], [ 28.968749999999375, -2.356250000000436 ] ], [ [ 29.064583333332678, -2.356250000000436 ], [ 29.064583333332678, -2.352083333333823 ], [ 29.060416666666015, -2.347916666667167 ], [ 29.060416666666015, -2.306250000000539 ] ], [ [ 29.147916666665935, -2.356250000000436 ], [ 29.147916666665935, -2.352083333333823 ], [ 29.13958333333261, -2.343750000000462 ], [ 29.13958333333261, -2.339583333333849 ], [ 29.143749999999272, -2.335416666667108 ], [ 29.143749999999272, -2.30208333333384 ] ], [ [ 29.037499999999312, -2.362500000000466 ], [ 29.043749999999307, -2.356250000000436 ], [ 29.064583333332678, -2.356250000000436 ] ], [ [ 28.802083333332689, -2.352083333333823 ], [ 28.802083333332689, -2.356250000000436 ], [ 28.806249999999267, -2.360416666667142 ], [ 28.806249999999267, -2.364583333333755 ] ], [ [ 28.745833333332712, -2.343750000000462 ], [ 28.756249999999369, -2.343750000000462 ], [ 28.760416666666032, -2.347916666667167 ], [ 28.777083333332655, -2.347916666667167 ], [ 28.785416666665981, -2.356250000000436 ], [ 28.78958333333253, -2.356250000000436 ], [ 28.797916666666026, -2.364583333333755 ], [ 28.797916666666026, -2.368750000000496 ], [ 28.802083333332689, -2.368750000000496 ], [ 28.806249999999267, -2.364583333333755 ] ], [ [ 28.968749999999375, -2.356250000000436 ], [ 28.952083333332638, -2.372916666667201 ], [ 28.952083333332638, -2.377083333333857 ] ], [ [ 28.989583333332661, -2.377083333333857 ], [ 28.968749999999375, -2.356250000000436 ] ], [ [ 29.004166666665952, -2.372916666667201 ], [ 28.997916666665873, -2.372916666667201 ], [ 28.993749999999238, -2.377083333333857 ], [ 28.989583333332661, -2.377083333333857 ] ], [ [ 28.806249999999267, -2.364583333333755 ], [ 28.810416666665844, -2.364583333333755 ], [ 28.814583333332649, -2.368750000000496 ], [ 28.822916666665975, -2.368750000000496 ], [ 28.831249999999216, -2.377083333333857 ], [ 28.831249999999216, -2.381250000000477 ] ], [ [ 28.831249999999216, -2.381250000000477 ], [ 28.835416666666049, -2.385416666667176 ], [ 28.839583333332627, -2.385416666667176 ], [ 28.847916666666094, -2.39375000000053 ] ], [ [ 28.845833333332592, -2.379166666667189 ], [ 28.852083333332672, -2.385416666667176 ], [ 28.852083333332672, -2.389583333333789 ], [ 28.847916666666094, -2.39375000000053 ] ], [ [ 29.124999999999318, -2.395833333333819 ], [ 29.131249999999199, -2.389583333333789 ], [ 29.131249999999199, -2.385416666667176 ], [ 29.13958333333261, -2.377083333333857 ], [ 29.143749999999272, -2.377083333333857 ], [ 29.147916666665935, -2.372916666667201 ], [ 29.147916666665935, -2.356250000000436 ] ], [ [ 29.316666666666009, -2.352083333333823 ], [ 29.31041666666593, -2.352083333333823 ], [ 29.306249999999295, -2.347916666667167 ], [ 29.297916666665884, -2.356250000000436 ], [ 29.289583333332644, -2.356250000000436 ], [ 29.285416666665981, -2.360416666667142 ], [ 29.277083333332598, -2.352083333333823 ], [ 29.272916666665935, -2.352083333333823 ], [ 29.268749999999358, -2.356250000000436 ], [ 29.260416666665861, -2.356250000000436 ], [ 29.256249999999227, -2.352083333333823 ], [ 29.247916666666072, -2.360416666667142 ], [ 29.239583333332575, -2.360416666667142 ], [ 29.235416666665913, -2.356250000000436 ], [ 29.222916666666038, -2.356250000000436 ], [ 29.218749999999289, -2.360416666667142 ], [ 29.218749999999289, -2.364583333333755 ], [ 29.22708333333253, -2.372916666667201 ], [ 29.22708333333253, -2.385416666667176 ], [ 29.222916666666038, -2.389583333333789 ], [ 29.222916666666038, -2.39375000000053 ] ], [ [ 28.708333333332689, -2.397916666667193 ], [ 28.714583333332769, -2.397916666667193 ] ], [ [ 28.714583333332769, -2.397916666667193 ], [ 28.722916666666009, -2.397916666667193 ] ], [ [ 28.722916666666009, -2.397916666667193 ], [ 28.722916666666009, -2.39375000000053 ], [ 28.727083333332587, -2.389583333333789 ], [ 28.73124999999925, -2.389583333333789 ], [ 28.735416666666055, -2.385416666667176 ], [ 28.743749999999295, -2.385416666667176 ], [ 28.747916666665958, -2.381250000000477 ], [ 28.764583333332581, -2.381250000000477 ], [ 28.768749999999244, -2.385416666667176 ], [ 28.772916666665907, -2.385416666667176 ], [ 28.777083333332655, -2.389583333333789 ], [ 28.781249999999318, -2.385416666667176 ], [ 28.78958333333253, -2.385416666667176 ], [ 28.793749999999363, -2.381250000000477 ], [ 28.797916666666026, -2.385416666667176 ], [ 28.802083333332689, -2.385416666667176 ], [ 28.810416666665844, -2.377083333333857 ], [ 28.814583333332649, -2.377083333333857 ], [ 28.822916666665975, -2.385416666667176 ], [ 28.827083333332553, -2.381250000000477 ], [ 28.831249999999216, -2.381250000000477 ] ], [ [ 29.172916666665969, -2.397916666667193 ], [ 29.177083333332632, -2.39375000000053 ], [ 29.168749999999392, -2.385416666667176 ], [ 29.168749999999392, -2.377083333333857 ], [ 29.160416666665981, -2.368750000000496 ], [ 29.160416666665981, -2.364583333333755 ], [ 29.156249999999318, -2.360416666667142 ], [ 29.152083333332513, -2.360416666667142 ], [ 29.147916666665935, -2.356250000000436 ] ], [ [ 29.268749999999358, -2.397916666667193 ], [ 29.264583333332695, -2.397916666667193 ], [ 29.260416666665861, -2.39375000000053 ], [ 29.252083333332649, -2.39375000000053 ], [ 29.247916666666072, -2.389583333333789 ], [ 29.239583333332575, -2.389583333333789 ], [ 29.231249999999335, -2.397916666667193 ], [ 29.22708333333253, -2.397916666667193 ], [ 29.222916666666038, -2.39375000000053 ] ], [ [ 29.274999999999352, -2.391666666667035 ], [ 29.268749999999358, -2.397916666667193 ] ], [ [ 28.722916666666009, -2.404166666667223 ], [ 28.722916666666009, -2.397916666667193 ] ], [ [ 28.847916666666094, -2.39375000000053 ], [ 28.852083333332672, -2.397916666667193 ], [ 28.852083333332672, -2.402083333333763 ] ], [ [ 29.189583333332678, -2.406250000000512 ], [ 29.18541666666593, -2.406250000000512 ], [ 29.181249999999267, -2.402083333333763 ], [ 29.177083333332632, -2.402083333333763 ], [ 29.172916666665969, -2.397916666667193 ] ], [ [ 29.222916666666038, -2.39375000000053 ], [ 29.218749999999289, -2.39375000000053 ], [ 29.210416666665964, -2.402083333333763 ], [ 29.193749999999341, -2.402083333333763 ], [ 29.189583333332678, -2.406250000000512 ] ], [ [ 29.170833333332638, -2.412500000000541 ], [ 29.164583333332644, -2.406250000000512 ], [ 29.172916666665969, -2.397916666667193 ] ], [ [ 29.295833333332723, -2.410416666667125 ], [ 29.277083333332598, -2.410416666667125 ], [ 29.272916666665935, -2.406250000000512 ], [ 29.272916666665935, -2.402083333333763 ], [ 29.268749999999358, -2.397916666667193 ] ], [ [ 28.852083333332672, -2.402083333333763 ], [ 28.856249999999335, -2.406250000000512 ], [ 28.856249999999335, -2.414583333333823 ] ], [ [ 28.770833333332661, -2.418750000000486 ], [ 28.777083333332655, -2.418750000000486 ], [ 28.781249999999318, -2.414583333333823 ], [ 28.78958333333253, -2.414583333333823 ], [ 28.797916666666026, -2.406250000000512 ], [ 28.802083333332689, -2.410416666667125 ], [ 28.810416666665844, -2.410416666667125 ], [ 28.814583333332649, -2.406250000000512 ], [ 28.818749999999312, -2.410416666667125 ], [ 28.827083333332553, -2.410416666667125 ], [ 28.831249999999216, -2.414583333333823 ], [ 28.835416666666049, -2.414583333333823 ], [ 28.839583333332627, -2.410416666667125 ], [ 28.847916666666094, -2.410416666667125 ], [ 28.852083333332672, -2.406250000000512 ], [ 28.852083333332672, -2.402083333333763 ] ], [ [ 28.856249999999335, -2.414583333333823 ], [ 28.860416666665913, -2.418750000000486 ] ], [ [ 28.924999999999272, -2.341666666667138 ], [ 28.918749999999278, -2.347916666667167 ], [ 28.914583333332644, -2.347916666667167 ], [ 28.906249999999233, -2.356250000000436 ], [ 28.90208333333257, -2.356250000000436 ], [ 28.885416666665947, -2.372916666667201 ], [ 28.885416666665947, -2.377083333333857 ], [ 28.877083333332621, -2.385416666667176 ], [ 28.877083333332621, -2.389583333333789 ], [ 28.872916666665958, -2.39375000000053 ], [ 28.872916666665958, -2.397916666667193 ], [ 28.86874999999938, -2.402083333333763 ], [ 28.86874999999938, -2.406250000000512 ], [ 28.864583333332575, -2.410416666667125 ], [ 28.864583333332575, -2.414583333333823 ], [ 28.860416666665913, -2.418750000000486 ] ], [ [ 29.047916666665969, -2.418750000000486 ], [ 29.047916666665969, -2.397916666667193 ], [ 29.052083333332604, -2.39375000000053 ], [ 29.052083333332604, -2.389583333333789 ], [ 29.060416666666015, -2.381250000000477 ], [ 29.060416666666015, -2.377083333333857 ], [ 29.064583333332678, -2.372916666667201 ], [ 29.064583333332678, -2.356250000000436 ] ], [ [ 28.952083333332638, -2.422916666667099 ], [ 28.960416666665878, -2.414583333333823 ], [ 28.964583333332712, -2.414583333333823 ], [ 28.968749999999375, -2.410416666667125 ], [ 28.968749999999375, -2.389583333333789 ], [ 28.956249999999216, -2.377083333333857 ], [ 28.952083333332638, -2.377083333333857 ] ], [ [ 28.79583333333261, -2.427083333333798 ], [ 28.806249999999267, -2.427083333333798 ], [ 28.810416666665844, -2.422916666667099 ], [ 28.831249999999216, -2.422916666667099 ], [ 28.835416666666049, -2.418750000000486 ], [ 28.856249999999335, -2.418750000000486 ], [ 28.856249999999335, -2.414583333333823 ] ], [ [ 28.860416666665913, -2.418750000000486 ], [ 28.860416666665913, -2.431250000000546 ] ], [ [ 28.98124999999942, -2.433333333333827 ], [ 28.98124999999942, -2.427083333333798 ], [ 28.985416666665998, -2.422916666667099 ], [ 28.985416666665998, -2.402083333333763 ], [ 28.993749999999238, -2.39375000000053 ], [ 28.993749999999238, -2.381250000000477 ], [ 28.989583333332661, -2.377083333333857 ] ], [ [ 29.031249999999318, -2.431250000000546 ], [ 29.035416666666066, -2.427083333333798 ], [ 29.039583333332729, -2.427083333333798 ], [ 29.047916666665969, -2.418750000000486 ] ], [ [ 29.197916666666003, -2.435416666667159 ], [ 29.193749999999341, -2.431250000000546 ], [ 29.193749999999341, -2.427083333333798 ], [ 29.197916666666003, -2.422916666667099 ], [ 29.197916666666003, -2.414583333333823 ], [ 29.189583333332678, -2.406250000000512 ] ], [ [ 28.952083333332638, -2.441666666667189 ], [ 28.952083333332638, -2.422916666667099 ] ], [ [ 29.060416666666015, -2.454166666667163 ], [ 29.060416666666015, -2.447916666667133 ], [ 29.056249999999352, -2.443750000000435 ], [ 29.060416666666015, -2.439583333333857 ], [ 29.060416666666015, -2.431250000000546 ], [ 29.056249999999352, -2.427083333333798 ], [ 29.052083333332604, -2.427083333333798 ], [ 29.047916666665969, -2.422916666667099 ], [ 29.047916666665969, -2.418750000000486 ] ], [ [ 29.216666666666043, -2.454166666667163 ], [ 29.197916666666003, -2.435416666667159 ] ], [ [ 29.189583333332678, -2.458333333333783 ], [ 29.189583333332678, -2.447916666667133 ], [ 29.197916666666003, -2.439583333333857 ], [ 29.197916666666003, -2.435416666667159 ] ], [ [ 28.833333333332632, -2.460416666667193 ], [ 28.864583333332575, -2.460416666667193 ] ], [ [ 28.860416666665913, -2.431250000000546 ], [ 28.860416666665913, -2.435416666667159 ], [ 28.864583333332575, -2.439583333333857 ], [ 28.864583333332575, -2.460416666667193 ] ], [ [ 29.037499999999312, -2.466666666667138 ], [ 29.043749999999307, -2.460416666667193 ], [ 29.043749999999307, -2.452083333333839 ], [ 29.039583333332729, -2.447916666667133 ], [ 29.039583333332729, -2.439583333333857 ], [ 29.031249999999318, -2.431250000000546 ] ], [ [ 28.843749999999261, -2.468750000000469 ], [ 28.860416666665913, -2.468750000000469 ], [ 28.864583333332575, -2.464583333333728 ], [ 28.864583333332575, -2.460416666667193 ] ], [ [ 28.864583333332575, -2.460416666667193 ], [ 28.872916666665958, -2.468750000000469 ] ], [ [ 28.983333333332666, -2.468750000000469 ], [ 28.989583333332661, -2.468750000000469 ], [ 28.993749999999238, -2.464583333333728 ], [ 28.997916666665873, -2.464583333333728 ], [ 29.002083333332706, -2.468750000000469 ], [ 29.006249999999284, -2.468750000000469 ], [ 29.010416666665947, -2.464583333333728 ], [ 29.010416666665947, -2.460416666667193 ], [ 29.01458333333261, -2.456250000000452 ], [ 29.01458333333261, -2.452083333333839 ], [ 29.022916666665992, -2.443750000000435 ], [ 29.022916666665992, -2.439583333333857 ], [ 29.031249999999318, -2.431250000000546 ] ], [ [ 29.137499999999193, -2.470833333333886 ], [ 29.127083333332564, -2.460416666667193 ], [ 29.122916666665986, -2.460416666667193 ], [ 29.118749999999324, -2.456250000000452 ], [ 29.118749999999324, -2.452083333333839 ], [ 29.110416666665913, -2.443750000000435 ], [ 29.110416666665913, -2.435416666667159 ], [ 29.102083333332672, -2.427083333333798 ], [ 29.102083333332672, -2.418750000000486 ], [ 29.097916666666038, -2.414583333333823 ], [ 29.097916666666038, -2.406250000000512 ], [ 29.089583333332541, -2.397916666667193 ], [ 29.089583333332541, -2.389583333333789 ], [ 29.097916666666038, -2.381250000000477 ], [ 29.097916666666038, -2.368750000000496 ], [ 29.102083333332672, -2.368750000000496 ], [ 29.110416666665913, -2.360416666667142 ], [ 29.110416666665913, -2.356250000000436 ], [ 29.114583333332746, -2.352083333333823 ], [ 29.114583333332746, -2.347916666667167 ], [ 29.118749999999324, -2.343750000000462 ], [ 29.118749999999324, -2.33125000000053 ], [ 29.122916666665986, -2.327083333333874 ], [ 29.122916666665986, -2.322916666667126 ], [ 29.131249999999199, -2.314583333333815 ], [ 29.131249999999199, -2.297916666667092 ], [ 29.135416666666032, -2.293750000000479 ] ], [ [ 28.824999999999307, -2.472916666667167 ], [ 28.831249999999216, -2.472916666667167 ], [ 28.835416666666049, -2.468750000000469 ], [ 28.843749999999261, -2.468750000000469 ] ], [ [ 28.872916666665958, -2.468750000000469 ], [ 28.877083333332621, -2.468750000000469 ], [ 28.881249999999284, -2.472916666667167 ], [ 28.889583333332695, -2.472916666667167 ] ], [ [ 28.952083333332638, -2.377083333333857 ], [ 28.93541666666593, -2.39375000000053 ], [ 28.927083333332689, -2.39375000000053 ], [ 28.918749999999278, -2.402083333333763 ], [ 28.914583333332644, -2.402083333333763 ], [ 28.90208333333257, -2.414583333333823 ], [ 28.90208333333257, -2.418750000000486 ], [ 28.897916666665907, -2.422916666667099 ], [ 28.897916666665907, -2.431250000000546 ], [ 28.893749999999244, -2.435416666667159 ], [ 28.893749999999244, -2.447916666667133 ], [ 28.889583333332695, -2.452083333333839 ], [ 28.889583333332695, -2.472916666667167 ] ], [ [ 28.677083333332519, -2.477083333333788 ], [ 28.677083333332519, -2.447916666667133 ], [ 28.685416666665986, -2.439583333333857 ], [ 28.685416666665986, -2.431250000000546 ], [ 28.689583333332649, -2.427083333333798 ], [ 28.689583333332649, -2.422916666667099 ], [ 28.693749999999227, -2.418750000000486 ], [ 28.693749999999227, -2.414583333333823 ], [ 28.706249999999301, -2.402083333333763 ], [ 28.710416666665935, -2.402083333333763 ], [ 28.714583333332769, -2.397916666667193 ] ], [ [ 28.687499999999233, -2.477083333333788 ], [ 28.677083333332519, -2.477083333333788 ] ], [ [ 28.733333333332666, -2.460416666667193 ], [ 28.739583333332718, -2.460416666667193 ], [ 28.756249999999369, -2.477083333333788 ], [ 28.760416666666032, -2.472916666667167 ], [ 28.764583333332581, -2.477083333333788 ], [ 28.768749999999244, -2.477083333333788 ] ], [ [ 28.768749999999244, -2.477083333333788 ], [ 28.772916666665907, -2.472916666667167 ], [ 28.772916666665907, -2.464583333333728 ], [ 28.777083333332655, -2.460416666667193 ], [ 28.777083333332655, -2.456250000000452 ], [ 28.781249999999318, -2.452083333333839 ], [ 28.797916666666026, -2.452083333333839 ], [ 28.802083333332689, -2.447916666667133 ], [ 28.806249999999267, -2.447916666667133 ], [ 28.818749999999312, -2.435416666667159 ], [ 28.831249999999216, -2.435416666667159 ], [ 28.835416666666049, -2.431250000000546 ], [ 28.860416666665913, -2.431250000000546 ] ], [ [ 28.922916666666026, -2.483333333333817 ], [ 28.922916666666026, -2.460416666667193 ], [ 28.927083333332689, -2.456250000000452 ], [ 28.927083333332689, -2.452083333333839 ], [ 28.931249999999352, -2.447916666667133 ], [ 28.931249999999352, -2.439583333333857 ], [ 28.93541666666593, -2.435416666667159 ], [ 28.93541666666593, -2.431250000000546 ], [ 28.939583333332592, -2.427083333333798 ], [ 28.943749999999312, -2.427083333333798 ], [ 28.947916666665975, -2.422916666667099 ], [ 28.952083333332638, -2.422916666667099 ] ], [ [ 28.843749999999261, -2.487500000000516 ], [ 28.843749999999261, -2.468750000000469 ] ], [ [ 28.854166666665918, -2.487500000000516 ], [ 28.860416666665913, -2.481250000000486 ], [ 28.864583333332575, -2.481250000000486 ], [ 28.872916666665958, -2.472916666667167 ], [ 28.872916666665958, -2.468750000000469 ] ], [ [ 28.889583333332695, -2.472916666667167 ], [ 28.889583333332695, -2.481250000000486 ], [ 28.893749999999244, -2.485416666667064 ], [ 28.893749999999244, -2.493750000000546 ] ], [ [ 28.756249999999369, -2.491666666667172 ], [ 28.756249999999369, -2.497916666667081 ], [ 28.768749999999244, -2.497916666667081 ] ], [ [ 28.768749999999244, -2.497916666667081 ], [ 28.768749999999244, -2.493750000000546 ], [ 28.764583333332581, -2.489583333333762 ], [ 28.768749999999244, -2.485416666667064 ], [ 28.768749999999244, -2.477083333333788 ] ], [ [ 28.649999999999238, -2.504166666667111 ], [ 28.660416666666038, -2.493750000000546 ], [ 28.6645833333327, -2.493750000000546 ], [ 28.677083333332519, -2.481250000000486 ], [ 28.677083333332519, -2.477083333333788 ] ], [ [ 29.266666666665941, -2.479166666667197 ], [ 29.277083333332598, -2.489583333333762 ], [ 29.272916666665935, -2.493750000000546 ], [ 29.277083333332598, -2.497916666667081 ], [ 29.272916666665935, -2.502083333333822 ] ], [ [ 28.777083333332655, -2.516666666667085 ], [ 28.777083333332655, -2.510416666667098 ], [ 28.768749999999244, -2.502083333333822 ], [ 28.768749999999244, -2.497916666667081 ] ], [ [ 29.235416666665913, -2.50000000000049 ], [ 29.235416666665913, -2.50625000000052 ], [ 29.231249999999335, -2.510416666667098 ], [ 29.231249999999335, -2.514583333333839 ] ], [ [ 29.189583333332678, -2.504166666667111 ], [ 29.189583333332678, -2.514583333333839 ], [ 29.193749999999341, -2.518750000000495 ], [ 29.210416666665964, -2.518750000000495 ], [ 29.222916666666038, -2.50625000000052 ], [ 29.231249999999335, -2.514583333333839 ] ], [ [ 28.916666666666032, -2.531250000000391 ], [ 28.897916666665907, -2.531250000000391 ], [ 28.897916666665907, -2.518750000000495 ], [ 28.90208333333257, -2.514583333333839 ], [ 28.906249999999233, -2.514583333333839 ], [ 28.906249999999233, -2.50625000000052 ], [ 28.90208333333257, -2.502083333333822 ], [ 28.90208333333257, -2.497916666667081 ], [ 28.897916666665907, -2.493750000000546 ], [ 28.893749999999244, -2.493750000000546 ] ], [ [ 29.231249999999335, -2.514583333333839 ], [ 29.231249999999335, -2.531250000000391 ], [ 29.239583333332575, -2.53958333333383 ] ], [ [ 29.272916666665935, -2.502083333333822 ], [ 29.268749999999358, -2.502083333333822 ], [ 29.260416666665861, -2.510416666667098 ], [ 29.256249999999227, -2.510416666667098 ], [ 29.256249999999227, -2.527083333333856 ], [ 29.252083333332649, -2.531250000000391 ], [ 29.252083333332649, -2.535416666667174 ], [ 29.247916666666072, -2.53958333333383 ], [ 29.239583333332575, -2.53958333333383 ] ], [ [ 29.006249999999284, -2.516666666667085 ], [ 29.006249999999284, -2.522916666667115 ], [ 29.018749999999187, -2.535416666667174 ], [ 29.02708333333257, -2.535416666667174 ], [ 29.035416666666066, -2.54375000000045 ] ], [ [ 29.037499999999312, -2.508333333333852 ], [ 29.047916666665969, -2.518750000000495 ], [ 29.047916666665969, -2.527083333333856 ], [ 29.039583333332729, -2.535416666667174 ], [ 29.039583333332729, -2.53958333333383 ], [ 29.035416666666066, -2.54375000000045 ] ], [ [ 29.020833333332604, -2.554166666667179 ], [ 29.02708333333257, -2.560416666667166 ], [ 29.035416666666066, -2.560416666667166 ] ], [ [ 29.035416666666066, -2.54375000000045 ], [ 29.035416666666066, -2.560416666667166 ] ], [ [ 29.322916666666003, -2.562500000000455 ], [ 29.322916666666003, -2.556250000000468 ], [ 29.31874999999917, -2.552083333333719 ], [ 29.31874999999917, -2.547916666667149 ], [ 29.289583333332644, -2.518750000000495 ], [ 29.289583333332644, -2.514583333333839 ], [ 29.281249999999261, -2.50625000000052 ], [ 29.277083333332598, -2.50625000000052 ], [ 29.272916666665935, -2.502083333333822 ] ], [ [ 29.035416666666066, -2.560416666667166 ], [ 29.035416666666066, -2.564583333333864 ], [ 29.039583333332729, -2.568750000000485 ] ], [ [ 29.124999999999318, -2.50000000000049 ], [ 29.110416666665913, -2.514583333333839 ], [ 29.10624999999925, -2.514583333333839 ], [ 29.102083333332672, -2.518750000000495 ], [ 29.081249999999386, -2.518750000000495 ], [ 29.072916666665918, -2.527083333333856 ], [ 29.072916666665918, -2.531250000000391 ], [ 29.068749999999255, -2.531250000000391 ], [ 29.064583333332678, -2.535416666667174 ], [ 29.060416666666015, -2.535416666667174 ], [ 29.056249999999352, -2.53958333333383 ], [ 29.052083333332604, -2.53958333333383 ], [ 29.047916666665969, -2.54375000000045 ], [ 29.043749999999307, -2.54375000000045 ], [ 29.043749999999307, -2.560416666667166 ], [ 29.039583333332729, -2.564583333333864 ], [ 29.039583333332729, -2.568750000000485 ] ], [ [ 29.154166666665901, -2.533333333333886 ], [ 29.177083333332632, -2.556250000000468 ], [ 29.181249999999267, -2.556250000000468 ], [ 29.18541666666593, -2.560416666667166 ], [ 29.18541666666593, -2.568750000000485 ] ], [ [ 29.239583333332575, -2.53958333333383 ], [ 29.239583333332575, -2.547916666667149 ], [ 29.22708333333253, -2.560416666667166 ], [ 29.22708333333253, -2.568750000000485 ] ], [ [ 29.22708333333253, -2.568750000000485 ], [ 29.206249999999216, -2.568750000000485 ], [ 29.202083333332581, -2.572916666667183 ], [ 29.197916666666003, -2.572916666667183 ], [ 29.193749999999341, -2.568750000000485 ], [ 29.18541666666593, -2.568750000000485 ] ], [ [ 29.270833333332519, -2.560416666667166 ], [ 29.264583333332695, -2.560416666667166 ], [ 29.260416666665861, -2.564583333333864 ], [ 29.256249999999227, -2.564583333333864 ], [ 29.247916666666072, -2.572916666667183 ], [ 29.235416666665913, -2.572916666667183 ], [ 29.231249999999335, -2.568750000000485 ], [ 29.22708333333253, -2.568750000000485 ] ], [ [ 28.893749999999244, -2.493750000000546 ], [ 28.889583333332695, -2.497916666667081 ], [ 28.889583333332695, -2.502083333333822 ], [ 28.885416666665947, -2.50625000000052 ], [ 28.881249999999284, -2.50625000000052 ], [ 28.877083333332621, -2.510416666667098 ], [ 28.872916666665958, -2.510416666667098 ], [ 28.864583333332575, -2.518750000000495 ], [ 28.864583333332575, -2.522916666667115 ], [ 28.860416666665913, -2.527083333333856 ], [ 28.860416666665913, -2.531250000000391 ], [ 28.881249999999284, -2.552083333333719 ], [ 28.885416666665947, -2.552083333333719 ], [ 28.893749999999244, -2.560416666667166 ], [ 28.893749999999244, -2.568750000000485 ], [ 28.897916666665907, -2.572916666667183 ], [ 28.897916666665907, -2.577083333333796 ] ], [ [ 28.904166666665986, -2.577083333333796 ], [ 28.897916666665907, -2.577083333333796 ] ], [ [ 29.093749999999204, -2.55000000000048 ], [ 29.093749999999204, -2.5854166666672 ], [ 29.085416666665964, -2.593750000000519 ] ], [ [ 29.10624999999925, -2.587500000000489 ], [ 29.10624999999925, -2.593750000000519 ] ], [ [ 29.141666666666026, -2.562500000000455 ], [ 29.147916666665935, -2.568750000000485 ], [ 29.13958333333261, -2.577083333333796 ], [ 29.143749999999272, -2.581250000000502 ], [ 29.143749999999272, -2.5854166666672 ], [ 29.147916666665935, -2.589583333333778 ], [ 29.147916666665935, -2.593750000000519 ] ], [ [ 28.849999999999341, -2.570833333333773 ], [ 28.860416666665913, -2.581250000000502 ], [ 28.860416666665913, -2.589583333333778 ], [ 28.864583333332575, -2.593750000000519 ], [ 28.86874999999938, -2.593750000000519 ], [ 28.872916666665958, -2.597916666667089 ], [ 28.877083333332621, -2.597916666667089 ], [ 28.881249999999284, -2.593750000000519 ], [ 28.889583333332695, -2.593750000000519 ], [ 28.893749999999244, -2.597916666667089 ], [ 28.897916666665907, -2.597916666667089 ] ], [ [ 28.897916666665907, -2.577083333333796 ], [ 28.897916666665907, -2.597916666667089 ] ], [ [ 29.039583333332729, -2.568750000000485 ], [ 29.039583333332729, -2.572916666667183 ], [ 29.02708333333257, -2.5854166666672 ], [ 29.02708333333257, -2.597916666667089 ] ], [ [ 29.10624999999925, -2.593750000000519 ], [ 29.102083333332672, -2.597916666667089 ], [ 29.097916666666038, -2.597916666667089 ], [ 29.093749999999204, -2.593750000000519 ], [ 29.085416666665964, -2.593750000000519 ] ], [ [ 28.952083333332638, -2.541666666667119 ], [ 28.952083333332638, -2.556250000000468 ], [ 28.956249999999216, -2.560416666667166 ], [ 28.956249999999216, -2.564583333333864 ], [ 28.960416666665878, -2.568750000000485 ], [ 28.960416666665878, -2.572916666667183 ], [ 28.964583333332712, -2.577083333333796 ], [ 28.964583333332712, -2.581250000000502 ], [ 28.968749999999375, -2.5854166666672 ], [ 28.972916666665924, -2.5854166666672 ], [ 28.972916666665924, -2.589583333333778 ], [ 28.977083333332502, -2.593750000000519 ], [ 28.985416666665998, -2.593750000000519 ], [ 28.989583333332661, -2.597916666667089 ], [ 28.993749999999238, -2.597916666667089 ], [ 28.997916666665873, -2.602083333333837 ], [ 29.010416666665947, -2.602083333333837 ], [ 29.01458333333261, -2.597916666667089 ], [ 29.02708333333257, -2.597916666667089 ] ], [ [ 29.147916666665935, -2.593750000000519 ], [ 29.143749999999272, -2.593750000000519 ], [ 29.13958333333261, -2.597916666667089 ], [ 29.13958333333261, -2.602083333333837 ], [ 29.135416666666032, -2.606250000000493 ], [ 29.127083333332564, -2.606250000000493 ], [ 29.122916666665986, -2.602083333333837 ], [ 29.118749999999324, -2.602083333333837 ], [ 29.114583333332746, -2.597916666667089 ], [ 29.110416666665913, -2.597916666667089 ], [ 29.10624999999925, -2.593750000000519 ] ], [ [ 29.18541666666593, -2.568750000000485 ], [ 29.181249999999267, -2.572916666667183 ], [ 29.181249999999267, -2.577083333333796 ], [ 29.177083333332632, -2.581250000000502 ], [ 29.181249999999267, -2.5854166666672 ], [ 29.181249999999267, -2.589583333333778 ], [ 29.18541666666593, -2.593750000000519 ], [ 29.18541666666593, -2.610416666667106 ] ], [ [ 29.177083333332632, -2.614583333333812 ], [ 29.168749999999392, -2.606250000000493 ], [ 29.168749999999392, -2.602083333333837 ], [ 29.160416666665981, -2.593750000000519 ], [ 29.147916666665935, -2.593750000000519 ] ], [ [ 29.18541666666593, -2.610416666667106 ], [ 29.181249999999267, -2.614583333333812 ], [ 29.177083333332632, -2.614583333333812 ] ], [ [ 29.214583333332627, -2.618750000000425 ], [ 29.206249999999216, -2.610416666667106 ], [ 29.197916666666003, -2.618750000000425 ], [ 29.193749999999341, -2.618750000000425 ], [ 29.18541666666593, -2.610416666667106 ] ], [ [ 29.220833333332706, -2.612500000000523 ], [ 29.214583333332627, -2.618750000000425 ] ], [ [ 29.29166666666589, -2.604166666667076 ], [ 29.277083333332598, -2.618750000000425 ], [ 29.277083333332598, -2.622916666667123 ] ], [ [ 29.252083333332649, -2.627083333333871 ], [ 29.247916666666072, -2.622916666667123 ], [ 29.239583333332575, -2.622916666667123 ], [ 29.235416666665913, -2.627083333333871 ], [ 29.222916666666038, -2.627083333333871 ], [ 29.214583333332627, -2.618750000000425 ] ], [ [ 29.277083333332598, -2.622916666667123 ], [ 29.268749999999358, -2.622916666667123 ], [ 29.264583333332695, -2.618750000000425 ], [ 29.260416666665861, -2.618750000000425 ], [ 29.252083333332649, -2.627083333333871 ] ], [ [ 29.331249999999329, -2.625000000000369 ], [ 29.331249999999329, -2.635416666667147 ] ], [ [ 29.181249999999267, -2.64166666666717 ], [ 29.181249999999267, -2.622916666667123 ], [ 29.177083333332632, -2.618750000000425 ], [ 29.177083333332632, -2.614583333333812 ] ], [ [ 29.337499999999295, -2.64166666666717 ], [ 29.331249999999329, -2.635416666667147 ] ], [ [ 28.833333333332632, -2.614583333333812 ], [ 28.839583333332627, -2.614583333333812 ], [ 28.843749999999261, -2.618750000000425 ], [ 28.843749999999261, -2.622916666667123 ], [ 28.856249999999335, -2.635416666667147 ], [ 28.864583333332575, -2.635416666667147 ], [ 28.872916666665958, -2.643750000000459 ] ], [ [ 28.833333333332632, -2.583333333333748 ], [ 28.843749999999261, -2.593750000000519 ], [ 28.847916666666094, -2.593750000000519 ], [ 28.852083333332672, -2.597916666667089 ], [ 28.852083333332672, -2.602083333333837 ], [ 28.864583333332575, -2.614583333333812 ], [ 28.86874999999938, -2.614583333333812 ], [ 28.872916666665958, -2.618750000000425 ], [ 28.872916666665958, -2.631250000000527 ], [ 28.877083333332621, -2.635416666667147 ], [ 28.872916666665958, -2.639583333333846 ], [ 28.872916666665958, -2.643750000000459 ] ], [ [ 28.945833333332558, -2.587500000000489 ], [ 28.964583333332712, -2.606250000000493 ], [ 28.964583333332712, -2.610416666667106 ], [ 28.977083333332502, -2.622916666667123 ], [ 28.98124999999942, -2.622916666667123 ], [ 28.985416666665998, -2.627083333333871 ], [ 29.002083333332706, -2.627083333333871 ], [ 29.010416666665947, -2.635416666667147 ], [ 29.01458333333261, -2.635416666667147 ], [ 29.022916666665992, -2.643750000000459 ], [ 29.031249999999318, -2.643750000000459 ] ], [ [ 29.02708333333257, -2.597916666667089 ], [ 29.02708333333257, -2.602083333333837 ], [ 29.031249999999318, -2.606250000000493 ], [ 29.02708333333257, -2.610416666667106 ], [ 29.02708333333257, -2.614583333333812 ], [ 29.031249999999318, -2.618750000000425 ], [ 29.031249999999318, -2.643750000000459 ] ], [ [ 29.331249999999329, -2.635416666667147 ], [ 29.322916666666003, -2.635416666667147 ], [ 29.314583333332592, -2.643750000000459 ], [ 29.302083333332718, -2.643750000000459 ], [ 29.297916666665884, -2.639583333333846 ], [ 29.293749999999307, -2.639583333333846 ], [ 29.277083333332598, -2.622916666667123 ] ], [ [ 28.872916666665958, -2.643750000000459 ], [ 28.872916666665958, -2.647916666667165 ], [ 28.885416666665947, -2.660416666667182 ], [ 28.889583333332695, -2.660416666667182 ] ], [ [ 28.889583333332695, -2.660416666667182 ], [ 28.897916666665907, -2.660416666667182 ] ], [ [ 28.897916666665907, -2.597916666667089 ], [ 28.897916666665907, -2.602083333333837 ], [ 28.90208333333257, -2.606250000000493 ], [ 28.90208333333257, -2.631250000000527 ], [ 28.906249999999233, -2.635416666667147 ], [ 28.906249999999233, -2.647916666667165 ], [ 28.90208333333257, -2.652083333333863 ], [ 28.897916666665907, -2.652083333333863 ], [ 28.897916666665907, -2.660416666667182 ] ], [ [ 29.283333333332649, -2.660416666667182 ], [ 29.268749999999358, -2.660416666667182 ], [ 29.264583333332695, -2.656250000000433 ], [ 29.264583333332695, -2.652083333333863 ], [ 29.260416666665861, -2.647916666667165 ], [ 29.260416666665861, -2.643750000000459 ], [ 29.252083333332649, -2.635416666667147 ], [ 29.252083333332649, -2.627083333333871 ] ], [ [ 28.991666666665822, -2.664583333333795 ], [ 29.022916666665992, -2.664583333333795 ] ], [ [ 29.031249999999318, -2.643750000000459 ], [ 29.031249999999318, -2.652083333333863 ], [ 29.022916666665992, -2.660416666667182 ], [ 29.022916666665992, -2.664583333333795 ] ], [ [ 28.802083333332689, -2.65833333333385 ], [ 28.802083333332689, -2.647916666667165 ], [ 28.818749999999312, -2.647916666667165 ], [ 28.822916666665975, -2.652083333333863 ], [ 28.835416666666049, -2.652083333333863 ], [ 28.839583333332627, -2.656250000000433 ], [ 28.847916666666094, -2.656250000000433 ], [ 28.856249999999335, -2.664583333333795 ], [ 28.860416666665913, -2.660416666667182 ], [ 28.864583333332575, -2.660416666667182 ], [ 28.872916666665958, -2.668750000000493 ] ], [ [ 28.872916666665958, -2.668750000000493 ], [ 28.877083333332621, -2.664583333333795 ], [ 28.885416666665947, -2.664583333333795 ], [ 28.889583333332695, -2.660416666667182 ] ], [ [ 29.022916666665992, -2.664583333333795 ], [ 29.022916666665992, -2.677083333333769 ] ], [ [ 29.099999999999284, -2.662500000000463 ], [ 29.10624999999925, -2.668750000000493 ], [ 29.10624999999925, -2.677083333333769 ] ], [ [ 29.145833333332689, -2.65833333333385 ], [ 29.13958333333261, -2.664583333333795 ], [ 29.135416666666032, -2.664583333333795 ], [ 29.127083333332564, -2.672916666667156 ], [ 29.122916666665986, -2.672916666667156 ], [ 29.118749999999324, -2.677083333333769 ], [ 29.10624999999925, -2.677083333333769 ] ], [ [ 28.841666666666015, -2.677083333333769 ], [ 28.852083333332672, -2.677083333333769 ], [ 28.856249999999335, -2.681250000000468 ], [ 28.864583333332575, -2.681250000000468 ] ], [ [ 28.864583333332575, -2.681250000000468 ], [ 28.86874999999938, -2.677083333333769 ], [ 28.86874999999938, -2.672916666667156 ], [ 28.872916666665958, -2.668750000000493 ] ], [ [ 29.012499999999363, -2.683333333333799 ], [ 29.018749999999187, -2.677083333333769 ], [ 29.022916666665992, -2.677083333333769 ] ], [ [ 28.937499999999346, -2.645833333333705 ], [ 28.947916666665975, -2.656250000000433 ], [ 28.952083333332638, -2.656250000000433 ], [ 28.956249999999216, -2.660416666667182 ], [ 28.952083333332638, -2.664583333333795 ], [ 28.952083333332638, -2.668750000000493 ], [ 28.956249999999216, -2.672916666667156 ], [ 28.960416666665878, -2.672916666667156 ], [ 28.977083333332502, -2.689583333333829 ], [ 28.977083333332502, -2.693750000000527 ] ], [ [ 28.897916666665907, -2.660416666667182 ], [ 28.90208333333257, -2.660416666667182 ], [ 28.914583333332644, -2.672916666667156 ], [ 28.914583333332644, -2.677083333333769 ], [ 28.918749999999278, -2.681250000000468 ], [ 28.93541666666593, -2.681250000000468 ], [ 28.943749999999312, -2.689583333333829 ], [ 28.952083333332638, -2.689583333333829 ], [ 28.956249999999216, -2.693750000000527 ], [ 28.960416666665878, -2.693750000000527 ], [ 28.964583333332712, -2.69791666666719 ], [ 28.964583333332712, -2.702083333333803 ] ], [ [ 28.964583333332712, -2.702083333333803 ], [ 28.968749999999375, -2.702083333333803 ], [ 28.977083333332502, -2.693750000000527 ] ], [ [ 28.958333333332632, -2.708333333333833 ], [ 28.964583333332712, -2.702083333333803 ] ], [ [ 29.085416666665964, -2.593750000000519 ], [ 29.081249999999386, -2.593750000000519 ], [ 29.072916666665918, -2.602083333333837 ], [ 29.064583333332678, -2.602083333333837 ], [ 29.060416666666015, -2.606250000000493 ], [ 29.060416666666015, -2.614583333333812 ], [ 29.052083333332604, -2.622916666667123 ], [ 29.052083333332604, -2.631250000000527 ], [ 29.056249999999352, -2.635416666667147 ], [ 29.056249999999352, -2.639583333333846 ], [ 29.060416666666015, -2.643750000000459 ], [ 29.060416666666015, -2.647916666667165 ], [ 29.052083333332604, -2.656250000000433 ], [ 29.052083333332604, -2.660416666667182 ], [ 29.047916666665969, -2.664583333333795 ], [ 29.047916666665969, -2.668750000000493 ], [ 29.056249999999352, -2.677083333333769 ], [ 29.056249999999352, -2.681250000000468 ], [ 29.052083333332604, -2.685416666667088 ], [ 29.052083333332604, -2.702083333333803 ], [ 29.056249999999352, -2.706250000000509 ] ], [ [ 29.07499999999925, -2.691666666667075 ], [ 29.064583333332678, -2.702083333333803 ], [ 29.060416666666015, -2.702083333333803 ], [ 29.056249999999352, -2.706250000000509 ] ], [ [ 29.174999999999216, -2.718750000000526 ], [ 29.181249999999267, -2.718750000000526 ] ], [ [ 29.181249999999267, -2.700000000000479 ], [ 29.181249999999267, -2.718750000000526 ] ], [ [ 29.181249999999267, -2.718750000000526 ], [ 29.181249999999267, -2.722916666667096 ] ], [ [ 29.191666666665924, -2.716666666667152 ], [ 29.18541666666593, -2.722916666667096 ], [ 29.181249999999267, -2.722916666667096 ] ], [ [ 28.822916666665975, -2.733333333333867 ], [ 28.822916666665975, -2.727083333333837 ], [ 28.831249999999216, -2.718750000000526 ], [ 28.831249999999216, -2.71458333333382 ], [ 28.839583333332627, -2.706250000000509 ], [ 28.839583333332627, -2.702083333333803 ], [ 28.843749999999261, -2.69791666666719 ], [ 28.847916666666094, -2.69791666666719 ], [ 28.864583333332575, -2.681250000000468 ] ], [ [ 29.022916666665992, -2.677083333333769 ], [ 29.031249999999318, -2.685416666667088 ], [ 29.031249999999318, -2.702083333333803 ], [ 29.02708333333257, -2.706250000000509 ], [ 29.031249999999318, -2.710416666667122 ], [ 29.031249999999318, -2.731250000000458 ], [ 29.039583333332729, -2.739583333333819 ] ], [ [ 29.056249999999352, -2.706250000000509 ], [ 29.056249999999352, -2.710416666667122 ], [ 29.043749999999307, -2.722916666667096 ], [ 29.043749999999307, -2.735416666667156 ], [ 29.039583333332729, -2.739583333333819 ] ], [ [ 29.239583333332575, -2.670833333333739 ], [ 29.239583333332575, -2.677083333333769 ], [ 29.243749999999409, -2.681250000000468 ], [ 29.243749999999409, -2.685416666667088 ], [ 29.247916666666072, -2.689583333333829 ], [ 29.247916666666072, -2.71458333333382 ], [ 29.22708333333253, -2.735416666667156 ], [ 29.218749999999289, -2.735416666667156 ], [ 29.214583333332627, -2.739583333333819 ], [ 29.210416666665964, -2.739583333333819 ], [ 29.202083333332581, -2.731250000000458 ], [ 29.197916666666003, -2.731250000000458 ], [ 29.193749999999341, -2.727083333333837 ], [ 29.18541666666593, -2.727083333333837 ], [ 29.181249999999267, -2.722916666667096 ] ], [ [ 28.862499999999329, -2.735416666667156 ], [ 28.906249999999233, -2.735416666667156 ], [ 28.910416666665981, -2.739583333333819 ], [ 28.910416666665981, -2.743750000000432 ] ], [ [ 29.383333333332558, -2.704166666667092 ], [ 29.377083333332735, -2.710416666667122 ], [ 29.377083333332735, -2.722916666667096 ], [ 29.381249999999397, -2.727083333333837 ], [ 29.377083333332735, -2.731250000000458 ], [ 29.377083333332735, -2.735416666667156 ], [ 29.381249999999397, -2.739583333333819 ], [ 29.381249999999397, -2.743750000000432 ] ], [ [ 29.404166666666015, -2.731250000000458 ], [ 29.393749999999187, -2.731250000000458 ], [ 29.381249999999397, -2.743750000000432 ] ], [ [ 29.10624999999925, -2.677083333333769 ], [ 29.10624999999925, -2.710416666667122 ], [ 29.110416666665913, -2.71458333333382 ], [ 29.110416666665913, -2.722916666667096 ], [ 29.10624999999925, -2.727083333333837 ], [ 29.10624999999925, -2.739583333333819 ], [ 29.102083333332672, -2.743750000000432 ], [ 29.102083333332672, -2.74791666666713 ] ], [ [ 29.12083333333257, -2.74791666666713 ], [ 29.114583333332746, -2.74791666666713 ], [ 29.110416666665913, -2.752083333333871 ], [ 29.10624999999925, -2.74791666666713 ], [ 29.102083333332672, -2.74791666666713 ] ], [ [ 28.910416666665981, -2.743750000000432 ], [ 28.914583333332644, -2.739583333333819 ], [ 28.927083333332689, -2.739583333333819 ], [ 28.931249999999352, -2.743750000000432 ], [ 28.943749999999312, -2.743750000000432 ], [ 28.947916666665975, -2.74791666666713 ], [ 28.964583333332712, -2.74791666666713 ], [ 28.972916666665924, -2.756250000000492 ], [ 28.977083333332502, -2.752083333333871 ], [ 28.98124999999942, -2.752083333333871 ], [ 28.985416666665998, -2.756250000000492 ] ], [ [ 28.985416666665998, -2.756250000000492 ], [ 28.989583333332661, -2.756250000000492 ], [ 28.997916666665873, -2.764583333333725 ] ], [ [ 28.977083333332502, -2.693750000000527 ], [ 28.985416666665998, -2.693750000000527 ], [ 28.989583333332661, -2.69791666666719 ], [ 28.993749999999238, -2.69791666666719 ], [ 28.997916666665873, -2.702083333333803 ], [ 29.002083333332706, -2.702083333333803 ], [ 29.018749999999187, -2.718750000000526 ], [ 29.018749999999187, -2.735416666667156 ], [ 29.01458333333261, -2.739583333333819 ], [ 29.01458333333261, -2.743750000000432 ], [ 29.006249999999284, -2.752083333333871 ], [ 29.006249999999284, -2.756250000000492 ], [ 28.997916666665873, -2.764583333333725 ] ], [ [ 29.081249999999386, -2.750000000000462 ], [ 29.081249999999386, -2.764583333333725 ] ], [ [ 29.102083333332672, -2.74791666666713 ], [ 29.097916666666038, -2.752083333333871 ], [ 29.093749999999204, -2.752083333333871 ], [ 29.081249999999386, -2.764583333333725 ] ], [ [ 28.966666666665958, -2.768750000000466 ], [ 28.977083333332502, -2.768750000000466 ], [ 28.985416666665998, -2.76041666666719 ], [ 28.985416666665998, -2.756250000000492 ] ], [ [ 29.314583333332592, -2.691666666667075 ], [ 29.314583333332592, -2.69791666666719 ], [ 29.306249999999295, -2.706250000000509 ], [ 29.31041666666593, -2.710416666667122 ], [ 29.31041666666593, -2.71458333333382 ], [ 29.31874999999917, -2.722916666667096 ], [ 29.31874999999917, -2.727083333333837 ], [ 29.322916666666003, -2.731250000000458 ], [ 29.322916666666003, -2.735416666667156 ], [ 29.339583333332456, -2.752083333333871 ], [ 29.339583333332456, -2.76041666666719 ], [ 29.347916666665952, -2.768750000000466 ], [ 29.352083333332615, -2.768750000000466 ] ], [ [ 29.381249999999397, -2.743750000000432 ], [ 29.385416666665975, -2.74791666666713 ], [ 29.385416666665975, -2.752083333333871 ], [ 29.372916666665901, -2.764583333333725 ], [ 29.356249999999363, -2.764583333333725 ], [ 29.352083333332615, -2.768750000000466 ] ], [ [ 28.881249999999284, -2.772916666667165 ], [ 28.910416666665981, -2.743750000000432 ] ], [ [ 28.816666666665895, -2.777083333333785 ], [ 28.822916666665975, -2.777083333333785 ] ], [ [ 28.822916666665975, -2.777083333333785 ], [ 28.827083333332553, -2.772916666667165 ], [ 28.835416666666049, -2.772916666667165 ], [ 28.839583333332627, -2.768750000000466 ], [ 28.847916666666094, -2.768750000000466 ], [ 28.852083333332672, -2.772916666667165 ], [ 28.856249999999335, -2.772916666667165 ], [ 28.860416666665913, -2.768750000000466 ], [ 28.877083333332621, -2.768750000000466 ], [ 28.881249999999284, -2.772916666667165 ] ], [ [ 28.997916666665873, -2.764583333333725 ], [ 28.997916666665873, -2.768750000000466 ], [ 29.002083333332706, -2.772916666667165 ], [ 29.002083333332706, -2.785416666667061 ] ], [ [ 29.039583333332729, -2.739583333333819 ], [ 29.035416666666066, -2.743750000000432 ], [ 29.035416666666066, -2.752083333333871 ], [ 29.02708333333257, -2.76041666666719 ], [ 29.02708333333257, -2.764583333333725 ], [ 29.022916666665992, -2.768750000000466 ], [ 29.018749999999187, -2.768750000000466 ], [ 29.002083333332706, -2.785416666667061 ] ], [ [ 29.352083333332615, -2.768750000000466 ], [ 29.352083333332615, -2.772916666667165 ], [ 29.347916666665952, -2.777083333333785 ], [ 29.352083333332615, -2.781250000000526 ], [ 29.352083333332615, -2.785416666667061 ], [ 29.356249999999363, -2.789583333333759 ] ], [ [ 29.391666666665941, -2.766666666667135 ], [ 29.372916666665901, -2.785416666667061 ], [ 29.364583333332661, -2.785416666667061 ], [ 29.360416666666026, -2.789583333333759 ], [ 29.356249999999363, -2.789583333333759 ] ], [ [ 28.866666666665964, -2.795833333333789 ], [ 28.877083333332621, -2.785416666667061 ], [ 28.877083333332621, -2.781250000000526 ], [ 28.881249999999284, -2.777083333333785 ], [ 28.881249999999284, -2.772916666667165 ] ], [ [ 29.181249999999267, -2.722916666667096 ], [ 29.177083333332632, -2.727083333333837 ], [ 29.177083333332632, -2.731250000000458 ], [ 29.181249999999267, -2.735416666667156 ], [ 29.181249999999267, -2.739583333333819 ], [ 29.177083333332632, -2.743750000000432 ], [ 29.177083333332632, -2.777083333333785 ], [ 29.172916666665969, -2.781250000000526 ], [ 29.168749999999392, -2.777083333333785 ], [ 29.164583333332644, -2.777083333333785 ], [ 29.156249999999318, -2.785416666667061 ], [ 29.156249999999318, -2.789583333333759 ], [ 29.160416666665981, -2.7937500000005 ] ], [ [ 29.166666666665975, -2.7937500000005 ], [ 29.160416666665981, -2.7937500000005 ] ], [ [ 29.279166666666015, -2.741666666667186 ], [ 29.272916666665935, -2.74791666666713 ], [ 29.268749999999358, -2.743750000000432 ], [ 29.260416666665861, -2.743750000000432 ], [ 29.256249999999227, -2.739583333333819 ], [ 29.252083333332649, -2.743750000000432 ], [ 29.252083333332649, -2.756250000000492 ], [ 29.247916666666072, -2.76041666666719 ], [ 29.247916666666072, -2.764583333333725 ], [ 29.252083333332649, -2.768750000000466 ], [ 29.252083333332649, -2.781250000000526 ], [ 29.256249999999227, -2.781250000000526 ], [ 29.260416666665861, -2.785416666667061 ], [ 29.260416666665861, -2.79791666666712 ] ], [ [ 29.293749999999307, -2.779166666667074 ], [ 29.293749999999307, -2.789583333333759 ], [ 29.285416666665981, -2.79791666666712 ], [ 29.281249999999261, -2.7937500000005 ], [ 29.268749999999358, -2.7937500000005 ], [ 29.264583333332695, -2.79791666666712 ], [ 29.260416666665861, -2.79791666666712 ] ], [ [ 29.122916666665986, -2.787500000000513 ], [ 29.122916666665986, -2.7937500000005 ], [ 29.127083333332564, -2.79791666666712 ], [ 29.127083333332564, -2.806250000000354 ], [ 29.131249999999199, -2.810416666667095 ], [ 29.135416666666032, -2.810416666667095 ] ], [ [ 29.160416666665981, -2.7937500000005 ], [ 29.152083333332513, -2.802083333333819 ], [ 29.143749999999272, -2.802083333333819 ], [ 29.135416666666032, -2.810416666667095 ] ], [ [ 29.002083333332706, -2.785416666667061 ], [ 29.002083333332706, -2.7937500000005 ], [ 28.997916666665873, -2.79791666666712 ], [ 29.002083333332706, -2.802083333333819 ], [ 29.002083333332706, -2.814583333333879 ] ], [ [ 28.924999999999272, -2.7937500000005 ], [ 28.943749999999312, -2.7937500000005 ], [ 28.947916666665975, -2.79791666666712 ], [ 28.952083333332638, -2.79791666666712 ], [ 28.956249999999216, -2.802083333333819 ], [ 28.960416666665878, -2.802083333333819 ], [ 28.968749999999375, -2.810416666667095 ], [ 28.968749999999375, -2.814583333333879 ], [ 28.972916666665924, -2.818750000000534 ], [ 28.993749999999238, -2.818750000000534 ], [ 28.997916666665873, -2.814583333333879 ], [ 29.002083333332706, -2.814583333333879 ] ], [ [ 29.060416666666015, -2.795833333333789 ], [ 29.060416666666015, -2.802083333333819 ], [ 29.052083333332604, -2.810416666667095 ], [ 29.052083333332604, -2.814583333333879 ], [ 29.047916666665969, -2.818750000000534 ] ], [ [ 29.002083333332706, -2.814583333333879 ], [ 29.010416666665947, -2.822916666667155 ] ], [ [ 29.260416666665861, -2.79791666666712 ], [ 29.252083333332649, -2.806250000000354 ], [ 29.252083333332649, -2.822916666667155 ] ], [ [ 29.312499999999176, -2.814583333333879 ], [ 29.306249999999295, -2.814583333333879 ], [ 29.302083333332718, -2.818750000000534 ], [ 29.277083333332598, -2.818750000000534 ], [ 29.272916666665935, -2.822916666667155 ], [ 29.268749999999358, -2.822916666667155 ], [ 29.264583333332695, -2.818750000000534 ], [ 29.260416666665861, -2.822916666667155 ], [ 29.252083333332649, -2.822916666667155 ] ], [ [ 29.010416666665947, -2.822916666667155 ], [ 29.01458333333261, -2.827083333333853 ], [ 29.031249999999318, -2.827083333333853 ], [ 29.035416666666066, -2.822916666667155 ], [ 29.043749999999307, -2.822916666667155 ], [ 29.047916666665969, -2.818750000000534 ] ], [ [ 29.135416666666032, -2.810416666667095 ], [ 29.135416666666032, -2.818750000000534 ], [ 29.131249999999199, -2.822916666667155 ], [ 29.135416666666032, -2.827083333333853 ] ], [ [ 29.141666666666026, -2.827083333333853 ], [ 29.135416666666032, -2.827083333333853 ] ], [ [ 29.047916666665969, -2.818750000000534 ], [ 29.060416666666015, -2.831250000000388 ] ], [ [ 29.081249999999386, -2.764583333333725 ], [ 29.077083333332638, -2.768750000000466 ], [ 29.085416666665964, -2.777083333333785 ], [ 29.085416666665964, -2.802083333333819 ], [ 29.077083333332638, -2.810416666667095 ], [ 29.077083333332638, -2.814583333333879 ], [ 29.068749999999255, -2.822916666667155 ], [ 29.068749999999255, -2.827083333333853 ], [ 29.064583333332678, -2.831250000000388 ], [ 29.060416666666015, -2.831250000000388 ] ], [ [ 29.214583333332627, -2.820833333333823 ], [ 29.214583333332627, -2.835416666667172 ] ], [ [ 29.252083333332649, -2.822916666667155 ], [ 29.239583333332575, -2.835416666667172 ], [ 29.214583333332627, -2.835416666667172 ] ], [ [ 28.954166666666055, -2.835416666667172 ], [ 28.972916666665924, -2.835416666667172 ], [ 28.977083333332502, -2.839583333333827 ] ], [ [ 28.977083333332502, -2.839583333333827 ], [ 28.985416666665998, -2.831250000000388 ], [ 28.993749999999238, -2.831250000000388 ], [ 28.997916666665873, -2.835416666667172 ], [ 29.006249999999284, -2.835416666667172 ], [ 29.010416666665947, -2.831250000000388 ], [ 29.010416666665947, -2.822916666667155 ] ], [ [ 29.356249999999363, -2.789583333333759 ], [ 29.356249999999363, -2.7937500000005 ], [ 29.352083333332615, -2.79791666666712 ], [ 29.352083333332615, -2.802083333333819 ], [ 29.356249999999363, -2.806250000000354 ], [ 29.356249999999363, -2.810416666667095 ], [ 29.360416666666026, -2.814583333333879 ], [ 29.360416666666026, -2.822916666667155 ], [ 29.364583333332661, -2.827083333333853 ], [ 29.364583333332661, -2.831250000000388 ], [ 29.372916666665901, -2.839583333333827 ], [ 29.377083333332735, -2.839583333333827 ] ], [ [ 29.424999999999386, -2.804166666667108 ], [ 29.414583333332558, -2.814583333333879 ], [ 29.410416666665924, -2.814583333333879 ], [ 29.406249999999261, -2.818750000000534 ], [ 29.389583333332524, -2.818750000000534 ], [ 29.377083333332735, -2.831250000000388 ], [ 29.377083333332735, -2.839583333333827 ] ], [ [ 28.897916666665907, -2.83333333333384 ], [ 28.897916666665907, -2.843750000000448 ] ], [ [ 28.831249999999216, -2.847916666667189 ], [ 28.827083333332553, -2.843750000000448 ], [ 28.827083333332553, -2.818750000000534 ], [ 28.818749999999312, -2.810416666667095 ], [ 28.818749999999312, -2.781250000000526 ], [ 28.822916666665975, -2.777083333333785 ] ], [ [ 28.897916666665907, -2.843750000000448 ], [ 28.922916666666026, -2.843750000000448 ], [ 28.927083333332689, -2.847916666667189 ] ], [ [ 28.927083333332689, -2.847916666667189 ], [ 28.952083333332638, -2.847916666667189 ] ], [ [ 28.952083333332638, -2.847916666667189 ], [ 28.968749999999375, -2.847916666667189 ], [ 28.977083333332502, -2.839583333333827 ] ], [ [ 28.874999999999204, -2.845833333333857 ], [ 28.881249999999284, -2.852083333333717 ] ], [ [ 28.881249999999284, -2.852083333333717 ], [ 28.889583333332695, -2.843750000000448 ], [ 28.897916666665907, -2.843750000000448 ] ], [ [ 29.214583333332627, -2.835416666667172 ], [ 29.210416666665964, -2.839583333333827 ], [ 29.210416666665964, -2.843750000000448 ], [ 29.206249999999216, -2.847916666667189 ], [ 29.197916666666003, -2.847916666667189 ], [ 29.193749999999341, -2.843750000000448 ], [ 29.189583333332678, -2.843750000000448 ], [ 29.18541666666593, -2.839583333333827 ], [ 29.164583333332644, -2.839583333333827 ], [ 29.156249999999318, -2.847916666667189 ], [ 29.156249999999318, -2.852083333333717 ] ], [ [ 29.377083333332735, -2.839583333333827 ], [ 29.381249999999397, -2.843750000000448 ], [ 29.381249999999397, -2.847916666667189 ], [ 29.385416666665975, -2.852083333333717 ] ], [ [ 29.429166666666049, -2.854166666667176 ], [ 29.422916666665969, -2.847916666667189 ], [ 29.414583333332558, -2.847916666667189 ], [ 29.410416666665924, -2.843750000000448 ], [ 29.406249999999261, -2.843750000000448 ], [ 29.397916666666021, -2.852083333333717 ], [ 29.385416666665975, -2.852083333333717 ] ], [ [ 29.060416666666015, -2.831250000000388 ], [ 29.060416666666015, -2.835416666667172 ], [ 29.064583333332678, -2.839583333333827 ], [ 29.064583333332678, -2.843750000000448 ], [ 29.068749999999255, -2.847916666667189 ], [ 29.068749999999255, -2.856250000000507 ] ], [ [ 28.947916666665975, -2.866666666667193 ], [ 28.947916666665975, -2.860416666667163 ], [ 28.952083333332638, -2.856250000000507 ], [ 28.952083333332638, -2.847916666667189 ] ], [ [ 29.068749999999255, -2.856250000000507 ], [ 29.068749999999255, -2.860416666667163 ], [ 29.072916666665918, -2.864583333333776 ], [ 29.077083333332638, -2.864583333333776 ] ], [ [ 29.093749999999204, -2.83333333333384 ], [ 29.093749999999204, -2.843750000000448 ], [ 29.089583333332541, -2.847916666667189 ], [ 29.085416666665964, -2.847916666667189 ], [ 29.081249999999386, -2.852083333333717 ], [ 29.081249999999386, -2.856250000000507 ], [ 29.085416666665964, -2.860416666667163 ], [ 29.081249999999386, -2.864583333333776 ], [ 29.077083333332638, -2.864583333333776 ] ], [ [ 29.191666666665924, -2.870833333333763 ], [ 29.18541666666593, -2.864583333333776 ], [ 29.181249999999267, -2.864583333333776 ], [ 29.172916666665969, -2.856250000000507 ], [ 29.160416666665981, -2.856250000000507 ], [ 29.156249999999318, -2.852083333333717 ] ], [ [ 28.918749999999278, -2.875000000000512 ], [ 28.918749999999278, -2.868750000000482 ], [ 28.922916666666026, -2.864583333333776 ], [ 28.918749999999278, -2.860416666667163 ], [ 28.918749999999278, -2.856250000000507 ], [ 28.927083333332689, -2.847916666667189 ] ], [ [ 29.018749999999187, -2.877083333333793 ], [ 29.02708333333257, -2.868750000000482 ], [ 29.031249999999318, -2.868750000000482 ], [ 29.039583333332729, -2.860416666667163 ], [ 29.043749999999307, -2.860416666667163 ], [ 29.047916666665969, -2.856250000000507 ], [ 29.052083333332604, -2.856250000000507 ], [ 29.056249999999352, -2.852083333333717 ], [ 29.060416666666015, -2.852083333333717 ], [ 29.064583333332678, -2.856250000000507 ], [ 29.068749999999255, -2.856250000000507 ] ], [ [ 29.385416666665975, -2.852083333333717 ], [ 29.385416666665975, -2.856250000000507 ], [ 29.377083333332735, -2.856250000000507 ], [ 29.372916666665901, -2.860416666667163 ], [ 29.377083333332735, -2.864583333333776 ], [ 29.377083333332735, -2.87291666666701 ], [ 29.372916666665901, -2.877083333333793 ] ], [ [ 28.843749999999261, -2.887500000000486 ], [ 28.843749999999261, -2.877083333333793 ], [ 28.839583333332627, -2.87291666666701 ], [ 28.839583333332627, -2.856250000000507 ], [ 28.831249999999216, -2.847916666667189 ] ], [ [ 29.135416666666032, -2.827083333333853 ], [ 29.135416666666032, -2.835416666667172 ], [ 29.131249999999199, -2.839583333333827 ], [ 29.131249999999199, -2.864583333333776 ], [ 29.135416666666032, -2.868750000000482 ], [ 29.131249999999199, -2.87291666666701 ], [ 29.131249999999199, -2.885416666667197 ] ], [ [ 29.156249999999318, -2.852083333333717 ], [ 29.147916666665935, -2.860416666667163 ], [ 29.147916666665935, -2.87291666666701 ], [ 29.135416666666032, -2.885416666667197 ], [ 29.131249999999199, -2.885416666667197 ] ], [ [ 29.345833333332621, -2.879166666667167 ], [ 29.352083333332615, -2.885416666667197 ] ], [ [ 29.372916666665901, -2.877083333333793 ], [ 29.364583333332661, -2.877083333333793 ], [ 29.356249999999363, -2.885416666667197 ], [ 29.352083333332615, -2.885416666667197 ] ], [ [ 29.006249999999284, -2.889583333333817 ], [ 29.010416666665947, -2.885416666667197 ], [ 29.010416666665947, -2.881250000000456 ], [ 29.01458333333261, -2.877083333333793 ], [ 29.018749999999187, -2.877083333333793 ] ], [ [ 29.258333333332615, -2.879166666667167 ], [ 29.268749999999358, -2.889583333333817 ] ], [ [ 29.302083333332718, -2.866666666667193 ], [ 29.302083333332718, -2.87291666666701 ], [ 29.293749999999307, -2.881250000000456 ], [ 29.285416666665981, -2.881250000000456 ], [ 29.281249999999261, -2.885416666667197 ], [ 29.277083333332598, -2.885416666667197 ], [ 29.272916666665935, -2.889583333333817 ], [ 29.268749999999358, -2.889583333333817 ] ], [ [ 29.018749999999187, -2.900000000000503 ], [ 29.018749999999187, -2.877083333333793 ] ], [ [ 29.391666666665941, -2.900000000000503 ], [ 29.372916666665901, -2.881250000000456 ], [ 29.372916666665901, -2.877083333333793 ] ], [ [ 29.070833333332672, -2.902083333333835 ], [ 29.077083333332638, -2.902083333333835 ], [ 29.081249999999386, -2.90625000000049 ], [ 29.089583333332541, -2.90625000000049 ] ], [ [ 29.077083333332638, -2.864583333333776 ], [ 29.085416666665964, -2.87291666666701 ], [ 29.089583333332541, -2.868750000000482 ], [ 29.093749999999204, -2.87291666666701 ], [ 29.093749999999204, -2.885416666667197 ], [ 29.089583333332541, -2.889583333333817 ], [ 29.089583333332541, -2.90625000000049 ] ], [ [ 29.089583333332541, -2.90625000000049 ], [ 29.093749999999204, -2.910416666667103 ], [ 29.093749999999204, -2.914583333333852 ] ], [ [ 29.472916666665782, -2.891666666667099 ], [ 29.472916666665782, -2.897916666667129 ], [ 29.481249999999278, -2.90625000000049 ], [ 29.481249999999278, -2.910416666667103 ], [ 29.485416666665941, -2.914583333333852 ], [ 29.485416666665941, -2.918750000000422 ] ], [ [ 29.268749999999358, -2.889583333333817 ], [ 29.268749999999358, -2.897916666667129 ], [ 29.272916666665935, -2.902083333333835 ], [ 29.272916666665935, -2.90625000000049 ], [ 29.268749999999358, -2.910416666667103 ], [ 29.268749999999358, -2.914583333333852 ], [ 29.272916666665935, -2.918750000000422 ], [ 29.277083333332598, -2.918750000000422 ], [ 29.277083333332598, -2.922916666667163 ] ], [ [ 29.352083333332615, -2.885416666667197 ], [ 29.347916666665952, -2.889583333333817 ], [ 29.343749999999375, -2.889583333333817 ], [ 29.339583333332456, -2.893750000000516 ], [ 29.339583333332456, -2.902083333333835 ], [ 29.335416666665907, -2.90625000000049 ], [ 29.335416666665907, -2.910416666667103 ], [ 29.331249999999329, -2.914583333333852 ], [ 29.327083333332666, -2.914583333333852 ], [ 29.322916666666003, -2.910416666667103 ], [ 29.31874999999917, -2.914583333333852 ], [ 29.314583333332592, -2.914583333333852 ], [ 29.31041666666593, -2.910416666667103 ], [ 29.302083333332718, -2.910416666667103 ], [ 29.297916666665884, -2.914583333333852 ], [ 29.289583333332644, -2.914583333333852 ], [ 29.281249999999261, -2.922916666667163 ], [ 29.277083333332598, -2.922916666667163 ] ], [ [ 28.908333333332564, -2.927083333333826 ], [ 28.931249999999352, -2.927083333333826 ] ], [ [ 28.931249999999352, -2.927083333333826 ], [ 28.93541666666593, -2.922916666667163 ], [ 28.939583333332592, -2.922916666667163 ], [ 28.960416666665878, -2.902083333333835 ], [ 28.964583333332712, -2.902083333333835 ], [ 28.968749999999375, -2.897916666667129 ], [ 28.972916666665924, -2.902083333333835 ], [ 28.977083333332502, -2.897916666667129 ], [ 28.98124999999942, -2.897916666667129 ], [ 28.985416666665998, -2.893750000000516 ], [ 28.989583333332661, -2.893750000000516 ], [ 28.993749999999238, -2.889583333333817 ], [ 29.006249999999284, -2.889583333333817 ] ], [ [ 28.997916666665873, -2.931250000000439 ], [ 29.002083333332706, -2.927083333333826 ], [ 29.002083333332706, -2.910416666667103 ], [ 29.006249999999284, -2.90625000000049 ], [ 29.006249999999284, -2.902083333333835 ], [ 29.010416666665947, -2.897916666667129 ], [ 29.010416666665947, -2.893750000000516 ], [ 29.006249999999284, -2.889583333333817 ] ], [ [ 29.093749999999204, -2.914583333333852 ], [ 29.102083333332672, -2.922916666667163 ], [ 29.114583333332746, -2.922916666667163 ], [ 29.122916666665986, -2.931250000000439 ] ], [ [ 29.122916666665986, -2.931250000000439 ], [ 29.131249999999199, -2.931250000000439 ] ], [ [ 29.131249999999199, -2.885416666667197 ], [ 29.131249999999199, -2.893750000000516 ], [ 29.135416666666032, -2.897916666667129 ], [ 29.135416666666032, -2.914583333333852 ], [ 29.13958333333261, -2.918750000000422 ], [ 29.13958333333261, -2.927083333333826 ], [ 29.135416666666032, -2.931250000000439 ], [ 29.131249999999199, -2.931250000000439 ] ], [ [ 28.816666666665895, -2.937500000000469 ], [ 28.810416666665844, -2.931250000000439 ], [ 28.810416666665844, -2.922916666667163 ], [ 28.814583333332649, -2.918750000000422 ], [ 28.814583333332649, -2.910416666667103 ], [ 28.818749999999312, -2.90625000000049 ], [ 28.822916666665975, -2.90625000000049 ], [ 28.827083333332553, -2.902083333333835 ], [ 28.827083333332553, -2.893750000000516 ], [ 28.831249999999216, -2.889583333333817 ], [ 28.831249999999216, -2.847916666667189 ] ], [ [ 29.447916666665918, -2.920833333333839 ], [ 29.447916666665918, -2.935416666667145 ] ], [ [ 28.949999999999221, -2.939583333333886 ], [ 28.956249999999216, -2.939583333333886 ], [ 28.960416666665878, -2.935416666667145 ], [ 28.964583333332712, -2.939583333333886 ], [ 28.972916666665924, -2.939583333333886 ], [ 28.977083333332502, -2.935416666667145 ], [ 28.98124999999942, -2.935416666667145 ], [ 28.985416666665998, -2.931250000000439 ], [ 28.989583333332661, -2.931250000000439 ], [ 28.993749999999238, -2.927083333333826 ], [ 28.997916666665873, -2.931250000000439 ] ], [ [ 28.997916666665873, -2.939583333333886 ], [ 28.997916666665873, -2.931250000000439 ] ], [ [ 29.485416666665941, -2.918750000000422 ], [ 29.481249999999278, -2.918750000000422 ], [ 29.4770833333327, -2.922916666667163 ], [ 29.4770833333327, -2.935416666667145 ], [ 29.468749999999204, -2.935416666667145 ], [ 29.464583333332655, -2.939583333333886 ], [ 29.460416666665992, -2.939583333333886 ], [ 29.456249999999329, -2.935416666667145 ], [ 29.447916666665918, -2.935416666667145 ] ], [ [ 28.912499999999227, -2.945833333333702 ], [ 28.931249999999352, -2.927083333333826 ] ], [ [ 29.427083333332632, -2.933333333333856 ], [ 29.427083333332632, -2.939583333333886 ], [ 29.43124999999921, -2.943750000000456 ] ], [ [ 29.447916666665918, -2.935416666667145 ], [ 29.439583333332621, -2.943750000000456 ], [ 29.43124999999921, -2.943750000000456 ] ], [ [ 29.131249999999199, -2.931250000000439 ], [ 29.147916666665935, -2.947916666667197 ] ], [ [ 29.156249999999318, -2.908333333333822 ], [ 29.156249999999318, -2.922916666667163 ], [ 29.152083333332513, -2.927083333333826 ], [ 29.152083333332513, -2.947916666667197 ], [ 29.147916666665935, -2.947916666667197 ] ], [ [ 29.43124999999921, -2.943750000000456 ], [ 29.427083333332632, -2.947916666667197 ], [ 29.427083333332632, -2.95208333333386 ] ], [ [ 29.360416666666026, -2.950000000000443 ], [ 29.360416666666026, -2.956250000000473 ] ], [ [ 29.049999999999358, -2.96250000000046 ], [ 29.056249999999352, -2.956250000000473 ], [ 29.056249999999352, -2.95208333333386 ], [ 29.052083333332604, -2.947916666667197 ], [ 29.056249999999352, -2.943750000000456 ], [ 29.056249999999352, -2.939583333333886 ], [ 29.060416666666015, -2.935416666667145 ], [ 29.060416666666015, -2.931250000000439 ], [ 29.064583333332678, -2.927083333333826 ], [ 29.068749999999255, -2.927083333333826 ], [ 29.072916666665918, -2.922916666667163 ], [ 29.077083333332638, -2.922916666667163 ], [ 29.081249999999386, -2.918750000000422 ], [ 29.085416666665964, -2.918750000000422 ], [ 29.089583333332541, -2.914583333333852 ], [ 29.093749999999204, -2.914583333333852 ] ], [ [ 28.98124999999942, -2.964583333333792 ], [ 28.98124999999942, -2.947916666667197 ], [ 28.985416666665998, -2.943750000000456 ], [ 28.989583333332661, -2.943750000000456 ], [ 28.993749999999238, -2.939583333333886 ], [ 28.997916666665873, -2.939583333333886 ] ], [ [ 29.427083333332632, -2.95208333333386 ], [ 29.422916666665969, -2.956250000000473 ], [ 29.414583333332558, -2.956250000000473 ], [ 29.406249999999261, -2.964583333333792 ], [ 29.402083333332683, -2.964583333333792 ], [ 29.397916666666021, -2.960416666667179 ], [ 29.397916666666021, -2.95208333333386 ], [ 29.393749999999187, -2.947916666667197 ], [ 29.372916666665901, -2.947916666667197 ], [ 29.364583333332661, -2.956250000000473 ], [ 29.360416666666026, -2.956250000000473 ] ], [ [ 29.010416666665947, -2.970833333333736 ], [ 29.010416666665947, -2.964583333333792 ], [ 29.006249999999284, -2.960416666667179 ], [ 29.006249999999284, -2.947916666667197 ], [ 28.997916666665873, -2.939583333333886 ] ], [ [ 29.210416666665964, -2.912500000000435 ], [ 29.210416666665964, -2.918750000000422 ], [ 29.214583333332627, -2.922916666667163 ], [ 29.214583333332627, -2.935416666667145 ], [ 29.218749999999289, -2.939583333333886 ], [ 29.218749999999289, -2.943750000000456 ], [ 29.222916666666038, -2.947916666667197 ], [ 29.222916666666038, -2.956250000000473 ], [ 29.22708333333253, -2.960416666667179 ], [ 29.22708333333253, -2.96875000000049 ] ], [ [ 29.277083333332598, -2.922916666667163 ], [ 29.272916666665935, -2.927083333333826 ], [ 29.268749999999358, -2.922916666667163 ], [ 29.264583333332695, -2.922916666667163 ], [ 29.260416666665861, -2.927083333333826 ], [ 29.260416666665861, -2.931250000000439 ], [ 29.256249999999227, -2.931250000000439 ], [ 29.252083333332649, -2.935416666667145 ], [ 29.252083333332649, -2.943750000000456 ], [ 29.243749999999409, -2.95208333333386 ], [ 29.239583333332575, -2.95208333333386 ], [ 29.235416666665913, -2.956250000000473 ], [ 29.235416666665913, -2.960416666667179 ], [ 29.22708333333253, -2.96875000000049 ] ], [ [ 29.458333333332575, -2.972916666667153 ], [ 29.443749999999255, -2.972916666667153 ], [ 29.435416666666043, -2.964583333333792 ], [ 29.435416666666043, -2.960416666667179 ], [ 29.427083333332632, -2.95208333333386 ] ], [ [ 28.856249999999335, -2.991666666667072 ], [ 28.856249999999335, -2.985416666667085 ], [ 28.860416666665913, -2.981250000000507 ], [ 28.860416666665913, -2.943750000000456 ], [ 28.864583333332575, -2.939583333333886 ], [ 28.864583333332575, -2.935416666667145 ], [ 28.86874999999938, -2.931250000000439 ], [ 28.86874999999938, -2.927083333333826 ], [ 28.872916666665958, -2.922916666667163 ], [ 28.872916666665958, -2.918750000000422 ], [ 28.877083333332621, -2.914583333333852 ], [ 28.877083333332621, -2.910416666667103 ], [ 28.86874999999938, -2.902083333333835 ], [ 28.86874999999938, -2.897916666667129 ], [ 28.877083333332621, -2.889583333333817 ], [ 28.877083333332621, -2.856250000000507 ], [ 28.881249999999284, -2.852083333333717 ] ], [ [ 28.916666666666032, -2.985416666667085 ], [ 28.922916666666026, -2.985416666667085 ], [ 28.927083333332689, -2.989583333333826 ], [ 28.952083333332638, -2.989583333333826 ] ], [ [ 29.22708333333253, -2.96875000000049 ], [ 29.231249999999335, -2.972916666667153 ], [ 29.231249999999335, -2.989583333333826 ] ], [ [ 29.266666666665941, -2.981250000000507 ], [ 29.260416666665861, -2.981250000000507 ], [ 29.256249999999227, -2.985416666667085 ], [ 29.256249999999227, -2.989583333333826 ], [ 29.231249999999335, -2.989583333333826 ] ], [ [ 29.52291666666585, -2.991666666667072 ], [ 29.52291666666585, -2.985416666667085 ], [ 29.518749999999272, -2.981250000000507 ], [ 29.518749999999272, -2.977083333333766 ], [ 29.514583333332638, -2.972916666667153 ], [ 29.514583333332638, -2.96875000000049 ], [ 29.51041666666606, -2.964583333333792 ], [ 29.51041666666606, -2.956250000000473 ], [ 29.506249999999227, -2.95208333333386 ], [ 29.51041666666606, -2.947916666667197 ], [ 29.506249999999227, -2.943750000000456 ], [ 29.506249999999227, -2.935416666667145 ], [ 29.51041666666606, -2.931250000000439 ], [ 29.51041666666606, -2.922916666667163 ], [ 29.502083333332564, -2.914583333333852 ], [ 29.493749999999324, -2.914583333333852 ], [ 29.489583333332689, -2.918750000000422 ], [ 29.485416666665941, -2.918750000000422 ] ], [ [ 28.952083333332638, -2.989583333333826 ], [ 28.956249999999216, -2.993750000000489 ], [ 28.964583333332712, -2.993750000000489 ], [ 28.977083333332502, -2.981250000000507 ], [ 28.977083333332502, -2.96875000000049 ], [ 28.98124999999942, -2.964583333333792 ] ], [ [ 29.062499999999261, -2.985416666667085 ], [ 29.068749999999255, -2.985416666667085 ], [ 29.072916666665918, -2.989583333333826 ], [ 29.072916666665918, -2.993750000000489 ] ], [ [ 29.072916666665918, -2.993750000000489 ], [ 29.093749999999204, -2.972916666667153 ], [ 29.093749999999204, -2.964583333333792 ], [ 29.097916666666038, -2.960416666667179 ], [ 29.10624999999925, -2.960416666667179 ], [ 29.114583333332746, -2.95208333333386 ], [ 29.114583333332746, -2.947916666667197 ], [ 29.118749999999324, -2.943750000000456 ], [ 29.118749999999324, -2.939583333333886 ], [ 29.122916666665986, -2.935416666667145 ], [ 29.122916666665986, -2.931250000000439 ] ], [ [ 29.147916666665935, -2.947916666667197 ], [ 29.156249999999318, -2.956250000000473 ], [ 29.156249999999318, -2.960416666667179 ], [ 29.168749999999392, -2.972916666667153 ], [ 29.168749999999392, -2.981250000000507 ], [ 29.172916666665969, -2.985416666667085 ], [ 29.172916666665969, -2.989583333333826 ], [ 29.177083333332632, -2.993750000000489 ] ], [ [ 29.179166666665878, -2.954166666667149 ], [ 29.18541666666593, -2.960416666667179 ], [ 29.18541666666593, -2.964583333333792 ], [ 29.189583333332678, -2.96875000000049 ], [ 29.189583333332678, -2.972916666667153 ], [ 29.18541666666593, -2.977083333333766 ], [ 29.18541666666593, -2.985416666667085 ], [ 29.181249999999267, -2.989583333333826 ], [ 29.181249999999267, -2.993750000000489 ], [ 29.177083333332632, -2.993750000000489 ] ], [ [ 29.360416666666026, -2.956250000000473 ], [ 29.360416666666026, -2.964583333333792 ], [ 29.356249999999363, -2.96875000000049 ], [ 29.356249999999363, -2.993750000000489 ] ], [ [ 29.306249999999295, -2.970833333333736 ], [ 29.306249999999295, -2.977083333333766 ], [ 29.302083333332718, -2.981250000000507 ], [ 29.306249999999295, -2.985416666667085 ], [ 29.302083333332718, -2.989583333333826 ], [ 29.302083333332718, -2.993750000000489 ], [ 29.297916666665884, -2.997916666667102 ], [ 29.297916666665884, -3.0020833333338 ], [ 29.302083333332718, -3.006250000000421 ] ], [ [ 29.331249999999329, -3.006250000000421 ], [ 29.31874999999917, -3.006250000000421 ], [ 29.314583333332592, -3.0020833333338 ], [ 29.31041666666593, -3.006250000000421 ], [ 29.302083333332718, -3.006250000000421 ] ], [ [ 29.356249999999363, -2.993750000000489 ], [ 29.352083333332615, -2.997916666667102 ], [ 29.352083333332615, -3.0020833333338 ], [ 29.343749999999375, -3.0020833333338 ], [ 29.339583333332456, -2.997916666667102 ], [ 29.331249999999329, -3.006250000000421 ] ], [ [ 29.12083333333257, -2.997916666667102 ], [ 29.135416666666032, -2.997916666667102 ], [ 29.147916666665935, -3.010416666667119 ], [ 29.152083333332513, -3.010416666667119 ] ], [ [ 29.152083333332513, -3.010416666667119 ], [ 29.156249999999318, -3.006250000000421 ], [ 29.160416666665981, -3.006250000000421 ], [ 29.168749999999392, -2.997916666667102 ], [ 29.172916666665969, -2.997916666667102 ], [ 29.177083333332632, -2.993750000000489 ] ], [ [ 28.916666666666032, -3.018750000000523 ], [ 28.922916666666026, -3.018750000000523 ], [ 28.927083333332689, -3.01458333333386 ], [ 28.93541666666593, -3.01458333333386 ], [ 28.939583333332592, -3.010416666667119 ], [ 28.939583333332592, -3.006250000000421 ], [ 28.943749999999312, -3.0020833333338 ], [ 28.943749999999312, -2.997916666667102 ], [ 28.952083333332638, -2.989583333333826 ] ], [ [ 29.231249999999335, -2.989583333333826 ], [ 29.22708333333253, -2.993750000000489 ], [ 29.22708333333253, -2.997916666667102 ], [ 29.222916666666038, -3.0020833333338 ], [ 29.222916666666038, -3.018750000000523 ], [ 29.22708333333253, -3.018750000000523 ] ], [ [ 29.335416666665907, -3.020833333333805 ], [ 29.335416666665907, -3.01458333333386 ], [ 29.331249999999329, -3.010416666667119 ], [ 29.331249999999329, -3.006250000000421 ] ], [ [ 29.177083333332632, -2.993750000000489 ], [ 29.18541666666593, -3.0020833333338 ], [ 29.18541666666593, -3.006250000000421 ], [ 29.189583333332678, -3.010416666667119 ], [ 29.193749999999341, -3.010416666667119 ], [ 29.202083333332581, -3.018750000000523 ], [ 29.206249999999216, -3.018750000000523 ], [ 29.210416666665964, -3.022916666667136 ], [ 29.222916666666038, -3.022916666667136 ], [ 29.22708333333253, -3.018750000000523 ] ], [ [ 29.145833333332689, -3.029166666667166 ], [ 29.152083333332513, -3.022916666667136 ], [ 29.152083333332513, -3.018750000000523 ], [ 29.156249999999318, -3.01458333333386 ], [ 29.152083333332513, -3.010416666667119 ] ], [ [ 29.22708333333253, -3.018750000000523 ], [ 29.235416666665913, -3.027083333333835 ] ], [ [ 29.241666666665992, -3.022916666667136 ], [ 29.235416666665913, -3.022916666667136 ], [ 29.235416666665913, -3.027083333333835 ] ], [ [ 29.414583333332558, -3.027083333333835 ], [ 29.406249999999261, -3.027083333333835 ], [ 29.402083333332683, -3.022916666667136 ], [ 29.402083333332683, -3.010416666667119 ], [ 29.397916666666021, -3.006250000000421 ], [ 29.389583333332524, -3.006250000000421 ], [ 29.385416666665975, -3.0020833333338 ], [ 29.381249999999397, -3.006250000000421 ], [ 29.372916666665901, -2.997916666667102 ], [ 29.368749999999238, -3.0020833333338 ], [ 29.360416666666026, -2.993750000000489 ], [ 29.356249999999363, -2.993750000000489 ] ], [ [ 29.433333333332627, -3.004166666667132 ], [ 29.427083333332632, -3.010416666667119 ], [ 29.427083333332632, -3.01458333333386 ], [ 29.422916666665969, -3.018750000000523 ], [ 29.414583333332558, -3.018750000000523 ], [ 29.414583333332558, -3.027083333333835 ] ], [ [ 28.949999999999221, -3.039583333333816 ], [ 28.956249999999216, -3.039583333333816 ], [ 28.956249999999216, -3.035416666667153 ], [ 28.960416666665878, -3.031250000000455 ], [ 28.964583333332712, -3.031250000000455 ], [ 28.972916666665924, -3.022916666667136 ], [ 28.972916666665924, -3.01458333333386 ], [ 28.977083333332502, -3.010416666667119 ], [ 28.977083333332502, -2.997916666667102 ], [ 28.98124999999942, -2.993750000000489 ], [ 28.98124999999942, -2.989583333333826 ], [ 28.985416666665998, -2.985416666667085 ], [ 28.985416666665998, -2.96875000000049 ], [ 28.98124999999942, -2.964583333333792 ] ], [ [ 29.235416666665913, -3.027083333333835 ], [ 29.235416666665913, -3.031250000000455 ], [ 29.239583333332575, -3.035416666667153 ], [ 29.239583333332575, -3.039583333333816 ], [ 29.247916666666072, -3.04791666666717 ] ], [ [ 29.302083333332718, -3.006250000000421 ], [ 29.297916666665884, -3.010416666667119 ], [ 29.277083333332598, -3.010416666667119 ], [ 29.272916666665935, -3.01458333333386 ], [ 29.268749999999358, -3.01458333333386 ], [ 29.264583333332695, -3.018750000000523 ], [ 29.264583333332695, -3.031250000000455 ], [ 29.260416666665861, -3.035416666667153 ], [ 29.256249999999227, -3.035416666667153 ], [ 29.247916666666072, -3.043750000000429 ], [ 29.247916666666072, -3.04791666666717 ] ], [ [ 29.439583333332621, -3.04791666666717 ], [ 29.43124999999921, -3.039583333333816 ], [ 29.427083333332632, -3.039583333333816 ], [ 29.414583333332558, -3.027083333333835 ] ], [ [ 29.462499999999409, -3.004166666667132 ], [ 29.456249999999329, -3.010416666667119 ], [ 29.456249999999329, -3.022916666667136 ], [ 29.447916666665918, -3.031250000000455 ], [ 29.447916666665918, -3.035416666667153 ], [ 29.443749999999255, -3.039583333333816 ], [ 29.443749999999255, -3.043750000000429 ], [ 29.439583333332621, -3.04791666666717 ] ], [ [ 29.470833333332621, -3.033333333333864 ], [ 29.464583333332655, -3.039583333333816 ], [ 29.460416666665992, -3.039583333333816 ], [ 29.456249999999329, -3.043750000000429 ], [ 29.452083333332496, -3.043750000000429 ], [ 29.443749999999255, -3.052083333333748 ], [ 29.439583333332621, -3.04791666666717 ] ], [ [ 28.966666666665958, -3.052083333333748 ], [ 28.985416666665998, -3.052083333333748 ], [ 28.989583333332661, -3.056250000000489 ] ], [ [ 28.989583333332661, -3.056250000000489 ], [ 28.997916666665873, -3.056250000000489 ], [ 29.002083333332706, -3.060416666667145 ], [ 29.006249999999284, -3.060416666667145 ], [ 29.010416666665947, -3.064583333333765 ], [ 29.01458333333261, -3.064583333333765 ] ], [ [ 29.01458333333261, -3.064583333333765 ], [ 29.031249999999318, -3.04791666666717 ], [ 29.031249999999318, -3.043750000000429 ], [ 29.035416666666066, -3.039583333333816 ], [ 29.035416666666066, -3.035416666667153 ], [ 29.043749999999307, -3.027083333333835 ], [ 29.056249999999352, -3.027083333333835 ], [ 29.072916666665918, -3.010416666667119 ], [ 29.072916666665918, -3.006250000000421 ], [ 29.068749999999255, -3.0020833333338 ], [ 29.068749999999255, -2.997916666667102 ], [ 29.072916666665918, -2.993750000000489 ] ], [ [ 29.116666666665907, -3.052083333333748 ], [ 29.122916666665986, -3.052083333333748 ], [ 29.135416666666032, -3.064583333333765 ], [ 29.135416666666032, -3.068750000000463 ], [ 29.13958333333261, -3.072916666667204 ], [ 29.147916666665935, -3.072916666667204 ] ], [ [ 29.147916666665935, -3.072916666667204 ], [ 29.152083333332513, -3.068750000000463 ], [ 29.160416666665981, -3.068750000000463 ], [ 29.168749999999392, -3.060416666667145 ], [ 29.172916666665969, -3.060416666667145 ], [ 29.177083333332632, -3.056250000000489 ], [ 29.177083333332632, -3.052083333333748 ], [ 29.181249999999267, -3.04791666666717 ], [ 29.189583333332678, -3.04791666666717 ], [ 29.193749999999341, -3.052083333333748 ], [ 29.197916666666003, -3.052083333333748 ], [ 29.202083333332581, -3.04791666666717 ], [ 29.210416666665964, -3.04791666666717 ], [ 29.218749999999289, -3.056250000000489 ], [ 29.222916666666038, -3.056250000000489 ], [ 29.22708333333253, -3.060416666667145 ], [ 29.231249999999335, -3.056250000000489 ], [ 29.235416666665913, -3.060416666667145 ], [ 29.239583333332575, -3.060416666667145 ], [ 29.247916666666072, -3.052083333333748 ], [ 29.247916666666072, -3.04791666666717 ] ], [ [ 29.354166666665947, -3.0541666666672 ], [ 29.360416666666026, -3.060416666667145 ], [ 29.364583333332661, -3.060416666667145 ], [ 29.364583333332661, -3.072916666667204 ] ], [ [ 28.958333333332632, -3.079166666667113 ], [ 28.977083333332502, -3.060416666667145 ], [ 28.985416666665998, -3.060416666667145 ], [ 28.989583333332661, -3.056250000000489 ] ], [ [ 29.089583333332541, -3.066666666667174 ], [ 29.089583333332541, -3.072916666667204 ], [ 29.093749999999204, -3.077083333333782 ] ], [ [ 29.399999999999267, -3.070833333333795 ], [ 29.393749999999187, -3.077083333333782 ], [ 29.385416666665975, -3.077083333333782 ], [ 29.377083333332735, -3.068750000000463 ], [ 29.368749999999238, -3.068750000000463 ], [ 29.364583333332661, -3.072916666667204 ] ], [ [ 29.04166666666589, -3.087500000000468 ], [ 29.052083333332604, -3.077083333333782 ], [ 29.060416666666015, -3.077083333333782 ], [ 29.064583333332678, -3.081250000000523 ], [ 29.068749999999255, -3.081250000000523 ], [ 29.072916666665918, -3.085416666667058 ], [ 29.077083333332638, -3.085416666667058 ], [ 29.081249999999386, -3.081250000000523 ], [ 29.085416666665964, -3.081250000000523 ], [ 29.089583333332541, -3.077083333333782 ], [ 29.093749999999204, -3.077083333333782 ] ], [ [ 29.247916666666072, -3.04791666666717 ], [ 29.252083333332649, -3.052083333333748 ], [ 29.252083333332649, -3.072916666667204 ], [ 29.260416666665861, -3.081250000000523 ], [ 29.256249999999227, -3.085416666667058 ] ], [ [ 29.283333333332649, -3.089583333333799 ], [ 29.264583333332695, -3.089583333333799 ], [ 29.260416666665861, -3.085416666667058 ], [ 29.256249999999227, -3.085416666667058 ] ], [ [ 29.093749999999204, -3.077083333333782 ], [ 29.097916666666038, -3.077083333333782 ], [ 29.110416666665913, -3.089583333333799 ], [ 29.110416666665913, -3.093750000000497 ] ], [ [ 29.110416666665913, -3.093750000000497 ], [ 29.114583333332746, -3.093750000000497 ], [ 29.118749999999324, -3.089583333333799 ], [ 29.122916666665986, -3.089583333333799 ], [ 29.127083333332564, -3.093750000000497 ], [ 29.131249999999199, -3.089583333333799 ], [ 29.135416666666032, -3.089583333333799 ], [ 29.13958333333261, -3.085416666667058 ], [ 29.13958333333261, -3.081250000000523 ], [ 29.147916666665935, -3.072916666667204 ] ], [ [ 29.102083333332672, -3.097916666667118 ], [ 29.10624999999925, -3.093750000000497 ], [ 29.110416666665913, -3.093750000000497 ] ], [ [ 29.108333333332666, -3.104166666667147 ], [ 29.102083333332672, -3.097916666667118 ] ], [ [ 29.504166666665981, -3.085416666667058 ], [ 29.485416666665941, -3.085416666667058 ], [ 29.481249999999278, -3.089583333333799 ], [ 29.481249999999278, -3.097916666667118 ], [ 29.4770833333327, -3.102083333333816 ], [ 29.4770833333327, -3.106250000000387 ] ], [ [ 29.458333333332575, -3.091666666667088 ], [ 29.439583333332621, -3.110416666667092 ], [ 29.435416666666043, -3.110416666667092 ] ], [ [ 28.960416666665878, -3.120833333333863 ], [ 28.960416666665878, -3.114583333333833 ], [ 28.98124999999942, -3.093750000000497 ], [ 28.985416666665998, -3.093750000000497 ], [ 29.01458333333261, -3.064583333333765 ] ], [ [ 29.072916666665918, -3.118750000000411 ], [ 29.077083333332638, -3.114583333333833 ], [ 29.081249999999386, -3.114583333333833 ], [ 29.097916666666038, -3.097916666667118 ], [ 29.102083333332672, -3.097916666667118 ] ], [ [ 29.424999999999386, -3.091666666667088 ], [ 29.418749999999307, -3.097916666667118 ], [ 29.414583333332558, -3.097916666667118 ], [ 29.410416666665924, -3.102083333333816 ], [ 29.414583333332558, -3.106250000000387 ], [ 29.402083333332683, -3.118750000000411 ], [ 29.406249999999261, -3.122916666667152 ] ], [ [ 29.435416666666043, -3.110416666667092 ], [ 29.43124999999921, -3.114583333333833 ], [ 29.427083333332632, -3.114583333333833 ], [ 29.422916666665969, -3.118750000000411 ], [ 29.418749999999307, -3.118750000000411 ], [ 29.414583333332558, -3.122916666667152 ], [ 29.406249999999261, -3.122916666667152 ] ], [ [ 29.460416666665992, -3.122916666667152 ], [ 29.447916666665918, -3.122916666667152 ], [ 29.435416666666043, -3.110416666667092 ] ], [ [ 29.4770833333327, -3.106250000000387 ], [ 29.472916666665782, -3.110416666667092 ], [ 29.468749999999204, -3.110416666667092 ], [ 29.464583333332655, -3.114583333333833 ], [ 29.464583333332655, -3.118750000000411 ], [ 29.460416666665992, -3.122916666667152 ] ], [ [ 29.541666666666003, -3.058333333333778 ], [ 29.547916666666055, -3.064583333333765 ], [ 29.547916666666055, -3.068750000000463 ], [ 29.556249999999295, -3.077083333333782 ], [ 29.552083333332632, -3.081250000000523 ], [ 29.552083333332632, -3.097916666667118 ], [ 29.547916666666055, -3.102083333333816 ], [ 29.547916666666055, -3.110416666667092 ], [ 29.535416666665924, -3.122916666667152 ], [ 29.514583333332638, -3.122916666667152 ], [ 29.51041666666606, -3.118750000000411 ], [ 29.497916666665986, -3.118750000000411 ], [ 29.493749999999324, -3.114583333333833 ], [ 29.489583333332689, -3.114583333333833 ], [ 29.481249999999278, -3.106250000000387 ], [ 29.4770833333327, -3.106250000000387 ] ], [ [ 29.062499999999261, -3.137500000000458 ], [ 29.068749999999255, -3.131250000000428 ], [ 29.068749999999255, -3.122916666667152 ], [ 29.072916666665918, -3.118750000000411 ] ], [ [ 29.191666666665924, -3.125000000000441 ], [ 29.197916666666003, -3.131250000000428 ], [ 29.197916666666003, -3.135416666667211 ], [ 29.210416666665964, -3.135416666667211 ] ], [ [ 29.216666666666043, -3.135416666667211 ], [ 29.210416666665964, -3.135416666667211 ] ], [ [ 29.224999999999284, -3.108333333333846 ], [ 29.235416666665913, -3.118750000000411 ], [ 29.235416666665913, -3.122916666667152 ], [ 29.231249999999335, -3.12708333333368 ], [ 29.231249999999335, -3.131250000000428 ], [ 29.235416666665913, -3.135416666667211 ] ], [ [ 29.256249999999227, -3.085416666667058 ], [ 29.252083333332649, -3.089583333333799 ], [ 29.252083333332649, -3.102083333333816 ], [ 29.247916666666072, -3.106250000000387 ], [ 29.247916666666072, -3.122916666667152 ], [ 29.235416666665913, -3.135416666667211 ] ], [ [ 29.016666666666026, -3.129166666667182 ], [ 29.02708333333257, -3.139583333333867 ], [ 29.031249999999318, -3.139583333333867 ] ], [ [ 29.031249999999318, -3.139583333333867 ], [ 29.035416666666066, -3.135416666667211 ], [ 29.039583333332729, -3.135416666667211 ], [ 29.047916666665969, -3.12708333333368 ], [ 29.052083333332604, -3.12708333333368 ], [ 29.056249999999352, -3.122916666667152 ], [ 29.064583333332678, -3.122916666667152 ], [ 29.068749999999255, -3.118750000000411 ], [ 29.072916666665918, -3.118750000000411 ] ], [ [ 29.235416666665913, -3.135416666667211 ], [ 29.235416666665913, -3.139583333333867 ], [ 29.231249999999335, -3.143750000000445 ] ], [ [ 29.210416666665964, -3.135416666667211 ], [ 29.218749999999289, -3.143750000000445 ], [ 29.222916666666038, -3.139583333333867 ], [ 29.22708333333253, -3.143750000000445 ], [ 29.22708333333253, -3.147916666667186 ] ], [ [ 29.231249999999335, -3.143750000000445 ], [ 29.22708333333253, -3.147916666667186 ] ], [ [ 29.254166666666066, -3.152083333333714 ], [ 29.247916666666072, -3.152083333333714 ], [ 29.239583333332575, -3.143750000000445 ], [ 29.231249999999335, -3.143750000000445 ] ], [ [ 29.145833333332689, -3.150000000000475 ], [ 29.152083333332513, -3.143750000000445 ], [ 29.168749999999392, -3.143750000000445 ], [ 29.172916666665969, -3.147916666667186 ], [ 29.177083333332632, -3.147916666667186 ], [ 29.181249999999267, -3.152083333333714 ], [ 29.181249999999267, -3.156250000000504 ] ], [ [ 29.181249999999267, -3.156250000000504 ], [ 29.189583333332678, -3.156250000000504 ], [ 29.193749999999341, -3.152083333333714 ], [ 29.210416666665964, -3.152083333333714 ], [ 29.214583333332627, -3.156250000000504 ], [ 29.218749999999289, -3.156250000000504 ], [ 29.222916666666038, -3.16041666666716 ], [ 29.22708333333253, -3.16041666666716 ] ], [ [ 29.22708333333253, -3.147916666667186 ], [ 29.22708333333253, -3.16041666666716 ] ], [ [ 29.12083333333257, -3.164583333333773 ], [ 29.143749999999272, -3.164583333333773 ], [ 29.147916666665935, -3.168750000000479 ], [ 29.156249999999318, -3.168750000000479 ], [ 29.160416666665981, -3.164583333333773 ], [ 29.164583333332644, -3.164583333333773 ], [ 29.168749999999392, -3.16041666666716 ], [ 29.172916666665969, -3.16041666666716 ], [ 29.177083333332632, -3.156250000000504 ], [ 29.181249999999267, -3.156250000000504 ] ], [ [ 29.508333333332644, -3.158333333333744 ], [ 29.502083333332564, -3.164583333333773 ], [ 29.502083333332564, -3.168750000000479 ] ], [ [ 29.508333333332644, -3.168750000000479 ], [ 29.502083333332564, -3.168750000000479 ] ], [ [ 28.989583333332661, -3.162500000000492 ], [ 28.989583333332661, -3.168750000000479 ], [ 28.993749999999238, -3.172916666667049 ] ], [ [ 28.993749999999238, -3.172916666667049 ], [ 29.006249999999284, -3.172916666667049 ], [ 29.010416666665947, -3.168750000000479 ], [ 29.01458333333261, -3.168750000000479 ], [ 29.031249999999318, -3.152083333333714 ], [ 29.02708333333257, -3.147916666667186 ], [ 29.031249999999318, -3.143750000000445 ], [ 29.031249999999318, -3.139583333333867 ] ], [ [ 29.372916666665901, -3.145833333333769 ], [ 29.372916666665901, -3.172916666667049 ] ], [ [ 29.406249999999261, -3.122916666667152 ], [ 29.402083333332683, -3.12708333333368 ], [ 29.397916666666021, -3.12708333333368 ], [ 29.393749999999187, -3.131250000000428 ], [ 29.393749999999187, -3.135416666667211 ], [ 29.385416666665975, -3.143750000000445 ], [ 29.385416666665975, -3.156250000000504 ], [ 29.381249999999397, -3.16041666666716 ], [ 29.381249999999397, -3.164583333333773 ], [ 29.372916666665901, -3.172916666667049 ] ], [ [ 28.993749999999238, -3.177083333333833 ], [ 28.993749999999238, -3.172916666667049 ] ], [ [ 29.493749999999324, -3.177083333333833 ], [ 29.489583333332689, -3.177083333333833 ], [ 29.481249999999278, -3.168750000000479 ], [ 29.4770833333327, -3.168750000000479 ], [ 29.4770833333327, -3.156250000000504 ], [ 29.468749999999204, -3.147916666667186 ], [ 29.464583333332655, -3.147916666667186 ], [ 29.460416666665992, -3.143750000000445 ], [ 29.460416666665992, -3.122916666667152 ] ], [ [ 29.502083333332564, -3.168750000000479 ], [ 29.493749999999324, -3.177083333333833 ] ], [ [ 29.508333333332644, -3.187500000000526 ], [ 29.502083333332564, -3.181250000000496 ], [ 29.497916666665986, -3.181250000000496 ], [ 29.493749999999324, -3.177083333333833 ] ], [ [ 28.962499999999295, -3.189583333333815 ], [ 28.972916666665924, -3.189583333333815 ], [ 28.98124999999942, -3.181250000000496 ], [ 28.989583333332661, -3.181250000000496 ], [ 28.993749999999238, -3.177083333333833 ] ], [ [ 29.22708333333253, -3.16041666666716 ], [ 29.22708333333253, -3.177083333333833 ], [ 29.222916666666038, -3.181250000000496 ], [ 29.222916666666038, -3.185416666667066 ], [ 29.218749999999289, -3.189583333333815 ] ], [ [ 29.372916666665901, -3.172916666667049 ], [ 29.372916666665901, -3.177083333333833 ], [ 29.368749999999238, -3.181250000000496 ], [ 29.372916666665901, -3.185416666667066 ], [ 29.372916666665901, -3.189583333333815 ], [ 29.368749999999238, -3.193750000000342 ] ], [ [ 29.070833333332672, -3.193750000000342 ], [ 29.089583333332541, -3.193750000000342 ], [ 29.093749999999204, -3.197916666667126 ], [ 29.097916666666038, -3.193750000000342 ], [ 29.102083333332672, -3.197916666667126 ], [ 29.10624999999925, -3.197916666667126 ], [ 29.110416666665913, -3.193750000000342 ], [ 29.118749999999324, -3.193750000000342 ], [ 29.122916666665986, -3.189583333333815 ], [ 29.127083333332564, -3.189583333333815 ], [ 29.135416666666032, -3.181250000000496 ], [ 29.160416666665981, -3.181250000000496 ], [ 29.164583333332644, -3.185416666667066 ], [ 29.189583333332678, -3.185416666667066 ], [ 29.193749999999341, -3.189583333333815 ], [ 29.218749999999289, -3.189583333333815 ] ], [ [ 29.433333333332627, -3.181250000000496 ], [ 29.427083333332632, -3.181250000000496 ], [ 29.418749999999307, -3.189583333333815 ], [ 29.414583333332558, -3.189583333333815 ], [ 29.410416666665924, -3.193750000000342 ], [ 29.406249999999261, -3.189583333333815 ], [ 29.385416666665975, -3.189583333333815 ], [ 29.377083333332735, -3.197916666667126 ], [ 29.372916666665901, -3.193750000000342 ], [ 29.368749999999238, -3.193750000000342 ] ], [ [ 28.987499999999244, -3.204166666667113 ], [ 28.993749999999238, -3.197916666667126 ], [ 28.997916666665873, -3.197916666667126 ], [ 28.997916666665873, -3.185416666667066 ], [ 28.993749999999238, -3.181250000000496 ], [ 28.993749999999238, -3.177083333333833 ] ], [ [ 29.218749999999289, -3.189583333333815 ], [ 29.218749999999289, -3.210416666667101 ], [ 29.214583333332627, -3.214583333333849 ], [ 29.214583333332627, -3.227083333333823 ] ], [ [ 29.222916666666038, -3.21666666666713 ], [ 29.222916666666038, -3.22291666666716 ], [ 29.218749999999289, -3.227083333333823 ], [ 29.214583333332627, -3.227083333333823 ] ], [ [ 29.012499999999363, -3.227083333333823 ], [ 29.02708333333257, -3.227083333333823 ], [ 29.031249999999318, -3.22291666666716 ], [ 29.035416666666066, -3.227083333333823 ], [ 29.039583333332729, -3.227083333333823 ], [ 29.043749999999307, -3.231250000000436 ] ], [ [ 29.043749999999307, -3.231250000000436 ], [ 29.047916666665969, -3.231250000000436 ], [ 29.056249999999352, -3.22291666666716 ], [ 29.060416666666015, -3.22291666666716 ], [ 29.064583333332678, -3.218750000000462 ], [ 29.072916666665918, -3.218750000000462 ], [ 29.077083333332638, -3.22291666666716 ], [ 29.077083333332638, -3.227083333333823 ], [ 29.085416666665964, -3.235416666667135 ] ], [ [ 29.085416666665964, -3.235416666667135 ], [ 29.089583333332541, -3.235416666667135 ], [ 29.093749999999204, -3.231250000000436 ], [ 29.110416666665913, -3.231250000000436 ], [ 29.118749999999324, -3.239583333333755 ], [ 29.122916666665986, -3.239583333333755 ] ], [ [ 29.154166666665901, -3.202083333333867 ], [ 29.164583333332644, -3.202083333333867 ], [ 29.177083333332632, -3.214583333333849 ], [ 29.177083333332632, -3.22291666666716 ], [ 29.189583333332678, -3.235416666667135 ], [ 29.189583333332678, -3.239583333333755 ] ], [ [ 29.18541666666593, -3.243750000000496 ], [ 29.189583333332678, -3.239583333333755 ] ], [ [ 29.214583333332627, -3.227083333333823 ], [ 29.214583333332627, -3.243750000000496 ] ], [ [ 29.116666666665907, -3.250000000000441 ], [ 29.122916666665986, -3.243750000000496 ], [ 29.122916666665986, -3.239583333333755 ] ], [ [ 29.122916666665986, -3.239583333333755 ], [ 29.127083333332564, -3.239583333333755 ], [ 29.131249999999199, -3.235416666667135 ], [ 29.13958333333261, -3.235416666667135 ], [ 29.143749999999272, -3.239583333333755 ], [ 29.160416666665981, -3.239583333333755 ], [ 29.168749999999392, -3.247916666667159 ], [ 29.172916666665969, -3.247916666667159 ], [ 29.177083333332632, -3.243750000000496 ], [ 29.18541666666593, -3.243750000000496 ] ], [ [ 29.179166666665878, -3.250000000000441 ], [ 29.18541666666593, -3.243750000000496 ] ], [ [ 29.189583333332678, -3.239583333333755 ], [ 29.193749999999341, -3.243750000000496 ], [ 29.202083333332581, -3.243750000000496 ], [ 29.206249999999216, -3.247916666667159 ], [ 29.210416666665964, -3.247916666667159 ], [ 29.214583333332627, -3.243750000000496 ] ], [ [ 29.368749999999238, -3.193750000000342 ], [ 29.368749999999238, -3.197916666667126 ], [ 29.360416666666026, -3.20625000000053 ], [ 29.360416666666026, -3.22291666666716 ], [ 29.356249999999363, -3.227083333333823 ], [ 29.356249999999363, -3.231250000000436 ], [ 29.343749999999375, -3.243750000000496 ], [ 29.347916666665952, -3.247916666667159 ], [ 29.347916666665952, -3.252083333333772 ] ], [ [ 29.364583333332661, -3.252083333333772 ], [ 29.347916666665952, -3.252083333333772 ] ], [ [ 29.458333333332575, -3.202083333333867 ], [ 29.452083333332496, -3.202083333333867 ], [ 29.447916666665918, -3.197916666667126 ], [ 29.427083333332632, -3.197916666667126 ], [ 29.422916666665969, -3.202083333333867 ], [ 29.406249999999261, -3.202083333333867 ], [ 29.397916666666021, -3.210416666667101 ], [ 29.397916666666021, -3.214583333333849 ], [ 29.389583333332524, -3.22291666666716 ], [ 29.385416666665975, -3.22291666666716 ], [ 29.381249999999397, -3.218750000000462 ], [ 29.372916666665901, -3.218750000000462 ], [ 29.372916666665901, -3.235416666667135 ], [ 29.364583333332661, -3.243750000000496 ], [ 29.364583333332661, -3.252083333333772 ] ], [ [ 29.387499999999363, -3.247916666667159 ], [ 29.381249999999397, -3.247916666667159 ], [ 29.377083333332735, -3.252083333333772 ], [ 29.364583333332661, -3.252083333333772 ] ], [ [ 29.058333333332598, -3.26875000000053 ], [ 29.068749999999255, -3.26875000000053 ], [ 29.077083333332638, -3.260416666667176 ], [ 29.077083333332638, -3.247916666667159 ], [ 29.081249999999386, -3.243750000000496 ], [ 29.081249999999386, -3.239583333333755 ], [ 29.085416666665964, -3.235416666667135 ] ], [ [ 29.214583333332627, -3.243750000000496 ], [ 29.22708333333253, -3.25625000000047 ], [ 29.22708333333253, -3.264583333333789 ], [ 29.239583333332575, -3.277083333333806 ] ], [ [ 29.274999999999352, -3.243750000000496 ], [ 29.260416666665861, -3.243750000000496 ], [ 29.252083333332649, -3.252083333333772 ], [ 29.247916666666072, -3.252083333333772 ], [ 29.243749999999409, -3.25625000000047 ], [ 29.243749999999409, -3.260416666667176 ], [ 29.247916666666072, -3.264583333333789 ], [ 29.247916666666072, -3.26875000000053 ], [ 29.239583333332575, -3.277083333333806 ] ], [ [ 29.335416666665907, -3.16666666666719 ], [ 29.335416666665907, -3.177083333333833 ], [ 29.331249999999329, -3.181250000000496 ], [ 29.331249999999329, -3.189583333333815 ], [ 29.327083333332666, -3.193750000000342 ], [ 29.327083333332666, -3.214583333333849 ], [ 29.31874999999917, -3.22291666666716 ], [ 29.31874999999917, -3.227083333333823 ], [ 29.322916666666003, -3.231250000000436 ], [ 29.322916666666003, -3.264583333333789 ], [ 29.331249999999329, -3.272916666667193 ], [ 29.327083333332666, -3.277083333333806 ] ], [ [ 29.347916666665952, -3.252083333333772 ], [ 29.347916666665952, -3.260416666667176 ], [ 29.331249999999329, -3.277083333333806 ], [ 29.327083333332666, -3.277083333333806 ] ], [ [ 29.012499999999363, -3.287500000000371 ], [ 29.006249999999284, -3.281250000000504 ], [ 29.006249999999284, -3.277083333333806 ], [ 29.01458333333261, -3.26875000000053 ], [ 29.010416666665947, -3.264583333333789 ], [ 29.010416666665947, -3.25625000000047 ], [ 29.022916666665992, -3.243750000000496 ], [ 29.02708333333257, -3.243750000000496 ], [ 29.031249999999318, -3.239583333333755 ], [ 29.035416666666066, -3.239583333333755 ], [ 29.043749999999307, -3.231250000000436 ] ], [ [ 29.364583333332661, -3.072916666667204 ], [ 29.364583333332661, -3.085416666667058 ], [ 29.360416666666026, -3.089583333333799 ], [ 29.356249999999363, -3.089583333333799 ], [ 29.347916666665952, -3.097916666667118 ], [ 29.347916666665952, -3.102083333333816 ], [ 29.335416666665907, -3.114583333333833 ], [ 29.331249999999329, -3.114583333333833 ], [ 29.327083333332666, -3.118750000000411 ], [ 29.327083333332666, -3.122916666667152 ], [ 29.322916666666003, -3.12708333333368 ], [ 29.322916666666003, -3.139583333333867 ], [ 29.314583333332592, -3.147916666667186 ], [ 29.31041666666593, -3.147916666667186 ], [ 29.302083333332718, -3.156250000000504 ], [ 29.297916666665884, -3.156250000000504 ], [ 29.293749999999307, -3.16041666666716 ], [ 29.293749999999307, -3.164583333333773 ], [ 29.289583333332644, -3.168750000000479 ], [ 29.289583333332644, -3.214583333333849 ], [ 29.293749999999307, -3.218750000000462 ], [ 29.293749999999307, -3.22291666666716 ], [ 29.306249999999295, -3.235416666667135 ], [ 29.306249999999295, -3.243750000000496 ], [ 29.31041666666593, -3.247916666667159 ], [ 29.31041666666593, -3.260416666667176 ], [ 29.306249999999295, -3.264583333333789 ], [ 29.306249999999295, -3.26875000000053 ], [ 29.302083333332718, -3.272916666667193 ], [ 29.302083333332718, -3.277083333333806 ], [ 29.297916666665884, -3.281250000000504 ], [ 29.297916666665884, -3.293750000000486 ] ], [ [ 29.327083333332666, -3.277083333333806 ], [ 29.322916666666003, -3.277083333333806 ], [ 29.31874999999917, -3.281250000000504 ], [ 29.314583333332592, -3.281250000000504 ], [ 29.306249999999295, -3.289583333333823 ], [ 29.302083333332718, -3.289583333333823 ], [ 29.297916666665884, -3.293750000000486 ] ], [ [ 29.239583333332575, -3.277083333333806 ], [ 29.252083333332649, -3.289583333333823 ], [ 29.252083333332649, -3.293750000000486 ], [ 29.260416666665861, -3.30208333333384 ], [ 29.260416666665861, -3.306250000000418 ], [ 29.264583333332695, -3.310416666667159 ], [ 29.264583333332695, -3.314583333333815 ], [ 29.268749999999358, -3.318750000000435 ] ], [ [ 29.297916666665884, -3.293750000000486 ], [ 29.293749999999307, -3.297916666667099 ], [ 29.293749999999307, -3.30208333333384 ], [ 29.289583333332644, -3.306250000000418 ], [ 29.285416666665981, -3.30208333333384 ], [ 29.277083333332598, -3.310416666667159 ], [ 29.272916666665935, -3.310416666667159 ], [ 29.268749999999358, -3.314583333333815 ], [ 29.268749999999358, -3.318750000000435 ] ], [ [ 29.268749999999358, -3.318750000000435 ], [ 29.272916666665935, -3.322916666667133 ], [ 29.272916666665935, -3.341666666666643 ] ] ] } }
]
}
