river,year,month,water_level,runoff,temp_max_observed,temp_min_observed,precip_observed,temp_source,precip_source,era5_grid,era5_t2m_mean,era5_t2m_min,era5_t2m_max,era5_tp_sum,era5_u10_mean,era5_v10_mean,era5_d2m_mean,era5_msl_mean,temp_max_imputed,temp_min_imputed,precip_bias_factor,precip_imputed,ndvi,water_level_imputed_v2,wl_imputed_v2,water_level_m
Nyamagana,2000,1,,,33.50485000000003,15.512020000000009,30.170507774082665,MPARAMBO,MPARAMBO,grid_m3.00_29.25,23.36130986559141,15.512020000000009,33.50485000000003,13.79632955728,0.4312333652324731,0.2965176901629032,12.748414166666691,101028.42993951614,True,True,2.186850324850525,True,,,False,771.309
Jiji,2000,1,0.704516129032258,,21.4483870967742,9.948387096774196,125.60000000000002,MPOTA (Tora),MPOTA (Tora),grid_m4.00_29.75,19.1179850403226,13.81442000000004,26.968770000000006,222.82671966332,-0.1655578919032795,0.2202421197887903,15.303634919354865,101206.45866935483,False,False,0.7469623692808592,False,,0.704516129032258,False,771.309
Kaburantwa,2000,1,,0.71,33.50485000000003,15.512020000000009,30.459723372868403,MPARAMBO,MPARAMBO,grid_m3.00_29.25,23.36130986559141,15.512020000000009,33.50485000000003,13.79632955728,0.4312333652324731,0.2965176901629032,12.748414166666691,101028.42993951614,True,True,2.207813552612297,True,,,False,771.309
Mulembwe,2000,1,1.239354838709677,20.05,21.4483870967742,9.948387096774196,125.60000000000002,MPOTA (Tora),MPOTA (Tora),grid_m4.00_29.50,20.917637526881776,17.59014000000002,26.177760000000035,470.14832389116,-0.2265037933807258,0.7538127690944221,17.810260981182807,101096.17909946236,False,False,0.3376177859350189,False,,1.239354838709677,False,771.309
Nyengwe,2000,1,,12.99,28.36774193548387,18.76129032258064,203.0,NYANZA LAC (IRAT),NYANZA LAC (IRAT),grid_m4.25_29.50,23.00358565860216,20.24276000000004,26.17013000000003,300.4238600667,0.0174727585537096,0.6784927624068549,18.92188009408602,101021.74663978496,False,False,0.3658537084356579,False,,,False,771.309
Mutimbuzi,2000,1,,13.16,30.041935483870965,19.045161290322586,103.1,BUJUMBURA (Aeroport),BUJUMBURA (Aeroport),grid_m3.25_29.25,24.76391608870972,17.111630000000048,34.89156000000003,9.49335093558,0.4264988741169355,0.4249500968788978,13.597944825268826,101008.31014784946,False,False,1.5476478434872514,False,,,False,771.309
Rusizi,2000,1,,,30.041935483870965,19.045161290322586,103.1,BUJUMBURA (Aeroport),BUJUMBURA (Aeroport),grid_m3.25_29.25,24.76391608870972,17.111630000000048,34.89156000000003,9.49335093558,0.4264988741169355,0.4249500968788978,13.597944825268826,101008.31014784946,False,False,1.5043629271954442,False,,,False,771.309
Buzimba,2000,1,1.746451612903226,20.05,28.36774193548387,18.76129032258064,203.0,NYANZA LAC (IRAT),NYANZA LAC (IRAT),grid_m4.00_29.50,20.917637526881776,17.59014000000002,26.177760000000035,470.14832389116,-0.2265037933807258,0.7538127690944221,17.810260981182807,101096.17909946236,False,False,0.2550133648657899,False,,1.746451612903226,False,771.309
Nyakagunda,2000,1,,,29.42867000000001,13.153099999999997,103.71048931288249,MPARAMBO,MPARAMBO,grid_m2.75_29.00,20.730956908602195,13.153099999999997,29.42867000000001,51.95713049372,-0.5158406225748656,-0.067364723484051,11.766223413978537,101122.47043010753,True,True,1.9960780806672505,True,,,False,771.309
Nyengwe,2000,2,,10.18,28.83103448275861,18.42068965517241,97.2,NYANZA LAC (IRAT),NYANZA LAC (IRAT),grid_m4.25_29.50,23.33303982758622,20.6832,26.24377000000004,196.43831216894,0.065078668326954,0.8192128145093391,18.86400652298852,101140.77818965518,False,False,0.3658537084356579,False,0.740547086811367,0.8758968376596599,True,771.2643333333334
Jiji,2000,2,0.7762068965517241,,20.88275862068966,9.455172413793104,223.2,MPOTA (Tora),MPOTA (Tora),grid_m4.00_29.75,19.10164152298853,14.616570000000024,27.285300000000007,203.8996223148,0.0350662106686781,0.4742056308804598,15.287688520114957,101332.76722701149,False,False,0.7469623692808592,False,0.74937148616656,0.7762068965517241,False,771.2643333333334
Buzimba,2000,2,1.773448275862069,18.99,28.83103448275861,18.42068965517241,97.2,NYANZA LAC (IRAT),NYANZA LAC (IRAT),grid_m4.00_29.50,21.04037642241383,17.922750000000008,26.277500000000032,384.27567493118,-0.1805436369377873,0.9416900286587644,17.710458994252917,101220.58047413794,False,False,0.2550133648657899,False,0.712440205920286,1.773448275862069,False,771.2643333333334
Mutimbuzi,2000,2,,20.24,29.960714285714285,18.72758620689656,37.0,BUJUMBURA (Aeroport),BUJUMBURA (Aeroport),grid_m3.25_29.25,25.48174926724141,17.25010000000003,34.848100000000045,4.69279295598,0.1239151555425287,0.4960744572390805,13.47730755747125,101119.19338362067,False,False,1.5476478434872514,False,0.640052672696848,1.5225265403772923,True,771.2643333333334
Kaburantwa,2000,2,,0.26,34.297330000000045,17.247950000000003,8.402137656103708,MPARAMBO,MPARAMBO,grid_m3.00_29.25,24.42758885057475,17.247950000000003,34.297330000000045,3.80563732212,0.3850179427641236,0.1838382409646551,11.230918965517276,101138.3545474138,True,True,2.207813552612297,True,0.647655835279237,1.2056650127549924,True,771.2643333333334
Mulembwe,2000,2,1.7193103448275862,18.99,20.88275862068966,9.455172413793104,223.2,MPOTA (Tora),MPOTA (Tora),grid_m4.00_29.50,21.04037642241383,17.922750000000008,26.277500000000032,384.27567493118,-0.1805436369377873,0.9416900286587644,17.710458994252917,101220.58047413794,False,False,0.3376177859350189,False,0.686114520480103,1.7193103448275862,False,771.2643333333334
Nyakagunda,2000,2,,,29.707480000000032,13.58584000000002,77.64009634642858,MPARAMBO,MPARAMBO,grid_m2.75_29.00,20.741868649425328,13.58584000000002,29.707480000000032,38.8963222924,-0.3143846118300287,-0.323852188040546,11.40604071839084,101252.978045977,True,True,1.9960780806672505,True,0.605434785493563,0.4847218329890352,True,771.2643333333334
Rusizi,2000,2,,,29.960714285714285,18.72758620689656,37.0,BUJUMBURA (Aeroport),BUJUMBURA (Aeroport),grid_m3.25_29.25,25.48174926724141,17.25010000000003,34.848100000000045,4.69279295598,0.1239151555425287,0.4960744572390805,13.47730755747125,101119.19338362067,False,False,1.5043629271954442,False,0.585228126677402,2.39535,True,771.2643333333334
Nyamagana,2000,2,,,34.297330000000045,17.247950000000003,8.322359214141404,MPARAMBO,MPARAMBO,grid_m3.00_29.25,24.42758885057475,17.247950000000003,34.297330000000045,3.80563732212,0.3850179427641236,0.1838382409646551,11.230918965517276,101138.3545474138,True,True,2.186850324850525,True,0.574746333223111,0.5650294162826416,True,771.2643333333334
Jiji,2000,3,0.9074193548387096,,20.367741935483867,9.896774193548383,272.1,MPOTA (Tora),MPOTA (Tora),grid_m4.00_29.75,18.765078561827977,14.769370000000038,25.146500000000003,284.2473976635,-0.4061975167896505,0.3591598787701613,15.87938838709681,101281.72328629032,False,False,0.7469623692808592,False,0.6101217545798425,0.9074193548387096,False,771.45
Kaburantwa,2000,3,,0.26,31.91885000000002,16.54934000000003,54.6317924274048,MPARAMBO,MPARAMBO,grid_m3.00_29.25,23.258001572580667,16.54934000000003,31.91885000000002,24.74474910382,0.1413337747309946,0.5629792364220431,13.20474104838712,101095.10251344086,True,True,2.207813552612297,True,0.7320913879380491,1.4443506086027362,True,771.45
Nyakagunda,2000,3,,,28.22775000000001,13.67172000000005,88.59869398416033,MPARAMBO,MPARAMBO,grid_m2.75_29.00,20.48602604838709,13.67172000000005,28.22775000000001,44.38638690654,-0.8423928090951612,0.2873234709127688,11.711330376344108,101176.0151545699,True,True,1.9960780806672505,True,0.6958549290033925,0.4786899116743467,True,771.45
Buzimba,2000,3,1.821935483870968,14.97,28.064516129032263,18.08387096774193,166.4,NYANZA LAC (IRAT),NYANZA LAC (IRAT),grid_m4.00_29.50,20.74183552419356,17.761680000000013,25.59872000000001,665.39406789794,-0.2268696657113306,0.745039888546102,17.817699354838737,101159.89298387096,False,False,0.2550133648657899,False,0.3927622868417115,1.821935483870968,False,771.45
Nyengwe,2000,3,,12.16,28.064516129032263,18.08387096774193,166.4,NYANZA LAC (IRAT),NYANZA LAC (IRAT),grid_m4.25_29.50,22.70524584677424,20.09414000000004,25.920980000000043,578.67741605514,-0.0597764084072728,0.6332431710670295,19.02856580645164,101089.34428091397,False,False,0.3658537084356579,False,0.5656171314084986,0.6581473924653736,True,771.45
Mulembwe,2000,3,1.838387096774194,14.97,20.367741935483867,9.896774193548383,272.1,MPOTA (Tora),MPOTA (Tora),grid_m4.00_29.50,20.74183552419356,17.761680000000013,25.59872000000001,665.39406789794,-0.2268696657113306,0.745039888546102,17.817699354838737,101159.89298387096,False,False,0.3376177859350189,False,0.5612781590581175,1.838387096774194,False,771.45
Nyamagana,2000,3,,,31.91885000000002,16.54934000000003,54.113062616033496,MPARAMBO,MPARAMBO,grid_m3.00_29.25,23.258001572580667,16.54934000000003,31.91885000000002,24.74474910382,0.1413337747309946,0.5629792364220431,13.20474104838712,101095.10251344086,True,True,2.186850324850525,True,0.631244051137915,0.8745272944457918,True,771.45
Rusizi,2000,3,,,29.09354838709677,18.958064516129035,149.39999999999998,BUJUMBURA (Aeroport),BUJUMBURA (Aeroport),grid_m3.25_29.25,24.373608077956987,17.49203,32.68190000000004,26.40485765856,0.3656281291555107,0.6125502834099462,14.146176370967735,101074.02739919355,False,False,1.5043629271954442,False,0.5901196697313785,2.2393500000000013,True,771.45
Mutimbuzi,2000,3,,14.4,29.09354838709677,18.958064516129035,149.39999999999998,BUJUMBURA (Aeroport),BUJUMBURA (Aeroport),grid_m3.25_29.25,24.373608077956987,17.49203,32.68190000000004,26.40485765856,0.3656281291555107,0.6125502834099462,14.146176370967735,101074.02739919355,False,False,1.5476478434872514,False,0.670324696311092,1.238624990619556,True,771.45
Kaburantwa,2000,4,,0.65,30.470540000000028,16.01504,53.07422292205212,MPARAMBO,MPARAMBO,grid_m3.00_29.25,22.67851651388895,16.01504,30.470540000000028,24.03926856018,0.1543158857254166,0.7489469950475,13.476783777777824,101175.73909722223,True,True,2.207813552612297,True,0.7288203482946805,1.5958393086308371,True,771.638
Mulembwe,2000,4,1.4349999999999998,13.43,20.74,10.159999999999998,156.5,MPOTA (Tora),MPOTA (Tora),grid_m4.00_29.50,20.825627124999983,18.028279999999995,24.97164000000004,387.99333602922,-0.1261949111370833,0.627218478675,17.82516973611115,101225.76511805555,False,False,0.3376177859350189,False,0.384425005954085,1.4349999999999998,False,771.638
Jiji,2000,4,0.8393333333333335,,20.74,10.159999999999998,156.5,MPOTA (Tora),MPOTA (Tora),grid_m4.00_29.75,18.88682208333336,14.99642,24.21664000000004,148.34475512510002,-1.0099785473958334,0.3999723852670556,15.254175805555576,101345.96545833332,False,False,0.7469623692808592,False,0.6723550666556005,0.8393333333333335,False,771.638
Buzimba,2000,4,1.828333333333333,13.43,28.90333333333334,18.43,39.0,NYANZA LAC (IRAT),NYANZA LAC (IRAT),grid_m4.00_29.50,20.825627124999983,18.028279999999995,24.97164000000004,387.99333602922,-0.1261949111370833,0.627218478675,17.82516973611115,101225.76511805555,False,False,0.2550133648657899,False,0.36954013091664,1.828333333333333,False,771.638
Nyakagunda,2000,4,,,28.093530000000044,14.163540000000012,55.794762447627846,MPARAMBO,MPARAMBO,grid_m2.75_29.00,20.510099763888945,14.163540000000012,28.093530000000044,27.95219434952,-1.391022384060139,0.89074386959775,11.26026881944449,101244.48179166668,True,True,1.9960780806672505,True,0.6390663263758549,0.4941324769585251,True,771.638
Nyamagana,2000,4,,,30.470540000000028,16.01504,52.57028225999864,MPARAMBO,MPARAMBO,grid_m3.00_29.25,22.67851651388895,16.01504,30.470540000000028,24.03926856018,0.1543158857254166,0.7489469950475,13.476783777777824,101175.73909722223,True,True,2.186850324850525,True,0.595720577368201,0.88208845536781,True,771.638
Rusizi,2000,4,,,30.03571428571428,19.357142857142858,42.1,BUJUMBURA (Aeroport),BUJUMBURA (Aeroport),grid_m3.25_29.25,24.10686313888891,17.35990000000004,31.61776000000004,13.62085349494,1.0051269731541668,0.7599957147843055,13.488407180555612,101151.13752083332,False,False,1.5043629271954442,False,0.5537147900697179,2.1989999999999994,True,771.638
Nyengwe,2000,4,,10.48,28.90333333333334,18.43,39.0,NYANZA LAC (IRAT),NYANZA LAC (IRAT),grid_m4.25_29.50,22.692331458333346,20.34072000000004,24.968530000000044,337.68439267002,0.3899943241859722,0.3615622846318055,19.13416956944445,101156.86061805557,False,False,0.3658537084356579,False,0.6374181733245445,0.7591764233346048,True,771.638
Mutimbuzi,2000,4,,14.23,30.03571428571428,19.357142857142858,42.1,BUJUMBURA (Aeroport),BUJUMBURA (Aeroport),grid_m3.25_29.25,24.10686313888891,17.35990000000004,31.61776000000004,13.62085349494,1.0051269731541668,0.7599957147843055,13.488407180555612,101151.13752083332,False,False,1.5476478434872514,False,0.6679713719548465,1.6760215285600104,True,771.638
Kaburantwa,2000,5,,0.31,31.863950000000045,15.737760000000035,1.974991920274694,MPARAMBO,MPARAMBO,grid_m3.00_29.25,23.29265881720437,15.737760000000035,31.863950000000045,0.89454651546,0.4770523798648521,0.9293748441088712,11.52699244623659,101261.08980510752,True,True,2.207813552612297,True,0.6784858351465615,1.4445763979699882,True,771.324
Buzimba,2000,5,1.6883870967741936,11.02,30.98064516129032,17.951612903225808,0.0,NYANZA LAC (IRAT),NYANZA LAC (IRAT),grid_m4.00_29.50,21.588651491935536,17.71096,25.995600000000024,147.44091015934,0.1080141375741129,0.5558816927283602,17.690296747311834,101310.52649193548,False,False,0.2550133648657899,False,0.558034379634798,1.6883870967741936,False,771.324
Jiji,2000,5,0.6032258064516127,,21.48387096774193,9.316129032258065,7.5,MPOTA (Tora),MPOTA (Tora),grid_m4.00_29.75,20.020481008064507,15.618250000000046,25.953520000000022,39.86930835182,-1.1588735680681452,0.6170271044115592,13.614536250000016,101416.73583333332,False,False,0.7469623692808592,False,0.7291123633909615,0.6032258064516127,False,771.324
Rusizi,2000,5,,,31.31111111111112,19.003703703703703,0.0,BUJUMBURA (Aeroport),BUJUMBURA (Aeroport),grid_m3.25_29.25,24.37572922043012,16.280730000000005,32.78582,0.05531311012,1.388774544170699,1.1627339051011292,12.408379784946248,101237.3921034946,False,False,1.5043629271954442,False,0.544673129508796,3.567499999999996,True,771.324
Nyamagana,2000,5,,,31.863950000000045,15.737760000000035,1.956239337927606,MPARAMBO,MPARAMBO,grid_m3.00_29.25,23.29265881720437,15.737760000000035,31.863950000000045,0.89454651546,0.4770523798648521,0.9293748441088712,11.52699244623659,101261.08980510752,True,True,2.186850324850525,True,0.4737082461146965,0.7135771675155632,True,771.324
Mutimbuzi,2000,5,,7.9,31.31111111111112,19.003703703703703,0.0,BUJUMBURA (Aeroport),BUJUMBURA (Aeroport),grid_m3.25_29.25,24.37572922043012,16.280730000000005,32.78582,0.05531311012,1.388774544170699,1.1627339051011292,12.408379784946248,101237.3921034946,False,False,1.5476478434872514,False,0.598452051831205,1.7264210850074626,True,771.324
Nyakagunda,2000,5,,,29.238500000000045,14.548550000000034,5.449079033700079,MPARAMBO,MPARAMBO,grid_m2.75_29.00,21.0542518413979,14.548550000000034,29.238500000000045,2.72989272638,-1.6293640532137097,1.1741455090143011,10.101303319892509,101333.12510752688,True,True,1.9960780806672505,True,0.4959736516332055,0.3957675422427031,True,771.324
Nyengwe,2000,5,,10.3,30.98064516129032,17.951612903225808,0.0,NYANZA LAC (IRAT),NYANZA LAC (IRAT),grid_m4.25_29.50,23.7426624865592,21.07577000000004,26.18700000000001,93.62554567836,0.9183641249658602,0.2698381343603494,18.64294138440863,101233.37409274194,False,False,0.3658537084356579,False,0.6309438687316395,0.8983879815939844,True,771.324
Mulembwe,2000,5,1.0529032258064517,11.02,21.48387096774193,9.316129032258065,7.5,MPOTA (Tora),MPOTA (Tora),grid_m4.00_29.50,21.588651491935536,17.71096,25.995600000000024,147.44091015934,0.1080141375741129,0.5558816927283602,17.690296747311834,101310.52649193548,False,False,0.3376177859350189,False,0.4256083679604689,1.0529032258064517,False,771.324
Jiji,2000,6,0.5396666666666668,,20.633333333333333,7.393333333333332,0.0,MPOTA (Tora),MPOTA (Tora),grid_m4.00_29.75,19.425148333333368,14.481700000000046,25.60390000000001,20.80774300214,-1.0649070105302778,0.9553911906988888,11.428828472222222,101557.73202777778,False,False,0.7469623692808592,False,0.672513286129869,0.5396666666666668,False,771.166
Rusizi,2000,6,,,29.84444444444444,16.923333333333332,0.0,BUJUMBURA (Aeroport),BUJUMBURA (Aeroport),grid_m3.25_29.25,23.26522472222223,15.68643000000003,31.32165000000004,0.30708313038,1.2884173716768057,1.4272566956106807,12.138130638888924,101396.13322916666,False,False,1.5043629271954442,False,0.4422126945946429,2.1269499999999963,True,771.166
Kaburantwa,2000,6,,0.19,30.41930000000002,15.103480000000047,1.013815153136825,MPARAMBO,MPARAMBO,grid_m3.00_29.25,22.05891509722221,15.103480000000047,30.41930000000002,0.4591941887199999,0.5636099711479167,1.0333208748180556,11.041150097222271,101416.5158125,True,True,2.207813552612297,True,0.5666321921049364,1.592723434101989,True,771.166
Mulembwe,2000,6,0.7013333333333331,3.09,20.633333333333333,7.393333333333332,0.0,MPOTA (Tora),MPOTA (Tora),grid_m4.00_29.50,20.65520387500004,16.891080000000045,24.578100000000006,86.11679121562,0.2052996954934722,0.6614730031016667,16.413143819444485,101462.165375,False,False,0.3376177859350189,False,0.353811046617666,0.7013333333333331,False,771.166
Nyamagana,2000,6,,,30.41930000000002,15.103480000000047,1.004188960771805,MPARAMBO,MPARAMBO,grid_m3.00_29.25,22.05891509722221,15.103480000000047,30.41930000000002,0.4591941887199999,0.5636099711479167,1.0333208748180556,11.041150097222271,101416.5158125,True,True,2.186850324850525,True,0.3775287037968849,0.570499623655914,True,771.166
Mutimbuzi,2000,6,,1.83,29.84444444444444,16.923333333333332,0.0,BUJUMBURA (Aeroport),BUJUMBURA (Aeroport),grid_m3.25_29.25,23.26522472222223,15.68643000000003,31.32165000000004,0.30708313038,1.2884173716768057,1.4272566956106807,12.138130638888924,101396.13322916666,False,False,1.5476478434872514,False,0.50163236374499,0.9664986449477552,True,771.166
Buzimba,2000,6,1.6346666666666665,3.09,30.583333333333336,16.76666666666667,0.0,NYANZA LAC (IRAT),NYANZA LAC (IRAT),grid_m4.00_29.50,20.65520387500004,16.891080000000045,24.578100000000006,86.11679121562,0.2052996954934722,0.6614730031016667,16.413143819444485,101462.165375,False,False,0.2550133648657899,False,0.439063044802131,1.6346666666666665,False,771.166
Nyakagunda,2000,6,,,27.944800000000043,13.632530000000031,1.2925501012149003,MPARAMBO,MPARAMBO,grid_m2.75_29.00,19.76157901388893,13.632530000000031,27.944800000000043,0.64754485996,-1.592500324361111,1.1985362635102776,9.349729361111144,101480.49138194443,True,True,1.9960780806672505,True,0.388303917609812,0.389531612903226,True,771.166
Nyengwe,2000,6,,2.4,30.583333333333336,16.76666666666667,0.0,NYANZA LAC (IRAT),NYANZA LAC (IRAT),grid_m4.25_29.50,22.9936264166667,21.14193,25.6318,37.8208160457,1.0295849051458332,0.37220298401625,16.865352361111093,101386.6724236111,False,False,0.3658537084356579,False,0.5507013412860005,0.6943766163284382,True,771.166
Nyakagunda,2000,7,,,27.90300000000002,13.11940000000004,0.0799515524236393,MPARAMBO,MPARAMBO,grid_m2.75_29.00,19.662914569892507,13.11940000000004,27.90300000000002,0.04005432112,-1.3660836980672044,1.019592019166398,7.529850188172077,101416.05022849464,True,True,1.9960780806672505,True,0.357644562930102,0.383523387096774,True,770.908
Kaburantwa,2000,7,,0.12,31.032560000000046,13.92935,0.002105535044318,MPARAMBO,MPARAMBO,grid_m3.00_29.25,22.08058174731184,13.92935,31.032560000000046,0.0009536743,0.5009699175519221,1.1427176479973118,9.240950416666692,101349.6599327957,True,True,2.207813552612297,True,0.499812633780891,1.4907181212001157,True,770.908
Jiji,2000,7,0.4912903225806452,,21.29032258064516,7.1571428571428575,3.7,MPOTA (Tora),MPOTA (Tora),grid_m4.00_29.75,19.094985981182845,13.169500000000028,26.4948,1.87301634994,-0.5664522736334677,1.1389137776606453,9.257391491935492,101495.11323924732,False,False,0.7469623692808592,False,0.5725193006403475,0.4912903225806452,False,770.908
Mulembwe,2000,7,0.562258064516129,1.57,21.29032258064516,7.1571428571428575,3.7,MPOTA (Tora),MPOTA (Tora),grid_m4.00_29.50,20.33928673387095,16.00567000000001,25.509730000000047,8.2783698868,0.1045275453518145,0.9020002428808682,14.47790068548386,101405.74093413976,False,False,0.3376177859350189,False,0.3623092694335825,0.562258064516129,False,770.908
Rusizi,2000,7,,,29.6258064516129,17.116129032258065,0.0,BUJUMBURA (Aeroport),BUJUMBURA (Aeroport),grid_m3.25_29.25,23.45066997311829,14.573880000000033,32.01302000000004,0.0,0.9371730839583334,1.7486996204438574,10.601289045698934,101327.66279569893,False,False,1.5043629271954442,False,0.4343872360636975,2.2423999999999995,True,770.908
Buzimba,2000,7,1.5954838709677417,1.57,29.92903225806452,15.606451612903228,0.0,NYANZA LAC (IRAT),NYANZA LAC (IRAT),grid_m4.00_29.50,20.33928673387095,16.00567000000001,25.509730000000047,8.2783698868,0.1045275453518145,0.9020002428808682,14.47790068548386,101405.74093413976,False,False,0.2550133648657899,False,0.400694603749975,1.5954838709677417,False,770.908
Nyengwe,2000,7,,0.9,29.92903225806452,15.606451612903228,0.0,NYANZA LAC (IRAT),NYANZA LAC (IRAT),grid_m4.25_29.50,22.599212244623686,20.410360000000026,25.677700000000016,3.31830978266,0.7163557631658602,0.6726760657532258,14.73433004032256,101341.00973790324,False,False,0.3658537084356579,False,0.483062941801429,0.4781196184412541,True,770.908
Nyamagana,2000,7,,,31.032560000000046,13.92935,0.0020855429527565,MPARAMBO,MPARAMBO,grid_m3.00_29.25,22.08058174731184,13.92935,31.032560000000046,0.0009536743,0.5009699175519221,1.1427176479973118,9.240950416666692,101349.6599327957,True,True,2.186850324850525,True,0.3364734338743754,0.5977795026881716,True,770.908
Mutimbuzi,2000,7,,1.46,29.6258064516129,17.116129032258065,0.0,BUJUMBURA (Aeroport),BUJUMBURA (Aeroport),grid_m3.25_29.25,23.45066997311829,14.573880000000033,32.01302000000004,0.0,0.9371730839583334,1.7486996204438574,10.601289045698934,101327.66279569893,False,False,1.5476478434872514,False,0.4354739693377175,0.7418945256211114,True,770.908
Nyamagana,2000,8,,,31.66915,14.83578,0.5693532345437932,MPARAMBO,MPARAMBO,grid_m3.00_29.25,22.77563545698928,14.83578,31.66915,0.26035308776,0.7837776259334678,1.04692729955327,9.491998575268838,101352.6937701613,True,True,2.186850324850525,True,0.2926036338542485,0.683490376344086,True,770.778
Mutimbuzi,2000,8,,1.58,30.19354838709678,18.487096774193542,0.0,BUJUMBURA (Aeroport),BUJUMBURA (Aeroport),grid_m3.25_29.25,24.045300483871017,15.05453,32.63595000000004,0.23365021268,1.2089052106169356,1.5841836823103492,10.834616559139818,101329.36481182797,False,False,1.5476478434872514,False,0.3760933971069925,0.7887701710922546,True,770.778
Mulembwe,2000,8,0.4838709677419358,1.01,21.987096774193542,8.18709677419355,0.8,MPOTA (Tora),MPOTA (Tora),grid_m4.00_29.50,20.937424368279608,16.766700000000014,25.7004,59.98110757804,0.2365521651836021,0.5495892189931452,16.049329569892507,101402.00661962366,False,False,0.3376177859350189,False,0.3583284927023225,0.4838709677419358,False,770.778
Nyengwe,2000,8,,0.44,30.916129032258063,16.606451612903225,0.0,NYANZA LAC (IRAT),NYANZA LAC (IRAT),grid_m4.25_29.50,23.192810927419373,21.04406,25.839140000000043,23.68998514818,0.963701390725336,0.1593632449548387,16.284276532258104,101329.05701612904,False,False,0.3658537084356579,False,0.4447310237997754,0.6206798506898181,True,770.778
Rusizi,2000,8,,,30.19354838709678,18.487096774193542,0.0,BUJUMBURA (Aeroport),BUJUMBURA (Aeroport),grid_m3.25_29.25,24.045300483871017,15.05453,32.63595000000004,0.23365021268,1.2089052106169356,1.5841836823103492,10.834616559139818,101329.36481182797,False,False,1.5043629271954442,False,0.3973298481059595,2.268299999999998,True,770.778
Buzimba,2000,8,1.5364516129032262,1.01,30.916129032258063,16.606451612903225,0.0,NYANZA LAC (IRAT),NYANZA LAC (IRAT),grid_m4.00_29.50,20.937424368279608,16.766700000000014,25.7004,59.98110757804,0.2365521651836021,0.5495892189931452,16.049329569892507,101402.00661962366,False,False,0.2550133648657899,False,0.4047389703009275,1.5364516129032262,False,770.778
Kaburantwa,2000,8,,0.08,31.66915,14.83578,0.5748110756209869,MPARAMBO,MPARAMBO,grid_m3.00_29.25,22.77563545698928,14.83578,31.66915,0.26035308776,0.7837776259334678,1.04692729955327,9.491998575268838,101352.6937701613,True,True,2.207813552612297,True,0.4164566893762484,1.442570429382052,True,770.778
Nyakagunda,2000,8,,,28.72970000000004,13.753750000000023,0.9470451784751424,MPARAMBO,MPARAMBO,grid_m2.75_29.00,20.310311545698937,13.753750000000023,28.72970000000004,0.47445297238,-1.3365220095933548,1.1748254846364248,8.921221075268818,101428.56981182795,True,True,1.9960780806672505,True,0.3215684003488215,0.3885501075268823,True,770.778
Jiji,2000,8,0.3938709677419354,,21.987096774193542,8.18709677419355,0.8,MPOTA (Tora),MPOTA (Tora),grid_m4.00_29.75,20.231852741935484,14.865080000000034,27.190500000000043,13.6151313691,-0.7577617194818548,1.1164732492724505,10.550794274193606,101486.24483870968,False,False,0.7469623692808592,False,0.532601171059413,0.3938709677419354,False,770.778
Mutimbuzi,2000,9,,9.64,31.916666666666668,19.68,2.5,BUJUMBURA (Aeroport),BUJUMBURA (Aeroport),grid_m3.25_29.25,25.36590519444445,17.144600000000025,34.19036,0.4024505614,1.5477070696666668,1.4529808897359722,9.503570791666675,101078.19753472222,False,False,1.5476478434872514,False,0.384172933299567,1.2130612220401673,True,770.534
Rusizi,2000,9,,,31.916666666666668,19.68,2.5,BUJUMBURA (Aeroport),BUJUMBURA (Aeroport),grid_m3.25_29.25,25.36590519444445,17.144600000000025,34.19036,0.4024505614,1.5477070696666668,1.4529808897359722,9.503570791666675,101078.19753472222,False,False,1.5043629271954442,False,0.380184636250339,2.4498000000000006,True,770.534
Nyakagunda,2000,9,,,29.79910000000001,13.413100000000044,2.409016430640557,MPARAMBO,MPARAMBO,grid_m2.75_29.00,21.47186212500003,13.413100000000044,29.79910000000001,1.20687484822,-1.0549391437361666,1.1498694534736806,8.117486750000012,101198.5775625,True,True,1.9960780806672505,True,0.3390282071698035,0.386178064516129,True,770.534
Jiji,2000,9,0.3436666666666665,,23.546666666666667,9.1,4.4,MPOTA (Tora),MPOTA (Tora),grid_m4.00_29.75,21.891680388888915,15.75567000000001,28.61062000000004,10.64610482902,-0.9219082725388889,0.9274790449049306,9.741249750000009,101239.5669652778,False,False,0.7469623692808592,False,0.5235757019367685,0.3436666666666665,False,770.534
Buzimba,2000,9,1.479666666666667,5.57,31.58333333333333,18.226666666666667,23.4,NYANZA LAC (IRAT),NYANZA LAC (IRAT),grid_m4.00_29.50,22.39442615277784,17.94903000000005,27.421960000000013,55.08208279818,0.3077887231275,0.56330803827,15.85277573611114,101154.30743055556,False,False,0.2550133648657899,False,0.3430912027515604,1.479666666666667,False,770.534
Nyengwe,2000,9,,0.69,31.58333333333333,18.226666666666667,23.4,NYANZA LAC (IRAT),NYANZA LAC (IRAT),grid_m4.25_29.50,24.610935222222224,22.37298000000004,27.606040000000007,25.59924126578,0.9762443972480556,0.2117238374591666,16.271802888888942,101076.3306736111,False,False,0.3658537084356579,False,0.4314134851255125,0.8162336094635076,True,770.534
Mulembwe,2000,9,0.4366666666666666,5.57,23.546666666666667,9.1,4.4,MPOTA (Tora),MPOTA (Tora),grid_m4.00_29.50,22.39442615277784,17.94903000000005,27.421960000000013,55.08208279818,0.3077887231275,0.56330803827,15.85277573611114,101154.30743055556,False,False,0.3376177859350189,False,0.2680152508776385,0.4366666666666666,False,770.534
Kaburantwa,2000,9,,0.07,33.43655000000001,16.46682000000004,0.4663760292062209,MPARAMBO,MPARAMBO,grid_m3.00_29.25,24.09246731944449,16.46682000000004,33.43655000000001,0.2112388651,1.014768432154722,0.8774275041436111,7.917285694444502,101104.1983888889,True,True,2.207813552612297,True,0.429644487121654,1.2851514312009489,True,770.534
Nyamagana,2000,9,,,33.43655000000001,16.46682000000004,0.4619477807649912,MPARAMBO,MPARAMBO,grid_m3.00_29.25,24.09246731944449,16.46682000000004,33.43655000000001,0.2112388651,1.014768432154722,0.8774275041436111,7.917285694444502,101104.1983888889,True,True,2.186850324850525,True,0.3042080187472135,0.5666479435483865,True,770.534
Nyengwe,2000,10,,2.18,29.841379310344827,19.420689655172406,90.0,NYANZA LAC (IRAT),NYANZA LAC (IRAT),grid_m4.25_29.50,23.821098602150585,20.40936000000005,26.714,226.76157910824,0.985361016860524,0.0253568226643817,18.117973360215103,101142.114952957,False,False,0.3658537084356579,False,0.415108946226655,0.7623001821279232,True,770.4259999999999
Rusizi,2000,10,,,30.622580645161293,20.07741935483871,40.2,BUJUMBURA (Aeroport),BUJUMBURA (Aeroport),grid_m3.25_29.25,24.30782590053764,17.268430000000023,33.16696000000002,54.69036115934,1.1232571558377689,0.6588518666494624,11.866017567204324,101172.23900537634,False,False,1.5043629271954442,False,0.516490641567833,2.1450500000000003,True,770.4259999999999
Mulembwe,2000,10,0.6012903225806452,11.61,22.39677419354839,10.670967741935485,165.70000000000002,MPOTA (Tora),MPOTA (Tora),grid_m4.00_29.50,21.6382345295699,18.16560000000004,26.143700000000024,392.64559762796,0.2495132979211021,0.411372028719758,17.379600618279596,101223.76313844087,False,False,0.3376177859350189,False,0.345565688784949,0.6012903225806452,False,770.4259999999999
Kaburantwa,2000,10,,0.3,32.71127000000001,16.161950000000047,81.36840309469652,MPARAMBO,MPARAMBO,grid_m3.00_29.25,23.13290021505378,16.161950000000047,32.71127000000001,36.8547439155,0.6037652819978495,0.5085413093896505,11.43831489247316,101201.12889784948,True,True,2.207813552612297,True,0.5673328274239136,1.3348830963864966,True,770.4259999999999
Jiji,2000,10,0.4416129032258065,,22.39677419354839,10.670967741935485,165.70000000000002,MPOTA (Tora),MPOTA (Tora),grid_m4.00_29.75,20.486626075268816,15.02126000000004,28.24905000000001,174.63421818598,-0.5095474685879032,0.5149847841946237,13.589367177419376,101314.24549731184,False,False,0.7469623692808592,False,0.5132748232506865,0.4416129032258065,False,770.4259999999999
Nyamagana,2000,10,,,32.71127000000001,16.161950000000047,80.59580870389408,MPARAMBO,MPARAMBO,grid_m3.00_29.25,23.13290021505378,16.161950000000047,32.71127000000001,36.8547439155,0.6037652819978495,0.5085413093896505,11.43831489247316,101201.12889784948,True,True,2.186850324850525,True,0.4494586719851725,0.6818006259600621,True,770.4259999999999
Buzimba,2000,10,1.444516129032258,11.61,29.841379310344827,19.420689655172406,90.0,NYANZA LAC (IRAT),NYANZA LAC (IRAT),grid_m4.00_29.50,21.6382345295699,18.16560000000004,26.143700000000024,392.64559762796,0.2495132979211021,0.411372028719758,17.379600618279596,101223.76313844087,False,False,0.2550133648657899,False,0.3058261609149205,1.444516129032258,False,770.4259999999999
Nyakagunda,2000,10,,,29.37020000000001,14.064540000000022,77.22130250112619,MPARAMBO,MPARAMBO,grid_m2.75_29.00,20.734179502688164,14.064540000000022,29.37020000000001,38.68651394404,-0.7980416212809139,0.598644950925914,10.747294677419347,101294.37992607529,True,True,1.9960780806672505,True,0.5841961823206785,0.4608989642439501,True,770.4259999999999
Mutimbuzi,2000,10,,19.08,30.622580645161293,20.07741935483871,40.2,BUJUMBURA (Aeroport),BUJUMBURA (Aeroport),grid_m3.25_29.25,24.30782590053764,17.268430000000023,33.16696000000002,54.69036115934,1.1232571558377689,0.6588518666494624,11.866017567204324,101172.23900537634,False,False,1.5476478434872514,False,0.5464689486811585,1.4671989580237683,True,770.4259999999999
Jiji,2000,11,0.6479999999999999,,20.60333333333333,11.243333333333332,324.6,MPOTA (Tora),MPOTA (Tora),grid_m4.00_29.75,18.9378980555556,14.612360000000024,24.27206000000001,292.17171742906,-0.1487673676720833,0.2199639435519444,15.471779458333344,101280.57131944444,False,False,0.7469623692808592,False,0.706775324924882,0.6479999999999999,False,770.688
Mulembwe,2000,11,1.2303333333333335,17.36,20.60333333333333,11.243333333333332,324.6,MPOTA (Tora),MPOTA (Tora),grid_m4.00_29.50,20.82297022222224,18.014700000000005,24.75558000000001,596.45771960764,0.0795027609150555,0.37642417333125,17.774421319444457,101170.671875,False,False,0.3376177859350189,False,0.68051673500329,1.2303333333333335,False,770.688
Nyamagana,2000,11,,,29.63730000000004,15.230740000000026,207.9359347691168,MPARAMBO,MPARAMBO,grid_m3.00_29.25,21.80183340277779,15.230740000000026,29.63730000000004,95.08466693226,0.4454912591527777,0.1465576394269444,14.501738111111138,101164.70661111112,True,True,2.186850324850525,True,0.658293084445645,0.833109229037555,True,770.688
Nyakagunda,2000,11,,,26.58846,12.930660000000046,253.376940834839,MPARAMBO,MPARAMBO,grid_m2.75_29.00,19.53609399999999,12.930660000000046,26.58846,126.93738951842002,-0.4406537595891666,0.1807101982611111,13.4280399305556,101248.1496875,True,True,1.9960780806672505,True,0.76308262023972,0.584658654192489,True,770.688
Buzimba,2000,11,1.6563333333333328,17.36,28.056666666666665,19.37,96.0,NYANZA LAC (IRAT),NYANZA LAC (IRAT),grid_m4.00_29.50,20.82297022222224,18.014700000000005,24.75558000000001,596.45771960764,0.0795027609150555,0.37642417333125,17.774421319444457,101170.671875,False,False,0.2550133648657899,False,0.58224617773825,1.6563333333333328,False,770.688
Rusizi,2000,11,,,28.86666666666667,19.48,203.8,BUJUMBURA (Aeroport),BUJUMBURA (Aeroport),grid_m3.25_29.25,23.01122976388893,16.44586000000004,30.96346,119.96769869268,0.4472233010944444,0.0123820198476388,15.055804305555569,101135.4833125,False,False,1.5043629271954442,False,0.677676956593624,2.7318999999999996,True,770.688
Nyengwe,2000,11,,10.7,28.056666666666665,19.37,96.0,NYANZA LAC (IRAT),NYANZA LAC (IRAT),grid_m4.25_29.50,22.87734565277782,20.38928000000004,25.863,346.60911497454,0.5328217177777778,0.2801283298358333,18.749060722222225,101096.21390972222,False,False,0.3658537084356579,False,0.589904081357534,0.7403974149783883,True,770.688
Kaburantwa,2000,11,,0.32,29.63730000000004,15.230740000000026,209.92921629867,MPARAMBO,MPARAMBO,grid_m3.00_29.25,21.80183340277779,15.230740000000026,29.63730000000004,95.08466693226,0.4454912591527777,0.1465576394269444,14.501738111111138,101164.70661111112,True,True,2.207813552612297,True,0.710810358461776,1.621434208155939,True,770.688
Mutimbuzi,2000,11,,17.58,28.86666666666667,19.48,203.8,BUJUMBURA (Aeroport),BUJUMBURA (Aeroport),grid_m3.25_29.25,23.01122976388893,16.44586000000004,30.96346,119.96769869268,0.4472233010944444,0.0123820198476388,15.055804305555569,101135.4833125,False,False,1.5476478434872514,False,0.712470794582963,1.2618615512083622,True,770.688
Nyakagunda,2000,12,,,27.13394,13.559780000000046,121.13231348434364,MPARAMBO,MPARAMBO,grid_m2.75_29.00,19.52172284946238,13.559780000000046,27.13394,60.68515788914,-0.3995844318657258,0.1571428641331989,13.258782258064514,101355.50409274192,True,True,1.9960780806672505,True,0.7759814731888726,0.5917996927803383,True,770.6935000000001
Rusizi,2000,12,,,29.46129032258064,20.12258064516129,150.70000000000002,BUJUMBURA (Aeroport),BUJUMBURA (Aeroport),grid_m3.25_29.25,23.10461513440862,16.683130000000006,30.29170000000005,70.87039930448,0.2344645219500806,0.1843448573576613,15.66546302419357,101252.66487903228,False,False,1.5043629271954442,False,0.689073564799617,2.599299999999996,True,770.6935000000001
Kaburantwa,2000,12,,0.1,28.985070000000007,15.242150000000038,148.2654639566119,MPARAMBO,MPARAMBO,grid_m3.00_29.25,21.665295793010785,15.242150000000038,28.985070000000007,67.15488442454,0.4217518832972043,0.217638549381586,14.78500561827957,101278.14202956988,True,True,2.207813552612297,True,0.7414345094045895,1.7153007317495683,True,770.6935000000001
Nyengwe,2000,12,,13.33,28.277419354838703,19.38387096774193,217.8,NYANZA LAC (IRAT),NYANZA LAC (IRAT),grid_m4.25_29.50,22.458676626344072,20.228660000000048,25.59493000000004,429.85272391002,0.2441303896438172,0.5023485197623656,18.69389362903229,101231.86211021504,False,False,0.3658537084356579,False,0.494697228966274,0.7484945702933175,True,770.6935000000001
Buzimba,2000,12,1.912258064516129,15.27,28.277419354838703,19.38387096774193,217.8,NYANZA LAC (IRAT),NYANZA LAC (IRAT),grid_m4.00_29.50,20.63158625000005,18.390770000000032,25.50900000000001,617.51794838228,0.0280790646537096,0.6911926055111559,17.721132352150562,101302.32080645162,False,False,0.2550133648657899,False,0.4159512185248675,1.912258064516129,False,770.6935000000001
Jiji,2000,12,0.8112903225806453,,20.41935483870968,11.464516129032258,246.3,MPOTA (Tora),MPOTA (Tora),grid_m4.00_29.75,18.67611939516132,14.93900000000002,24.976740000000007,305.71627598582,-0.0899616161553763,0.4292651553490592,15.789777325268858,101415.76112231184,False,False,0.7469623692808592,False,0.528438380301686,0.8112903225806453,False,770.6935000000001
Nyamagana,2000,12,,,28.985070000000007,15.242150000000038,146.85768081910476,MPARAMBO,MPARAMBO,grid_m3.00_29.25,21.665295793010785,15.242150000000038,28.985070000000007,67.15488442454,0.4217518832972043,0.217638549381586,14.78500561827957,101278.14202956988,True,True,2.186850324850525,True,0.7197884148419065,1.1035943876941454,True,770.6935000000001
Mulembwe,2000,12,1.6938709677419357,15.27,20.41935483870968,11.464516129032258,246.3,MPOTA (Tora),MPOTA (Tora),grid_m4.00_29.50,20.63158625000005,18.390770000000032,25.50900000000001,617.51794838228,0.0280790646537096,0.6911926055111559,17.721132352150562,101302.32080645162,False,False,0.3376177859350189,False,0.633091953745833,1.6938709677419357,False,770.6935000000001
Mutimbuzi,2000,12,,12.2,29.46129032258064,20.12258064516129,150.70000000000002,BUJUMBURA (Aeroport),BUJUMBURA (Aeroport),grid_m3.25_29.25,23.10461513440862,16.683130000000006,30.29170000000005,70.87039930448,0.2344645219500806,0.1843448573576613,15.66546302419357,101252.66487903228,False,False,1.5476478434872514,False,0.6999945413294885,1.5095400810327302,True,770.6935000000001
Kaburantwa,2001,1,,0.67,28.581380000000024,15.711760000000028,271.9414365851096,MPARAMBO,MPARAMBO,grid_m3.00_29.25,20.85809434139788,15.711760000000028,28.581380000000024,123.17228339474,0.1691822744455914,-0.0942448858298387,15.01130755376346,101291.13929435484,True,True,2.207813552612297,True,0.703778295039915,1.7363250340297802,True,770.567
Buzimba,2001,1,1.889677419354839,16.61,28.161290322580644,19.100000000000005,162.4951537841344,NYANZA LAC (IRAT),NYANZA LAC (IRAT),grid_m4.00_29.50,20.3469503091398,16.756200000000035,24.442960000000028,637.20250062052,0.1480903627732527,0.2392590848111559,17.349114435483898,101290.50153225806,False,False,0.2550133648657899,True,0.331533344432263,1.889677419354839,False,770.567
Rusizi,2001,1,,,28.200000000000006,19.81935483870968,113.1,BUJUMBURA (Aeroport),BUJUMBURA (Aeroport),grid_m3.25_29.25,21.959743924731185,16.104270000000042,29.72787,223.77324098308,-0.441662819841129,-0.2018728351829301,16.31624981182796,101270.0514516129,False,False,1.5043629271954442,False,0.5617367535176125,2.3718,True,770.567
Jiji,2001,1,1.2851612903225809,,19.70322580645161,11.367741935483872,214.9,MPOTA (Tora),MPOTA (Tora),grid_m4.00_29.75,18.213095685483893,14.756070000000022,24.01498000000004,352.16569849538,0.2411328801461021,0.4364013265413978,15.6238015860215,101401.37517473118,False,False,0.7469623692808592,False,0.614748546790929,1.2851612903225809,False,770.567
Nyengwe,2001,1,,13.44,28.161290322580644,19.100000000000005,139.0589055705599,NYANZA LAC (IRAT),NYANZA LAC (IRAT),grid_m4.25_29.50,22.343249220430152,19.80110000000002,24.6121,380.0942900515,0.4163274058663979,0.0342400256,18.226584663978485,101217.70313844086,False,False,0.3658537084356579,True,0.4977596673719054,0.6723319103876904,True,770.567
Mulembwe,2001,1,1.945806451612903,16.61,19.70322580645161,11.367741935483872,214.9,MPOTA (Tora),MPOTA (Tora),grid_m4.00_29.50,20.3469503091398,16.756200000000035,24.442960000000028,637.20250062052,0.1480903627732527,0.2392590848111559,17.349114435483898,101290.50153225806,False,False,0.3376177859350189,False,0.317666723499466,1.945806451612903,False,770.567
Nyamagana,2001,1,,,28.581380000000024,15.711760000000028,269.3593479543681,MPARAMBO,MPARAMBO,grid_m3.00_29.25,20.85809434139788,15.711760000000028,28.581380000000024,123.17228339474,0.1691822744455914,-0.0942448858298387,15.01130755376346,101291.13929435484,True,True,2.186850324850525,True,0.6967507267650825,1.047065453281424,True,770.567
Mutimbuzi,2001,1,,15.95,28.200000000000006,19.81935483870968,113.1,BUJUMBURA (Aeroport),BUJUMBURA (Aeroport),grid_m3.25_29.25,21.959743924731185,16.104270000000042,29.72787,223.77324098308,-0.441662819841129,-0.2018728351829301,16.31624981182796,101270.0514516129,False,False,1.5476478434872514,False,0.6913143979547924,1.3323370984629277,True,770.567
Nyakagunda,2001,1,,,26.67123000000004,13.712800000000016,205.1966112807173,MPARAMBO,MPARAMBO,grid_m2.75_29.00,19.056851451612943,13.712800000000016,26.67123000000004,102.79989208244,-0.0504642203316128,-0.1771424410543682,13.645422284946278,101360.30651209678,True,True,1.9960780806672505,True,0.7380912077074795,0.6084693086233383,True,770.567
Kaburantwa,2001,2,,0.43,30.29006000000004,14.874540000000025,66.41384021548645,MPARAMBO,MPARAMBO,grid_m3.00_29.25,21.93726392857144,14.874540000000025,30.29006000000004,30.081272096960003,0.3747272708418154,0.3233665752336309,14.205889464285749,101158.3701190476,True,True,2.207813552612297,True,0.74667262577615,1.5811285409809384,True,771.031
Mulembwe,2001,2,1.7953571428571435,16.96,21.2,10.38928571428571,157.99999999999994,MPOTA (Tora),MPOTA (Tora),grid_m4.00_29.50,20.95935885416668,18.07930000000005,26.0539,532.1578972967001,-0.0621681901419642,0.7815226148322917,17.838221651785716,101195.24881696427,False,False,0.3376177859350189,False,0.496143749557165,1.7953571428571435,False,771.031
Nyamagana,2001,2,,,30.29006000000004,14.874540000000025,65.78323965715401,MPARAMBO,MPARAMBO,grid_m3.00_29.25,21.93726392857144,14.874540000000025,30.29006000000004,30.081272096960003,0.3747272708418154,0.3233665752336309,14.205889464285749,101158.3701190476,True,True,2.186850324850525,True,0.6841386688615074,1.0590185650281616,True,771.031
Mutimbuzi,2001,2,,12.43,28.688235294117646,19.488235294117644,77.19999999999999,BUJUMBURA (Aeroport),BUJUMBURA (Aeroport),grid_m3.25_29.25,23.28845443452383,16.25735000000003,30.60647,41.71466838038,0.3976561447467261,0.249938374725744,15.38081328869049,101132.03901785714,False,False,1.5476478434872514,False,0.693424813721242,1.4681088192211185,True,771.031
Rusizi,2001,2,,,28.688235294117646,19.488235294117644,77.19999999999999,BUJUMBURA (Aeroport),BUJUMBURA (Aeroport),grid_m3.25_29.25,23.28845443452383,16.25735000000003,30.60647,41.71466838038,0.3976561447467261,0.249938374725744,15.38081328869049,101132.03901785714,False,False,1.5043629271954442,False,0.647552285183417,2.261650000000001,True,771.031
Buzimba,2001,2,1.8853571428571427,16.96,28.78571428571428,19.014285714285712,135.7073760295349,NYANZA LAC (IRAT),NYANZA LAC (IRAT),grid_m4.00_29.50,20.95935885416668,18.07930000000005,26.0539,532.1578972967001,-0.0621681901419642,0.7815226148322917,17.838221651785716,101195.24881696427,False,False,0.2550133648657899,True,0.3715744959686935,1.8853571428571427,False,771.031
Jiji,2001,2,0.8175,,21.2,10.38928571428571,157.99999999999994,MPOTA (Tora),MPOTA (Tora),grid_m4.00_29.75,19.094792604166685,15.168100000000038,26.091000000000008,221.4174271764,-0.1558251837577381,0.4499694738142857,15.877624404761946,101309.18706845236,False,False,0.7469623692808592,False,0.547399755392289,0.8175,False,771.031
Nyengwe,2001,2,,11.25,28.78571428571428,19.014285714285712,128.24292877688475,NYANZA LAC (IRAT),NYANZA LAC (IRAT),grid_m4.25_29.50,22.871834300595253,20.275260000000003,25.633020000000045,350.530624181,0.1344216893970238,0.5802475614022322,18.85618933035716,101123.5983407738,False,False,0.3658537084356579,True,0.4872480683597285,0.7117014013381127,True,771.031
Nyakagunda,2001,2,,,28.424980000000005,13.749400000000035,74.37873905667438,MPARAMBO,MPARAMBO,grid_m2.75_29.00,20.208779970238083,13.749400000000035,28.424980000000005,37.2624396696,-0.6220320523924107,0.2645388556622023,12.279796815476232,101228.8625,True,True,1.9960780806672505,True,0.6885503990596971,0.4810763901689701,True,771.031
Nyamagana,2001,3,,,31.598569999999995,13.241720000000043,64.11584811202094,MPARAMBO,MPARAMBO,grid_m3.00_29.25,22.049401626344093,13.241720000000043,31.598569999999995,29.31880951496,0.3038878692743763,0.3855895786869623,14.179925672043057,101197.87170026882,True,True,2.186850324850525,True,0.659713563192776,0.8346969683393071,True,771.047
Rusizi,2001,3,,,29.274193548387093,19.53870967741936,99.9,BUJUMBURA (Aeroport),BUJUMBURA (Aeroport),grid_m3.25_29.25,23.373492029569945,16.296040000000005,32.56927000000002,28.53918086072,0.5055769047513441,0.4438118676270833,15.050762271505391,101169.0254435484,False,False,1.5043629271954442,False,0.639766188316952,2.3065000000000024,True,771.047
Buzimba,2001,3,1.8748387096774195,16.64,27.87419354838709,18.55806451612904,140.68895706247733,NYANZA LAC (IRAT),NYANZA LAC (IRAT),grid_m4.00_29.50,20.8745763306452,18.03146000000004,26.229600000000005,551.69248535864,-0.1315106831110215,0.773497529456371,17.88221120967745,101241.77342741936,False,False,0.2550133648657899,True,0.4995380668612115,1.8748387096774195,False,771.047
Jiji,2001,3,0.7700000000000001,,20.72903225806452,10.16774193548387,170.79999999999998,MPOTA (Tora),MPOTA (Tora),grid_m4.00_29.75,18.801313064516137,15.152980000000014,26.095180000000028,266.37792578434,-0.1659686379469086,0.5183535150258065,16.021279623655914,101358.51768145162,False,False,0.7469623692808592,False,0.489514897483161,0.7700000000000001,False,771.047
Mutimbuzi,2001,3,,18.45,29.274193548387093,19.53870967741936,99.9,BUJUMBURA (Aeroport),BUJUMBURA (Aeroport),grid_m3.25_29.25,23.373492029569945,16.296040000000005,32.56927000000002,28.53918086072,0.5055769047513441,0.4438118676270833,15.050762271505391,101169.0254435484,False,False,1.5476478434872514,False,0.695448083987109,1.5225799983716328,True,771.047
Nyengwe,2001,3,,12.68,27.87419354838709,18.55806451612904,164.96067442396134,NYANZA LAC (IRAT),NYANZA LAC (IRAT),grid_m4.25_29.50,22.811889543010807,20.300070000000005,26.551870000000008,450.89244859458,-0.0176020176420698,0.5788951384409946,18.98416725806453,101170.2834811828,False,False,0.3658537084356579,True,0.6279689641903621,0.7312752391607695,True,771.047
Mulembwe,2001,3,1.7419354838709675,16.64,20.72903225806452,10.16774193548387,170.79999999999998,MPOTA (Tora),MPOTA (Tora),grid_m4.00_29.50,20.8745763306452,18.03146000000004,26.229600000000005,551.69248535864,-0.1315106831110215,0.773497529456371,17.88221120967745,101241.77342741936,False,False,0.3376177859350189,False,0.5811868518790055,1.7419354838709675,False,771.047
Kaburantwa,2001,3,,0.76,31.598569999999995,13.241720000000043,64.73046499358708,MPARAMBO,MPARAMBO,grid_m3.00_29.25,22.049401626344093,13.241720000000043,31.598569999999995,29.31880951496,0.3038878692743763,0.3855895786869623,14.179925672043057,101197.87170026882,True,True,2.207813552612297,True,0.721238328446461,1.3872407532555746,True,771.047
Nyakagunda,2001,3,,,29.256770000000017,13.265160000000035,86.99252448081353,MPARAMBO,MPARAMBO,grid_m2.75_29.00,20.148743454301098,13.265160000000035,29.256770000000017,43.58172424384,-0.6909261118013441,0.4404464032284274,12.221048924731178,101272.2463844086,True,True,1.9960780806672505,True,0.6804180050806645,0.4734394854070655,True,771.047
Jiji,2001,4,1.0550000000000002,,20.75333333333333,11.21,164.6,MPOTA (Tora),MPOTA (Tora),grid_m4.00_29.75,18.84299488888888,15.127280000000042,24.42297000000002,166.96810735274002,-1.1120883313680556,0.3288774481740277,15.48874362500004,101412.46954166664,False,False,0.7469623692808592,False,0.6808892069031784,1.0550000000000002,False,771.298
Buzimba,2001,4,1.8446666666666665,16.08,29.506666666666664,19.03,111.65176447834456,NYANZA LAC (IRAT),NYANZA LAC (IRAT),grid_m4.00_29.50,20.698517875,18.02648000000005,24.63560000000001,437.8271097168,-0.076766607526875,0.5821855539998612,17.912631250000004,101289.54296527778,False,False,0.2550133648657899,True,0.4770697128769315,1.8446666666666665,False,771.298
Nyengwe,2001,4,,14.63,29.506666666666664,19.03,140.57995808846132,NYANZA LAC (IRAT),NYANZA LAC (IRAT),grid_m4.25_29.50,22.508326694444463,20.592070000000035,24.883140000000022,384.25183303338,0.4184685815726389,0.3933888960065278,19.26601111111114,101222.50253472224,False,False,0.3658537084356579,True,0.6662472551433996,0.949724245498988,True,771.298
Nyakagunda,2001,4,,,27.81695000000002,13.907500000000027,96.90366160306796,MPARAMBO,MPARAMBO,grid_m2.75_29.00,19.80129044444448,13.907500000000027,27.81695000000002,48.54702956844,-1.2583638305477778,0.8524614334370834,12.687701638888882,101325.14976388888,True,True,1.9960780806672505,True,0.7295149974407089,0.5611192396313366,True,771.298
Mulembwe,2001,4,1.9120000000000004,16.08,20.75333333333333,11.21,164.6,MPOTA (Tora),MPOTA (Tora),grid_m4.00_29.50,20.698517875,18.02648000000005,24.63560000000001,437.8271097168,-0.076766607526875,0.5821855539998612,17.912631250000004,101289.54296527778,False,False,0.3376177859350189,False,0.4733347168506295,1.9120000000000004,False,771.298
Nyamagana,2001,4,,,28.809140000000017,14.866480000000024,95.67532728764414,MPARAMBO,MPARAMBO,grid_m3.00_29.25,21.179860347222245,14.866480000000024,28.809140000000017,43.7502860623,0.3110968911560555,0.5435435194809722,14.891944652777797,101264.40008333334,True,True,2.186850324850525,True,0.6743195075980846,0.9631372358911432,True,771.298
Mutimbuzi,2001,4,,19.07,30.10333333333333,19.95357142857143,97.9,BUJUMBURA (Aeroport),BUJUMBURA (Aeroport),grid_m3.25_29.25,22.56584959722221,15.962120000000027,29.911249999999995,57.70325628458,1.1537740281,0.5282955810361111,15.268490527777772,101231.85095138889,False,False,1.5476478434872514,False,0.7588775613550285,1.9056823954564488,True,771.298
Kaburantwa,2001,4,,1.53,28.809140000000017,14.866480000000024,96.59247449901083,MPARAMBO,MPARAMBO,grid_m3.00_29.25,21.179860347222245,14.866480000000024,28.809140000000017,43.7502860623,0.3110968911560555,0.5435435194809722,14.891944652777797,101264.40008333334,True,True,2.207813552612297,True,0.7541785331422806,1.7410121035344646,True,771.298
Rusizi,2001,4,,,30.10333333333333,19.95357142857143,97.9,BUJUMBURA (Aeroport),BUJUMBURA (Aeroport),grid_m3.25_29.25,22.56584959722221,15.962120000000027,29.911249999999995,57.70325628458,1.1537740281,0.5282955810361111,15.268490527777772,101231.85095138889,False,False,1.5043629271954442,False,0.671827870076166,2.6365999999999956,True,771.298
Nyakagunda,2001,5,,,26.7328,13.423270000000002,55.53777506471189,MPARAMBO,MPARAMBO,grid_m2.75_29.00,19.580630255376377,13.423270000000002,26.7328,27.82344819204,-1.441820453576559,1.0030194602028226,12.147138615591416,101466.11592069893,True,True,1.9960780806672505,True,0.670168653434188,0.4842274423963133,True,771.2384999999999
Mulembwe,2001,5,1.6938709677419357,7.16,19.54516129032257,10.474193548387095,51.8,MPOTA (Tora),MPOTA (Tora),grid_m4.00_29.50,20.600058978494644,17.559900000000027,24.335320000000024,466.6275993316,-0.0024592084244086,0.5928238329005376,17.72508768817204,101427.54922715054,False,False,0.3376177859350189,False,0.735221220251003,1.6938709677419357,False,771.2384999999999
Rusizi,2001,5,,,29.882758620689657,19.80322580645161,9.3,BUJUMBURA (Aeroport),BUJUMBURA (Aeroport),grid_m3.25_29.25,22.61779723118281,15.841150000000027,30.043240000000026,9.97018813394,1.4138793112419354,0.8201318816925404,14.521988978494676,101368.11005376343,False,False,1.5043629271954442,False,0.633145003852394,2.682650000000004,True,771.2384999999999
Kaburantwa,2001,5,,2.6,28.564720000000023,14.25192000000004,27.257204511776973,MPARAMBO,MPARAMBO,grid_m3.00_29.25,21.2170077150538,14.25192000000004,28.564720000000023,12.3457909204,0.4479290529202553,0.6637309324260753,14.054538521505378,101401.64720430109,True,True,2.207813552612297,True,0.732644588839356,1.7734399936315013,True,771.2384999999999
Nyamagana,2001,5,,,28.564720000000023,14.25192000000004,26.998396884813403,MPARAMBO,MPARAMBO,grid_m3.00_29.25,21.2170077150538,14.25192000000004,28.564720000000023,12.3457909204,0.4479290529202553,0.6637309324260753,14.054538521505378,101401.64720430109,True,True,2.186850324850525,True,0.6174721852581325,0.7464347619047623,True,771.2384999999999
Buzimba,2001,5,1.7219354838709675,7.16,29.422580645161293,18.680645161290315,118.99627424479692,NYANZA LAC (IRAT),NYANZA LAC (IRAT),grid_m4.00_29.50,20.600058978494644,17.559900000000027,24.335320000000024,466.6275993316,-0.0024592084244086,0.5928238329005376,17.72508768817204,101427.54922715054,False,False,0.2550133648657899,True,0.744141386272333,1.7219354838709675,False,771.2384999999999
Nyengwe,2001,5,,6.8,29.422580645161293,18.680645161290315,138.16178224866394,NYANZA LAC (IRAT),NYANZA LAC (IRAT),grid_m4.25_29.50,22.62614576612907,20.42532,25.06582000000003,377.6421533061,0.6751937872737903,0.3475071322494624,18.92563970430109,101358.59123655914,False,False,0.3658537084356579,True,0.7503855561182975,0.9869515972249374,True,771.2384999999999
Jiji,2001,5,0.7393548387096773,,19.54516129032257,10.474193548387095,51.8,MPOTA (Tora),MPOTA (Tora),grid_m4.00_29.75,18.8152908602151,14.893760000000045,23.66735,147.0518108768,-1.0810711760091398,0.4861317549262097,14.507413790322572,101538.5816263441,False,False,0.7469623692808592,False,0.7748618681137995,0.7393548387096773,False,771.2384999999999
Mutimbuzi,2001,5,,7.91,29.882758620689657,19.80322580645161,9.3,BUJUMBURA (Aeroport),BUJUMBURA (Aeroport),grid_m3.25_29.25,22.61779723118281,15.841150000000027,30.043240000000026,9.97018813394,1.4138793112419354,0.8201318816925404,14.521988978494676,101368.11005376343,False,False,1.5476478434872514,False,0.6677714006756506,1.772805094454661,True,771.2384999999999
Nyamagana,2001,6,,,29.21575000000001,14.741600000000004,2.031318864763876,MPARAMBO,MPARAMBO,grid_m3.00_29.25,21.024662972222245,14.741600000000004,29.21575000000001,0.92887878136,0.5767389719164444,0.750708748842361,12.42751725000005,101481.5265,True,True,2.186850324850525,True,0.5535840014664225,0.7050333064516132,True,771.2485
Nyengwe,2001,6,,0.97,29.41538461538461,17.080769230769228,30.65455660951595,NYANZA LAC (IRAT),NYANZA LAC (IRAT),grid_m4.25_29.50,22.530240277777807,20.276940000000025,24.78353000000004,83.78910997128,0.9404678147959722,0.2598016326211111,17.35793991666668,101436.21227777778,False,False,0.3658537084356579,True,0.574319013858763,0.6423566440012367,True,771.2485
Jiji,2001,6,0.5526666666666666,,19.6,7.820000000000002,6.799999999999999,MPOTA (Tora),MPOTA (Tora),grid_m4.00_29.75,18.54206216666671,13.346519999999998,24.21926000000002,38.88082514794,-0.7600909968799999,0.7845425709080556,12.828756861111115,101604.59509722222,False,False,0.7469623692808592,False,0.680402071184363,0.5526666666666666,False,771.2485
Mulembwe,2001,6,1.013,1.13,19.6,7.820000000000002,6.799999999999999,MPOTA (Tora),MPOTA (Tora),grid_m4.00_29.50,20.28225545833334,16.651200000000017,23.972740000000044,155.65586037962,0.1801067568941944,0.5366882959288889,16.87900912500004,101508.7470625,False,False,0.3376177859350189,False,0.59391950713047,1.013,False,771.2485
Mutimbuzi,2001,6,,0.94,29.03333333333333,18.02,49.8,BUJUMBURA (Aeroport),BUJUMBURA (Aeroport),grid_m3.25_29.25,22.3753849027778,15.610929999999996,30.16497000000004,1.91259383422,1.2233901759291668,1.1326789657089444,13.413712319444471,101454.266625,False,False,1.5476478434872514,False,0.581694994128551,1.084024988274578,True,771.2485
Rusizi,2001,6,,,29.03333333333333,18.02,49.8,BUJUMBURA (Aeroport),BUJUMBURA (Aeroport),grid_m3.25_29.25,22.3753849027778,15.610929999999996,30.16497000000004,1.91259383422,1.2233901759291668,1.1326789657089444,13.413712319444471,101454.266625,False,False,1.5043629271954442,False,0.5629938365622364,2.134900000000002,True,771.2485
Kaburantwa,2001,6,,0.64,29.21575000000001,14.741600000000004,2.050791162220603,MPARAMBO,MPARAMBO,grid_m3.00_29.25,21.024662972222245,14.741600000000004,29.21575000000001,0.92887878136,0.5767389719164444,0.750708748842361,12.42751725000005,101481.5265,True,True,2.207813552612297,True,0.6919862216738311,1.7201448295383424,True,771.2485
Nyakagunda,2001,6,,,26.11270000000001,13.789450000000045,6.768279666375379,MPARAMBO,MPARAMBO,grid_m2.75_29.00,19.09865637500002,13.789450000000045,26.11270000000001,3.39078903372,-1.2958793013551388,0.9524150207611112,10.957826166666734,101546.09906944443,True,True,1.9960780806672505,True,0.5856365514038175,0.4421303341013819,True,771.2485
Buzimba,2001,6,1.5689999999999995,1.13,29.41538461538461,17.080769230769228,39.69432471648649,NYANZA LAC (IRAT),NYANZA LAC (IRAT),grid_m4.00_29.50,20.28225545833334,16.651200000000017,23.972740000000044,155.65586037962,0.1801067568941944,0.5366882959288889,16.87900912500004,101508.7470625,False,False,0.2550133648657899,True,0.5411634458182115,1.5689999999999995,False,771.2485
Kaburantwa,2001,7,,0.26,29.666,14.597800000000008,12.370018647391833,MPARAMBO,MPARAMBO,grid_m3.00_29.25,21.573413091397867,14.597800000000008,29.666,5.60283663118,0.4128074858479839,0.7706374698904569,11.913809690860203,101459.66098790323,True,True,2.207813552612297,True,0.6255149335960305,1.661534730881924,True,771.075
Nyamagana,2001,7,,,29.666,14.597800000000008,12.252565106980404,MPARAMBO,MPARAMBO,grid_m3.00_29.25,21.573413091397867,14.597800000000008,29.666,5.60283663118,0.4128074858479839,0.7706374698904569,11.913809690860203,101459.66098790323,True,True,2.186850324850525,True,0.4859669826185709,0.751053884408602,True,771.075
Mutimbuzi,2001,7,,0.4,29.09032258064516,17.46451612903226,7.6,BUJUMBURA (Aeroport),BUJUMBURA (Aeroport),grid_m3.25_29.25,23.04990216397852,15.94467000000003,30.330070000000035,3.55625154268,0.8025871818059543,1.172427309734113,13.022696465053798,101433.58544354838,False,False,1.5476478434872514,False,0.5309976700766805,0.9741928439959366,True,771.075
Mulembwe,2001,7,0.7980645161290323,0.56,20.14516129032258,7.52258064516129,27.6,MPOTA (Tora),MPOTA (Tora),grid_m4.00_29.50,20.269555201612945,16.50010000000003,24.68783000000002,87.4295233654,0.1271918307545699,0.6079479338376343,15.93262930107528,101489.24665994624,False,False,0.3376177859350189,False,0.382676617757395,0.7980645161290323,False,771.075
Nyakagunda,2001,7,,,26.529300000000035,12.677999999999995,13.8430402691899,MPARAMBO,MPARAMBO,grid_m2.75_29.00,19.243883387096787,12.677999999999995,26.529300000000035,6.93511962446,-1.209026562737903,0.8803169910407258,10.480572782258092,101527.02673387095,True,True,1.9960780806672505,True,0.5240384225293365,0.4277698156682024,True,771.075
Nyengwe,2001,7,,0.44,29.20645161290324,16.448387096774194,14.115137811272213,NYANZA LAC (IRAT),NYANZA LAC (IRAT),grid_m4.25_29.50,22.559447352150585,20.539150000000006,25.0394,38.581371422,0.8165806391196236,0.3468552853689516,16.365267486559162,101418.6604905914,False,False,0.3658537084356579,True,0.562500325949568,0.5518084828182843,True,771.075
Buzimba,2001,7,1.5267741935483867,0.56,29.20645161290324,16.448387096774194,22.29569694202285,NYANZA LAC (IRAT),NYANZA LAC (IRAT),grid_m4.00_29.50,20.269555201612945,16.50010000000003,24.68783000000002,87.4295233654,0.1271918307545699,0.6079479338376343,15.93262930107528,101489.24665994624,False,False,0.2550133648657899,True,0.4518720958251879,1.5267741935483867,False,771.075
Rusizi,2001,7,,,29.09032258064516,17.46451612903226,7.6,BUJUMBURA (Aeroport),BUJUMBURA (Aeroport),grid_m3.25_29.25,23.04990216397852,15.94467000000003,30.330070000000035,3.55625154268,0.8025871818059543,1.172427309734113,13.022696465053798,101433.58544354838,False,False,1.5043629271954442,False,0.470903451168585,2.5147000000000053,True,771.075
Jiji,2001,7,0.5109677419354839,,20.14516129032258,7.52258064516129,27.6,MPOTA (Tora),MPOTA (Tora),grid_m4.00_29.75,18.61917779569893,13.968650000000023,24.82300000000004,25.18939978078,-0.7046254676254032,0.9069676983557796,11.72702134408604,101586.0482594086,False,False,0.7469623692808592,False,0.6697560983759789,0.5109677419354839,False,771.075
Jiji,2001,8,0.4632258064516129,,21.63870967741936,7.969999999999999,31.8,MPOTA (Tora),MPOTA (Tora),grid_m4.00_29.75,19.79186811827958,13.771800000000042,26.905970000000025,10.31255729232,-0.5023658129799731,0.8341178080429651,11.357157190860278,101548.47904569891,False,False,0.7469623692808592,False,0.5951661808000415,0.4632258064516129,False,770.8555
Nyengwe,2001,8,,0.22,29.912903225806453,16.174193548387095,4.653262545271862,NYANZA LAC (IRAT),NYANZA LAC (IRAT),grid_m4.25_29.50,23.38249170698924,19.703880000000023,25.73678000000001,12.718915889,0.7105641892962365,0.0334980039407258,16.26106025537638,101380.99601478492,False,False,0.3658537084356579,True,0.504206052490453,0.5428131984550513,True,770.8555
Mulembwe,2001,8,0.7145161290322579,0.31,21.63870967741936,7.969999999999999,31.8,MPOTA (Tora),MPOTA (Tora),grid_m4.00_29.50,21.00292629032259,16.186239999999998,25.493980000000025,42.77801511822,0.1507156103009408,0.3703779403702957,16.00374930107529,101455.55971774194,False,False,0.3376177859350189,False,0.386372560639829,0.7145161290322579,False,770.8555
Buzimba,2001,8,1.472580645161291,0.31,29.912903225806453,16.174193548387095,10.908965577576913,NYANZA LAC (IRAT),NYANZA LAC (IRAT),grid_m4.00_29.50,21.00292629032259,16.186239999999998,25.493980000000025,42.77801511822,0.1507156103009408,0.3703779403702957,16.00374930107529,101455.55971774194,False,False,0.2550133648657899,True,0.422150074717192,1.472580645161291,False,770.8555
Kaburantwa,2001,8,,0.13,32.22457000000003,13.151360000000013,8.208428399704056,MPARAMBO,MPARAMBO,grid_m3.00_29.25,22.60896756720433,13.151360000000013,32.22457000000003,3.71789927188,0.3882775644664382,0.7851242988403226,10.178663857526884,101428.03485215057,True,True,2.207813552612297,True,0.5888676811901855,1.3305397826890315,True,770.8555
Nyakagunda,2001,8,,,29.18942000000004,11.565420000000016,7.34126577366098,MPARAMBO,MPARAMBO,grid_m2.75_29.00,20.321721720430105,11.565420000000016,29.18942000000004,3.67784499252,-1.0807638294491937,0.8783571387641129,9.175860376344133,101503.84733198924,True,True,1.9960780806672505,True,0.5414594314584156,0.4180813287250378,True,770.8555
Rusizi,2001,8,,,29.80909090909092,17.533333333333335,0.0,BUJUMBURA (Aeroport),BUJUMBURA (Aeroport),grid_m3.25_29.25,23.65151603494627,14.45666,32.69784000000004,1.94787979936,0.9349241748498656,1.2705323000268818,11.675474341397887,101401.11194892474,False,False,1.5043629271954442,False,0.4777584440358075,2.1537,True,770.8555
Mutimbuzi,2001,8,,0.27,29.80909090909092,17.533333333333335,0.0,BUJUMBURA (Aeroport),BUJUMBURA (Aeroport),grid_m3.25_29.25,23.65151603494627,14.45666,32.69784000000004,1.94787979936,0.9349241748498656,1.2705323000268818,11.675474341397887,101401.11194892474,False,False,1.5476478434872514,False,0.4669488072922435,0.914243721467793,True,770.8555
Nyamagana,2001,8,,,32.22457000000003,13.151360000000013,8.130489230472307,MPARAMBO,MPARAMBO,grid_m3.00_29.25,22.60896756720433,13.151360000000013,32.22457000000003,3.71789927188,0.3882775644664382,0.7851242988403226,10.178663857526884,101428.03485215057,True,True,2.186850324850525,True,0.5299855105165535,0.5897605758347486,True,770.8555
Buzimba,2001,9,1.4170000000000005,0.43,29.76333333333333,15.62,64.08938245602336,NYANZA LAC (IRAT),NYANZA LAC (IRAT),grid_m4.00_29.50,21.437119513888888,18.068930000000023,27.12466000000001,251.31773971828,0.1179847065830555,0.2799740469263889,16.756532958333366,101238.06429166668,False,False,0.2550133648657899,True,0.3136745319515894,1.4170000000000005,False,
Kaburantwa,2001,9,,0.07,31.93557000000004,16.18127000000004,19.494096507485164,MPARAMBO,MPARAMBO,grid_m3.00_29.25,22.74603616666667,16.18127000000004,31.93557000000004,8.82959364228,0.3728932907413195,0.5003096039284722,11.57486752777777,101228.4483263889,True,True,2.207813552612297,True,0.6112782566249175,1.443153042364949,True,
Rusizi,2001,9,,,30.57,18.648275862068964,62.3,BUJUMBURA (Aeroport),BUJUMBURA (Aeroport),grid_m3.25_29.25,23.761335472222243,16.24377000000004,32.43362000000002,2.82859802076,0.8421410634833333,0.6793487761633333,12.501555277777754,101198.33547916666,False,False,1.5043629271954442,False,0.4506716364666375,2.0038499999999995,True,
Nyengwe,2001,9,,0.15,29.76333333333333,15.62,39.66215734250866,NYANZA LAC (IRAT),NYANZA LAC (IRAT),grid_m4.25_29.50,23.82803230555556,20.520440000000008,26.845060000000046,108.40988195008,0.7045203524888889,-0.0799706141734722,17.3158641666667,101158.9368402778,False,False,0.3658537084356579,True,0.4948956283760975,0.4959656334702016,True,
Jiji,2001,9,0.5186666666666667,,21.6,9.45,90.9,MPOTA (Tora),MPOTA (Tora),grid_m4.00_29.75,19.94826308333336,15.302760000000037,27.51302000000004,108.32452807566,-0.2861182117811111,0.5749813720520833,13.158065527777808,101338.612375,False,False,0.7469623692808592,False,0.5741905323712084,0.5186666666666667,False,
Nyakagunda,2001,9,,,28.67965000000004,13.830500000000027,38.69464787046724,MPARAMBO,MPARAMBO,grid_m2.75_29.00,20.664463333333345,13.830500000000027,28.67965000000004,19.38533780078,-0.93645458471375,0.6547556760313195,10.39658275000005,101306.4271388889,True,True,1.9960780806672505,True,0.5294351855011465,0.4302298387096774,True,
Mutimbuzi,2001,9,,0.14,30.57,18.648275862068964,62.3,BUJUMBURA (Aeroport),BUJUMBURA (Aeroport),grid_m3.25_29.25,23.761335472222243,16.24377000000004,32.43362000000002,2.82859802076,0.8421410634833333,0.6793487761633333,12.501555277777754,101198.33547916666,False,False,1.5476478434872514,False,0.5488344320175735,1.267081035504507,True,
Nyamagana,2001,9,,,31.93557000000004,16.18127000000004,19.30899972491815,MPARAMBO,MPARAMBO,grid_m3.00_29.25,22.74603616666667,16.18127000000004,31.93557000000004,8.82959364228,0.3728932907413195,0.5003096039284722,11.57486752777777,101228.4483263889,True,True,2.186850324850525,True,0.5379125279267355,0.4574691680814944,True,
Mulembwe,2001,9,1.0433333333333332,0.43,21.6,9.45,90.9,MPOTA (Tora),MPOTA (Tora),grid_m4.00_29.50,21.437119513888888,18.068930000000023,27.12466000000001,251.31773971828,0.1179847065830555,0.2799740469263889,16.756532958333366,101238.06429166668,False,False,0.3376177859350189,False,0.2792065079420219,1.0433333333333332,False,
Mutimbuzi,2001,10,,4.32,29.906451612903226,19.77096774193549,67.60000000000001,BUJUMBURA (Aeroport),BUJUMBURA (Aeroport),grid_m3.25_29.25,23.19547655913982,15.572960000000023,32.1198,58.00414085596,1.143738278888441,0.2129391504754032,13.629113172043049,101230.3639717742,False,False,1.5476478434872514,False,0.606871984213177,1.445454079809748,True,770.771
Mulembwe,2001,10,0.9093548387096771,5.98,20.970967741935485,10.50322580645161,91.09999999999998,MPOTA (Tora),MPOTA (Tora),grid_m4.00_29.50,21.577530672043,18.382600000000025,25.80758000000003,366.7407033501,0.2041447085836021,0.2519819610151881,17.79574247311831,101255.55166666668,False,False,0.3376177859350189,False,0.384873700223975,0.9093548387096771,False,770.771
Jiji,2001,10,0.5348387096774194,,20.970967741935485,10.50322580645161,91.09999999999998,MPOTA (Tora),MPOTA (Tora),grid_m4.00_29.75,19.959431733870986,15.25857000000002,27.23869999999999,160.04419325684,-0.3144191667467741,0.418657813482258,14.874883870967778,101357.1751344086,False,False,0.7469623692808592,False,0.669322569429277,0.5348387096774194,False,770.771
Nyengwe,2001,10,,1.63,29.44193548387096,16.383333333333333,36.5,NYANZA LAC (IRAT),NYANZA LAC (IRAT),grid_m4.25_29.50,23.83591224462367,20.27627000000001,26.022550000000024,191.5178300821,0.8236751717657259,-0.0897020336120967,18.44588649193554,101174.1627016129,False,False,0.3658537084356579,False,0.603755477439718,0.6192375456000541,True,770.771
Buzimba,2001,10,1.375161290322581,5.98,29.44193548387096,16.383333333333333,36.5,NYANZA LAC (IRAT),NYANZA LAC (IRAT),grid_m4.00_29.50,21.577530672043,18.382600000000025,25.80758000000003,366.7407033501,0.2041447085836021,0.2519819610151881,17.79574247311831,101255.55166666668,False,False,0.2550133648657899,False,0.496733442067775,1.375161290322581,False,770.771
Rusizi,2001,10,,,29.906451612903226,19.77096774193549,67.60000000000001,BUJUMBURA (Aeroport),BUJUMBURA (Aeroport),grid_m3.25_29.25,23.19547655913982,15.572960000000023,32.1198,58.00414085596,1.143738278888441,0.2129391504754032,13.629113172043049,101230.3639717742,False,False,1.5043629271954442,False,0.492400718083192,2.1555000000000013,True,770.771
Nyakagunda,2001,10,,,28.41668000000004,13.832670000000007,185.30390425849643,MPARAMBO,MPARAMBO,grid_m2.75_29.00,19.92196029569897,13.832670000000007,28.41668000000004,92.83399585078,-0.6608586512572581,0.4947338709211021,12.468108790322615,101350.28970430107,True,True,1.9960780806672505,True,0.528093127831807,0.4566437327188939,True,770.771
Kaburantwa,2001,10,,0.06,31.063170000000017,15.446000000000026,126.32526222430889,MPARAMBO,MPARAMBO,grid_m3.00_29.25,21.668797043010784,15.446000000000026,31.063170000000017,57.21735971538,0.686296190591129,0.1219993910275537,13.696820967741928,101267.49604166669,True,True,2.207813552612297,True,0.625876192087247,1.489947182620396,True,770.771
Nyamagana,2001,10,,,31.063170000000017,15.446000000000026,125.12580168066808,MPARAMBO,MPARAMBO,grid_m3.00_29.25,21.668797043010784,15.446000000000026,31.063170000000017,57.21735971538,0.686296190591129,0.1219993910275537,13.696820967741928,101267.49604166669,True,True,2.186850324850525,True,0.557002371292608,0.7798394546850997,True,770.771
Nyengwe,2001,11,,8.29,28.768965517241377,30.3,125.66094203421336,NYANZA LAC (IRAT),NYANZA LAC (IRAT),grid_m4.25_29.50,23.0849840416667,20.341940000000022,25.3347,343.4731947136,0.5307738402715277,0.2925321560098611,18.729816861111143,101201.33815972222,False,False,0.3658537084356579,True,0.5439589359021495,1.6513130633533262,True,770.7760000000001
Rusizi,2001,11,,,30.11071428571429,19.59655172413794,82.89999999999999,BUJUMBURA (Aeroport),BUJUMBURA (Aeroport),grid_m3.25_29.25,22.851759611111103,16.09127000000001,32.02636000000001,53.53283885598,0.8984604738513888,0.1263849675690277,14.688022513888882,101243.36975,False,False,1.5043629271954442,False,0.5786039831632646,2.2178999999999984,True,770.7760000000001
Mulembwe,2001,11,1.1013333333333335,16.25,20.780000000000005,10.853333333333332,123.5,MPOTA (Tora),MPOTA (Tora),grid_m4.00_29.50,21.068523680555582,18.18588,25.69410000000005,537.87350639662,-0.0052138433927222,0.4024849579727778,17.753424805555596,101274.46125,False,False,0.3376177859350189,False,0.4033347118164135,1.1013333333333335,False,770.7760000000001
Buzimba,2001,11,1.2673333333333336,16.25,28.768965517241377,30.3,137.16493273836304,NYANZA LAC (IRAT),NYANZA LAC (IRAT),grid_m4.00_29.50,21.068523680555582,18.18588,25.69410000000005,537.87350639662,-0.0052138433927222,0.4024849579727778,17.753424805555596,101274.46125,False,False,0.2550133648657899,True,0.41556350284342,1.2673333333333336,False,770.7760000000001
Kaburantwa,2001,11,,0.08,30.07324,15.08540000000005,112.23238912573304,MPARAMBO,MPARAMBO,grid_m3.00_29.25,21.43593426388896,15.08540000000005,30.07324,50.83417890652,0.4226914306797639,0.210603988155,14.570758847222235,101276.3815625,True,True,2.207813552612297,True,0.7128623487981249,1.597621494672615,True,770.7760000000001
Mutimbuzi,2001,11,,23.4,30.11071428571429,19.59655172413794,82.89999999999999,BUJUMBURA (Aeroport),BUJUMBURA (Aeroport),grid_m3.25_29.25,22.851759611111103,16.09127000000001,32.02636000000001,53.53283885598,0.8984604738513888,0.1263849675690277,14.688022513888882,101243.36975,False,False,1.5476478434872514,False,0.6610652143923861,1.5962357647350185,True,770.7760000000001
Nyakagunda,2001,11,,,27.625699999999995,13.892480000000036,71.89453027543055,MPARAMBO,MPARAMBO,grid_m2.75_29.00,19.80052773611112,13.892480000000036,27.625699999999995,36.01789477664,-0.7896037626300972,0.5231514609138056,12.841326694444431,101349.0921388889,True,True,1.9960780806672505,True,0.601647983993324,0.473492592165898,True,770.7760000000001
Jiji,2001,11,0.615,,20.780000000000005,10.853333333333332,123.5,MPOTA (Tora),MPOTA (Tora),grid_m4.00_29.75,18.98416216666669,15.030850000000044,25.03980000000001,236.24992357426,-0.5080024734030556,0.1684734557529166,15.317267652777788,101393.33919444444,False,False,0.7469623692808592,False,0.5572582970139445,0.615,False,770.7760000000001
Nyamagana,2001,11,,,30.07324,15.08540000000005,111.16674065523296,MPARAMBO,MPARAMBO,grid_m3.00_29.25,21.43593426388896,15.08540000000005,30.07324,50.83417890652,0.4226914306797639,0.210603988155,14.570758847222235,101276.3815625,True,True,2.186850324850525,True,0.5878417948869086,0.795264101382488,True,770.7760000000001
Nyakagunda,2001,12,,,28.666350000000023,14.124140000000011,95.87523692374025,MPARAMBO,MPARAMBO,grid_m2.75_29.00,20.47437254032264,14.124140000000011,28.666350000000023,48.0318068979,-0.7196437195918012,0.3401327228356183,12.267910416666725,101287.00149865593,True,True,1.9960780806672505,True,0.6189368781070925,0.5405492009640337,True,770.7925
Jiji,2001,12,0.6635483870967741,,21.18064516129032,11.196774193548382,181.3,MPOTA (Tora),MPOTA (Tora),grid_m4.00_29.75,18.901356008064568,14.212030000000029,25.01910000000004,281.32867821596005,-0.3690682828927419,0.2271796187245968,15.889209381720434,101373.64079301077,False,False,0.7469623692808592,False,0.584017940003407,0.6635483870967741,False,770.7925
Buzimba,2001,12,1.3148387096774197,18.97,28.651612903225807,17.743980000000022,153.65514904491957,NYANZA LAC (IRAT),NYANZA LAC (IRAT),grid_m4.00_29.50,20.94982967741936,17.743980000000022,24.958950000000016,602.5376321973799,-0.1579614598379435,0.7913321621362903,18.18242783602153,101252.339375,False,True,0.2550133648657899,True,0.4178527320897875,1.3148387096774197,False,770.7925
Nyamagana,2001,12,,,30.874960000000044,15.679400000000044,36.58772340507501,MPARAMBO,MPARAMBO,grid_m3.00_29.25,22.49653661290324,15.679400000000044,30.874960000000044,16.73078536254,0.422685015423965,0.3966119011048387,14.050155913978529,101208.68231182796,True,True,2.186850324850525,True,0.6534696176235064,0.8938373075904437,True,770.7925
Rusizi,2001,12,,,29.854838709677423,19.84193548387096,74.6,BUJUMBURA (Aeroport),BUJUMBURA (Aeroport),grid_m3.25_29.25,23.632034637096808,17.244560000000035,31.831500000000005,40.92216476468,0.7263618250012096,0.3278180598868548,14.834401411290344,101183.9682594086,False,False,1.5043629271954442,False,0.566740936104976,2.221649999999999,True,770.7925
Kaburantwa,2001,12,,0.33,30.874960000000044,15.679400000000044,36.93845466926327,MPARAMBO,MPARAMBO,grid_m3.00_29.25,22.49653661290324,15.679400000000044,30.874960000000044,16.73078536254,0.422685015423965,0.3966119011048387,14.050155913978529,101208.68231182796,True,True,2.207813552612297,True,0.7066391578547004,1.545346055564937,True,770.7925
Mutimbuzi,2001,12,,19.65,29.854838709677423,19.84193548387096,74.6,BUJUMBURA (Aeroport),BUJUMBURA (Aeroport),grid_m3.25_29.25,23.632034637096808,17.244560000000035,31.831500000000005,40.92216476468,0.7263618250012096,0.3278180598868548,14.834401411290344,101183.9682594086,False,False,1.5476478434872514,False,0.6628430677903505,1.6047072622859666,True,770.7925
Nyengwe,2001,12,,12.52,28.651612903225807,20.384100000000046,151.2831510338562,NYANZA LAC (IRAT),NYANZA LAC (IRAT),grid_m4.25_29.50,22.9739390322581,20.384100000000046,25.18868000000004,413.50722309396,0.1310130961290188,0.7662198047387635,19.27960595430108,101179.3961626344,False,True,0.3658537084356579,True,0.6378464575914189,0.9533605165115072,True,770.7925
Mulembwe,2001,12,1.1558064516129032,18.97,21.18064516129032,11.196774193548382,181.3,MPOTA (Tora),MPOTA (Tora),grid_m4.00_29.50,20.94982967741936,17.743980000000022,24.958950000000016,602.5376321973799,-0.1579614598379435,0.7913321621362903,18.18242783602153,101252.339375,False,False,0.3376177859350189,False,0.4287371827950635,1.1558064516129032,False,770.7925
Jiji,2002,1,1.0477419354838708,,20.045161290322586,11.36774193548387,265.6,MPOTA (Tora),MPOTA (Tora),grid_m4.00_29.75,18.57457018817206,14.360860000000002,24.77633000000003,321.61068922328,-0.0260650977748655,0.4539457338037634,15.896303010752716,101435.89184139784,False,False,0.7469623692808592,False,0.67443625729334,1.0477419354838708,False,770.966
Nyamagana,2002,1,,,28.332300000000032,14.649560000000008,240.8687445830289,MPARAMBO,MPARAMBO,grid_m3.00_29.25,21.18283520161293,14.649560000000008,28.332300000000032,110.1441382823,0.2687452074684139,0.0989678901895161,15.388146532258077,101310.50946908604,True,True,2.186850324850525,True,0.7021812717454434,1.1171218557656653,True,770.966
Mutimbuzi,2002,1,,12.61,28.712903225806457,20.17419354838709,135.4,BUJUMBURA (Aeroport),BUJUMBURA (Aeroport),grid_m3.25_29.25,22.592082903225844,16.169100000000014,29.82406000000003,117.05422440626,0.1379803382215053,0.042726291200672,16.34166517473119,101282.40850806452,False,False,1.5476478434872514,False,0.713238383372473,1.4700403564346516,True,770.966
Nyengwe,2002,1,,11.18,27.6483870967742,20.31124,165.41294278880756,NYANZA LAC (IRAT),NYANZA LAC (IRAT),grid_m4.25_29.50,22.56838251344089,20.31124,25.64596,452.12864862322,0.3091084782350806,0.4306880580810484,18.8702767741936,101247.34315860216,False,True,0.3658537084356579,True,0.520201075714959,0.7524207040462922,True,770.966
Kaburantwa,2002,1,,0.34,28.332300000000032,14.649560000000008,243.17772124046493,MPARAMBO,MPARAMBO,grid_m3.00_29.25,21.18283520161293,14.649560000000008,28.332300000000032,110.1441382823,0.2687452074684139,0.0989678901895161,15.388146532258077,101310.50946908604,True,True,2.207813552612297,True,0.7458030716923549,1.7445481327766124,True,770.966
Nyakagunda,2002,1,,,27.01528000000002,13.739400000000046,167.0383057518277,MPARAMBO,MPARAMBO,grid_m2.75_29.00,19.424712379032258,13.739400000000046,27.01528000000002,83.68325235854,-0.40245774995625,0.1782952168877688,13.524657782258087,101378.61149865593,True,True,1.9960780806672505,True,0.7298361800182065,0.5932814362519205,True,770.966
Rusizi,2002,1,,,28.712903225806457,20.17419354838709,135.4,BUJUMBURA (Aeroport),BUJUMBURA (Aeroport),grid_m3.25_29.25,22.592082903225844,16.169100000000014,29.82406000000003,117.05422440626,0.1379803382215053,0.042726291200672,16.34166517473119,101282.40850806452,False,False,1.5043629271954442,False,0.6329015038621291,2.411949999999993,True,770.966
Buzimba,2002,1,1.323225806451613,16.05,27.6483870967742,18.08340000000004,150.81244873461208,NYANZA LAC (IRAT),NYANZA LAC (IRAT),grid_m4.00_29.50,20.667393333333337,18.08340000000004,25.86816000000005,591.39037208494,0.0329775550672043,0.5651964161241264,17.894711948924737,101318.63496639786,False,True,0.2550133648657899,True,0.3280794466007355,1.323225806451613,False,770.966
Mulembwe,2002,1,2.407096774193549,16.05,20.045161290322586,11.36774193548387,265.6,MPOTA (Tora),MPOTA (Tora),grid_m4.00_29.50,20.667393333333337,18.08340000000004,25.86816000000005,591.39037208494,0.0329775550672043,0.5651964161241264,17.894711948924737,101318.63496639786,False,False,0.3376177859350189,False,0.378702788597757,2.407096774193549,False,770.966
Buzimba,2002,2,1.4539285714285717,14.85,29.84642857142856,18.50320000000005,127.75863724908722,NYANZA LAC (IRAT),NYANZA LAC (IRAT),grid_m4.00_29.50,21.38703476190477,18.50320000000005,25.839620000000025,500.98800632008,-0.13286229541375,0.6975192568705357,18.26522904761908,101273.41016369048,False,True,0.2550133648657899,True,0.6061261988767275,1.4539285714285717,False,771.11
Jiji,2002,2,0.7903571428571426,,22.07142857142857,11.250000000000002,71.49999999999999,MPOTA (Tora),MPOTA (Tora),grid_m4.00_29.75,19.563778154761906,15.855520000000013,25.84072000000004,226.21440853714,-0.4045268699425595,0.3655911859454464,16.003266160714304,101391.39826636904,False,False,0.7469623692808592,False,0.668487036664948,0.7903571428571426,False,771.11
Nyengwe,2002,2,,4.69,29.84642857142856,20.60080000000005,123.89181825154805,NYANZA LAC (IRAT),NYANZA LAC (IRAT),grid_m4.25_29.50,23.30236139880958,20.60080000000005,25.64083000000005,338.63759036718,0.1731011299659226,0.5584521057446429,19.45902736607144,101199.39211309524,False,True,0.3658537084356579,True,0.6331370933600671,1.068623393410015,True,771.11
Mutimbuzi,2002,2,,10.61,30.4,20.388461538461545,122.1,BUJUMBURA (Aeroport),BUJUMBURA (Aeroport),grid_m3.25_29.25,23.55209709821429,16.721280000000036,31.008500000000023,43.92933855548,0.638215178527381,0.2730691542602678,15.826598080357144,101211.23326636905,False,False,1.5476478434872514,False,0.688096030763544,1.719326648734821,True,771.11
Nyamagana,2002,2,,,30.072050000000047,15.679830000000038,54.14121729747418,MPARAMBO,MPARAMBO,grid_m3.00_29.25,22.154854196428573,15.679830000000038,30.072050000000047,24.757623639,0.4249132928059018,0.3249650204483631,14.74614809523814,101240.94104166668,True,True,2.186850324850525,True,0.664994140489094,0.919254670400974,True,771.11
Rusizi,2002,2,,,30.4,20.388461538461545,122.1,BUJUMBURA (Aeroport),BUJUMBURA (Aeroport),grid_m3.25_29.25,23.55209709821429,16.721280000000036,31.008500000000023,43.92933855548,0.638215178527381,0.2730691542602678,15.826598080357144,101211.23326636905,False,False,1.5043629271954442,False,0.627999104260066,2.5747499999999963,True,771.11
Kaburantwa,2002,2,,0.07,30.072050000000047,15.679830000000038,54.66021700065878,MPARAMBO,MPARAMBO,grid_m3.00_29.25,22.154854196428573,15.679830000000038,30.072050000000047,24.757623639,0.4249132928059018,0.3249650204483631,14.74614809523814,101240.94104166668,True,True,2.207813552612297,True,0.7244981697447325,1.6317436210918617,True,771.11
Mulembwe,2002,2,2.251428571428572,14.85,22.07142857142857,11.250000000000002,71.49999999999999,MPOTA (Tora),MPOTA (Tora),grid_m4.00_29.50,21.38703476190477,18.50320000000005,25.839620000000025,500.98800632008,-0.13286229541375,0.6975192568705357,18.26522904761908,101273.41016369048,False,False,0.3376177859350189,False,0.6058194203494704,2.251428571428572,False,771.11
Nyakagunda,2002,2,,,28.35226,13.05468000000002,106.60302217814744,MPARAMBO,MPARAMBO,grid_m2.75_29.00,20.41125711309525,13.05468000000002,28.35226,53.40623856884,-0.71012844399625,0.3369351796846726,13.046932157738128,101318.11346726192,True,True,1.9960780806672505,True,0.6971622476255465,0.5436620238095239,True,771.11
Nyakagunda,2002,3,,,27.36700000000002,13.73782,141.57992351982082,MPARAMBO,MPARAMBO,grid_m2.75_29.00,20.145761586021536,13.73782,27.36700000000002,70.92905076764,-0.7085966911830646,0.387798308370793,13.37106411290324,101264.37436155917,True,True,1.9960780806672505,True,0.713450154505298,0.594825430107527,True,770.9929999999999
Nyengwe,2002,3,,6.06,28.55483870967742,20.47920000000005,171.15618604236468,NYANZA LAC (IRAT),NYANZA LAC (IRAT),grid_m4.25_29.50,22.94061279569894,20.47920000000005,25.981160000000045,467.82684470852,0.1104137248767473,0.5388452252205241,19.370975201612964,101156.77018145162,False,True,0.3658537084356579,True,0.459647876703521,0.8048151628397164,True,770.9929999999999
Rusizi,2002,3,,,29.77096774193549,19.870967741935488,124.4,BUJUMBURA (Aeroport),BUJUMBURA (Aeroport),grid_m3.25_29.25,23.31365962365595,16.325770000000034,29.846150000000023,51.3212679904,0.2217943553930914,0.403656950156586,16.348086330645174,101163.53028225809,False,False,1.5043629271954442,False,0.5936927701295576,2.4115000000000006,True,770.9929999999999
Kaburantwa,2002,3,,0.07,29.16158000000001,15.305380000000014,85.18784381707533,MPARAMBO,MPARAMBO,grid_m3.00_29.25,21.71788813172043,15.305380000000014,29.16158000000001,38.58470916454,0.1201924761074462,0.3454687878924731,15.382649180107537,101192.69898521506,True,True,2.207813552612297,True,0.6728324261662151,1.716234307090672,True,770.9929999999999
Jiji,2002,3,0.9799999999999998,,21.161290322580644,10.729032258064516,252.7,MPOTA (Tora),MPOTA (Tora),grid_m4.00_29.75,18.959847258064546,14.85897,24.69040000000001,273.56696210620004,-0.2633432579724462,0.5117915567596775,16.52840638440864,101353.7021438172,False,False,0.7469623692808592,False,0.573942659147891,0.9799999999999998,False,770.9929999999999
Mulembwe,2002,3,2.0790322580645166,13.41,21.161290322580644,10.729032258064516,252.7,MPOTA (Tora),MPOTA (Tora),grid_m4.00_29.50,21.06754182795703,18.155760000000043,25.22555,585.95109035102,-0.1027079147473118,0.6925803151928764,18.292490698924723,101229.55629704302,False,False,0.3376177859350189,False,0.3392606623079774,2.0790322580645166,False,770.9929999999999
Buzimba,2002,3,1.435483870967742,13.41,28.55483870967742,18.155760000000043,149.42535919719208,NYANZA LAC (IRAT),NYANZA LAC (IRAT),grid_m4.00_29.50,21.06754182795703,18.155760000000043,25.22555,585.95109035102,-0.1027079147473118,0.6925803151928764,18.292490698924723,101229.55629704302,False,True,0.2550133648657899,True,0.2910769874795775,1.435483870967742,False,770.9929999999999
Mutimbuzi,2002,3,,14.35,29.77096774193549,19.870967741935488,124.4,BUJUMBURA (Aeroport),BUJUMBURA (Aeroport),grid_m3.25_29.25,23.31365962365595,16.325770000000034,29.846150000000023,51.3212679904,0.2217943553930914,0.403656950156586,16.348086330645174,101163.53028225809,False,False,1.5476478434872514,False,0.698816064773967,1.5916333223610302,True,770.9929999999999
Nyamagana,2002,3,,,29.16158000000001,15.305380000000014,84.37898377073732,MPARAMBO,MPARAMBO,grid_m3.00_29.25,21.71788813172043,15.305380000000014,29.16158000000001,38.58470916454,0.1201924761074462,0.3454687878924731,15.382649180107537,101192.69898521506,True,True,2.186850324850525,True,0.6471781429618866,0.8788113364055298,True,770.9929999999999
Buzimba,2002,4,1.8086666666666669,12.78,27.93,17.972560000000044,152.01160530604457,NYANZA LAC (IRAT),NYANZA LAC (IRAT),grid_m4.00_29.50,20.66899408333336,17.972560000000044,25.24496000000005,596.09270042002,-0.1592481188060555,0.740716425808236,18.308240916666705,101186.26577777778,False,True,0.2550133648657899,True,0.4449489595769029,1.8086666666666669,False,771.283
Rusizi,2002,4,,,29.37,20.24666666666667,79.5,BUJUMBURA (Aeroport),BUJUMBURA (Aeroport),grid_m3.25_29.25,24.02401229166668,16.495870000000025,31.02725000000004,101.15337315082,0.8055210318093056,0.6933016036986112,14.6202224305556,101103.8056875,False,False,1.5043629271954442,False,0.6097891011618635,2.3068500000000007,True,771.283
Mutimbuzi,2002,4,,13.67,29.37,20.24666666666667,79.5,BUJUMBURA (Aeroport),BUJUMBURA (Aeroport),grid_m3.25_29.25,24.02401229166668,16.495870000000025,31.02725000000004,101.15337315082,0.8055210318093056,0.6933016036986112,14.6202224305556,101103.8056875,False,False,1.5476478434872514,False,0.6960064505471966,1.6605666552001548,True,771.283
Mulembwe,2002,4,2.708,12.78,20.563333333333333,12.126666666666669,268.00000000000006,MPOTA (Tora),MPOTA (Tora),grid_m4.00_29.50,20.66899408333336,17.972560000000044,25.24496000000005,596.09270042002,-0.1592481188060555,0.740716425808236,18.308240916666705,101186.26577777778,False,False,0.3376177859350189,False,0.449054412193731,2.708,False,771.283
Kaburantwa,2002,4,,0.15,29.470450000000028,14.367460000000053,195.5673616135414,MPARAMBO,MPARAMBO,grid_m3.00_29.25,21.992659624999987,14.367460000000053,29.470450000000028,88.579654465,-0.0143438762913888,0.6288322026659305,14.785540944444447,101136.97790277778,True,True,2.207813552612297,True,0.72812701533726,1.6212761966617872,True,771.283
Jiji,2002,4,1.0623333333333334,,20.563333333333333,12.126666666666669,268.00000000000006,MPOTA (Tora),MPOTA (Tora),grid_m4.00_29.75,18.63097068055561,15.176840000000029,24.43440000000004,256.11209880842,-0.966538429705,0.2318920977743055,16.24534163888893,101321.028125,False,False,0.7469623692808592,False,0.532180577710995,1.0623333333333334,False,771.283
Nyamagana,2002,4,,,29.470450000000028,14.367460000000053,193.7104461419325,MPARAMBO,MPARAMBO,grid_m3.00_29.25,21.992659624999987,14.367460000000053,29.470450000000028,88.579654465,-0.0143438762913888,0.6288322026659305,14.785540944444447,101136.97790277778,True,True,2.186850324850525,True,0.656283771511133,0.8742228661475715,True,771.283
Nyakagunda,2002,4,,,27.493550000000027,13.990660000000048,165.0590286803262,MPARAMBO,MPARAMBO,grid_m2.75_29.00,19.84729506944444,13.990660000000048,27.493550000000027,82.69166936854,-1.3051858890430554,0.8419832437784721,12.88118436111114,101203.04668055556,True,True,1.9960780806672505,True,0.7482751303342234,0.5861877035330264,True,771.283
Nyengwe,2002,4,,14.32,27.93,20.66622000000001,219.9685582169344,NYANZA LAC (IRAT),NYANZA LAC (IRAT),grid_m4.25_29.50,22.442133097222268,20.66622000000001,25.83053000000001,601.24731045502,0.2307733120329166,0.5731071059616251,19.49693958333336,101119.21854861113,False,True,0.3658537084356579,True,0.5951680800414995,0.9058552877546796,True,771.283
Nyamagana,2002,5,,,29.71000000000004,15.305700000000002,127.56849231427437,MPARAMBO,MPARAMBO,grid_m3.00_29.25,21.45980998655915,15.305700000000002,29.71000000000004,58.33435003056,0.2802898649044086,0.5947620240301075,14.916829771505434,101379.27411290322,True,True,2.186850324850525,True,0.6443977803815565,0.7435658294930874,True,771.3235
Mulembwe,2002,5,2.198709677419355,6.06,20.5741935483871,10.212903225806452,68.60000000000001,MPOTA (Tora),MPOTA (Tora),grid_m4.00_29.50,21.165767016129053,17.969600000000014,25.26840000000004,229.13169836114,0.0667941390245967,0.642079365100672,17.893250295698977,101401.16143145162,False,False,0.3376177859350189,False,0.732052966453764,2.198709677419355,False,771.3235
Nyakagunda,2002,5,,,27.05850000000004,13.59548000000001,157.29135493573267,MPARAMBO,MPARAMBO,grid_m2.75_29.00,19.503759986559203,13.59548000000001,27.05850000000004,78.80020148468,-1.073710103280914,0.7619996629697581,13.447289959677448,101455.61065860216,True,True,1.9960780806672505,True,0.7245234516294139,0.5907444009216593,True,771.3235
Mutimbuzi,2002,5,,8.59,30.21935483870968,19.616129032258065,34.0,BUJUMBURA (Aeroport),BUJUMBURA (Aeroport),grid_m3.25_29.25,22.81567729838713,15.6678,30.35214000000002,104.30145271512,0.7494441428650537,0.8745760559270161,16.074365981182837,101346.30438844088,False,False,1.5476478434872514,False,0.6842162209177449,1.802878226716789,True,771.3235
Jiji,2002,5,0.8987096774193548,,20.5741935483871,10.212903225806452,68.60000000000001,MPOTA (Tora),MPOTA (Tora),grid_m4.00_29.75,19.198303924731192,15.023030000000006,25.041440000000023,117.4430850467,-0.7726650245847179,0.6229550151768145,14.573235067204337,101516.32147849465,False,False,0.7469623692808592,False,0.783267096768557,0.8987096774193548,False,771.3235
Nyengwe,2002,5,,2.54,29.183333333333337,20.65322000000004,66.83996013928355,NYANZA LAC (IRAT),NYANZA LAC (IRAT),grid_m4.25_29.50,23.14418317204303,20.65322000000004,25.257840000000044,182.69586612934,0.7694623594591398,0.4796864706290591,19.120007244623707,101328.66778225808,False,True,0.3658537084356579,True,0.7237076282861286,1.0549714279961595,True,771.3235
Rusizi,2002,5,,,30.21935483870968,19.616129032258065,34.0,BUJUMBURA (Aeroport),BUJUMBURA (Aeroport),grid_m3.25_29.25,22.81567729838713,15.6678,30.35214000000002,104.30145271512,0.7494441428650537,0.8745760559270161,16.074365981182837,101346.30438844088,False,False,1.5043629271954442,False,0.6517252190034906,2.363800000000002,True,771.3235
Buzimba,2002,5,1.5983870967741938,6.06,29.183333333333337,17.969600000000014,58.43164539648751,NYANZA LAC (IRAT),NYANZA LAC (IRAT),grid_m4.00_29.50,21.165767016129053,17.969600000000014,25.26840000000004,229.13169836114,0.0667941390245967,0.642079365100672,17.893250295698977,101401.16143145162,False,True,0.2550133648657899,True,0.7133114361922954,1.5983870967741938,False,771.3235
Kaburantwa,2002,5,,0.08,29.71000000000004,15.305700000000002,128.79136858029997,MPARAMBO,MPARAMBO,grid_m3.00_29.25,21.45980998655915,15.305700000000002,29.71000000000004,58.33435003056,0.2802898649044086,0.5947620240301075,14.916829771505434,101379.27411290322,True,True,2.207813552612297,True,0.7538809986909375,1.6401140424992722,True,771.3235
Mutimbuzi,2002,6,,1.66,30.196666666666665,17.936666666666667,0.0,BUJUMBURA (Aeroport),BUJUMBURA (Aeroport),grid_m3.25_29.25,23.188714500000003,14.67532,30.89100000000002,0.44775009398,1.000258105482639,1.3798683531518057,13.395430180555593,101455.73383333332,False,False,1.5476478434872514,False,0.5579100371380175,1.306270570216487,True,771.125
Buzimba,2002,6,1.3263333333333327,2.72,30.040000000000003,16.24368000000004,0.0,NYANZA LAC (IRAT),NYANZA LAC (IRAT),grid_m4.00_29.50,20.729450625000027,16.24368000000004,25.78805,45.76396933332,0.1576135211405555,0.8131976196520834,16.912205500000027,101532.39597222222,False,True,0.2550133648657899,False,0.6060469055790185,1.3263333333333327,False,771.125
Nyakagunda,2002,6,,,27.36170000000004,14.17532,1.0731592425749037,MPARAMBO,MPARAMBO,grid_m2.75_29.00,19.748412013888924,14.17532,27.36170000000004,0.53763389968,-1.2232309343566663,0.9102245293777778,9.97728772222223,101553.64148611113,True,True,1.9960780806672505,True,0.523638888888888,0.4379965053763435,True,771.125
Nyengwe,2002,6,,1.44,30.040000000000003,20.72415000000001,0.0,NYANZA LAC (IRAT),NYANZA LAC (IRAT),grid_m4.25_29.50,23.008891166666672,20.72415000000001,25.684529999999995,21.4486122318,0.9574019330325,0.6122346199129167,17.556170124999994,101458.70636805554,False,True,0.3658537084356579,False,0.649012073095095,1.0408028297423702,True,771.125
Kaburantwa,2002,6,,0.03,30.25622000000004,14.202660000000035,0.6116579446589461,MPARAMBO,MPARAMBO,grid_m3.00_29.25,21.98193506944449,14.202660000000035,30.25622000000004,0.27704239062,0.5021325643104166,0.894233317373611,11.604303319444456,101482.78725,True,True,2.207813552612297,True,0.6445630525924745,1.586814480555529,True,771.125
Nyamagana,2002,6,,,30.25622000000004,14.202660000000035,0.605850241924713,MPARAMBO,MPARAMBO,grid_m3.00_29.25,21.98193506944449,14.202660000000035,30.25622000000004,0.27704239062,0.5021325643104166,0.894233317373611,11.604303319444456,101482.78725,True,True,2.186850324850525,True,0.5089952035740459,0.7188595698924743,True,771.125
Mulembwe,2002,6,1.1386666666666667,2.72,21.326666666666664,7.225,0.0,MPOTA (Tora),MPOTA (Tora),grid_m4.00_29.50,20.729450625000027,16.24368000000004,25.78805,45.76396933332,0.1576135211405555,0.8131976196520834,16.912205500000027,101532.39597222222,False,False,0.3376177859350189,False,0.6175842426506415,1.1386666666666667,False,771.125
Jiji,2002,6,0.6016666666666667,,21.326666666666664,7.225,0.0,MPOTA (Tora),MPOTA (Tora),grid_m4.00_29.75,18.989796694444465,13.69485000000003,25.213900000000024,10.36024094432,-0.72705444704625,0.9633834361315484,12.272372611111107,101630.45205555556,False,False,0.7469623692808592,False,0.7003082568206235,0.6016666666666667,False,771.125
Rusizi,2002,6,,,30.196666666666665,17.936666666666667,0.0,BUJUMBURA (Aeroport),BUJUMBURA (Aeroport),grid_m3.25_29.25,23.188714500000003,14.67532,30.89100000000002,0.44775009398,1.000258105482639,1.3798683531518057,13.395430180555593,101455.73383333332,False,False,1.5043629271954442,False,0.5520431533489509,2.2715500000000013,True,771.125
Mutimbuzi,2002,7,,0.88,30.409677419354832,17.4741935483871,0.0,BUJUMBURA (Aeroport),BUJUMBURA (Aeroport),grid_m3.25_29.25,23.35699294354839,15.28814,31.517,0.0057220458999999,1.3933949415524192,1.3780788101196235,12.646284059139816,101432.32780913978,False,False,1.5476478434872514,False,0.4696793078961955,1.0148508955935736,True,771.2090000000001
Mulembwe,2002,7,0.9222580645161288,3.13,21.99677419354839,7.333333333333333,0.0,MPOTA (Tora),MPOTA (Tora),grid_m4.00_29.50,21.0452353091398,16.709249999999997,25.6343,34.9230769636,0.2134843025471774,0.6391504542956049,16.716333750000047,101511.69858198926,False,False,0.3376177859350189,False,0.404256264949538,0.9222580645161288,False,771.2090000000001
Nyengwe,2002,7,,0.92,30.712903225806443,20.582300000000032,0.0,NYANZA LAC (IRAT),NYANZA LAC (IRAT),grid_m4.25_29.50,23.39474506720433,20.582300000000032,25.75253000000004,13.88263702542,0.9909461868231988,0.35698164614125,16.94313791666673,101437.43398521506,False,True,0.3658537084356579,False,0.5726410224026,1.028351296639082,True,771.2090000000001
Kaburantwa,2002,7,,0.03,31.072320000000047,14.82668000000001,0.0,MPARAMBO,MPARAMBO,grid_m3.00_29.25,22.27184040322584,14.82668000000001,31.072320000000047,0.0,0.8004889339086021,0.8293097512782258,10.553922809139806,101456.16799731182,True,True,2.207813552612297,True,0.5292550089334676,1.510760493361608,True,771.2090000000001
Buzimba,2002,7,1.2416129032258063,3.13,30.712903225806443,16.709249999999997,0.0,NYANZA LAC (IRAT),NYANZA LAC (IRAT),grid_m4.00_29.50,21.0452353091398,16.709249999999997,25.6343,34.9230769636,0.2134843025471774,0.6391504542956049,16.716333750000047,101511.69858198926,False,True,0.2550133648657899,False,0.500934244525753,1.2416129032258063,False,771.2090000000001
Rusizi,2002,7,,,30.409677419354832,17.4741935483871,0.0,BUJUMBURA (Aeroport),BUJUMBURA (Aeroport),grid_m3.25_29.25,23.35699294354839,15.28814,31.517,0.0057220458999999,1.3933949415524192,1.3780788101196235,12.646284059139816,101432.32780913978,False,False,1.5043629271954442,False,0.44631174901905,1.9675,True,771.2090000000001
Jiji,2002,7,0.4909677419354842,,21.99677419354839,7.333333333333333,0.0,MPOTA (Tora),MPOTA (Tora),grid_m4.00_29.75,19.996588655913968,14.672750000000008,26.859830000000045,7.31277465652,-0.9541156124028224,0.9006631290475806,10.856882674731196,101605.57206989249,False,False,0.7469623692808592,False,0.625504392237199,0.4909677419354842,False,771.2090000000001
Nyakagunda,2002,7,,,28.0274,14.169500000000028,0.3540711608473214,MPARAMBO,MPARAMBO,grid_m2.75_29.00,20.26611478494624,14.169500000000028,28.0274,0.17738342216,-1.241727707171102,1.047391645346894,9.204581155914012,101531.90173387095,True,True,1.9960780806672505,True,0.419013746232155,0.380219780810587,True,771.2090000000001
Nyamagana,2002,7,,,31.072320000000047,14.82668000000001,0.0,MPARAMBO,MPARAMBO,grid_m3.00_29.25,22.27184040322584,14.82668000000001,31.072320000000047,0.0,0.8004889339086021,0.8293097512782258,10.553922809139806,101456.16799731182,True,True,2.186850324850525,True,0.4182653989533755,0.6368036559139783,True,771.2090000000001
Rusizi,2002,8,,,30.292857142857144,18.23928571428572,0.0,BUJUMBURA (Aeroport),BUJUMBURA (Aeroport),grid_m3.25_29.25,23.6474156586022,15.489599999999996,31.75613000000004,0.5044937165800001,1.3727910865365591,1.4384943242693549,12.232164220430093,101374.30003360214,False,False,1.5043629271954442,False,0.4311132565241869,1.9646499999999996,True,771.0405000000001
Mutimbuzi,2002,8,,0.42,30.292857142857144,18.23928571428572,0.0,BUJUMBURA (Aeroport),BUJUMBURA (Aeroport),grid_m3.25_29.25,23.6474156586022,15.489599999999996,31.75613000000004,0.5044937165800001,1.3727910865365591,1.4384943242693549,12.232164220430093,101374.30003360214,False,False,1.5476478434872514,False,0.4258478451365279,0.9364317631348484,True,771.0405000000001
Jiji,2002,8,0.437741935483871,,22.10322580645161,8.360000000000001,0.0,MPOTA (Tora),MPOTA (Tora),grid_m4.00_29.75,20.35522357526884,14.703100000000006,27.69186000000002,9.649753555019998,-1.2231706185837363,0.959856626903629,10.152259448924724,101537.74176747313,False,False,0.7469623692808592,False,0.5649205490132695,0.437741935483871,False,771.0405000000001
Mulembwe,2002,8,0.7567741935483874,0.88,22.10322580645161,8.360000000000001,0.0,MPOTA (Tora),MPOTA (Tora),grid_m4.00_29.50,21.12301965053763,17.152250000000038,25.394600000000025,40.401935339720005,0.2348568829528226,0.6309033889134409,16.034032110215037,101441.41063172044,False,False,0.3376177859350189,False,0.4131626527856354,0.7567741935483874,False,771.0405000000001
Nyakagunda,2002,8,,,28.42306000000002,13.86605000000003,0.8908887337244952,MPARAMBO,MPARAMBO,grid_m2.75_29.00,20.28812443548389,13.86605000000003,28.42306000000002,0.44631958156,-1.3653221543091398,1.199596159491935,9.318156357526902,101469.8959408602,True,True,1.9960780806672505,True,0.368150454037043,0.3858838709677425,True,771.0405000000001
Buzimba,2002,8,1.1577419354838705,0.88,31.867741935483863,17.152250000000038,0.0,NYANZA LAC (IRAT),NYANZA LAC (IRAT),grid_m4.00_29.50,21.12301965053763,17.152250000000038,25.394600000000025,40.401935339720005,0.2348568829528226,0.6309033889134409,16.034032110215037,101441.41063172044,False,True,0.2550133648657899,False,0.4399519293485355,1.1577419354838705,False,771.0405000000001
Nyengwe,2002,8,,0.51,31.867741935483863,21.0444,0.0,NYANZA LAC (IRAT),NYANZA LAC (IRAT),grid_m4.25_29.50,23.39820041666667,21.0444,25.95010000000002,18.33248140178,0.9856982500035618,0.3899562797299731,16.379577647849487,101368.45680107528,False,True,0.3658537084356579,False,0.4812916313520234,1.0979638984557258,True,771.0405000000001
Nyamagana,2002,8,,,31.525660000000016,15.081380000000024,0.3128314452752879,MPARAMBO,MPARAMBO,grid_m3.00_29.25,22.68588758064516,15.081380000000024,31.525660000000016,0.14305114608,0.7849424621048388,0.9870848703648252,10.198992540322593,101396.78027553765,True,True,2.186850324850525,True,0.3746068841381885,0.5985699462365592,True,771.0405000000001
Kaburantwa,2002,8,,0.02,31.525660000000016,15.081380000000024,0.3158302590321455,MPARAMBO,MPARAMBO,grid_m3.00_29.25,22.68588758064516,15.081380000000024,31.525660000000016,0.14305114608,0.7849424621048388,0.9870848703648252,10.198992540322593,101396.78027553765,True,True,2.207813552612297,True,0.4724784937819525,1.4657918912173993,True,771.0405000000001
Nyengwe,2002,9,,0.76,32.4,21.1155,21.1,NYANZA LAC (IRAT),NYANZA LAC (IRAT),grid_m4.25_29.50,24.28515454166672,21.1155,26.882960000000026,52.26826632258,1.05531961605125,0.2793074919800041,17.29490445833335,101220.36574305556,False,True,0.3658537084356579,False,0.4831435926457474,1.1698145597181524,True,
Mutimbuzi,2002,9,,1.22,31.09583333333333,18.87272727272727,4.8,BUJUMBURA (Aeroport),BUJUMBURA (Aeroport),grid_m3.25_29.25,24.954582249999987,16.954200000000014,34.032129999999995,2.07877157124,1.745015525268611,1.2570310170176389,11.051040347222283,101218.1698263889,False,False,1.5476478434872514,False,0.448943512406274,1.194707084339134,True,
Kaburantwa,2002,9,,0.02,33.48330000000004,16.007600000000025,2.7950978192638383,MPARAMBO,MPARAMBO,grid_m3.00_29.25,23.91929901388892,16.007600000000025,33.48330000000004,1.26600265496,1.0327908624534723,0.9087589889305556,8.998579944444487,101237.85955555557,True,True,2.207813552612297,True,0.4827877360514065,1.2665046704609657,True,
Rusizi,2002,9,,,31.09583333333333,18.87272727272727,4.8,BUJUMBURA (Aeroport),BUJUMBURA (Aeroport),grid_m3.25_29.25,24.954582249999987,16.954200000000014,34.032129999999995,2.07877157124,1.745015525268611,1.2570310170176389,11.051040347222283,101218.1698263889,False,False,1.5043629271954442,False,0.490776973008471,2.8854999999999955,True,
Nyamagana,2002,9,,,33.48330000000004,16.007600000000025,2.768558317260903,MPARAMBO,MPARAMBO,grid_m3.00_29.25,23.91929901388892,16.007600000000025,33.48330000000004,1.26600265496,1.0327908624534723,0.9087589889305556,8.998579944444487,101237.85955555557,True,True,2.186850324850525,True,0.372921152651781,0.5529930510752691,True,
Buzimba,2002,9,1.0899999999999996,1.79,32.4,17.8245,21.1,NYANZA LAC (IRAT),NYANZA LAC (IRAT),grid_m4.00_29.50,22.037321250000048,17.8245,26.66073,110.35776125816,0.3167399731747222,0.6616859658323458,16.763993569444494,101299.34488888888,False,True,0.2550133648657899,False,0.4674598293237565,1.0899999999999996,False,
Jiji,2002,9,0.4146666666666668,,23.063333333333336,9.183333333333334,20.8,MPOTA (Tora),MPOTA (Tora),grid_m4.00_29.75,21.466789319444445,16.392719999999997,28.19204000000002,34.24167634618,-1.3278970731195834,0.7112505817583334,10.811639069444482,101389.17649305557,False,False,0.7469623692808592,False,0.5505369117402961,0.4146666666666668,False,
Nyakagunda,2002,9,,,29.893580000000043,13.902600000000009,2.187246043408284,MPARAMBO,MPARAMBO,grid_m2.75_29.00,21.57655226388892,13.902600000000009,29.893580000000043,1.09577178598,-1.2307969210502778,1.2156993647215275,8.42636827777784,101325.52845138888,True,True,1.9960780806672505,True,0.407051852167813,0.3856725516956164,True,
Mulembwe,2002,9,0.6636666666666666,1.79,23.063333333333336,9.183333333333334,20.8,MPOTA (Tora),MPOTA (Tora),grid_m4.00_29.50,22.037321250000048,17.8245,26.66073,110.35776125816,0.3167399731747222,0.6616859658323458,16.763993569444494,101299.34488888888,False,False,0.3376177859350189,False,0.4850253710778874,0.6636666666666666,False,
Nyakagunda,2002,10,,,28.89846,13.930540000000008,67.07554546207685,MPARAMBO,MPARAMBO,grid_m2.75_29.00,20.96848698924731,13.930540000000008,28.89846,33.60366816896,-0.9220480776942204,0.7745246484670698,10.45923833333336,101237.55552419357,True,True,1.9960780806672505,True,0.596213209729094,0.4662536728640286,True,770.5255
Rusizi,2002,10,,,30.353571428571428,19.607142857142858,74.89999999999999,BUJUMBURA (Aeroport),BUJUMBURA (Aeroport),grid_m3.25_29.25,24.66269947580645,17.349450000000047,32.507840000000044,3.29113004672,1.4760245248709678,0.8269558136916666,11.137575819892504,101112.25376344084,False,False,1.5043629271954442,False,0.542322143235196,2.1244500000000004,True,770.5255
Nyengwe,2002,10,,3.16,26.78964000000002,20.73794000000004,46.8,NYANZA LAC (IRAT),NYANZA LAC (IRAT),grid_m4.25_29.50,23.97398408602152,20.73794000000004,26.78964000000002,218.2736402723,0.8305180255798388,0.1656090524266129,18.150809314516152,101098.17813844084,True,True,0.3658537084356579,False,0.532083746571643,0.6441943059914594,True,770.5255
Jiji,2002,10,0.4490322580645162,,22.580645161290324,10.093548387096776,83.4,MPOTA (Tora),MPOTA (Tora),grid_m4.00_29.75,20.553655846774177,15.487940000000036,27.51284000000004,133.11052321271998,-0.7492227658491935,0.498895132141801,13.76806036290327,101268.6181653226,False,False,0.7469623692808592,False,0.518197615948422,0.4490322580645162,False,770.5255
Buzimba,2002,10,1.1564516129032256,11.8,26.09628000000004,17.959220000000016,46.8,NYANZA LAC (IRAT),NYANZA LAC (IRAT),grid_m4.00_29.50,21.71292163978501,17.959220000000016,26.09628000000004,422.14774970202,0.1729606917068817,0.5566606422383065,17.444783844086032,101178.4659341398,True,True,0.2550133648657899,False,0.288269779299987,1.1564516129032256,False,770.5255
Nyamagana,2002,10,,,32.02346,16.093600000000038,25.20795811748604,MPARAMBO,MPARAMBO,grid_m3.00_29.25,23.3809245698925,16.093600000000038,32.02346,11.52706146874,0.8329292413996505,0.6160485037021505,10.857951236559131,101141.08811827956,True,True,2.186850324850525,True,0.470553209166582,0.5439787521222404,True,770.5255
Mutimbuzi,2002,10,,11.21,30.353571428571428,19.607142857142858,74.89999999999999,BUJUMBURA (Aeroport),BUJUMBURA (Aeroport),grid_m3.25_29.25,24.66269947580645,17.349450000000047,32.507840000000044,3.29113004672,1.4760245248709678,0.8269558136916666,11.137575819892504,101112.25376344084,False,False,1.5476478434872514,False,0.477239687407411,1.075451994465599,True,770.5255
Mulembwe,2002,10,0.7193548387096774,11.8,22.580645161290324,10.093548387096776,83.4,MPOTA (Tora),MPOTA (Tora),grid_m4.00_29.50,21.71292163978501,17.959220000000016,26.09628000000004,422.14774970202,0.1729606917068817,0.5566606422383065,17.444783844086032,101178.4659341398,False,False,0.3376177859350189,False,0.272586735076055,0.7193548387096774,False,770.5255
Kaburantwa,2002,10,,0.04,32.02346,16.093600000000038,25.449602532479187,MPARAMBO,MPARAMBO,grid_m3.00_29.25,23.3809245698925,16.093600000000038,32.02346,11.52706146874,0.8329292413996505,0.6160485037021505,10.857951236559131,101141.08811827956,True,True,2.207813552612297,True,0.541959970988342,1.428867527751727,True,770.5255
Mulembwe,2002,11,1.0406666666666669,16.42,20.256666666666668,10.493333333333334,183.6,MPOTA (Tora),MPOTA (Tora),grid_m4.00_29.50,20.750923888888902,17.259119999999996,24.060630000000003,533.13851315174,-0.1013328964772222,0.8854325621845001,17.787269916666673,101319.20645833334,False,False,0.3376177859350189,False,0.424290155609847,1.0406666666666669,False,770.7004999999999
Jiji,2002,11,0.5693333333333334,,20.256666666666668,10.493333333333334,183.6,MPOTA (Tora),MPOTA (Tora),grid_m4.00_29.75,18.891967263888887,14.961820000000046,24.37582000000004,246.73414233698,-0.3200096551005555,0.3976328119694444,15.532793847222251,101429.9233402778,False,False,0.7469623692808592,False,0.492512188176926,0.5693333333333334,False,770.7004999999999
Buzimba,2002,11,1.324,16.42,24.060630000000003,17.259119999999996,213.7,NYANZA LAC (IRAT),NYANZA LAC (IRAT),grid_m4.00_29.50,20.750923888888902,17.259119999999996,24.060630000000003,533.13851315174,-0.1013328964772222,0.8854325621845001,17.787269916666673,101319.20645833334,True,True,0.2550133648657899,False,0.3102929603983255,1.324,False,770.7004999999999
Mutimbuzi,2002,11,,20.4,29.2846153846154,19.712,57.1,BUJUMBURA (Aeroport),BUJUMBURA (Aeroport),grid_m3.25_29.25,24.177508680555547,16.471580000000017,31.698080000000004,3.9258003265,0.6501590721245833,0.4635724798526667,13.442380291666725,101246.45368055555,False,False,1.5476478434872514,False,0.665733527575531,1.5480071738222776,True,770.7004999999999
Rusizi,2002,11,,,29.2846153846154,19.712,57.1,BUJUMBURA (Aeroport),BUJUMBURA (Aeroport),grid_m3.25_29.25,24.177508680555547,16.471580000000017,31.698080000000004,3.9258003265,0.6501590721245833,0.4635724798526667,13.442380291666725,101246.45368055555,False,False,1.5043629271954442,False,0.6072013962409475,2.354300000000005,True,770.7004999999999
Nyakagunda,2002,11,,,27.58947000000001,14.329920000000016,64.50995733922754,MPARAMBO,MPARAMBO,grid_m2.75_29.00,20.453392750000035,14.329920000000016,27.58947000000001,32.31835365762,-0.7301414913926499,0.4322994232353333,11.24268913888892,101356.21302777778,True,True,1.9960780806672505,True,0.6620992281140949,0.5107264823348696,True,770.7004999999999
Nyengwe,2002,11,,10.81,25.3073,19.79818,213.7,NYANZA LAC (IRAT),NYANZA LAC (IRAT),grid_m4.25_29.50,22.772289527777787,19.79818,25.3073,327.9745581394,0.2851525628277778,0.7872921008065278,18.868229347222268,101248.21374305554,True,True,0.3658537084356579,False,0.4409587913676315,0.4381352294536906,True,770.7004999999999
Kaburantwa,2002,11,,0.04,30.11523,15.551660000000028,26.181275994269647,MPARAMBO,MPARAMBO,grid_m3.00_29.25,22.69057019444449,15.551660000000028,30.11523,11.85846330334,0.3717221154984639,0.4375416652708332,13.116593805555569,101273.94106944444,True,True,2.207813552612297,True,0.6740938631388065,1.6320467712704845,True,770.7004999999999
Nyamagana,2002,11,,,30.11523,15.551660000000028,25.93268432713711,MPARAMBO,MPARAMBO,grid_m3.00_29.25,22.69057019444449,15.551660000000028,30.11523,11.85846330334,0.3717221154984639,0.4375416652708332,13.116593805555569,101273.94106944444,True,True,2.186850324850525,True,0.6130836710047325,0.7285906528417816,True,770.7004999999999
Nyakagunda,2002,12,,,27.99087000000003,14.84268000000003,144.19548046038827,MPARAMBO,MPARAMBO,grid_m2.75_29.00,20.28851639784949,14.84268000000003,27.99087000000003,72.23939877752001,-0.5627992993528226,0.2265193871650537,12.39273908602155,101414.41206989248,True,True,1.9960780806672505,True,0.740792449490346,0.6209442780337947,True,770.72
Rusizi,2002,12,,,29.89130434782609,19.80869565217392,133.3,BUJUMBURA (Aeroport),BUJUMBURA (Aeroport),grid_m3.25_29.25,23.831618857526905,16.499870000000044,31.84512000000001,99.11346424496,0.2397906898068548,0.2491430853937768,14.71451111559145,101307.9663172043,False,False,1.5043629271954442,False,0.620175610581132,2.279350000000001,True,770.72
Mutimbuzi,2002,12,,19.79,29.89130434782609,19.80869565217392,133.3,BUJUMBURA (Aeroport),BUJUMBURA (Aeroport),grid_m3.25_29.25,23.831618857526905,16.499870000000044,31.84512000000001,99.11346424496,0.2397906898068548,0.2491430853937768,14.71451111559145,101307.9663172043,False,False,1.5476478434872514,False,0.6992487537695156,1.5855102703442068,True,770.72
Nyamagana,2002,12,,,31.12655000000001,15.589200000000003,157.85891975589956,MPARAMBO,MPARAMBO,grid_m3.00_29.25,22.479077540322635,15.589200000000003,31.12655000000001,72.18551629347999,0.2387957529326975,0.311741530438172,13.977581774193595,101333.42265456988,True,True,2.186850324850525,True,0.6955944680780326,1.0880320986281051,True,770.72
Nyengwe,2002,12,,15.22,25.16384000000005,20.6857,180.8,NYANZA LAC (IRAT),NYANZA LAC (IRAT),grid_m4.25_29.50,22.890979287634423,20.6857,25.16384000000005,363.91973501536,0.2325780413325806,0.5704478980728495,19.11213212365596,101291.80671370968,True,True,0.3658537084356579,False,0.48939921915257,0.5182869173097444,True,770.72
Mulembwe,2002,12,1.277741935483871,21.84,20.9,10.777419354838708,197.7,MPOTA (Tora),MPOTA (Tora),grid_m4.00_29.50,20.82997088709681,18.08480000000003,24.91970000000003,622.26200117998,-0.1092450854782258,0.6680857716642473,18.052089381720407,101366.2707594086,False,False,0.3376177859350189,False,0.4673112155834815,1.277741935483871,False,770.72
Jiji,2002,12,0.6645161290322581,,20.9,10.777419354838708,197.7,MPOTA (Tora),MPOTA (Tora),grid_m4.00_29.75,18.80698229838714,15.147360000000049,24.36108000000001,280.68971621916,-0.2412805359158602,0.3168553553747715,15.918483629032266,101485.72186827956,False,False,0.7469623692808592,False,0.6182048672818881,0.6645161290322581,False,770.72
Buzimba,2002,12,1.5687096774193543,21.84,24.91970000000003,18.08480000000003,180.8,NYANZA LAC (IRAT),NYANZA LAC (IRAT),grid_m4.00_29.50,20.82997088709681,18.08480000000003,24.91970000000003,622.26200117998,-0.1092450854782258,0.6680857716642473,18.052089381720407,101366.2707594086,True,True,0.2550133648657899,False,0.3612554344271815,1.5687096774193543,False,770.72
Kaburantwa,2002,12,,0.03,31.12655000000001,15.589200000000003,159.37216117506094,MPARAMBO,MPARAMBO,grid_m3.00_29.25,22.479077540322635,15.589200000000003,31.12655000000001,72.18551629347999,0.2387957529326975,0.311741530438172,13.977581774193595,101333.42265456988,True,True,2.207813552612297,True,0.772628469677074,1.4764639038083045,True,770.72
Nyamagana,2003,1,,,30.22793000000001,15.997830000000022,76.86477264347249,MPARAMBO,MPARAMBO,grid_m3.00_29.25,22.40588584677425,15.997830000000022,30.22793000000001,35.148620721780006,0.5274087267461021,0.2652391006290322,14.247993682795707,101313.26371639784,True,True,2.186850324850525,True,0.6970788943543005,1.1070093983762082,True,770.8893333333334
Nyakagunda,2003,1,,,28.59902,13.716520000000004,105.23718309911844,MPARAMBO,MPARAMBO,grid_m2.75_29.00,20.735294596774224,13.716520000000004,28.59902,52.72197722042,-0.4999284597863844,0.0284633840794354,12.16348654569896,101393.34515456988,True,True,1.9960780806672505,True,0.7443103026194471,0.574986240399386,True,770.8893333333334
Buzimba,2003,1,1.760322580645161,12.78,26.437460000000044,17.723720000000014,225.0,NYANZA LAC (IRAT),NYANZA LAC (IRAT),grid_m4.00_29.50,21.27192642473119,17.723720000000014,26.437460000000044,518.21589438484,-0.0219509939680645,0.7274235546994623,18.159118212365627,101354.25157258064,True,True,0.2550133648657899,False,0.4505894796204744,1.760322580645161,False,770.8893333333334
Mutimbuzi,2003,1,,14.91,29.075000000000003,19.6,46.5,BUJUMBURA (Aeroport),BUJUMBURA (Aeroport),grid_m3.25_29.25,23.88430956989248,17.06660000000005,31.34512000000001,35.54296502266,0.4751508216073924,0.2369844177216398,15.426827862903224,101288.33311155911,False,False,1.5476478434872514,False,0.7074507048100045,1.6585382521400138,True,770.8893333333334
Kaburantwa,2003,1,,0.03,30.22793000000001,15.997830000000022,77.60160118517533,MPARAMBO,MPARAMBO,grid_m3.00_29.25,22.40588584677425,15.997830000000022,30.22793000000001,35.148620721780006,0.5274087267461021,0.2652391006290322,14.247993682795707,101313.26371639784,True,True,2.207813552612297,True,0.7585082693171254,1.6155769221003742,True,770.8893333333334
Mulembwe,2003,1,1.979354838709677,12.78,21.06129032258065,10.806451612903226,181.7,MPOTA (Tora),MPOTA (Tora),grid_m4.00_29.50,21.27192642473119,17.723720000000014,26.437460000000044,518.21589438484,-0.0219509939680645,0.7274235546994623,18.159118212365627,101354.25157258064,False,False,0.3376177859350189,False,0.603567946501538,1.979354838709677,False,770.8893333333334
Nyengwe,2003,1,,9.65,26.87655000000001,20.75295,225.0,NYANZA LAC (IRAT),NYANZA LAC (IRAT),grid_m4.25_29.50,23.31854408602152,20.75295,26.87655000000001,317.28696846102,0.1798010429208333,0.5854794073780913,19.07665955645166,101276.81632392472,True,True,0.3658537084356579,False,0.5428199336753015,0.765228426500939,True,770.8893333333334
Rusizi,2003,1,,,29.075000000000003,19.6,46.5,BUJUMBURA (Aeroport),BUJUMBURA (Aeroport),grid_m3.25_29.25,23.88430956989248,17.06660000000005,31.34512000000001,35.54296502266,0.4751508216073924,0.2369844177216398,15.426827862903224,101288.33311155911,False,False,1.5043629271954442,False,0.6350725473788039,2.3808500000000055,True,770.8893333333334
Jiji,2003,1,0.9451612903225808,,21.06129032258065,10.806451612903226,181.7,MPOTA (Tora),MPOTA (Tora),grid_m4.00_29.75,19.34090254032259,14.96890000000002,25.910120000000006,280.37524210916,-0.0652124493919354,0.4287595041484812,16.1004194354839,101471.28541666668,False,False,0.7469623692808592,False,0.698915175980287,0.9451612903225808,False,770.8893333333334
Mutimbuzi,2003,2,,13.0,32.54,19.666666666666664,60.9,BUJUMBURA (Aeroport),BUJUMBURA (Aeroport),grid_m3.25_29.25,25.03787111607147,16.462300000000027,32.938350000000014,8.670806903259999,0.6245153961153274,0.4104049032717262,13.464523065476214,101123.61526785714,False,False,1.5476478434872514,False,0.6407753483480635,1.987425602273152,True,771.0585000000001
Rusizi,2003,2,,,32.54,19.666666666666664,60.9,BUJUMBURA (Aeroport),BUJUMBURA (Aeroport),grid_m3.25_29.25,25.03787111607147,16.462300000000027,32.938350000000014,8.670806903259999,0.6245153961153274,0.4104049032717262,13.464523065476214,101123.61526785714,False,False,1.5043629271954442,False,0.5949390969411815,3.69785,True,771.0585000000001
Buzimba,2003,2,1.6875,15.04,26.63198,18.52870000000001,110.9,NYANZA LAC (IRAT),NYANZA LAC (IRAT),grid_m4.00_29.50,22.18955538690477,18.52870000000001,26.63198,364.81380485908,-0.0507688520966369,0.73927976370625,18.2771013095238,101205.0351190476,True,True,0.2550133648657899,False,0.5499718905348375,1.6875,False,771.0585000000001
Nyakagunda,2003,2,,,30.01050000000004,13.195640000000026,43.48507829851653,MPARAMBO,MPARAMBO,grid_m2.75_29.00,21.834348258928628,13.195640000000026,30.01050000000004,21.7852591638,-0.619333130448363,0.1548027474940476,10.391658794642863,101236.09386160717,True,True,1.9960780806672505,True,0.6495980122845926,0.4657761904761903,True,771.0585000000001
Nyamagana,2003,2,,,32.147940000000006,14.941740000000038,24.615663897603245,MPARAMBO,MPARAMBO,grid_m3.00_29.25,23.965134910714312,14.941740000000038,32.147940000000006,11.2562179578,0.5251734145279762,0.3638031071268452,12.115722068452442,101147.56539434523,True,True,2.186850324850525,True,0.67648545257846,0.5632443335040109,True,771.0585000000001
Nyengwe,2003,2,,8.96,27.03982000000002,21.17190000000005,110.9,NYANZA LAC (IRAT),NYANZA LAC (IRAT),grid_m4.25_29.50,24.406038125000062,21.17190000000005,27.03982000000002,161.48757960742,0.2392455032157738,0.6236864446055357,19.30287575892862,101121.53866071429,True,True,0.3658537084356579,False,0.6854733966258499,0.8756949000453922,True,771.0585000000001
Kaburantwa,2003,2,,0.03,32.147940000000006,14.941740000000038,24.85163055838876,MPARAMBO,MPARAMBO,grid_m3.00_29.25,23.965134910714312,14.941740000000038,32.147940000000006,11.2562179578,0.5251734145279762,0.3638031071268452,12.115722068452442,101147.56539434523,True,True,2.207813552612297,True,0.7434310988607615,1.383249759882461,True,771.0585000000001
Mulembwe,2003,2,1.2310714285714286,15.04,22.142857142857142,10.392857142857142,149.9,MPOTA (Tora),MPOTA (Tora),grid_m4.00_29.50,22.18955538690477,18.52870000000001,26.63198,364.81380485908,-0.0507688520966369,0.73927976370625,18.2771013095238,101205.0351190476,False,False,0.3376177859350189,False,0.4516626385319415,1.2310714285714286,False,771.0585000000001
Jiji,2003,2,0.7567857142857141,,22.142857142857142,10.392857142857142,149.9,MPOTA (Tora),MPOTA (Tora),grid_m4.00_29.75,20.16483285714287,15.731100000000026,25.900230000000025,129.00352512228,-0.0553493956249702,0.4887842171734375,15.765231592261898,101322.07026785714,False,False,0.7469623692808592,False,0.775065411377752,0.7567857142857141,False,771.0585000000001
Nyakagunda,2003,3,,,30.94003000000004,14.388329999999996,48.97794056189594,MPARAMBO,MPARAMBO,grid_m2.75_29.00,21.735000215053788,14.388329999999996,30.94003000000004,24.53708651794,-0.7240744574517473,0.3475747467437634,11.36506237903228,101212.16311155914,True,True,1.9960780806672505,True,0.6131874566342486,0.498430818899306,True,771.048
Nyengwe,2003,3,,10.23,26.57986,21.16464000000002,133.49999999999997,NYANZA LAC (IRAT),NYANZA LAC (IRAT),grid_m4.25_29.50,23.92105649193553,21.16464000000002,26.57986,249.58515159088,0.2972904746575269,0.6395958100137097,19.57232466397852,101112.13137096772,True,True,0.3658537084356579,False,0.7167071460371754,0.8702930948467476,True,771.048
Rusizi,2003,3,,,34.059169999999995,19.382608695652177,100.8,BUJUMBURA (Aeroport),BUJUMBURA (Aeroport),grid_m3.25_29.25,25.12326771505377,17.828880000000026,34.059169999999995,8.04805758416,0.5614204409151882,0.6564940171075269,14.471701922043051,101102.32944220433,True,False,1.5043629271954442,False,0.6404033275472925,3.718799999999995,True,771.048
Mulembwe,2003,3,1.5903225806451615,13.81,21.493548387096777,10.048387096774194,204.9000000000001,MPOTA (Tora),MPOTA (Tora),grid_m4.00_29.50,21.85220619623658,18.76138000000003,25.94710000000003,380.76782215654,-0.0326826438309139,0.8380611377446976,18.49281122311828,101191.13755376344,False,False,0.3376177859350189,False,0.5205910025183871,1.5903225806451615,False,771.048
Jiji,2003,3,0.8590322580645162,,21.493548387096777,10.048387096774194,204.9000000000001,MPOTA (Tora),MPOTA (Tora),grid_m4.00_29.75,19.65599033602149,15.331500000000004,25.576900000000023,189.13841267698,-0.0394175127410618,0.5826690416940861,16.442325873655932,101310.06801075269,False,False,0.7469623692808592,False,0.8126615557487169,0.8590322580645162,False,771.048
Buzimba,2003,3,1.835161290322581,13.81,25.94710000000003,18.76138000000003,133.49999999999997,NYANZA LAC (IRAT),NYANZA LAC (IRAT),grid_m4.00_29.50,21.85220619623658,18.76138000000003,25.94710000000003,380.76782215654,-0.0326826438309139,0.8380611377446976,18.49281122311828,101191.13755376344,True,True,0.2550133648657899,False,0.584975397284336,1.835161290322581,False,771.048
Kaburantwa,2003,3,,0.11,33.43807000000004,16.47637000000003,17.304340152930344,MPARAMBO,MPARAMBO,grid_m3.00_29.25,24.104051505376333,16.47637000000003,33.43807000000004,7.83777241174,0.3179571093739247,0.5688094687749328,13.134840241935478,101124.03624327958,True,True,2.207813552612297,True,0.7434933269870325,1.280063483307206,True,771.048
Nyamagana,2003,3,,,33.43807000000004,16.47637000000003,17.1400351447181,MPARAMBO,MPARAMBO,grid_m3.00_29.25,24.104051505376333,16.47637000000003,33.43807000000004,7.83777241174,0.3179571093739247,0.5688094687749328,13.134840241935478,101124.03624327958,True,True,2.186850324850525,True,0.6571234772920045,0.6179160081768034,True,771.048
Mutimbuzi,2003,3,,13.98,34.059169999999995,19.382608695652177,100.8,BUJUMBURA (Aeroport),BUJUMBURA (Aeroport),grid_m3.25_29.25,25.12326771505377,17.828880000000026,34.059169999999995,8.04805758416,0.5614204409151882,0.6564940171075269,14.471701922043051,101102.32944220433,True,False,1.5476478434872514,False,0.6910514605608391,2.2720377787367703,True,771.048
Kaburantwa,2003,4,,0.37,32.65682000000004,15.878000000000045,106.44953680410651,MPARAMBO,MPARAMBO,grid_m3.00_29.25,23.032228833333363,15.878000000000045,32.65682000000004,48.21491229554,0.0004803976287499,0.6928433954933333,14.664439625,101228.76918055557,True,True,2.207813552612297,True,0.7360551682543465,1.3256201896895892,True,771.173
Nyengwe,2003,4,,9.16,25.757900000000006,21.020530000000008,234.7,NYANZA LAC (IRAT),NYANZA LAC (IRAT),grid_m4.25_29.50,22.92435963888892,21.020530000000008,25.757900000000006,530.2734362908001,0.2456735393803333,0.5633471379901389,19.530485027777782,101209.9985347222,True,True,0.3658537084356579,False,0.5587760564247826,0.6956427235377571,True,771.173
Nyamagana,2003,4,,,32.65682000000004,15.878000000000045,105.43879661614122,MPARAMBO,MPARAMBO,grid_m3.00_29.25,23.032228833333363,15.878000000000045,32.65682000000004,48.21491229554,0.0004803976287499,0.6928433954933333,14.664439625,101228.76918055557,True,True,2.186850324850525,True,0.662159803039233,0.8181213218979353,True,771.173
Mutimbuzi,2003,4,,15.79,30.64761904761905,20.154166666666665,68.1,BUJUMBURA (Aeroport),BUJUMBURA (Aeroport),grid_m3.25_29.25,24.271698430555546,17.348540000000014,33.55746000000005,61.01131441914,0.5764773042486111,0.7669143056620833,15.31099450000005,101202.44890972222,False,False,1.5476478434872514,False,0.686132891867334,1.8550647774088296,True,771.173
Mulembwe,2003,4,2.1420000000000003,11.56,20.65333333333333,11.153333333333332,183.3,MPOTA (Tora),MPOTA (Tora),grid_m4.00_29.50,21.071291416666725,18.41930000000002,26.32430000000005,524.13272937716,-0.1051850222629166,0.7184144124500278,18.3446478333334,101280.86675694444,False,False,0.3376177859350189,False,0.403326939598058,2.1420000000000003,False,771.173
Nyakagunda,2003,4,,,29.83480000000003,14.11044000000004,114.93511624738407,MPARAMBO,MPARAMBO,grid_m2.75_29.00,20.735831347222245,14.11044000000004,29.83480000000003,57.5804711051,-1.1829397409505555,0.6994568926063889,12.576204000000018,101299.23879861111,True,True,1.9960780806672505,True,0.6815585357068374,0.5435484559563536,True,771.173
Rusizi,2003,4,,,30.64761904761905,20.154166666666665,68.1,BUJUMBURA (Aeroport),BUJUMBURA (Aeroport),grid_m3.25_29.25,24.271698430555546,17.348540000000014,33.55746000000005,61.01131441914,0.5764773042486111,0.7669143056620833,15.31099450000005,101202.44890972222,False,False,1.5043629271954442,False,0.584810234526373,2.2634999999999996,True,771.173
Buzimba,2003,4,1.8003333333333331,11.56,26.32430000000005,18.41930000000002,234.7,NYANZA LAC (IRAT),NYANZA LAC (IRAT),grid_m4.00_29.50,21.071291416666725,18.41930000000002,26.32430000000005,524.13272937716,-0.1051850222629166,0.7184144124500278,18.3446478333334,101280.86675694444,True,True,0.2550133648657899,False,0.376922002624065,1.8003333333333331,False,771.173
Jiji,2003,4,0.9693333333333332,,20.65333333333333,11.153333333333332,183.3,MPOTA (Tora),MPOTA (Tora),grid_m4.00_29.75,19.10299177777779,15.130460000000028,25.57820000000004,199.65028764178,-0.5170475411684722,0.4517016308216666,16.204082777777842,101404.11625,False,False,0.7469623692808592,False,0.7243223588919265,0.9693333333333332,False,771.173
Kaburantwa,2003,5,,0.41,30.348100000000045,15.20437000000004,33.16954679346761,MPARAMBO,MPARAMBO,grid_m3.00_29.25,22.15927717741937,15.20437000000004,30.348100000000045,15.0237082992,0.0726661882217742,0.7701096884431451,14.389516438172052,101397.96151881722,True,True,2.207813552612297,True,0.7329687585133295,1.593747336834041,True,771.29
Mulembwe,2003,5,1.506129032258065,4.36,19.816129032258072,11.44516129032258,118.70000000000002,MPOTA (Tora),MPOTA (Tora),grid_m4.00_29.50,21.24253978494625,17.847000000000037,25.099800000000016,200.30021659238,-0.0349197589351854,0.3382275490571573,17.81784702956992,101410.18327956989,False,False,0.3376177859350189,False,0.672011381063963,1.506129032258065,False,771.29
Buzimba,2003,5,1.5293548387096776,4.36,30.05454545454545,20.145454545454548,83.4,NYANZA LAC (IRAT),NYANZA LAC (IRAT),grid_m4.00_29.50,21.24253978494625,17.847000000000037,25.099800000000016,200.30021659238,-0.0349197589351854,0.3382275490571573,17.81784702956992,101410.18327956989,False,False,0.2550133648657899,False,0.5499023164707545,1.5293548387096776,False,771.29
Jiji,2003,5,0.824516129032258,,19.816129032258072,11.44516129032258,118.70000000000002,MPOTA (Tora),MPOTA (Tora),grid_m4.00_29.75,19.10544840053768,15.36727000000002,24.149069999999995,103.57189147912,-1.0464088075005913,0.395181881282258,15.056658642473169,101541.4585282258,False,False,0.7469623692808592,False,0.706846323690547,0.824516129032258,False,771.29
Nyakagunda,2003,5,,,28.539500000000032,14.251980000000003,46.33668409408307,MPARAMBO,MPARAMBO,grid_m2.75_29.00,20.15885455645161,14.251980000000003,28.539500000000032,23.21386349706,-1.3642693999970967,0.9258779713901344,12.27086944892477,101462.7948454301,True,True,1.9960780806672505,True,0.6315502578247925,0.4730953109274854,True,771.29
Mutimbuzi,2003,5,,4.05,31.019047619047623,20.32272727272728,25.0,BUJUMBURA (Aeroport),BUJUMBURA (Aeroport),grid_m3.25_29.25,23.188106881720444,16.654260000000022,30.72380000000004,45.85313805054,0.9003435981604838,0.6831378726523253,15.34639302419356,101373.32610887096,False,False,1.5476478434872514,False,0.7008258471240185,2.0798187530929777,True,771.29
Nyamagana,2003,5,,,30.348100000000045,15.20437000000004,32.85460137456505,MPARAMBO,MPARAMBO,grid_m3.00_29.25,22.15927717741937,15.20437000000004,30.348100000000045,15.0237082992,0.0726661882217742,0.7701096884431451,14.389516438172052,101397.96151881722,True,True,2.186850324850525,True,0.611912031858762,0.726197296466974,True,771.29
Nyengwe,2003,5,,3.15,30.05454545454545,20.145454545454548,83.4,NYANZA LAC (IRAT),NYANZA LAC (IRAT),grid_m4.25_29.50,23.316335685483864,20.96795000000003,25.93768,174.73793043446,0.6664083140217608,0.120959455285887,19.003186236559145,101336.226202957,False,False,0.3658537084356579,False,0.7039805896894524,1.0927930814166036,True,771.29
Rusizi,2003,5,,,31.019047619047623,20.32272727272728,25.0,BUJUMBURA (Aeroport),BUJUMBURA (Aeroport),grid_m3.25_29.25,23.188106881720444,16.654260000000022,30.72380000000004,45.85313805054,0.9003435981604838,0.6831378726523253,15.34639302419356,101373.32610887096,False,False,1.5043629271954442,False,0.6081671617191535,3.51185,True,771.29
Nyengwe,2003,6,,0.99,29.23,18.13333333333333,0.3,NYANZA LAC (IRAT),NYANZA LAC (IRAT),grid_m4.25_29.50,22.771308791666684,20.01034000000004,25.43896000000001,82.89957058988,0.9127621336741806,0.3473094791097222,17.779724750000014,101371.58151388889,False,False,0.3658537084356579,False,0.700512148344991,0.8017547853632667,True,770.9699999999999
Buzimba,2003,6,1.3299999999999996,1.76,29.23,18.13333333333333,0.3,NYANZA LAC (IRAT),NYANZA LAC (IRAT),grid_m4.00_29.50,20.462861361111152,16.840419999999995,24.451000000000025,153.34749182508,0.1538794837541666,0.6301708073756944,17.156067708333353,101445.94089583332,False,False,0.2550133648657899,False,0.677313004500722,1.3299999999999996,False,770.9699999999999
Jiji,2003,6,0.6363333333333331,,19.633333333333333,8.879999999999999,4.3,MPOTA (Tora),MPOTA (Tora),grid_m4.00_29.75,18.654427666666663,14.448450000000037,24.81216000000001,42.47474660064,-0.86909686182325,0.7779735436630555,13.14965751388894,101545.21536111111,False,False,0.7469623692808592,False,0.75088864801824,0.6363333333333331,False,770.9699999999999
Mutimbuzi,2003,6,,1.12,30.52,18.307407407407407,1.9,BUJUMBURA (Aeroport),BUJUMBURA (Aeroport),grid_m3.25_29.25,23.1595036527778,16.596519999999998,31.76528000000002,1.53636931734,1.2202938706879167,1.28201677853,13.116517194444498,101375.61668055555,False,False,1.5476478434872514,False,0.5680517368729026,1.4249464061627286,True,770.9699999999999
Mulembwe,2003,6,1.094,1.76,19.633333333333333,8.879999999999999,4.3,MPOTA (Tora),MPOTA (Tora),grid_m4.00_29.50,20.462861361111152,16.840419999999995,24.451000000000025,153.34749182508,0.1538794837541666,0.6301708073756944,17.156067708333353,101445.94089583332,False,False,0.3376177859350189,False,0.5998722789076135,1.094,False,770.9699999999999
Rusizi,2003,6,,,30.52,18.307407407407407,1.9,BUJUMBURA (Aeroport),BUJUMBURA (Aeroport),grid_m3.25_29.25,23.1595036527778,16.596519999999998,31.76528000000002,1.53636931734,1.2202938706879167,1.28201677853,13.116517194444498,101375.61668055555,False,False,1.5043629271954442,False,0.522353115853191,2.0855499999999982,True,770.9699999999999
Nyamagana,2003,6,,,30.95278000000002,15.508080000000009,1.8926302560656325,MPARAMBO,MPARAMBO,grid_m3.00_29.25,22.04835151388892,15.508080000000009,30.95278000000002,0.86545943934,0.4954417118893056,0.9633780014394444,11.850048291666669,101397.72073611112,True,True,2.186850324850525,True,0.489934399988498,0.6736868087557605,True,770.9699999999999
Nyakagunda,2003,6,,,28.31277,14.210140000000024,12.30302108035266,MPARAMBO,MPARAMBO,grid_m2.75_29.00,19.78656469444445,14.210140000000024,28.31277,6.1635971055,-1.4311058692791667,1.0297801825094446,10.114127083333358,101465.140375,True,True,1.9960780806672505,True,0.4930811503535605,0.4053017741935481,True,770.9699999999999
Kaburantwa,2003,6,,0.02,30.95278000000002,15.508080000000009,1.9107730794110929,MPARAMBO,MPARAMBO,grid_m3.00_29.25,22.04835151388892,15.508080000000009,30.95278000000002,0.86545943934,0.4954417118893056,0.9633780014394444,11.850048291666669,101397.72073611112,True,True,2.207813552612297,True,0.6312051137469255,1.5425178161797493,True,770.9699999999999
Buzimba,2003,7,1.2780645161290318,0.84,29.84193548387096,16.267741935483873,0.0,NYANZA LAC (IRAT),NYANZA LAC (IRAT),grid_m4.00_29.50,19.968021545698942,16.032740000000047,24.57390000000004,75.83093635642001,0.0935987661848387,0.7806124722377689,15.915908588709726,101576.7876814516,False,False,0.2550133648657899,False,0.5911064838059901,1.2780645161290318,False,770.621
Mutimbuzi,2003,7,,0.59,30.042857142857144,16.717857142857145,0.5,BUJUMBURA (Aeroport),BUJUMBURA (Aeroport),grid_m3.25_29.25,22.84267501344084,14.86160000000001,30.87985000000004,2.51722335988,0.989319215792406,1.5553061185869623,12.106207513440893,101495.33941532258,False,False,1.5476478434872514,False,0.4820303359636265,0.9146618039594115,True,770.621
Nyamagana,2003,7,,,30.12008000000003,14.259240000000034,6.85309425288796,MPARAMBO,MPARAMBO,grid_m3.00_29.25,21.833387190860208,14.259240000000034,30.12008000000003,3.13377380016,0.3346508808460081,1.0521112877028496,10.605138561827973,101514.57126344086,True,True,2.186850324850525,True,0.4026679838837205,0.555057849462365,True,770.621
Mulembwe,2003,7,0.8841935483870964,0.84,20.703225806451616,7.025925925925926,1.2,MPOTA (Tora),MPOTA (Tora),grid_m4.00_29.50,19.968021545698942,16.032740000000047,24.57390000000004,75.83093635642001,0.0935987661848387,0.7806124722377689,15.915908588709726,101576.7876814516,False,False,0.3376177859350189,False,0.5601266156676965,0.8841935483870964,False,770.621
Rusizi,2003,7,,,30.042857142857144,16.717857142857145,0.5,BUJUMBURA (Aeroport),BUJUMBURA (Aeroport),grid_m3.25_29.25,22.84267501344084,14.86160000000001,30.87985000000004,2.51722335988,0.989319215792406,1.5553061185869623,12.106207513440893,101495.33941532258,False,False,1.5043629271954442,False,0.4785607365609565,2.1629499999999946,True,770.621
Jiji,2003,7,0.5306451612903225,,20.703225806451616,7.025925925925926,1.2,MPOTA (Tora),MPOTA (Tora),grid_m4.00_29.75,18.292959610215064,12.70070000000004,25.301050000000032,18.16511155678,-0.6885989206861828,0.961943327219086,11.6805990322581,101669.0370094086,False,False,0.7469623692808592,False,0.6798166804986495,0.5306451612903225,False,770.621
Nyakagunda,2003,7,,,27.35250000000002,12.166280000000029,2.0044996553712897,MPARAMBO,MPARAMBO,grid_m2.75_29.00,19.3974519354839,12.166280000000029,27.35250000000002,1.00421906076,-1.4251659342459675,1.020702464641223,9.055903346774189,101577.1865188172,True,True,1.9960780806672505,True,0.4122417022123635,0.3843810463192722,True,770.621
Kaburantwa,2003,7,,0.02,30.12008000000003,14.259240000000034,6.91878826681459,MPARAMBO,MPARAMBO,grid_m3.00_29.25,21.833387190860208,14.259240000000034,30.12008000000003,3.13377380016,0.3346508808460081,1.0521112877028496,10.605138561827973,101514.57126344086,True,True,2.207813552612297,True,0.5342401245378475,1.6019972717866402,True,770.621
Nyengwe,2003,7,,0.48,29.84193548387096,16.267741935483873,0.0,NYANZA LAC (IRAT),NYANZA LAC (IRAT),grid_m4.25_29.50,22.28519963709681,19.98586,25.118830000000003,30.39431579522,0.7531394146383065,0.5351855164358602,16.18093525537637,101508.90864919354,False,False,0.3658537084356579,False,0.556297483937077,0.5866954338408981,True,770.621
Mutimbuzi,2003,8,,0.92,31.175000000000008,17.144444444444446,2.5,BUJUMBURA (Aeroport),BUJUMBURA (Aeroport),grid_m3.25_29.25,24.609114314516148,15.763880000000029,33.13088000000005,0.02431869522,0.9205159231943144,1.5855502251827958,10.634791061827968,101313.91230510751,False,False,1.5476478434872514,False,0.4312629504598575,0.9787442212277392,True,770.6469999999999
Nyengwe,2003,8,,0.25,30.9,16.43548387096774,0.0,NYANZA LAC (IRAT),NYANZA LAC (IRAT),grid_m4.25_29.50,23.70831970430112,20.902980000000017,26.637,4.8270225585,0.725888589953629,0.3059908341702957,15.593303172043022,101316.9764919355,False,False,0.3658537084356579,False,0.4941640893640875,0.6493587695152065,True,770.6469999999999
Nyakagunda,2003,8,,,28.93725000000001,13.517800000000022,1.0974302374986362,MPARAMBO,MPARAMBO,grid_m2.75_29.00,21.024833306451622,13.517800000000022,28.93725000000001,0.5497932411199999,-1.011796746164516,1.0085199208780915,7.760093172043014,101421.10956317204,True,True,1.9960780806672505,True,0.3856431240402654,0.3723631182795704,True,770.6469999999999
Kaburantwa,2003,8,,0.02,32.75643000000002,15.73696000000001,0.036846863959988,MPARAMBO,MPARAMBO,grid_m3.00_29.25,23.53581666666668,15.73696000000001,32.75643000000002,0.01668930056,0.4895132135932796,1.0230961661491935,8.633389314516137,101337.904422043,True,True,2.207813552612297,True,0.492363395336906,1.3430723792136208,True,770.6469999999999
Mulembwe,2003,8,0.7325806451612904,0.63,22.390322580645165,7.82758620689655,7.9,MPOTA (Tora),MPOTA (Tora),grid_m4.00_29.50,21.38317669354842,16.656900000000007,27.01077000000004,11.03782653882,0.2293170597703629,0.6311927102918011,15.119851384408603,101388.23925403225,False,False,0.3376177859350189,False,0.4321220049548735,0.7325806451612904,False,770.6469999999999
Jiji,2003,8,0.4661290322580645,,22.390322580645165,7.82758620689655,7.9,MPOTA (Tora),MPOTA (Tora),grid_m4.00_29.75,20.2425541532258,13.55337000000003,28.194360000000017,3.27205657454,-0.3674689475051075,0.9993541478626344,9.794734690860253,101483.40289650536,False,False,0.7469623692808592,False,0.6111367219509205,0.4661290322580645,False,770.6469999999999
Nyamagana,2003,8,,,32.75643000000002,15.73696000000001,0.036497002351164,MPARAMBO,MPARAMBO,grid_m3.00_29.25,23.53581666666668,15.73696000000001,32.75643000000002,0.01668930056,0.4895132135932796,1.0230961661491935,8.633389314516137,101337.904422043,True,True,2.186850324850525,True,0.36636751175295,0.6407566129032253,True,770.6469999999999
Rusizi,2003,8,,,31.175000000000008,17.144444444444446,2.5,BUJUMBURA (Aeroport),BUJUMBURA (Aeroport),grid_m3.25_29.25,24.609114314516148,15.763880000000029,33.13088000000005,0.02431869522,0.9205159231943144,1.5855502251827958,10.634791061827968,101313.91230510751,False,False,1.5043629271954442,False,0.435837810270505,2.183899999999996,True,770.6469999999999
Buzimba,2003,8,1.2325806451612902,0.63,30.9,16.43548387096774,0.0,NYANZA LAC (IRAT),NYANZA LAC (IRAT),grid_m4.00_29.50,21.38317669354842,16.656900000000007,27.01077000000004,11.03782653882,0.2293170597703629,0.6311927102918011,15.119851384408603,101388.23925403225,False,False,0.2550133648657899,False,0.3629723010466565,1.2325806451612902,False,770.6469999999999
Nyengwe,2003,9,,0.77,31.1896551724138,17.97586206896552,2.9,NYANZA LAC (IRAT),NYANZA LAC (IRAT),grid_m4.25_29.50,24.124381097222223,21.54855000000003,27.30636000000004,112.72025135944,0.9997672620840278,-0.098350947385,17.75113141666668,101231.9848263889,False,False,0.3658537084356579,False,0.476956625454161,0.7861793148010463,True,770.5286666666667
Jiji,2003,9,0.4569999999999999,,22.13666666666667,9.73333333333333,50.60000000000001,MPOTA (Tora),MPOTA (Tora),grid_m4.00_29.75,21.122647597222223,16.13644000000005,27.841520000000003,64.59927573467999,-0.8513313716099445,0.7314477708935277,12.696703833333402,101399.1079375,False,False,0.7469623692808592,False,0.5644087969231835,0.4569999999999999,False,770.5286666666667
Buzimba,2003,9,1.185333333333333,2.59,31.1896551724138,17.97586206896552,2.9,NYANZA LAC (IRAT),NYANZA LAC (IRAT),grid_m4.00_29.50,21.8403235277778,18.187220000000025,26.5129,242.51103381832,0.2708718618593055,0.3287066149177777,17.349679708333383,101314.36994444444,False,False,0.2550133648657899,False,0.4286014864550559,1.185333333333333,False,770.5286666666667
Kaburantwa,2003,9,,0.05,32.22073,16.37805000000003,11.41621129404064,MPARAMBO,MPARAMBO,grid_m3.00_29.25,23.71198969444447,16.37805000000003,32.22073,5.170822183119999,0.7371858814994444,0.7383420315786111,10.416598736111098,101282.64230555556,True,True,2.207813552612297,True,0.4407761897654295,1.4184130779407762,True,770.5286666666667
Mulembwe,2003,9,0.6753333333333335,2.59,22.13666666666667,9.73333333333333,50.60000000000001,MPOTA (Tora),MPOTA (Tora),grid_m4.00_29.50,21.8403235277778,18.187220000000025,26.5129,242.51103381832,0.2708718618593055,0.3287066149177777,17.349679708333383,101314.36994444444,False,False,0.3376177859350189,False,0.4181834946038499,0.6753333333333335,False,770.5286666666667
Nyamagana,2003,9,,,32.22073,16.37805000000003,11.30781417090027,MPARAMBO,MPARAMBO,grid_m3.00_29.25,23.71198969444447,16.37805000000003,32.22073,5.170822183119999,0.7371858814994444,0.7383420315786111,10.416598736111098,101282.64230555556,True,True,2.186850324850525,True,0.3534071601707945,0.6217298189020936,True,770.5286666666667
Rusizi,2003,9,,,30.784615384615385,19.32692307692308,54.6,BUJUMBURA (Aeroport),BUJUMBURA (Aeroport),grid_m3.25_29.25,24.826185000000063,17.267899999999997,32.76534000000004,4.00447848942,1.4477883662569446,1.0140025660605556,11.300919847222248,101257.01347916666,False,False,1.5043629271954442,False,0.429985939208573,2.019600000000001,True,770.5286666666667
Mutimbuzi,2003,9,,3.86,30.784615384615385,19.32692307692308,54.6,BUJUMBURA (Aeroport),BUJUMBURA (Aeroport),grid_m3.25_29.25,24.826185000000063,17.267899999999997,32.76534000000004,4.00447848942,1.4477883662569446,1.0140025660605556,11.300919847222248,101257.01347916666,False,False,1.5476478434872514,False,0.4567101778829115,1.0993773600521308,True,770.5286666666667
Nyakagunda,2003,9,,,28.7473,14.892420000000016,17.114391326942965,MPARAMBO,MPARAMBO,grid_m2.75_29.00,21.396391625000035,14.892420000000016,28.7473,8.5740089492,-1.1764805688395832,0.9144772851738888,9.442352680555588,101370.4604861111,True,True,1.9960780806672505,True,0.3517509801133665,0.4154717741935483,True,770.5286666666667
Nyengwe,2003,10,,1.98,30.76774193548387,19.506451612903223,29.8,NYANZA LAC (IRAT),NYANZA LAC (IRAT),grid_m4.25_29.50,24.05275776881723,20.99325000000005,27.50707,249.86696274678,0.7593868416127688,-0.0822602738883467,18.43937807795703,101110.15465053765,False,False,0.3658537084356579,False,0.501588733074867,0.9027569785662006,True,770.395
Buzimba,2003,10,1.134193548387097,10.14,30.76774193548387,19.506451612903223,29.8,NYANZA LAC (IRAT),NYANZA LAC (IRAT),grid_m4.00_29.50,21.841080080645213,18.294820000000016,27.02075000000002,469.8147783406,0.1543683085826613,0.2837406492329301,17.87961901881721,101191.14185483872,False,False,0.2550133648657899,False,0.318445055449686,1.134193548387097,False,770.395
Kaburantwa,2003,10,,0.03,33.580100000000016,16.055870000000027,56.62520776756067,MPARAMBO,MPARAMBO,grid_m3.00_29.25,23.50986732526883,16.055870000000027,33.580100000000016,25.64764026408,0.6058092631709677,0.6151457970456989,11.979716263440878,101168.82616263442,True,True,2.207813552612297,True,0.572635087300323,1.2402091044193368,True,770.395
Nyamagana,2003,10,,,33.580100000000016,16.055870000000027,56.08755044315275,MPARAMBO,MPARAMBO,grid_m3.00_29.25,23.50986732526883,16.055870000000027,33.580100000000016,25.64764026408,0.6058092631709677,0.6151457970456989,11.979716263440878,101168.82616263442,True,True,2.186850324850525,True,0.463564359158675,0.6090676765502469,True,770.395
Rusizi,2003,10,,,31.283333333333346,19.829629629629625,76.3,BUJUMBURA (Aeroport),BUJUMBURA (Aeroport),grid_m3.25_29.25,24.6296091801076,16.49923000000001,34.78450000000004,16.07608799082,1.310410920685484,0.6665229601306989,12.171201276881732,101141.27224462366,False,False,1.5043629271954442,False,0.472412545758386,3.120099999999997,True,770.395
Nyakagunda,2003,10,,,30.345730000000003,14.72582,67.28684608088189,MPARAMBO,MPARAMBO,grid_m2.75_29.00,21.17783881720436,14.72582,30.345730000000003,33.70952606142,-1.0283118834365592,0.7716963784853496,11.026714838709722,101255.27865591396,True,True,1.9960780806672505,True,0.44044570513185,0.3909237965260545,True,770.395
Mulembwe,2003,10,0.7735483870967742,10.14,22.15806451612903,10.90322580645161,87.80000000000001,MPOTA (Tora),MPOTA (Tora),grid_m4.00_29.50,21.841080080645213,18.294820000000016,27.02075000000002,469.8147783406,0.1543683085826613,0.2837406492329301,17.87961901881721,101191.14185483872,False,False,0.3376177859350189,False,0.306462767419608,0.7735483870967742,False,770.395
Jiji,2003,10,0.52,,22.15806451612903,10.90322580645161,87.80000000000001,MPOTA (Tora),MPOTA (Tora),grid_m4.00_29.75,20.609437580645192,15.774,27.745000000000005,163.05923462982,-0.6000157219002689,0.3933282885518817,14.253269798387125,101287.81527553764,False,False,0.7469623692808592,False,0.569627220213133,0.52,False,770.395
Mutimbuzi,2003,10,,11.41,31.283333333333346,19.829629629629625,76.3,BUJUMBURA (Aeroport),BUJUMBURA (Aeroport),grid_m3.25_29.25,24.6296091801076,16.49923000000001,34.78450000000004,16.07608799082,1.310410920685484,0.6665229601306989,12.171201276881732,101141.27224462366,False,False,1.5476478434872514,False,0.517696778333877,1.374711257017191,True,770.395
Buzimba,2003,11,1.517666666666667,17.06,28.94333333333333,19.67,105.8,NYANZA LAC (IRAT),NYANZA LAC (IRAT),grid_m4.00_29.50,21.394276958333364,18.22863000000001,25.81124,526.07488512188,-0.1202855215998611,0.6324836303465973,17.982079624999983,101172.35419444444,False,False,0.2550133648657899,False,0.2926186108642635,1.517666666666667,False,770.432
Mulembwe,2003,11,0.7966666666666667,17.06,21.616666666666667,11.26666666666667,71.7,MPOTA (Tora),MPOTA (Tora),grid_m4.00_29.50,21.394276958333364,18.22863000000001,25.81124,526.07488512188,-0.1202855215998611,0.6324836303465973,17.982079624999983,101172.35419444444,False,False,0.3376177859350189,False,0.4145894666149585,0.7966666666666667,False,770.432
Kaburantwa,2003,11,,0.11,31.944180000000017,17.099730000000022,17.6785988135099,MPARAMBO,MPARAMBO,grid_m3.00_29.25,23.71484765277779,17.099730000000022,31.944180000000017,8.007287930899999,0.4072806678976389,0.5275126556833334,11.914051777777786,101132.34413194444,True,True,2.207813552612297,True,0.6687479582494855,1.4678946471320184,True,770.432
Nyamagana,2003,11,,,31.944180000000017,17.099730000000022,17.510740212860348,MPARAMBO,MPARAMBO,grid_m3.00_29.25,23.71484765277779,17.099730000000022,31.944180000000017,8.007287930899999,0.4072806678976389,0.5275126556833334,11.914051777777786,101132.34413194444,True,True,2.186850324850525,True,0.6001381916129435,0.6747534980596656,True,770.432
Mutimbuzi,2003,11,,21.64,30.21500000000001,19.336,68.0,BUJUMBURA (Aeroport),BUJUMBURA (Aeroport),grid_m3.25_29.25,24.66976256944445,17.874840000000006,32.83993000000004,2.00128556114,1.0615558405513887,0.51318702592,12.32149234722226,101106.12179166666,False,False,1.5476478434872514,False,0.5760556621611355,1.3527508214835464,True,770.432
Rusizi,2003,11,,,30.21500000000001,19.336,68.0,BUJUMBURA (Aeroport),BUJUMBURA (Aeroport),grid_m3.25_29.25,24.66976256944445,17.874840000000006,32.83993000000004,2.00128556114,1.0615558405513887,0.51318702592,12.32149234722226,101106.12179166666,False,False,1.5043629271954442,False,0.5450459283252,2.1512499999999997,True,770.432
Jiji,2003,11,0.5043333333333334,,21.616666666666667,11.26666666666667,71.7,MPOTA (Tora),MPOTA (Tora),grid_m4.00_29.75,19.55996973611116,15.117520000000011,26.078100000000006,219.09785292592,-0.509261216951625,0.1461460108993055,15.190331902777814,101285.00857638888,False,False,0.7469623692808592,False,0.481789563316679,0.5043333333333334,False,770.432
Nyengwe,2003,11,,10.78,28.94333333333333,19.67,105.8,NYANZA LAC (IRAT),NYANZA LAC (IRAT),grid_m4.25_29.50,23.586361833333346,21.217200000000048,26.378720000000044,286.07201605624,0.3945446635443333,0.53874855057875,18.88696561111118,101095.71115277776,False,False,0.3658537084356579,False,0.508076974197878,0.7847514544817074,True,770.432
Nyakagunda,2003,11,,,28.66220000000004,14.464320000000043,56.177863264202266,MPARAMBO,MPARAMBO,grid_m2.75_29.00,21.218295263888933,14.464320000000043,28.66220000000004,28.14412111846,-1.0151938338468527,0.5687290184566667,11.100409597222267,101218.29869444444,True,True,1.9960780806672505,True,0.6294683365574261,0.510454128264209,True,770.432
Nyengwe,2003,12,,14.74,28.112903225806456,19.303225806451607,155.20000000000002,NYANZA LAC (IRAT),NYANZA LAC (IRAT),grid_m4.25_29.50,22.90517861559141,20.20565000000005,25.29955000000001,469.38133305586,-0.0665648058895161,0.8376512627310483,19.16335987903227,101211.43696908603,False,False,0.3658537084356579,False,0.4545331833843455,0.6545510118502866,True,770.549
Mulembwe,2003,12,1.5183870967741937,20.79,21.32903225806452,10.709677419354836,80.39999999999998,MPOTA (Tora),MPOTA (Tora),grid_m4.00_29.50,21.04929987903228,18.11220000000003,25.234700000000032,692.02852291158,-0.2480597333568548,0.9795127155291264,18.12695388440864,101282.72380376344,False,False,0.3376177859350189,False,0.3995370788392525,1.5183870967741937,False,770.549
Nyakagunda,2003,12,,,29.37527,14.50490000000002,65.15099762360956,MPARAMBO,MPARAMBO,grid_m2.75_29.00,21.387353346774205,14.50490000000002,29.37527,32.63950356182,-0.8314862609943549,0.2070176519451613,11.27325146505376,101288.18594758064,True,True,1.9960780806672505,True,0.5957745455580425,0.5305745442025535,True,770.549
Buzimba,2003,12,1.7109677419354836,20.79,28.112903225806456,19.303225806451607,155.20000000000002,NYANZA LAC (IRAT),NYANZA LAC (IRAT),grid_m4.00_29.50,21.04929987903228,18.11220000000003,25.234700000000032,692.02852291158,-0.2480597333568548,0.9795127155291264,18.12695388440864,101282.72380376344,False,False,0.2550133648657899,False,0.3400763202860425,1.7109677419354836,False,770.549
Jiji,2003,12,0.7370967741935486,,21.32903225806452,10.709677419354836,80.39999999999998,MPOTA (Tora),MPOTA (Tora),grid_m4.00_29.75,19.22596055107533,15.455900000000042,25.115560000000016,306.01978322314,-0.2927952227777823,0.3903396984662634,15.877176895161313,101393.7946841398,False,False,0.7469623692808592,False,0.7525991027158785,0.7370967741935486,False,770.549
Kaburantwa,2003,12,,0.19,32.73165,17.494740000000036,11.15828316361603,MPARAMBO,MPARAMBO,grid_m3.00_29.25,24.362388077957007,17.494740000000036,32.73165,5.05399704174,0.2745639636486559,0.6057452328604839,12.324946532258082,101199.28646505377,True,True,2.207813552612297,True,0.726502809546554,1.3906559830560423,True,770.549
Nyamagana,2003,12,,,32.73165,17.494740000000036,11.05233507252271,MPARAMBO,MPARAMBO,grid_m3.00_29.25,24.362388077957007,17.494740000000036,32.73165,5.05399704174,0.2745639636486559,0.6057452328604839,12.324946532258082,101199.28646505377,True,True,2.186850324850525,True,0.6705048825353555,0.680906838639052,True,770.549
Mutimbuzi,2003,12,,17.15,29.995833333333337,18.88,38.3,BUJUMBURA (Aeroport),BUJUMBURA (Aeroport),grid_m3.25_29.25,25.20145756720433,17.871180000000038,33.454300000000046,6.11162188648,0.4693566793789113,0.6900091872608871,13.872598413978553,101183.57121639785,False,False,1.5476478434872514,False,0.6347462169552275,1.5242263124389763,True,770.549
Rusizi,2003,12,,,29.995833333333337,18.88,38.3,BUJUMBURA (Aeroport),BUJUMBURA (Aeroport),grid_m3.25_29.25,25.20145756720433,17.871180000000038,33.454300000000046,6.11162188648,0.4693566793789113,0.6900091872608871,13.872598413978553,101183.57121639785,False,False,1.5043629271954442,False,0.548216456397525,2.19115,True,770.549
Nyengwe,2004,1,,14.62,29.27741935483872,19.75161290322581,175.5,NYANZA LAC (IRAT),NYANZA LAC (IRAT),grid_m4.25_29.50,23.47712626344088,20.998800000000017,25.881200000000035,329.07772018586,0.1603787942791666,0.6776340420034946,19.496176155913982,101097.81688172044,False,False,0.3658537084356579,False,0.654044035714358,0.9932921640353012,True,770.578
Jiji,2004,1,0.7196774193548388,,21.722580645161287,11.109677419354838,175.8,MPOTA (Tora),MPOTA (Tora),grid_m4.00_29.75,19.586918790322613,15.124720000000025,25.878720000000044,215.1787285707,-0.2918300218807795,0.2934761460630377,16.077448521505403,101297.09157258064,False,False,0.7469623692808592,False,0.7016012614859195,0.7196774193548388,False,770.578
Kaburantwa,2004,1,,0.12,32.7285,17.46470000000005,72.54726402641566,MPARAMBO,MPARAMBO,grid_m3.00_29.25,24.119271155913964,17.46470000000005,32.7285,32.8593254356,0.1885232209299193,0.4340447037510752,13.54227698924734,101119.23774865593,True,True,2.207813552612297,True,0.746514724464297,1.371322833130546,True,770.578
Mutimbuzi,2004,1,,15.42,30.67,19.546666666666667,103.2,BUJUMBURA (Aeroport),BUJUMBURA (Aeroport),grid_m3.25_29.25,24.802001344086023,17.40414000000004,32.78710000000001,64.00823580008,0.1750022933115591,0.4185850892755511,15.145842231182826,101102.10704301076,False,False,1.5476478434872514,False,0.6401372609917225,1.5691387888739108,True,770.578
Nyamagana,2004,1,,,32.7285,17.46470000000005,71.85842650321098,MPARAMBO,MPARAMBO,grid_m3.00_29.25,24.119271155913964,17.46470000000005,32.7285,32.8593254356,0.1885232209299193,0.4340447037510752,13.54227698924734,101119.23774865593,True,True,2.186850324850525,True,0.662911235169966,0.8500916026625704,True,770.578
Buzimba,2004,1,1.6470967741935485,18.59,29.27741935483872,19.75161290322581,175.5,NYANZA LAC (IRAT),NYANZA LAC (IRAT),grid_m4.00_29.50,21.488889677419365,17.81185000000005,25.77325000000002,447.5519665824,-0.2011724693643817,0.6914660523451613,18.34469875000002,101175.40559139784,False,False,0.2550133648657899,False,0.3929765468861745,1.6470967741935485,False,770.578
Mulembwe,2004,1,2.191935483870968,18.59,21.722580645161287,11.109677419354838,175.8,MPOTA (Tora),MPOTA (Tora),grid_m4.00_29.50,21.488889677419365,17.81185000000005,25.77325000000002,447.5519665824,-0.2011724693643817,0.6914660523451613,18.34469875000002,101175.40559139784,False,False,0.3376177859350189,False,0.4090049197665135,2.191935483870968,False,770.578
Rusizi,2004,1,,,30.67,19.546666666666667,103.2,BUJUMBURA (Aeroport),BUJUMBURA (Aeroport),grid_m3.25_29.25,24.802001344086023,17.40414000000004,32.78710000000001,64.00823580008,0.1750022933115591,0.4185850892755511,15.145842231182826,101102.10704301076,False,False,1.5043629271954442,False,0.572672240200964,2.2890999999999995,True,770.578
Nyakagunda,2004,1,,,30.64843000000002,14.54708000000005,59.4515940625311,MPARAMBO,MPARAMBO,grid_m2.75_29.00,21.496100766129075,14.54708000000005,30.64843000000002,29.78420265136,-0.6256608234712513,0.0825819612696505,12.075157647849494,101207.76158602152,True,True,1.9960780806672505,True,0.6003399294492485,0.5181463466020453,True,770.578
Nyakagunda,2004,2,,,29.49984000000001,15.769560000000013,44.0128538000892,MPARAMBO,MPARAMBO,grid_m2.75_29.00,21.4841387212644,15.769560000000013,29.49984000000001,22.04966540456,-0.5426473504212643,0.1504850058604022,11.22215899425288,101315.89942528737,True,True,1.9960780806672505,True,0.6391359163206876,0.5263505137984005,True,770.6600000000001
Mulembwe,2004,2,1.381379310344828,10.79,21.00344827586207,10.858620689655172,179.29999999999998,MPOTA (Tora),MPOTA (Tora),grid_m4.00_29.50,21.46003015804598,18.19088000000005,25.60726,398.11325193132,-0.1252987738203304,0.7348875063311782,18.1350685488506,101284.79147270114,False,False,0.3376177859350189,False,0.6454523672921706,1.381379310344828,False,770.6600000000001
Kaburantwa,2004,2,,0.1,31.92843000000005,17.250050000000044,39.87041240205584,MPARAMBO,MPARAMBO,grid_m3.00_29.25,23.906981752873605,17.250050000000044,31.92843000000005,18.05877690844,0.2460587612701149,0.4927631467142241,13.030494784482812,101233.5367887931,True,True,2.207813552612297,True,0.684721413455925,1.4669937365653545,True,770.6600000000001
Rusizi,2004,2,,,30.193103448275867,19.42758620689655,23.1,BUJUMBURA (Aeroport),BUJUMBURA (Aeroport),grid_m3.25_29.25,24.57163637931035,17.920370000000048,32.500699999999995,35.34483916372,0.1557744346485632,0.4060721780327586,14.491075704023046,101217.18226293103,False,False,1.5043629271954442,False,0.5758547074561471,2.278950000000002,True,770.6600000000001
Nyengwe,2004,2,,7.57,28.97407407407408,19.74444444444444,97.29999999999998,NYANZA LAC (IRAT),NYANZA LAC (IRAT),grid_m4.25_29.50,23.41011050287358,20.83540000000005,25.53307000000001,270.96509942126,0.1230652032578591,0.8294232445729884,19.322716882183897,101209.37983477012,False,False,0.3658537084356579,False,0.6553937466255355,0.9193235979542936,True,770.6600000000001
Buzimba,2004,2,1.663103448275862,10.79,28.97407407407408,19.74444444444444,97.29999999999998,NYANZA LAC (IRAT),NYANZA LAC (IRAT),grid_m4.00_29.50,21.46003015804598,18.19088000000005,25.60726,398.11325193132,-0.1252987738203304,0.7348875063311782,18.1350685488506,101284.79147270114,False,False,0.2550133648657899,False,0.544985004983011,1.663103448275862,False,770.6600000000001
Mutimbuzi,2004,2,,7.39,30.193103448275867,19.42758620689655,23.1,BUJUMBURA (Aeroport),BUJUMBURA (Aeroport),grid_m3.25_29.25,24.57163637931035,17.920370000000048,32.500699999999995,35.34483916372,0.1557744346485632,0.4060721780327586,14.491075704023046,101217.18226293103,False,False,1.5476478434872514,False,0.6301687429070071,1.6339154813607235,True,770.6600000000001
Jiji,2004,2,0.756551724137931,,21.00344827586207,10.858620689655172,179.29999999999998,MPOTA (Tora),MPOTA (Tora),grid_m4.00_29.75,19.253127844827645,15.141080000000043,25.185400000000016,265.6166557728,-0.0568018960145114,0.4555878259469827,16.134610560344868,101408.54255028735,False,False,0.7469623692808592,False,0.737421322585154,0.756551724137931,False,770.6600000000001
Nyamagana,2004,2,,,31.92843000000005,17.250050000000044,39.49184214862517,MPARAMBO,MPARAMBO,grid_m3.00_29.25,23.906981752873605,17.250050000000044,31.92843000000005,18.05877690844,0.2460587612701149,0.4927631467142241,13.030494784482812,101233.5367887931,True,True,2.186850324850525,True,0.6275848237416786,0.6769824877126075,True,770.6600000000001
Kaburantwa,2004,3,,0.09,32.62270000000001,16.527860000000032,99.11806380760952,MPARAMBO,MPARAMBO,grid_m3.00_29.25,23.68181791666666,16.527860000000032,32.62270000000001,44.89421839554,0.1483665793325268,0.5738481313555699,14.36062350806452,101164.9696438172,True,True,2.207813552612297,True,0.6867005446319585,1.3495842321150917,True,770.6426666666666
Nyakagunda,2004,3,,,29.92740000000004,14.90115000000003,87.46985408160688,MPARAMBO,MPARAMBO,grid_m2.75_29.00,21.30091418010755,14.90115000000003,29.92740000000004,43.82085797584,-0.9211150537997312,0.464368124439785,12.70674404569894,101242.40915994624,True,True,1.9960780806672505,True,0.6503355409581215,0.5221931137772124,True,770.6426666666666
Mulembwe,2004,3,1.3170967741935482,14.35,21.306451612903224,11.5741935483871,213.4,MPOTA (Tora),MPOTA (Tora),grid_m4.00_29.50,21.46490543010753,18.52590000000004,25.505520000000047,536.01622429442,-0.1394319021596102,0.571598362280914,18.52389073924735,101219.18184811829,False,False,0.3376177859350189,False,0.3009781982880825,1.3170967741935482,False,770.6426666666666
Buzimba,2004,3,1.6587096774193544,14.35,25.505520000000047,18.52590000000004,136.691300979976,NYANZA LAC (IRAT),NYANZA LAC (IRAT),grid_m4.00_29.50,21.46490543010753,18.52590000000004,25.505520000000047,536.01622429442,-0.1394319021596102,0.571598362280914,18.52389073924735,101219.18184811829,True,True,0.2550133648657899,True,0.289880194860503,1.6587096774193544,False,770.6426666666666
Nyamagana,2004,3,,,32.62270000000001,16.527860000000032,98.17693608219706,MPARAMBO,MPARAMBO,grid_m3.00_29.25,23.68181791666666,16.527860000000032,32.62270000000001,44.89421839554,0.1483665793325268,0.5738481313555699,14.36062350806452,101164.9696438172,True,True,2.186850324850525,True,0.5895802483574615,0.8584594009216577,True,770.6426666666666
Jiji,2004,3,0.7945161290322579,,21.306451612903224,11.5741935483871,213.4,MPOTA (Tora),MPOTA (Tora),grid_m4.00_29.75,19.49945278225806,15.69995,25.31216000000001,270.13492591408,-0.3862042590177419,0.3206165499197581,16.5224495698925,101344.59264112904,False,False,0.7469623692808592,False,0.4730643820597709,0.7945161290322579,False,770.6426666666666
Mutimbuzi,2004,3,,13.7,30.77741935483871,19.851612903225806,162.8,BUJUMBURA (Aeroport),BUJUMBURA (Aeroport),grid_m3.25_29.25,24.34996776881724,16.726830000000007,33.081050000000005,132.61938205311998,0.4659685939655913,0.4432578358002688,15.399287284946295,101143.94293682797,False,False,1.5476478434872514,False,0.641445086132701,1.4835832830650697,True,770.6426666666666
Nyengwe,2004,3,,9.12,26.15652,20.80746000000005,154.0862559031104,NYANZA LAC (IRAT),NYANZA LAC (IRAT),grid_m4.25_29.50,23.428751975806502,20.80746000000005,26.15652,421.16904202492,0.1922226364931451,0.4751194997358333,19.67501893817206,101143.7065389785,True,True,0.3658537084356579,True,0.4372273632017075,0.5644302175258478,True,770.6426666666666
Rusizi,2004,3,,,30.77741935483871,19.851612903225806,162.8,BUJUMBURA (Aeroport),BUJUMBURA (Aeroport),grid_m3.25_29.25,24.34996776881724,16.726830000000007,33.081050000000005,132.61938205311998,0.4659685939655913,0.4432578358002688,15.399287284946295,101143.94293682797,False,False,1.5043629271954442,False,0.5558645361641195,2.365249999999998,True,770.6426666666666
Mulembwe,2004,4,2.3936666666666664,11.12,19.723333333333333,11.420000000000003,239.0,MPOTA (Tora),MPOTA (Tora),grid_m4.00_29.50,20.89685073611116,17.718770000000006,24.861440000000016,401.56507467942,-0.0246179367713888,0.7353876131772221,18.403598638888923,101317.91881944444,False,False,0.3376177859350189,False,0.3929235286133435,2.3936666666666664,False,
Nyamagana,2004,4,,,28.979460000000017,15.487940000000036,240.1711301768644,MPARAMBO,MPARAMBO,grid_m3.00_29.25,21.746272513888925,15.487940000000036,28.979460000000017,109.82513409704,0.0260602311826388,0.5627896848640278,16.03599620833336,101286.47975,True,True,2.186850324850525,True,0.6219660497146215,0.6935556144393245,True,
Nyengwe,2004,4,,9.29,28.416666666666675,18.936666666666664,191.5,NYANZA LAC (IRAT),NYANZA LAC (IRAT),grid_m4.25_29.50,22.609445416666688,20.729030000000023,24.629020000000025,418.96486218968,0.3833410477677778,0.5917827397544444,19.4597757777778,101249.48632638888,False,False,0.3658537084356579,False,0.4880215157792,0.7059416428896714,True,
Kaburantwa,2004,4,,0.09,28.979460000000017,15.487940000000036,242.47341947690788,MPARAMBO,MPARAMBO,grid_m3.00_29.25,21.746272513888925,15.487940000000036,28.979460000000017,109.82513409704,0.0260602311826388,0.5627896848640278,16.03599620833336,101286.47975,True,True,2.207813552612297,True,0.7430412574740395,1.6937192728146182,True,
Nyakagunda,2004,4,,,27.45275000000004,14.645100000000014,136.65338471841636,MPARAMBO,MPARAMBO,grid_m2.75_29.00,20.072192208333377,14.645100000000014,27.45275000000004,68.46094150422,-1.0631080627006944,0.6815057764723611,14.003902736111115,101347.00522916668,True,True,1.9960780806672505,True,0.6906274829854585,0.6083032910906297,True,
Jiji,2004,4,1.038,,19.723333333333333,11.420000000000003,239.0,MPOTA (Tora),MPOTA (Tora),grid_m4.00_29.75,18.89056525000001,14.80477000000002,24.699600000000032,190.49453745996,-0.5891361664529167,0.4493565221504166,16.309281972222266,101441.57609722223,False,False,0.7469623692808592,False,0.637265652491067,1.038,False,
Rusizi,2004,4,,,29.53,19.633333333333333,93.7,BUJUMBURA (Aeroport),BUJUMBURA (Aeroport),grid_m3.25_29.25,23.21880636111115,17.34567000000004,29.305630000000008,116.66202527104,0.5790794356912916,0.655930689652861,16.63275737500004,101257.63134027776,False,False,1.5043629271954442,False,0.633285026129211,2.210500000000002,True,
Mutimbuzi,2004,4,,13.5,29.53,19.633333333333333,93.7,BUJUMBURA (Aeroport),BUJUMBURA (Aeroport),grid_m3.25_29.25,23.21880636111115,17.34567000000004,29.305630000000008,116.66202527104,0.5790794356912916,0.655930689652861,16.63275737500004,101257.63134027776,False,False,1.5476478434872514,False,0.708242434923045,1.6289412665292635,True,
Buzimba,2004,4,1.5673333333333337,11.12,28.416666666666675,18.936666666666664,191.5,NYANZA LAC (IRAT),NYANZA LAC (IRAT),grid_m4.00_29.50,20.89685073611116,17.718770000000006,24.861440000000016,401.56507467942,-0.0246179367713888,0.7353876131772221,18.403598638888923,101317.91881944444,False,False,0.2550133648657899,False,0.301911829549783,1.5673333333333337,False,
Rusizi,2004,5,,,30.758064516129032,19.016129032258064,0.7,BUJUMBURA (Aeroport),BUJUMBURA (Aeroport),grid_m3.25_29.25,22.741298494623663,14.98574000000002,29.169820000000016,59.9751475369,1.0588969169623657,0.9845551436885752,15.616023924731223,101397.28811155914,False,False,1.5043629271954442,False,0.606221212534527,2.37295,True,770.852
Mutimbuzi,2004,5,,14.21,30.758064516129032,19.016129032258064,0.7,BUJUMBURA (Aeroport),BUJUMBURA (Aeroport),grid_m3.25_29.25,22.741298494623663,14.98574000000002,29.169820000000016,59.9751475369,1.0588969169623657,0.9845551436885752,15.616023924731223,101397.28811155914,False,False,1.5476478434872514,False,0.6815110935929515,1.8978827189605203,True,770.852
Nyamagana,2004,5,,,28.107500000000016,14.448570000000018,145.97341060136267,MPARAMBO,MPARAMBO,grid_m3.00_29.25,21.46367110215056,14.448570000000018,28.107500000000016,66.7505265187,0.4365299603066129,0.7523354050705645,14.56628506720432,101427.8603360215,True,True,2.186850324850525,True,0.575018926707592,0.732109742703533,True,770.852
Kaburantwa,2004,5,,0.32,28.107500000000016,14.448570000000018,147.37271709199243,MPARAMBO,MPARAMBO,grid_m3.00_29.25,21.46367110215056,14.448570000000018,28.107500000000016,66.7505265187,0.4365299603066129,0.7523354050705645,14.56628506720432,101427.8603360215,True,True,2.207813552612297,True,0.714293816337631,1.7942014106961173,True,770.852
Nyakagunda,2004,5,,,26.900660000000016,13.855740000000026,60.19019396758267,MPARAMBO,MPARAMBO,grid_m2.75_29.00,20.03505197580648,13.855740000000026,26.900660000000016,30.154228209080003,-1.2638674886330643,0.9295526228909408,12.440827997311828,101490.53240591398,True,True,1.9960780806672505,True,0.634108693055792,0.4740475384024574,True,770.852
Jiji,2004,5,0.708709677419355,,20.76129032258064,9.09032258064516,5.3,MPOTA (Tora),MPOTA (Tora),grid_m4.00_29.75,19.21958834677423,14.274800000000027,24.551540000000045,50.65488810088,-0.5725045555114248,0.7562180306185484,14.473080779569898,101552.278172043,False,False,0.7469623692808592,False,0.774426171986486,0.708709677419355,False,770.852
Mulembwe,2004,5,1.508387096774194,14.18,20.76129032258064,9.09032258064516,5.3,MPOTA (Tora),MPOTA (Tora),grid_m4.00_29.50,21.042736384408613,16.636930000000007,24.93300000000005,157.29141276247998,0.167992336448004,0.6013816829111855,17.840452405913993,101451.0871438172,False,False,0.3376177859350189,False,0.592568550912386,1.508387096774194,False,770.852
Nyengwe,2004,5,,11.84,29.53548387096774,18.296774193548387,5.9,NYANZA LAC (IRAT),NYANZA LAC (IRAT),grid_m4.25_29.50,23.17566134408605,20.847860000000026,25.398900000000022,74.39422617586,0.9101562115166668,0.4014357605672042,18.64037745967744,101376.58682123656,False,False,0.3658537084356579,False,0.7078184178519855,0.8545042394706961,True,770.852
Buzimba,2004,5,1.2751612903225806,14.18,29.53548387096774,18.296774193548387,5.9,NYANZA LAC (IRAT),NYANZA LAC (IRAT),grid_m4.00_29.50,21.042736384408613,16.636930000000007,24.93300000000005,157.29141276247998,0.167992336448004,0.6013816829111855,17.840452405913993,101451.0871438172,False,False,0.2550133648657899,False,0.547716288657949,1.2751612903225806,False,770.852
Mulembwe,2004,6,0.8773333333333334,6.39,20.95,7.278571428571428,1.9,MPOTA (Tora),MPOTA (Tora),grid_m4.00_29.50,20.316133861111098,16.088220000000035,23.808250000000044,76.04742026616,0.1681016416910138,0.8339393140073611,16.53224725000001,101667.65202083332,False,False,0.3376177859350189,False,0.535942831652573,0.8773333333333334,False,770.6415
Jiji,2004,6,0.5429999999999999,,20.95,7.278571428571428,1.9,MPOTA (Tora),MPOTA (Tora),grid_m4.00_29.75,18.785179500000027,12.851370000000031,24.25970000000001,19.01531224724,-1.1739353061869444,0.9511458027394444,11.65960955555562,101760.6176388889,False,False,0.7469623692808592,False,0.7067920773309805,0.5429999999999999,False,770.6415
Kaburantwa,2004,6,,0.02,29.37450000000001,14.272420000000013,0.0315830257089269,MPARAMBO,MPARAMBO,grid_m3.00_29.25,21.63160686111109,14.272420000000013,29.37450000000001,0.01430511452,0.622840682967639,1.0543955856597222,11.111695722222237,101615.18049305557,True,True,2.207813552612297,True,0.6031934717136336,1.6897515826812493,True,770.6415
Rusizi,2004,6,,,30.290000000000006,16.596666666666664,0.0,BUJUMBURA (Aeroport),BUJUMBURA (Aeroport),grid_m3.25_29.25,22.91811986111111,14.946740000000034,29.78466000000003,0.04625320458,1.3284572732784723,1.4558550051665555,12.629666708333389,101595.0883125,False,False,1.5043629271954442,False,0.5197843364969135,2.2297499999999943,True,770.6415
Mutimbuzi,2004,6,,5.03,30.290000000000006,16.596666666666664,0.0,BUJUMBURA (Aeroport),BUJUMBURA (Aeroport),grid_m3.25_29.25,22.91811986111111,14.946740000000034,29.78466000000003,0.04625320458,1.3284572732784723,1.4558550051665555,12.629666708333389,101595.0883125,False,False,1.5476478434872514,False,0.522681426805211,1.0719762550912597,True,770.6415
Nyengwe,2004,6,,5.57,30.59333333333333,15.83,0.0,NYANZA LAC (IRAT),NYANZA LAC (IRAT),grid_m4.25_29.50,22.512968527777787,20.44150000000002,24.60238000000004,36.66543949574,1.0185465194986112,0.6332638585452778,17.11585694444443,101597.70946527776,False,False,0.3658537084356579,False,0.62744834023411,0.6892781836330073,True,770.6415
Nyamagana,2004,6,,,29.37450000000001,14.272420000000013,0.0312831443350859,MPARAMBO,MPARAMBO,grid_m3.00_29.25,21.63160686111109,14.272420000000013,29.37450000000001,0.01430511452,0.622840682967639,1.0543955856597222,11.111695722222237,101615.18049305557,True,True,2.186850324850525,True,0.444598341647856,0.6429402150537631,True,770.6415
Buzimba,2004,6,0.957,6.39,30.59333333333333,15.83,0.0,NYANZA LAC (IRAT),NYANZA LAC (IRAT),grid_m4.00_29.50,20.316133861111098,16.088220000000035,23.808250000000044,76.04742026616,0.1681016416910138,0.8339393140073611,16.53224725000001,101667.65202083332,False,False,0.2550133648657899,False,0.6420776942163404,0.957,False,770.6415
Nyakagunda,2004,6,,,26.58297000000005,12.340419999999996,7.646794907094645,MPARAMBO,MPARAMBO,grid_m2.75_29.00,19.49473644444447,12.340419999999996,26.58297000000005,3.83090971298,-1.4624322123263889,1.2448496882281943,9.317552402777778,101676.18971527778,True,True,1.9960780806672505,True,0.462119602267341,0.3852950537634404,True,770.6415
Nyamagana,2004,7,,,30.6429,13.827300000000037,0.754966554496225,MPARAMBO,MPARAMBO,grid_m3.00_29.25,22.44576482526884,13.827300000000037,30.6429,0.34523009916,0.5404574277106452,1.0499006098687231,9.494281545698923,101420.50819892473,True,True,2.186850324850525,True,0.3638259261469004,0.62971375,True,770.403
Nyengwe,2004,7,,1.22,30.28709677419355,14.558064516129033,0.0,NYANZA LAC (IRAT),NYANZA LAC (IRAT),grid_m4.25_29.50,22.587518481182823,19.96407000000005,25.193140000000028,7.31086727988,0.815120881394086,0.7135443950188172,15.971649905913978,101416.47647849462,False,False,0.3658537084356579,False,0.517473065746213,0.4610379405827514,True,770.403
Nyakagunda,2004,7,,,27.963220000000035,12.095600000000047,0.7271784107872321,MPARAMBO,MPARAMBO,grid_m2.75_29.00,19.98213930107528,12.095600000000047,27.963220000000035,0.36430359004,-1.2196730941541667,1.0077167846228496,7.975034059139773,101487.61673387096,True,True,1.9960780806672505,True,0.3619392045346825,0.3907362903225806,True,770.403
Rusizi,2004,7,,,30.23548387096774,15.71935483870968,1.5,BUJUMBURA (Aeroport),BUJUMBURA (Aeroport),grid_m3.25_29.25,23.23732133064516,14.627400000000025,31.38900000000001,0.1115798946,1.0347529400846776,1.6284758254651883,11.710277405913985,101400.62907258065,False,False,1.5043629271954442,False,0.404975009958413,2.017449999999995,True,770.403
Mutimbuzi,2004,7,,1.24,30.23548387096774,15.71935483870968,1.5,BUJUMBURA (Aeroport),BUJUMBURA (Aeroport),grid_m3.25_29.25,23.23732133064516,14.627400000000025,31.38900000000001,0.1115798946,1.0347529400846776,1.6284758254651883,11.710277405913985,101400.62907258065,False,False,1.5476478434872514,False,0.432116037953181,0.6831688933409126,True,770.403
Kaburantwa,2004,7,,0.01,30.6429,13.827300000000037,0.7622036916951354,MPARAMBO,MPARAMBO,grid_m3.00_29.25,22.44576482526884,13.827300000000037,30.6429,0.34523009916,0.5404574277106452,1.0499006098687231,9.494281545698923,101420.50819892473,True,True,2.207813552612297,True,0.5101906059279305,1.532255590100732,True,770.403
Buzimba,2004,7,0.7487096774193548,1.84,30.28709677419355,14.558064516129033,0.0,NYANZA LAC (IRAT),NYANZA LAC (IRAT),grid_m4.00_29.50,20.354913077957008,15.88986,24.512050000000045,23.15688129864,0.1441200639637097,0.9274037053594086,15.5960094623656,101484.75030241934,False,False,0.2550133648657899,False,0.4429942942620289,0.7487096774193548,False,770.403
Mulembwe,2004,7,0.642258064516129,1.84,21.8,6.430434782608696,2.5,MPOTA (Tora),MPOTA (Tora),grid_m4.00_29.50,20.354913077957008,15.88986,24.512050000000045,23.15688129864,0.1441200639637097,0.9274037053594086,15.5960094623656,101484.75030241934,False,False,0.3376177859350189,False,0.4138117679163174,0.642258064516129,False,770.403
Jiji,2004,7,0.4596774193548384,,21.8,6.430434782608696,2.5,MPOTA (Tora),MPOTA (Tora),grid_m4.00_29.75,18.980692500000032,12.81564000000003,25.614340000000027,5.02729413388,-0.6248467766245968,1.0650320771643411,10.438685779569935,101572.8822110215,False,False,0.7469623692808592,False,0.6013156079375195,0.4596774193548384,False,770.403
Nyengwe,2004,8,,0.57,30.967741935483865,16.164516129032258,0.1,NYANZA LAC (IRAT),NYANZA LAC (IRAT),grid_m4.25_29.50,23.61885391129033,21.049950000000024,26.733600000000024,18.05973054188,0.8057088550547044,0.2121980742103494,16.01613310483873,101367.37956989248,False,False,0.3658537084356579,False,0.4868790554797679,0.6282202114808104,True,770.2283333333334
Mutimbuzi,2004,8,,2.04,30.97419354838709,17.719354838709677,1.7,BUJUMBURA (Aeroport),BUJUMBURA (Aeroport),grid_m3.25_29.25,24.14271674731185,15.672570000000007,32.207730000000026,2.6035308892,1.1140873398032258,1.3387193554571777,10.626114260752727,101373.48778225806,False,False,1.5476478434872514,False,0.417138592542181,0.9625901928805316,True,770.2283333333334
Rusizi,2004,8,,,30.97419354838709,17.719354838709677,1.7,BUJUMBURA (Aeroport),BUJUMBURA (Aeroport),grid_m3.25_29.25,24.14271674731185,15.672570000000007,32.207730000000026,2.6035308892,1.1140873398032258,1.3387193554571777,10.626114260752727,101373.48778225806,False,False,1.5043629271954442,False,0.393537730561893,2.144849999999995,True,770.2283333333334
Buzimba,2004,8,0.6838709677419355,0.97,30.967741935483865,16.164516129032258,0.1,NYANZA LAC (IRAT),NYANZA LAC (IRAT),grid_m4.00_29.50,21.305422244623685,16.55343000000005,26.291650000000004,45.641899057,0.2348030662183239,0.5772618113972178,15.791172217741916,101441.85981182796,False,False,0.2550133648657899,False,0.4632374250013745,0.6838709677419355,False,770.2283333333334
Nyakagunda,2004,8,,,28.9511,14.305380000000014,7.758156009040108,MPARAMBO,MPARAMBO,grid_m2.75_29.00,21.01693177419361,14.305380000000014,28.9511,3.8866996658,-1.1562603358685484,1.0270896021551077,8.1841361155914,101476.91944892472,True,True,1.9960780806672505,True,0.3623359741416895,0.3966679032258063,True,770.2283333333334
Jiji,2004,8,0.415483870967742,,22.46774193548387,8.067741935483872,1.0,MPOTA (Tora),MPOTA (Tora),grid_m4.00_29.75,20.27290126344093,14.508500000000026,27.37850000000003,13.8225555009,-0.5295723527988575,0.9683330899958332,10.949831801075277,101533.57079301076,False,False,0.7469623692808592,False,0.5626571331539535,0.415483870967742,False,770.2283333333334
Mulembwe,2004,8,0.5409677419354838,0.97,22.46774193548387,8.067741935483872,1.0,MPOTA (Tora),MPOTA (Tora),grid_m4.00_29.50,21.305422244623685,16.55343000000005,26.291650000000004,45.641899057,0.2348030662183239,0.5772618113972178,15.791172217741916,101441.85981182796,False,False,0.3376177859350189,False,0.4123983518710435,0.5409677419354838,False,770.2283333333334
Nyamagana,2004,8,,,31.5745,15.16476,6.263928373785846,MPARAMBO,MPARAMBO,grid_m3.00_29.25,23.126986720430125,15.16476,31.5745,2.86436081272,0.6227241421401882,0.8663689386900671,9.257055349462348,101398.8907392473,True,True,2.186850324850525,True,0.3520757567175115,0.6204314381720428,True,770.2283333333334
Kaburantwa,2004,8,,0.02,31.5745,15.16476,6.323974621894791,MPARAMBO,MPARAMBO,grid_m3.00_29.25,23.126986720430125,15.16476,31.5745,2.86436081272,0.6227241421401882,0.8663689386900671,9.257055349462348,101398.8907392473,True,True,2.207813552612297,True,0.464036962775743,1.4606437977325402,True,770.2283333333334
Nyamagana,2004,9,,,31.349820000000022,14.077420000000018,127.7937323067887,MPARAMBO,MPARAMBO,grid_m3.00_29.25,22.065216833333352,14.077420000000018,31.349820000000022,58.43734747394,0.5162731379105555,0.506042776075,12.159951291666689,101284.489125,True,True,2.186850324850525,True,0.3482200724585585,0.7063614837915146,True,770.1904999999999
Mutimbuzi,2004,9,,5.31,31.44333333333333,18.62,73.6,BUJUMBURA (Aeroport),BUJUMBURA (Aeroport),grid_m3.25_29.25,23.21795708333337,14.989530000000002,31.766020000000022,61.11001999428,1.0627737885194444,0.6751115163175,13.147944930555582,101259.07100694445,False,False,1.5476478434872514,False,0.46451407903031,1.114386552239818,True,770.1904999999999
Mulembwe,2004,9,0.957,1.87,22.06666666666667,9.416666666666666,120.3,MPOTA (Tora),MPOTA (Tora),grid_m4.00_29.50,21.388090375000047,17.14580000000001,25.86337000000003,252.83336668526,0.1918034674506944,0.2281795501075,16.96162998611112,101290.6805277778,False,False,0.3376177859350189,False,0.3299566848780165,0.957,False,770.1904999999999
Nyengwe,2004,9,,0.66,30.91333333333333,20.6943,45.6,NYANZA LAC (IRAT),NYANZA LAC (IRAT),grid_m4.25_29.50,23.578077819444506,20.6943,26.497029999999995,128.25250594592,0.899476262198125,-0.0950056703637361,17.53486966666668,101212.84186111113,False,True,0.3658537084356579,False,0.4954189257830125,1.014622535881932,True,770.1904999999999
Nyakagunda,2004,9,,,28.327260000000024,13.475900000000024,53.21917988114716,MPARAMBO,MPARAMBO,grid_m2.75_29.00,20.55049554166669,13.475900000000024,28.327260000000024,26.66187279776,-1.1001602389291667,0.8240101706866666,10.035447819444473,101351.81984027778,True,True,1.9960780806672505,True,0.371930272611802,0.4140175144747727,True,770.1904999999999
Jiji,2004,9,0.4736666666666666,,22.06666666666667,9.416666666666666,120.3,MPOTA (Tora),MPOTA (Tora),grid_m4.00_29.75,19.90436943055556,14.593700000000013,26.75740000000002,121.82760185616,-0.6226455899727777,0.5642323391890278,13.315411486111143,101390.29203472222,False,False,0.7469623692808592,False,0.5373467087158961,0.4736666666666666,False,770.1904999999999
Buzimba,2004,9,0.7073333333333334,1.87,30.91333333333333,17.14580000000001,45.6,NYANZA LAC (IRAT),NYANZA LAC (IRAT),grid_m4.00_29.50,21.388090375000047,17.14580000000001,25.86337000000003,252.83336668526,0.1918034674506944,0.2281795501075,16.96162998611112,101290.6805277778,False,True,0.2550133648657899,False,0.4211804823829675,0.7073333333333334,False,770.1904999999999
Rusizi,2004,9,,,31.44333333333333,18.62,73.6,BUJUMBURA (Aeroport),BUJUMBURA (Aeroport),grid_m3.25_29.25,23.21795708333337,14.989530000000002,31.766020000000022,61.11001999428,1.0627737885194444,0.6751115163175,13.147944930555582,101259.07100694445,False,False,1.5043629271954442,False,0.441401649733076,2.2426499999999976,True,770.1904999999999
Kaburantwa,2004,9,,0.02,31.349820000000022,14.077420000000018,129.01876773167874,MPARAMBO,MPARAMBO,grid_m3.00_29.25,22.065216833333352,14.077420000000018,31.349820000000022,58.43734747394,0.5162731379105555,0.506042776075,12.159951291666689,101284.489125,True,True,2.207813552612297,True,0.503636639490349,1.4188306552518113,True,770.1904999999999
Jiji,2004,10,0.4577419354838711,,22.19354838709678,10.451612903225806,62.8,MPOTA (Tora),MPOTA (Tora),grid_m4.00_29.75,20.75002591397856,15.552999999999995,28.45147000000003,147.47858059182002,-0.9601127887293684,0.3944915028935484,14.079435215053763,101317.0427016129,False,False,0.7469623692808592,False,0.5878810048865025,0.4577419354838711,False,770.1386666666667
Nyengwe,2004,10,,3.5,31.47419354838709,21.12960000000004,41.8,NYANZA LAC (IRAT),NYANZA LAC (IRAT),grid_m4.25_29.50,23.86813510752688,21.12960000000004,26.79275000000001,231.51540730706,0.7539814778726694,0.2330252949130376,18.68019428763444,101142.9860685484,False,True,0.3658537084356579,False,0.5388286962887535,1.140694672229822,True,770.1386666666667
Rusizi,2004,10,,,31.4,19.27741935483871,37.1,BUJUMBURA (Aeroport),BUJUMBURA (Aeroport),grid_m3.25_29.25,25.0873968682796,17.16610000000003,34.29162000000002,0.6046295107799999,1.3608927571650538,0.6954998302129972,11.698315739247334,101158.39498655914,False,False,1.5043629271954442,False,0.518357611249731,3.4976499999999957,True,770.1386666666667
Buzimba,2004,10,1.18741935483871,15.97,31.47419354838709,18.40334000000001,41.8,NYANZA LAC (IRAT),NYANZA LAC (IRAT),grid_m4.00_29.50,21.84720452956992,18.40334000000001,26.061000000000035,394.84214643754,0.0978798006275537,0.5515172386551815,17.924518319892456,101221.13826612904,False,True,0.2550133648657899,False,0.3613305747043794,1.18741935483871,False,770.1386666666667
Nyamagana,2004,10,,,33.770140000000026,16.797630000000026,10.280684149343127,MPARAMBO,MPARAMBO,grid_m3.00_29.25,24.17594125,16.797630000000026,33.770140000000026,4.70113753672,0.5749594569494624,0.6058752841303763,10.76132788978498,101182.55242607526,True,True,2.186850324850525,True,0.4674766946077825,0.5779847770636262,True,770.1386666666667
Nyakagunda,2004,10,,,30.55920000000004,14.252700000000004,25.222811145881447,MPARAMBO,MPARAMBO,grid_m2.75_29.00,21.85910672043013,14.252700000000004,30.55920000000004,12.636184621319998,-1.2290166228980135,0.7473403365510753,10.114735591397846,101268.1161155914,True,True,1.9960780806672505,True,0.497511614553761,0.4434572503840245,True,770.1386666666667
Kaburantwa,2004,10,,0.05,33.770140000000026,16.797630000000026,10.37923516626481,MPARAMBO,MPARAMBO,grid_m3.00_29.25,24.17594125,16.797630000000026,33.770140000000026,4.70113753672,0.5749594569494624,0.6058752841303763,10.76132788978498,101182.55242607526,True,True,2.207813552612297,True,0.6020365450007975,1.2530149046586727,True,770.1386666666667
Mutimbuzi,2004,10,,17.33,31.4,19.27741935483871,37.1,BUJUMBURA (Aeroport),BUJUMBURA (Aeroport),grid_m3.25_29.25,25.0873968682796,17.16610000000003,34.29162000000002,0.6046295107799999,1.3608927571650538,0.6954998302129972,11.698315739247334,101158.39498655914,False,False,1.5476478434872514,False,0.5451049854217245,1.5144874471348064,True,770.1386666666667
Mulembwe,2004,10,1.2858064516129033,15.97,22.19354838709678,10.451612903225806,62.8,MPOTA (Tora),MPOTA (Tora),grid_m4.00_29.50,21.84720452956992,18.40334000000001,26.061000000000035,394.84214643754,0.0978798006275537,0.5515172386551815,17.924518319892456,101221.13826612904,False,False,0.3376177859350189,False,0.3759375465849874,1.2858064516129033,False,770.1386666666667
Buzimba,2004,11,1.4953333333333336,17.01,28.14333333333333,18.173850000000016,174.8,NYANZA LAC (IRAT),NYANZA LAC (IRAT),grid_m4.00_29.50,21.045538402777822,18.173850000000016,25.2038,558.97569710142,-0.1636902702318416,0.7353372991723611,18.023902569444488,101253.07014583332,False,True,0.2550133648657899,False,0.292477476247165,1.4953333333333336,False,770.1195
Nyengwe,2004,11,,11.49,28.14333333333333,21.05032,174.8,NYANZA LAC (IRAT),NYANZA LAC (IRAT),grid_m4.25_29.50,23.02354418055557,21.05032,25.218530000000044,334.03778064694,0.2310593508675,0.6634256787863889,18.950459500000026,101180.61542361112,False,True,0.3658537084356579,False,0.586109198440494,0.9234711007153712,True,770.1195
Nyamagana,2004,11,,,32.504170000000045,16.377070000000003,28.39258227007018,MPARAMBO,MPARAMBO,grid_m3.00_29.25,23.438235750000047,16.377070000000003,32.504170000000045,12.98332215398,0.3015820827277222,0.4611497453479166,13.031815166666718,101205.94219444443,True,True,2.186850324850525,True,0.596922886846055,0.5309264817285143,True,770.1195
Jiji,2004,11,0.6126666666666668,,20.883333333333333,10.836666666666668,126.8,MPOTA (Tora),MPOTA (Tora),grid_m4.00_29.75,19.1440166388889,15.50490000000002,24.506520000000023,236.69862753826,-0.3358012726413888,0.2098110410066666,15.82946043055557,101366.81629861111,False,False,0.7469623692808592,False,0.495658890014673,0.6126666666666668,False,770.1195
Mutimbuzi,2004,11,,19.53,30.15666666666667,18.946666666666665,45.400000000000006,BUJUMBURA (Aeroport),BUJUMBURA (Aeroport),grid_m3.25_29.25,24.465772236111093,17.97958,32.82650000000001,5.3124427273000006,0.7169832864376389,0.5377990498545834,13.588111208333371,101182.38190277778,False,False,1.5476478434872514,False,0.62236739374905,1.5017862096144796,True,770.1195
Kaburantwa,2004,11,,0.05,32.504170000000045,16.377070000000003,28.66475460948853,MPARAMBO,MPARAMBO,grid_m3.00_29.25,23.438235750000047,16.377070000000003,32.504170000000045,12.98332215398,0.3015820827277222,0.4611497453479166,13.031815166666718,101205.94219444443,True,True,2.207813552612297,True,0.726214626832666,1.380665626807048,True,770.1195
Rusizi,2004,11,,,30.15666666666667,18.946666666666665,45.400000000000006,BUJUMBURA (Aeroport),BUJUMBURA (Aeroport),grid_m3.25_29.25,24.465772236111093,17.97958,32.82650000000001,5.3124427273000006,0.7169832864376389,0.5377990498545834,13.588111208333371,101182.38190277778,False,False,1.5043629271954442,False,0.566687099396978,2.2072499999999997,True,770.1195
Nyakagunda,2004,11,,,28.6429,14.295740000000023,71.53284477465415,MPARAMBO,MPARAMBO,grid_m2.75_29.00,21.03200479166668,14.295740000000023,28.6429,35.83669670414,-0.9278612766395834,0.4119323529787499,11.803291333333334,101288.50220833332,True,True,1.9960780806672505,True,0.677188588605674,0.5268510291858679,True,770.1195
Mulembwe,2004,11,1.184666666666667,17.01,20.883333333333333,10.836666666666668,126.8,MPOTA (Tora),MPOTA (Tora),grid_m4.00_29.50,21.045538402777822,18.173850000000016,25.2038,558.97569710142,-0.1636902702318416,0.7353372991723611,18.023902569444488,101253.07014583332,False,False,0.3376177859350189,False,0.52007105235752,1.184666666666667,False,770.1195
Nyamagana,2004,12,,,32.03835000000004,16.246669999999995,94.4980389382301,MPARAMBO,MPARAMBO,grid_m3.00_29.25,22.92902779569897,16.246669999999995,32.03835000000004,43.211937216,0.1342827982419354,0.4255485759905913,15.12350612903225,101189.4801344086,True,True,2.186850324850525,True,0.6256691469310824,0.7111385147905606,True,770.2456666666667
Mulembwe,2004,12,2.36483870967742,16.4,20.816129032258072,11.187096774193549,220.6,MPOTA (Tora),MPOTA (Tora),grid_m4.00_29.50,20.972652755376373,18.262699999999995,25.190200000000004,669.65675445748,-0.1748792996854838,0.740802374593414,18.31704413978497,101236.55823252688,False,False,0.3376177859350189,False,0.350899269381913,2.36483870967742,False,770.2456666666667
Nyakagunda,2004,12,,,30.07742000000001,15.052580000000034,107.0351415577124,MPARAMBO,MPARAMBO,grid_m2.75_29.00,20.971009435483893,15.052580000000034,30.07742000000001,53.62272277542,-0.6940299005197984,0.1537189893571236,12.837604301075316,101263.90099462366,True,True,1.9960780806672505,True,0.708879750294106,0.5765270967741942,True,770.2456666666667
Jiji,2004,12,0.7674193548387095,,20.816129032258072,11.187096774193549,220.6,MPOTA (Tora),MPOTA (Tora),grid_m4.00_29.75,19.15086715053764,15.435270000000004,26.39724000000001,303.36618403246,-0.2372204773685484,0.3389862835831989,16.190041680107527,101354.18057123656,False,False,0.7469623692808592,False,0.665792494746912,0.7674193548387095,False,770.2456666666667
Mutimbuzi,2004,12,,13.37,29.854838709677416,19.59032258064516,214.70000000000005,BUJUMBURA (Aeroport),BUJUMBURA (Aeroport),grid_m3.25_29.25,24.038105564516115,16.818750000000023,32.90945000000005,57.46984488306,0.1052169388730241,0.4049462550065592,16.206616276881732,101170.7437298387,False,False,1.5476478434872514,False,0.6717997178591244,1.280924817301793,True,770.2456666666667
Kaburantwa,2004,12,,0.02,32.03835000000004,16.246669999999995,95.40390062011652,MPARAMBO,MPARAMBO,grid_m3.00_29.25,22.92902779569897,16.246669999999995,32.03835000000004,43.211937216,0.1342827982419354,0.4255485759905913,15.12350612903225,101189.4801344086,True,True,2.207813552612297,True,0.707550061915944,1.4098558798539544,True,770.2456666666667
Buzimba,2004,12,1.714516129032258,16.4,28.33548387096774,18.262699999999995,275.4,NYANZA LAC (IRAT),NYANZA LAC (IRAT),grid_m4.00_29.50,20.972652755376373,18.262699999999995,25.190200000000004,669.65675445748,-0.1748792996854838,0.740802374593414,18.31704413978497,101236.55823252688,False,True,0.2550133648657899,False,0.3374579986405844,1.714516129032258,False,770.2456666666667
Nyengwe,2004,12,,10.48,28.33548387096774,20.31143000000003,275.4,NYANZA LAC (IRAT),NYANZA LAC (IRAT),grid_m4.25_29.50,22.84488842741939,20.31143000000003,25.832899999999995,444.17309871676,0.047594500856586,0.661667997666129,19.279714516129047,101163.5458467742,False,True,0.3658537084356579,False,0.545992786193751,0.9059123155600391,True,770.2456666666667
Rusizi,2004,12,,,29.854838709677416,19.59032258064516,214.70000000000005,BUJUMBURA (Aeroport),BUJUMBURA (Aeroport),grid_m3.25_29.25,24.038105564516115,16.818750000000023,32.90945000000005,57.46984488306,0.1052169388730241,0.4049462550065592,16.206616276881732,101170.7437298387,False,False,1.5043629271954442,False,0.514489627149286,2.4047500000000004,True,770.2456666666667
Rusizi,2005,1,,,29.41935483870968,19.49677419354839,195.2,BUJUMBURA (Aeroport),BUJUMBURA (Aeroport),grid_m3.25_29.25,24.975783534946288,17.915549999999996,34.045000000000016,19.60706694296,0.4261318097655914,0.344704330918414,14.498979314516134,101185.73979838708,False,False,1.5043629271954442,False,0.6043236231071745,2.342799999999999,True,770.3145
Mutimbuzi,2005,1,,16.56,29.41935483870968,19.49677419354839,195.2,BUJUMBURA (Aeroport),BUJUMBURA (Aeroport),grid_m3.25_29.25,24.975783534946288,17.915549999999996,34.045000000000016,19.60706694296,0.4261318097655914,0.344704330918414,14.498979314516134,101185.73979838708,False,False,1.5476478434872514,False,0.6636521782810455,1.219807453783169,True,770.3145
Jiji,2005,1,0.8106451612903227,,21.22903225806452,10.906451612903224,230.3,MPOTA (Tora),MPOTA (Tora),grid_m4.00_29.75,19.6776171774194,14.661650000000009,25.67956000000004,260.07151629644,-0.2798677486333602,0.331245094335215,15.92334049731187,101374.75458333331,False,False,0.7469623692808592,False,0.6696202602019415,0.8106451612903227,False,770.3145
Buzimba,2005,1,1.7270967741935483,17.33,28.74516129032258,18.13820000000004,148.40000000000003,NYANZA LAC (IRAT),NYANZA LAC (IRAT),grid_m4.00_29.50,21.41443904569894,18.13820000000004,26.266320000000007,660.04729164466,-0.2260767441316129,0.7559762760865592,18.32828053763444,101260.83203629032,False,True,0.2550133648657899,False,0.4328273967854375,1.7270967741935483,False,770.3145
Kaburantwa,2005,1,,0.02,33.52460000000002,15.705039999999997,52.02145514060747,MPARAMBO,MPARAMBO,grid_m3.00_29.25,23.90060432795701,15.705039999999997,33.52460000000002,23.56243129274,0.3090558791529569,0.3766473752022849,13.433421075268823,101206.16686155912,True,True,2.207813552612297,True,0.725654397293293,1.2383583839966494,True,770.3145
Nyamagana,2005,1,,,33.52460000000002,15.705039999999997,51.52751052679665,MPARAMBO,MPARAMBO,grid_m3.00_29.25,23.90060432795701,15.705039999999997,33.52460000000002,23.56243129274,0.3090558791529569,0.3766473752022849,13.433421075268823,101206.16686155912,True,True,2.186850324850525,True,0.6629909745984459,0.8060048850206872,True,770.3145
Nyengwe,2005,1,,11.54,28.74516129032258,20.22094000000004,148.40000000000003,NYANZA LAC (IRAT),NYANZA LAC (IRAT),grid_m4.25_29.50,23.28212521505378,20.22094000000004,26.184300000000007,469.24328840208,0.0313695455528346,0.8096176474829301,19.447205752688205,101187.04979838707,False,True,0.3658537084356579,False,0.5603428398542045,0.87938660674582,True,770.3145
Mulembwe,2005,1,2.465806451612904,17.33,21.22903225806452,10.906451612903224,230.3,MPOTA (Tora),MPOTA (Tora),grid_m4.00_29.50,21.41443904569894,18.13820000000004,26.266320000000007,660.04729164466,-0.2260767441316129,0.7559762760865592,18.32828053763444,101260.83203629032,False,False,0.3376177859350189,False,0.5286838096022275,2.465806451612904,False,770.3145
Nyakagunda,2005,1,,,30.40215000000001,14.53860000000003,87.95527409373823,MPARAMBO,MPARAMBO,grid_m2.75_29.00,21.42636227150541,14.53860000000003,30.40215000000001,44.06404486158,-0.6755160079434139,0.0350867645713172,11.765599233871,101293.68086021506,True,True,1.9960780806672505,True,0.683083030837505,0.5203052896075003,True,770.3145
Mulembwe,2005,2,1.936428571428572,14.79,22.832142857142856,11.035714285714286,103.4,MPOTA (Tora),MPOTA (Tora),grid_m4.00_29.50,22.681655550595224,18.62878000000001,27.89620000000002,308.27713016006,-0.2323458519776041,0.6911406287630952,18.94292785714288,101106.67558779762,False,False,0.3376177859350189,False,0.4601951777304495,1.936428571428572,False,770.4966666666666
Buzimba,2005,2,1.7610714285714286,14.79,30.489285714285707,18.62878000000001,88.6,NYANZA LAC (IRAT),NYANZA LAC (IRAT),grid_m4.00_29.50,22.681655550595224,18.62878000000001,27.89620000000002,308.27713016006,-0.2323458519776041,0.6911406287630952,18.94292785714288,101106.67558779762,False,True,0.2550133648657899,False,0.5206220020756545,1.7610714285714286,False,770.4966666666666
Kaburantwa,2005,2,,0.03,35.449670000000026,16.800800000000038,22.12812099757264,MPARAMBO,MPARAMBO,grid_m3.00_29.25,25.710516994047623,16.800800000000038,35.449670000000026,10.02264025936,0.4144073679627976,0.614423796733631,11.745284404761946,101029.25428571428,True,True,2.207813552612297,True,0.7116947894001304,1.0573931924204754,True,770.4966666666666
Nyamagana,2005,2,,,35.449670000000026,16.800800000000038,21.91801410704136,MPARAMBO,MPARAMBO,grid_m3.00_29.25,25.710516994047623,16.800800000000038,35.449670000000026,10.02264025936,0.4144073679627976,0.614423796733631,11.745284404761946,101029.25428571428,True,True,2.186850324850525,True,0.6543335969780171,0.610564945383171,True,770.4966666666666
Nyakagunda,2005,2,,,32.30630000000002,14.861170000000016,30.03608513577296,MPARAMBO,MPARAMBO,grid_m2.75_29.00,23.149682306547675,14.861170000000016,32.30630000000002,15.04755020692,-1.013424372233631,0.3867219737246428,9.96954224702381,101122.1343154762,True,True,1.9960780806672505,True,0.6765792612182215,0.4893415376873768,True,770.4966666666666
Jiji,2005,2,0.7889285714285713,,22.832142857142856,11.035714285714286,103.4,MPOTA (Tora),MPOTA (Tora),grid_m4.00_29.75,20.887748452380947,14.781270000000006,28.064970000000017,144.03629281626,-0.5855926325488096,0.2842483062752976,15.931468065476224,101228.39881696428,False,False,0.7469623692808592,False,0.7434761328394586,0.7889285714285713,False,770.4966666666666
Mutimbuzi,2005,2,,15.44,31.70357142857144,20.428571428571427,61.0,BUJUMBURA (Aeroport),BUJUMBURA (Aeroport),grid_m3.25_29.25,26.39211949404762,17.691430000000025,36.08602000000002,6.9417953229,0.9059917816607144,0.5841605324473959,13.250335729166691,101007.83502232144,False,False,1.5476478434872514,False,0.643064273957821,1.936467080584741,True,770.4966666666666
Nyengwe,2005,2,,9.5,30.489285714285707,21.365440000000035,88.6,NYANZA LAC (IRAT),NYANZA LAC (IRAT),grid_m4.25_29.50,24.723258675595275,21.365440000000035,28.923730000000035,219.87771950462,0.1996798767199404,0.5889387135327381,20.303276755952425,101025.78162202382,False,True,0.3658537084356579,False,0.6512472332081805,1.1884392681009848,True,770.4966666666666
Rusizi,2005,2,,,31.70357142857144,20.428571428571427,61.0,BUJUMBURA (Aeroport),BUJUMBURA (Aeroport),grid_m3.25_29.25,26.39211949404762,17.691430000000025,36.08602000000002,6.9417953229,0.9059917816607144,0.5841605324473959,13.250335729166691,101007.83502232144,False,False,1.5043629271954442,False,0.6220837522287379,3.804549999999998,True,770.4966666666666
Rusizi,2005,3,,,30.98709677419355,20.10322580645161,145.9,BUJUMBURA (Aeroport),BUJUMBURA (Aeroport),grid_m3.25_29.25,25.073668131720467,17.681849999999997,33.94576000000001,47.27029799528,0.2872149145591398,0.475839450477957,15.101515147849454,101184.4101545699,False,False,1.5043629271954442,False,0.5884971020401855,3.63595,True,770.6785
Kaburantwa,2005,3,,0.15,32.31295,16.98544000000004,79.75872162579788,MPARAMBO,MPARAMBO,grid_m3.00_29.25,23.78029501344088,16.98544000000004,32.31295,36.12565994598,0.1049311243200672,0.5020517536826613,14.534912365591424,101209.6596639785,True,True,2.207813552612297,True,0.6971013234357585,1.4035018263395806,True,770.6785
Mulembwe,2005,3,1.57258064516129,14.59,21.4,10.993548387096771,124.6,MPOTA (Tora),MPOTA (Tora),grid_m4.00_29.50,21.85525619623656,18.45925,26.88955000000004,521.47483863682,-0.1265207509608871,0.7034349532498119,18.679149610215063,101259.8089045699,False,False,0.3376177859350189,False,0.5847872635456145,1.57258064516129,False,770.6785
Nyamagana,2005,3,,,32.31295,16.98544000000004,79.00141118830595,MPARAMBO,MPARAMBO,grid_m3.00_29.25,23.78029501344088,16.98544000000004,32.31295,36.12565994598,0.1049311243200672,0.5020517536826613,14.534912365591424,101209.6596639785,True,True,2.186850324850525,True,0.6305336392455105,0.7784662840987344,True,770.6785
Jiji,2005,3,0.654193548387097,,21.4,10.993548387096771,124.6,MPOTA (Tora),MPOTA (Tora),grid_m4.00_29.75,19.8092586827957,15.86273,26.70553000000001,264.24980253988,-0.3463050676176478,0.4672394001627688,16.473362526881715,101387.86180107528,False,False,0.7469623692808592,False,0.6605963487931226,0.654193548387097,False,770.6785
Nyakagunda,2005,3,,,29.04458,15.492670000000032,93.2701488662596,MPARAMBO,MPARAMBO,grid_m2.75_29.00,21.36348435483876,15.492670000000032,29.04458,46.72670361426,-0.8235986762919758,0.3477693166685484,12.633854946236568,101295.40060483872,True,True,1.9960780806672505,True,0.598586462302602,0.5546360066740825,True,770.6785
Mutimbuzi,2005,3,,14.23,30.98709677419355,20.10322580645161,145.9,BUJUMBURA (Aeroport),BUJUMBURA (Aeroport),grid_m3.25_29.25,25.073668131720467,17.681849999999997,33.94576000000001,47.27029799528,0.2872149145591398,0.475839450477957,15.101515147849454,101184.4101545699,False,False,1.5476478434872514,False,0.657639893370598,1.6342547043747473,True,770.6785
Nyengwe,2005,3,,7.34,30.03225806451613,20.840100000000007,144.70000000000002,NYANZA LAC (IRAT),NYANZA LAC (IRAT),grid_m4.25_29.50,23.849024220430124,20.840100000000007,26.88497000000001,444.4987777335,0.1648308949943548,0.640778756936828,19.8831828494624,101181.72574596772,False,True,0.3658537084356579,False,0.654989225948052,1.137131150533622,True,770.6785
Buzimba,2005,3,1.5319354838709678,14.59,30.03225806451613,18.45925,144.70000000000002,NYANZA LAC (IRAT),NYANZA LAC (IRAT),grid_m4.00_29.50,21.85525619623656,18.45925,26.88955000000004,521.47483863682,-0.1265207509608871,0.7034349532498119,18.679149610215063,101259.8089045699,False,True,0.2550133648657899,False,0.61499035087468,1.5319354838709678,False,770.6785
Kaburantwa,2005,4,,0.15,33.24648000000002,17.310400000000016,38.31652739177886,MPARAMBO,MPARAMBO,grid_m3.00_29.25,23.60612576388894,17.310400000000016,33.24648000000002,17.3549652082,0.1190990232097222,0.8135815948569445,14.694416069444458,101195.6415625,True,True,2.207813552612297,True,0.7466690427700824,1.3183724900097809,True,770.6614999999999
Jiji,2005,4,0.6203333333333332,,21.593333333333337,11.453333333333331,161.7,MPOTA (Tora),MPOTA (Tora),grid_m4.00_29.75,19.69958876388893,14.379240000000038,25.773830000000032,192.51775770868,-0.8345752927777778,0.3243495517805556,16.36419984722221,101382.65702083334,False,False,0.7469623692808592,False,0.7211249397216706,0.6203333333333332,False,770.6614999999999
Mutimbuzi,2005,4,,17.36,31.68,20.226666666666663,70.2,BUJUMBURA (Aeroport),BUJUMBURA (Aeroport),grid_m3.25_29.25,24.865213375000053,17.99896000000001,33.43508000000003,19.699573502760003,0.8721711260474999,0.8391512557962499,15.054024500000024,101169.3655277778,False,False,1.5476478434872514,False,0.6878856016122055,2.031816662598384,True,770.6614999999999
Rusizi,2005,4,,,31.68,20.226666666666663,70.2,BUJUMBURA (Aeroport),BUJUMBURA (Aeroport),grid_m3.25_29.25,24.865213375000053,17.99896000000001,33.43508000000003,19.699573502760003,0.8721711260474999,0.8391512557962499,15.054024500000024,101169.3655277778,False,False,1.5043629271954442,False,0.6028997297718885,3.765449999999997,True,770.6614999999999
Buzimba,2005,4,1.2436666666666665,14.36,30.506666666666668,17.668300000000045,195.40000000000003,NYANZA LAC (IRAT),NYANZA LAC (IRAT),grid_m4.00_29.50,21.58637255555556,17.668300000000045,26.412130000000047,435.39810253398,-0.1865704638927083,0.60293434953125,18.627171763888896,101252.83304166669,False,True,0.2550133648657899,False,0.4513652246318795,1.2436666666666665,False,770.6614999999999
Nyengwe,2005,4,,14.01,30.506666666666668,20.820640000000022,195.40000000000003,NYANZA LAC (IRAT),NYANZA LAC (IRAT),grid_m4.25_29.50,23.39587456944446,20.820640000000022,26.185900000000004,424.3364336449,0.2577464849452778,0.4638067444052777,20.007727250000016,101178.88947916668,False,True,0.3658537084356579,False,0.6550854100046075,1.211456923738515,True,770.6614999999999
Mulembwe,2005,4,1.1020000000000003,14.36,21.593333333333337,11.453333333333331,161.7,MPOTA (Tora),MPOTA (Tora),grid_m4.00_29.50,21.58637255555556,17.668300000000045,26.412130000000047,435.39810253398,-0.1865704638927083,0.60293434953125,18.627171763888896,101252.83304166669,False,False,0.3376177859350189,False,0.5408492460399575,1.1020000000000003,False,770.6614999999999
Nyakagunda,2005,4,,,30.633200000000045,14.71908000000002,51.87142501131636,MPARAMBO,MPARAMBO,grid_m2.75_29.00,21.39681379166666,14.71908000000002,30.633200000000045,25.98667131998,-1.3673403217375415,0.8141892330208335,12.333099208333351,101270.5472777778,True,True,1.9960780806672505,True,0.653773766327323,0.5169841090629801,True,770.6614999999999
Nyamagana,2005,4,,,33.24648000000002,17.310400000000016,37.95271130332173,MPARAMBO,MPARAMBO,grid_m3.00_29.25,23.60612576388894,17.310400000000016,33.24648000000002,17.3549652082,0.1190990232097222,0.8135815948569445,14.694416069444458,101195.6415625,True,True,2.186850324850525,True,0.6245879470074895,0.6054945122887858,True,770.6614999999999
Kaburantwa,2005,5,,0.65,30.297300000000007,16.240499999999997,133.4635519731591,MPARAMBO,MPARAMBO,grid_m3.00_29.25,22.507791532258068,16.240499999999997,30.297300000000007,60.45055381386,0.1842125303518145,0.6232050208006721,15.029242379032269,101351.76529569892,True,True,2.207813552612297,True,0.753966351894602,1.5971212038453313,True,770.7883333333334
Nyengwe,2005,5,,13.48,29.696774193548386,20.783600000000035,104.9,NYANZA LAC (IRAT),NYANZA LAC (IRAT),grid_m4.25_29.50,22.934270887096773,20.783600000000035,25.685080000000028,467.3352240178,0.4878486507827956,0.1340430285389784,19.335001008064523,101299.78914650538,False,True,0.3658537084356579,False,0.7099798590623214,1.1255356451516878,True,770.7883333333334
Nyakagunda,2005,5,,,27.83050000000003,14.546350000000018,91.9576106994475,MPARAMBO,MPARAMBO,grid_m2.75_29.00,20.480287284946257,14.546350000000018,27.83050000000003,46.0691450851,-1.2603176690860216,0.7463267122254033,13.031096088709717,101425.67692876344,True,True,1.9960780806672505,True,0.6608754374490505,0.5346661827956991,True,770.7883333333334
Jiji,2005,5,0.7383870967741937,,20.4483870967742,10.600000000000003,202.8,MPOTA (Tora),MPOTA (Tora),grid_m4.00_29.75,19.0256269354839,14.85555000000005,24.98390000000001,221.70543628548,-0.7351829979827553,0.3961017365172042,15.706223293010794,101499.33671370968,False,False,0.7469623692808592,False,0.6585912162247225,0.7383870967741937,False,770.7883333333334
Mutimbuzi,2005,5,,15.82,30.125806451612902,19.603333333333328,130.6,BUJUMBURA (Aeroport),BUJUMBURA (Aeroport),grid_m3.25_29.25,23.759198709677435,17.08065000000005,31.02804000000004,72.46494288196,0.828760845069086,0.7673910610013146,15.658621774193591,101322.23100806453,False,False,1.5476478434872514,False,0.683045924058195,1.557755572333278,True,770.7883333333334
Nyamagana,2005,5,,,30.297300000000007,16.240499999999997,132.19631324523388,MPARAMBO,MPARAMBO,grid_m3.00_29.25,22.507791532258068,16.240499999999997,30.297300000000007,60.45055381386,0.1842125303518145,0.6232050208006721,15.029242379032269,101351.76529569892,True,True,2.186850324850525,True,0.6228673764682195,0.823772150537634,True,770.7883333333334
Rusizi,2005,5,,,30.125806451612902,19.603333333333328,130.6,BUJUMBURA (Aeroport),BUJUMBURA (Aeroport),grid_m3.25_29.25,23.759198709677435,17.08065000000005,31.02804000000004,72.46494288196,0.828760845069086,0.7673910610013146,15.658621774193591,101322.23100806453,False,False,1.5043629271954442,False,0.6366151905539494,2.2577999999999987,True,770.7883333333334
Mulembwe,2005,5,1.4935483870967745,15.81,20.4483870967742,10.600000000000003,202.8,MPOTA (Tora),MPOTA (Tora),grid_m4.00_29.50,21.053687069892533,17.87393000000003,25.72177000000005,551.1023992038399,-0.0596235744567204,0.4122360191608871,18.197198682795715,101374.75756048386,False,False,0.3376177859350189,False,0.5949826885053275,1.4935483870967745,False,770.7883333333334
Buzimba,2005,5,0.6522580645161291,15.81,29.696774193548386,17.87393000000003,104.9,NYANZA LAC (IRAT),NYANZA LAC (IRAT),grid_m4.00_29.50,21.053687069892533,17.87393000000003,25.72177000000005,551.1023992038399,-0.0596235744567204,0.4122360191608871,18.197198682795715,101374.75756048386,False,True,0.2550133648657899,False,0.6317842159643929,0.6522580645161291,False,770.7883333333334
Nyamagana,2005,6,,,30.15322000000004,15.200220000000002,4.636162035019002,MPARAMBO,MPARAMBO,grid_m3.00_29.25,21.733178708333355,15.200220000000002,30.15322000000004,2.12001799224,0.5383019978359028,0.7104282373949167,13.623955902777825,101422.67247222224,True,True,2.186850324850525,True,0.5810327852696344,0.7070155145929342,True,770.4605
Mulembwe,2005,6,1.176,2.96,19.926666666666662,8.74,16.5,MPOTA (Tora),MPOTA (Tora),grid_m4.00_29.50,20.98670195833336,17.034500000000037,24.927700000000016,232.54108488952,0.1469106668525694,0.3251485617561111,17.724930041666653,101436.86888888889,False,False,0.3376177859350189,False,0.6463195605053584,1.176,False,770.4605
Nyakagunda,2005,6,,,28.48205000000001,14.378870000000006,10.738254970617032,MPARAMBO,MPARAMBO,grid_m2.75_29.00,20.05825488888894,14.378870000000006,28.48205000000001,5.37967681456,-1.3672671229430555,0.9447652614106944,11.630737916666703,101489.18826388888,True,True,1.9960780806672505,True,0.6019418756753675,0.4419106605222731,True,770.4605
Buzimba,2005,6,0.6313333333333335,2.96,30.190000000000005,17.034500000000037,13.8,NYANZA LAC (IRAT),NYANZA LAC (IRAT),grid_m4.00_29.50,20.98670195833336,17.034500000000037,24.927700000000016,232.54108488952,0.1469106668525694,0.3251485617561111,17.724930041666653,101436.86888888889,False,True,0.2550133648657899,False,0.5306356004464755,0.6313333333333335,False,770.4605
Rusizi,2005,6,,,30.10333333333334,18.296666666666667,1.1,BUJUMBURA (Aeroport),BUJUMBURA (Aeroport),grid_m3.25_29.25,23.12400143055561,16.241540000000043,31.20986000000005,3.15856936736,1.2394887922198612,0.9719069142623612,14.2268504305556,101392.13993055555,False,False,1.5043629271954442,False,0.5455127341134984,2.1832500000000006,True,770.4605
Mutimbuzi,2005,6,,2.22,30.10333333333334,18.296666666666667,1.1,BUJUMBURA (Aeroport),BUJUMBURA (Aeroport),grid_m3.25_29.25,23.12400143055561,16.241540000000043,31.20986000000005,3.15856936736,1.2394887922198612,0.9719069142623612,14.2268504305556,101392.13993055555,False,False,1.5476478434872514,False,0.596324990063618,1.4468757351147463,True,770.4605
Jiji,2005,6,0.5509999999999999,,19.926666666666662,8.74,16.5,MPOTA (Tora),MPOTA (Tora),grid_m4.00_29.75,19.14589856944445,14.36324000000002,24.791600000000017,64.17131425954,-0.751846927796389,0.6519592689888889,14.16205006944449,101543.47836111112,False,False,0.7469623692808592,False,0.7494253177716235,0.5509999999999999,False,770.4605
Kaburantwa,2005,6,,0.07,30.15322000000004,15.200220000000002,4.680604455049385,MPARAMBO,MPARAMBO,grid_m3.00_29.25,21.733178708333355,15.200220000000002,30.15322000000004,2.12001799224,0.5383019978359028,0.7104282373949167,13.623955902777825,101422.67247222224,True,True,2.207813552612297,True,0.6889085926029115,1.6246802835103762,True,770.4605
Nyengwe,2005,6,,1.86,30.190000000000005,20.37435000000005,13.8,NYANZA LAC (IRAT),NYANZA LAC (IRAT),grid_m4.25_29.50,23.1421876666667,20.37435000000005,25.699180000000013,138.93032095064,0.9301734724743056,-0.0115322117766666,18.35912280555556,101358.84358333332,False,True,0.3658537084356579,False,0.6534495341905344,1.0397573987690911,True,770.4605
Mulembwe,2005,7,0.7329032258064515,1.73,20.83225806451613,7.413793103448276,0.0,MPOTA (Tora),MPOTA (Tora),grid_m4.00_29.50,20.44234837365593,15.997520000000009,25.20830000000001,33.90359889224,0.1019399714887096,0.8267016500807796,15.856171680107536,101591.08052419354,False,False,0.3376177859350189,False,0.367713400416921,0.7329032258064515,False,770.2635
Jiji,2005,7,0.5029032258064516,,20.83225806451613,7.413793103448276,0.0,MPOTA (Tora),MPOTA (Tora),grid_m4.00_29.75,18.90174435483874,13.451200000000028,25.969100000000022,8.7828636194,-0.7940981242514785,0.9616772890362902,11.177946142473104,101685.53751344084,False,False,0.7469623692808592,False,0.6766206077628,0.5029032258064516,False,770.2635
Buzimba,2005,7,0.5983870967741933,1.73,30.622580645161293,15.997520000000009,0.0,NYANZA LAC (IRAT),NYANZA LAC (IRAT),grid_m4.00_29.50,20.44234837365593,15.997520000000009,25.20830000000001,33.90359889224,0.1019399714887096,0.8267016500807796,15.856171680107536,101591.08052419354,False,True,0.2550133648657899,False,0.4673817222648455,0.5983870967741933,False,770.2635
Nyamagana,2005,7,,,30.537320000000022,13.55364000000003,0.7862497042546996,MPARAMBO,MPARAMBO,grid_m3.00_29.25,22.16668434139785,13.55364000000003,30.537320000000022,0.35953521616,0.4314064321101344,1.0223265445643213,10.677295349462383,101537.93354166669,True,True,2.186850324850525,True,0.464565671751225,0.6405001286482337,True,770.2635
Mutimbuzi,2005,7,,1.51,31.18064516129032,16.774193548387096,0.0,BUJUMBURA (Aeroport),BUJUMBURA (Aeroport),grid_m3.25_29.25,23.522134677419388,15.115350000000037,31.63442000000004,0.65994262628,0.9501488184139784,1.472372224170027,11.718140430107551,101515.85911290324,False,False,1.5476478434872514,False,0.4984807057642565,1.1593991668705552,True,770.2635
Rusizi,2005,7,,,31.18064516129032,16.774193548387096,0.0,BUJUMBURA (Aeroport),BUJUMBURA (Aeroport),grid_m3.25_29.25,23.522134677419388,15.115350000000037,31.63442000000004,0.65994262628,0.9501488184139784,1.472372224170027,11.718140430107551,101515.85911290324,False,False,1.5043629271954442,False,0.4494446866464789,2.5067999999999957,True,770.2635
Nyengwe,2005,7,,0.93,30.622580645161293,19.87008000000003,0.0,NYANZA LAC (IRAT),NYANZA LAC (IRAT),grid_m4.25_29.50,22.687536061827984,19.87008000000003,25.14580000000001,18.43833923858,0.7663148658846102,0.6016066200717742,16.164174784946283,101522.61440188171,False,True,0.3658537084356579,False,0.594418329219493,0.9824036170507036,True,770.2635
Kaburantwa,2005,7,,0.06,30.537320000000022,13.55364000000003,0.79378672287944,MPARAMBO,MPARAMBO,grid_m3.00_29.25,22.16668434139785,13.55364000000003,30.537320000000022,0.35953521616,0.4314064321101344,1.0223265445643213,10.677295349462383,101537.93354166669,True,True,2.207813552612297,True,0.600634229775867,1.5368226165032803,True,770.2635
Nyakagunda,2005,7,,,27.84414000000004,11.747460000000046,1.9197890595360363,MPARAMBO,MPARAMBO,grid_m2.75_29.00,19.93922392473121,11.747460000000046,27.84414000000004,0.96178054262,-1.3943257282419357,1.0454555865651882,8.585721572580667,101602.03433467742,True,True,1.9960780806672505,True,0.4346321153007635,0.387086129032258,True,770.2635
Nyakagunda,2005,8,,,30.46160000000004,12.3159,19.455353721889285,MPARAMBO,MPARAMBO,grid_m2.75_29.00,21.035771424731195,12.3159,30.46160000000004,9.74678992286,-1.0838297150703493,0.9027533178929434,9.059290456989288,101413.93915322582,True,True,1.9960780806672505,True,0.4084990369485675,0.4027305624483041,True,770.099
Mutimbuzi,2005,8,,2.59,30.241935483870968,18.24516129032258,4.8,BUJUMBURA (Aeroport),BUJUMBURA (Aeroport),grid_m3.25_29.25,24.500864529569924,15.661580000000017,34.488950000000045,0.80776214284,0.981253450736613,1.1094682337995967,11.629765954301092,101309.61586021504,False,False,1.5476478434872514,False,0.440090690609088,0.9625008078442788,True,770.099
Buzimba,2005,8,0.5677419354838711,2.5,31.22903225806452,16.337180000000046,11.1,NYANZA LAC (IRAT),NYANZA LAC (IRAT),grid_m4.00_29.50,21.476510846774204,16.337180000000046,26.65887000000004,77.93879541548,0.1962796475431183,0.558290584411828,16.602101895161297,101365.27864247312,False,True,0.2550133648657899,False,0.4934109177696985,0.5677419354838711,False,770.099
Nyengwe,2005,8,,0.5,31.22903225806452,20.72195000000005,11.1,NYANZA LAC (IRAT),NYANZA LAC (IRAT),grid_m4.25_29.50,23.648062862903203,20.72195000000005,25.96792000000005,30.08651735016,0.8262254667805107,0.3023760808379032,16.80574404569893,101288.9255577957,False,True,0.3658537084356579,False,0.544587548004311,1.0718281997881274,True,770.099
Mulembwe,2005,8,0.7635483870967741,2.5,21.85806451612904,8.753333333333334,35.1,MPOTA (Tora),MPOTA (Tora),grid_m4.00_29.50,21.476510846774204,16.337180000000046,26.65887000000004,77.93879541548,0.1962796475431183,0.558290584411828,16.602101895161297,101365.27864247312,False,False,0.3376177859350189,False,0.4421761247404665,0.7635483870967741,False,770.099
Nyamagana,2005,8,,,33.01824000000005,14.581170000000045,10.224374507113504,MPARAMBO,MPARAMBO,grid_m3.00_29.25,23.187398494623665,14.581170000000045,33.01824000000005,4.67538833862,0.6251743481153226,0.7802012856693548,11.002353225806472,101335.81259408602,True,True,2.186850324850525,True,0.389047849317825,0.6068030510752691,True,770.099
Kaburantwa,2005,8,,0.06,33.01824000000005,14.581170000000045,10.32238573773073,MPARAMBO,MPARAMBO,grid_m3.00_29.25,23.187398494623665,14.581170000000045,33.01824000000005,4.67538833862,0.6251743481153226,0.7802012856693548,11.002353225806472,101335.81259408602,True,True,2.207813552612297,True,0.5097553502405835,1.278294265181965,True,770.099
Rusizi,2005,8,,,30.241935483870968,18.24516129032258,4.8,BUJUMBURA (Aeroport),BUJUMBURA (Aeroport),grid_m3.25_29.25,24.500864529569924,15.661580000000017,34.488950000000045,0.80776214284,0.981253450736613,1.1094682337995967,11.629765954301092,101309.61586021504,False,False,1.5043629271954442,False,0.4057438028212025,2.0274499999999978,True,770.099
Jiji,2005,8,0.41,,21.85806451612904,8.753333333333334,35.1,MPOTA (Tora),MPOTA (Tora),grid_m4.00_29.75,20.285802836021503,14.286400000000016,27.600270000000023,28.313159994360003,-0.6037350526435484,0.9084000532418012,11.87352034946241,101462.53016801074,False,False,0.7469623692808592,False,0.624557590264613,0.41,False,770.099
Mutimbuzi,2005,9,,4.48,32.11,19.586666666666662,4.2,BUJUMBURA (Aeroport),BUJUMBURA (Aeroport),grid_m3.25_29.25,25.55845459722224,17.72920000000005,34.11886000000004,0.64086914442,1.0183632528191668,0.9562066210951388,11.227509958333314,101199.51670833334,False,False,1.5476478434872514,False,0.4149943058836035,1.328319607050764,True,770.23
Nyengwe,2005,9,,0.88,31.91,21.119100000000003,18.1,NYANZA LAC (IRAT),NYANZA LAC (IRAT),grid_m4.25_29.50,24.523087430555563,21.119100000000003,26.89178000000004,85.55364601626,0.8159896618039723,0.0919705107407361,17.63863723611115,101162.13943055556,False,True,0.3658537084356579,False,0.4716852263754515,1.109868145105848,True,770.23
Rusizi,2005,9,,,32.11,19.586666666666662,4.2,BUJUMBURA (Aeroport),BUJUMBURA (Aeroport),grid_m3.25_29.25,25.55845459722224,17.72920000000005,34.11886000000004,0.64086914442,1.0183632528191668,0.9562066210951388,11.227509958333314,101199.51670833334,False,False,1.5043629271954442,False,0.3713832232105585,2.0632999999999995,True,770.23
Nyakagunda,2005,9,,,30.534880000000044,15.165800000000049,25.626376106528067,MPARAMBO,MPARAMBO,grid_m2.75_29.00,21.967474597222235,15.165800000000049,30.534880000000044,12.8383635664,-1.0690933422833333,0.8220201501761111,9.57088030555559,101319.70215972223,True,True,1.9960780806672505,True,0.3880166448653049,0.3776920678246486,True,770.23
Nyamagana,2005,9,,,33.65402,17.516320000000007,17.56861405362508,MPARAMBO,MPARAMBO,grid_m3.00_29.25,24.308536333333336,17.516320000000007,33.65402,8.03375240362,0.5243894578801389,0.6396430324194444,10.670896416666722,101229.94052777778,True,True,2.186850324850525,True,0.3263290024727915,0.7044222446236554,True,770.23
Mulembwe,2005,9,0.6420000000000001,4.32,22.55,9.853333333333332,62.49999999999999,MPOTA (Tora),MPOTA (Tora),grid_m4.00_29.50,22.24744965277779,17.97048000000001,26.781270000000006,193.14050637466,0.1760319822007097,0.3741726565024306,17.30130019444448,101247.22521527778,False,False,0.3376177859350189,False,0.3386942475762935,0.6420000000000001,False,770.23
Jiji,2005,9,0.3946666666666666,,22.55,9.853333333333332,62.49999999999999,MPOTA (Tora),MPOTA (Tora),grid_m4.00_29.75,21.502636388888902,15.708600000000049,28.947780000000023,52.13069903066,-0.5347237719706944,0.817199727932639,12.543398013888918,101338.9363263889,False,False,0.7469623692808592,False,0.571863147446033,0.3946666666666666,False,770.23
Kaburantwa,2005,9,,0.05,33.65402,17.516320000000007,17.737027435043856,MPARAMBO,MPARAMBO,grid_m3.00_29.25,24.308536333333336,17.516320000000007,33.65402,8.03375240362,0.5243894578801389,0.6396430324194444,10.670896416666722,101229.94052777778,True,True,2.207813552612297,True,0.4689798386668785,1.283728561184987,True,770.23
Buzimba,2005,9,0.5283333333333332,4.32,31.91,17.97048000000001,18.1,NYANZA LAC (IRAT),NYANZA LAC (IRAT),grid_m4.00_29.50,22.24744965277779,17.97048000000001,26.781270000000006,193.14050637466,0.1760319822007097,0.3741726565024306,17.30130019444448,101247.22521527778,False,True,0.2550133648657899,False,0.333427678298076,0.5283333333333332,False,770.23
Jiji,2005,10,0.4419354838709676,,21.954838709677425,10.580645161290322,94.3,MPOTA (Tora),MPOTA (Tora),grid_m4.00_29.75,20.42921120967748,15.769900000000009,29.207420000000013,195.75047466832,-0.3647988016785752,0.399847358657258,14.748937903225794,101341.91340053764,False,False,0.7469623692808592,False,0.474827513999423,0.4419354838709676,False,769.9
Kaburantwa,2005,10,,0.04,32.45855,15.61940000000004,82.36326844616707,MPARAMBO,MPARAMBO,grid_m3.00_29.25,22.80808611559144,15.61940000000004,32.45855,37.30535504174,0.6702196270704301,0.4027376690806451,12.841747768817244,101240.77833333334,True,True,2.207813552612297,True,0.538672357772117,1.3486149131761311,True,769.9
Nyakagunda,2005,10,,,29.19683000000004,13.91314,91.87432791698656,MPARAMBO,MPARAMBO,grid_m2.75_29.00,20.8859220698925,13.91314,29.19683000000004,46.02742187634,-0.8005740672945645,0.5830840870086021,11.618267123655984,101329.49874999998,True,True,1.9960780806672505,True,0.480263658078825,0.4390445409429275,True,769.9
Nyamagana,2005,10,,,32.45855,15.61940000000004,81.58122779169328,MPARAMBO,MPARAMBO,grid_m3.00_29.25,22.80808611559144,15.61940000000004,32.45855,37.30535504174,0.6702196270704301,0.4027376690806451,12.841747768817244,101240.77833333334,True,True,2.186850324850525,True,0.372470362436562,0.7236769892473114,True,769.9
Nyengwe,2005,10,,1.38,30.26129032258065,20.87480000000005,81.6,NYANZA LAC (IRAT),NYANZA LAC (IRAT),grid_m4.25_29.50,23.97064430107531,20.87480000000005,26.68813,246.25372849962,0.9207315358077957,-0.1441005788538978,18.453020967741963,101160.25010752688,False,True,0.3658537084356579,False,0.469010123181846,0.9616966191309366,True,769.9
Rusizi,2005,10,,,31.39354838709677,20.18,33.50000000000001,BUJUMBURA (Aeroport),BUJUMBURA (Aeroport),grid_m3.25_29.25,24.218357903225808,16.551780000000008,33.511300000000006,25.10595334642,1.2929383539235215,0.5236765355583334,12.511344690860255,101209.25514112903,False,False,1.5043629271954442,False,0.392257325183396,2.5987999999999976,True,769.9
Mutimbuzi,2005,10,,12.06,31.39354838709677,20.18,33.50000000000001,BUJUMBURA (Aeroport),BUJUMBURA (Aeroport),grid_m3.25_29.25,24.218357903225808,16.551780000000008,33.511300000000006,25.10595334642,1.2929383539235215,0.5236765355583334,12.511344690860255,101209.25514112903,False,False,1.5476478434872514,False,0.414115291395473,1.2015935260412434,True,769.9
Mulembwe,2005,10,0.7219354838709677,10.33,21.954838709677425,10.580645161290322,94.3,MPOTA (Tora),MPOTA (Tora),grid_m4.00_29.50,21.844825295698968,18.74697000000004,26.45464000000004,480.06463062846,0.2097677817563709,0.2433348419682796,17.929948266129088,101244.88518817203,False,False,0.3376177859350189,False,0.326325563035806,0.7219354838709677,False,769.9
Buzimba,2005,10,0.4722580645161293,10.33,30.26129032258065,18.74697000000004,81.6,NYANZA LAC (IRAT),NYANZA LAC (IRAT),grid_m4.00_29.50,21.844825295698968,18.74697000000004,26.45464000000004,480.06463062846,0.2097677817563709,0.2433348419682796,17.929948266129088,101244.88518817203,False,True,0.2550133648657899,False,0.373338273360343,0.4722580645161293,False,769.9
Nyengwe,2005,11,,15.15,29.166666666666675,20.40396000000004,122.1,NYANZA LAC (IRAT),NYANZA LAC (IRAT),grid_m4.25_29.50,23.374122347222222,20.40396000000004,26.25155000000001,329.37216746256,0.2454824290180555,0.4379052669841666,18.9344530555556,101106.2483125,False,True,0.3658537084356579,False,0.5786009963129475,0.9366229514624208,True,769.797
Rusizi,2005,11,,,30.55333333333334,19.846666666666668,116.1,BUJUMBURA (Aeroport),BUJUMBURA (Aeroport),grid_m3.25_29.25,24.182433541666683,16.38336000000004,31.785240000000044,5.83028795394,1.0537750737099028,0.3685774703847222,13.029784388888912,101127.08790972222,False,False,1.5043629271954442,False,0.487189168436098,2.040350000000001,True,769.797
Mulembwe,2005,11,1.0000000000000002,21.21,21.39999999999999,11.153333333333334,143.79999999999998,MPOTA (Tora),MPOTA (Tora),grid_m4.00_29.50,21.20129781944445,18.11794000000004,25.822230000000047,590.71540829764,-0.2178815564163889,0.5479136774772222,18.103610041666684,101182.79345833334,False,False,0.3376177859350189,False,0.5723344630253979,1.0000000000000002,False,769.797
Mutimbuzi,2005,11,,29.4,30.55333333333334,19.846666666666668,116.1,BUJUMBURA (Aeroport),BUJUMBURA (Aeroport),grid_m3.25_29.25,24.182433541666683,16.38336000000004,31.785240000000044,5.83028795394,1.0537750737099028,0.3685774703847222,13.029784388888912,101127.08790972222,False,False,1.5476478434872514,False,0.552634635760751,1.274871638609115,True,769.797
Nyamagana,2005,11,,,30.75985000000003,15.740080000000034,45.86109035512277,MPARAMBO,MPARAMBO,grid_m3.00_29.25,23.0070728888889,15.740080000000034,30.75985000000003,20.9712982338,0.4677860333161111,0.4142209141088889,13.201000611111112,101154.08183333332,True,True,2.186850324850525,True,0.439414672819129,0.5407674231950841,True,769.797
Kaburantwa,2005,11,,0.3,30.75985000000003,15.740080000000034,46.30071645645798,MPARAMBO,MPARAMBO,grid_m3.00_29.25,23.0070728888889,15.740080000000034,30.75985000000003,20.9712982338,0.4677860333161111,0.4142209141088889,13.201000611111112,101154.08183333332,True,True,2.207813552612297,True,0.608459288936556,1.5572967692469142,True,769.797
Jiji,2005,11,0.4733333333333334,,21.39999999999999,11.153333333333334,143.79999999999998,MPOTA (Tora),MPOTA (Tora),grid_m4.00_29.75,19.403614041666685,15.083830000000034,24.86587000000003,213.99331127662,-0.4896426239274444,0.1000824609027777,15.70919798611112,101297.9486597222,False,False,0.7469623692808592,False,0.526113711262315,0.4733333333333334,False,769.797
Nyakagunda,2005,11,,,28.62106,14.560400000000016,38.79173199663438,MPARAMBO,MPARAMBO,grid_m2.75_29.00,21.0605751527778,14.560400000000016,28.62106,19.43397523992,-0.9360632518097224,0.5181895573093056,11.441299680555574,101235.58790972222,True,True,1.9960780806672505,True,0.56258180568199,0.460218847926267,True,769.797
Buzimba,2005,11,0.4613333333333333,21.21,29.166666666666675,18.11794000000004,122.1,NYANZA LAC (IRAT),NYANZA LAC (IRAT),grid_m4.00_29.50,21.20129781944445,18.11794000000004,25.822230000000047,590.71540829764,-0.2178815564163889,0.5479136774772222,18.103610041666684,101182.79345833334,False,True,0.2550133648657899,False,0.4554461422206705,0.4613333333333333,False,769.797
Kaburantwa,2005,12,,1.13,33.59090000000003,16.729360000000042,15.592540071644356,MPARAMBO,MPARAMBO,grid_m3.00_29.25,24.26392450268821,16.729360000000042,33.59090000000003,7.06243516496,0.4727487261974193,0.4930167467291666,12.240609448924772,101042.42241263442,True,True,2.207813552612297,True,0.6702277391171665,1.2700422783710796,True,770.202
Mutimbuzi,2005,12,,16.3,30.6483870967742,19.703225806451613,55.000000000000014,BUJUMBURA (Aeroport),BUJUMBURA (Aeroport),grid_m3.25_29.25,25.08841879032257,17.944200000000023,33.38778000000002,4.992008229880001,0.7893308628236558,0.6532963785823924,13.755895779569869,101025.8679905914,False,False,1.5476478434872514,False,0.622328217963386,1.6377486171436608,True,770.202
Buzimba,2005,12,0.5590322580645163,18.37,28.98387096774193,18.56518,140.5,NYANZA LAC (IRAT),NYANZA LAC (IRAT),grid_m4.00_29.50,21.33324989247313,18.56518,25.483480000000043,530.94244016686,-0.2128624667947984,0.8972125511724731,18.33242743279573,101122.19459005375,False,True,0.2550133648657899,False,0.64678354715955,0.5590322580645163,False,770.202
Nyengwe,2005,12,,11.59,28.98387096774193,20.680870000000027,140.5,NYANZA LAC (IRAT),NYANZA LAC (IRAT),grid_m4.25_29.50,23.337426465053795,20.680870000000027,26.18240000000003,310.828685191,0.0904336959133064,0.8430684603948926,19.223666989247302,101046.48659274196,False,True,0.3658537084356579,False,0.7021854715905175,1.0604654343303626,True,770.202
Jiji,2005,12,0.5525806451612902,,21.3483870967742,10.34516129032258,133.8,MPOTA (Tora),MPOTA (Tora),grid_m4.00_29.75,19.361884932795704,15.26162000000005,25.10745000000003,224.71857101056,-0.2017278153971505,0.2846033441483871,16.040676384408584,101235.57009408604,False,False,0.7469623692808592,False,0.654285276284003,0.5525806451612902,False,770.202
Nyamagana,2005,12,,,33.59090000000003,16.729360000000042,15.444488634728549,MPARAMBO,MPARAMBO,grid_m3.00_29.25,24.26392450268821,16.729360000000042,33.59090000000003,7.06243516496,0.4727487261974193,0.4930167467291666,12.240609448924772,101042.42241263442,True,True,2.186850324850525,True,0.4953358248115574,0.6059228988802642,True,770.202
Mulembwe,2005,12,1.3619354838709676,18.37,21.3483870967742,10.34516129032258,133.8,MPOTA (Tora),MPOTA (Tora),grid_m4.00_29.50,21.33324989247313,18.56518,25.483480000000043,530.94244016686,-0.2128624667947984,0.8972125511724731,18.33242743279573,101122.19459005375,False,False,0.3376177859350189,False,0.574584315820463,1.3619354838709676,False,770.202
Rusizi,2005,12,,,30.6483870967742,19.703225806451613,55.000000000000014,BUJUMBURA (Aeroport),BUJUMBURA (Aeroport),grid_m3.25_29.25,25.08841879032257,17.944200000000023,33.38778000000002,4.992008229880001,0.7893308628236558,0.6532963785823924,13.755895779569869,101025.8679905914,False,False,1.5043629271954442,False,0.5271666832793145,2.1415500000000005,True,770.202
Nyakagunda,2005,12,,,29.18682000000001,13.770230000000026,49.50428844958234,MPARAMBO,MPARAMBO,grid_m2.75_29.00,21.47814053763443,13.770230000000026,29.18682000000001,24.80077754926,-0.7643708883134409,0.2078828092388441,11.79641009408607,101135.73306451614,True,True,1.9960780806672505,True,0.521340590489924,0.4342718356374806,True,770.202
Buzimba,2006,1,0.5877419354838709,21.27,29.106451612903225,16.84823,126.2,NYANZA LAC (IRAT),NYANZA LAC (IRAT),grid_m4.00_29.50,21.3867920026882,16.84823,27.177670000000035,553.60698590876,-0.2200565989547043,0.9437748893754436,18.30224762096776,101145.92901209678,False,True,0.2550133648657899,False,0.615014951075167,0.5877419354838709,False,770.1033333333334
Nyengwe,2006,1,,17.63,29.106451612903225,20.176260000000013,126.2,NYANZA LAC (IRAT),NYANZA LAC (IRAT),grid_m4.25_29.50,23.380619946236607,20.176260000000013,26.818300000000026,352.04291348966,0.035401126425,0.9572997550026884,19.328551505376367,101072.70149865592,False,True,0.3658537084356579,False,0.713553851243159,1.034564745597545,True,770.1033333333334
Jiji,2006,1,0.6612903225806451,,21.17096774193549,10.6,174.8,MPOTA (Tora),MPOTA (Tora),grid_m4.00_29.75,19.569695524193605,14.244619999999998,26.77337,205.75284925834,-0.2664511943904516,0.3585514344856317,16.015191115591392,101260.29456317204,False,False,0.7469623692808592,False,0.6972962594333025,0.6612903225806451,False,770.1033333333334
Nyamagana,2006,1,,,34.53450000000004,17.11250000000001,8.015784506060951,MPARAMBO,MPARAMBO,grid_m3.00_29.25,24.60258564516129,17.11250000000001,34.53450000000004,3.66544724848,0.4106426417479166,0.5431834391445565,11.840323104838715,101070.15697580646,True,True,2.186850324850525,True,0.5615209654833304,0.5013471044546851,True,770.1033333333334
Mulembwe,2006,1,0.9258064516129032,21.27,21.17096774193549,10.6,174.8,MPOTA (Tora),MPOTA (Tora),grid_m4.00_29.50,21.3867920026882,16.84823,27.177670000000035,553.60698590876,-0.2200565989547043,0.9437748893754436,18.30224762096776,101145.92901209678,False,False,0.3376177859350189,False,0.519713331935057,0.9258064516129032,False,770.1033333333334
Mutimbuzi,2006,1,,18.94,30.08333333333333,19.51,87.0,BUJUMBURA (Aeroport),BUJUMBURA (Aeroport),grid_m3.25_29.25,25.375968346774243,17.58865000000003,34.74490000000003,3.06701659566,0.6248274723232528,0.6027852536471774,13.539856424731228,101052.95549731184,False,False,1.5476478434872514,False,0.603193282582833,1.3906377062251265,True,770.1033333333334
Rusizi,2006,1,,,30.08333333333333,19.51,87.0,BUJUMBURA (Aeroport),BUJUMBURA (Aeroport),grid_m3.25_29.25,25.375968346774243,17.58865000000003,34.74490000000003,3.06701659566,0.6248274723232528,0.6027852536471774,13.539856424731228,101052.95549731184,False,False,1.5043629271954442,False,0.5246478754335056,2.0769,True,770.1033333333334
Nyakagunda,2006,1,,,30.37298000000004,12.277919999999996,39.22194750954053,MPARAMBO,MPARAMBO,grid_m2.75_29.00,21.255512298387146,12.277919999999996,30.37298000000004,19.6495056428,-0.748985950305914,0.1786132322068548,11.702417607526913,101164.83069892474,True,True,1.9960780806672505,True,0.57115391917008,0.4536260906298002,True,770.1033333333334
Kaburantwa,2006,1,,1.78,34.53450000000004,17.11250000000001,8.0926241115796,MPARAMBO,MPARAMBO,grid_m3.00_29.25,24.60258564516129,17.11250000000001,34.53450000000004,3.66544724848,0.4106426417479166,0.5431834391445565,11.840323104838715,101070.15697580646,True,True,2.207813552612297,True,0.685787795050972,1.1749220123502535,True,770.1033333333334
Kaburantwa,2006,2,,2.57,33.85916000000003,15.155570000000012,30.746076031286822,MPARAMBO,MPARAMBO,grid_m3.00_29.25,24.738440610119085,15.155570000000012,33.85916000000003,13.92602921334,0.3093561452641369,0.4841274536111606,12.80179444940478,101071.2525595238,True,True,2.207813552612297,True,0.6720216272842255,1.1915757340332949,True,770.1313333333334
Jiji,2006,2,0.8153571428571429,,21.79999999999999,10.871428571428568,191.2,MPOTA (Tora),MPOTA (Tora),grid_m4.00_29.75,19.94711413690481,14.9495,27.556420000000003,209.22374690738,-0.0862635666846726,0.4337400261813988,16.41811029761908,101257.26352678573,False,False,0.7469623692808592,False,0.7478887155037595,0.8153571428571429,False,770.1313333333334
Nyengwe,2006,2,,12.06,29.435714285714287,21.07310000000001,184.5,NYANZA LAC (IRAT),NYANZA LAC (IRAT),grid_m4.25_29.50,23.87241284226195,21.07310000000001,26.88436000000001,289.06440791286,0.1920291361052083,0.5717405152816963,19.587830967261937,101059.41979166666,False,True,0.3658537084356579,False,0.6790971384710784,1.140756734971042,True,770.1313333333334
Mutimbuzi,2006,2,,13.04,30.635714285714293,20.50357142857143,121.0,BUJUMBURA (Aeroport),BUJUMBURA (Aeroport),grid_m3.25_29.25,25.60361714285716,17.25323000000003,34.31698,18.81170278708,0.3802034255590774,0.5722171695308631,14.309235014880985,101052.30482886903,False,False,1.5476478434872514,False,0.6232713933596681,1.56768186437135,True,770.1313333333334
Mulembwe,2006,2,1.828928571428572,14.73,21.79999999999999,10.871428571428568,191.2,MPOTA (Tora),MPOTA (Tora),grid_m4.00_29.50,21.86199316964285,18.57310000000001,27.74597,450.0951766162,-0.1099786306830803,0.6912676952647827,18.57324974702379,101139.8946875,False,False,0.3376177859350189,False,0.4893907985357349,1.828928571428572,False,770.1313333333334
Nyakagunda,2006,2,,,30.974400000000003,15.028830000000028,66.09042797786714,MPARAMBO,MPARAMBO,grid_m2.75_29.00,21.71217800595241,15.028830000000028,30.974400000000003,33.11014164124,-0.6257315126534226,0.1742592312436607,11.965873854166716,101167.5739955357,True,True,1.9960780806672505,True,0.526220815560484,0.3865695444877706,True,770.1313333333334
Buzimba,2006,2,0.5774999999999999,14.73,29.435714285714287,18.57310000000001,184.5,NYANZA LAC (IRAT),NYANZA LAC (IRAT),grid_m4.00_29.50,21.86199316964285,18.57310000000001,27.74597,450.0951766162,-0.1099786306830803,0.6912676952647827,18.57324974702379,101139.8946875,False,True,0.2550133648657899,False,0.5142362463168195,0.5774999999999999,False,770.1313333333334
Nyamagana,2006,2,,,33.85916000000003,15.155570000000012,30.45414150907048,MPARAMBO,MPARAMBO,grid_m3.00_29.25,24.738440610119085,15.155570000000012,33.85916000000003,13.92602921334,0.3093561452641369,0.4841274536111606,12.80179444940478,101071.2525595238,True,True,2.186850324850525,True,0.571760557887775,0.4387164628304635,True,770.1313333333334
Rusizi,2006,2,,,30.635714285714293,20.50357142857143,121.0,BUJUMBURA (Aeroport),BUJUMBURA (Aeroport),grid_m3.25_29.25,25.60361714285716,17.25323000000003,34.31698,18.81170278708,0.3802034255590774,0.5722171695308631,14.309235014880985,101052.30482886903,False,False,1.5043629271954442,False,0.5435019926315829,2.499099999999999,True,770.1313333333334
Nyamagana,2006,3,,,33.82955000000004,15.98782,120.34625817831116,MPARAMBO,MPARAMBO,grid_m3.00_29.25,23.381143010752737,15.98782,33.82955000000004,55.03177643698,0.100138489463051,0.3782947693581989,14.221407782258098,101201.09303091398,True,True,2.186850324850525,True,0.6175048885805869,0.7466817138163511,True,770.1546666666667
Buzimba,2006,3,0.7364516129032258,14.28,29.335483870967742,18.045680000000004,115.3,NYANZA LAC (IRAT),NYANZA LAC (IRAT),grid_m4.00_29.50,21.421286733871,18.045680000000004,28.0754,447.74866078376,-0.0639712629246505,0.5090635769193549,17.96175787634411,101239.49657258064,False,True,0.2550133648657899,False,0.598792009171707,0.7364516129032258,False,770.1546666666667
Mutimbuzi,2006,3,,14.07,30.7,19.79354838709677,111.09999999999998,BUJUMBURA (Aeroport),BUJUMBURA (Aeroport),grid_m3.25_29.25,24.51770716397852,17.54824000000002,34.33346,68.17150101082,-0.0124628434169354,0.3845098542748656,15.044227338709677,101179.67014784948,False,False,1.5476478434872514,False,0.6705221473829925,1.6770391450104718,True,770.1546666666667
Nyengwe,2006,3,,7.98,29.335483870967742,20.26705000000004,115.3,NYANZA LAC (IRAT),NYANZA LAC (IRAT),grid_m4.25_29.50,23.382843870967747,20.26705000000004,27.60275000000001,314.7883413206,0.2027497451625,0.4665174790497312,19.179544327957046,101163.80537634408,False,True,0.3658537084356579,False,0.6509010433236235,1.002625360749338,True,770.1546666666667
Nyakagunda,2006,3,,,29.773770000000013,14.037320000000022,78.71706278238202,MPARAMBO,MPARAMBO,grid_m2.75_29.00,20.92951150537636,14.037320000000022,29.773770000000013,39.43586352898,-0.5587918069456989,0.2457972914258064,12.39237454301076,101281.34335349462,True,True,1.9960780806672505,True,0.5743584361788845,0.4653715735738115,True,770.1546666666667
Rusizi,2006,3,,,30.7,19.79354838709677,111.09999999999998,BUJUMBURA (Aeroport),BUJUMBURA (Aeroport),grid_m3.25_29.25,24.51770716397852,17.54824000000002,34.33346,68.17150101082,-0.0124628434169354,0.3845098542748656,15.044227338709677,101179.67014784948,False,False,1.5043629271954442,False,0.613762135912954,2.366750000000001,True,770.1546666666667
Mulembwe,2006,3,1.9067741935483875,14.28,21.01935483870968,10.845161290322585,156.1,MPOTA (Tora),MPOTA (Tora),grid_m4.00_29.50,21.421286733871,18.045680000000004,28.0754,447.74866078376,-0.0639712629246505,0.5090635769193549,17.96175787634411,101239.49657258064,False,False,0.3376177859350189,False,0.4853809675957125,1.9067741935483875,False,770.1546666666667
Kaburantwa,2006,3,,1.07,33.82955000000004,15.98782,121.49990184189454,MPARAMBO,MPARAMBO,grid_m3.00_29.25,23.381143010752737,15.98782,33.82955000000004,55.03177643698,0.100138489463051,0.3782947693581989,14.221407782258098,101201.09303091398,True,True,2.207813552612297,True,0.703538265204585,1.1898716539930323,True,770.1546666666667
Jiji,2006,3,0.7300000000000001,,21.01935483870968,10.845161290322585,156.1,MPOTA (Tora),MPOTA (Tora),grid_m4.00_29.75,19.27170248655915,14.931240000000004,27.99752000000001,228.25288733986,-0.1183345537673387,0.4515054559872312,16.182219435483887,101364.23918010751,False,False,0.7469623692808592,False,0.759401020581991,0.7300000000000001,False,770.1546666666667
Nyengwe,2006,4,,12.61,28.833333333333336,20.54257000000001,204.3,NYANZA LAC (IRAT),NYANZA LAC (IRAT),grid_m4.25_29.50,22.47952723611116,20.54257000000001,24.707400000000007,552.9739866637799,0.1752347532044444,0.6132773326218056,19.40359212499999,101212.5411875,False,True,0.3658537084356579,False,0.5640616937356345,0.948740184866061,True,770.2959999999999
Mutimbuzi,2006,4,,17.43,29.773333333333333,19.85172413793103,111.2,BUJUMBURA (Aeroport),BUJUMBURA (Aeroport),grid_m3.25_29.25,23.599660597222226,16.532920000000047,31.05087000000003,26.16596224946,0.7055420988277779,0.6116700729004166,15.693691013888952,101214.64935416666,False,False,1.5476478434872514,False,0.704554089814326,1.63886420637939,True,770.2959999999999
Rusizi,2006,4,,,29.773333333333333,19.85172413793103,111.2,BUJUMBURA (Aeroport),BUJUMBURA (Aeroport),grid_m3.25_29.25,23.599660597222226,16.532920000000047,31.05087000000003,26.16596224946,0.7055420988277779,0.6116700729004166,15.693691013888952,101214.64935416666,False,False,1.5043629271954442,False,0.5903934546862399,2.43055,True,770.2959999999999
Mulembwe,2006,4,2.259333333333333,14.02,20.08333333333333,11.446666666666664,270.80000000000007,MPOTA (Tora),MPOTA (Tora),grid_m4.00_29.50,20.76751290277781,18.09700000000004,24.596060000000023,545.13669027678,-0.1758489617708333,0.6971179348465278,18.34373933333336,101279.4229375,False,False,0.3376177859350189,False,0.4853059079418055,2.259333333333333,False,770.2959999999999
Nyamagana,2006,4,,,29.75400000000002,15.007530000000031,57.84149190183869,MPARAMBO,MPARAMBO,grid_m3.00_29.25,22.092084305555545,15.007530000000031,29.75400000000002,26.44968027512,0.0835572358451388,0.6287938235541667,15.244642875000013,101242.7536388889,True,True,2.186850324850525,True,0.64678693050304,0.7888549822554161,True,770.2959999999999
Nyakagunda,2006,4,,,28.17587000000003,13.475549999999998,91.58212449267192,MPARAMBO,MPARAMBO,grid_m2.75_29.00,20.09632976388889,13.475549999999998,28.17587000000003,45.8810331017,-1.17537424326645,0.7030329202623611,13.035438694444508,101308.84861111113,True,True,1.9960780806672505,True,0.696471679083963,0.4923606758832564,True,770.2959999999999
Jiji,2006,4,0.965,,20.08333333333333,11.446666666666664,270.80000000000007,MPOTA (Tora),MPOTA (Tora),grid_m4.00_29.75,18.72745202777781,15.05600000000004,23.980680000000007,222.62811714956,-0.8365680908641666,0.3610380202720278,16.211824652777807,101407.3525625,False,False,0.7469623692808592,False,0.5913629965318115,0.965,False,770.2959999999999
Kaburantwa,2006,4,,0.52,29.75400000000002,15.007530000000031,58.395962573672094,MPARAMBO,MPARAMBO,grid_m3.00_29.25,22.092084305555545,15.007530000000031,29.75400000000002,26.44968027512,0.0835572358451388,0.6287938235541667,15.244642875000013,101242.7536388889,True,True,2.207813552612297,True,0.7056048610005474,1.648549571005966,True,770.2959999999999
Buzimba,2006,4,0.7370000000000001,14.02,28.833333333333336,18.09700000000004,204.3,NYANZA LAC (IRAT),NYANZA LAC (IRAT),grid_m4.00_29.50,20.76751290277781,18.09700000000004,24.596060000000023,545.13669027678,-0.1758489617708333,0.6971179348465278,18.34373933333336,101279.4229375,False,True,0.2550133648657899,False,0.39974122366608,0.7370000000000001,False,770.2959999999999
Kaburantwa,2006,5,,0.31,29.910180000000025,13.55227000000002,257.48799070189585,MPARAMBO,MPARAMBO,grid_m3.00_29.25,21.67824075268817,13.55227000000002,29.910180000000025,116.62578590354,0.2046985560185752,0.5343154791175,15.43933302419356,101403.64286290325,True,True,2.207813552612297,True,0.71684911837287,1.5296097394680417,True,770.4006666666668
Mutimbuzi,2006,5,,8.96,30.335483870967742,19.870967741935484,88.9,BUJUMBURA (Aeroport),BUJUMBURA (Aeroport),grid_m3.25_29.25,23.14752147849464,14.93118000000004,31.712900000000047,165.08197822006,0.840193976267742,0.7073770542869624,15.897931438172066,101371.5158467742,False,False,1.5476478434872514,False,0.671297111202561,1.6796095671501554,True,770.4006666666668
Rusizi,2006,5,,,30.335483870967742,19.870967741935484,88.9,BUJUMBURA (Aeroport),BUJUMBURA (Aeroport),grid_m3.25_29.25,23.14752147849464,14.93118000000004,31.712900000000047,165.08197822006,0.840193976267742,0.7073770542869624,15.897931438172066,101371.5158467742,False,False,1.5043629271954442,False,0.6061585129798506,2.3675999999999986,True,770.4006666666668
Mulembwe,2006,5,2.502903225806452,9.55,20.116129032258065,10.87741935483871,209.3,MPOTA (Tora),MPOTA (Tora),grid_m4.00_29.50,20.74647936827961,17.40730000000002,24.488800000000023,564.27860196446,-0.0143520250998118,0.4582840491827956,18.185295161290355,101426.61112903227,False,False,0.3376177859350189,False,0.5165247927383485,2.502903225806452,False,770.4006666666668
Nyamagana,2006,5,,,29.910180000000025,13.55227000000002,255.04313778910424,MPARAMBO,MPARAMBO,grid_m3.00_29.25,21.67824075268817,13.55227000000002,29.910180000000025,116.62578590354,0.2046985560185752,0.5343154791175,15.43933302419356,101403.64286290325,True,True,2.186850324850525,True,0.6429454855010985,0.7989111790878758,True,770.4006666666668
Jiji,2006,5,1.2238709677419355,,20.116129032258065,10.87741935483871,209.3,MPOTA (Tora),MPOTA (Tora),grid_m4.00_29.75,18.7044715725807,14.665250000000016,23.89020000000005,237.83254624742,-0.7092366226083333,0.379742961333871,15.79472000000004,101547.43049731184,False,False,0.7469623692808592,False,0.763177848587827,1.2238709677419355,False,770.4006666666668
Buzimba,2006,5,0.6964516129032257,9.55,29.006451612903227,17.40730000000002,256.8,NYANZA LAC (IRAT),NYANZA LAC (IRAT),grid_m4.00_29.50,20.74647936827961,17.40730000000002,24.488800000000023,564.27860196446,-0.0143520250998118,0.4582840491827956,18.185295161290355,101426.61112903227,False,True,0.2550133648657899,False,0.5953468433195505,0.6964516129032257,False,770.4006666666668
Nyengwe,2006,5,,8.08,29.006451612903227,20.79830000000004,256.8,NYANZA LAC (IRAT),NYANZA LAC (IRAT),grid_m4.25_29.50,22.597309489247323,20.79830000000004,25.09426000000002,436.55204732972,0.539786814628629,0.2229587383418683,19.18441569892473,101355.30798387095,False,True,0.3658537084356579,False,0.720211705249564,1.1543606590293258,True,770.4006666666668
Nyakagunda,2006,5,,,27.38390000000004,13.406460000000038,153.7382698252719,MPARAMBO,MPARAMBO,grid_m2.75_29.00,19.79694807795704,13.406460000000038,27.38390000000004,77.02016835628001,-1.2298231902231185,0.712141733362945,13.640265766129062,101470.8879905914,True,True,1.9960780806672505,True,0.6737579167377575,0.5552238863287249,True,770.4006666666668
Nyengwe,2006,6,,6.45,30.166666666666668,20.12026000000003,4.7,NYANZA LAC (IRAT),NYANZA LAC (IRAT),grid_m4.25_29.50,22.582650986111105,20.12026000000003,25.368520000000046,74.4140149038,0.9357706073101528,0.5516519959797221,17.91040700000002,101454.81386111112,False,True,0.3658537084356579,False,0.7060303083381685,1.0587437995483269,True,770.3655000000001
Mutimbuzi,2006,6,,6.84,30.396666666666665,17.746666666666663,2.5,BUJUMBURA (Aeroport),BUJUMBURA (Aeroport),grid_m3.25_29.25,22.802762555555542,13.165250000000016,30.50488000000001,0.2064704912599999,1.3635280404261667,1.3248426438902778,13.529867611111172,101450.97532638889,False,False,1.5476478434872514,False,0.5593039918939371,1.317900531580893,True,770.3655000000001
Rusizi,2006,6,,,30.396666666666665,17.746666666666663,2.5,BUJUMBURA (Aeroport),BUJUMBURA (Aeroport),grid_m3.25_29.25,22.802762555555542,13.165250000000016,30.50488000000001,0.2064704912599999,1.3635280404261667,1.3248426438902778,13.529867611111172,101450.97532638889,False,False,1.5043629271954442,False,0.5729750036522354,2.3522499999999993,True,770.3655000000001
Kaburantwa,2006,6,,0.26,29.70995000000005,12.384000000000016,0.4011044256997282,MPARAMBO,MPARAMBO,grid_m3.00_29.25,21.63842302777784,12.384000000000016,29.70995000000005,0.18167495404,0.4974188275255555,0.9480048079143056,12.3858462222222,101474.63609027778,True,True,2.207813552612297,True,0.6237278556139325,1.5995228583946042,True,770.3655000000001
Mulembwe,2006,6,1.5773333333333328,8.36,20.320000000000004,7.673333333333334,0.0,MPOTA (Tora),MPOTA (Tora),grid_m4.00_29.50,20.51423711111113,15.573450000000037,24.48170000000005,115.63277248836,0.0932291025412777,0.7702134649519444,17.18430816666671,101524.25603472222,False,False,0.3376177859350189,False,0.657878878535274,1.5773333333333328,False,770.3655000000001
Buzimba,2006,6,0.4589999999999997,8.36,30.166666666666668,15.573450000000037,4.7,NYANZA LAC (IRAT),NYANZA LAC (IRAT),grid_m4.00_29.50,20.51423711111113,15.573450000000037,24.48170000000005,115.63277248836,0.0932291025412777,0.7702134649519444,17.18430816666671,101524.25603472222,False,True,0.2550133648657899,False,0.6973733051984135,0.4589999999999997,False,770.3655000000001
Jiji,2006,6,0.7806666666666665,,20.320000000000004,7.673333333333334,0.0,MPOTA (Tora),MPOTA (Tora),grid_m4.00_29.75,18.7297725555556,12.694540000000018,24.07247000000001,29.87718575734,-1.0611098189819443,0.7382744467083333,12.917641722222244,101622.38865972222,False,False,0.7469623692808592,False,0.7238948348461149,0.7806666666666665,False,770.3655000000001
Nyamagana,2006,6,,,29.70995000000005,12.384000000000016,0.3972959322595782,MPARAMBO,MPARAMBO,grid_m3.00_29.25,21.63842302777784,12.384000000000016,29.70995000000005,0.18167495404,0.4974188275255555,0.9480048079143056,12.3858462222222,101474.63609027778,True,True,2.186850324850525,True,0.5224006511925465,0.6800372849462364,True,770.3655000000001
Nyakagunda,2006,6,,,27.308070000000043,12.210000000000036,3.5416634364695887,MPARAMBO,MPARAMBO,grid_m2.75_29.00,19.92404622222228,12.210000000000036,27.308070000000043,1.77431107068,-1.5366197987347223,1.0946600799470834,10.31848522222225,101534.53700694445,True,True,1.9960780806672505,True,0.5929783569356755,0.4487735599078338,True,770.3655000000001
Kaburantwa,2006,7,,0.15,30.04055,14.59164000000004,14.398701630689365,MPARAMBO,MPARAMBO,grid_m3.00_29.25,22.04173186827961,14.59164000000004,30.04055,6.52170180478,0.304505931971371,0.9329240865739248,12.462642392473128,101520.41573252688,True,True,2.207813552612297,True,0.5497671571228919,1.617902987450282,True,770.1899999999999
Rusizi,2006,7,,,29.977419354838712,17.538709677419355,0.9,BUJUMBURA (Aeroport),BUJUMBURA (Aeroport),grid_m3.25_29.25,23.10064048387096,14.740080000000034,30.86514,13.68904113548,0.8479380250545699,1.4125120927626345,13.9022718010753,101497.83828629032,False,False,1.5043629271954442,False,0.470562671120436,2.12305,True,770.1899999999999
Nyamagana,2006,7,,,30.04055,14.59164000000004,14.261985710361396,MPARAMBO,MPARAMBO,grid_m3.00_29.25,22.04173186827961,14.59164000000004,30.04055,6.52170180478,0.304505931971371,0.9329240865739248,12.462642392473128,101520.41573252688,True,True,2.186850324850525,True,0.4225426193625364,0.6086581720430098,True,770.1899999999999
Nyakagunda,2006,7,,,27.24563000000001,13.56940000000003,11.25603646162742,MPARAMBO,MPARAMBO,grid_m2.75_29.00,19.884355927419392,13.56940000000003,27.24563000000001,5.63907623186,-1.3245604544516127,0.8678133577435632,10.407842217741972,101582.21795698925,True,True,1.9960780806672505,True,0.472888035792147,0.3804610215053758,True,770.1899999999999
Nyengwe,2006,7,,0.99,30.264516129032263,20.573480000000018,0.9,NYANZA LAC (IRAT),NYANZA LAC (IRAT),grid_m4.25_29.50,22.601391330645185,20.573480000000018,24.474850000000004,58.81357170576,0.8170017319336023,0.5631993607141129,16.751697110215048,101493.67112231182,False,True,0.3658537084356579,False,0.5890103911181506,0.99840915411116,True,770.1899999999999
Buzimba,2006,7,0.4141935483870969,1.42,30.264516129032263,16.36840000000001,0.9,NYANZA LAC (IRAT),NYANZA LAC (IRAT),grid_m4.00_29.50,20.46395104838712,16.36840000000001,24.24170000000004,123.1055260409,0.1189761216818951,0.7427621652026882,16.528991357526877,101564.3723857527,False,True,0.2550133648657899,False,0.3690906730065925,0.4141935483870969,False,770.1899999999999
Mutimbuzi,2006,7,,2.11,29.977419354838712,17.538709677419355,0.9,BUJUMBURA (Aeroport),BUJUMBURA (Aeroport),grid_m3.25_29.25,23.10064048387096,14.740080000000034,30.86514,13.68904113548,0.8479380250545699,1.4125120927626345,13.9022718010753,101497.83828629032,False,False,1.5476478434872514,False,0.4813547647298865,0.9856637728965882,True,770.1899999999999
Jiji,2006,7,0.647741935483871,,20.49677419354839,7.522580645161288,3.6,MPOTA (Tora),MPOTA (Tora),grid_m4.00_29.75,18.874508696236603,12.82543000000004,25.17140000000001,37.1623038158,-0.7397097717450268,0.9130292499076612,12.390960000000064,101661.30854166669,False,False,0.7469623692808592,False,0.6493549803877026,0.647741935483871,False,770.1899999999999
Mulembwe,2006,7,1.121935483870968,1.42,20.49677419354839,7.522580645161288,3.6,MPOTA (Tora),MPOTA (Tora),grid_m4.00_29.50,20.46395104838712,16.36840000000001,24.24170000000004,123.1055260409,0.1189761216818951,0.7427621652026882,16.528991357526877,101564.3723857527,False,False,0.3376177859350189,False,0.3398453620106435,1.121935483870968,False,770.1899999999999
Kaburantwa,2006,8,,0.11,32.236050000000034,14.079300000000046,48.26412782198654,MPARAMBO,MPARAMBO,grid_m3.00_29.25,22.37208893817205,14.079300000000046,32.236050000000034,21.86059948988,0.4658573527591667,0.6846121120865591,11.81819889784947,101364.25235215054,True,True,2.207813552612297,True,0.4820417354366785,1.3423421914116758,True,770.1953333333332
Nyakagunda,2006,8,,,29.52120000000002,12.310540000000003,34.124084210784524,MPARAMBO,MPARAMBO,grid_m2.75_29.00,20.59938625000001,12.310540000000003,29.52120000000002,17.09556582044,-1.1563205925966156,0.938650930964113,9.780797674731218,101435.10249327956,True,True,1.9960780806672505,True,0.3822209947107995,0.407079325889164,True,770.1953333333332
Buzimba,2006,8,0.369032258064516,1.37,30.33548387096776,17.06973000000005,18.4,NYANZA LAC (IRAT),NYANZA LAC (IRAT),grid_m4.00_29.50,21.164555940860225,17.06973000000005,25.8827,106.42170930494,0.1507308711758064,0.2581194402956989,16.931855134408636,101379.96459005376,False,True,0.2550133648657899,False,0.4405137868339129,0.369032258064516,False,770.1953333333332
Nyamagana,2006,8,,,32.236050000000034,14.079300000000046,47.80585909587129,MPARAMBO,MPARAMBO,grid_m3.00_29.25,22.37208893817205,14.079300000000046,32.236050000000034,21.86059948988,0.4658573527591667,0.6846121120865591,11.81819889784947,101364.25235215054,True,True,2.186850324850525,True,0.368657172390988,0.7149521158743632,True,770.1953333333332
Jiji,2006,8,0.5506451612903226,,21.92258064516129,8.633333333333331,8.9,MPOTA (Tora),MPOTA (Tora),grid_m4.00_29.75,19.6579483064516,14.682950000000003,26.27080000000001,58.5360522711,-0.6084349025747312,0.7002817381924193,12.965777916666696,101480.6394623656,False,False,0.7469623692808592,False,0.586602802068682,0.5506451612903226,False,770.1953333333332
Mutimbuzi,2006,8,,2.9,30.84193548387097,17.82903225806452,38.1,BUJUMBURA (Aeroport),BUJUMBURA (Aeroport),grid_m3.25_29.25,23.42377577956989,14.325400000000002,32.77316000000002,21.027564884,1.061811180438172,0.9936429517037636,12.698734905914025,101337.95564516127,False,False,1.5476478434872514,False,0.4424737014984315,0.94755329272067,True,770.1953333333332
Mulembwe,2006,8,0.7493548387096775,1.37,21.92258064516129,8.633333333333331,8.9,MPOTA (Tora),MPOTA (Tora),grid_m4.00_29.50,21.164555940860225,17.06973000000005,25.8827,106.42170930494,0.1507308711758064,0.2581194402956989,16.931855134408636,101379.96459005376,False,False,0.3376177859350189,False,0.3521892758129304,0.7493548387096775,False,770.1953333333332
Nyengwe,2006,8,,0.54,30.33548387096776,21.27227000000005,18.4,NYANZA LAC (IRAT),NYANZA LAC (IRAT),grid_m4.25_29.50,23.34462135752688,21.27227000000005,25.93154000000004,43.85232931882,0.8097937405151883,-0.0470917815485215,17.423194771505393,101303.83717741937,False,True,0.3658537084356579,False,0.540432313414522,1.0276351364360474,True,770.1953333333332
Rusizi,2006,8,,,30.84193548387097,17.82903225806452,38.1,BUJUMBURA (Aeroport),BUJUMBURA (Aeroport),grid_m3.25_29.25,23.42377577956989,14.325400000000002,32.77316000000002,21.027564884,1.061811180438172,0.9936429517037636,12.698734905914025,101337.95564516127,False,False,1.5043629271954442,False,0.4412742355565184,2.0736500000000007,True,770.1953333333332
Nyakagunda,2006,9,,,29.30170000000004,11.845900000000029,32.231897338403805,MPARAMBO,MPARAMBO,grid_m2.75_29.00,21.19135743055557,11.845900000000029,29.30170000000004,16.14761348796,-1.3207000073458333,1.052256033966389,9.347845888888912,101370.53666666668,True,True,1.9960780806672505,True,0.365086878424235,0.4077565839536802,True,770.0055
Nyamagana,2006,9,,,32.09426000000002,13.77950000000004,15.29328685779968,MPARAMBO,MPARAMBO,grid_m3.00_29.25,23.364094986111127,13.77950000000004,32.09426000000002,6.993293818060001,0.6503761088565277,0.7841747088348889,10.624481875000017,101292.0680763889,True,True,2.186850324850525,True,0.3343937439797565,0.6598373443689869,True,770.0055
Mulembwe,2006,9,0.616,2.17,22.546666666666667,9.055172413793102,50.2,MPOTA (Tora),MPOTA (Tora),grid_m4.00_29.50,21.75767131944445,16.506070000000022,26.30038000000002,225.50821287622,0.1362824113900555,0.3897940116455556,17.136008111111153,101324.88734027778,False,False,0.3376177859350189,False,0.299723223159185,0.616,False,770.0055
Nyengwe,2006,9,,0.4,31.91333333333333,20.881370000000004,40.60000000000001,NYANZA LAC (IRAT),NYANZA LAC (IRAT),grid_m4.25_29.50,23.99533919444445,20.881370000000004,26.418540000000007,96.2719916977,0.8211443370722222,0.0210941952288888,17.3242324861111,101243.40490277778,False,True,0.3658537084356579,False,0.4474037278228165,1.082734711626843,True,770.0055
Rusizi,2006,9,,,31.29666666666667,18.910000000000004,32.3,BUJUMBURA (Aeroport),BUJUMBURA (Aeroport),grid_m3.25_29.25,24.67953259722225,14.888880000000029,33.07318000000004,3.93390655126,1.339637990086111,1.103271929015,11.499324388888908,101266.83159027778,False,False,1.5043629271954442,False,0.3779896304972084,2.0723499999999975,True,770.0055
Jiji,2006,9,0.4566666666666667,,22.546666666666667,9.055172413793102,50.2,MPOTA (Tora),MPOTA (Tora),grid_m4.00_29.75,20.62899295833336,13.793180000000008,27.84140000000002,62.42370593326,-0.8912647890791667,0.701771821333611,12.914369083333328,101419.8897847222,False,False,0.7469623692808592,False,0.5687388664179815,0.4566666666666667,False,770.0055
Mutimbuzi,2006,9,,7.58,31.29666666666667,18.910000000000004,32.3,BUJUMBURA (Aeroport),BUJUMBURA (Aeroport),grid_m3.25_29.25,24.67953259722225,14.888880000000029,33.07318000000004,3.93390655126,1.339637990086111,1.103271929015,11.499324388888908,101266.83159027778,False,False,1.5476478434872514,False,0.4486929617506254,1.1665635723460177,True,770.0055
Buzimba,2006,9,0.3503333333333333,2.17,31.91333333333333,16.506070000000022,40.60000000000001,NYANZA LAC (IRAT),NYANZA LAC (IRAT),grid_m4.00_29.50,21.75767131944445,16.506070000000022,26.30038000000002,225.50821287622,0.1362824113900555,0.3897940116455556,17.136008111111153,101324.88734027778,False,True,0.2550133648657899,False,0.2795338208544949,0.3503333333333333,False,770.0055
Kaburantwa,2006,9,,0.08,32.09426000000002,13.77950000000004,15.439888868912668,MPARAMBO,MPARAMBO,grid_m3.00_29.25,23.364094986111127,13.77950000000004,32.09426000000002,6.993293818060001,0.6503761088565277,0.7841747088348889,10.624481875000017,101292.0680763889,True,True,2.207813552612297,True,0.449919880393249,1.3604339431155252,True,770.0055
Kaburantwa,2006,10,,0.07,32.99136000000004,16.862270000000024,12.573202729161547,MPARAMBO,MPARAMBO,grid_m3.00_29.25,24.397604247311847,16.862270000000024,32.99136000000004,5.69486617848,0.7297586638821237,0.6154100771653226,10.8655941532258,101172.17910618278,True,True,2.207813552612297,True,0.46421783177661,1.3431851810527515,True,769.8365
Nyakagunda,2006,10,,,30.650400000000047,13.911100000000031,20.60465725911581,MPARAMBO,MPARAMBO,grid_m2.75_29.00,22.07673463709682,13.911100000000031,30.650400000000047,10.3225707745,-1.2727667485077958,0.8664260148295698,9.735086626344128,101258.91921370968,True,True,1.9960780806672505,True,0.401580989213065,0.4091240033085196,True,769.8365
Mutimbuzi,2006,10,,11.43,31.783870967741933,19.916129032258063,62.99999999999999,BUJUMBURA (Aeroport),BUJUMBURA (Aeroport),grid_m3.25_29.25,25.59002090053769,17.28230000000002,33.646330000000034,1.6059875311,1.5357338080967742,0.7292439241417473,11.844784610215072,101144.6571438172,False,False,1.5476478434872514,False,0.498146763271082,1.4346505303149186,True,769.8365
Jiji,2006,10,0.5612903225806453,,22.82258064516129,10.464516129032257,94.4,MPOTA (Tora),MPOTA (Tora),grid_m4.00_29.75,21.36241887096776,15.403470000000029,28.097560000000044,96.6408252215,-1.0785489420752687,0.557442429739785,13.816173024193574,101306.60034946236,False,False,0.7469623692808592,False,0.585473861482148,0.5612903225806453,False,769.8365
Mulembwe,2006,10,0.8212903225806448,10.58,22.82258064516129,10.464516129032257,94.4,MPOTA (Tora),MPOTA (Tora),grid_m4.00_29.50,22.31844994623657,18.010430000000042,27.651730000000043,314.51153628168,0.1910702502507258,0.529527705039875,17.923193118279585,101208.50306451612,False,False,0.3376177859350189,False,0.473188394774715,0.8212903225806448,False,769.8365
Rusizi,2006,10,,,31.783870967741933,19.916129032258063,62.99999999999999,BUJUMBURA (Aeroport),BUJUMBURA (Aeroport),grid_m3.25_29.25,25.59002090053769,17.28230000000002,33.646330000000034,1.6059875311,1.5357338080967742,0.7292439241417473,11.844784610215072,101144.6571438172,False,False,1.5043629271954442,False,0.397906816616625,2.596549999999997,True,769.8365
Nyengwe,2006,10,,2.14,32.2,21.35250000000002,50.6,NYANZA LAC (IRAT),NYANZA LAC (IRAT),grid_m4.25_29.50,24.494367755376345,21.35250000000002,28.06326000000001,155.68804762392,0.8536154022509408,0.1104878882169354,18.3564191801076,101125.96778225809,False,True,0.3658537084356579,False,0.508490065161225,1.2081144678599056,True,769.8365
Buzimba,2006,10,0.3061290322580644,10.58,32.2,18.010430000000042,50.6,NYANZA LAC (IRAT),NYANZA LAC (IRAT),grid_m4.00_29.50,22.31844994623657,18.010430000000042,27.651730000000043,314.51153628168,0.1910702502507258,0.529527705039875,17.923193118279585,101208.50306451612,False,True,0.2550133648657899,False,0.447596022797124,0.3061290322580644,False,769.8365
Nyamagana,2006,10,,,32.99136000000004,16.862270000000024,12.453819952389257,MPARAMBO,MPARAMBO,grid_m3.00_29.25,24.397604247311847,16.862270000000024,32.99136000000004,5.69486617848,0.7297586638821237,0.6154100771653226,10.8655941532258,101172.17910618278,True,True,2.186850324850525,True,0.341210634731227,0.7051060809281258,True,769.8365
Nyengwe,2006,11,,16.82,27.73333333333333,20.57363000000004,208.2,NYANZA LAC (IRAT),NYANZA LAC (IRAT),grid_m4.25_29.50,22.545887111111146,20.57363000000004,25.12826000000001,497.05982132478,0.1473799202661111,0.6592948498691666,18.86749023611111,101191.90770833332,False,True,0.3658537084356579,False,0.3761806536838065,0.6784046046748013,True,769.635
Rusizi,2006,11,,,28.47000000000001,19.75333333333333,157.1,BUJUMBURA (Aeroport),BUJUMBURA (Aeroport),grid_m3.25_29.25,23.591397680555588,17.672660000000008,30.40148000000005,79.1926384657,0.3704891862545,0.1859482218809027,14.472153722222233,101207.24363888887,False,False,1.5043629271954442,False,0.514717192254153,2.255300000000002,True,769.635
Mulembwe,2006,11,1.4106666666666663,21.51,19.866666666666664,11.35333333333333,306.7,MPOTA (Tora),MPOTA (Tora),grid_m4.00_29.50,20.66105625,17.773400000000038,24.05886000000004,710.82687339132,-0.0852820265380555,0.7449719327508333,17.995558388888924,101261.91638194444,False,False,0.3376177859350189,False,0.1908508497136765,1.4106666666666663,False,769.635
Mutimbuzi,2006,11,,22.87,28.47000000000001,19.75333333333333,157.1,BUJUMBURA (Aeroport),BUJUMBURA (Aeroport),grid_m3.25_29.25,23.591397680555588,17.672660000000008,30.40148000000005,79.1926384657,0.3704891862545,0.1859482218809027,14.472153722222233,101207.24363888887,False,False,1.5476478434872514,False,0.6007088543645325,0.9812580420441356,True,769.635
Nyakagunda,2006,11,,,26.71774000000005,14.6866,83.4527645200509,MPARAMBO,MPARAMBO,grid_m2.75_29.00,20.20359695833337,14.6866,26.71774000000005,41.808366781,-0.5394690373252777,0.27939575979775,12.384449847222244,101307.79885416666,True,True,1.9960780806672505,True,0.5872161384842964,0.4900246284231156,True,769.635
Nyamagana,2006,11,,,29.241330000000005,16.125800000000027,161.64313787940637,MPARAMBO,MPARAMBO,grid_m3.00_29.25,21.93984341666669,16.125800000000027,29.241330000000005,73.91595851008,0.2673465541561806,0.2232542667660972,14.417446847222209,101233.62732638889,True,True,2.186850324850525,True,0.5950070012421855,0.6862756797235013,True,769.635
Buzimba,2006,11,0.637,21.51,27.73333333333333,17.773400000000038,208.2,NYANZA LAC (IRAT),NYANZA LAC (IRAT),grid_m4.00_29.50,20.66105625,17.773400000000038,24.05886000000004,710.82687339132,-0.0852820265380555,0.7449719327508333,17.995558388888924,101261.91638194444,False,True,0.2550133648657899,False,0.1759187529595585,0.637,False,769.635
Kaburantwa,2006,11,,0.07,29.241330000000005,16.125800000000027,163.19265495288292,MPARAMBO,MPARAMBO,grid_m3.00_29.25,21.93984341666669,16.125800000000027,29.241330000000005,73.91595851008,0.2673465541561806,0.2232542667660972,14.417446847222209,101233.62732638889,True,True,2.207813552612297,True,0.5437336399018154,1.705616844366297,True,769.635
Jiji,2006,11,0.997,,19.866666666666664,11.35333333333333,306.7,MPOTA (Tora),MPOTA (Tora),grid_m4.00_29.75,18.592485416666705,14.843700000000013,24.55340000000001,343.52445638520004,-0.1842729116184305,0.316020922640818,16.07995520833333,101382.58184027778,False,False,0.7469623692808592,False,0.2053411182831385,0.997,False,769.635
Nyakagunda,2006,12,,,29.367999999999995,14.877560000000017,230.99811977656287,MPARAMBO,MPARAMBO,grid_m2.75_29.00,20.16793583333333,14.877560000000017,29.367999999999995,115.72599389466,-0.2727753348338709,-0.0838448109853494,14.075241706989289,101427.82565188172,True,True,1.9960780806672505,True,0.707088910288034,0.5476544846125329,True,769.873
Kaburantwa,2006,12,,0.09,30.04965000000004,16.025840000000017,239.09087760578527,MPARAMBO,MPARAMBO,grid_m3.00_29.25,21.62688646505376,16.025840000000017,30.04965000000004,108.29305641452,0.0241495431683467,0.0674856230762096,16.014314072580646,101364.07934811828,True,True,2.207813552612297,True,0.702980934422169,1.5870954248413178,True,769.873
Rusizi,2006,12,,,28.83793103448276,20.317241379310342,116.0,BUJUMBURA (Aeroport),BUJUMBURA (Aeroport),grid_m3.25_29.25,22.743693225806453,16.600459999999998,30.91097000000002,102.44369492496,-0.4319300832283602,-0.1048422173287634,17.09043912634411,101344.53014112904,False,False,1.5043629271954442,False,0.6106219761454875,2.7199999999999953,True,769.873
Jiji,2006,12,1.3087096774193554,,20.04516129032257,11.883870967741936,397.0,MPOTA (Tora),MPOTA (Tora),grid_m4.00_29.75,18.777647056451656,14.777800000000012,24.586760000000027,365.22340769288,0.1628988607967741,0.3862676513594086,16.531698225806508,101493.98828629032,False,False,0.7469623692808592,False,0.61408193221879,1.3087096774193554,False,769.873
Buzimba,2006,12,0.9112903225806454,16.95,28.8,17.983600000000024,167.4,NYANZA LAC (IRAT),NYANZA LAC (IRAT),grid_m4.00_29.50,20.93514154569897,17.983600000000024,25.332850000000008,528.2540323624601,0.1531778643125,0.4138096012364785,18.1207855510753,101373.47805107528,False,True,0.2550133648657899,False,0.4766454558722089,0.9112903225806454,False,769.873
Mulembwe,2006,12,2.871290322580646,16.95,20.04516129032257,11.883870967741936,397.0,MPOTA (Tora),MPOTA (Tora),grid_m4.00_29.50,20.93514154569897,17.983600000000024,25.332850000000008,528.2540323624601,0.1531778643125,0.4138096012364785,18.1207855510753,101373.47805107528,False,False,0.3376177859350189,False,0.444721042508038,2.871290322580646,False,769.873
Nyamagana,2006,12,,,30.04965000000004,16.025840000000017,236.82070559914928,MPARAMBO,MPARAMBO,grid_m3.00_29.25,21.62688646505376,16.025840000000017,30.04965000000004,108.29305641452,0.0241495431683467,0.0674856230762096,16.014314072580646,101364.07934811828,True,True,2.186850324850525,True,0.691075482157824,1.052813926585095,True,769.873
Mutimbuzi,2006,12,,14.9,28.83793103448276,20.317241379310342,116.0,BUJUMBURA (Aeroport),BUJUMBURA (Aeroport),grid_m3.25_29.25,22.743693225806453,16.600459999999998,30.91097000000002,102.44369492496,-0.4319300832283602,-0.1048422173287634,17.09043912634411,101344.53014112904,False,False,1.5476478434872514,False,0.6775204756358415,1.437655514744586,True,769.873
Nyengwe,2006,12,,13.53,28.8,20.37228000000005,167.4,NYANZA LAC (IRAT),NYANZA LAC (IRAT),grid_m4.25_29.50,22.7314307526882,20.37228000000005,25.198080000000004,336.00997901338,0.4160608757495967,0.3306836568978763,18.93338549731186,101300.7216532258,False,True,0.3658537084356579,False,0.478349784213723,0.8349819355474271,True,769.873
Rusizi,2007,1,,,30.23,20.52,142.69999999999993,BUJUMBURA (Aeroport),BUJUMBURA (Aeroport),grid_m3.25_29.25,23.65030493279573,16.957400000000007,31.22225000000003,83.68778240556,0.1097024338615591,-0.0022980056869623,17.085633051075263,101333.13036290322,False,False,1.5043629271954442,False,0.65759095327081,2.792099999999996,True,770.2925
Nyakagunda,2007,1,,,28.09304000000003,13.70544000000001,201.58261194237804,MPARAMBO,MPARAMBO,grid_m2.75_29.00,20.341309462365643,13.70544000000001,28.09304000000003,100.98934199758,-0.3930474307827957,-0.0103703989254973,14.449804018817249,101434.7642405914,True,True,1.9960780806672505,True,0.734955216393566,0.6142476419566713,True,770.2925
Nyamagana,2007,1,,,30.06405000000001,14.896839999999996,122.42345908631276,MPARAMBO,MPARAMBO,grid_m3.00_29.25,22.17820506720432,14.896839999999996,30.06405000000001,55.98163609788,0.3122551473784946,0.1191081386577957,15.942545483870958,101358.3359811828,True,True,2.186850324850525,True,0.715365451845163,1.1110902393753186,True,770.2925
Jiji,2007,1,1.4303225806451612,,21.06129032258065,12.012903225806443,176.7,MPOTA (Tora),MPOTA (Tora),grid_m4.00_29.75,19.37715614247315,15.114400000000046,25.704980000000035,389.58501882306,-0.0770913959756989,0.3221832601119623,16.994172043010792,101499.31313172042,False,False,0.7469623692808592,False,0.6840477181014595,1.4303225806451612,False,770.2925
Buzimba,2007,1,0.8277419354838709,19.03,29.17741935483871,18.26284000000004,172.49999999999994,NYANZA LAC (IRAT),NYANZA LAC (IRAT),grid_m4.00_29.50,21.16225493279569,18.26284000000004,25.41787000000005,777.9626831981999,0.0403231811571236,0.5809762593548388,18.869143387096813,101385.52547043012,False,True,0.2550133648657899,False,0.6214726233001115,0.8277419354838709,False,770.2925
Kaburantwa,2007,1,,0.11,30.06405000000001,14.896839999999996,123.59701487430928,MPARAMBO,MPARAMBO,grid_m3.00_29.25,22.17820506720432,14.896839999999996,30.06405000000001,55.98163609788,0.3122551473784946,0.1191081386577957,15.942545483870958,101358.3359811828,True,True,2.207813552612297,True,0.7374752829437645,1.5900121930813849,True,770.2925
Mulembwe,2007,1,2.968709677419355,19.03,21.06129032258065,12.012903225806443,176.7,MPOTA (Tora),MPOTA (Tora),grid_m4.00_29.50,21.16225493279569,18.26284000000004,25.41787000000005,777.9626831981999,0.0403231811571236,0.5809762593548388,18.869143387096813,101385.52547043012,False,False,0.3376177859350189,False,0.5969712683943504,2.968709677419355,False,770.2925
Nyengwe,2007,1,,13.61,29.17741935483871,20.133500000000023,172.49999999999994,NYANZA LAC (IRAT),NYANZA LAC (IRAT),grid_m4.25_29.50,22.91021477150537,20.133500000000023,26.00277,520.93839650162,0.2256941694650537,0.4414905829951613,19.529709059139805,101312.57069892473,False,True,0.3658537084356579,False,0.679438142052555,1.0344047188546457,True,770.2925
Mutimbuzi,2007,1,,15.33,30.23,20.52,142.69999999999993,BUJUMBURA (Aeroport),BUJUMBURA (Aeroport),grid_m3.25_29.25,23.65030493279573,16.957400000000007,31.22225000000003,83.68778240556,0.1097024338615591,-0.0022980056869623,17.085633051075263,101333.13036290322,False,False,1.5476478434872514,False,0.684587845280741,1.6461245745632311,True,770.2925
Jiji,2007,2,1.4371428571428573,,21.48928571428572,11.421428571428574,291.90000000000003,MPOTA (Tora),MPOTA (Tora),grid_m4.00_29.75,19.81914541666669,15.223100000000043,26.09860000000004,226.9716261819,0.01398011595,0.2656837191735118,16.41460355654766,101360.69151041664,False,False,0.7469623692808592,False,0.779025675947199,1.4371428571428573,False,770.5715
Buzimba,2007,2,0.857142857142857,17.63,29.267857142857142,18.36763999999999,108.20000000000002,NYANZA LAC (IRAT),NYANZA LAC (IRAT),grid_m4.00_29.50,21.804456398809577,18.36763999999999,26.52474000000001,459.05923837068,0.0832884429573214,0.3033860081834821,18.46701446428574,101242.7655282738,False,True,0.2550133648657899,False,0.529129421305121,0.857142857142857,False,770.5715
Nyamagana,2007,2,,,30.57345000000004,15.42837000000003,116.3576569567012,MPARAMBO,MPARAMBO,grid_m3.00_29.25,22.44843556547619,15.42837000000003,30.57345000000004,53.20787418986,0.2842873851065982,0.0930210751230654,15.238313377976226,101229.18517857142,True,True,2.186850324850525,True,0.691874841496901,1.1470817374978657,True,770.5715
Mutimbuzi,2007,2,,18.45,30.825,20.222222222222225,81.7,BUJUMBURA (Aeroport),BUJUMBURA (Aeroport),grid_m3.25_29.25,23.291409032738105,15.574850000000026,31.570460000000026,77.02445991518,0.0845105973044643,-0.1747575940004464,16.358398511904795,101206.13476934524,False,False,1.5476478434872514,False,0.6873850620978155,1.863362800505465,True,770.5715
Nyengwe,2007,2,,13.18,29.267857142857142,21.256370000000004,108.20000000000002,NYANZA LAC (IRAT),NYANZA LAC (IRAT),grid_m4.25_29.50,23.709657038690523,21.256370000000004,26.53842000000003,284.20305272132003,0.4727058193349702,0.1552929194002678,19.32109122023809,101164.53824404762,False,True,0.3658537084356579,False,0.6707598239180126,1.0877258254244158,True,770.5715
Nyakagunda,2007,2,,,29.33620000000002,14.213700000000015,105.99196362647967,MPARAMBO,MPARAMBO,grid_m2.75_29.00,21.04079302083335,14.213700000000015,29.33620000000002,53.10010898524,-0.3454878908258929,-0.0051641459822023,13.30487099702384,101303.27093749998,True,True,1.9960780806672505,True,0.7215933553242705,0.5618235057471268,True,770.5715
Mulembwe,2007,2,2.8571428571428568,17.63,21.48928571428572,11.421428571428574,291.90000000000003,MPOTA (Tora),MPOTA (Tora),grid_m4.00_29.50,21.804456398809577,18.36763999999999,26.52474000000001,459.05923837068,0.0832884429573214,0.3033860081834821,18.46701446428574,101242.7655282738,False,False,0.3376177859350189,False,0.5869340387668185,2.8571428571428568,False,770.5715
Kaburantwa,2007,2,,0.2,30.57345000000004,15.42837000000003,117.47306574206296,MPARAMBO,MPARAMBO,grid_m3.00_29.25,22.44843556547619,15.42837000000003,30.57345000000004,53.20787418986,0.2842873851065982,0.0930210751230654,15.238313377976226,101229.18517857142,True,True,2.207813552612297,True,0.7254615333501385,1.5481971113139807,True,770.5715
Rusizi,2007,2,,,30.825,20.222222222222225,81.7,BUJUMBURA (Aeroport),BUJUMBURA (Aeroport),grid_m3.25_29.25,23.291409032738105,15.574850000000026,31.570460000000026,77.02445991518,0.0845105973044643,-0.1747575940004464,16.358398511904795,101206.13476934524,False,False,1.5043629271954442,False,0.616106395611726,2.4578499999999996,True,770.5715
Nyengwe,2007,3,,12.86,30.33870967741936,20.63406000000004,120.1,NYANZA LAC (IRAT),NYANZA LAC (IRAT),grid_m4.25_29.50,23.532426693548416,20.63406000000004,26.639250000000004,367.45452848554,0.1671484048485215,0.586495368391801,19.72255805107528,101137.9126545699,False,True,0.3658537084356579,False,0.557127734734904,1.0503461384654464,True,770.5933333333332
Rusizi,2007,3,,,31.30645161290322,19.61290322580645,86.5,BUJUMBURA (Aeroport),BUJUMBURA (Aeroport),grid_m3.25_29.25,24.341374677419367,17.231040000000007,32.06857000000002,3.71408463804,0.9956894952244624,0.4858057377216397,14.957972634408634,101134.54809139784,False,False,1.5043629271954442,False,0.642495699490593,3.8873499999999934,True,770.5933333333332
Nyakagunda,2007,3,,,29.842030000000022,14.488850000000014,65.07770848451236,MPARAMBO,MPARAMBO,grid_m2.75_29.00,21.474268575268862,14.488850000000014,29.842030000000022,32.60278699256,-1.1451547061428762,0.5491825430986559,11.944056196236602,101231.07073924733,True,True,1.9960780806672505,True,0.650108735710629,0.5271319737539062,True,770.5933333333332
Nyamagana,2007,3,,,31.388540000000035,16.77496000000002,37.14560622320477,MPARAMBO,MPARAMBO,grid_m3.00_29.25,23.517604677419342,16.77496000000002,31.388540000000035,16.98589327358,0.3076500223066532,0.614559727434543,14.0802316935484,101158.3459610215,True,True,2.186850324850525,True,0.6192870487513825,0.857126471866541,True,770.5933333333332
Mulembwe,2007,3,2.2493548387096776,18.89,21.670967741935485,11.132258064516128,182.29999999999995,MPOTA (Tora),MPOTA (Tora),grid_m4.00_29.50,21.722407069892483,18.079980000000035,26.55880000000002,497.69973791622,-0.1988026405413978,0.7172812384583332,18.59382741935485,101211.499375,False,False,0.3376177859350189,False,0.532114312365763,2.2493548387096776,False,770.5933333333332
Buzimba,2007,3,0.4641935483870968,18.89,30.33870967741936,18.079980000000035,120.1,NYANZA LAC (IRAT),NYANZA LAC (IRAT),grid_m4.00_29.50,21.722407069892483,18.079980000000035,26.55880000000002,497.69973791622,-0.1988026405413978,0.7172812384583332,18.59382741935485,101211.499375,False,True,0.2550133648657899,False,0.4625012377862015,0.4641935483870968,False,770.5933333333332
Kaburantwa,2007,3,,0.23,31.388540000000035,16.77496000000002,37.50168537263599,MPARAMBO,MPARAMBO,grid_m3.00_29.25,23.517604677419342,16.77496000000002,31.388540000000035,16.98589327358,0.3076500223066532,0.614559727434543,14.0802316935484,101158.3459610215,True,True,2.207813552612297,True,0.6828309366652514,1.5164532874171843,True,770.5933333333332
Jiji,2007,3,1.077741935483871,,21.670967741935485,11.132258064516128,182.29999999999995,MPOTA (Tora),MPOTA (Tora),grid_m4.00_29.75,19.849000591397896,14.803300000000036,26.286980000000028,194.89765123918,-0.6973325450504032,0.2813064614901882,16.296437943548426,101336.80427419354,False,False,0.7469623692808592,False,0.704963793254068,1.077741935483871,False,770.5933333333332
Mutimbuzi,2007,3,,17.41,31.30645161290322,19.61290322580645,86.5,BUJUMBURA (Aeroport),BUJUMBURA (Aeroport),grid_m3.25_29.25,24.341374677419367,17.231040000000007,32.06857000000002,3.71408463804,0.9956894952244624,0.4858057377216397,14.957972634408634,101134.54809139784,False,False,1.5476478434872514,False,0.6884017697277555,1.8711247092628636,True,770.5933333333332
Kaburantwa,2007,4,,0.18,32.21737000000002,16.204769999999996,46.1849120245607,MPARAMBO,MPARAMBO,grid_m3.00_29.25,22.945590888888887,16.204769999999996,32.21737000000002,20.91884614528,0.1874321200661805,0.6102887883430556,14.381081402777795,101214.11975694443,True,True,2.207813552612297,True,0.717145145190964,1.4033615419769343,True,770.8063333333333
Nyamagana,2007,4,,,32.21737000000002,16.204769999999996,45.74638548830372,MPARAMBO,MPARAMBO,grid_m3.00_29.25,22.945590888888887,16.204769999999996,32.21737000000002,20.91884614528,0.1874321200661805,0.6102887883430556,14.381081402777795,101214.11975694443,True,True,2.186850324850525,True,0.615440620857713,0.6909513527321888,True,770.8063333333333
Buzimba,2007,4,0.4516666666666666,14.12,29.53333333333333,18.02206000000001,423.6,NYANZA LAC (IRAT),NYANZA LAC (IRAT),grid_m4.00_29.50,21.525362736111163,18.02206000000001,25.95645000000001,502.53200417628,-0.1429091345731944,0.5909013107886112,18.58115462500001,101251.5590625,False,True,0.2550133648657899,False,0.4223607623434035,0.4516666666666666,False,770.8063333333333
Nyakagunda,2007,4,,,29.63730000000004,14.39626000000004,93.64230451926912,MPARAMBO,MPARAMBO,grid_m2.75_29.00,20.96201876388892,14.39626000000004,29.63730000000004,46.91314704882,-1.3238431067152778,0.7700706908658332,12.521060722222272,101285.1988125,True,True,1.9960780806672505,True,0.6572460084551359,0.5313410746067053,True,770.8063333333333
Nyengwe,2007,4,,11.67,29.53333333333333,20.93780000000004,423.6,NYANZA LAC (IRAT),NYANZA LAC (IRAT),grid_m4.25_29.50,23.277996208333377,20.93780000000004,26.02870000000001,495.77903733438,0.3377698469829167,0.4108286115864722,19.75550079166669,101178.64949305556,False,True,0.3658537084356579,False,0.6575018284301025,1.2570950713557725,True,770.8063333333333
Mulembwe,2007,4,1.8656666666666664,14.12,21.026666666666667,11.326666666666664,210.7,MPOTA (Tora),MPOTA (Tora),grid_m4.00_29.50,21.525362736111163,18.02206000000001,25.95645000000001,502.53200417628,-0.1429091345731944,0.5909013107886112,18.58115462500001,101251.5590625,False,False,0.3376177859350189,False,0.438996920057709,1.8656666666666664,False,770.8063333333333
Jiji,2007,4,1.1266666666666665,,21.026666666666667,11.326666666666664,210.7,MPOTA (Tora),MPOTA (Tora),grid_m4.00_29.75,19.576016194444435,14.971280000000036,25.90762000000001,187.97254555702,-0.9015666316969444,0.2413692470676389,16.16786238888892,101380.95038194444,False,False,0.7469623692808592,False,0.649677460491486,1.1266666666666665,False,770.8063333333333
Mutimbuzi,2007,4,,19.14,30.863333333333337,20.293333333333337,149.90000000000003,BUJUMBURA (Aeroport),BUJUMBURA (Aeroport),grid_m3.25_29.25,24.33852718055556,17.434529999999995,32.27987000000002,12.87317262672,0.9950235366777304,0.5666378028088889,14.606830055555577,101183.24790277776,False,False,1.5476478434872514,False,0.678708422127879,1.6908524180659903,True,770.8063333333333
Rusizi,2007,4,,,30.863333333333337,20.293333333333337,149.90000000000003,BUJUMBURA (Aeroport),BUJUMBURA (Aeroport),grid_m3.25_29.25,24.33852718055556,17.434529999999995,32.27987000000002,12.87317262672,0.9950235366777304,0.5666378028088889,14.606830055555577,101183.24790277776,False,False,1.5043629271954442,False,0.5712606317838735,2.938699999999999,True,770.8063333333333
Mulembwe,2007,5,1.37,6.41,20.161290322580648,11.251612903225809,30.500000000000004,MPOTA (Tora),MPOTA (Tora),grid_m4.00_29.50,21.159996061828,17.958730000000003,25.090779999999995,431.51617097586,-0.0243819247732526,0.5344575450479248,18.466012983871,101370.13528897848,False,False,0.3376177859350189,False,0.5248048055683185,1.37,False,770.8935
Buzimba,2007,5,0.5861290322580646,6.41,30.735483870967744,17.958730000000003,30.2,NYANZA LAC (IRAT),NYANZA LAC (IRAT),grid_m4.00_29.50,21.159996061828,17.958730000000003,25.090779999999995,431.51617097586,-0.0243819247732526,0.5344575450479248,18.466012983871,101370.13528897848,False,True,0.2550133648657899,False,0.4883355249127925,0.5861290322580646,False,770.8935
Nyakagunda,2007,5,,,29.19717000000003,14.810000000000002,32.173837370798815,MPARAMBO,MPARAMBO,grid_m2.75_29.00,20.68385620967745,14.810000000000002,29.19717000000003,16.11852646568,-1.6310582529338709,1.0769157005649193,12.781435040322606,101394.50708333332,True,True,1.9960780806672505,True,0.638446471971032,0.4688914630012181,True,770.8935
Nyamagana,2007,5,,,31.525300000000016,16.69702000000001,12.999189370001153,MPARAMBO,MPARAMBO,grid_m3.00_29.25,22.99929635752693,16.69702000000001,31.525300000000016,5.94425197842,0.2862647058110215,0.9455417921362904,14.34639721774198,101328.35323252688,True,True,2.186850324850525,True,0.587755037163764,0.820698327269788,True,770.8935
Nyengwe,2007,5,,5.5,30.735483870967744,20.67544000000004,30.2,NYANZA LAC (IRAT),NYANZA LAC (IRAT),grid_m4.25_29.50,23.04160350806455,20.67544000000004,25.496200000000044,357.21588063252,0.7185340601500001,0.2458715128212365,19.520624422043,101299.3589314516,False,True,0.3658537084356579,False,0.6840797020873155,1.15391177007562,True,770.8935
Rusizi,2007,5,,,31.074193548387104,20.19677419354839,22.2,BUJUMBURA (Aeroport),BUJUMBURA (Aeroport),grid_m3.25_29.25,24.16145022849463,17.19924000000003,32.08596,5.61666486862,1.3708200545349465,0.9025927313979704,14.557852231182835,101301.76079301076,False,False,1.5043629271954442,False,0.5799817630201396,3.4391500000000006,True,770.8935
Jiji,2007,5,0.9538709677419356,,20.161290322580648,11.251612903225809,30.500000000000004,MPOTA (Tora),MPOTA (Tora),grid_m4.00_29.75,19.52583955645161,15.1447,25.066430000000025,139.25647717927998,-1.372449013470371,0.399787738539785,15.41674123655912,101486.1739516129,False,False,0.7469623692808592,False,0.71290503302204,0.9538709677419356,False,770.8935
Kaburantwa,2007,5,,0.09,31.525300000000016,16.69702000000001,13.123800078098135,MPARAMBO,MPARAMBO,grid_m3.00_29.25,22.99929635752693,16.69702000000001,31.525300000000016,5.94425197842,0.2862647058110215,0.9455417921362904,14.34639721774198,101328.35323252688,True,True,2.207813552612297,True,0.669371172871446,1.5061689996746073,True,770.8935
Mutimbuzi,2007,5,,4.23,31.074193548387104,20.19677419354839,22.2,BUJUMBURA (Aeroport),BUJUMBURA (Aeroport),grid_m3.25_29.25,24.16145022849463,17.19924000000003,32.08596,5.61666486862,1.3708200545349465,0.9025927313979704,14.557852231182835,101301.76079301076,False,False,1.5476478434872514,False,0.6509835255841745,1.9250329363583525,True,770.8935
Kaburantwa,2007,6,,0.08,29.01025000000004,14.082850000000008,70.23749248060261,MPARAMBO,MPARAMBO,grid_m3.00_29.25,21.50391198611112,14.082850000000008,29.01025000000004,31.81314490868,0.1507309178205555,0.7286127301309722,13.66679483333337,101433.77795833332,True,True,2.207813552612297,True,0.689278274314953,1.7046376523507654,True,770.8043333333334
Nyakagunda,2007,6,,,27.520530000000008,13.367999999999997,23.06507123872533,MPARAMBO,MPARAMBO,grid_m2.75_29.00,19.781706055555617,13.367999999999997,27.520530000000008,11.55519489048,-1.2046320391172225,0.73458468083375,11.28594641666666,101494.13626388888,True,True,1.9960780806672505,True,0.6012476170164356,0.4422427764976956,True,770.8043333333334
Nyamagana,2007,6,,,29.01025000000004,14.082850000000008,69.57058627806367,MPARAMBO,MPARAMBO,grid_m3.00_29.25,21.50391198611112,14.082850000000008,29.01025000000004,31.81314490868,0.1507309178205555,0.7286127301309722,13.66679483333337,101433.77795833332,True,True,2.186850324850525,True,0.563962496082349,0.8179274039938562,True,770.8043333333334
Buzimba,2007,6,0.288,5.97,29.83333333333333,16.323080000000004,22.8,NYANZA LAC (IRAT),NYANZA LAC (IRAT),grid_m4.00_29.50,20.5967366388889,16.323080000000004,23.951440000000048,236.174106771,0.0927787153192777,0.5776171794788889,17.098763777777776,101459.93501388888,False,True,0.2550133648657899,False,0.5557661709120385,0.288,False,770.8043333333334
Mutimbuzi,2007,6,,5.83,29.986666666666668,18.986666666666665,10.7,BUJUMBURA (Aeroport),BUJUMBURA (Aeroport),grid_m3.25_29.25,22.856431750000013,15.891260000000043,30.02355,47.06764229194,0.6322603214384722,1.018007532296111,14.70811438888893,101407.17028472223,False,False,1.5476478434872514,False,0.591349000918957,1.4610151833696057,True,770.8043333333334
Mulembwe,2007,6,1.2336666666666665,5.97,19.633333333333336,9.058620689655172,46.3,MPOTA (Tora),MPOTA (Tora),grid_m4.00_29.50,20.5967366388889,16.323080000000004,23.951440000000048,236.174106771,0.0927787153192777,0.5776171794788889,17.098763777777776,101459.93501388888,False,False,0.3376177859350189,False,0.395770286232988,1.2336666666666665,False,770.8043333333334
Rusizi,2007,6,,,29.986666666666668,18.986666666666665,10.7,BUJUMBURA (Aeroport),BUJUMBURA (Aeroport),grid_m3.25_29.25,22.856431750000013,15.891260000000043,30.02355,47.06764229194,0.6322603214384722,1.018007532296111,14.70811438888893,101407.17028472223,False,False,1.5043629271954442,False,0.5835229063142471,2.5618500000000006,True,770.8043333333334
Jiji,2007,6,0.8146666666666665,,19.633333333333336,9.058620689655172,46.3,MPOTA (Tora),MPOTA (Tora),grid_m4.00_29.75,18.37764752777781,12.139250000000004,23.70056,102.49328576598,-0.4516521671055555,0.7004836612545833,13.924792319444464,101567.52495833334,False,False,0.7469623692808592,False,0.767881309131729,0.8146666666666665,False,770.8043333333334
Nyengwe,2007,6,,5.26,29.83333333333333,20.48458000000005,22.8,NYANZA LAC (IRAT),NYANZA LAC (IRAT),grid_m4.25_29.50,22.696557486111143,20.48458000000005,24.645500000000027,132.45248805231998,0.67560070959,0.32497774730625,17.608532097222223,101386.65800694445,False,True,0.3658537084356579,False,0.6729729384739165,1.0357030439828536,True,770.8043333333334
Nyamagana,2007,7,,,29.641020000000022,14.744230000000016,21.860661618479472,MPARAMBO,MPARAMBO,grid_m3.00_29.25,21.84864138440861,14.744230000000016,29.641020000000022,9.99641418988,0.4754425993116935,0.7984673077710484,11.928395053763497,101412.93358870968,True,True,2.186850324850525,True,0.4711452487168785,0.743967809139785,True,770.5093333333334
Nyakagunda,2007,7,,,27.707420000000013,13.652250000000038,13.787835692556795,MPARAMBO,MPARAMBO,grid_m2.75_29.00,19.806533373655952,13.652250000000038,27.707420000000013,6.90746310282,-1.2261322401290322,0.939276069270524,10.174709556451605,101480.54178091398,True,True,1.9960780806672505,True,0.487852732753227,0.3980959677419349,True,770.5093333333334
Rusizi,2007,7,,,29.63870967741936,18.44193548387097,52.3,BUJUMBURA (Aeroport),BUJUMBURA (Aeroport),grid_m3.25_29.25,23.198643763440884,14.92532,30.197630000000004,3.05461882372,0.9957574636672044,1.2651329234336022,13.155614072580704,101388.17417338707,False,False,1.5043629271954442,False,0.501467999182038,2.136800000000002,True,770.5093333333334
Nyengwe,2007,7,,1.0,30.44516129032258,20.480920000000022,0.0,NYANZA LAC (IRAT),NYANZA LAC (IRAT),grid_m4.25_29.50,22.91137954301081,20.480920000000022,25.537230000000022,22.2697258691,0.8672371110044623,0.4379569235450268,16.659845887096765,101373.44264784946,False,True,0.3658537084356579,False,0.590176748795286,1.009439893019703,True,770.5093333333334
Mulembwe,2007,7,0.758064516129032,1.15,20.335483870967742,8.419354838709678,37.3,MPOTA (Tora),MPOTA (Tora),grid_m4.00_29.50,20.68021012096773,15.849450000000047,25.05020000000001,48.82788642458,0.2213893404251344,0.6875592114965053,16.357851532258053,101447.1197311828,False,False,0.3376177859350189,False,0.470968122915857,0.758064516129032,False,770.5093333333334
Buzimba,2007,7,0.2351612903225807,1.15,30.44516129032258,15.849450000000047,0.0,NYANZA LAC (IRAT),NYANZA LAC (IRAT),grid_m4.00_29.50,20.68021012096773,15.849450000000047,25.05020000000001,48.82788642458,0.2213893404251344,0.6875592114965053,16.357851532258053,101447.1197311828,False,True,0.2550133648657899,False,0.5728306235434679,0.2351612903225807,False,770.5093333333334
Mutimbuzi,2007,7,,1.39,29.63870967741936,18.44193548387097,52.3,BUJUMBURA (Aeroport),BUJUMBURA (Aeroport),grid_m3.25_29.25,23.198643763440884,14.92532,30.197630000000004,3.05461882372,0.9957574636672044,1.2651329234336022,13.155614072580704,101388.17417338707,False,False,1.5476478434872514,False,0.517969362574036,1.0195279686101877,True,770.5093333333334
Kaburantwa,2007,7,,0.06,29.641020000000022,14.744230000000016,22.070218725942944,MPARAMBO,MPARAMBO,grid_m3.00_29.25,21.84864138440861,14.744230000000016,29.641020000000022,9.99641418988,0.4754425993116935,0.7984673077710484,11.928395053763497,101412.93358870968,True,True,2.207813552612297,True,0.6096324509322646,1.665422685565007,True,770.5093333333334
Jiji,2007,7,0.660967741935484,,20.335483870967742,8.419354838709678,37.3,MPOTA (Tora),MPOTA (Tora),grid_m4.00_29.75,18.94332310483873,12.177580000000034,25.211940000000027,14.53113550124,-0.5264238949688173,0.9828840477146504,12.405907822580671,101543.35814516128,False,False,0.7469623692808592,False,0.667890477334474,0.660967741935484,False,770.5093333333334
Nyamagana,2007,8,,,31.498130000000003,13.61718000000002,38.08097213423115,MPARAMBO,MPARAMBO,grid_m3.00_29.25,22.242985631720444,13.61718000000002,31.498130000000003,17.413616149899998,0.5475214480907258,0.8420507571202958,11.087548346774213,101313.08147849464,True,True,2.186850324850525,True,0.377123563767844,0.6562981508206,True,770.5264999999999
Mutimbuzi,2007,8,,0.68,30.42903225806452,17.7741935483871,6.9,BUJUMBURA (Aeroport),BUJUMBURA (Aeroport),grid_m3.25_29.25,23.63525404569896,14.422799999999995,32.858360000000005,10.395050003280002,1.1350392992489249,1.155277930127688,11.602196424731233,101287.5160954301,False,False,1.5476478434872514,False,0.4591756299159765,0.9997779178595518,True,770.5264999999999
Mulembwe,2007,8,0.5483870967741936,0.96,20.641935483870967,8.290322580645162,37.0,MPOTA (Tora),MPOTA (Tora),grid_m4.00_29.50,21.121193655914,16.831350000000043,25.95425,124.21846406256,0.2105627577626344,0.4045520702344086,16.272782580645185,101337.08969758064,False,False,0.3376177859350189,False,0.401968778537912,0.5483870967741936,False,770.5264999999999
Nyakagunda,2007,8,,,29.59384,11.829679999999996,19.14554140550738,MPARAMBO,MPARAMBO,grid_m2.75_29.00,20.37961232526885,11.829679999999996,29.59384,9.5915794031,-1.2821537137600807,1.0307517725215054,9.037388965053765,101382.29384408605,True,True,1.9960780806672505,True,0.4082667557678815,0.4022499172870135,True,770.5264999999999
Nyengwe,2007,8,,0.43,31.25483870967742,20.344400000000007,0.0,NYANZA LAC (IRAT),NYANZA LAC (IRAT),grid_m4.25_29.50,23.39447856182801,20.344400000000007,26.30224000000004,63.78173830308,0.8845680802018818,0.0977972492384408,16.597282056451604,101261.94351478494,False,True,0.3658537084356579,False,0.5296854960089175,1.0249782118530817,True,770.5264999999999
Buzimba,2007,8,0.2038709677419356,0.96,31.25483870967742,16.831350000000043,0.0,NYANZA LAC (IRAT),NYANZA LAC (IRAT),grid_m4.00_29.50,21.121193655914,16.831350000000043,25.95425,124.21846406256,0.2105627577626344,0.4045520702344086,16.272782580645185,101337.08969758064,False,True,0.2550133648657899,False,0.4776905849637289,0.2038709677419356,False,770.5264999999999
Kaburantwa,2007,8,,0.04,31.498130000000003,13.61718000000002,38.44601773573759,MPARAMBO,MPARAMBO,grid_m3.00_29.25,22.242985631720444,13.61718000000002,31.498130000000003,17.413616149899998,0.5475214480907258,0.8420507571202958,11.087548346774213,101313.08147849464,True,True,2.207813552612297,True,0.5143810219091081,1.4170967921924644,True,770.5264999999999
Jiji,2007,8,0.5309677419354839,,20.641935483870967,8.290322580645162,37.0,MPOTA (Tora),MPOTA (Tora),grid_m4.00_29.75,19.78023966397853,14.216120000000046,26.737270000000024,36.69071226096,-0.8018976043819893,0.8763512043490591,11.76377827956992,101433.88776209678,False,False,0.7469623692808592,False,0.6231631878499846,0.5309677419354839,False,770.5264999999999
Rusizi,2007,8,,,30.42903225806452,17.7741935483871,6.9,BUJUMBURA (Aeroport),BUJUMBURA (Aeroport),grid_m3.25_29.25,23.63525404569896,14.422799999999995,32.858360000000005,10.395050003280002,1.1350392992489249,1.155277930127688,11.602196424731233,101287.5160954301,False,False,1.5043629271954442,False,0.504598260121114,2.220549999999998,True,770.5264999999999
Jiji,2007,9,0.4833333333333335,,21.936666666666667,9.7,48.89999999999999,MPOTA (Tora),MPOTA (Tora),grid_m4.00_29.75,20.895771763888888,15.060450000000005,29.218200000000024,50.04262929446,-0.6402369170769444,0.6756088668018055,12.64383681944446,101357.81635416669,False,False,0.7469623692808592,False,0.5926822174562535,0.4833333333333335,False,770.4155000000001
Nyakagunda,2007,9,,,31.07388000000003,12.835170000000003,55.676738290337376,MPARAMBO,MPARAMBO,grid_m2.75_29.00,21.46964066666669,12.835170000000003,31.07388000000003,27.8930663232,-0.941846889468264,0.71071900186875,9.147772805555576,101337.89584722224,True,True,1.9960780806672505,True,0.4598638343854855,0.4101910368663594,True,770.4155000000001
Mulembwe,2007,9,0.7303333333333334,0.71,21.936666666666667,9.7,48.89999999999999,MPOTA (Tora),MPOTA (Tora),grid_m4.00_29.50,21.968096972222213,17.402250000000038,26.8766,157.86886242356,0.1989896987797777,0.1961248182791666,17.23202051388887,101264.41147916668,False,False,0.3376177859350189,False,0.4155877900848015,0.7303333333333334,False,770.4155000000001
Buzimba,2007,9,0.241,0.71,31.51,17.402250000000038,4.5,NYANZA LAC (IRAT),NYANZA LAC (IRAT),grid_m4.00_29.50,21.968096972222213,17.402250000000038,26.8766,157.86886242356,0.1989896987797777,0.1961248182791666,17.23202051388887,101264.41147916668,False,True,0.2550133648657899,False,0.4975378281428395,0.241,False,770.4155000000001
Mutimbuzi,2007,9,,1.04,31.693333333333328,19.51666666666667,29.9,BUJUMBURA (Aeroport),BUJUMBURA (Aeroport),grid_m3.25_29.25,24.76497752777783,15.97976,34.82922000000002,2.86626819956,1.1227730624883334,0.8423392839875,10.857305569444463,101219.22068055556,False,False,1.5476478434872514,False,0.4397279233006275,1.2712825893051285,True,770.4155000000001
Kaburantwa,2007,9,,0.03,34.03830000000005,15.193600000000004,13.19222997951262,MPARAMBO,MPARAMBO,grid_m3.00_29.25,23.70800075,15.193600000000004,34.03830000000005,5.97524639882,0.5769749949586112,0.5832504695111111,9.994683347222235,101246.10352083332,True,True,2.207813552612297,True,0.4965123799288859,1.1775244771960045,True,770.4155000000001
Nyamagana,2007,9,,,34.03830000000005,15.193600000000004,13.066969528321447,MPARAMBO,MPARAMBO,grid_m3.00_29.25,23.70800075,15.193600000000004,34.03830000000005,5.97524639882,0.5769749949586112,0.5832504695111111,9.994683347222235,101246.10352083332,True,True,2.186850324850525,True,0.3784426998001635,0.5363596774193549,True,770.4155000000001
Nyengwe,2007,9,,0.23,31.51,21.361000000000047,4.5,NYANZA LAC (IRAT),NYANZA LAC (IRAT),grid_m4.25_29.50,24.27994922222223,21.361000000000047,26.90896000000004,64.70441810834001,0.9464913240795833,-0.2571358161861111,17.862684888888907,101180.0567986111,False,True,0.3658537084356579,False,0.5285577949284734,1.1321306150690642,True,770.4155000000001
Rusizi,2007,9,,,31.693333333333328,19.51666666666667,29.9,BUJUMBURA (Aeroport),BUJUMBURA (Aeroport),grid_m3.25_29.25,24.76497752777783,15.97976,34.82922000000002,2.86626819956,1.1227730624883334,0.8423392839875,10.857305569444463,101219.22068055556,False,False,1.5043629271954442,False,0.4988412480541044,3.0592499999999996,True,770.4155000000001
Buzimba,2007,10,0.6425806451612901,7.71,30.193548387096776,18.35660000000001,69.10000000000001,NYANZA LAC (IRAT),NYANZA LAC (IRAT),grid_m4.00_29.50,21.577943091397856,18.35660000000001,25.43524000000002,402.46725144946,0.0843034969967742,0.5490720649430779,17.65702913978498,101178.7383938172,False,True,0.2550133648657899,False,0.42059541592458,0.6425806451612901,False,770.1996666666668
Mutimbuzi,2007,10,,11.74,30.748387096774195,19.667741935483868,112.8,BUJUMBURA (Aeroport),BUJUMBURA (Aeroport),grid_m3.25_29.25,24.57515516129036,16.99734000000001,33.43670000000003,1.70183182208,1.357467980952285,0.625603588934543,11.384179811828004,101120.721297043,False,False,1.5476478434872514,False,0.551054470202872,1.29094976930865,True,770.1996666666668
Nyengwe,2007,10,,1.56,30.193548387096776,21.23553000000004,69.10000000000001,NYANZA LAC (IRAT),NYANZA LAC (IRAT),grid_m4.25_29.50,23.819088534946275,21.23553000000004,25.91766000000001,214.56241577732,0.7189706781423387,0.2235551688400537,18.32669442204304,101098.39213709676,False,True,0.3658537084356579,False,0.476570299252763,0.9830967662054606,True,770.1996666666668
Kaburantwa,2007,10,,0.05,32.505060000000014,16.473900000000015,22.31867172561272,MPARAMBO,MPARAMBO,grid_m3.00_29.25,23.35168779569892,16.473900000000015,32.505060000000014,10.10894769588,0.6311338694091397,0.4556594004892473,11.461181223118274,101150.12399193548,True,True,2.207813552612297,True,0.573907498805922,1.385167950995032,True,770.1996666666668
Mulembwe,2007,10,0.6393548387096776,7.71,21.903225806451616,10.209677419354836,134.29999999999998,MPOTA (Tora),MPOTA (Tora),grid_m4.00_29.50,21.577943091397856,18.35660000000001,25.43524000000002,402.46725144946,0.0843034969967742,0.5490720649430779,17.65702913978498,101178.7383938172,False,False,0.3376177859350189,False,0.587188656920958,0.6393548387096776,False,770.1996666666668
Nyamagana,2007,10,,,32.505060000000014,16.473900000000015,22.10675555263214,MPARAMBO,MPARAMBO,grid_m3.00_29.25,23.35168779569892,16.473900000000015,32.505060000000014,10.10894769588,0.6311338694091397,0.4556594004892473,11.461181223118274,101150.12399193548,True,True,2.186850324850525,True,0.455053851804994,0.6644918251273338,True,770.1996666666668
Rusizi,2007,10,,,30.748387096774195,19.667741935483868,112.8,BUJUMBURA (Aeroport),BUJUMBURA (Aeroport),grid_m3.25_29.25,24.57515516129036,16.99734000000001,33.43670000000003,1.70183182208,1.357467980952285,0.625603588934543,11.384179811828004,101120.721297043,False,False,1.5043629271954442,False,0.548088147325785,2.25585,True,770.1996666666668
Nyakagunda,2007,10,,,29.56265000000002,14.36360000000002,63.83560385899198,MPARAMBO,MPARAMBO,grid_m2.75_29.00,20.98348926075272,14.36360000000002,29.56265000000002,31.9805144284,-0.994405602900672,0.5913635203028226,10.978925094086035,101244.08683467742,True,True,1.9960780806672505,True,0.50949883410112,0.4392844156918349,True,770.1996666666668
Jiji,2007,10,0.5603225806451613,,21.903225806451616,10.209677419354836,134.29999999999998,MPOTA (Tora),MPOTA (Tora),grid_m4.00_29.75,20.262188037634417,15.476220000000012,26.83710000000002,140.9535409631,-0.6472507597285484,0.4148445999655913,14.315679045698914,101273.2225,False,False,0.7469623692808592,False,0.509214336632625,0.5603225806451613,False,770.1996666666668
Mulembwe,2007,11,0.889,16.24,20.82333333333333,11.42333333333333,161.59999999999997,MPOTA (Tora),MPOTA (Tora),grid_m4.00_29.50,20.89468093055558,17.500820000000033,25.11276000000004,781.6739083328799,-0.0911044774066666,0.55606013427625,17.811745194444484,101171.081,False,False,0.3376177859350189,False,0.2222853951490855,0.889,False,770.091
Jiji,2007,11,0.5703333333333334,,20.82333333333333,11.42333333333333,161.59999999999997,MPOTA (Tora),MPOTA (Tora),grid_m4.00_29.75,19.103868833333365,15.24212,24.836360000000013,316.49041215462,-0.3915168033958472,0.1355550337028333,15.61716038888892,101283.29820833332,False,False,0.7469623692808592,False,0.295570725534553,0.5703333333333334,False,770.091
Rusizi,2007,11,,,29.06666666666668,19.703333333333333,63.400000000000006,BUJUMBURA (Aeroport),BUJUMBURA (Aeroport),grid_m3.25_29.25,23.55410756944445,15.96673000000004,31.20284000000004,20.59364323098,1.0947028173050557,0.1884033413178055,13.076942000000033,101116.15380555554,False,False,1.5043629271954442,False,0.5201384468671084,2.155300000000003,True,770.091
Mutimbuzi,2007,11,,16.27,29.06666666666668,19.703333333333333,63.400000000000006,BUJUMBURA (Aeroport),BUJUMBURA (Aeroport),grid_m3.25_29.25,23.55410756944445,15.96673000000004,31.20284000000004,20.59364323098,1.0947028173050557,0.1884033413178055,13.076942000000033,101116.15380555554,False,False,1.5476478434872514,False,0.5928616923583161,1.2668638888074657,True,770.091
Nyakagunda,2007,11,,,28.25604000000004,13.917930000000013,86.68413968550026,MPARAMBO,MPARAMBO,grid_m2.75_29.00,20.318862041666705,13.917930000000013,28.25604000000004,43.42722888702,-0.8586080041697222,0.55673559030425,11.78955594444443,101219.26466666668,True,True,1.9960780806672505,True,0.5042957356622665,0.4516994431643624,True,770.091
Kaburantwa,2007,11,,0.07,30.015800000000013,15.541700000000048,61.52478767045879,MPARAMBO,MPARAMBO,grid_m3.00_29.25,22.225605583333333,15.541700000000048,30.015800000000013,27.866840294400003,0.4810485723769444,0.2900540035277777,13.25925227777782,101145.00584027778,True,True,2.207813552612297,True,0.56787038035426,1.6322820154174904,True,770.091
Nyamagana,2007,11,,,30.015800000000013,15.541700000000048,60.94060875036634,MPARAMBO,MPARAMBO,grid_m3.00_29.25,22.225605583333333,15.541700000000048,30.015800000000013,27.866840294400003,0.4810485723769444,0.2900540035277777,13.25925227777782,101145.00584027778,True,True,2.186850324850525,True,0.43713796100341,0.6097054032258059,True,770.091
Nyengwe,2007,11,,8.42,27.860000000000003,20.390950000000032,179.39999999999998,NYANZA LAC (IRAT),NYANZA LAC (IRAT),grid_m4.25_29.50,22.856937041666697,20.390950000000032,25.412680000000023,497.49541289704,0.3165710326648611,0.3400865560486111,18.77299754166665,101098.81922916666,False,True,0.3658537084356579,False,0.3546296668704155,0.640923845609918,True,770.091
Buzimba,2007,11,0.8206666666666664,16.24,27.860000000000003,17.500820000000033,179.39999999999998,NYANZA LAC (IRAT),NYANZA LAC (IRAT),grid_m4.00_29.50,20.89468093055558,17.500820000000033,25.11276000000004,781.6739083328799,-0.0911044774066666,0.55606013427625,17.811745194444484,101171.081,False,True,0.2550133648657899,False,0.1633810755947229,0.8206666666666664,False,770.091
Nyamagana,2007,12,,,31.493370000000027,14.222920000000045,45.57641377122221,MPARAMBO,MPARAMBO,grid_m3.00_29.25,23.018458158602183,14.222920000000045,31.493370000000027,20.84112170518,0.3346457520291666,0.390171851526344,13.25780762096781,101142.53095430108,True,True,2.186850324850525,True,0.6252513726851749,0.8914286938529584,True,770.184
Nyengwe,2007,12,,14.19,28.38064516129032,19.929220000000043,78.39999999999999,NYANZA LAC (IRAT),NYANZA LAC (IRAT),grid_m4.25_29.50,22.72019196236561,19.929220000000043,25.595000000000027,382.96985597224,0.1698193299620967,0.6490934838032258,18.83836086021512,101129.24616935484,False,True,0.3658537084356579,False,0.502394269385562,0.7290285026209702,True,770.184
Mulembwe,2007,12,1.0954838709677424,17.35,21.04516129032257,10.92903225806452,130.2,MPOTA (Tora),MPOTA (Tora),grid_m4.00_29.50,20.75003494623656,17.323750000000018,24.94265000000001,585.2568143464399,-0.0852958105987903,0.764145410233871,17.868587137096824,101200.83304435483,False,False,0.3376177859350189,False,0.4473737601295939,1.0954838709677424,False,770.184
Nyakagunda,2007,12,,,29.84872000000001,14.045200000000024,118.80991114277089,MPARAMBO,MPARAMBO,grid_m2.75_29.00,20.85320673387099,14.045200000000024,29.84872000000001,59.52167517568,-0.6385237172811828,0.1124435143340457,11.419783172043026,101219.9585282258,True,True,1.9960780806672505,True,0.7055060253880301,0.5337989630012184,True,770.184
Mutimbuzi,2007,12,,14.06,29.6,19.86774193548388,94.6,BUJUMBURA (Aeroport),BUJUMBURA (Aeroport),grid_m3.25_29.25,24.17559551075271,16.394800000000032,33.05847,37.85133365016,0.4559114515543414,0.3956466394763441,14.027769422043036,101126.04389784946,False,False,1.5476478434872514,False,0.6718620844294905,1.547664321281523,True,770.184
Buzimba,2007,12,0.8361290322580645,17.35,28.38064516129032,17.323750000000018,78.39999999999999,NYANZA LAC (IRAT),NYANZA LAC (IRAT),grid_m4.00_29.50,20.75003494623656,17.323750000000018,24.94265000000001,585.2568143464399,-0.0852958105987903,0.764145410233871,17.868587137096824,101200.83304435483,False,True,0.2550133648657899,False,0.3415539922090575,0.8361290322580645,False,770.184
Rusizi,2007,12,,,29.6,19.86774193548388,94.6,BUJUMBURA (Aeroport),BUJUMBURA (Aeroport),grid_m3.25_29.25,24.17559551075271,16.394800000000032,33.05847,37.85133365016,0.4559114515543414,0.3956466394763441,14.027769422043036,101126.04389784946,False,False,1.5043629271954442,False,0.6114170488743516,2.356300000000002,True,770.184
Kaburantwa,2007,12,,0.05,31.493370000000027,14.222920000000045,46.01331095233872,MPARAMBO,MPARAMBO,grid_m3.00_29.25,23.018458158602183,14.222920000000045,31.493370000000027,20.84112170518,0.3346457520291666,0.390171851526344,13.25780762096781,101142.53095430108,True,True,2.207813552612297,True,0.6973382157372635,1.4319140543988875,True,770.184
Jiji,2007,12,0.6267741935483871,,21.04516129032257,10.92903225806452,130.2,MPOTA (Tora),MPOTA (Tora),grid_m4.00_29.75,18.895925604838737,14.709130000000016,25.813559999999995,271.50797845138,-0.1681526762397849,0.2294905674029569,15.3999813978495,101308.4140188172,False,False,0.7469623692808592,False,0.716415290525221,0.6267741935483871,False,770.184
Mulembwe,2008,1,1.115806451612903,15.72,21.14516129032258,10.225806451612904,171.19999999999996,MPOTA (Tora),MPOTA (Tora),grid_m4.00_29.50,20.88018985215058,17.64413000000002,25.87760000000003,652.92048472794,-0.1530616894257526,0.8298829601547043,18.06134177419358,101194.24925403224,False,False,0.3376177859350189,False,0.4991912547226515,1.115806451612903,False,770.5055
Buzimba,2008,1,0.7516129032258064,15.72,28.787096774193543,17.64413000000002,201.9,NYANZA LAC (IRAT),NYANZA LAC (IRAT),grid_m4.00_29.50,20.88018985215058,17.64413000000002,25.87760000000003,652.92048472794,-0.1530616894257526,0.8298829601547043,18.06134177419358,101194.24925403224,False,True,0.2550133648657899,False,0.338108566393615,0.7516129032258064,False,770.5055
Rusizi,2008,1,,,30.00967741935484,19.85483870967742,99.0,BUJUMBURA (Aeroport),BUJUMBURA (Aeroport),grid_m3.25_29.25,24.65982250000002,17.50622000000004,33.05767000000003,34.50751298326,0.2835483796916667,0.510481393310887,14.3773647043011,101110.82838037636,False,False,1.5043629271954442,False,0.614257697511938,2.3607499999999995,True,770.5055
Kaburantwa,2008,1,,0.17,32.26230000000004,16.56283000000002,50.36439926627661,MPARAMBO,MPARAMBO,grid_m3.00_29.25,23.58537034946238,16.56283000000002,32.26230000000004,22.81188971174,0.2277254938416666,0.5079992965241935,13.198215564516149,101124.22721102153,True,True,2.207813552612297,True,0.6917679664315245,1.406749747578608,True,770.5055
Jiji,2008,1,0.7867741935483871,,21.14516129032258,10.225806451612904,171.19999999999996,MPOTA (Tora),MPOTA (Tora),grid_m4.00_29.75,18.92850330645166,14.763100000000009,25.59478000000001,299.28064392126004,-0.2026077963625,0.3703879900545295,15.990365120967796,101309.7546438172,False,False,0.7469623692808592,False,0.6238033552418925,0.7867741935483871,False,770.5055
Nyengwe,2008,1,,8.98,28.787096774193543,20.137400000000017,201.9,NYANZA LAC (IRAT),NYANZA LAC (IRAT),grid_m4.25_29.50,22.802395456989306,20.137400000000017,25.458860000000016,476.71937976962,0.0047594750537634,0.7374560455866936,19.12367911290324,101122.1928158602,False,True,0.3658537084356579,False,0.531346208849496,0.881782135250087,True,770.5055
Mutimbuzi,2008,1,,15.03,30.00967741935484,19.85483870967742,99.0,BUJUMBURA (Aeroport),BUJUMBURA (Aeroport),grid_m3.25_29.25,24.65982250000002,17.50622000000004,33.05767000000003,34.50751298326,0.2835483796916667,0.510481393310887,14.3773647043011,101110.82838037636,False,False,1.5476478434872514,False,0.648211714885969,1.528363541739585,True,770.5055
Nyamagana,2008,1,,,32.26230000000004,16.56283000000002,49.88618842657296,MPARAMBO,MPARAMBO,grid_m3.00_29.25,23.58537034946238,16.56283000000002,32.26230000000004,22.81188971174,0.2277254938416666,0.5079992965241935,13.198215564516149,101124.22721102153,True,True,2.186850324850525,True,0.646220216002346,0.7497698789311985,True,770.5055
Nyakagunda,2008,1,,,29.231040000000007,13.232079999999996,68.07065710655469,MPARAMBO,MPARAMBO,grid_m2.75_29.00,20.973517083333377,13.232079999999996,29.231040000000007,34.102201595139995,-0.6196643011646505,0.0904479490897043,11.43202899193551,101206.07148521506,True,True,1.9960780806672505,True,0.6878058877636171,0.4723822926267275,True,770.5055
Nyakagunda,2008,2,,,28.38616000000001,12.702080000000024,97.71507470028324,MPARAMBO,MPARAMBO,grid_m2.75_29.00,20.374718692528745,12.702080000000024,28.38616000000001,48.95353325438,-0.663669584775,0.1890199600095258,11.858646652298887,101328.33887931034,True,True,1.9960780806672505,True,0.6569060560389759,0.5404946505376345,True,770.6083333333332
Kaburantwa,2008,2,,0.23,30.71328,13.862240000000044,102.8617050522038,MPARAMBO,MPARAMBO,grid_m3.00_29.25,22.49963961206896,13.862240000000044,30.71328,46.58985127186,0.1932794421196552,0.409494379158046,13.804043318965569,101256.23596982758,True,True,2.207813552612297,True,0.6815749692635631,1.4937791003970111,True,770.6083333333332
Rusizi,2008,2,,,29.43928571428572,19.935714285714287,166.70000000000002,BUJUMBURA (Aeroport),BUJUMBURA (Aeroport),grid_m3.25_29.25,23.603480431034484,16.468560000000025,30.95437000000004,50.13418191692,0.2800335504482759,0.2365347771185345,14.99778669540234,101237.94698994252,False,False,1.5043629271954442,False,0.605646551901402,2.296649999999998,True,770.6083333333332
Mulembwe,2008,2,2.073103448275862,15.86,21.02758620689655,10.682758620689656,209.8,MPOTA (Tora),MPOTA (Tora),grid_m4.00_29.50,20.84300267241377,17.89816000000002,25.174130000000048,577.75211415374,-0.0873798514410919,0.4374456738626436,17.846922198275877,101293.75102729886,False,False,0.3376177859350189,False,0.379165628387897,2.073103448275862,False,770.6083333333332
Buzimba,2008,2,0.7037931034482757,15.86,28.24827586206897,17.89816000000002,163.49999999999997,NYANZA LAC (IRAT),NYANZA LAC (IRAT),grid_m4.00_29.50,20.84300267241377,17.89816000000002,25.174130000000048,577.75211415374,-0.0873798514410919,0.4374456738626436,17.846922198275877,101293.75102729886,False,True,0.2550133648657899,False,0.4174516287308355,0.7037931034482757,False,770.6083333333332
Mutimbuzi,2008,2,,13.2,29.43928571428572,19.935714285714287,166.70000000000002,BUJUMBURA (Aeroport),BUJUMBURA (Aeroport),grid_m3.25_29.25,23.603480431034484,16.468560000000025,30.95437000000004,50.13418191692,0.2800335504482759,0.2365347771185345,14.99778669540234,101237.94698994252,False,False,1.5476478434872514,False,0.6427399914511045,1.268714882882982,True,770.6083333333332
Jiji,2008,2,0.8344827586206897,,21.02758620689655,10.682758620689656,209.8,MPOTA (Tora),MPOTA (Tora),grid_m4.00_29.75,18.73166050287358,13.902060000000006,24.3338,293.26343568628,-0.0930736582605316,0.3483904699495374,15.92370014367816,101413.40496408046,False,False,0.7469623692808592,False,0.746856620132961,0.8344827586206897,False,770.6083333333332
Nyengwe,2008,2,,10.41,28.24827586206897,20.16796000000005,163.49999999999997,NYANZA LAC (IRAT),NYANZA LAC (IRAT),grid_m4.25_29.50,22.929307772988523,20.16796000000005,25.69833,385.72454450726,0.1955538771395115,0.2002378003709626,18.85207439655176,101217.09209770114,False,True,0.3658537084356579,False,0.6310638860884574,0.8974223871602938,True,770.6083333333332
Nyamagana,2008,2,,,30.71328,13.862240000000044,101.88503138860467,MPARAMBO,MPARAMBO,grid_m3.00_29.25,22.49963961206896,13.862240000000044,30.71328,46.58985127186,0.1932794421196552,0.409494379158046,13.804043318965569,101256.23596982758,True,True,2.186850324850525,True,0.6298265766206126,1.016927791858678,True,770.6083333333332
Buzimba,2008,3,0.7161290322580646,15.39,28.44516129032258,17.24496000000005,157.79999999999998,NYANZA LAC (IRAT),NYANZA LAC (IRAT),grid_m4.00_29.50,20.721012728494657,17.24496000000005,25.06527,565.52171732572,-0.137668589622043,0.6156768592792473,17.825945766129053,101179.60422715054,False,True,0.2550133648657899,False,0.3657017174567675,0.7161290322580646,False,770.748
Nyakagunda,2008,3,,,28.724000000000046,13.14828,94.38185601162996,MPARAMBO,MPARAMBO,grid_m2.75_29.00,20.462859206989265,13.14828,28.724000000000046,47.28364933504,-0.7799645090685484,0.2828068688275094,11.613265362903237,101201.1975,True,True,1.9960780806672505,True,0.6492155405789675,0.5288461482334866,True,770.748
Mulembwe,2008,3,2.3735483870967737,15.39,20.54838709677419,10.638709677419357,288.90000000000003,MPOTA (Tora),MPOTA (Tora),grid_m4.00_29.50,20.721012728494657,17.24496000000005,25.06527,565.52171732572,-0.137668589622043,0.6156768592792473,17.825945766129053,101179.60422715054,False,False,0.3376177859350189,False,0.422364355263632,2.3735483870967737,False,770.748
Kaburantwa,2008,3,,0.12,31.82556,14.888500000000022,108.08132679643543,MPARAMBO,MPARAMBO,grid_m3.00_29.25,22.594165107526862,14.888500000000022,31.82556,48.95401002886,-0.0779460168961021,0.5260050580451613,13.809853723118296,101131.53539650537,True,True,2.207813552612297,True,0.6924616864795055,1.3930793817601037,True,770.748
Rusizi,2008,3,,,29.43548387096774,19.554838709677416,71.4,BUJUMBURA (Aeroport),BUJUMBURA (Aeroport),grid_m3.25_29.25,23.853851626344124,17.185630000000003,31.835170000000005,83.39977218230001,0.1178035725171505,0.571126445147016,14.70564782258066,101112.02375672045,False,False,1.5043629271954442,False,0.6012592491455175,2.1452500000000017,True,770.748
Nyamagana,2008,3,,,31.82556,14.888500000000022,107.05509273434834,MPARAMBO,MPARAMBO,grid_m3.00_29.25,22.594165107526862,14.888500000000022,31.82556,48.95401002886,-0.0779460168961021,0.5260050580451613,13.809853723118296,101131.53539650537,True,True,2.186850324850525,True,0.6524326928274645,0.8315323783922182,True,770.748
Mutimbuzi,2008,3,,18.14,29.43548387096774,19.554838709677416,71.4,BUJUMBURA (Aeroport),BUJUMBURA (Aeroport),grid_m3.25_29.25,23.853851626344124,17.185630000000003,31.835170000000005,83.39977218230001,0.1178035725171505,0.571126445147016,14.70564782258066,101112.02375672045,False,False,1.5476478434872514,False,0.6525341194119075,1.4814819760613105,True,770.748
Jiji,2008,3,1.0203225806451612,,20.54838709677419,10.638709677419357,288.90000000000003,MPOTA (Tora),MPOTA (Tora),grid_m4.00_29.75,18.632991102150527,14.327300000000037,24.10238000000004,301.27119993496,-0.2368723752616935,0.4440407488037634,16.03927782258063,101303.92262768818,False,False,0.7469623692808592,False,0.655159547781495,1.0203225806451612,False,770.748
Nyengwe,2008,3,,11.27,28.44516129032258,20.2817,157.79999999999998,NYANZA LAC (IRAT),NYANZA LAC (IRAT),grid_m4.25_29.50,22.73227516129032,20.2817,25.522520000000043,391.2551394389,0.1438098001396505,0.5306594807060484,18.934444166666708,101105.63448252688,False,True,0.3658537084356579,False,0.6334881110689334,0.9247442422036788,True,770.748
Buzimba,2008,4,0.7156666666666668,16.24,29.31666666666668,17.414330000000007,115.79999999999995,NYANZA LAC (IRAT),NYANZA LAC (IRAT),grid_m4.00_29.50,20.41929263888892,17.414330000000007,24.49966000000001,478.55186449248,-0.1426424457222222,0.6453727923131944,17.73944208333336,101201.91531944444,False,True,0.2550133648657899,False,0.522395741155846,0.7156666666666668,False,770.985
Kaburantwa,2008,4,,0.32,28.011870000000044,14.627830000000015,50.81077236608963,MPARAMBO,MPARAMBO,grid_m3.00_29.25,21.464580555555585,14.627830000000015,28.011870000000044,23.01406851406,0.2346904549773611,0.7451720546663889,14.17518951388888,101164.15156944444,True,True,2.207813552612297,True,0.6999670793973001,1.8397333676696912,True,770.985
Rusizi,2008,4,,,29.94666666666667,19.98333333333333,69.2,BUJUMBURA (Aeroport),BUJUMBURA (Aeroport),grid_m3.25_29.25,22.6928114166667,16.03018000000003,29.21658000000002,13.0867958175,1.2706632190020832,0.5851283812297222,14.487409944444437,101138.14722222222,False,False,1.5043629271954442,False,0.6108978347227485,2.334999999999999,True,770.985
Nyamagana,2008,4,,,28.011870000000044,14.627830000000015,50.32832320610435,MPARAMBO,MPARAMBO,grid_m3.00_29.25,21.464580555555585,14.627830000000015,28.011870000000044,23.01406851406,0.2346904549773611,0.7451720546663889,14.17518951388888,101164.15156944444,True,True,2.186850324850525,True,0.6551335864830274,0.9184831874039938,True,770.985
Nyakagunda,2008,4,,,27.32815000000005,13.642449999999997,83.37519263646399,MPARAMBO,MPARAMBO,grid_m2.75_29.00,19.708412013888903,13.642449999999997,27.32815000000005,41.7695046321,-1.4341449937344446,0.9988287389673612,11.720363708333366,101218.98319444446,True,True,1.9960780806672505,True,0.6703232582608195,0.4907555414746539,True,770.985
Mutimbuzi,2008,4,,19.54,29.94666666666667,19.98333333333333,69.2,BUJUMBURA (Aeroport),BUJUMBURA (Aeroport),grid_m3.25_29.25,22.6928114166667,16.03018000000003,29.21658000000002,13.0867958175,1.2706632190020832,0.5851283812297222,14.487409944444437,101138.14722222222,False,False,1.5476478434872514,False,0.660417060197316,1.6392166262815238,True,770.985
Nyengwe,2008,4,,15.01,29.31666666666668,20.19412,115.79999999999995,NYANZA LAC (IRAT),NYANZA LAC (IRAT),grid_m4.25_29.50,22.139480013888942,20.19412,24.736000000000047,504.158019805,0.3660462472643986,0.4675692454847222,19.06045162500004,101136.88596527778,False,True,0.3658537084356579,False,0.672184833822151,1.0141407573773868,True,770.985
Jiji,2008,4,1.0266666666666668,,20.87333333333334,11.759999999999998,163.99999999999997,MPOTA (Tora),MPOTA (Tora),grid_m4.00_29.75,18.47148191666668,14.32107000000002,24.152980000000017,193.20535696078,-1.354292022455139,0.1772643409938333,15.40780394444448,101332.2390625,False,False,0.7469623692808592,False,0.7269506412216404,1.0266666666666668,False,770.985
Mulembwe,2008,4,2.105333333333333,16.24,20.87333333333334,11.759999999999998,163.99999999999997,MPOTA (Tora),MPOTA (Tora),grid_m4.00_29.50,20.41929263888892,17.414330000000007,24.49966000000001,478.55186449248,-0.1426424457222222,0.6453727923131944,17.73944208333336,101201.91531944444,False,False,0.3376177859350189,False,0.569133953370459,2.105333333333333,False,770.985
Nyakagunda,2008,5,,,28.37307000000004,12.999300000000003,24.816391084372945,MPARAMBO,MPARAMBO,grid_m2.75_29.00,20.31357872311833,12.999300000000003,28.37307000000004,12.43257532094,-1.660955635389785,1.092574230438172,11.040029059139783,101329.2390389785,True,True,1.9960780806672505,True,0.6254330470719816,0.4428870545314899,True,771.2236666666668
Mutimbuzi,2008,5,,10.27,31.080645161290327,19.561290322580653,23.2,BUJUMBURA (Aeroport),BUJUMBURA (Aeroport),grid_m3.25_29.25,23.652918360215097,14.80892,31.61865,1.66845321632,1.3890459400985216,0.937736569018414,13.077484529569915,101238.38370295698,False,False,1.5476478434872514,False,0.6445951524380205,1.837983353168731,True,771.2236666666668
Nyamagana,2008,5,,,30.32815000000005,14.146500000000003,4.860357966536919,MPARAMBO,MPARAMBO,grid_m3.00_29.25,22.60101845430114,14.146500000000003,30.32815000000005,2.2225380088,0.3497248615596774,0.9023939335590052,12.726418481182804,101263.84605510753,True,True,2.186850324850525,True,0.551938928864096,0.6688050211213529,True,771.2236666666668
Rusizi,2008,5,,,31.080645161290327,19.561290322580653,23.2,BUJUMBURA (Aeroport),BUJUMBURA (Aeroport),grid_m3.25_29.25,23.652918360215097,14.80892,31.61865,1.66845321632,1.3890459400985216,0.937736569018414,13.077484529569915,101238.38370295698,False,False,1.5043629271954442,False,0.5615329417707245,3.317649999999999,True,771.2236666666668
Jiji,2008,5,0.6835483870967742,,20.600000000000005,9.974193548387095,81.3,MPOTA (Tora),MPOTA (Tora),grid_m4.00_29.75,19.314489247311823,13.848780000000032,24.684050000000013,90.90447427518,-1.5268463032096773,0.4404313041585483,13.862307459677425,101412.82376344086,False,False,0.7469623692808592,False,0.699349618455651,0.6835483870967742,False,771.2236666666668
Buzimba,2008,5,,10.88,30.606451612903225,16.305800000000033,6.8,NYANZA LAC (IRAT),NYANZA LAC (IRAT),grid_m4.00_29.50,20.858494879032264,16.305800000000033,25.045920000000024,336.9622226082,0.0645042952147849,0.5057966742465202,17.681128776881735,101302.21721102152,False,True,0.2550133648657899,False,0.5552660090147146,0.9210212217196676,True,771.2236666666668
Mulembwe,2008,5,1.4493548387096775,10.88,20.600000000000005,9.974193548387095,81.3,MPOTA (Tora),MPOTA (Tora),grid_m4.00_29.50,20.858494879032264,16.305800000000033,25.045920000000024,336.9622226082,0.0645042952147849,0.5057966742465202,17.681128776881735,101302.21721102152,False,False,0.3376177859350189,False,0.5704572618918244,1.4493548387096775,False,771.2236666666668
Nyengwe,2008,5,,10.67,30.606451612903225,20.418300000000045,6.8,NYANZA LAC (IRAT),NYANZA LAC (IRAT),grid_m4.25_29.50,22.88745876344086,20.418300000000045,25.30770000000001,254.51922415798,0.912350871007258,0.2312867946322177,18.94493509408602,101231.7557123656,False,True,0.3658537084356579,False,0.6261434646737335,1.0561535592740174,True,771.2236666666668
Kaburantwa,2008,5,,0.13,30.32815000000005,14.146500000000003,4.906949537024589,MPARAMBO,MPARAMBO,grid_m3.00_29.25,22.60101845430114,14.146500000000003,30.32815000000005,2.2225380088,0.3497248615596774,0.9023939335590052,12.726418481182804,101263.84605510753,True,True,2.207813552612297,True,0.7105637880556881,1.5757281898129367,True,771.2236666666668
Kaburantwa,2008,6,,0.06,30.00662,14.48678000000001,57.850628739012,MPARAMBO,MPARAMBO,grid_m3.00_29.25,21.438192069444423,14.48678000000001,30.00662,26.20267851448,0.3383083130814861,0.9087342166534722,12.779559763888926,101431.9852152778,True,True,2.207813552612297,True,0.6451889438385605,1.605553683828984,True,771.047
Jiji,2008,6,0.5663333333333331,,19.886666666666667,8.196666666666667,46.50000000000001,MPOTA (Tora),MPOTA (Tora),grid_m4.00_29.75,18.438609833333373,12.308300000000033,24.666620000000023,61.8891719571,-0.963213496218736,0.7801968900223611,12.734641055555583,101575.84684722224,False,False,0.7469623692808592,False,0.7233492419344969,0.5663333333333331,False,771.047
Buzimba,2008,6,,5.09,29.58666666666668,15.701620000000048,48.5,NYANZA LAC (IRAT),NYANZA LAC (IRAT),grid_m4.00_29.50,20.21724476388892,15.701620000000048,23.63333,181.93960201324,0.1340751862731944,0.7384922451852403,16.601022500000056,101475.82827083334,False,True,0.2550133648657899,False,0.584254009636658,1.0441517628702144,True,771.047
Nyamagana,2008,6,,,30.00662,14.48678000000001,57.30133602134445,MPARAMBO,MPARAMBO,grid_m3.00_29.25,21.438192069444423,14.48678000000001,30.00662,26.20267851448,0.3383083130814861,0.9087342166534722,12.779559763888926,101431.9852152778,True,True,2.186850324850525,True,0.5194414582285021,0.6953789247311832,True,771.047
Nyengwe,2008,6,,1.87,29.58666666666668,20.03997000000004,48.5,NYANZA LAC (IRAT),NYANZA LAC (IRAT),grid_m4.25_29.50,22.43930680555559,20.03997000000004,24.50768000000005,100.42810420812,0.8158148232746251,0.4781244067583333,17.051084902777802,101405.36769444445,False,True,0.3658537084356579,False,0.6554982105204941,0.9753890853968148,True,771.047
Rusizi,2008,6,,,29.546666666666667,18.30666666666667,89.19999999999999,BUJUMBURA (Aeroport),BUJUMBURA (Aeroport),grid_m3.25_29.25,22.68513741666669,14.96472,31.18777,33.07437900552,1.0825330315583332,1.258945802940972,13.906331194444476,101409.73904166666,False,False,1.5043629271954442,False,0.5572498146692004,2.0968500000000017,True,771.047
Mutimbuzi,2008,6,,4.2,29.546666666666667,18.30666666666667,89.19999999999999,BUJUMBURA (Aeroport),BUJUMBURA (Aeroport),grid_m3.25_29.25,22.68513741666669,14.96472,31.18777,33.07437900552,1.0825330315583332,1.258945802940972,13.906331194444476,101409.73904166666,False,False,1.5476478434872514,False,0.6121265996308975,1.2018114060509664,True,771.047
Mulembwe,2008,6,0.891,5.09,19.886666666666667,8.196666666666667,46.50000000000001,MPOTA (Tora),MPOTA (Tora),grid_m4.00_29.50,20.21724476388892,15.701620000000048,23.63333,181.93960201324,0.1340751862731944,0.7384922451852403,16.601022500000056,101475.82827083334,False,False,0.3376177859350189,False,0.5380748241050775,0.891,False,771.047
Nyakagunda,2008,6,,,27.16238000000004,12.855920000000026,23.797008712326065,MPARAMBO,MPARAMBO,grid_m2.75_29.00,19.408043027777808,12.855920000000026,27.16238000000004,11.92188268726,-1.510879239375,0.9461080769409722,11.063313597222248,101489.19095833332,True,True,1.9960780806672505,True,0.5927882566494145,0.4480937519201227,True,771.047
Jiji,2008,7,0.4629032258064514,,19.89677419354839,7.376666666666667,18.1,MPOTA (Tora),MPOTA (Tora),grid_m4.00_29.75,18.59289104838712,12.33420000000001,25.28555,12.3686790565,-0.5472036586638441,1.0046027392627956,11.490384959677442,101588.00960349462,False,False,0.7469623692808592,False,0.6338310793752016,0.4629032258064514,False,770.7563333333334
Buzimba,2008,7,,1.04,29.977419354838705,15.64670000000001,0.0,NYANZA LAC (IRAT),NYANZA LAC (IRAT),grid_m4.00_29.50,20.20987891129039,15.64670000000001,24.8449,50.6811142195,0.181100640246371,0.6638703701481183,15.77734466397851,101495.98170698925,False,True,0.2550133648657899,False,0.458638063652671,0.945088088162264,True,770.7563333333334
Nyakagunda,2008,7,,,26.99682000000001,12.264300000000048,20.6046572074174,MPARAMBO,MPARAMBO,grid_m2.75_29.00,19.303001572580683,12.264300000000048,26.99682000000001,10.3225707486,-1.2426237924784946,0.8441879114401882,9.677226196236576,101525.73993279572,True,True,1.9960780806672505,True,0.4741829892509804,0.4171258064516122,True,770.7563333333334
Mutimbuzi,2008,7,,0.89,29.36451612903226,17.64516129032258,15.1,BUJUMBURA (Aeroport),BUJUMBURA (Aeroport),grid_m3.25_29.25,22.72715247311828,14.405240000000047,30.534700000000043,17.80128472762,0.7033397518784946,1.3257054156935484,12.923456397849463,101440.7774126344,False,False,1.5476478434872514,False,0.5257322771655615,1.0035559507572689,True,770.7563333333334
Kaburantwa,2008,7,,0.04,29.15112000000005,13.013149999999996,23.79359929768353,MPARAMBO,MPARAMBO,grid_m3.00_29.25,21.4328368682796,13.013149999999996,29.15112000000005,10.77699666692,0.2654906038365591,0.9202035860293012,11.705197567204324,101464.92104166666,True,True,2.207813552612297,True,0.5736845629013425,1.673489178356688,True,770.7563333333334
Nyengwe,2008,7,,0.76,29.977419354838705,20.052940000000035,0.0,NYANZA LAC (IRAT),NYANZA LAC (IRAT),grid_m4.25_29.50,22.494237096774217,20.052940000000035,25.61834000000005,20.35617828302,0.8468051836273522,0.4263097288702285,16.105482876344126,101426.08755376344,False,True,0.3658537084356579,False,0.5435049909319695,0.8880786144785464,True,770.7563333333334
Rusizi,2008,7,,,29.36451612903226,17.64516129032258,15.1,BUJUMBURA (Aeroport),BUJUMBURA (Aeroport),grid_m3.25_29.25,22.72715247311828,14.405240000000047,30.534700000000043,17.80128472762,0.7033397518784946,1.3257054156935484,12.923456397849463,101440.7774126344,False,False,1.5043629271954442,False,0.534399911160941,2.4993000000000065,True,770.7563333333334
Mulembwe,2008,7,0.7106451612903227,1.04,19.89677419354839,7.376666666666667,18.1,MPOTA (Tora),MPOTA (Tora),grid_m4.00_29.50,20.20987891129039,15.64670000000001,24.8449,50.6811142195,0.181100640246371,0.6638703701481183,15.77734466397851,101495.98170698925,False,False,0.3376177859350189,False,0.3796283384132944,0.7106451612903227,False,770.7563333333334
Nyamagana,2008,7,,,29.15112000000005,13.013149999999996,23.567678661967022,MPARAMBO,MPARAMBO,grid_m3.00_29.25,21.4328368682796,13.013149999999996,29.15112000000005,10.77699666692,0.2654906038365591,0.9202035860293012,11.705197567204324,101464.92104166666,True,True,2.186850324850525,True,0.4568294645398735,0.6835069489247313,True,770.7563333333334
Buzimba,2008,8,,0.52,31.151612903225804,16.400779999999997,0.0,NYANZA LAC (IRAT),NYANZA LAC (IRAT),grid_m4.00_29.50,21.09307161290326,16.400779999999997,25.89547000000005,89.64753170808,0.2076097179281854,0.3967833950902688,16.508021975806457,101267.76300403224,False,True,0.2550133648657899,False,0.4426848684274219,0.7778427489989288,True,770.6375
Nyakagunda,2008,8,,,28.372550000000047,12.71523000000002,11.552999295234788,MPARAMBO,MPARAMBO,grid_m2.75_29.00,20.29254231182801,12.71523000000002,28.372550000000047,5.78784938682,-1.2231606641532258,1.0493292821049731,9.710469946236572,101315.55241935483,True,True,1.9960780806672505,True,0.4051104817152925,0.3633076592224979,True,770.6375
Kaburantwa,2008,8,,0.03,31.34847000000002,14.467200000000048,3.556248744695268,MPARAMBO,MPARAMBO,grid_m3.00_29.25,22.398142190860256,14.467200000000048,31.34847000000002,1.61075591754,0.6333450251344086,0.8164545670987903,10.973409099462344,101242.5220564516,True,True,2.207813552612297,True,0.4982969106564769,1.468231810739805,True,770.6375
Rusizi,2008,8,,,30.71935483870968,18.64838709677419,3.6,BUJUMBURA (Aeroport),BUJUMBURA (Aeroport),grid_m3.25_29.25,23.459652701612924,16.034880000000044,32.299980000000005,2.89869309152,1.180739808294355,1.185903650698293,12.503968629032272,101215.69308467742,False,False,1.5043629271954442,False,0.4737009774782705,2.1854499999999986,True,770.6375
Nyengwe,2008,8,,0.38,31.151612903225804,20.850000000000023,0.0,NYANZA LAC (IRAT),NYANZA LAC (IRAT),grid_m4.25_29.50,23.35958627688177,20.850000000000023,25.993280000000027,35.36081306222,0.9244643441487904,0.1020859736762096,16.629509583333345,101192.61561155914,False,True,0.3658537084356579,False,0.5007988591548584,1.0291829813097113,True,770.6375
Nyamagana,2008,8,,,31.34847000000002,14.467200000000048,3.5224821015272543,MPARAMBO,MPARAMBO,grid_m3.00_29.25,22.398142190860256,14.467200000000048,31.34847000000002,1.61075591754,0.6333450251344086,0.8164545670987903,10.973409099462344,101242.5220564516,True,True,2.186850324850525,True,0.3686372241471015,0.6608998118279574,True,770.6375
Mutimbuzi,2008,8,,0.5,30.71935483870968,18.64838709677419,3.6,BUJUMBURA (Aeroport),BUJUMBURA (Aeroport),grid_m3.25_29.25,23.459652701612924,16.034880000000044,32.299980000000005,2.89869309152,1.180739808294355,1.185903650698293,12.503968629032272,101215.69308467742,False,False,1.5476478434872514,False,0.4412145180032045,1.0884522091878903,True,770.6375
Jiji,2008,8,0.4225806451612903,,21.4483870967742,8.66451612903226,33.0,MPOTA (Tora),MPOTA (Tora),grid_m4.00_29.75,20.171692016129043,14.736400000000003,27.645350000000008,18.9833641031,-0.6678076851525538,0.9276343687532258,11.612456545698931,101357.18842741936,False,False,0.7469623692808592,False,0.5780697127606595,0.4225806451612903,False,770.6375
Mulembwe,2008,8,0.621935483870968,0.52,21.4483870967742,8.66451612903226,33.0,MPOTA (Tora),MPOTA (Tora),grid_m4.00_29.50,21.09307161290326,16.400779999999997,25.89547000000005,89.64753170808,0.2076097179281854,0.3967833950902688,16.508021975806457,101267.76300403224,False,False,0.3376177859350189,False,0.3475708236833995,0.621935483870968,False,770.6375
Buzimba,2008,9,,1.81,31.13666666666666,17.6336,21.4,NYANZA LAC (IRAT),NYANZA LAC (IRAT),grid_m4.00_29.50,22.25111334722225,17.6336,26.806970000000035,98.33192821764,0.2321347333105555,0.2403496428875,16.598700305555553,101202.23034027778,False,True,0.2550133648657899,False,0.3237258224754394,0.7189826895615141,True,770.549
Rusizi,2008,9,,,31.986666666666668,18.976666666666667,31.9,BUJUMBURA (Aeroport),BUJUMBURA (Aeroport),grid_m3.25_29.25,25.260366263888955,15.84023000000002,34.55648000000002,1.20544433216,1.1390154305344444,1.0143690125477778,10.308126625000057,101148.00720833334,False,False,1.5043629271954442,False,0.431538135529773,2.523899999999999,True,770.549
Nyengwe,2008,9,,0.37,31.13666666666666,22.353480000000047,21.4,NYANZA LAC (IRAT),NYANZA LAC (IRAT),grid_m4.25_29.50,24.64333041666669,22.353480000000047,27.014520000000005,38.6724472497,0.963247742625,-0.1646850798619444,17.203241097222246,101119.19816666668,False,True,0.3658537084356579,False,0.464852669274016,1.1269825399465692,True,770.549
Mutimbuzi,2008,9,,2.7,31.986666666666668,18.976666666666667,31.9,BUJUMBURA (Aeroport),BUJUMBURA (Aeroport),grid_m3.25_29.25,25.260366263888955,15.84023000000002,34.55648000000002,1.20544433216,1.1390154305344444,1.0143690125477778,10.308126625000057,101148.00720833334,False,False,1.5476478434872514,False,0.4815789313263105,1.3908677501227371,True,770.549
Nyamagana,2008,9,,,33.80648000000002,15.18398000000002,4.319159521201792,MPARAMBO,MPARAMBO,grid_m3.00_29.25,24.249849152777813,15.18398000000002,33.80648000000002,1.9750595055,0.5192576724052778,0.7337388557808334,9.347802444444484,101177.75528472224,True,True,2.186850324850525,True,0.459294874922724,0.5432978473401245,True,770.549
Kaburantwa,2008,9,,0.04,33.80648000000002,15.18398000000002,4.360563143458642,MPARAMBO,MPARAMBO,grid_m3.00_29.25,24.249849152777813,15.18398000000002,33.80648000000002,1.9750595055,0.5192576724052778,0.7337388557808334,9.347802444444484,101177.75528472224,True,True,2.207813552612297,True,0.54460535576872,1.2064901458804744,True,770.549
Nyakagunda,2008,9,,,30.72524000000004,13.650779999999996,11.60154133610201,MPARAMBO,MPARAMBO,grid_m2.75_29.00,22.002917222222266,13.650779999999996,30.72524000000004,5.81216809526,-1.14317993472,0.8829684572098611,8.606352472222227,101264.78984027778,True,True,1.9960780806672505,True,0.4398886888850964,0.3757215591397853,True,770.549
Mulembwe,2008,9,0.637,1.81,22.50666666666667,9.426666666666666,74.7,MPOTA (Tora),MPOTA (Tora),grid_m4.00_29.50,22.25111334722225,17.6336,26.806970000000035,98.33192821764,0.2321347333105555,0.2403496428875,16.598700305555553,101202.23034027778,False,False,0.3376177859350189,False,0.2817246019432765,0.637,False,770.549
Jiji,2008,9,0.4186666666666667,,22.50666666666667,9.426666666666666,74.7,MPOTA (Tora),MPOTA (Tora),grid_m4.00_29.75,21.559240097222244,15.716200000000017,29.431480000000025,27.65512469888,-0.5079083968581389,0.7613484490277778,11.26816056944449,101293.66396527778,False,False,0.7469623692808592,False,0.4900617151805285,0.4186666666666667,False,770.549
Nyamagana,2008,10,,,32.42930000000001,15.50356000000005,66.10441329641498,MPARAMBO,MPARAMBO,grid_m3.00_29.25,23.145439596774224,15.50356000000005,32.42930000000001,30.22813795038,0.3910338286644489,0.3338769282298387,12.85146014784948,101225.29503360216,True,True,2.186850324850525,True,0.5409332484178805,0.6614782775487101,True,770.5219999999999
Buzimba,2008,10,,14.19,29.56153846153846,17.719700000000046,72.39999999999999,NYANZA LAC (IRAT),NYANZA LAC (IRAT),grid_m4.00_29.50,21.9017978360215,17.719700000000046,26.471100000000035,377.34699320554,0.0990954566797715,0.1956854586908602,17.69843927419356,101224.73067876344,False,True,0.2550133648657899,False,0.304773359314535,0.9043583060006224,True,770.5219999999999
Nyakagunda,2008,10,,,29.939080000000047,13.877250000000004,76.54790112881699,MPARAMBO,MPARAMBO,grid_m2.75_29.00,21.096629838709703,13.877250000000004,29.939080000000047,38.34915170414,-1.0110382164400538,0.5418335493706989,11.55890094086027,101306.08199596772,True,True,1.9960780806672505,True,0.459935741434616,0.4315073035566582,True,770.5219999999999
Jiji,2008,10,0.5067741935483872,,21.52903225806452,10.258064516129034,212.30000000000004,MPOTA (Tora),MPOTA (Tora),grid_m4.00_29.75,20.30045567204303,15.071920000000034,28.32498000000004,149.83511018326,-0.462256028993832,0.3768338643928763,14.834115349462364,101333.50909946236,False,False,0.7469623692808592,False,0.357235489896924,0.5067741935483872,False,770.5219999999999
Nyengwe,2008,10,,4.01,29.56153846153846,21.06558000000001,72.39999999999999,NYANZA LAC (IRAT),NYANZA LAC (IRAT),grid_m4.25_29.50,24.04367755376348,21.06558000000001,26.609770000000022,205.10244394488,0.7614804751344086,-0.1603634536944892,18.479332016129035,101142.09543682796,False,True,0.3658537084356579,False,0.444673378299223,0.8808994513773571,True,770.5219999999999
Rusizi,2008,10,,,30.67419354838709,19.70967741935484,69.7,BUJUMBURA (Aeroport),BUJUMBURA (Aeroport),grid_m3.25_29.25,24.3827257526882,16.282860000000028,33.294340000000034,22.97544475986,0.98147349193625,0.3378711203091398,12.924418844086064,101193.57443548388,False,False,1.5043629271954442,False,0.5085863354260975,2.1299000000000015,True,770.5219999999999
Mulembwe,2008,10,0.9216129032258064,14.19,21.52903225806452,10.258064516129034,212.30000000000004,MPOTA (Tora),MPOTA (Tora),grid_m4.00_29.50,21.9017978360215,17.719700000000046,26.471100000000035,377.34699320554,0.0990954566797715,0.1956854586908602,17.69843927419356,101224.73067876344,False,False,0.3376177859350189,False,0.363289929561184,0.9216129032258064,False,770.5219999999999
Mutimbuzi,2008,10,,14.0,30.67419354838709,19.70967741935484,69.7,BUJUMBURA (Aeroport),BUJUMBURA (Aeroport),grid_m3.25_29.25,24.3827257526882,16.282860000000028,33.294340000000034,22.97544475986,0.98147349193625,0.3378711203091398,12.924418844086064,101193.57443548388,False,False,1.5476478434872514,False,0.5963222201822704,1.526340447828142,True,770.5219999999999
Kaburantwa,2008,10,,0.04,32.42930000000001,15.50356000000005,66.73809263708308,MPARAMBO,MPARAMBO,grid_m3.00_29.25,23.145439596774224,15.50356000000005,32.42930000000001,30.22813795038,0.3910338286644489,0.3338769282298387,12.85146014784948,101225.29503360216,True,True,2.207813552612297,True,0.6501474771087186,1.3535890605490346,True,770.5219999999999
Jiji,2008,11,0.5453333333333334,,21.14333333333333,11.026666666666667,139.80000000000004,MPOTA (Tora),MPOTA (Tora),grid_m4.00_29.75,19.46886241666669,15.023979999999996,26.104060000000004,253.22532679756,-0.2996520786801389,0.3389666460451389,15.955769597222227,101327.13916666668,False,False,0.7469623692808592,False,0.393780038956047,0.5453333333333334,False,770.4549999999999
Rusizi,2008,11,,,30.19,20.033333333333328,65.10000000000001,BUJUMBURA (Aeroport),BUJUMBURA (Aeroport),grid_m3.25_29.25,24.669876888888897,17.906949999999995,33.64760000000001,15.5258180019,0.571369786149907,0.3879317593466666,14.479863694444475,101139.69852777776,False,False,1.5043629271954442,False,0.475516828247805,2.1113500000000003,True,770.4549999999999
Buzimba,2008,11,0.7882352941176468,19.71,28.550000000000004,18.53570000000002,132.89999999999998,NYANZA LAC (IRAT),NYANZA LAC (IRAT),grid_m4.00_29.50,21.422871944444463,18.53570000000002,26.27715000000001,546.9584460397,-0.1060580568192222,0.8356978736655555,18.25678983333336,101208.25322916669,False,True,0.2550133648657899,False,0.168203249931909,0.7882352941176468,False,770.4549999999999
Mutimbuzi,2008,11,,22.13,30.19,20.033333333333328,65.10000000000001,BUJUMBURA (Aeroport),BUJUMBURA (Aeroport),grid_m3.25_29.25,24.669876888888897,17.906949999999995,33.64760000000001,15.5258180019,0.571369786149907,0.3879317593466666,14.479863694444475,101139.69852777776,False,False,1.5476478434872514,False,0.556959970383495,1.3671498148362922,True,770.4549999999999
Mulembwe,2008,11,1.1186666666666667,19.71,21.14333333333333,11.026666666666667,139.80000000000004,MPOTA (Tora),MPOTA (Tora),grid_m4.00_29.50,21.422871944444463,18.53570000000002,26.27715000000001,546.9584460397,-0.1060580568192222,0.8356978736655555,18.25678983333336,101208.25322916669,False,False,0.3376177859350189,False,0.33000158314431,1.1186666666666667,False,770.4549999999999
Nyakagunda,2008,11,,,30.273770000000013,15.332300000000032,68.60414331050747,MPARAMBO,MPARAMBO,grid_m2.75_29.00,21.28490273611112,15.332300000000032,30.273770000000013,34.36946879732,-0.6632995387027778,0.2312314551715277,12.080740083333351,101245.3566875,True,True,1.9960780806672505,True,0.41606645994538,0.3677261455748553,True,770.4549999999999
Kaburantwa,2008,11,0.7689473684210526,0.19,32.07460000000003,16.658900000000017,31.65250883331346,MPARAMBO,MPARAMBO,grid_m3.00_29.25,23.520519888888884,16.658900000000017,32.07460000000003,14.33658598384,0.3375210451611111,0.4185388553594444,13.74785144444445,101161.63899305556,True,True,2.207813552612297,True,0.628319187987882,0.7689473684210526,False,770.4549999999999
Nyengwe,2008,11,,16.14,28.550000000000004,20.561500000000024,132.89999999999998,NYANZA LAC (IRAT),NYANZA LAC (IRAT),grid_m4.25_29.50,23.324461430555573,20.561500000000024,26.411500000000046,337.3994816916,0.2088521529005555,0.8183543957583332,19.165812208333364,101133.31294444443,False,True,0.3658537084356579,False,0.362651613335969,0.7030740401898257,True,770.4549999999999
Nyamagana,2008,11,0.7589473684210527,,32.07460000000003,16.658900000000017,31.351967716007984,MPARAMBO,MPARAMBO,grid_m3.00_29.25,23.520519888888884,16.658900000000017,32.07460000000003,14.33658598384,0.3375210451611111,0.4185388553594444,13.74785144444445,101161.63899305556,True,True,2.186850324850525,True,0.453775362879341,0.7589473684210527,False,770.4549999999999
Nyengwe,2008,12,,12.8,28.62857142857143,20.655850000000044,97.8,NYANZA LAC (IRAT),NYANZA LAC (IRAT),grid_m4.25_29.50,22.9309921774194,20.655850000000044,25.484830000000045,458.99772589856,-0.0393476986041666,0.9048278974349464,19.205183118279592,101125.9786626344,False,True,0.3658537084356579,False,0.529982413899482,0.8464822299798431,True,770.61
Kaburantwa,2008,12,0.7212903225806453,0.17,33.59802000000002,15.42593000000005,45.65536971851886,MPARAMBO,MPARAMBO,grid_m3.00_29.25,23.818065053763465,15.42593000000005,33.59802000000002,20.67899694904,0.4061866265957796,0.5554337846229839,12.648367137096784,101120.55090725806,True,True,2.207813552612297,True,0.708936402926855,0.7212903225806453,False,770.61
Nyakagunda,2008,12,,,30.801140000000032,13.990380000000016,80.22947998407098,MPARAMBO,MPARAMBO,grid_m2.75_29.00,21.16061299731183,13.990380000000016,30.801140000000032,40.193557938000005,-0.7764397472100806,0.1798365603194892,11.2328920698925,101209.16448252687,True,True,1.9960780806672505,True,0.6447910923684106,0.4950699462365589,True,770.61
Buzimba,2008,12,0.7761290322580644,17.28,28.62857142857143,18.14712000000003,97.8,NYANZA LAC (IRAT),NYANZA LAC (IRAT),grid_m4.00_29.50,21.05743563172041,18.14712000000003,24.90000000000004,623.82793283378,-0.2242868482645833,0.976144523515282,18.118022217741952,101197.45295698923,False,True,0.2550133648657899,False,0.406488137383319,0.7761290322580644,False,770.61
Rusizi,2008,12,1.79,,30.66451612903226,20.29032258064516,37.0,BUJUMBURA (Aeroport),BUJUMBURA (Aeroport),grid_m3.25_29.25,24.89636606182796,16.789270000000045,34.11996000000005,14.9316788192,0.612089054313871,0.6788914992490457,13.95054987903228,101104.09139784946,False,False,1.5043629271954442,False,0.6538757586154215,1.79,False,770.61
Mpanda,2008,12,0.9261290322580648,11.76,21.306451612903224,11.264516129032256,125.1,RWEGURA,RWEGURA,grid_m3.00_29.50,18.94182565860217,12.320520000000045,27.70980000000003,173.93303020358,-0.4644713450137096,-0.3598809191740591,13.150960470430109,101280.641297043,False,False,0.6181210600568109,False,0.5252117528692799,0.9261290322580648,False,770.61
Mutimbuzi,2008,12,,21.18,30.66451612903226,20.29032258064516,37.0,BUJUMBURA (Aeroport),BUJUMBURA (Aeroport),grid_m3.25_29.25,24.89636606182796,16.789270000000045,34.11996000000005,14.9316788192,0.612089054313871,0.6788914992490457,13.95054987903228,101104.09139784946,False,False,1.5476478434872514,False,0.640669593749899,1.800780788735807,True,770.61
Mulembwe,2008,12,1.2377419354838708,17.28,21.483870967741936,10.819354838709677,118.8,MPOTA (Tora),MPOTA (Tora),grid_m4.00_29.50,21.05743563172041,18.14712000000003,24.90000000000004,623.82793283378,-0.2242868482645833,0.976144523515282,18.118022217741952,101197.45295698923,False,False,0.3376177859350189,False,0.459983714457149,1.2377419354838708,False,770.61
Nyamagana,2008,12,0.8180645161290323,,33.59802000000002,15.42593000000005,45.221871195591135,MPARAMBO,MPARAMBO,grid_m3.00_29.25,23.818065053763465,15.42593000000005,33.59802000000002,20.67899694904,0.4061866265957796,0.5554337846229839,12.648367137096784,101120.55090725806,True,True,2.186850324850525,True,0.638553892557338,0.8180645161290323,False,770.61
Jiji,2008,12,0.7290322580645163,,21.483870967741936,10.819354838709677,118.8,MPOTA (Tora),MPOTA (Tora),grid_m4.00_29.75,19.269656787634403,14.80862000000002,26.39340000000004,274.65391140488,-0.3719998020905618,0.3588310154037097,15.749346330645151,101309.88440860216,False,False,0.7469623692808592,False,0.590981367322288,0.7290322580645163,False,770.61
Nyakagunda,2009,1,0.4290322580645162,,29.901640000000043,13.929380000000036,87.93147921034456,MPARAMBO,MPARAMBO,grid_m2.75_29.00,21.28685823924729,13.929380000000036,29.901640000000043,44.05212404364,-0.5405621468330645,-0.1384440671303763,11.12515241935489,101260.79461693548,True,True,1.9960780806672505,True,0.687432961614322,0.4290322580645162,False,770.7106666666667
Buzimba,2009,1,0.7838709677419355,19.57,28.87741935483871,18.01254,113.9,NYANZA LAC (IRAT),NYANZA LAC (IRAT),grid_m4.00_29.50,21.53432779569897,18.01254,26.56863000000004,488.10148160818,-0.2509063602340053,0.8575171113594086,18.208404798387107,101226.46262096774,False,True,0.2550133648657899,False,0.559831291169421,0.7838709677419355,False,770.7106666666667
Kaburantwa,2009,1,0.736451612903226,0.95,33.56674000000004,16.82850000000002,55.06816443032088,MPARAMBO,MPARAMBO,grid_m3.00_29.25,24.30331314516133,16.82850000000002,33.56674000000004,24.94239804134,0.255753692094758,0.2718473775693548,12.037130940860266,101162.06274865592,True,True,2.207813552612297,True,0.7038616429313811,0.736451612903226,False,770.7106666666667
Nyamagana,2009,1,0.8829032258064516,,33.56674000000004,16.82850000000002,54.54529125925547,MPARAMBO,MPARAMBO,grid_m3.00_29.25,24.30331314516133,16.82850000000002,33.56674000000004,24.94239804134,0.255753692094758,0.2718473775693548,12.037130940860266,101162.06274865592,True,True,2.186850324850525,True,0.641082972562641,0.8829032258064516,False,770.7106666666667
Rusizi,2009,1,1.85,,30.48064516129033,19.67741935483871,125.5,BUJUMBURA (Aeroport),BUJUMBURA (Aeroport),grid_m3.25_29.25,25.303948548387098,17.24645000000004,33.82687000000004,22.52626404028,0.1241618950383064,0.4251099367010753,14.086694072580656,101144.1496236559,False,False,1.5043629271954442,False,0.5948764545620691,1.85,False,770.7106666666667
Mulembwe,2009,1,1.6903225806451612,19.57,21.45483870967743,10.213333333333331,236.5,MPOTA (Tora),MPOTA (Tora),grid_m4.00_29.50,21.53432779569897,18.01254,26.56863000000004,488.10148160818,-0.2509063602340053,0.8575171113594086,18.208404798387107,101226.46262096774,False,False,0.3376177859350189,False,0.5058526366856371,1.6903225806451612,False,770.7106666666667
Mpanda,2009,1,0.8893548387096775,10.37,20.660000000000004,11.413333333333332,247.6,RWEGURA,RWEGURA,grid_m3.00_29.50,18.94403494623657,12.36318,27.46770000000004,412.48416818704,-0.3152977938966398,-0.3910127946576612,13.254311048387136,101331.01302419354,False,False,0.6181210600568109,False,0.5450026305987514,0.8893548387096775,False,770.7106666666667
Nyengwe,2009,1,,11.15,28.87741935483871,20.62080000000003,113.9,NYANZA LAC (IRAT),NYANZA LAC (IRAT),grid_m4.25_29.50,23.52693279569894,20.62080000000003,26.487120000000004,294.13461712884,-0.0042678873834677,0.8994462944014786,19.328779274193607,101149.1847110215,False,True,0.3658537084356579,False,0.6789445492333495,1.0094293117934017,True,770.7106666666667
Mutimbuzi,2009,1,,15.19,30.48064516129033,19.67741935483871,125.5,BUJUMBURA (Aeroport),BUJUMBURA (Aeroport),grid_m3.25_29.25,25.303948548387098,17.24645000000004,33.82687000000004,22.52626404028,0.1241618950383064,0.4251099367010753,14.086694072580656,101144.1496236559,False,False,1.5476478434872514,False,0.6226476539268575,1.4446115648014342,True,770.7106666666667
Jiji,2009,1,0.8483870967741937,,21.45483870967743,10.213333333333331,236.5,MPOTA (Tora),MPOTA (Tora),grid_m4.00_29.75,19.67635978494627,14.729270000000042,26.70925,197.92413720922,-0.2317859484032258,0.4183265038536291,15.69022244623659,101343.37055779569,False,False,0.7469623692808592,False,0.774216479237998,0.8483870967741937,False,770.7106666666667
Jiji,2009,2,1.015,,20.77142857142857,10.675,235.4,MPOTA (Tora),MPOTA (Tora),grid_m4.00_29.75,19.095789538690497,14.895140000000026,25.53237000000001,239.39943290278,-0.4535871013873512,0.3341395976626488,15.906844627976229,101295.82732142856,False,False,0.7469623692808592,False,0.651507416636818,1.015,False,770.823
Mulembwe,2009,2,1.9828571428571424,14.29,20.77142857142857,10.675,235.4,MPOTA (Tora),MPOTA (Tora),grid_m4.00_29.50,21.22916625000005,17.759060000000034,25.445520000000045,481.74643485704,-0.1477370262555357,0.6279512136525297,18.166186011904813,101173.1902529762,False,False,0.3376177859350189,False,0.3464877680114165,1.9828571428571424,False,770.823
Buzimba,2009,2,0.8639285714285715,14.29,28.45,17.759060000000034,132.0,NYANZA LAC (IRAT),NYANZA LAC (IRAT),grid_m4.00_29.50,21.22916625000005,17.759060000000034,25.445520000000045,481.74643485704,-0.1477370262555357,0.6279512136525297,18.166186011904813,101173.1902529762,False,True,0.2550133648657899,False,0.3894981196504455,0.8639285714285715,False,770.823
Kaburantwa,2009,2,0.7932142857142856,0.51,31.39004,15.147580000000003,88.39999999999999,MPARAMBO,MPARAMBO,grid_m3.00_29.25,22.87383074404761,15.147580000000003,31.39004,17.82941822278,0.2068132894595238,0.5213474984318452,13.692480684523844,101129.21796130952,True,True,2.207813552612297,False,0.7072924910223065,0.7932142857142856,False,770.823
Nyengwe,2009,2,,12.65,28.45,20.56967000000003,132.0,NYANZA LAC (IRAT),NYANZA LAC (IRAT),grid_m4.25_29.50,23.13602078869053,20.56967000000003,25.73263000000003,315.43683970416,0.2388872654806547,0.4473757958193453,19.098960312500022,101099.96459821428,False,True,0.3658537084356579,False,0.6470550514855705,0.9452812680755756,True,770.823
Mutimbuzi,2009,2,0.975,11.15,29.378571428571423,20.085714285714285,148.80000000000004,BUJUMBURA (Aeroport),BUJUMBURA (Aeroport),grid_m3.25_29.25,23.810432663690506,16.665580000000034,32.23770000000002,27.86159538896,0.5959545545443452,0.4497823256895834,14.680781607142876,101107.13238095236,False,False,1.5476478434872514,False,0.628062108403628,0.975,False,770.823
Nyakagunda,2009,2,0.4575000000000001,,28.97402,14.02126000000004,88.39999999999999,MPARAMBO,MPARAMBO,grid_m2.75_29.00,20.78065348214289,14.02126000000004,28.97402,44.24762716698,-0.9197779819983632,0.466779163706994,11.689481056547663,101200.21293154762,True,True,1.9960780806672505,False,0.6880915041043425,0.4575000000000001,False,770.823
Mpanda,2009,2,0.9182142857142858,5.41,20.575,11.0,205.8,RWEGURA,RWEGURA,grid_m3.00_29.50,18.21238427083336,12.389550000000042,25.90664000000004,308.504104704,-0.4896283602723214,-0.1610633301425595,13.9508185119048,101288.54663690476,False,False,0.6181210600568109,False,0.602384056823474,0.9182142857142858,False,770.823
Rusizi,2009,2,1.97,,29.378571428571423,20.085714285714285,148.80000000000004,BUJUMBURA (Aeroport),BUJUMBURA (Aeroport),grid_m3.25_29.25,23.810432663690506,16.665580000000034,32.23770000000002,27.86159538896,0.5959545545443452,0.4497823256895834,14.680781607142876,101107.13238095236,False,False,1.5043629271954442,False,0.5948916550174159,1.97,False,770.823
Nyamagana,2009,2,0.9885714285714288,,31.39004,15.147580000000003,88.39999999999999,MPARAMBO,MPARAMBO,grid_m3.00_29.25,22.87383074404761,15.147580000000003,31.39004,17.82941822278,0.2068132894595238,0.5213474984318452,13.692480684523844,101129.21796130952,True,True,2.186850324850525,False,0.6361098936843155,0.9885714285714288,False,770.823
Mutimbuzi,2009,3,0.8496774193548385,18.66,30.596774193548384,20.025806451612905,184.8,BUJUMBURA (Aeroport),BUJUMBURA (Aeroport),grid_m3.25_29.25,25.07551846774197,17.915220000000033,33.08257000000003,17.130851668080002,0.6492549525420162,0.7036392237040323,14.733948803763496,101046.3860752688,False,False,1.5476478434872514,False,0.6604334620631556,0.8496774193548385,False,770.8934999999999
Kaburantwa,2009,3,0.910967741935484,0.96,32.968800000000044,16.77093000000002,118.3,MPARAMBO,MPARAMBO,grid_m3.00_29.25,23.959565268817187,16.77093000000002,32.968800000000044,31.1436653543,0.1569165053603494,0.6533698817995968,13.77544448924732,101069.3640591398,True,True,2.207813552612297,False,0.6799100275964545,0.910967741935484,False,770.8934999999999
Nyengwe,2009,3,,14.35,29.05161290322581,20.47592000000003,160.0,NYANZA LAC (IRAT),NYANZA LAC (IRAT),grid_m4.25_29.50,23.422576236559166,20.47592000000003,26.01120000000003,423.33888973894,0.1132914640957661,0.6507709674614784,19.78892233870971,101062.69688844086,False,True,0.3658537084356579,False,0.5425226415238009,0.9206379750450608,True,770.8934999999999
Mulembwe,2009,3,1.617096774193548,18.2,21.641935483870967,10.593548387096776,243.5,MPOTA (Tora),MPOTA (Tora),grid_m4.00_29.50,21.56388907258065,18.301350000000017,26.179160000000024,534.51585680144,-0.215722155840793,0.8014805493991264,18.635024650537616,101137.27653225804,False,False,0.3376177859350189,False,0.4113479175268479,1.617096774193548,False,770.8934999999999
Mpanda,2009,3,0.9906451612903228,10.55,20.95483870967742,11.706451612903225,176.4,RWEGURA,RWEGURA,grid_m3.00_29.50,18.94901943548388,12.322530000000029,26.652000000000044,299.18193850808,-0.6786679095461021,-0.1571586157728494,14.34886318548388,101242.70546370967,False,False,0.6181210600568109,False,0.6231668756404275,0.9906451612903228,False,770.8934999999999
Nyamagana,2009,3,0.9441935483870968,,32.968800000000044,16.77093000000002,118.3,MPARAMBO,MPARAMBO,grid_m3.00_29.25,23.959565268817187,16.77093000000002,32.968800000000044,31.1436653543,0.1569165053603494,0.6533698817995968,13.77544448924732,101069.3640591398,True,True,2.186850324850525,False,0.6112118863665754,0.9441935483870968,False,770.8934999999999
Buzimba,2009,3,0.831290322580645,18.2,29.05161290322581,18.301350000000017,160.0,NYANZA LAC (IRAT),NYANZA LAC (IRAT),grid_m4.00_29.50,21.56388907258065,18.301350000000017,26.179160000000024,534.51585680144,-0.215722155840793,0.8014805493991264,18.635024650537616,101137.27653225804,False,True,0.2550133648657899,False,0.4250675805375985,0.831290322580645,False,770.8934999999999
Jiji,2009,3,0.8048387096774193,,21.641935483870967,10.593548387096776,243.5,MPOTA (Tora),MPOTA (Tora),grid_m4.00_29.75,19.63181279569892,14.962240000000008,25.70260000000001,204.7834394576,-0.4769342484038978,0.3902847316297043,16.410761599462376,101260.67202284948,False,False,0.7469623692808592,False,0.6789415538268,0.8048387096774193,False,770.8934999999999
Rusizi,2009,3,1.9,,30.596774193548384,20.025806451612905,184.8,BUJUMBURA (Aeroport),BUJUMBURA (Aeroport),grid_m3.25_29.25,25.07551846774197,17.915220000000033,33.08257000000003,17.130851668080002,0.6492549525420162,0.7036392237040323,14.733948803763496,101046.3860752688,False,False,1.5043629271954442,False,0.6216745131757659,1.9,False,770.8934999999999
Nyakagunda,2009,3,0.5054838709677419,,30.480520000000013,14.093200000000024,118.3,MPARAMBO,MPARAMBO,grid_m2.75_29.00,21.44475897849464,14.093200000000024,30.480520000000013,58.60948564006,-1.0290595849657258,0.4955237814924731,12.007976922043042,101151.05324596772,True,True,1.9960780806672505,False,0.6363694354395335,0.5054838709677419,False,770.8934999999999
Buzimba,2009,4,0.8369999999999999,10.82,28.486666666666665,17.943050000000028,229.2,NYANZA LAC (IRAT),NYANZA LAC (IRAT),grid_m4.00_29.50,20.957704569444445,17.943050000000028,25.40136000000001,623.1312762290199,-0.1230420004597222,0.66764628120625,18.41255375000003,101319.45152083332,False,True,0.2550133648657899,False,0.4275137218724645,0.8369999999999999,False,770.9876666666668
Kaburantwa,2009,4,0.91,0.86,30.80465000000004,16.051300000000026,225.80000000000004,MPARAMBO,MPARAMBO,grid_m3.00_29.25,22.69693504166668,16.051300000000026,30.80465000000004,22.60303502314,-0.0127568986535,0.6766048840037501,14.959084277777832,101267.68277777777,True,True,2.207813552612297,False,0.7275616995259064,0.91,False,770.9876666666668
Mutimbuzi,2009,4,0.8920000000000001,13.15,29.80333333333333,20.1,133.29999999999998,BUJUMBURA (Aeroport),BUJUMBURA (Aeroport),grid_m3.25_29.25,24.36478463888892,17.558680000000038,32.021450000000016,10.9124184435,0.7803569787061111,0.7852420387329165,15.09716204166665,101237.24398611112,False,False,1.5476478434872514,False,0.6569956584861214,0.8920000000000001,False,770.9876666666668
Nyakagunda,2009,4,0.4836666666666667,,28.38082000000003,14.105650000000026,225.80000000000004,MPARAMBO,MPARAMBO,grid_m2.75_29.00,20.389762430555606,14.105650000000026,28.38082000000003,41.30125032442,-1.2994173247277778,0.7308787020402778,13.17926955555555,101340.50167361111,True,True,1.9960780806672505,False,0.7032565584181685,0.4836666666666667,False,770.9876666666668
Nyengwe,2009,4,,8.54,28.486666666666665,20.50063,229.2,NYANZA LAC (IRAT),NYANZA LAC (IRAT),grid_m4.25_29.50,22.669398694444453,20.50063,24.91113000000001,622.7145194145199,0.3151632940777778,0.4604590515279166,19.556276902777768,101250.27479166666,False,True,0.3658537084356579,False,0.5635124369529755,0.9249364520689544,True,770.9876666666668
Rusizi,2009,4,2.05,,29.80333333333333,20.1,133.29999999999998,BUJUMBURA (Aeroport),BUJUMBURA (Aeroport),grid_m3.25_29.25,24.36478463888892,17.558680000000038,32.021450000000016,10.9124184435,0.7803569787061111,0.7852420387329165,15.09716204166665,101237.24398611112,False,False,1.5043629271954442,False,0.626956402564611,2.05,False,770.9876666666668
Mpanda,2009,4,1.164,5.6,20.453333333333333,11.203333333333331,181.6,RWEGURA,RWEGURA,grid_m3.00_29.50,18.19557052777781,12.981650000000002,25.14538000000005,382.3056232732,-0.8910121069247222,-0.0068261047044166,14.86947686111114,101437.370125,False,False,0.6181210600568109,False,0.6792836031672095,1.164,False,770.9876666666668
Mulembwe,2009,4,1.8053333333333328,10.82,20.780000000000005,10.82,166.4,MPOTA (Tora),MPOTA (Tora),grid_m4.00_29.50,20.957704569444445,17.943050000000028,25.40136000000001,623.1312762290199,-0.1230420004597222,0.66764628120625,18.41255375000003,101319.45152083332,False,False,0.3376177859350189,False,0.559485695775351,1.8053333333333328,False,770.9876666666668
Jiji,2009,4,0.8260000000000001,,20.780000000000005,10.82,166.4,MPOTA (Tora),MPOTA (Tora),grid_m4.00_29.75,19.0289607777778,14.761400000000036,24.29340000000002,257.04336203085995,-0.924040264729236,0.3670142277085,16.28394858333337,101449.31175694444,False,False,0.7469623692808592,False,0.6322227428386715,0.8260000000000001,False,770.9876666666668
Nyamagana,2009,4,0.9266666666666664,,30.80465000000004,16.051300000000026,225.80000000000004,MPARAMBO,MPARAMBO,grid_m3.00_29.25,22.69693504166668,16.051300000000026,30.80465000000004,22.60303502314,-0.0127568986535,0.6766048840037501,14.959084277777832,101267.68277777777,True,True,2.186850324850525,False,0.654760836508187,0.9266666666666664,False,770.9876666666668
Nyamagana,2009,5,0.9522580645161288,,30.72628000000003,15.701840000000004,84.3,MPARAMBO,MPARAMBO,grid_m3.00_29.25,22.659411330645185,15.701840000000004,30.72628000000003,32.328128816699994,0.2162492608954301,0.7044914695326614,14.40995474462369,101288.85004704302,True,True,2.186850324850525,False,0.630064241844817,0.9522580645161288,False,771.2503333333334
Nyakagunda,2009,5,0.4474193548387097,,28.32003000000003,14.35223000000002,84.3,MPARAMBO,MPARAMBO,grid_m2.75_29.00,20.526234287634395,14.35223000000002,28.32003000000003,21.05140689856,-1.4029517423077955,0.8224494553607526,12.612271250000047,101355.72762768816,True,True,1.9960780806672505,False,0.7036256782119086,0.4474193548387097,False,771.2503333333334
Mutimbuzi,2009,5,0.7012903225806454,11.79,30.50645161290323,20.225806451612904,86.8,BUJUMBURA (Aeroport),BUJUMBURA (Aeroport),grid_m3.25_29.25,23.86873174731187,17.39706000000001,31.738,43.14470296088,1.0339064045994624,0.6962668182641667,14.764832607526898,101261.76475806451,False,False,1.5476478434872514,False,0.6697795097451855,0.7012903225806454,False,771.2503333333334
Rusizi,2009,5,2.06,,30.50645161290323,20.225806451612904,86.8,BUJUMBURA (Aeroport),BUJUMBURA (Aeroport),grid_m3.25_29.25,23.86873174731187,17.39706000000001,31.738,43.14470296088,1.0339064045994624,0.6962668182641667,14.764832607526898,101261.76475806451,False,False,1.5043629271954442,False,0.6004057391914039,2.06,False,771.2503333333334
Mpanda,2009,5,1.3270967741935482,5.15,19.335483870967742,11.370967741935484,248.2,RWEGURA,RWEGURA,grid_m3.00_29.50,18.27963881720433,12.221370000000036,25.23803000000004,219.89870090406,-0.7705776472096774,0.0078375088734543,14.247708642473128,101439.6848857527,False,False,0.6181210600568109,False,0.6162288709827655,1.3270967741935482,False,771.2503333333334
Nyengwe,2009,5,,9.46,28.91290322580645,20.08877000000001,133.5,NYANZA LAC (IRAT),NYANZA LAC (IRAT),grid_m4.25_29.50,23.03125352150539,20.08877000000001,25.389250000000004,360.00347083858003,0.7084354476962366,0.1803267972424999,19.113321263440863,101248.27414650538,False,True,0.3658537084356579,False,0.7180967910815915,1.0167338819106575,True,771.2503333333334
Mulembwe,2009,5,1.5787096774193548,12.01,20.374193548387098,10.92258064516129,151.49999999999994,MPOTA (Tora),MPOTA (Tora),grid_m4.00_29.50,21.102369637096785,17.75967000000003,25.094629999999995,415.64035424664,0.0341229803430107,0.4255660537975806,18.176763790322585,101320.44415994624,False,False,0.3376177859350189,False,0.6492742777151626,1.5787096774193548,False,771.2503333333334
Kaburantwa,2009,5,0.9119354838709676,0.6,30.72628000000003,15.701840000000004,84.3,MPARAMBO,MPARAMBO,grid_m3.00_29.25,22.659411330645185,15.701840000000004,30.72628000000003,32.328128816699994,0.2162492608954301,0.7044914695326614,14.40995474462369,101288.85004704302,True,True,2.207813552612297,False,0.7309537266270405,0.9119354838709676,False,771.2503333333334
Jiji,2009,5,0.7509677419354839,,20.374193548387098,10.92258064516129,151.49999999999994,MPOTA (Tora),MPOTA (Tora),grid_m4.00_29.75,19.169744005376344,14.628750000000023,25.027300000000025,137.75968571064,-0.8353471040136653,0.3312372051943548,15.357291666666695,101434.56346774191,False,False,0.7469623692808592,False,0.655364908403148,0.7509677419354839,False,771.2503333333334
Buzimba,2009,5,0.7935483870967744,12.01,28.91290322580645,17.75967000000003,133.5,NYANZA LAC (IRAT),NYANZA LAC (IRAT),grid_m4.00_29.50,21.102369637096785,17.75967000000003,25.094629999999995,415.64035424664,0.0341229803430107,0.4255660537975806,18.176763790322585,101320.44415994624,False,True,0.2550133648657899,False,0.5309873508886485,0.7935483870967744,False,771.2503333333334
Mpanda,2009,6,0.7490000000000001,1.11,20.64,11.23,12.6,RWEGURA,RWEGURA,grid_m3.00_29.50,18.320157944444475,11.182520000000013,25.79443000000004,47.00136145186,-0.9855693395402778,0.2037701924680555,12.008246541666663,101532.98845833332,False,False,0.6181210600568109,False,0.4978039226828125,0.7490000000000001,False,771.019
Nyamagana,2009,6,0.8430000000000002,,30.711630000000017,13.978660000000048,1.0,MPARAMBO,MPARAMBO,grid_m3.00_29.25,22.20639397222226,13.978660000000048,30.711630000000017,4.0626526088,0.4864602840700972,0.8553774507366667,12.21990023611113,101403.79330555556,True,True,2.186850324850525,False,0.5195360931322506,0.8430000000000002,False,771.019
Mulembwe,2009,6,1.4810000000000003,3.21,20.980000000000004,8.266666666666667,12.2,MPOTA (Tora),MPOTA (Tora),grid_m4.00_29.50,21.024224694444456,16.486080000000015,25.301750000000027,131.54363637612002,0.0468009948584722,0.4725052727465277,17.306309791666706,101446.85130555557,False,False,0.3376177859350189,False,0.4996892491170674,1.4810000000000003,False,771.019
Buzimba,2009,6,0.7726666666666666,3.21,29.81333333333333,16.486080000000015,30.8,NYANZA LAC (IRAT),NYANZA LAC (IRAT),grid_m4.00_29.50,21.024224694444456,16.486080000000015,25.301750000000027,131.54363637612002,0.0468009948584722,0.4725052727465277,17.306309791666706,101446.85130555557,False,True,0.2550133648657899,False,0.498448072389883,0.7726666666666666,False,771.019
Rusizi,2009,6,1.82,,30.680000000000003,18.380000000000003,1.6,BUJUMBURA (Aeroport),BUJUMBURA (Aeroport),grid_m3.25_29.25,23.10558831944445,14.764120000000048,31.35693000000004,7.23886488052,1.4440272869694446,1.1035870877421528,13.4337892916667,101382.35669444445,False,False,1.5043629271954442,False,0.5365371806070536,1.82,False,771.019
Kaburantwa,2009,6,0.8023333333333333,0.35,30.711630000000017,13.978660000000048,1.0,MPARAMBO,MPARAMBO,grid_m3.00_29.25,22.20639397222226,13.978660000000048,30.711630000000017,4.0626526088,0.4864602840700972,0.8553774507366667,12.21990023611113,101403.79330555556,True,True,2.207813552612297,False,0.653216189809655,0.8023333333333333,False,771.019
Mutimbuzi,2009,6,0.5833333333333334,2.35,30.680000000000003,18.380000000000003,1.6,BUJUMBURA (Aeroport),BUJUMBURA (Aeroport),grid_m3.25_29.25,23.10558831944445,14.764120000000048,31.35693000000004,7.23886488052,1.4440272869694446,1.1035870877421528,13.4337892916667,101382.35669444445,False,False,1.5476478434872514,False,0.5764870171361445,0.5833333333333334,False,771.019
Jiji,2009,6,0.5533333333333331,,20.980000000000004,8.266666666666667,12.2,MPOTA (Tora),MPOTA (Tora),grid_m4.00_29.75,19.17306313888889,13.708920000000036,25.528800000000047,59.04579153334,-1.119964683725417,0.5230328894,13.435419638888902,101558.81446527778,False,False,0.7469623692808592,False,0.739217005259065,0.5533333333333331,False,771.019
Nyakagunda,2009,6,0.4070000000000002,,28.03628000000004,12.943320000000028,1.0,MPARAMBO,MPARAMBO,grid_m2.75_29.00,20.360040138888905,12.943320000000028,28.03628000000004,3.42845915908,-1.5417569486902778,1.0919578552861111,10.20202111111115,101468.86394444446,True,True,1.9960780806672505,False,0.6021002018995615,0.4070000000000002,False,771.019
Nyengwe,2009,6,,2.42,29.81333333333333,21.145399999999995,30.8,NYANZA LAC (IRAT),NYANZA LAC (IRAT),grid_m4.25_29.50,23.252669638888904,21.145399999999995,25.83690000000001,68.82429110282,0.8407381692456946,0.1981549570877777,18.04048109722225,101372.28184722224,False,True,0.3658537084356579,False,0.673144041831218,1.0907078595948685,True,771.019
Nyamagana,2009,7,0.793225806451613,,32.01028000000002,13.431669999999995,0.0,MPARAMBO,MPARAMBO,grid_m3.00_29.25,22.511367486559152,13.431669999999995,32.01028000000002,0.4668235753599999,0.4316387993115591,1.1661706350291663,10.563368736559198,101498.35262768816,True,True,2.186850324850525,False,0.4067034954066439,0.793225806451613,False,770.9926666666667
Rusizi,2009,7,1.64,,30.25666666666667,16.993548387096777,0.0,BUJUMBURA (Aeroport),BUJUMBURA (Aeroport),grid_m3.25_29.25,23.37774138440864,14.205470000000048,32.36575000000005,0.48446655392,1.201930034810484,1.6480937284112902,12.50462262096778,101483.1160685484,False,False,1.5043629271954442,False,0.457399093398444,1.64,False,770.9926666666667
Nyengwe,2009,7,,0.86,30.02903225806452,19.695340000000044,0.0,NYANZA LAC (IRAT),NYANZA LAC (IRAT),grid_m4.25_29.50,22.592574395161307,19.695340000000044,25.33083000000005,22.42183663796,0.764506166247043,0.7545403544385753,16.27468375000001,101501.42583333331,False,True,0.3658537084356579,False,0.5878991930748094,0.9042211453189788,True,770.9926666666667
Mutimbuzi,2009,7,0.4519354838709677,0.82,30.25666666666667,16.993548387096777,0.0,BUJUMBURA (Aeroport),BUJUMBURA (Aeroport),grid_m3.25_29.25,23.37774138440864,14.205470000000048,32.36575000000005,0.48446655392,1.201930034810484,1.6480937284112902,12.50462262096778,101483.1160685484,False,False,1.5476478434872514,False,0.4726132389313765,0.4519354838709677,False,770.9926666666667
Buzimba,2009,7,0.6922580645161288,0.99,30.02903225806452,14.931669999999995,0.0,NYANZA LAC (IRAT),NYANZA LAC (IRAT),grid_m4.00_29.50,20.39316670698929,14.931669999999995,24.74690000000004,53.4424784293,0.1000590782078763,0.9257249345032258,16.07337276881725,101569.69568548388,False,True,0.2550133648657899,False,0.5609764060638696,0.6922580645161288,False,770.9926666666667
Jiji,2009,7,0.4764516129032261,,21.296774193548387,7.177777777777777,0.4,MPOTA (Tora),MPOTA (Tora),grid_m4.00_29.75,18.91086278225805,11.889980000000037,26.506100000000004,12.10069654516,-1.1226076734030914,0.9590501300569892,11.03132000000005,101664.80824596774,False,False,0.7469623692808592,False,0.6405310608112236,0.4764516129032261,False,770.9926666666667
Nyakagunda,2009,7,0.3706451612903224,,28.91500000000002,11.256000000000029,0.0,MPARAMBO,MPARAMBO,grid_m2.75_29.00,19.943344583333328,11.256000000000029,28.91500000000002,0.71859359338,-1.5644496989717742,1.1417408234166666,9.137361250000026,101559.0330107527,True,True,1.9960780806672505,False,0.4511868139680365,0.3706451612903224,False,770.9926666666667
Mulembwe,2009,7,0.8751612903225809,0.99,21.296774193548387,7.177777777777777,0.4,MPOTA (Tora),MPOTA (Tora),grid_m4.00_29.50,20.39316670698929,14.931669999999995,24.74690000000004,53.4424784293,0.1000590782078763,0.9257249345032258,16.07337276881725,101569.69568548388,False,False,0.3376177859350189,False,0.493707750315595,0.8751612903225809,False,770.9926666666667
Mpanda,2009,7,0.7216129032258066,0.45,21.00645161290323,10.503225806451614,0.5,RWEGURA,RWEGURA,grid_m3.00_29.50,18.391699368279543,10.385460000000023,27.1943,10.98966596272,-0.8194913359266129,0.7226813152950416,9.954098198924784,101612.25538978496,False,False,0.6181210600568109,False,0.4087278369818344,0.7216129032258066,False,770.9926666666667
Kaburantwa,2009,7,0.6500000000000002,0.2,32.01028000000002,13.431669999999995,0.0,MPARAMBO,MPARAMBO,grid_m3.00_29.25,22.511367486559152,13.431669999999995,32.01028000000002,0.4668235753599999,0.4316387993115591,1.1661706350291663,10.563368736559198,101498.35262768816,True,True,2.207813552612297,False,0.529317701423163,0.6500000000000002,False,770.9926666666667
Jiji,2009,8,0.4200000000000001,,22.167741935483864,8.6,1.7,MPOTA (Tora),MPOTA (Tora),grid_m4.00_29.75,20.59491797043012,14.731470000000002,27.439630000000022,10.05077356518,-0.8456451456899731,0.9976999219293012,12.08897893817209,101452.4130376344,False,False,0.7469623692808592,False,0.57870175637072,0.4200000000000001,False,770.8423333333334
Nyakagunda,2009,8,0.3403225806451612,,28.47103000000004,13.837980000000016,0.8,MPARAMBO,MPARAMBO,grid_m2.75_29.00,20.88505138440865,13.837980000000016,28.47103000000004,0.91409682888,-1.369178464444355,1.1616403505548387,10.454373440860252,101391.56713709678,True,True,1.9960780806672505,False,0.3932613869457235,0.3403225806451612,False,770.8423333333334
Rusizi,2009,8,1.46,,31.1483870967742,18.55806451612903,3.5,BUJUMBURA (Aeroport),BUJUMBURA (Aeroport),grid_m3.25_29.25,24.654222889784933,16.54006000000004,32.06167000000005,1.3222694473199998,1.2809772099107528,1.3717010450945162,12.478924072580696,101290.49299731184,False,False,1.5043629271954442,False,0.406950143622709,1.46,False,770.8423333333334
Mulembwe,2009,8,0.7548387096774191,0.45,22.167741935483864,8.6,1.7,MPOTA (Tora),MPOTA (Tora),grid_m4.00_29.50,21.50653913978499,16.82430000000005,25.6669,51.33152019952,0.1819099302916801,0.5557345116572581,16.992861102150528,101358.77934139784,False,False,0.3376177859350189,False,0.412966593725329,0.7548387096774191,False,770.8423333333334
Buzimba,2009,8,0.6583870967741935,0.45,31.46451612903225,16.82430000000005,0.0,NYANZA LAC (IRAT),NYANZA LAC (IRAT),grid_m4.00_29.50,21.50653913978499,16.82430000000005,25.6669,51.33152019952,0.1819099302916801,0.5557345116572581,16.992861102150528,101358.77934139784,False,True,0.2550133648657899,False,0.462284533553893,0.6583870967741935,False,770.8423333333334
Kaburantwa,2009,8,0.5416129032258065,0.11,31.425960000000032,15.689480000000003,0.8,MPARAMBO,MPARAMBO,grid_m3.00_29.25,23.45446587365592,15.689480000000003,31.425960000000032,0.8540153534999999,0.7186386564158601,0.9931951329193548,11.197755053763444,101313.6982123656,True,True,2.207813552612297,False,0.4575201806815965,0.5416129032258065,False,770.8423333333334
Nyamagana,2009,8,0.7361290322580644,,31.425960000000032,15.689480000000003,0.8,MPARAMBO,MPARAMBO,grid_m3.00_29.25,23.45446587365592,15.689480000000003,31.425960000000032,0.8540153534999999,0.7186386564158601,0.9931951329193548,11.197755053763444,101313.6982123656,True,True,2.186850324850525,False,0.3498395913423515,0.7361290322580644,False,770.8423333333334
Mutimbuzi,2009,8,0.342258064516129,0.38,31.1483870967742,18.55806451612903,3.5,BUJUMBURA (Aeroport),BUJUMBURA (Aeroport),grid_m3.25_29.25,24.654222889784933,16.54006000000004,32.06167000000005,1.3222694473199998,1.2809772099107528,1.3717010450945162,12.478924072580696,101290.49299731184,False,False,1.5476478434872514,False,0.4247856291613825,0.342258064516129,False,770.8423333333334
Mpanda,2009,8,0.767741935483871,0.2,21.83548387096774,12.23548387096774,48.8,RWEGURA,RWEGURA,grid_m3.00_29.50,19.74446860215056,13.1216,27.420560000000023,32.65571575832,-0.5651459433101746,0.5298713567916666,11.240125739247333,101436.25275537634,False,False,0.6181210600568109,False,0.371810280391243,0.767741935483871,False,770.8423333333334
Nyengwe,2009,8,,0.36,31.46451612903225,21.41897,0.0,NYANZA LAC (IRAT),NYANZA LAC (IRAT),grid_m4.25_29.50,23.745114744623663,21.41897,25.8535,17.25769050584,0.8397717830627689,0.3164714474066532,16.978672217741916,101281.47603494624,False,True,0.3658537084356579,False,0.5264248802484355,1.1277662294445392,True,770.8423333333334
Jiji,2009,9,0.386,,22.666666666666664,9.313333333333333,65.5,MPOTA (Tora),MPOTA (Tora),grid_m4.00_29.75,21.85502175000005,16.022760000000005,29.04920000000004,50.77791226772,-0.6053047401370834,0.7462670835005097,12.927805597222289,101399.78540972224,False,False,0.7469623692808592,False,0.4843562436118069,0.386,False,770.716
Kaburantwa,2009,9,0.4693333333333335,0.09,33.398030000000006,16.56378000000001,49.9,MPARAMBO,MPARAMBO,grid_m3.00_29.25,24.589966375000017,16.56378000000001,33.398030000000006,7.28273388136,0.6792533672707917,0.7487084930336667,10.93071931944445,101274.29461805556,True,True,2.207813552612297,False,0.485047090210334,0.4693333333333335,False,770.716
Nyengwe,2009,9,,0.25,31.57333333333333,21.627400000000023,71.0,NYANZA LAC (IRAT),NYANZA LAC (IRAT),grid_m4.25_29.50,24.81101948611115,21.627400000000023,27.50536,72.05390952748,0.8624158023676848,0.0410438315455555,17.91291912500003,101219.48505555556,False,True,0.3658537084356579,False,0.448747632056833,1.1267213040160602,True,770.716
Nyamagana,2009,9,0.7436666666666666,,33.398030000000006,16.56378000000001,49.9,MPARAMBO,MPARAMBO,grid_m3.00_29.25,24.589966375000017,16.56378000000001,33.398030000000006,7.28273388136,0.6792533672707917,0.7487084930336667,10.93071931944445,101274.29461805556,True,True,2.186850324850525,False,0.3706646538809884,0.7436666666666666,False,770.716
Buzimba,2009,9,0.6523333333333335,1.41,31.57333333333333,18.91920000000005,71.0,NYANZA LAC (IRAT),NYANZA LAC (IRAT),grid_m4.00_29.50,22.68580808333337,18.91920000000005,27.38818000000004,179.3751711189,0.1897052977620139,0.3368120618938889,17.670584597222273,101305.48664583334,False,True,0.2550133648657899,False,0.2786997383611305,0.6523333333333335,False,770.716
Rusizi,2009,9,1.44,,32.489999999999995,19.520000000000003,5.0,BUJUMBURA (Aeroport),BUJUMBURA (Aeroport),grid_m3.25_29.25,25.52630500000004,17.672020000000032,33.692830000000015,1.60264969466,1.2583508596888888,1.0528493902595832,11.67434994444443,101245.72170833332,False,False,1.5043629271954442,False,0.395931662454734,1.44,False,770.716
Nyakagunda,2009,9,0.343,,30.67147,14.87515000000002,49.9,MPARAMBO,MPARAMBO,grid_m2.75_29.00,22.042836222222263,14.87515000000002,30.67147,14.6613121023,-0.9807835273606944,0.8372610085000001,10.48167941666668,101371.70922222224,True,True,1.9960780806672505,False,0.528931204383021,0.343,False,770.716
Mulembwe,2009,9,0.8313333333333333,1.41,22.666666666666664,9.313333333333333,65.5,MPOTA (Tora),MPOTA (Tora),grid_m4.00_29.50,22.68580808333337,18.91920000000005,27.38818000000004,179.3751711189,0.1897052977620139,0.3368120618938889,17.670584597222273,101305.48664583334,False,False,0.3376177859350189,False,0.2983012717455415,0.8313333333333333,False,770.716
Mutimbuzi,2009,9,0.326,4.56,32.489999999999995,19.520000000000003,5.0,BUJUMBURA (Aeroport),BUJUMBURA (Aeroport),grid_m3.25_29.25,25.52630500000004,17.672020000000032,33.692830000000015,1.60264969466,1.2583508596888888,1.0528493902595832,11.67434994444443,101245.72170833332,False,False,1.5476478434872514,False,0.4102609329313205,0.326,False,770.716
Mpanda,2009,9,0.6056666666666666,0.78,22.31,12.086666666666668,50.39999999999999,RWEGURA,RWEGURA,grid_m3.00_29.50,20.20127241666665,13.672330000000043,28.07577000000004,170.39012920692002,-0.584053654881,0.0916772418486111,12.272611305555586,101422.89655555556,False,False,0.6181210600568109,False,0.348853267815556,0.6056666666666666,False,770.716
Mpanda,2009,10,0.8077419354838711,1.5,21.470967741935485,11.719354838709677,103.6,RWEGURA,RWEGURA,grid_m3.00_29.50,19.054816209677423,13.037869999999998,27.014730000000043,297.35660646714,-0.763029898733871,-0.4078815207795699,13.712433172043063,101316.75229166666,False,False,0.6181210600568109,False,0.451445339543548,0.8077419354838711,False,770.5983333333334
Jiji,2009,10,0.4080645161290324,,22.03548387096774,11.13548387096774,120.1,MPOTA (Tora),MPOTA (Tora),grid_m4.00_29.75,20.907236989247338,15.854300000000023,28.335230000000024,174.25727869386,-0.8200144205783602,0.3431974216281586,14.804718346774225,101271.97811827956,False,False,0.7469623692808592,False,0.585419337986703,0.4080645161290324,False,770.5983333333334
Buzimba,2009,10,0.7183870967741937,5.97,30.99310344827586,18.885550000000023,55.6,NYANZA LAC (IRAT),NYANZA LAC (IRAT),grid_m4.00_29.50,22.11656524193552,18.885550000000023,26.32150000000001,572.47066452734,0.124923993147043,0.370761686427957,18.217654704301083,101170.30997311827,False,True,0.2550133648657899,False,0.261388689958633,0.7183870967741937,False,770.5983333333334
Mulembwe,2009,10,0.7358064516129033,5.97,22.03548387096774,11.13548387096774,120.1,MPOTA (Tora),MPOTA (Tora),grid_m4.00_29.50,22.11656524193552,18.885550000000023,26.32150000000001,572.47066452734,0.124923993147043,0.370761686427957,18.217654704301083,101170.30997311827,False,False,0.3376177859350189,False,0.268496182573768,0.7358064516129033,False,770.5983333333334
Nyakagunda,2009,10,0.3616129032258063,,29.63748000000004,15.041830000000004,174.7,MPARAMBO,MPARAMBO,grid_m2.75_29.00,21.39138365591401,15.041830000000004,29.63748000000004,28.92017357448,-1.077013117883508,0.6772776169119624,11.513582110215054,101244.82441532255,True,True,1.9960780806672505,False,0.642390250052133,0.3616129032258063,False,770.5983333333334
Mutimbuzi,2009,10,0.554516129032258,12.37,31.64285714285715,20.08620689655172,67.6,BUJUMBURA (Aeroport),BUJUMBURA (Aeroport),grid_m3.25_29.25,25.02337969086028,18.2242,33.108180000000004,5.880832660519999,1.2845972113709676,0.5120324785650537,12.523030188172072,101122.18877016129,False,False,1.5476478434872514,False,0.450832310329027,0.554516129032258,False,770.5983333333334
Nyengwe,2009,10,,0.89,30.99310344827586,21.422000000000025,55.6,NYANZA LAC (IRAT),NYANZA LAC (IRAT),grid_m4.25_29.50,24.15376940860216,21.422000000000025,26.97580000000005,301.35393090266,0.7843150079975807,0.0368101263803763,18.852499516129058,101087.39646505375,False,True,0.3658537084356579,False,0.402090806816978,1.003077992855495,True,770.5983333333334
Kaburantwa,2009,10,0.4661290322580644,0.07,32.29177000000004,17.05038000000002,174.7,MPARAMBO,MPARAMBO,grid_m3.00_29.25,23.91754309139787,17.05038000000002,32.29177000000004,10.2458000021,0.5229532788802419,0.5089439683158602,12.250411854838774,101152.78323252688,True,True,2.207813552612297,False,0.544492543207911,0.4661290322580644,False,770.5983333333334
Rusizi,2009,10,1.38,,31.64285714285715,20.08620689655172,67.6,BUJUMBURA (Aeroport),BUJUMBURA (Aeroport),grid_m3.25_29.25,25.02337969086028,18.2242,33.108180000000004,5.880832660519999,1.2845972113709676,0.5120324785650537,12.523030188172072,101122.18877016129,False,False,1.5043629271954442,False,0.429778897606068,1.38,False,770.5983333333334
Nyamagana,2009,10,0.7645161290322581,,32.29177000000004,17.05038000000002,174.7,MPARAMBO,MPARAMBO,grid_m3.00_29.25,23.91754309139787,17.05038000000002,32.29177000000004,10.2458000021,0.5229532788802419,0.5089439683158602,12.250411854838774,101152.78323252688,True,True,2.186850324850525,False,0.46658693977601,0.7645161290322581,False,770.5983333333334
Nyamagana,2009,11,0.8903333333333331,,31.318380000000047,16.653500000000008,237.6,MPARAMBO,MPARAMBO,grid_m3.00_29.25,22.73905659722226,16.653500000000008,31.318380000000047,44.81983204776,0.2902712989041666,0.3450713684066667,14.72404691666668,101205.59206944444,True,True,2.186850324850525,False,0.57516104194103,0.8903333333333331,False,770.665
Buzimba,2009,11,0.757,18.39,28.51,18.170500000000004,166.8,NYANZA LAC (IRAT),NYANZA LAC (IRAT),grid_m4.00_29.50,21.27757377777777,18.170500000000004,25.487540000000024,701.48038942516,-0.0220157559475,0.6681914870604444,18.37585631944449,101234.12209722222,False,True,0.2550133648657899,False,0.2367518744560845,0.757,False,770.665
Mulembwe,2009,11,1.270333333333333,18.39,21.073333333333327,11.786666666666664,182.9,MPOTA (Tora),MPOTA (Tora),grid_m4.00_29.50,21.27757377777777,18.170500000000004,25.487540000000024,701.48038942516,-0.0220157559475,0.6681914870604444,18.37585631944449,101234.12209722222,False,False,0.3376177859350189,False,0.3660602846316445,1.270333333333333,False,770.665
Nyakagunda,2009,11,0.438,,28.536770000000047,14.631650000000036,237.6,MPARAMBO,MPARAMBO,grid_m2.75_29.00,20.478661722222228,14.631650000000036,28.536770000000047,98.64521045236,-0.7475759234834722,0.4225154878361111,13.343979333333325,101284.3132361111,True,True,1.9960780806672505,False,0.6359855636473974,0.438,False,770.665
Mutimbuzi,2009,11,0.8263333333333333,18.61,30.223333333333336,20.73,249.0,BUJUMBURA (Aeroport),BUJUMBURA (Aeroport),grid_m3.25_29.25,24.136623222222227,18.0068,32.53677000000005,37.38546377382,0.5930355146295416,0.3319352459247222,14.9738622083334,101177.60075,False,False,1.5476478434872514,False,0.6052404095627499,0.8263333333333333,False,770.665
Kaburantwa,2009,11,0.5416666666666667,0.12,31.318380000000047,16.653500000000008,237.6,MPARAMBO,MPARAMBO,grid_m3.00_29.25,22.73905659722226,16.653500000000008,31.318380000000047,44.81983204776,0.2902712989041666,0.3450713684066667,14.72404691666668,101205.59206944444,True,True,2.207813552612297,False,0.6542462610291675,0.5416666666666667,False,770.665
Rusizi,2009,11,1.79,,30.223333333333336,20.73,249.0,BUJUMBURA (Aeroport),BUJUMBURA (Aeroport),grid_m3.25_29.25,24.136623222222227,18.0068,32.53677000000005,37.38546377382,0.5930355146295416,0.3319352459247222,14.9738622083334,101177.60075,False,False,1.5043629271954442,False,0.569602246048272,1.79,False,770.665
Jiji,2009,11,0.5830000000000001,,21.073333333333327,11.786666666666664,182.9,MPOTA (Tora),MPOTA (Tora),grid_m4.00_29.75,19.596294611111148,15.56677000000002,26.82974000000001,287.76502641706,-0.437034472842875,0.3160091409509722,15.901081013888929,101346.3898125,False,False,0.7469623692808592,False,0.4926504528858915,0.5830000000000001,False,770.665
Mpanda,2009,11,0.9133333333333332,7.66,20.766666666666666,11.87,239.40000000000003,RWEGURA,RWEGURA,grid_m3.00_29.50,18.519004430555583,13.022420000000013,25.427760000000035,398.74839653434,-0.4138682408963888,-0.2692257773412083,14.73237994444446,101363.83911111113,False,False,0.6181210600568109,False,0.581686346959679,0.9133333333333332,False,770.665
Nyengwe,2009,11,,9.83,28.51,19.88394,166.8,NYANZA LAC (IRAT),NYANZA LAC (IRAT),grid_m4.25_29.50,22.99230373611113,19.88394,26.367400000000032,529.4113169567199,0.3498321162008333,0.6089616138875694,19.22339559722224,101162.30802777778,False,True,0.3658537084356579,False,0.466558668288781,0.7569492280069996,True,770.665
Mpanda,2009,12,0.9467741935483872,8.75,20.40967741935484,11.870967741935484,127.1,RWEGURA,RWEGURA,grid_m3.00_29.50,18.368573548387133,13.066300000000012,26.23263000000003,401.12829190262,-0.4094502849126209,-0.2939236346111559,14.710552889784992,101419.44813172042,False,False,0.6181210600568109,False,0.670442096437621,0.9467741935483872,False,770.953
Mutimbuzi,2009,12,0.9119354838709676,17.77,29.73870967741935,20.39333333333333,225.8,BUJUMBURA (Aeroport),BUJUMBURA (Aeroport),grid_m3.25_29.25,24.2794046774194,17.269900000000007,32.87130000000002,123.05927222238,0.2703658479032258,0.3179767764252419,15.360116895161298,101231.19159946236,False,False,1.5476478434872514,False,0.6543110376460579,0.9119354838709676,False,770.953
Nyamagana,2009,12,0.9277419354838712,,31.98818,16.300070000000005,153.6,MPARAMBO,MPARAMBO,grid_m3.00_29.25,22.965621048387103,16.300070000000005,31.98818,55.243492159,0.1437185557336908,0.3559196424251344,14.738093642473132,101253.91275537635,True,True,2.186850324850525,False,0.6210300115300955,0.9277419354838712,False,770.953
Kaburantwa,2009,12,0.7809677419354839,0.22,31.98818,16.300070000000005,153.6,MPARAMBO,MPARAMBO,grid_m3.00_29.25,22.965621048387103,16.300070000000005,31.98818,55.243492159,0.1437185557336908,0.3559196424251344,14.738093642473132,101253.91275537635,True,True,2.207813552612297,False,0.6631326875279164,0.7809677419354839,False,770.953
Nyengwe,2009,12,,8.31,28.42903225806452,20.54708000000005,179.6,NYANZA LAC (IRAT),NYANZA LAC (IRAT),grid_m4.25_29.50,23.035925645161345,20.54708000000005,25.879819999999995,345.86763351024,0.2338838889470161,0.5806156471460618,19.240506155913977,101217.83125,False,True,0.3658537084356579,False,0.5882013958786135,0.916469090925606,True,770.953
Rusizi,2009,12,1.82,,29.73870967741935,20.39333333333333,225.8,BUJUMBURA (Aeroport),BUJUMBURA (Aeroport),grid_m3.25_29.25,24.2794046774194,17.269900000000007,32.87130000000002,123.05927222238,0.2703658479032258,0.3179767764252419,15.360116895161298,101231.19159946236,False,False,1.5043629271954442,False,0.6031626874878104,1.82,False,770.953
Nyakagunda,2009,12,0.4374193548387097,,29.22200000000004,14.69380000000001,153.6,MPARAMBO,MPARAMBO,grid_m2.75_29.00,20.959097392473097,14.69380000000001,29.22200000000004,46.397685907740005,-0.7359253652628359,0.2853118115237097,12.863096209677453,101329.31847446236,True,True,1.9960780806672505,False,0.6844632328943869,0.4374193548387097,False,770.953
Jiji,2009,12,0.8454838709677418,,20.81290322580645,10.993548387096777,175.50000000000003,MPOTA (Tora),MPOTA (Tora),grid_m4.00_29.75,19.24128456989252,15.673429999999996,25.29400000000004,258.98218142668003,-0.1958482408146505,0.3279576661686828,16.494496760752668,101412.36635080643,False,False,0.7469623692808592,False,0.5754581105048635,0.8454838709677418,False,770.953
Buzimba,2009,12,0.7499999999999999,14.34,28.42903225806452,18.035600000000045,179.6,NYANZA LAC (IRAT),NYANZA LAC (IRAT),grid_m4.00_29.50,21.223304690860232,18.035600000000045,26.37014000000005,585.6070516002,-0.0615932097823924,0.6534732494033064,18.4122682795699,101292.71197580644,False,True,0.2550133648657899,False,0.311719298949126,0.7499999999999999,False,770.953
Mulembwe,2009,12,1.9416129032258065,14.34,20.81290322580645,10.993548387096777,175.50000000000003,MPOTA (Tora),MPOTA (Tora),grid_m4.00_29.50,21.223304690860232,18.035600000000045,26.37014000000005,585.6070516002,-0.0615932097823924,0.6534732494033064,18.4122682795699,101292.71197580644,False,False,0.3376177859350189,False,0.43502323670594,1.9416129032258065,False,770.953
Nyamagana,2010,1,1.0096296296296297,,31.69870000000003,15.56698,114.5,MPARAMBO,MPARAMBO,grid_m3.00_29.25,22.764192728494606,15.56698,31.69870000000003,103.73497060496,0.4203899146577957,0.2418527506680107,15.508073602150546,101259.09997983872,True,True,2.186850324850525,False,0.6819267505621455,1.0096296296296297,False,771.1395
Jiji,2010,1,0.993548387096774,,21.92,11.129032258064514,172.50000000000003,MPOTA (Tora),MPOTA (Tora),grid_m4.00_29.75,20.00173626344088,15.85623000000004,27.05886000000004,305.47523513416,-0.2203033394604838,0.2593652456793011,16.677389059139784,101407.65071908604,False,False,0.7469623692808592,False,0.7120583622301015,0.993548387096774,False,771.1395
Mulembwe,2010,1,2.03483870967742,19.9,21.92,11.129032258064514,172.50000000000003,MPOTA (Tora),MPOTA (Tora),grid_m4.00_29.50,21.843433400537663,18.41410000000002,27.13632000000001,571.8402863110799,0.0124361800811827,0.4648266447759409,18.819906922043003,101288.76832661292,False,False,0.3376177859350189,False,0.5408985003547385,2.03483870967742,False,771.1395
Rusizi,2010,1,2.04,,30.56774193548388,20.73548387096774,210.4,BUJUMBURA (Aeroport),BUJUMBURA (Aeroport),grid_m3.25_29.25,23.72714079301079,16.53964000000002,32.218440000000044,155.750274037,0.4563481541696908,0.1483626421098992,16.771695833333354,101234.38828629033,False,False,1.5043629271954442,False,0.6587999445833815,2.04,False,771.1395
Mpanda,2010,1,0.9561290322580648,9.13,21.56774193548388,11.935483870967742,265.7,RWEGURA,RWEGURA,grid_m3.00_29.50,19.246666962365623,13.600430000000015,29.31002000000001,332.82327602238,-0.2225412952310484,-0.4446470610349865,14.520231008064512,101404.35871639784,False,False,0.6181210600568109,False,0.699673017971878,0.9561290322580648,False,771.1395
Nyengwe,2010,1,0.9564516129032258,13.03,29.06,20.04516129032258,192.6,NYANZA LAC (IRAT),NYANZA LAC (IRAT),grid_m4.25_29.50,23.61045459677422,21.08280000000002,26.88445000000001,314.76640682906,0.3512101739056452,0.2358975570158198,19.61565358870968,101210.45784274196,False,False,0.3658537084356579,False,0.676862968023217,0.9564516129032258,False,771.1395
Kaburantwa,2010,1,0.8170967741935482,0.15,31.69870000000003,15.56698,114.5,MPARAMBO,MPARAMBO,grid_m3.00_29.25,22.764192728494606,15.56698,31.69870000000003,103.73497060496,0.4203899146577957,0.2418527506680107,15.508073602150546,101259.09997983872,True,True,2.207813552612297,False,0.743389730766679,0.8170967741935482,False,771.1395
Nyakagunda,2010,1,0.4516129032258063,,30.66550000000001,15.236100000000022,114.5,MPARAMBO,MPARAMBO,grid_m2.75_29.00,21.15733229838713,15.236100000000022,30.66550000000001,76.48468037576001,-0.5525866056879032,0.1182270254822284,13.647798521505422,101334.03378360216,True,True,1.9960780806672505,False,0.7210920108860566,0.4516129032258063,False,771.1395
Buzimba,2010,1,0.840967741935484,19.9,29.06,20.04516129032258,192.6,NYANZA LAC (IRAT),NYANZA LAC (IRAT),grid_m4.00_29.50,21.843433400537663,18.41410000000002,27.13632000000001,571.8402863110799,0.0124361800811827,0.4648266447759409,18.819906922043003,101288.76832661292,False,False,0.2550133648657899,False,0.5233696377295984,0.840967741935484,False,771.1395
Mutimbuzi,2010,1,1.1896774193548387,16.99,30.56774193548388,20.73548387096774,210.4,BUJUMBURA (Aeroport),BUJUMBURA (Aeroport),grid_m3.25_29.25,23.72714079301079,16.53964000000002,32.218440000000044,155.750274037,0.4563481541696908,0.1483626421098992,16.771695833333354,101234.38828629033,False,False,1.5476478434872514,False,0.6955713658960535,1.1896774193548387,False,771.1395
Nyakagunda,2010,2,0.4857142857142857,,31.130100000000027,14.944180000000015,159.39999999999998,MPARAMBO,MPARAMBO,grid_m2.75_29.00,21.26290875000001,14.944180000000015,31.130100000000027,89.89572517454,-0.6671791993922619,0.3607631410026786,14.576167127976191,101281.03460565476,True,True,1.9960780806672505,False,0.6087342935411091,0.4857142857142857,False,771.2215
Mutimbuzi,2010,2,0.9439285714285712,11.24,31.185714285714287,21.36785714285714,124.0,BUJUMBURA (Aeroport),BUJUMBURA (Aeroport),grid_m3.25_29.25,23.97345958333335,17.81414000000001,34.29806000000002,168.24340829596,0.4050965996519345,0.2070083161761905,17.60131959821433,101170.68192708332,False,False,1.5476478434872514,False,0.586324544382083,0.9439285714285712,False,771.2215
Buzimba,2010,2,0.8748148148148147,14.93,29.54642857142857,20.725000000000005,126.3,NYANZA LAC (IRAT),NYANZA LAC (IRAT),grid_m4.00_29.50,22.273465089285764,19.38192000000004,27.97854000000001,524.70493329102,-0.0078716275822916,0.5434762427177083,19.35529845238102,101223.5602752976,False,False,0.2550133648657899,False,0.441548807629561,0.8748148148148147,False,771.2215
Mulembwe,2010,2,2.3667857142857143,14.93,21.94285714285714,12.285714285714288,187.90000000000003,MPOTA (Tora),MPOTA (Tora),grid_m4.00_29.50,22.273465089285764,19.38192000000004,27.97854000000001,524.70493329102,-0.0078716275822916,0.5434762427177083,19.35529845238102,101223.5602752976,False,False,0.3376177859350189,False,0.411910472253554,2.3667857142857143,False,771.2215
Jiji,2010,2,0.8132142857142856,,21.94285714285714,12.285714285714288,187.90000000000003,MPOTA (Tora),MPOTA (Tora),grid_m4.00_29.75,20.368176562500025,15.844449999999997,28.397850000000005,248.33393090274,-0.2949780977856547,0.2992673139107142,17.13946665178571,101351.34561755952,False,False,0.7469623692808592,False,0.616339007722614,0.8132142857142856,False,771.2215
Rusizi,2010,2,2.05,,31.185714285714287,21.36785714285714,124.0,BUJUMBURA (Aeroport),BUJUMBURA (Aeroport),grid_m3.25_29.25,23.97345958333335,17.81414000000001,34.29806000000002,168.24340829596,0.4050965996519345,0.2070083161761905,17.60131959821433,101170.68192708332,False,False,1.5043629271954442,False,0.5774947489232769,2.05,False,771.2215
Nyengwe,2010,2,0.902857142857143,7.42,29.54642857142857,20.725000000000005,126.3,NYANZA LAC (IRAT),NYANZA LAC (IRAT),grid_m4.25_29.50,23.924096666666685,21.606400000000008,27.541350000000023,397.73702668708,0.3253047578737797,0.4176900481805059,20.216249062500022,101145.80506696428,False,False,0.3658537084356579,False,0.5333098190576531,0.902857142857143,False,771.2215
Kaburantwa,2010,2,0.8053571428571429,0.09,33.53860000000003,16.536800000000028,159.39999999999998,MPARAMBO,MPARAMBO,grid_m3.00_29.25,22.93131032738097,16.536800000000028,33.53860000000003,92.97466317094,0.2220201945808035,0.2759678697797619,16.37607627976189,101199.92560267856,True,True,2.207813552612297,False,0.6847105694643449,0.8053571428571429,False,771.2215
Mpanda,2010,2,1.0314285714285714,4.18,21.76923076923077,12.52307692307692,235.6,RWEGURA,RWEGURA,grid_m3.00_29.50,19.45174263392857,14.34023000000002,29.79373000000004,402.08673446576,-0.3119182583147321,-0.2042334869491071,15.723215163690496,101360.7046205357,False,False,0.6181210600568109,False,0.6714002980903575,1.0314285714285714,False,771.2215
Nyamagana,2010,2,,,33.53860000000003,16.536800000000028,159.39999999999998,MPARAMBO,MPARAMBO,grid_m3.00_29.25,22.93131032738097,16.536800000000028,33.53860000000003,92.97466317094,0.2220201945808035,0.2759678697797619,16.37607627976189,101199.92560267856,True,True,2.186850324850525,False,0.626295737596502,0.6997525864055301,True,771.2215
Rusizi,2010,3,2.22,,30.16774193548387,20.996774193548383,155.79999999999998,BUJUMBURA (Aeroport),BUJUMBURA (Aeroport),grid_m3.25_29.25,24.06359681451613,16.536400000000015,31.441670000000045,169.6043011442,0.4616828828360215,0.257602815587785,17.34024314516131,101251.25743951612,False,False,1.5043629271954442,False,0.637961811671336,2.22,False,771.0696666666666
Mulembwe,2010,3,2.793870967741936,13.08,21.65806451612903,11.41290322580645,244.9,MPOTA (Tora),MPOTA (Tora),grid_m4.00_29.50,21.953620228494685,18.22128000000004,27.34408000000002,643.96619851452,-0.121952344679301,0.5659484853893817,19.13159459677422,101312.3241733871,False,False,0.3376177859350189,False,0.4463198734113794,2.793870967741936,False,771.0696666666666
Nyengwe,2010,3,0.9461290322580646,7.1,28.90967741935483,19.787096774193547,200.3,NYANZA LAC (IRAT),NYANZA LAC (IRAT),grid_m4.25_29.50,23.574228279569923,21.127340000000004,26.846600000000024,519.89984522432,0.190035747527957,0.391882783184543,20.01879135752688,101237.32581989247,False,False,0.3658537084356579,False,0.6427478900180505,0.9461290322580646,False,771.0696666666666
Nyakagunda,2010,3,,,28.96340000000004,15.01144000000005,112.7,MPARAMBO,MPARAMBO,grid_m2.75_29.00,20.95521934139788,15.01144000000005,28.96340000000004,88.72222911013999,-0.7456200712142472,0.3752497198150538,14.817060080645206,101363.86954973116,True,True,1.9960780806672505,False,0.7001414879902925,0.5800556451612908,True,771.0696666666666
Mutimbuzi,2010,3,1.2619354838709682,12.85,30.16774193548387,20.996774193548383,155.79999999999998,BUJUMBURA (Aeroport),BUJUMBURA (Aeroport),grid_m3.25_29.25,24.06359681451613,16.536400000000015,31.441670000000045,169.6043011442,0.4616828828360215,0.257602815587785,17.34024314516131,101251.25743951612,False,False,1.5476478434872514,False,0.7208842799886885,1.2619354838709682,False,771.0696666666666
Mpanda,2010,3,0.9958064516129032,5.8,20.97741935483871,12.13548387096774,206.6,RWEGURA,RWEGURA,grid_m3.00_29.50,19.158459462365613,13.310940000000016,27.633140000000022,350.71945263558,-0.5454851363808602,-0.2684532906865591,15.834908669354888,101447.06727150537,False,False,0.6181210600568109,False,0.7736807498835581,0.9958064516129032,False,771.0696666666666
Jiji,2010,3,0.9370967741935484,,21.65806451612903,11.41290322580645,244.9,MPOTA (Tora),MPOTA (Tora),grid_m4.00_29.75,19.95073041666666,15.488670000000011,27.05337000000003,280.60579281292,-0.4579029698923925,0.1906715308884408,17.180448844086072,101444.79040994625,False,False,0.7469623692808592,False,0.732556816474329,0.9370967741935484,False,771.0696666666666
Kaburantwa,2010,3,0.9770967741935483,0.18,30.945640000000022,15.376250000000027,112.7,MPARAMBO,MPARAMBO,grid_m3.00_29.25,23.00711622311832,15.376250000000027,30.945640000000022,87.37945538314,0.1947676128780913,0.3310589531407258,16.557690766129042,101283.04677419354,True,True,2.207813552612297,False,0.7407636140299665,0.9770967741935483,False,771.0696666666666
Nyamagana,2010,3,,,30.945640000000022,15.376250000000027,112.7,MPARAMBO,MPARAMBO,grid_m3.00_29.25,23.00711622311832,15.376250000000027,30.945640000000022,87.37945538314,0.1947676128780913,0.3310589531407258,16.557690766129042,101283.04677419354,True,True,2.186850324850525,False,0.6894222454964984,1.123084436351972,True,771.0696666666666
Buzimba,2010,3,,13.08,28.90967741935483,19.787096774193547,200.3,NYANZA LAC (IRAT),NYANZA LAC (IRAT),grid_m4.00_29.50,21.953620228494685,18.22128000000004,27.34408000000002,643.96619851452,-0.121952344679301,0.5659484853893817,19.13159459677422,101312.3241733871,False,False,0.2550133648657899,False,0.412620075832964,1.0166141793292427,True,771.0696666666666
Mulembwe,2010,4,,14.34,21.83333333333333,11.919999999999996,240.4,MPOTA (Tora),MPOTA (Tora),grid_m4.00_29.50,22.04087888888893,18.92446000000001,26.350300000000004,430.6340216106,-0.1433530803080555,0.5338372337277778,19.14618434722223,101284.3606875,False,False,0.3376177859350189,False,0.514793085239049,1.9778286025080896,True,771.297
Mutimbuzi,2010,4,1.096666666666667,17.43,30.282758620689656,20.81379310344828,63.7,BUJUMBURA (Aeroport),BUJUMBURA (Aeroport),grid_m3.25_29.25,24.006759027777832,17.203760000000045,31.60470000000004,4.47702410328,1.3168465711509725,0.4800883179720833,16.589782541666693,101222.37196527778,False,False,1.5476478434872514,False,0.6952855141652865,1.096666666666667,False,771.297
Buzimba,2010,4,,14.34,29.833333333333336,20.030000000000005,146.39999999999998,NYANZA LAC (IRAT),NYANZA LAC (IRAT),grid_m4.00_29.50,22.04087888888893,18.92446000000001,26.350300000000004,430.6340216106,-0.1433530803080555,0.5338372337277778,19.14618434722223,101284.3606875,False,False,0.2550133648657899,False,0.504250382932564,0.98324344687346,True,771.297
Mpanda,2010,4,1.0843333333333334,8.56,26.960170000000005,13.697900000000004,171.36038995881452,RWEGURA,RWEGURA,grid_m3.00_29.50,19.18389144444449,13.697900000000004,26.960170000000005,277.2278782138,-0.8577180438962501,-0.09406939609475,16.115129402777768,101428.4736875,True,True,0.6181210600568109,True,0.7145971159757796,1.0843333333333334,False,771.297
Nyengwe,2010,4,0.8273333333333335,13.14,29.833333333333336,20.030000000000005,146.39999999999998,NYANZA LAC (IRAT),NYANZA LAC (IRAT),grid_m4.25_29.50,23.59182330555558,21.10775000000001,26.005880000000047,404.2902000756,0.4662769105208333,0.3369364640419444,20.23764430555553,101209.618875,False,False,0.3658537084356579,False,0.6591915276002815,0.8273333333333335,False,771.297
Kaburantwa,2010,4,1.0016666666666665,0.21,31.01680000000005,16.735299999999995,228.7,MPARAMBO,MPARAMBO,grid_m3.00_29.25,22.938079625,16.735299999999995,31.01680000000005,7.15827941276,0.3102710501050694,0.55869346190875,16.243479541666716,101259.62005555556,True,True,2.207813552612297,False,0.7663553024774895,1.0016666666666665,False,771.297
Rusizi,2010,4,2.32,,30.282758620689656,20.81379310344828,63.7,BUJUMBURA (Aeroport),BUJUMBURA (Aeroport),grid_m3.25_29.25,24.006759027777832,17.203760000000045,31.60470000000004,4.47702410328,1.3168465711509725,0.4800883179720833,16.589782541666693,101222.37196527778,False,False,1.5043629271954442,False,0.636946565879764,2.32,False,771.297
Nyakagunda,2010,4,,,29.18478000000005,14.927850000000037,228.7,MPARAMBO,MPARAMBO,grid_m2.75_29.00,21.12656998611112,14.927850000000037,29.18478000000005,22.13621142742,-1.32512527083,0.8879238778340277,14.163007875000003,101332.75478472222,True,True,1.9960780806672505,False,0.725749436008265,0.5470558175750841,True,771.297
Jiji,2010,4,0.9496666666666668,,21.83333333333333,11.919999999999996,240.4,MPOTA (Tora),MPOTA (Tora),grid_m4.00_29.75,20.17417969444449,16.056759999999997,26.277500000000032,157.81640981686,-1.152648057548611,0.1822788024526389,16.86654825000005,101420.61152777776,False,False,0.7469623692808592,False,0.6057866634197899,0.9496666666666668,False,771.297
Nyamagana,2010,4,,,31.01680000000005,16.735299999999995,228.7,MPARAMBO,MPARAMBO,grid_m3.00_29.25,22.938079625,16.735299999999995,31.01680000000005,7.15827941276,0.3102710501050694,0.55869346190875,16.243479541666716,101259.62005555556,True,True,2.186850324850525,False,0.686422154420115,0.9702162355291886,True,771.297
Buzimba,2010,5,,8.72,29.98064516129033,19.67741935483871,106.70000000000002,NYANZA LAC (IRAT),NYANZA LAC (IRAT),grid_m4.00_29.50,21.917892580645173,18.02755000000002,25.774560000000008,426.7020235674,0.0608423711934139,0.5100734882745968,18.657916451612948,101340.18934139784,False,False,0.2550133648657899,False,0.5902314724155275,1.0370664202230335,True,771.3736666666667
Kaburantwa,2010,5,1.0061290322580645,0.2,31.07986,14.648650000000032,92.0,MPARAMBO,MPARAMBO,grid_m3.00_29.25,22.80516283602157,14.648650000000032,31.07986,17.63057707384,0.3967549303298656,0.6601097133044355,14.831697392473131,101314.52301075267,True,True,2.207813552612297,False,0.7553643866422539,1.0061290322580645,False,771.3736666666667
Nyakagunda,2010,5,,,29.13644000000005,12.67208000000005,92.0,MPARAMBO,MPARAMBO,grid_m2.75_29.00,21.10037620967745,12.67208000000005,29.13644000000005,27.99367897892,-1.4019865622393817,0.8929581795952958,12.766663723118311,101388.17167338709,True,True,1.9960780806672505,False,0.725698873912301,0.5017904032258063,True,771.3736666666667
Mpanda,2010,5,0.7893548387096776,5.11,20.570967741935487,12.341935483870968,81.39999999999999,RWEGURA,RWEGURA,grid_m3.00_29.50,19.149447997311825,12.231650000000002,26.3904,142.44842510558,-0.8789861539774865,0.0867520200516129,14.39175055107529,101460.7407594086,False,False,0.6181210600568109,False,0.6274642282254299,0.7893548387096776,False,771.3736666666667
Rusizi,2010,5,2.33,,30.82903225806452,20.754838709677426,33.8,BUJUMBURA (Aeroport),BUJUMBURA (Aeroport),grid_m3.25_29.25,24.00765491935488,15.68282000000005,31.61306000000002,20.33567426328,1.3193242886385752,0.7511216636223118,15.470342862903236,101281.01241935484,False,False,1.5043629271954442,False,0.598928009478725,2.33,False,771.3736666666667
Mulembwe,2010,5,,8.72,21.09032258064516,10.987096774193548,82.6,MPOTA (Tora),MPOTA (Tora),grid_m4.00_29.50,21.917892580645173,18.02755000000002,25.774560000000008,426.7020235674,0.0608423711934139,0.5100734882745968,18.657916451612948,101340.18934139784,False,False,0.3376177859350189,False,0.572053386153798,1.440722885616133,True,771.3736666666667
Nyengwe,2010,5,0.7477419354838708,8.06,29.98064516129033,19.67741935483871,106.70000000000002,NYANZA LAC (IRAT),NYANZA LAC (IRAT),grid_m4.25_29.50,23.70799470430109,21.39843000000002,26.481160000000045,350.50344489466,0.804165255844758,0.2310785082395161,19.70295119623654,101265.46641129033,False,False,0.3658537084356579,False,0.6920841594026534,0.7477419354838708,False,771.3736666666667
Mutimbuzi,2010,5,1.041290322580645,9.64,30.82903225806452,20.754838709677426,33.8,BUJUMBURA (Aeroport),BUJUMBURA (Aeroport),grid_m3.25_29.25,24.00765491935488,15.68282000000005,31.61306000000002,20.33567426328,1.3193242886385752,0.7511216636223118,15.470342862903236,101281.01241935484,False,False,1.5476478434872514,False,0.654864229750864,1.041290322580645,False,771.3736666666667
Jiji,2010,5,1.1029032258064515,,21.09032258064516,10.987096774193548,82.6,MPOTA (Tora),MPOTA (Tora),grid_m4.00_29.75,20.11070634408605,15.634940000000029,25.67782,149.75881544077998,-1.0805216144944891,0.4233379366741935,15.473511653225842,101460.2172311828,False,False,0.7469623692808592,False,0.6906876252522515,1.1029032258064515,False,771.3736666666667
Nyamagana,2010,5,,,31.07986,14.648650000000032,92.0,MPARAMBO,MPARAMBO,grid_m3.00_29.25,22.80516283602157,14.648650000000032,31.07986,17.63057707384,0.3967549303298656,0.6601097133044355,14.831697392473131,101314.52301075267,True,True,2.186850324850525,False,0.6521922087640339,1.0041899688807656,True,771.3736666666667
Nyamagana,2010,6,,,30.359830000000045,15.391020000000026,22.4,MPARAMBO,MPARAMBO,grid_m3.00_29.25,22.918586513888897,15.391020000000026,30.359830000000045,2.74801251976,0.3997154447369444,0.9109635020368057,12.467574555555586,101455.91297222224,True,True,2.186850324850525,False,0.5541851609471364,0.531013133640553,True,771.351
Mulembwe,2010,6,,2.52,20.776666666666664,8.793333333333333,30.6,MPOTA (Tora),MPOTA (Tora),grid_m4.00_29.50,21.370544763888915,16.84023000000002,25.497900000000016,112.12682715718,0.1695043982955555,0.66382672966,17.418071361111174,101500.89665277778,False,False,0.3376177859350189,False,0.4587871246191625,1.1766069394016632,True,771.351
Nyengwe,2010,6,0.6736666666666667,1.82,30.283333333333324,18.355172413793102,26.6,NYANZA LAC (IRAT),NYANZA LAC (IRAT),grid_m4.25_29.50,23.54910933333332,21.09414000000004,26.16317000000004,51.72252648226,0.8701364510263889,0.4001100966222222,17.89185525000005,101423.04682638888,False,False,0.3658537084356579,False,0.6832627443406201,0.6736666666666667,False,771.351
Mutimbuzi,2010,6,1.0439999999999996,4.39,30.480000000000008,19.17333333333333,4.4,BUJUMBURA (Aeroport),BUJUMBURA (Aeroport),grid_m3.25_29.25,23.89401236111115,15.969700000000046,31.466420000000028,3.37123868696,1.1302086082898612,1.2471098797395834,13.842899930555577,101431.69821527778,False,False,1.5476478434872514,False,0.5582264564710524,1.0439999999999996,False,771.351
Mpanda,2010,6,0.656,1.78,20.640000000000004,11.886666666666668,142.6,RWEGURA,RWEGURA,grid_m3.00_29.50,18.877448833333347,11.703520000000026,26.236170000000016,30.17997739982,-0.7988997342305555,0.4444541705668056,12.202423930555597,101586.02026388887,False,False,0.6181210600568109,False,0.5124495808104325,0.656,False,771.351
Kaburantwa,2010,6,0.938,0.14,30.359830000000045,15.391020000000026,22.4,MPARAMBO,MPARAMBO,grid_m3.00_29.25,22.918586513888897,15.391020000000026,30.359830000000045,2.74801251976,0.3997154447369444,0.9109635020368057,12.467574555555586,101455.91297222224,True,True,2.207813552612297,False,0.6691959080737311,0.938,False,771.351
Buzimba,2010,6,,2.52,30.283333333333324,18.355172413793102,26.6,NYANZA LAC (IRAT),NYANZA LAC (IRAT),grid_m4.00_29.50,21.370544763888915,16.84023000000002,25.497900000000016,112.12682715718,0.1695043982955555,0.66382672966,17.418071361111174,101500.89665277778,False,False,0.2550133648657899,False,0.4739730682533595,0.9518240693906884,True,771.351
Jiji,2010,6,0.5472413793103448,,20.776666666666664,8.793333333333333,30.6,MPOTA (Tora),MPOTA (Tora),grid_m4.00_29.75,19.59969522222224,13.71914000000004,25.434050000000013,42.36555084304,-0.8984562125281944,0.7899714786505555,13.513120083333376,101610.2874513889,False,False,0.7469623692808592,False,0.7361026186128989,0.5472413793103448,False,771.351
Nyakagunda,2010,6,,,28.454920000000016,13.360500000000002,22.4,MPARAMBO,MPARAMBO,grid_m2.75_29.00,20.8118483055556,13.360500000000002,28.454920000000016,3.1471252580399995,-1.5264686361722224,1.0482681922109722,10.82975440277778,101524.031375,True,True,1.9960780806672505,False,0.6543465809778375,0.4561118586789552,True,771.351
Rusizi,2010,6,2.06,,30.480000000000008,19.17333333333333,4.4,BUJUMBURA (Aeroport),BUJUMBURA (Aeroport),grid_m3.25_29.25,23.89401236111115,15.969700000000046,31.466420000000028,3.37123868696,1.1302086082898612,1.2471098797395834,13.842899930555577,101431.69821527778,False,False,1.5043629271954442,False,0.5884841685141244,2.06,False,771.351
Rusizi,2010,7,1.93,,29.59032258064516,18.07741935483871,3.7,BUJUMBURA (Aeroport),BUJUMBURA (Aeroport),grid_m3.25_29.25,23.57515255376348,15.97067000000004,31.64760000000001,0.22697448864,1.157081767708266,1.516664361132742,12.661741868279591,101389.96067876344,False,False,1.5043629271954442,False,0.474214546138084,1.93,False,771.086
Mulembwe,2010,7,,1.45,21.01935483870967,7.635483870967741,0.0,MPOTA (Tora),MPOTA (Tora),grid_m4.00_29.50,20.80522196236558,15.804280000000006,25.886870000000044,22.01414107742,0.2011307751334677,0.8362746291836021,15.91769287634412,101464.7825873656,False,False,0.3376177859350189,False,0.4445243316256709,1.0301961404724018,True,771.086
Mpanda,2010,7,0.5693548387096776,0.76,21.0483870967742,11.116129032258064,0.0,RWEGURA,RWEGURA,grid_m3.00_29.50,18.990527365591447,11.737360000000024,27.19442000000004,4.97388838622,-0.6234988136473117,0.7538614178274193,10.14696633064517,101522.58198252688,False,False,0.6181210600568109,False,0.424316790870982,0.5693548387096776,False,771.086
Nyengwe,2010,7,0.6251612903225806,0.69,25.824370000000044,20.4332,0.0,NYANZA LAC (IRAT),NYANZA LAC (IRAT),grid_m4.25_29.50,23.0329240053764,20.4332,25.824370000000044,9.0827941913,0.820238585326344,0.5684379240223119,16.050352809139838,101394.17338037636,True,True,0.3658537084356579,False,0.5769450173971364,0.6251612903225806,False,771.086
Nyakagunda,2010,7,,,28.247220000000027,12.98983000000004,4.0,MPARAMBO,MPARAMBO,grid_m2.75_29.00,20.11807130376349,12.98983000000004,28.247220000000027,0.30136108186,-1.5037084588274192,1.0687975718163978,9.752823857526892,101478.42338037636,True,True,1.9960780806672505,False,0.5316825788166595,0.4159492473118276,True,771.086
Mutimbuzi,2010,7,1.0651612903225804,3.38,29.59032258064516,18.07741935483871,3.7,BUJUMBURA (Aeroport),BUJUMBURA (Aeroport),grid_m3.25_29.25,23.57515255376348,15.97067000000004,31.64760000000001,0.22697448864,1.157081767708266,1.516664361132742,12.661741868279591,101389.96067876344,False,False,1.5476478434872514,False,0.46508697432841,1.0651612903225804,False,771.086
Jiji,2010,7,0.4677419354838709,,21.01935483870967,7.635483870967741,0.0,MPOTA (Tora),MPOTA (Tora),grid_m4.00_29.75,19.52046196236563,13.126030000000014,26.52648000000005,4.12178038668,-0.8788909096151882,1.0213043442661829,10.951338870967732,101562.9082594086,False,False,0.7469623692808592,False,0.6486116470398096,0.4677419354838709,False,771.086
Buzimba,2010,7,,1.45,25.886870000000044,15.804280000000006,0.0,NYANZA LAC (IRAT),NYANZA LAC (IRAT),grid_m4.00_29.50,20.80522196236558,15.804280000000006,25.886870000000044,22.01414107742,0.2011307751334677,0.8362746291836021,15.91769287634412,101464.7825873656,True,True,0.2550133648657899,False,0.485357080774483,1.5754590416507828,True,771.086
Kaburantwa,2010,7,0.678709677419355,0.1,31.21395000000001,15.13333,4.0,MPARAMBO,MPARAMBO,grid_m3.00_29.25,22.58501030913981,15.13333,31.21395000000001,0.0672340400999999,0.542192601851543,1.0103416428125,10.740383051075298,101412.0198185484,True,True,2.207813552612297,False,0.5478200338543044,0.678709677419355,False,771.086
Nyamagana,2010,7,,,31.21395000000001,15.13333,4.0,MPARAMBO,MPARAMBO,grid_m3.00_29.25,22.58501030913981,15.13333,31.21395000000001,0.0672340400999999,0.542192601851543,1.0103416428125,10.740383051075298,101412.0198185484,True,True,2.186850324850525,False,0.4417082888134905,0.5997209485407066,True,771.086
Mpanda,2010,8,0.6500000000000002,0.68,22.316129032258065,11.17741935483871,0.0,RWEGURA,RWEGURA,grid_m3.00_29.50,20.69983881720429,11.43900000000002,28.21664000000004,22.71985964696,-0.384761584621008,0.92266748477957,8.54986973118281,101426.97133064516,False,False,0.6181210600568109,False,0.384927064741499,0.6500000000000002,False,770.9126666666666
Rusizi,2010,8,1.85,,30.500000000000007,17.793548387096774,0.0,BUJUMBURA (Aeroport),BUJUMBURA (Aeroport),grid_m3.25_29.25,24.962933602150542,15.245630000000006,32.865530000000035,0.02145767156,0.9344037171771508,1.7937979857014112,10.83874299731184,101281.00572580646,False,False,1.5043629271954442,False,0.4271123718357115,1.85,False,770.9126666666666
Nyengwe,2010,8,0.5793548387096775,0.41,31.29677419354839,18.958064516129035,0.0,NYANZA LAC (IRAT),NYANZA LAC (IRAT),grid_m4.25_29.50,23.847360134408632,20.63882000000001,26.793900000000008,5.25331496434,0.8543085301891398,0.6070172814069893,15.702506706989254,101301.13204301074,False,False,0.3658537084356579,False,0.495348204982202,0.5793548387096775,False,770.9126666666666
Nyakagunda,2010,8,,,29.657680000000028,12.356700000000046,0.0,MPARAMBO,MPARAMBO,grid_m2.75_29.00,21.62608741935486,12.356700000000046,29.657680000000028,0.7801055920000001,-1.263817468922043,1.1135841391255377,7.454667741935509,101378.0647110215,True,True,1.9960780806672505,False,0.4543163292195105,0.3769539247311823,True,770.9126666666666
Nyamagana,2010,8,0.639,,32.60403000000002,14.179220000000043,0.0,MPARAMBO,MPARAMBO,grid_m3.00_29.25,24.01559162634408,14.179220000000043,32.60403000000002,0.0929832456,0.4626938408956317,1.1717053589260753,8.262875094086041,101302.58335349464,True,True,2.186850324850525,False,0.389524061273487,0.639,False,770.9126666666666
Buzimba,2010,8,,1.37,31.29677419354839,18.958064516129035,0.0,NYANZA LAC (IRAT),NYANZA LAC (IRAT),grid_m4.00_29.50,21.88929190860216,16.168100000000038,27.05227000000002,10.59961321054,0.2550732387374328,0.8559449013407393,15.07268205645164,101369.59681451612,False,False,0.2550133648657899,False,0.369671092635875,0.771350837165977,True,770.9126666666666
Jiji,2010,8,0.4174193548387098,,22.40322580645161,7.260000000000002,0.0,MPOTA (Tora),MPOTA (Tora),grid_m4.00_29.75,20.893773427419376,14.02102000000002,27.920560000000023,2.84481048688,-0.602776536803629,1.1291855144642473,9.194171989247309,101464.401875,False,False,0.7469623692808592,False,0.5731793168892885,0.4174193548387098,False,770.9126666666666
Mulembwe,2010,8,,1.37,22.40322580645161,7.260000000000002,0.0,MPOTA (Tora),MPOTA (Tora),grid_m4.00_29.50,21.88929190860216,16.168100000000038,27.05227000000002,10.59961321054,0.2550732387374328,0.8559449013407393,15.07268205645164,101369.59681451612,False,False,0.3376177859350189,False,0.313935510243019,0.9723543083521128,True,770.9126666666666
Kaburantwa,2010,8,0.5719354838709678,0.07,32.60403000000002,14.179220000000043,0.0,MPARAMBO,MPARAMBO,grid_m3.00_29.25,24.01559162634408,14.179220000000043,32.60403000000002,0.0929832456,0.4626938408956317,1.1717053589260753,8.262875094086041,101302.58335349464,True,True,2.207813552612297,False,0.4870624395221919,0.5719354838709678,False,770.9126666666666
Mutimbuzi,2010,8,1.1648387096774195,2.39,30.500000000000007,17.793548387096774,0.0,BUJUMBURA (Aeroport),BUJUMBURA (Aeroport),grid_m3.25_29.25,24.962933602150542,15.245630000000006,32.865530000000035,0.02145767156,0.9344037171771508,1.7937979857014112,10.83874299731184,101281.00572580646,False,False,1.5476478434872514,False,0.4241611800467145,1.1648387096774195,False,770.9126666666666
Nyamagana,2010,9,0.6803333333333333,,33.08883000000003,14.748700000000042,89.9,MPARAMBO,MPARAMBO,grid_m3.00_29.25,23.99588655555556,14.748700000000042,33.08883000000003,9.503841426,0.3634439464520277,0.7304548792652779,10.637170819444464,101205.84477083333,True,True,2.186850324850525,False,0.3776782583348905,0.6803333333333333,False,770.8924999999999
Buzimba,2010,9,,8.45,31.265517241379303,22.607142857142858,16.3,NYANZA LAC (IRAT),NYANZA LAC (IRAT),grid_m4.00_29.50,22.303715236111145,16.981160000000045,27.64462000000003,164.45970553848,0.1398491128277778,0.1818776783319444,17.057534555555605,101220.4041388889,False,False,0.2550133648657899,False,0.3618334507634085,0.8442939113538932,True,770.8924999999999
Kaburantwa,2010,9,0.5283333333333332,0.09,33.08883000000003,14.748700000000042,89.9,MPARAMBO,MPARAMBO,grid_m3.00_29.25,23.99588655555556,14.748700000000042,33.08883000000003,9.503841426,0.3634439464520277,0.7304548792652779,10.637170819444464,101205.84477083333,True,True,2.207813552612297,False,0.483498648812998,0.5283333333333332,False,770.8924999999999
Mpanda,2010,9,0.7050000000000001,2.86,21.933333333333337,11.923333333333336,120.7,RWEGURA,RWEGURA,grid_m3.00_29.50,19.26963886111116,11.545620000000042,27.39547000000005,269.79589404542,-0.7244697357965277,0.0766720571069444,12.307008472222265,101360.67077083333,False,False,0.6181210600568109,False,0.387736694923148,0.7050000000000001,False,770.8924999999999
Jiji,2010,9,0.4150000000000002,,21.617241379310343,9.55925925925926,54.5,MPOTA (Tora),MPOTA (Tora),grid_m4.00_29.75,21.03534531944445,14.246800000000007,28.04006000000004,67.19064711834,-0.708169280287361,0.6124929140905556,12.57693845833336,101323.4716597222,False,False,0.7469623692808592,False,0.571009454524805,0.4150000000000002,False,770.8924999999999
Mutimbuzi,2010,9,1.1603333333333332,14.49,30.74333333333334,19.16,41.2,BUJUMBURA (Aeroport),BUJUMBURA (Aeroport),grid_m3.25_29.25,25.08603126388892,15.457700000000044,33.63570000000004,3.26728822006,0.8991956281980555,0.944349195511389,11.592609208333386,101178.54683333333,False,False,1.5476478434872514,False,0.4346378233296469,1.1603333333333332,False,770.8924999999999
Rusizi,2010,9,1.91,,30.74333333333334,19.16,41.2,BUJUMBURA (Aeroport),BUJUMBURA (Aeroport),grid_m3.25_29.25,25.08603126388892,15.457700000000044,33.63570000000004,3.26728822006,0.8991956281980555,0.944349195511389,11.592609208333386,101178.54683333333,False,False,1.5043629271954442,False,0.414069862701206,1.91,False,770.8924999999999
Mulembwe,2010,9,1.0076666666666667,8.45,21.617241379310343,9.55925925925926,54.5,MPOTA (Tora),MPOTA (Tora),grid_m4.00_29.50,22.303715236111145,16.981160000000045,27.64462000000003,164.45970553848,0.1398491128277778,0.1818776783319444,17.057534555555605,101220.4041388889,False,False,0.3376177859350189,False,0.3265500902844665,1.0076666666666667,False,770.8924999999999
Nyakagunda,2010,9,0.499,,29.987270000000024,13.447960000000023,89.9,MPARAMBO,MPARAMBO,grid_m2.75_29.00,21.68589591666665,13.447960000000023,29.987270000000024,13.47208021586,-1.2304240566775,0.8125837868486806,9.497777125000027,101286.86159027778,True,True,1.9960780806672505,False,0.4977513279872595,0.499,False,770.8924999999999
Nyengwe,2010,9,0.5586666666666669,1.59,31.265517241379303,22.607142857142858,16.3,NYANZA LAC (IRAT),NYANZA LAC (IRAT),grid_m4.25_29.50,24.45340304166672,21.497770000000003,27.60104000000001,62.33692136708,0.8246974751790972,-0.1817901276305555,17.394137097222256,101136.11938888888,False,False,0.3658537084356579,False,0.49160784873619,0.5586666666666669,False,770.8924999999999
Jiji,2010,10,0.4632258064516129,,22.4483870967742,10.061290322580644,142.4,MPOTA (Tora),MPOTA (Tora),grid_m4.00_29.75,21.26281094086022,15.70535000000001,29.7971,133.92686822017998,-0.4647404047169355,0.4125318230521505,13.975573010752726,101230.19226478494,False,False,0.7469623692808592,False,0.558721693209515,0.4632258064516129,False,770.8505
Kaburantwa,2010,10,0.5080645161290324,0.12,34.365470000000016,15.81460000000004,53.6,MPARAMBO,MPARAMBO,grid_m3.00_29.25,24.450691330645213,15.81460000000004,34.365470000000016,17.593860615159997,0.4577410085954301,0.542547203758871,11.810121814516153,101114.19543010752,True,True,2.207813552612297,False,0.524907987272019,0.5080645161290324,False,770.8505
Nyamagana,2010,10,0.6961290322580642,,34.365470000000016,15.81460000000004,53.6,MPARAMBO,MPARAMBO,grid_m3.00_29.25,24.450691330645213,15.81460000000004,34.365470000000016,17.593860615159997,0.4577410085954301,0.542547203758871,11.810121814516153,101114.19543010752,True,True,2.186850324850525,False,0.385054767456905,0.6961290322580642,False,770.8505
Nyengwe,2010,10,0.546451612903226,9.79,30.825806451612905,21.88873000000001,26.3,NYANZA LAC (IRAT),NYANZA LAC (IRAT),grid_m4.25_29.50,24.75034354838715,21.88873000000001,27.32192000000004,130.91754953616,0.699353596975672,-0.049928274848387,18.37765693548392,101033.48006048388,False,True,0.3658537084356579,False,0.490257388762961,0.546451612903226,False,770.8505
Mpanda,2010,10,0.7293548387096777,9.67,22.17741935483871,12.287096774193548,111.6,RWEGURA,RWEGURA,grid_m3.00_29.50,19.70368416666668,12.941550000000008,28.150630000000035,278.22351482152,-0.49744606066459,-0.2489317600091397,13.20708658602149,101280.59077284946,False,False,0.6181210600568109,False,0.397983733581741,0.7293548387096777,False,770.8505
Rusizi,2010,10,1.84,,30.88709677419355,19.877419354838707,50.9,BUJUMBURA (Aeroport),BUJUMBURA (Aeroport),grid_m3.25_29.25,25.458600739247345,16.849760000000003,34.90453000000002,11.3849639059,0.8723036030562364,0.5484118278212367,12.237118696236564,101083.96358870968,False,False,1.5043629271954442,False,0.454680168157554,1.84,False,770.8505
Buzimba,2010,10,,16.86,30.825806451612905,19.041160000000048,26.3,NYANZA LAC (IRAT),NYANZA LAC (IRAT),grid_m4.00_29.50,22.611671478494657,19.041160000000048,27.54287000000005,298.22730999554,0.0592116285672043,0.2037469602540322,17.796496975806463,101119.31490591398,False,True,0.2550133648657899,False,0.278179835446027,0.7665590533154778,True,770.8505
Mutimbuzi,2010,10,1.2664516129032262,21.73,30.88709677419355,19.877419354838707,50.9,BUJUMBURA (Aeroport),BUJUMBURA (Aeroport),grid_m3.25_29.25,25.458600739247345,16.849760000000003,34.90453000000002,11.3849639059,0.8723036030562364,0.5484118278212367,12.237118696236564,101083.96358870968,False,False,1.5476478434872514,False,0.464017021114935,1.2664516129032262,False,770.8505
Nyakagunda,2010,10,0.4893548387096775,,31.49830000000003,14.137230000000043,53.6,MPARAMBO,MPARAMBO,grid_m2.75_29.00,22.12598409946241,14.137230000000043,31.49830000000003,40.89212425096,-0.9127765171508871,0.5918898622991935,10.7414440994624,101206.72602822582,True,True,1.9960780806672505,False,0.56042062598343,0.4893548387096775,False,770.8505
Mulembwe,2010,10,1.4074193548387093,16.86,22.4483870967742,10.061290322580644,142.4,MPOTA (Tora),MPOTA (Tora),grid_m4.00_29.50,22.611671478494657,19.041160000000048,27.54287000000005,298.22730999554,0.0592116285672043,0.2037469602540322,17.796496975806463,101119.31490591398,False,False,0.3376177859350189,False,0.313671285011024,1.4074193548387093,False,770.8505
Mulembwe,2010,11,1.2963333333333336,18.56,21.863333333333337,10.72,105.5,MPOTA (Tora),MPOTA (Tora),grid_m4.00_29.50,21.677173125000024,18.483450000000005,25.964320000000043,612.2462747033401,-0.1095744658094444,0.6097782123431945,18.35807216666666,101087.36261111112,False,False,0.3376177859350189,False,0.4109562867156154,1.2963333333333336,False,770.6804999999999
Nyamagana,2010,11,0.7259999999999998,,33.11346000000003,16.389499999999998,100.4,MPARAMBO,MPARAMBO,grid_m3.00_29.25,23.762860777777803,16.389499999999998,33.11346000000003,26.99422823326,0.3676784089697499,0.4130768233541667,13.430329944444452,101050.90376388888,True,True,2.186850324850525,False,0.4491129302363025,0.7259999999999998,False,770.6804999999999
Mutimbuzi,2010,11,1.4236666666666666,22.53,29.543333333333333,20.113333333333337,90.8,BUJUMBURA (Aeroport),BUJUMBURA (Aeroport),grid_m3.25_29.25,24.99736334722229,18.10476,33.86215000000004,11.9924545069,0.9423813707668056,0.4521420383481944,13.408471069444488,101022.97651388888,False,False,1.5476478434872514,False,0.579137576709385,1.4236666666666666,False,770.6804999999999
Nyakagunda,2010,11,0.4700000000000001,,30.224800000000016,15.016700000000014,100.4,MPARAMBO,MPARAMBO,grid_m2.75_29.00,21.466705375000004,15.016700000000014,30.224800000000016,51.732539978320006,-0.91652840635125,0.4763404421294444,12.234716319444487,101137.09577083332,True,True,1.9960780806672505,False,0.5473345347822784,0.4700000000000001,False,770.6804999999999
Jiji,2010,11,0.6313333333333334,,21.863333333333337,10.72,105.5,MPOTA (Tora),MPOTA (Tora),grid_m4.00_29.75,19.874875041666712,15.53875000000005,27.06143000000003,271.62098915882,-0.5005968728272222,0.137577692452625,15.790222638888906,101203.0548125,False,False,0.7469623692808592,False,0.4516275319247425,0.6313333333333334,False,770.6804999999999
Rusizi,2010,11,1.86,,29.543333333333333,20.113333333333337,90.8,BUJUMBURA (Aeroport),BUJUMBURA (Aeroport),grid_m3.25_29.25,24.99736334722229,18.10476,33.86215000000004,11.9924545069,0.9423813707668056,0.4521420383481944,13.408471069444488,101022.97651388888,False,False,1.5043629271954442,False,0.518721011512763,1.86,False,770.6804999999999
Nyengwe,2010,11,0.6123333333333332,13.33,28.873333333333346,18.55333333333333,124.7,NYANZA LAC (IRAT),NYANZA LAC (IRAT),grid_m4.25_29.50,23.5097821527778,20.67062000000004,26.38638000000003,383.18610128386,0.3547538758130555,0.5016103536768611,19.13318380555557,101010.02618055556,False,False,0.3658537084356579,False,0.472918413809765,0.6123333333333332,False,770.6804999999999
Buzimba,2010,11,,18.56,28.873333333333346,18.55333333333333,124.7,NYANZA LAC (IRAT),NYANZA LAC (IRAT),grid_m4.00_29.50,21.677173125000024,18.483450000000005,25.964320000000043,612.2462747033401,-0.1095744658094444,0.6097782123431945,18.35807216666666,101087.36261111112,False,False,0.2550133648657899,False,0.2429833598687185,0.9475925910338016,True,770.6804999999999
Kaburantwa,2010,11,0.6440000000000001,0.53,33.11346000000003,16.389499999999998,100.4,MPARAMBO,MPARAMBO,grid_m3.00_29.25,23.762860777777803,16.389499999999998,33.11346000000003,26.99422823326,0.3676784089697499,0.4130768233541667,13.430329944444452,101050.90376388888,True,True,2.207813552612297,False,0.5918543672187695,0.6440000000000001,False,770.6804999999999
Mpanda,2010,11,0.8636666666666667,11.4,21.09,11.48,234.8,RWEGURA,RWEGURA,grid_m3.00_29.50,18.991222083333355,13.051600000000008,27.68636000000004,370.61000029956,-0.6205811400855555,-0.4558006706911111,14.172645097222244,101220.15775694443,False,False,0.6181210600568109,False,0.522459029704814,0.8636666666666667,False,770.6804999999999
Kaburantwa,2010,12,0.5480645161290323,0.74,34.741780000000006,16.42175000000003,173.99999999999997,MPARAMBO,MPARAMBO,grid_m3.00_29.25,22.744388870967786,16.42175000000003,34.741780000000006,80.00326152256,0.2954522613990591,0.4152256962965054,14.554309274193542,101074.13139784949,True,True,2.207813552612297,False,0.660739669103501,0.5480645161290323,False,770.5976666666667
Buzimba,2010,12,,19.77,28.823333333333327,18.258064516129032,74.3,NYANZA LAC (IRAT),NYANZA LAC (IRAT),grid_m4.00_29.50,21.35506072580648,18.62106,27.306730000000016,447.9627607523,-0.050510754457258,0.6609899877533603,18.008917594086086,101103.47563844084,False,False,0.2550133648657899,False,0.4290309453984635,1.1022733207716802,True,770.5976666666667
Mutimbuzi,2010,12,1.418064516129032,22.11,29.42258064516129,19.748387096774195,78.00000000000001,BUJUMBURA (Aeroport),BUJUMBURA (Aeroport),grid_m3.25_29.25,23.713879475806493,16.897670000000005,34.655850000000044,120.54276476994,0.4362610236225807,0.3602179265945564,15.932926801075268,101054.61528225806,False,False,1.5476478434872514,False,0.6560618199560555,1.418064516129032,False,770.5976666666667
Mulembwe,2010,12,1.6174193548387097,19.77,20.83870967741936,10.564516129032258,234.0,MPOTA (Tora),MPOTA (Tora),grid_m4.00_29.50,21.35506072580648,18.62106,27.306730000000016,447.9627607523,-0.050510754457258,0.6609899877533603,18.008917594086086,101103.47563844084,False,False,0.3376177859350189,False,0.453308703869188,1.6174193548387097,False,770.5976666666667
Nyamagana,2010,12,0.7619354838709675,,34.741780000000006,16.42175000000003,173.99999999999997,MPARAMBO,MPARAMBO,grid_m3.00_29.25,22.744388870967786,16.42175000000003,34.741780000000006,80.00326152256,0.2954522613990591,0.4152256962965054,14.554309274193542,101074.13139784949,True,True,2.186850324850525,False,0.584777709033298,0.7619354838709675,False,770.5976666666667
Nyakagunda,2010,12,0.4796774193548389,,30.92538000000002,14.41342000000003,173.99999999999997,MPARAMBO,MPARAMBO,grid_m2.75_29.00,21.00253724462368,14.41342000000003,30.92538000000002,66.10178913214,-0.77771379773402,0.2888868600760753,12.20933094086024,101142.48266129033,True,True,1.9960780806672505,False,0.6180216006982655,0.4796774193548389,False,770.5976666666667
Mpanda,2010,12,0.8309677419354838,12.21,21.13870967741936,11.590000000000002,130.9,RWEGURA,RWEGURA,grid_m3.00_29.50,18.627597284946265,13.29955000000001,28.622640000000047,330.51395408064,-0.2936525039458333,-0.3055798111454973,14.180288575268833,101224.09632392474,False,False,0.6181210600568109,False,0.5755142448576536,0.8309677419354838,False,770.5976666666667
Rusizi,2010,12,1.92,,29.42258064516129,19.748387096774195,78.00000000000001,BUJUMBURA (Aeroport),BUJUMBURA (Aeroport),grid_m3.25_29.25,23.713879475806493,16.897670000000005,34.655850000000044,120.54276476994,0.4362610236225807,0.3602179265945564,15.932926801075268,101054.61528225806,False,False,1.5043629271954442,False,0.5735095686606071,1.92,False,770.5976666666667
Nyengwe,2010,12,0.6206451612903227,14.3,28.823333333333327,18.258064516129032,74.3,NYANZA LAC (IRAT),NYANZA LAC (IRAT),grid_m4.25_29.50,23.07470858870971,20.28317000000004,26.60290000000004,341.526270688,0.3265972538017473,0.6151217391284947,18.79652302419356,101029.86119623655,False,False,0.3658537084356579,False,0.6109027892135395,0.6206451612903227,False,770.5976666666667
Jiji,2010,12,0.7035483870967743,,20.83870967741936,10.564516129032258,234.0,MPOTA (Tora),MPOTA (Tora),grid_m4.00_29.75,19.373977594086,14.958030000000008,26.81442000000004,231.72378518592,-0.2143711165813306,0.3937715098630376,15.756594368279591,101220.12450268817,False,False,0.7469623692808592,False,0.7648121229462714,0.7035483870967743,False,770.5976666666667
Mutimbuzi,2011,1,1.279677419354839,7.46,29.335483870967742,20.351612903225806,75.6,BUJUMBURA (Aeroport),BUJUMBURA (Aeroport),grid_m3.25_29.25,24.38055885752692,17.077840000000037,33.41073,32.25517284282,0.5267574968482527,0.468437543474328,15.127909959677424,101023.83770833332,False,False,1.5476478434872514,False,0.633476309767889,1.279677419354839,False,770.596
Jiji,2011,1,0.7674193548387096,,21.077419354838707,10.88709677419355,183.7,MPOTA (Tora),MPOTA (Tora),grid_m4.00_29.75,19.223277392473165,14.9846,26.520039999999995,359.44104402318,-0.1401270591774193,0.4209298783783601,16.12087467741935,101212.95800403225,False,False,0.7469623692808592,False,0.629522765486338,0.7674193548387096,False,770.596
Rusizi,2011,1,2.01,,29.335483870967742,20.351612903225806,75.6,BUJUMBURA (Aeroport),BUJUMBURA (Aeroport),grid_m3.25_29.25,24.38055885752692,17.077840000000037,33.41073,32.25517284282,0.5267574968482527,0.468437543474328,15.127909959677424,101023.83770833332,False,False,1.5043629271954442,False,0.555645454675906,2.01,False,770.596
Kaburantwa,2011,1,0.5151612903225806,0.89,32.67574000000002,16.468600000000038,77.1,MPARAMBO,MPARAMBO,grid_m3.00_29.25,23.433295591397897,16.468600000000038,32.67574000000002,17.2510146987,0.3924762154535618,0.4241601480461022,13.729519435483894,101042.536969086,True,True,2.207813552612297,False,0.6811014384909659,0.5151612903225806,False,770.596
Nyengwe,2011,1,,10.71,28.776666666666664,18.65,86.8,NYANZA LAC (IRAT),NYANZA LAC (IRAT),grid_m4.25_29.50,22.830512889784984,20.197900000000004,26.94674000000004,403.99003112908,0.0476183945225806,0.7360957351928764,19.00255837365597,101031.0618346774,False,False,0.3658537084356579,False,0.5151449152469875,0.6830477637818042,True,770.596
Buzimba,2011,1,,18.84,28.776666666666664,18.65,86.8,NYANZA LAC (IRAT),NYANZA LAC (IRAT),grid_m4.00_29.50,21.15104022849465,18.081140000000005,26.52290000000005,559.89432212138,-0.1131140800551075,0.910605092223656,18.188139448924744,101101.2735282258,False,False,0.2550133648657899,False,0.357454997776387,1.064539607230449,True,770.596
Mpanda,2011,1,1.1612903225806457,4.5,21.324137931034485,11.272413793103448,114.79999999999998,RWEGURA,RWEGURA,grid_m3.00_29.50,18.762667688172087,12.514900000000011,27.24276000000004,292.94156954579995,-0.2300810656198924,-0.3208323456565363,14.02241505376344,101196.4475873656,False,False,0.6181210600568109,False,0.582252751652854,1.1612903225806457,False,770.596
Nyakagunda,2011,1,0.4909677419354841,,29.699100000000044,15.011560000000031,77.1,MPARAMBO,MPARAMBO,grid_m2.75_29.00,21.12868721774197,15.011560000000031,29.699100000000044,39.32523735344,-0.6524141584388441,0.1479780346969086,12.107667298387128,101121.83703629032,True,True,1.9960780806672505,False,0.6915153884084355,0.4909677419354841,False,770.596
Nyamagana,2011,1,0.810967741935484,,32.67574000000002,16.468600000000038,77.1,MPARAMBO,MPARAMBO,grid_m3.00_29.25,23.433295591397897,16.468600000000038,32.67574000000002,17.2510146987,0.3924762154535618,0.4241601480461022,13.729519435483894,101042.536969086,True,True,2.186850324850525,False,0.644714153013163,0.810967741935484,False,770.596
Mulembwe,2011,1,1.4877419354838712,18.84,21.077419354838707,10.88709677419355,183.7,MPOTA (Tora),MPOTA (Tora),grid_m4.00_29.50,21.15104022849465,18.081140000000005,26.52290000000005,559.89432212138,-0.1131140800551075,0.910605092223656,18.188139448924744,101101.2735282258,False,False,0.3376177859350189,False,0.446606925570212,1.4877419354838712,False,770.596
Nyakagunda,2011,2,0.4892857142857142,,31.04266000000001,13.714440000000025,89.5,MPARAMBO,MPARAMBO,grid_m2.75_29.00,21.35570775297623,13.714440000000025,31.04266000000001,35.02631165608,-0.6796956283322917,0.1706796835930059,11.497729241071454,101148.46348958334,True,True,1.9960780806672505,False,0.6311982302982035,0.4892857142857142,False,770.7620000000001
Buzimba,2011,2,,15.35,29.06785714285713,18.353571428571428,124.6,NYANZA LAC (IRAT),NYANZA LAC (IRAT),grid_m4.00_29.50,21.49744017857148,18.04464000000001,26.622460000000046,402.70495466942,-0.1648451935528273,0.6370478582159226,18.199604613095232,101129.30277529762,False,False,0.2550133648657899,False,0.507772127600541,1.0772165002861085,True,770.7620000000001
Nyamagana,2011,2,0.7210714285714284,,34.28680000000003,16.862150000000042,89.5,MPARAMBO,MPARAMBO,grid_m3.00_29.25,24.22216531250001,16.862150000000042,34.28680000000003,10.82611080078,0.1826686404676339,0.5775342214680059,13.221972604166696,101065.56060267855,True,True,2.186850324850525,False,0.6125580553359105,0.7210714285714284,False,770.7620000000001
Kaburantwa,2011,2,0.5028571428571429,0.5,34.28680000000003,16.862150000000042,89.5,MPARAMBO,MPARAMBO,grid_m3.00_29.25,24.22216531250001,16.862150000000042,34.28680000000003,10.82611080078,0.1826686404676339,0.5775342214680059,13.221972604166696,101065.56060267855,True,True,2.207813552612297,False,0.6757483578119194,0.5028571428571429,False,770.7620000000001
Rusizi,2011,2,1.99,,29.47777777777777,19.51111111111111,88.4,BUJUMBURA (Aeroport),BUJUMBURA (Aeroport),grid_m3.25_29.25,24.88119360119049,16.99550000000005,34.28146000000004,20.39027205516,0.3153823229072917,0.6381450383284226,14.964639568452412,101050.39316964283,False,False,1.5043629271954442,False,0.623664479891494,1.99,False,770.7620000000001
Mutimbuzi,2011,2,1.07,10.66,29.47777777777777,19.51111111111111,88.4,BUJUMBURA (Aeroport),BUJUMBURA (Aeroport),grid_m3.25_29.25,24.88119360119049,16.99550000000005,34.28146000000004,20.39027205516,0.3153823229072917,0.6381450383284226,14.964639568452412,101050.39316964283,False,False,1.5476478434872514,False,0.610006688260892,1.07,False,770.7620000000001
Mpanda,2011,2,0.8392857142857145,3.2,21.353571428571428,11.364285714285714,144.79999999999998,RWEGURA,RWEGURA,grid_m3.00_29.50,18.97480486607145,12.196680000000017,29.33563000000004,229.268549816,-0.2027523866145833,-0.0409611768681547,14.050341607142856,101231.41361607144,False,False,0.6181210600568109,False,0.5722630638099665,0.8392857142857145,False,770.7620000000001
Nyengwe,2011,2,,9.44,29.06785714285713,18.353571428571428,124.6,NYANZA LAC (IRAT),NYANZA LAC (IRAT),grid_m4.25_29.50,23.41258898809525,20.16552000000001,26.350340000000017,218.89662706878,0.1556518645482142,0.5137466702343749,19.17986108630953,101052.53118303572,False,False,0.3658537084356579,False,0.680080888443657,0.8560461621461561,True,770.7620000000001
Jiji,2011,2,0.9,,26.372460000000046,15.005269999999996,156.241305132219,MPOTA (Tora),MPOTA (Tora),grid_m4.00_29.75,19.461984255952416,15.005269999999996,26.372460000000046,209.16891072122,-0.0223978583455357,0.4647368925640773,16.25401294642859,101247.0570610119,True,True,0.7469623692808592,True,0.7260679175226005,0.9,False,770.7620000000001
Mulembwe,2011,2,1.5771428571428567,15.35,26.622460000000046,18.04464000000001,135.96035518055174,MPOTA (Tora),MPOTA (Tora),grid_m4.00_29.50,21.49744017857148,18.04464000000001,26.622460000000046,402.70495466942,-0.1648451935528273,0.6370478582159226,18.199604613095232,101129.30277529762,True,True,0.3376177859350189,True,0.4994850273341795,1.5771428571428567,False,770.7620000000001
Jiji,2011,3,0.8909677419354842,,20.916129032258063,10.635483870967738,282.90000000000003,MPOTA (Tora),MPOTA (Tora),grid_m4.00_29.75,19.27547009408607,15.217129999999996,25.53450000000004,251.18589428256,0.0349819017486155,0.5788860936693548,16.424664973118297,101300.5153158602,False,False,0.7469623692808592,False,0.741207493513527,0.8909677419354842,False,770.923
Kaburantwa,2011,3,0.6135483870967743,0.31,33.40823,16.840300000000013,108.1,MPARAMBO,MPARAMBO,grid_m3.00_29.25,23.29921235215056,16.840300000000013,33.40823,35.9649659693,-0.0333354705096774,0.4313057108458333,14.01357104838712,101135.5489516129,True,True,2.207813552612297,False,0.673414201891949,0.6135483870967743,False,770.923
Mutimbuzi,2011,3,1.4558064516129032,13.34,29.387096774193548,19.664516129032258,173.3,BUJUMBURA (Aeroport),BUJUMBURA (Aeroport),grid_m3.25_29.25,24.47003719086024,17.134500000000003,33.29037,37.79649735476,0.011885674264879,0.4540304796748656,15.368832903225837,101114.31287634408,False,False,1.5476478434872514,False,0.648243213257325,1.4558064516129032,False,770.923
Nyamagana,2011,3,0.8367741935483872,,33.40823,16.840300000000013,108.1,MPARAMBO,MPARAMBO,grid_m3.00_29.25,23.29921235215056,16.840300000000013,33.40823,35.9649659693,-0.0333354705096774,0.4313057108458333,14.01357104838712,101135.5489516129,True,True,2.186850324850525,False,0.613846062006698,0.8367741935483872,False,770.923
Buzimba,2011,3,,15.31,28.01935483870968,18.55161290322581,201.70000000000005,NYANZA LAC (IRAT),NYANZA LAC (IRAT),grid_m4.00_29.50,21.542987634408632,18.34243000000004,26.80850000000004,428.15065440432,-0.0799335157583333,0.635239263086828,18.19729174731185,101176.18301747311,False,False,0.2550133648657899,False,0.466928303099286,1.152738467883025,True,770.923
Mulembwe,2011,3,1.785161290322581,15.31,20.916129032258063,10.635483870967738,282.90000000000003,MPOTA (Tora),MPOTA (Tora),grid_m4.00_29.50,21.542987634408632,18.34243000000004,26.80850000000004,428.15065440432,-0.0799335157583333,0.635239263086828,18.19729174731185,101176.18301747311,False,False,0.3376177859350189,False,0.498499979036975,1.785161290322581,False,770.923
Mpanda,2011,3,0.9338709677419356,5.26,20.5741935483871,11.161290322580644,270.90000000000003,RWEGURA,RWEGURA,grid_m3.00_29.50,18.46810456989249,12.458900000000028,26.773920000000032,378.98349785228,-0.2259374842840054,-0.0030821516466129,14.516390994623691,101303.14166666668,False,False,0.6181210600568109,False,0.6384144629715875,0.9338709677419356,False,770.923
Nyakagunda,2011,3,0.5141935483870969,,30.19668000000001,13.916350000000024,108.1,MPARAMBO,MPARAMBO,grid_m2.75_29.00,21.1394104435484,13.916350000000024,30.19668000000001,33.84399419804,-0.7494077983486559,0.2580393715772849,12.040936599462384,101206.50172043013,True,True,1.9960780806672505,False,0.684367608864622,0.5141935483870969,False,770.923
Nyengwe,2011,3,0.7264516129032257,10.59,28.01935483870968,18.55161290322581,201.70000000000005,NYANZA LAC (IRAT),NYANZA LAC (IRAT),grid_m4.25_29.50,23.47228900537641,20.92930000000001,26.455160000000035,304.48818247712,0.1512939087729032,0.5732971104145161,19.220463884408616,101100.67274865592,False,False,0.3658537084356579,False,0.614611409447978,0.7264516129032257,False,770.923
Rusizi,2011,3,2.08,,29.387096774193548,19.664516129032258,173.3,BUJUMBURA (Aeroport),BUJUMBURA (Aeroport),grid_m3.25_29.25,24.47003719086024,17.134500000000003,33.29037,37.79649735476,0.011885674264879,0.4540304796748656,15.368832903225837,101114.31287634408,False,False,1.5043629271954442,False,0.6146363581577325,2.08,False,770.923
Mulembwe,2011,4,1.853,14.66,21.67,11.04,106.4,MPOTA (Tora),MPOTA (Tora),grid_m4.00_29.50,21.042466347222216,18.249960000000044,24.758020000000045,538.50841446082,-0.2191937338773611,0.6583819060966667,18.262307125000007,101211.49198611113,False,False,0.3376177859350189,False,0.4415773335913274,1.853,False,771.1965
Nyengwe,2011,4,0.5703333333333335,11.72,28.5,19.3,210.6,NYANZA LAC (IRAT),NYANZA LAC (IRAT),grid_m4.25_29.50,22.683246069444465,20.51364000000001,24.965970000000027,504.5013433128401,0.2573484210537083,0.4423377978915278,19.46466201388893,101142.8944375,False,False,0.3658537084356579,False,0.6282055755680764,0.5703333333333335,False,771.1965
Nyakagunda,2011,4,0.5646666666666668,,28.29946000000001,14.46664000000004,122.2,MPARAMBO,MPARAMBO,grid_m2.75_29.00,20.60576090277783,14.46664000000004,28.29946000000001,50.61960231352,-1.397267191682917,0.8021603901752777,11.873138986111144,101230.48572222222,True,True,1.9960780806672505,False,0.659993953439875,0.5646666666666668,False,771.1965
Rusizi,2011,4,2.19,,29.496551724137937,19.75172413793103,116.89999999999998,BUJUMBURA (Aeroport),BUJUMBURA (Aeroport),grid_m3.25_29.25,24.46035372222224,17.423429999999996,32.00326000000001,3.96108629388,1.033780713811264,0.6553586320536111,13.822382041666684,101128.60570833331,False,False,1.5043629271954442,False,0.6207474065778535,2.19,False,771.1965
Mutimbuzi,2011,4,1.2143333333333337,17.69,29.496551724137937,19.75172413793103,116.89999999999998,BUJUMBURA (Aeroport),BUJUMBURA (Aeroport),grid_m3.25_29.25,24.46035372222224,17.423429999999996,32.00326000000001,3.96108629388,1.033780713811264,0.6553586320536111,13.822382041666684,101128.60570833331,False,False,1.5476478434872514,False,0.694139407746093,1.2143333333333337,False,771.1965
Mpanda,2011,4,0.8953333333333334,10.56,25.60873000000004,12.840900000000032,228.86034598355693,RWEGURA,RWEGURA,grid_m3.00_29.50,18.219967513888943,12.840900000000032,25.60873000000004,370.2516558205,-0.9242433772236112,-0.0135948190515277,14.863950888888894,101334.3546736111,True,True,0.6181210600568109,True,0.7041785458779686,0.8953333333333334,False,771.1965
Buzimba,2011,4,,14.66,28.5,19.3,210.6,NYANZA LAC (IRAT),NYANZA LAC (IRAT),grid_m4.00_29.50,21.042466347222216,18.249960000000044,24.758020000000045,538.50841446082,-0.2191937338773611,0.6583819060966667,18.262307125000007,101211.49198611113,False,False,0.2550133648657899,False,0.3650738975255905,1.0288831833284666,True,771.1965
Nyamagana,2011,4,0.878,,29.97396000000004,15.589040000000011,122.2,MPARAMBO,MPARAMBO,grid_m3.00_29.25,22.788853361111137,15.589040000000011,29.97396000000004,10.89668280776,0.0950844234923611,0.6494029586444445,14.149958680555583,101161.0871597222,True,True,2.186850324850525,False,0.6412776252569825,0.878,False,771.1965
Jiji,2011,4,0.9893333333333332,,21.67,11.04,106.4,MPOTA (Tora),MPOTA (Tora),grid_m4.00_29.75,19.16404302777778,15.402919999999996,24.68136000000004,208.0602648216,-1.015413622822639,0.2598630271869444,16.256141541666693,101341.29585416667,False,False,0.7469623692808592,False,0.584032922450619,0.9893333333333332,False,771.1965
Kaburantwa,2011,4,0.6536666666666667,0.74,29.97396000000004,15.589040000000011,122.2,MPARAMBO,MPARAMBO,grid_m3.00_29.25,22.788853361111137,15.589040000000011,29.97396000000004,10.89668280776,0.0950844234923611,0.6494029586444445,14.149958680555583,101161.0871597222,True,True,2.207813552612297,False,0.7340662988244965,0.6536666666666667,False,771.1965
Nyakagunda,2011,5,0.5374193548387096,,29.054160000000024,15.02352000000002,67.7,MPARAMBO,MPARAMBO,grid_m2.75_29.00,20.827970819892528,15.02352000000002,29.054160000000024,24.7082709947,-1.557784877784946,0.9412898814673388,12.391189072580689,101381.25264112905,True,True,1.9960780806672505,False,0.688617817399381,0.5374193548387096,False,771.1310000000001
Kaburantwa,2011,5,0.552258064516129,1.39,31.59713000000005,16.246000000000038,67.7,MPARAMBO,MPARAMBO,grid_m3.00_29.25,22.642103655914013,16.246000000000038,31.59713000000005,20.2875136841,0.2197111301889247,0.7540576489249865,14.475270927419388,101314.22140456988,True,True,2.207813552612297,False,0.7387854229687415,0.552258064516129,False,771.1310000000001
Mutimbuzi,2011,5,0.9996774193548386,16.73,30.18064516129032,20.0258064516129,64.30000000000001,BUJUMBURA (Aeroport),BUJUMBURA (Aeroport),grid_m3.25_29.25,23.872139610215072,16.900300000000016,32.343230000000005,26.453971866,1.234342504439247,0.8496872681598912,15.01989373655914,101284.63334677418,False,False,1.5476478434872514,False,0.6577415930710491,0.9996774193548386,False,771.1310000000001
Buzimba,2011,5,,12.83,29.06129032258065,19.670967741935485,109.5,NYANZA LAC (IRAT),NYANZA LAC (IRAT),grid_m4.00_29.50,21.33647126344084,17.839260000000024,25.88625000000001,341.83931313254,-0.0957592465307795,0.4571734605251344,18.34529081989251,101343.17115591398,False,False,0.2550133648657899,False,0.505296838419327,1.119493783508121,True,771.1310000000001
Mpanda,2011,5,0.8209677419354842,10.19,19.98064516129032,11.538709677419355,141.30000000000004,RWEGURA,RWEGURA,grid_m3.00_29.50,18.40078241935487,12.826200000000028,26.46627000000001,221.4574821599,-0.9999209252742676,0.1022271190688172,14.329237782258076,101467.7504502688,False,False,0.6181210600568109,False,0.6614978639962735,0.8209677419354842,False,771.1310000000001
Nyamagana,2011,5,0.7009677419354836,,31.59713000000005,16.246000000000038,67.7,MPARAMBO,MPARAMBO,grid_m3.00_29.25,22.642103655914013,16.246000000000038,31.59713000000005,20.2875136841,0.2197111301889247,0.7540576489249865,14.475270927419388,101314.22140456988,True,True,2.186850324850525,False,0.6132288297367615,0.7009677419354836,False,771.1310000000001
Nyengwe,2011,5,0.2196774193548387,9.62,29.06129032258065,19.670967741935485,109.5,NYANZA LAC (IRAT),NYANZA LAC (IRAT),grid_m4.25_29.50,23.137525685483865,20.65360000000004,25.56985000000003,336.82632373938,0.6106052099673387,0.224410313528629,19.5872843682796,101271.45307123657,False,False,0.3658537084356579,False,0.643715646480616,0.2196774193548387,False,771.1310000000001
Mulembwe,2011,5,1.445806451612903,12.83,21.406451612903226,10.773333333333335,94.60000000000002,MPOTA (Tora),MPOTA (Tora),grid_m4.00_29.50,21.33647126344084,17.839260000000024,25.88625000000001,341.83931313254,-0.0957592465307795,0.4571734605251344,18.34529081989251,101343.17115591398,False,False,0.3376177859350189,False,0.5803281402995435,1.445806451612903,False,771.1310000000001
Jiji,2011,5,0.7180645161290323,,21.406451612903226,10.773333333333335,94.60000000000002,MPOTA (Tora),MPOTA (Tora),grid_m4.00_29.75,19.424732002688188,14.700600000000009,24.962060000000008,138.10491535482,-1.2205085432387095,0.3311128917877016,15.265769623655956,101468.10107526882,False,False,0.7469623692808592,False,0.6683975869012571,0.7180645161290323,False,771.1310000000001
Rusizi,2011,5,2.08,,30.18064516129032,20.0258064516129,64.30000000000001,BUJUMBURA (Aeroport),BUJUMBURA (Aeroport),grid_m3.25_29.25,23.872139610215072,16.900300000000016,32.343230000000005,26.453971866,1.234342504439247,0.8496872681598912,15.01989373655914,101284.63334677418,False,False,1.5043629271954442,False,0.6254254710352445,2.08,False,771.1310000000001
Rusizi,2011,6,1.97,,30.316666666666663,18.84333333333333,33.3,BUJUMBURA (Aeroport),BUJUMBURA (Aeroport),grid_m3.25_29.25,24.06500940277777,15.916960000000016,32.91128000000003,17.60673535698,0.7597997016885139,1.03152436212125,13.835236277777824,101345.46745138887,False,False,1.5043629271954442,False,0.540304537124766,1.97,False,770.944
Mpanda,2011,6,0.7873333333333333,2.11,20.813333333333333,11.16,28.3,RWEGURA,RWEGURA,grid_m3.00_29.50,18.350735375000056,11.80758000000003,26.876980000000003,182.17229839186,-0.4506440895118472,0.3512956830233333,12.649635250000015,101511.37199305557,False,False,0.6181210600568109,False,0.5762539776432225,0.7873333333333333,False,770.944
Nyakagunda,2011,6,0.4786666666666668,,29.44644,13.36450000000002,54.3,MPARAMBO,MPARAMBO,grid_m2.75_29.00,20.74247777777782,13.36450000000002,29.44644,6.24990463854,-1.2762842800062502,0.8926870139490278,10.78031583333336,101442.0460625,True,True,1.9960780806672505,False,0.5922412500710905,0.4786666666666668,False,770.944
Mutimbuzi,2011,6,,4.17,30.316666666666663,18.84333333333333,33.3,BUJUMBURA (Aeroport),BUJUMBURA (Aeroport),grid_m3.25_29.25,24.06500940277777,15.916960000000016,32.91128000000003,17.60673535698,0.7597997016885139,1.03152436212125,13.835236277777824,101345.46745138887,False,False,1.5476478434872514,False,0.585864464080929,1.4302068594323565,True,770.944
Nyamagana,2011,6,,,32.18667000000005,15.213099999999995,54.3,MPARAMBO,MPARAMBO,grid_m3.00_29.25,22.7687582916667,15.213099999999995,32.18667000000005,19.67430121518,0.2372940065685277,0.7884416798736111,12.752540277777824,101372.83291666668,True,True,2.186850324850525,False,0.5242657744727335,0.5971118449349189,True,770.944
Nyengwe,2011,6,0.1653333333333333,2.83,29.48333333333333,18.23,5.800000000000001,NYANZA LAC (IRAT),NYANZA LAC (IRAT),grid_m4.25_29.50,23.69056513888887,21.22354000000001,26.59548000000001,50.90856544406,0.8514975645991112,0.0027239055003333,18.055320875000007,101310.61538194444,False,False,0.3658537084356579,False,0.624788450162007,0.1653333333333333,False,770.944
Mulembwe,2011,6,1.0976666666666668,3.69,21.916666666666664,8.93,12.0,MPOTA (Tora),MPOTA (Tora),grid_m4.00_29.50,21.39330483333333,16.891560000000027,26.31620000000004,130.69868023968002,0.1575739542147222,0.2982683397416666,17.450392083333327,101393.07008333332,False,False,0.3376177859350189,False,0.3587545198094065,1.0976666666666668,False,770.944
Kaburantwa,2011,6,0.5246666666666667,0.86,32.18667000000005,15.213099999999995,54.3,MPARAMBO,MPARAMBO,grid_m3.00_29.25,22.7687582916667,15.213099999999995,32.18667000000005,19.67430121518,0.2372940065685277,0.7884416798736111,12.752540277777824,101372.83291666668,True,True,2.207813552612297,False,0.65899728756479,0.5246666666666667,False,770.944
Jiji,2011,6,0.5543333333333333,,21.916666666666664,8.93,12.0,MPOTA (Tora),MPOTA (Tora),grid_m4.00_29.75,19.383951458333343,13.932520000000013,25.60720000000003,57.2781565245,-0.4542451633443611,0.7119578476777778,13.98434655555559,101505.4227152778,False,False,0.7469623692808592,False,0.7276523565332096,0.5543333333333333,False,770.944
Buzimba,2011,6,,3.69,29.48333333333333,18.23,5.800000000000001,NYANZA LAC (IRAT),NYANZA LAC (IRAT),grid_m4.00_29.50,21.39330483333333,16.891560000000027,26.31620000000004,130.69868023968002,0.1575739542147222,0.2982683397416666,17.450392083333327,101393.07008333332,False,False,0.2550133648657899,False,0.4289492762155525,1.0567377154498856,True,770.944
Rusizi,2011,7,1.93,,29.5258064516129,17.396774193548385,23.6,BUJUMBURA (Aeroport),BUJUMBURA (Aeroport),grid_m3.25_29.25,23.60309041666665,15.65798000000001,31.050100000000043,0.14734268196,0.8751641146834678,1.369708540492043,12.924992540322592,101310.00989247311,False,False,1.5043629271954442,False,0.5303274640312615,1.93,False,770.9316666666667
Nyamagana,2011,7,,,30.25960000000003,15.148220000000038,2.1,MPARAMBO,MPARAMBO,grid_m3.00_29.25,22.30945459677423,15.148220000000038,30.25960000000003,0.65660477746,0.3010792466540322,0.816450443827016,11.86305404569896,101335.7066733871,True,True,2.186850324850525,False,0.4798278956826765,0.6457285483870966,True,770.9316666666667
Nyakagunda,2011,7,0.4487096774193547,,28.02133000000003,12.724270000000049,2.1,MPARAMBO,MPARAMBO,grid_m2.75_29.00,20.64529487903229,12.724270000000049,28.02133000000003,2.25591659084,-1.2052946601131722,0.9077524752580644,9.43508885752692,101403.3015591398,True,True,1.9960780806672505,False,0.522113222051602,0.4487096774193547,False,770.9316666666667
Mutimbuzi,2011,7,,1.95,29.5258064516129,17.396774193548385,23.6,BUJUMBURA (Aeroport),BUJUMBURA (Aeroport),grid_m3.25_29.25,23.60309041666665,15.65798000000001,31.050100000000043,0.14734268196,0.8751641146834678,1.369708540492043,12.924992540322592,101310.00989247311,False,False,1.5476478434872514,False,0.5144334368742289,0.9488112059454076,True,770.9316666666667
Kaburantwa,2011,7,0.4596774193548387,0.41,30.25960000000003,15.148220000000038,2.1,MPARAMBO,MPARAMBO,grid_m3.00_29.25,22.30945459677423,15.148220000000038,30.25960000000003,0.65660477746,0.3010792466540322,0.816450443827016,11.86305404569896,101335.7066733871,True,True,2.207813552612297,False,0.6050731677546035,0.4596774193548387,False,770.9316666666667
Mpanda,2011,7,0.6993548387096774,0.71,21.22903225806452,10.606451612903223,20.6,RWEGURA,RWEGURA,grid_m3.00_29.50,18.35417956989249,11.628700000000038,26.01937000000004,77.5675768926,-0.3939667979491935,0.4870181118709677,11.422679825268858,101465.50372983872,False,False,0.6181210600568109,False,0.5224860791802506,0.6993548387096774,False,770.9316666666667
Nyengwe,2011,7,0.134516129032258,0.98,29.61935483870968,17.4741935483871,4.1,NYANZA LAC (IRAT),NYANZA LAC (IRAT),grid_m4.25_29.50,23.34210876344088,20.59023000000002,25.974450000000047,11.26766203392,0.6434365958974463,0.4015032633951612,16.296383225806494,101307.99676075268,False,False,0.3658537084356579,False,0.585417348603955,0.134516129032258,False,770.9316666666667
Jiji,2011,7,0.4845161290322581,,22.79677419354839,7.396296296296295,22.200000000000003,MPOTA (Tora),MPOTA (Tora),grid_m4.00_29.75,19.18444676075273,12.417750000000012,26.06332000000004,8.19349287044,-0.4563263504826613,0.9123137067202955,12.111421653225818,101482.1382123656,False,False,0.7469623692808592,False,0.68436516895404,0.4845161290322581,False,770.9316666666667
Mulembwe,2011,7,0.980967741935484,1.46,22.79677419354839,7.396296296296295,22.200000000000003,MPOTA (Tora),MPOTA (Tora),grid_m4.00_29.50,20.994835712365617,16.243920000000003,25.685850000000016,28.96404240418,0.1302490651650537,0.6749853917104839,16.202783024193593,101381.12061827956,False,False,0.3376177859350189,False,0.4342414914319535,0.980967741935484,False,770.9316666666667
Buzimba,2011,7,,1.46,29.61935483870968,17.4741935483871,4.1,NYANZA LAC (IRAT),NYANZA LAC (IRAT),grid_m4.00_29.50,20.994835712365617,16.243920000000003,25.685850000000016,28.96404240418,0.1302490651650537,0.6749853917104839,16.202783024193593,101381.12061827956,False,False,0.2550133648657899,False,0.4692496196140224,1.0448402495827356,True,770.9316666666667
Mulembwe,2011,8,0.8787096774193551,1.59,22.251612903225805,8.548387096774194,7.3,MPOTA (Tora),MPOTA (Tora),grid_m4.00_29.50,21.560584112903257,16.91067000000004,26.62466000000001,110.2526190674,0.2360825081248656,0.346468013565457,16.84260516129035,101338.53330645162,False,False,0.3376177859350189,False,0.4359022587677045,0.8787096774193551,False,770.913
Mpanda,2011,8,0.7106451612903227,0.66,21.151612903225804,11.08064516129032,25.9,RWEGURA,RWEGURA,grid_m3.00_29.50,18.64146553763448,12.15634,26.896500000000003,143.99194758692,-0.2638807400431451,0.2368554337567204,12.676230416666726,101466.80934811827,False,False,0.6181210600568109,False,0.447171953423381,0.7106451612903227,False,770.913
Mutimbuzi,2011,8,,2.4,30.3,18.28333333333334,4.6,BUJUMBURA (Aeroport),BUJUMBURA (Aeroport),grid_m3.25_29.25,24.226119489247367,16.59594000000004,32.492200000000025,1.51681898962,0.7885609308861559,1.0271937680577956,12.657685537634393,101295.82365591398,False,False,1.5476478434872514,False,0.477172680645953,1.0934241960211324,True,770.913
Rusizi,2011,8,1.77,,30.3,18.28333333333334,4.6,BUJUMBURA (Aeroport),BUJUMBURA (Aeroport),grid_m3.25_29.25,24.226119489247367,16.59594000000004,32.492200000000025,1.51681898962,0.7885609308861559,1.0271937680577956,12.657685537634393,101295.82365591398,False,False,1.5043629271954442,False,0.48647040295799,1.77,False,770.913
Jiji,2011,8,0.4370967741935484,,22.251612903225805,8.548387096774194,7.3,MPOTA (Tora),MPOTA (Tora),grid_m4.00_29.75,20.24391018817204,14.45168000000001,27.63403,29.84809869996,-0.3338611547865591,0.8818684039973118,12.902816155914024,101435.03316532256,False,False,0.7469623692808592,False,0.5981129960950125,0.4370967741935484,False,770.913
Nyamagana,2011,8,,,32.32740000000001,16.183070000000043,23.700000000000003,MPARAMBO,MPARAMBO,grid_m3.00_29.25,23.141520994623704,16.183070000000043,32.32740000000001,1.48153304982,0.3251583958625,0.7070545268879033,11.49608329301077,101325.08622311828,True,True,2.186850324850525,False,0.387451963138145,0.5375688723825695,True,770.913
Nyakagunda,2011,8,0.449032258064516,,30.22387000000004,14.63094000000001,23.700000000000003,MPARAMBO,MPARAMBO,grid_m2.75_29.00,21.02940276881725,14.63094000000001,30.22387000000004,6.976127641820001,-1.1433133367826611,0.8630105085077957,10.147046088709716,101398.3531922043,True,True,1.9960780806672505,False,0.463006390642476,0.449032258064516,False,770.913
Kaburantwa,2011,8,0.3864516129032259,0.23,32.32740000000001,16.183070000000043,23.700000000000003,MPARAMBO,MPARAMBO,grid_m3.00_29.25,23.141520994623704,16.183070000000043,32.32740000000001,1.48153304982,0.3251583958625,0.7070545268879033,11.49608329301077,101325.08622311828,True,True,2.207813552612297,False,0.5250011610191225,0.3864516129032259,False,770.913
Nyengwe,2011,8,0.1032258064516129,0.54,30.10967741935484,17.919354838709676,11.8,NYANZA LAC (IRAT),NYANZA LAC (IRAT),grid_m4.25_29.50,23.750266155914005,21.15090000000004,26.46646000000004,44.8684690711,0.8908860412079301,0.0258562434686559,16.965510551075283,101260.00307123656,False,False,0.3658537084356579,False,0.5444325939394985,0.1032258064516129,False,770.913
Buzimba,2011,8,,1.59,30.10967741935484,17.919354838709676,11.8,NYANZA LAC (IRAT),NYANZA LAC (IRAT),grid_m4.00_29.50,21.560584112903257,16.91067000000004,26.62466000000001,110.2526190674,0.2360825081248656,0.346468013565457,16.84260516129035,101338.53330645162,False,False,0.2550133648657899,False,0.436230258133589,0.9557874068487192,True,770.913
Nyakagunda,2011,9,0.4369999999999999,,29.60256000000004,13.64037000000002,58.5,MPARAMBO,MPARAMBO,grid_m2.75_29.00,21.0276796666667,13.64037000000002,29.60256000000004,28.38754656224,-1.1901811597961112,0.8126945672372222,11.237519277777835,101411.02936805556,True,True,1.9960780806672505,False,0.4857013194562924,0.4369999999999999,False,770.6569999999999
Mutimbuzi,2011,9,,10.22,30.31000000000001,19.47333333333334,86.10000000000001,BUJUMBURA (Aeroport),BUJUMBURA (Aeroport),grid_m3.25_29.25,24.414208180555537,17.260340000000042,33.04302000000001,8.6688996756,1.03294709451625,0.7180710877311944,12.890817500000026,101304.00234722222,False,False,1.5476478434872514,False,0.503934383678511,1.11270230220188,True,770.6569999999999
Buzimba,2011,9,,6.01,30.073333333333338,19.54666666666667,87.5,NYANZA LAC (IRAT),NYANZA LAC (IRAT),grid_m4.00_29.50,21.76604519444448,18.2867,26.0924,363.10386634156,0.1270212591772222,0.061208023302,17.59836174999998,101336.01920138887,False,False,0.2550133648657899,False,0.3910927699599675,0.912409270049952,True,770.6569999999999
Kaburantwa,2011,9,0.4183333333333334,0.15,31.87795,16.493220000000008,58.5,MPARAMBO,MPARAMBO,grid_m3.00_29.25,23.097232444444444,16.493220000000008,31.87795,14.70994948192,0.3923885558245833,0.5457973242898612,12.6070530138889,101335.4630625,True,True,2.207813552612297,False,0.5407411231403345,0.4183333333333334,False,770.6569999999999
Rusizi,2011,9,1.81,,30.31000000000001,19.47333333333334,86.10000000000001,BUJUMBURA (Aeroport),BUJUMBURA (Aeroport),grid_m3.25_29.25,24.414208180555537,17.260340000000042,33.04302000000001,8.6688996756,1.03294709451625,0.7180710877311944,12.890817500000026,101304.00234722222,False,False,1.5043629271954442,False,0.4252734565776485,1.81,False,770.6569999999999
Nyamagana,2011,9,,,31.87795,16.493220000000008,58.5,MPARAMBO,MPARAMBO,grid_m3.00_29.25,23.097232444444444,16.493220000000008,31.87795,14.70994948192,0.3923885558245833,0.5457973242898612,12.6070530138889,101335.4630625,True,True,2.186850324850525,False,0.4252245599292655,0.7783380366238184,True,770.6569999999999
Nyengwe,2011,9,0.0926666666666666,0.84,30.073333333333338,19.54666666666667,87.5,NYANZA LAC (IRAT),NYANZA LAC (IRAT),grid_m4.25_29.50,23.97862618055558,21.15527000000003,26.266500000000008,175.9567264054,0.78187016424625,-0.4140117036790278,17.884662472222203,101252.84570138888,False,False,0.3658537084356579,False,0.508133104222546,0.0926666666666666,False,770.6569999999999
Jiji,2011,9,0.4203333333333333,,22.163333333333338,10.216666666666663,107.3,MPOTA (Tora),MPOTA (Tora),grid_m4.00_29.75,20.2696093194445,14.999300000000003,26.64180000000005,142.05694217498,-0.5246307599847222,0.4839415832480555,14.231033222222266,101440.37802777778,False,False,0.7469623692808592,False,0.5683743059256214,0.4203333333333333,False,770.6569999999999
Mpanda,2011,9,0.7358620689655173,1.3,20.262500000000003,11.0,115.7,RWEGURA,RWEGURA,grid_m3.00_29.50,18.583126694444505,13.229200000000048,26.523500000000013,330.91068338452,-0.5120887118340278,-0.0992181388664722,13.518956194444456,101488.2306388889,False,False,0.6181210600568109,False,0.48277001210992,0.7358620689655173,False,770.6569999999999
Mulembwe,2011,9,0.8990000000000001,6.01,22.163333333333338,10.216666666666663,107.3,MPOTA (Tora),MPOTA (Tora),grid_m4.00_29.50,21.76604519444448,18.2867,26.0924,363.10386634156,0.1270212591772222,0.061208023302,17.59836174999998,101336.01920138887,False,False,0.3376177859350189,False,0.3868253506668745,0.8990000000000001,False,770.6569999999999
Kaburantwa,2011,10,0.5212903225806452,0.14,30.69592,16.185940000000016,82.0,MPARAMBO,MPARAMBO,grid_m3.00_29.25,22.638372903225843,16.185940000000016,30.69592,20.0200080173,0.3512036524043145,0.2905472798494354,13.443790080645158,101145.69362231184,True,True,2.207813552612297,False,0.613386949176528,0.5212903225806452,False,770.5825
Nyengwe,2011,10,0.1248387096774194,3.3,28.903225806451616,19.46451612903225,90.5,NYANZA LAC (IRAT),NYANZA LAC (IRAT),grid_m4.25_29.50,23.199515967741945,20.432000000000016,26.126250000000027,366.48225785658,0.5174397913314059,0.3916136236655914,18.865489341397904,101091.26721102152,False,False,0.3658537084356579,False,0.491541937711991,0.1248387096774194,False,770.5825
Mulembwe,2011,10,1.201290322580645,14.4,21.79032258064516,11.283870967741931,134.39999999999998,MPOTA (Tora),MPOTA (Tora),grid_m4.00_29.50,21.342474784946265,18.118740000000003,26.1028,546.1838240828,-0.0417629988905913,0.5053043988399193,17.956209986559145,101164.47320564516,False,False,0.3376177859350189,False,0.327049246688878,1.201290322580645,False,770.5825
Mpanda,2011,10,0.774516129032258,5.89,25.60050000000001,12.986540000000048,249.7143035342454,RWEGURA,RWEGURA,grid_m3.00_29.50,18.34530704301079,12.986540000000048,25.60050000000001,403.98931482984,-0.6031052983451612,-0.3329537515450269,13.867140497311825,101301.9980577957,True,True,0.6181210600568109,True,0.603908255239868,0.774516129032258,False,770.5825
Mutimbuzi,2011,10,,17.7,29.05806451612903,19.280645161290327,67.5,BUJUMBURA (Aeroport),BUJUMBURA (Aeroport),grid_m3.25_29.25,24.19677264784952,16.502160000000003,32.19012000000004,10.69545737306,0.9088090268536292,0.3343993968611559,13.029401760752704,101115.13698924732,False,False,1.5476478434872514,False,0.603653751901836,1.2463341208765897,True,770.5825
Nyamagana,2011,10,,,30.69592,16.185940000000016,82.0,MPARAMBO,MPARAMBO,grid_m3.00_29.25,22.638372903225843,16.185940000000016,30.69592,20.0200080173,0.3512036524043145,0.2905472798494354,13.443790080645158,101145.69362231184,True,True,2.186850324850525,False,0.520422867432465,0.7494001843317978,True,770.5825
Rusizi,2011,10,1.94,,29.05806451612903,19.280645161290327,67.5,BUJUMBURA (Aeroport),BUJUMBURA (Aeroport),grid_m3.25_29.25,24.19677264784952,16.502160000000003,32.19012000000004,10.69545737306,0.9088090268536292,0.3343993968611559,13.029401760752704,101115.13698924732,False,False,1.5043629271954442,False,0.563177154317704,1.94,False,770.5825
Nyakagunda,2011,10,0.4509677419354839,,28.72320000000002,14.087580000000004,82.0,MPARAMBO,MPARAMBO,grid_m2.75_29.00,20.73772005376344,14.087580000000004,28.72320000000002,33.48970414602,-0.9809011026135216,0.5380730572655914,11.877441532258104,101224.18807123655,True,True,1.9960780806672505,False,0.525548035033839,0.4509677419354839,False,770.5825
Buzimba,2011,10,,14.4,28.903225806451616,19.46451612903225,90.5,NYANZA LAC (IRAT),NYANZA LAC (IRAT),grid_m4.00_29.50,21.342474784946265,18.118740000000003,26.1028,546.1838240828,-0.0417629988905913,0.5053043988399193,17.956209986559145,101164.47320564516,False,False,0.2550133648657899,False,0.343744006975128,1.0534782070546438,True,770.5825
Jiji,2011,10,0.5361290322580646,,21.79032258064516,11.283870967741931,134.39999999999998,MPOTA (Tora),MPOTA (Tora),grid_m4.00_29.75,19.41774631720432,15.204859999999996,25.29617000000001,231.58502629426,-0.5421869618157258,0.1981072373722217,15.413789879032322,101279.66270833334,False,False,0.7469623692808592,False,0.497208767876018,0.5361290322580646,False,770.5825
Mpanda,2011,11,1.0053333333333334,10.45,19.686666666666667,12.60232000000002,276.13124328334544,RWEGURA,RWEGURA,grid_m3.00_29.50,18.2065337638889,12.60232000000002,26.222920000000045,446.72680018048,-0.3728351576565277,-0.2470710325858333,14.497488694444428,101373.16894444443,False,True,0.6181210600568109,True,0.6094009246671006,1.0053333333333334,False,770.8000000000001
Nyamagana,2011,11,,,31.53243000000004,14.489040000000044,130.29999999999998,MPARAMBO,MPARAMBO,grid_m3.00_29.25,22.701064958333347,14.489040000000044,31.53243000000004,69.87428665638,0.1475329499868055,0.2341450582998611,14.410899916666722,101211.69934722222,True,True,2.186850324850525,False,0.610012476852783,0.8736403204618892,True,770.8000000000001
Rusizi,2011,11,2.07,,28.113333333333333,19.453333333333333,108.9,BUJUMBURA (Aeroport),BUJUMBURA (Aeroport),grid_m3.25_29.25,24.151081611111124,15.76248000000004,33.19120000000004,57.052612345540005,0.2452407414927777,0.3023226851138889,14.741623902777803,101184.61720833334,False,False,1.5043629271954442,False,0.5456520893817315,2.07,False,770.8000000000001
Buzimba,2011,11,,18.21,27.526666666666667,19.456666666666667,271.70000000000005,NYANZA LAC (IRAT),NYANZA LAC (IRAT),grid_m4.00_29.50,21.12638551388892,18.217200000000048,25.44198,583.0230725336401,-0.1283934275318055,0.7339239766458333,18.163604777777778,101243.03994444443,False,False,0.2550133648657899,False,0.2135618450145164,1.036508688263746,True,770.8000000000001
Mutimbuzi,2011,11,,20.4,28.113333333333333,19.453333333333333,108.9,BUJUMBURA (Aeroport),BUJUMBURA (Aeroport),grid_m3.25_29.25,24.151081611111124,15.76248000000004,33.19120000000004,57.052612345540005,0.2452407414927777,0.3023226851138889,14.741623902777803,101184.61720833334,False,False,1.5476478434872514,False,0.6411114270167235,1.131721589783659,True,770.8000000000001
Nyakagunda,2011,11,0.5593333333333332,,29.16924,14.140100000000018,130.29999999999998,MPARAMBO,MPARAMBO,grid_m2.75_29.00,20.66188354166667,14.140100000000018,29.16924,70.14703742386,-0.5641613856433333,0.2328782399647778,12.510064847222225,101290.1154652778,True,True,1.9960780806672505,False,0.6361236657942639,0.5593333333333332,False,770.8000000000001
Kaburantwa,2011,11,0.704,0.38,31.53243000000004,14.489040000000044,130.29999999999998,MPARAMBO,MPARAMBO,grid_m3.00_29.25,22.701064958333347,14.489040000000044,31.53243000000004,69.87428665638,0.1475329499868055,0.2341450582998611,14.410899916666722,101211.69934722222,True,True,2.207813552612297,False,0.6717092597465779,0.704,False,770.8000000000001
Mulembwe,2011,11,1.8076666666666663,18.21,25.44198,18.217200000000048,290.50000000000006,MPOTA (Tora),MPOTA (Tora),grid_m4.00_29.50,21.12638551388892,18.217200000000048,25.44198,583.0230725336401,-0.1283934275318055,0.7339239766458333,18.163604777777778,101243.03994444443,True,True,0.3376177859350189,False,0.2800852198944865,1.8076666666666663,False,770.8000000000001
Nyengwe,2011,11,0.2543333333333333,15.04,27.526666666666667,19.456666666666667,271.70000000000005,NYANZA LAC (IRAT),NYANZA LAC (IRAT),grid_m4.25_29.50,22.894218652777795,20.46010000000001,25.900930000000017,427.43086711762,0.1613024820161111,0.6335130063754028,18.97933802777783,101170.28129166667,False,False,0.3658537084356579,False,0.420721598926418,0.2543333333333333,False,770.8000000000001
Jiji,2011,11,0.7313333333333334,,25.118920000000003,14.53164000000004,290.50000000000006,MPOTA (Tora),MPOTA (Tora),grid_m4.00_29.75,19.052500194444463,14.53164000000004,25.118920000000003,276.03268675964,-0.1892848121390277,0.3199537052944444,16.08786402777781,101364.89515972222,True,True,0.7469623692808592,False,0.3332095435766189,0.7313333333333334,False,770.8000000000001
Jiji,2011,12,1.1922580645161287,,25.24362000000002,14.89205000000004,293.20000000000005,MPOTA (Tora),MPOTA (Tora),grid_m4.00_29.75,19.161737258064537,14.89205000000004,25.24362000000002,333.85467480866,-0.0966721308729838,0.3351133200537634,16.410280255376392,101404.6027016129,True,True,0.7469623692808592,False,0.5238943212049985,1.1922580645161287,False,770.8725
Rusizi,2011,12,2.84,,28.870967741935488,20.0483870967742,194.8,BUJUMBURA (Aeroport),BUJUMBURA (Aeroport),grid_m3.25_29.25,23.46240290322584,16.953360000000032,30.53243000000004,132.69329047181998,0.1292537659427419,0.1739371917236559,16.412810900537636,101236.73882392474,False,False,1.5043629271954442,False,0.6029401259581735,2.84,False,770.8725
Kaburantwa,2011,12,0.7225806451612905,0.33,29.920680000000004,15.873440000000016,207.39999999999995,MPARAMBO,MPARAMBO,grid_m3.00_29.25,22.30013360215053,15.873440000000016,29.920680000000004,76.70450199652,0.2307230718744623,0.2380306691840053,15.28474979838711,101258.5151814516,True,True,2.207813552612297,False,0.703382751434017,0.7225806451612905,False,770.8725
Nyengwe,2011,12,0.6793548387096774,11.9,28.07096774193548,19.71290322580645,173.4,NYANZA LAC (IRAT),NYANZA LAC (IRAT),grid_m4.25_29.50,22.863660053763457,20.404870000000017,25.89010000000001,429.65364492728,0.1680655625716398,0.4988529248791666,19.09385576612908,101212.00642473118,False,False,0.3658537084356579,False,0.4473413450510834,0.6793548387096774,False,770.8725
Mutimbuzi,2011,12,,18.19,28.870967741935488,20.0483870967742,194.8,BUJUMBURA (Aeroport),BUJUMBURA (Aeroport),grid_m3.25_29.25,23.46240290322584,16.953360000000032,30.53243000000004,132.69329047181998,0.1292537659427419,0.1739371917236559,16.412810900537636,101236.73882392474,False,False,1.5476478434872514,False,0.615671834568385,1.036694179796644,True,770.8725
Nyamagana,2011,12,,,29.920680000000004,15.873440000000016,207.39999999999995,MPARAMBO,MPARAMBO,grid_m3.00_29.25,22.30013360215053,15.873440000000016,29.920680000000004,76.70450199652,0.2307230718744623,0.2380306691840053,15.28474979838711,101258.5151814516,True,True,2.186850324850525,False,0.6460375573449719,0.7173348016314424,True,770.8725
Mulembwe,2011,12,2.498064516129032,18.68,26.11276000000004,18.074370000000044,293.20000000000005,MPOTA (Tora),MPOTA (Tora),grid_m4.00_29.50,21.12133299731181,18.074370000000044,26.11276000000004,677.38199265508,-0.059322553028629,0.6273312729163979,18.349630819892468,101285.5103158602,True,True,0.3376177859350189,False,0.461683678586728,2.498064516129032,False,770.8725
Mpanda,2011,12,1.278333333333333,11.22,20.841935483870973,12.892970000000048,246.40000000000003,RWEGURA,RWEGURA,grid_m3.00_29.50,18.42524920698924,12.892970000000048,25.03200000000004,389.11819410786,-0.1678168093172043,-0.2899759348295699,14.626239784946222,101406.40276209678,False,True,0.6181210600568109,False,0.6245723244894915,1.278333333333333,False,770.8725
Nyakagunda,2011,12,0.6551612903225806,,28.58280000000002,12.981899999999996,207.39999999999995,MPARAMBO,MPARAMBO,grid_m2.75_29.00,20.623619838709715,12.981899999999996,28.58280000000002,67.63172140360001,-0.4954863420864247,0.0716094563830497,12.887876733870996,101328.72955645162,True,True,1.9960780806672505,False,0.7140590338127575,0.6551612903225806,False,770.8725
Buzimba,2011,12,,18.68,28.07096774193548,19.71290322580645,173.4,NYANZA LAC (IRAT),NYANZA LAC (IRAT),grid_m4.00_29.50,21.12133299731181,18.074370000000044,26.11276000000004,677.38199265508,-0.059322553028629,0.6273312729163979,18.349630819892468,101285.5103158602,False,False,0.2550133648657899,False,0.356059126588572,1.126163842383122,True,770.8725
Nyamagana,2012,1,,,31.31935483870968,18.725806451612907,49.9,MPARAMBO,MPARAMBO,grid_m3.00_29.25,24.06831482526883,16.551500000000033,34.025450000000035,7.7776909103,0.7265287625403682,0.1735968034830645,12.833921451612923,101156.36885752688,False,False,2.186850324850525,False,0.62926222604335,0.9616382252767618,True,770.9255
Kaburantwa,2012,1,,0.37,31.31935483870968,18.725806451612907,49.9,MPARAMBO,MPARAMBO,grid_m3.00_29.25,24.06831482526883,16.551500000000033,34.025450000000035,7.7776909103,0.7265287625403682,0.1735968034830645,12.833921451612923,101156.36885752688,False,False,2.207813552612297,False,0.6671186177881949,1.5740138056358162,True,770.9255
Jiji,2012,1,0.7816129032258065,,23.070967741935487,10.412903225806453,168.60000000000002,MPOTA (Tora),MPOTA (Tora),grid_m4.00_29.75,19.959147217741982,14.60310000000004,26.8528,279.35361835158,0.0803607207711021,0.4806732048826613,16.160066666666694,101335.00494623656,False,False,0.7469623692808592,False,0.6736400828034375,0.7816129032258065,False,770.9255
Nyengwe,2012,1,0.6370967741935483,11.94,29.125806451612902,20.135483870967743,70.80000000000001,NYANZA LAC (IRAT),NYANZA LAC (IRAT),grid_m4.25_29.50,23.4631137634409,20.40737000000001,26.53835000000004,321.71916916784,0.0882020968258064,0.7506139840895161,19.24825434139791,101151.96764784948,False,False,0.3658537084356579,False,0.5466372799212905,0.6370967741935483,False,770.9255
Mpanda,2012,1,1.3754838709677415,5.26,22.006451612903227,11.716129032258063,40.0,RWEGURA,RWEGURA,grid_m3.00_29.50,19.63298086021507,12.77108000000004,28.510640000000024,123.01492745802,0.2803985233942204,-0.5515402307310484,13.06906573924732,101301.87053763442,False,False,0.6181210600568109,False,0.6130446633764775,1.3754838709677415,False,770.9255
Mutimbuzi,2012,1,,10.4,29.974193548387102,20.45483870967741,68.39999999999999,BUJUMBURA (Aeroport),BUJUMBURA (Aeroport),grid_m3.25_29.25,24.811247930107527,16.75463000000002,34.128960000000006,13.81063455494,0.4601831532696236,0.2850483090451612,15.084288790322605,101139.99822580646,False,False,1.5476478434872514,False,0.6310256333054896,1.601496740494369,True,770.9255
Buzimba,2012,1,,17.42,29.125806451612902,20.135483870967743,70.80000000000001,NYANZA LAC (IRAT),NYANZA LAC (IRAT),grid_m4.00_29.50,21.692333077957016,18.21010000000001,26.803980000000024,537.1189118830399,-0.0409509173630376,0.9013983829943818,18.481232392473142,101229.84634408604,False,False,0.2550133648657899,False,0.3547975353639579,1.058303943344507,True,770.9255
Rusizi,2012,1,2.01,,29.974193548387102,20.45483870967741,68.39999999999999,BUJUMBURA (Aeroport),BUJUMBURA (Aeroport),grid_m3.25_29.25,24.811247930107527,16.75463000000002,34.128960000000006,13.81063455494,0.4601831532696236,0.2850483090451612,15.084288790322605,101139.99822580646,False,False,1.5043629271954442,False,0.6045827706178566,2.01,False,770.9255
Mulembwe,2012,1,1.8074193548387087,17.42,23.070967741935487,10.412903225806453,168.60000000000002,MPOTA (Tora),MPOTA (Tora),grid_m4.00_29.50,21.692333077957016,18.21010000000001,26.803980000000024,537.1189118830399,-0.0409509173630376,0.9013983829943818,18.481232392473142,101229.84634408604,False,False,0.3376177859350189,False,0.404858367070494,1.8074193548387087,False,770.9255
Nyakagunda,2012,1,0.5496774193548388,,31.31935483870968,18.725806451612907,49.9,MPARAMBO,MPARAMBO,grid_m2.75_29.00,21.777018252688208,13.66088000000002,30.656300000000044,43.29872135758,-0.2026678301304704,-0.2631051457887097,12.0590139919355,101251.01469086022,False,False,1.9960780806672505,False,0.68345669663177,0.5496774193548388,False,770.9255
Mpanda,2012,2,0.8213793103448275,3.07,21.117241379310343,11.324137931034482,123.7,RWEGURA,RWEGURA,grid_m3.00_29.50,19.19662932471266,12.714380000000006,29.01553000000001,226.26900702388,-0.2441511526241379,-0.2254076772293103,12.884933505747142,101186.57608477012,False,False,0.6181210600568109,False,0.6532735072193749,0.8213793103448275,False,771.0806666666667
Rusizi,2012,2,1.99,,29.668965517241386,19.596551724137928,96.2,BUJUMBURA (Aeroport),BUJUMBURA (Aeroport),grid_m3.25_29.25,24.93933311781609,17.177819999999997,33.727660000000014,6.51669501884,0.5469654962831897,0.5998788378557471,13.43568083333338,101012.1600862069,False,False,1.5043629271954442,False,0.614861684875499,1.99,False,771.0806666666667
Buzimba,2012,2,,13.09,28.54137931034483,19.141379310344824,138.60000000000002,NYANZA LAC (IRAT),NYANZA LAC (IRAT),grid_m4.00_29.50,21.420161666666672,18.03985,26.11974000000004,453.4909722981,-0.215164363593454,0.8283102751806035,18.191843347701138,101107.1045617816,False,False,0.2550133648657899,False,0.4162953164062015,1.1069275939151244,True,771.0806666666667
Nyengwe,2012,2,0.5565517241379311,6.2,28.54137931034483,19.141379310344824,138.60000000000002,NYANZA LAC (IRAT),NYANZA LAC (IRAT),grid_m4.25_29.50,23.404735675287384,20.63265000000001,25.86447000000004,287.33086565628,-0.0295389151126724,0.7063676462634195,19.13279475574712,101029.7071408046,False,False,0.3658537084356579,False,0.620367993627277,0.5565517241379311,False,771.0806666666667
Mulembwe,2012,2,1.6017241379310347,13.09,21.979310344827585,10.275862068965516,103.7,MPOTA (Tora),MPOTA (Tora),grid_m4.00_29.50,21.420161666666672,18.03985,26.11974000000004,453.4909722981,-0.215164363593454,0.8283102751806035,18.191843347701138,101107.1045617816,False,False,0.3376177859350189,False,0.407854803549909,1.6017241379310347,False,771.0806666666667
Kaburantwa,2012,2,,0.2,31.031034482758624,17.46551724137931,80.6,MPARAMBO,MPARAMBO,grid_m3.00_29.25,24.310617801724163,16.90157000000005,34.268100000000004,7.57884979222,0.3969130200034482,0.5139174854442529,11.014428534482818,101025.82475574712,False,False,2.207813552612297,False,0.6322734553282381,1.5630184037789054,True,771.0806666666667
Jiji,2012,2,0.7506896551724138,,21.979310344827585,10.275862068965516,103.7,MPOTA (Tora),MPOTA (Tora),grid_m4.00_29.75,19.361996939655228,15.13820000000004,25.772580000000005,206.2265868031,-0.0034242865411781,0.4709445260278304,16.15687485632185,101221.32691091954,False,False,0.7469623692808592,False,0.6514093387729425,0.7506896551724138,False,771.0806666666667
Mutimbuzi,2012,2,,8.96,29.668965517241386,19.596551724137928,96.2,BUJUMBURA (Aeroport),BUJUMBURA (Aeroport),grid_m3.25_29.25,24.93933311781609,17.177819999999997,33.727660000000014,6.51669501884,0.5469654962831897,0.5998788378557471,13.43568083333338,101012.1600862069,False,False,1.5476478434872514,False,0.6555970706239731,1.4758710957196026,True,771.0806666666667
Nyamagana,2012,2,,,31.031034482758624,17.46551724137931,80.6,MPARAMBO,MPARAMBO,grid_m3.00_29.25,24.310617801724163,16.90157000000005,34.268100000000004,7.57884979222,0.3969130200034482,0.5139174854442529,11.014428534482818,101025.82475574712,False,False,2.186850324850525,False,0.593306881334732,0.9666801804915528,True,771.0806666666667
Nyakagunda,2012,2,0.4858620689655173,,31.031034482758624,17.46551724137931,80.6,MPARAMBO,MPARAMBO,grid_m2.75_29.00,21.481785919540243,14.057800000000045,30.689970000000017,22.81498916594,-0.5458682732938218,0.1498757511126436,10.032318318965563,101111.6148204023,False,False,1.9960780806672505,False,0.5918552285351371,0.4858620689655173,False,771.0806666666667
Kaburantwa,2012,3,,0.51,31.587096774193547,17.780645161290316,55.7,MPARAMBO,MPARAMBO,grid_m3.00_29.25,24.557789892473124,16.238460000000032,35.1943,18.80788813374,0.0988799962705645,0.6766317647076344,13.512672016129043,101162.38545026882,False,False,2.207813552612297,False,0.6763916130437471,1.5157078281443832,True,771.0953333333333
Mutimbuzi,2012,3,,18.31,30.5,19.97777777777777,43.6,BUJUMBURA (Aeroport),BUJUMBURA (Aeroport),grid_m3.25_29.25,25.418753091397832,17.086100000000044,35.487270000000024,11.5447045272,0.3599267021159946,0.6834532642321236,14.902910577957016,101144.87520161291,False,False,1.5476478434872514,False,0.6609417311582144,1.7902585085283604,True,771.0953333333333
Mulembwe,2012,3,1.7303225806451612,19.08,22.206451612903223,10.770967741935484,218.2,MPOTA (Tora),MPOTA (Tora),grid_m4.00_29.50,21.69054170698928,17.9794,27.201000000000025,504.81867840246,-0.1500896247204301,0.6123466490326209,18.345023172043,101230.19306451612,False,False,0.3376177859350189,False,0.4167321545981275,1.7303225806451612,False,771.0953333333333
Buzimba,2012,3,,19.08,29.003225806451617,20.10322580645161,74.19999999999999,NYANZA LAC (IRAT),NYANZA LAC (IRAT),grid_m4.00_29.50,21.69054170698928,17.9794,27.201000000000025,504.81867840246,-0.1500896247204301,0.6123466490326209,18.345023172043,101230.19306451612,False,False,0.2550133648657899,False,0.452600888271115,1.133472104026719,True,771.0953333333333
Rusizi,2012,3,2.02,,30.5,19.97777777777777,43.6,BUJUMBURA (Aeroport),BUJUMBURA (Aeroport),grid_m3.25_29.25,25.418753091397832,17.086100000000044,35.487270000000024,11.5447045272,0.3599267021159946,0.6834532642321236,14.902910577957016,101144.87520161291,False,False,1.5043629271954442,False,0.577583464401489,2.02,False,771.0953333333333
Nyakagunda,2012,3,0.5235483870967743,,31.587096774193547,17.780645161290316,55.7,MPARAMBO,MPARAMBO,grid_m2.75_29.00,21.86234892473124,14.50576000000001,31.19924000000003,31.20422361226,-0.8459639122362903,0.2532118519016129,11.671394596774178,101243.78733870968,False,False,1.9960780806672505,False,0.5843089944833065,0.5235483870967743,False,771.0953333333333
Nyengwe,2012,3,0.5358064516129032,17.5,29.003225806451617,20.10322580645161,74.19999999999999,NYANZA LAC (IRAT),NYANZA LAC (IRAT),grid_m4.25_29.50,23.60127869623659,20.33350000000001,26.704060000000027,376.81961003522,0.0845373907513736,0.4566033060614651,19.38329279569893,101152.4523655914,False,False,0.3658537084356579,False,0.5737881247484105,0.5358064516129032,False,771.0953333333333
Nyamagana,2012,3,,,31.587096774193547,17.780645161290316,55.7,MPARAMBO,MPARAMBO,grid_m3.00_29.25,24.557789892473124,16.238460000000032,35.1943,18.80788813374,0.0988799962705645,0.6766317647076344,13.512672016129043,101162.38545026882,False,False,2.186850324850525,False,0.593843458170996,0.8088978494623654,True,771.0953333333333
Jiji,2012,3,0.7761290322580645,,22.206451612903223,10.770967741935484,218.2,MPOTA (Tora),MPOTA (Tora),grid_m4.00_29.75,19.68275583333337,14.862240000000044,26.972500000000025,227.10943180768,-0.1894290812497849,0.4133444748842473,16.323604596774203,101351.31941532258,False,False,0.7469623692808592,False,0.622922973250399,0.7761290322580645,False,771.0953333333333
Mpanda,2012,3,0.8793548387096771,9.53,21.56129032258065,11.503225806451612,62.900000000000006,RWEGURA,RWEGURA,grid_m3.00_29.50,19.259652405913982,13.060450000000005,28.76266000000004,234.79437976414,-0.3842362353276881,0.0288754949434139,14.268811922043028,101335.02844086022,False,False,0.6181210600568109,False,0.655481285514671,0.8793548387096771,False,771.0953333333333
Kaburantwa,2012,4,,1.46,31.006666666666668,18.130000000000003,112.6,MPARAMBO,MPARAMBO,grid_m3.00_29.25,22.18408693055557,16.043540000000007,30.68923000000001,86.23599978374,-0.0136749053013611,0.4065076411376944,16.010740611111146,101283.33882638888,False,False,2.207813552612297,False,0.7224367414291775,1.5741777039657596,True,771.2305
Mpanda,2012,4,1.0616666666666663,8.92,20.273333333333337,11.713333333333336,262.0,RWEGURA,RWEGURA,grid_m3.00_29.50,18.348333902777767,12.633399999999996,25.51510000000001,450.12998571078,-0.4538753718288889,-0.0506158398697222,15.31822744444446,101436.9389861111,False,False,0.6181210600568109,False,0.7178148421052619,1.0616666666666663,False,771.2305
Nyamagana,2012,4,,,31.006666666666668,18.130000000000003,112.6,MPARAMBO,MPARAMBO,grid_m3.00_29.25,22.18408693055557,16.043540000000007,30.68923000000001,86.23599978374,-0.0136749053013611,0.4065076411376944,16.010740611111146,101283.33882638888,False,False,2.186850324850525,False,0.6265736033037645,0.8731796404735412,True,771.2305
Nyakagunda,2012,4,0.5506666666666666,,31.006666666666668,18.130000000000003,112.6,MPARAMBO,MPARAMBO,grid_m2.75_29.00,20.11922476388889,14.95046000000002,28.466120000000046,114.1884325179,-0.9745947725770832,0.5121106680534722,13.973560875000032,101352.41699305557,False,False,1.9960780806672505,False,0.6445220885703985,0.5506666666666666,False,771.2305
Mutimbuzi,2012,4,,15.87,29.59333333333334,17.602800000000002,104.1,BUJUMBURA (Aeroport),BUJUMBURA (Aeroport),grid_m3.25_29.25,23.64643018055557,17.602800000000002,32.22634000000005,86.98415773372001,0.3609968596607916,0.427435916977361,16.651449902777813,101253.03745833332,False,True,1.5476478434872514,False,0.690175473845164,1.348407164854427,True,771.2305
Buzimba,2012,4,,14.31,28.21,19.756666666666664,161.59999999999997,NYANZA LAC (IRAT),NYANZA LAC (IRAT),grid_m4.00_29.50,21.231420972222224,17.791600000000017,25.931240000000003,531.5911766150599,-0.132022073595,0.4117024102460486,18.44479552777784,101294.73590972222,False,False,0.2550133648657899,False,0.364292466848899,1.1207688099411923,True,771.2305
Mulembwe,2012,4,2.1,14.31,21.336666666666662,11.36,222.9,MPOTA (Tora),MPOTA (Tora),grid_m4.00_29.50,21.231420972222224,17.791600000000017,25.931240000000003,531.5911766150599,-0.132022073595,0.4117024102460486,18.44479552777784,101294.73590972222,False,False,0.3376177859350189,False,0.466697779245237,2.1,False,771.2305
Nyengwe,2012,4,0.6913333333333334,11.87,28.21,19.756666666666664,161.59999999999997,NYANZA LAC (IRAT),NYANZA LAC (IRAT),grid_m4.25_29.50,22.90466054166665,20.896450000000016,25.49178000000001,468.50585940688,0.20780268722625,0.3157646392582861,19.43446815277781,101221.40363194444,False,False,0.3658537084356579,False,0.532105545832082,0.6913333333333334,False,771.2305
Rusizi,2012,4,2.25,,29.59333333333334,17.602800000000002,104.1,BUJUMBURA (Aeroport),BUJUMBURA (Aeroport),grid_m3.25_29.25,23.64643018055557,17.602800000000002,32.22634000000005,86.98415773372001,0.3609968596607916,0.427435916977361,16.651449902777813,101253.03745833332,False,True,1.5043629271954442,False,0.6323639376570616,2.25,False,771.2305
Jiji,2012,4,0.9713333333333332,,21.336666666666662,11.36,222.9,MPOTA (Tora),MPOTA (Tora),grid_m4.00_29.75,19.09595798611116,13.77206000000001,25.30233000000004,262.16483087896,-0.4927818937519028,0.3570827267624999,16.404490819444504,101426.82547916668,False,False,0.7469623692808592,False,0.5716443958626349,0.9713333333333332,False,771.2305
Kaburantwa,2012,5,,1.42,30.677419354838705,18.466666666666665,81.5,MPARAMBO,MPARAMBO,grid_m3.00_29.25,21.21771975806456,14.681150000000002,28.320640000000022,92.309952026,0.2847149755831989,0.4574911464202957,15.51614001344086,101404.27995967744,False,False,2.207813552612297,False,0.7245130608846785,1.6306208982315464,True,771.2919999999999
Mutimbuzi,2012,5,,11.34,29.3,19.625806451612902,54.39999999999999,BUJUMBURA (Aeroport),BUJUMBURA (Aeroport),grid_m3.25_29.25,22.31063744623657,15.91357000000005,28.96950000000004,209.58375972226,1.1238066135068547,0.5731206087795699,16.20565043010754,101372.171922043,False,False,1.5476478434872514,False,0.6654417089538245,1.5469835151961495,True,771.2919999999999
Jiji,2012,5,0.8277419354838713,,20.203225806451613,10.241935483870968,127.0,MPOTA (Tora),MPOTA (Tora),grid_m4.00_29.75,18.84211840053763,14.442300000000046,24.02322000000004,163.19799390266,-0.8556028801487904,0.3521654687743279,15.4526789919355,101528.51715053763,False,False,0.7469623692808592,False,0.704086112834042,0.8277419354838713,False,771.2919999999999
Rusizi,2012,5,2.41,,29.3,19.625806451612902,54.39999999999999,BUJUMBURA (Aeroport),BUJUMBURA (Aeroport),grid_m3.25_29.25,22.31063744623657,15.91357000000005,28.96950000000004,209.58375972226,1.1238066135068547,0.5731206087795699,16.20565043010754,101372.171922043,False,False,1.5043629271954442,False,0.6155023099035335,2.41,False,771.2919999999999
Nyamagana,2012,5,,,30.677419354838705,18.466666666666665,81.5,MPARAMBO,MPARAMBO,grid_m3.00_29.25,21.21771975806456,14.681150000000002,28.320640000000022,92.309952026,0.2847149755831989,0.4574911464202957,15.51614001344086,101404.27995967744,False,False,2.186850324850525,False,0.6231786976867886,0.9467774866253508,True,771.2919999999999
Buzimba,2012,5,,10.24,28.26129032258065,19.19677419354839,117.1,NYANZA LAC (IRAT),NYANZA LAC (IRAT),grid_m4.00_29.50,20.81929530913981,17.294430000000034,25.10420000000005,462.85724672388,0.0079789521658602,0.3221519218787634,18.13173616935484,101408.20414650538,False,False,0.2550133648657899,False,0.5642490196347485,1.2580696262892397,True,771.2919999999999
Nyakagunda,2012,5,0.5741935483870967,,30.677419354838705,18.466666666666665,81.5,MPARAMBO,MPARAMBO,grid_m2.75_29.00,19.79440375000001,13.761220000000035,26.51315,53.27749271262,-1.2107841749323924,0.7475879629809812,13.465696948924744,101466.92934139786,False,False,1.9960780806672505,False,0.6868771038313515,0.5741935483870967,False,771.2919999999999
Mpanda,2012,5,1.0570967741935482,6.69,19.586666666666662,11.412903225806453,225.40000000000003,RWEGURA,RWEGURA,grid_m3.00_29.50,17.836091196236566,12.511220000000035,24.749480000000005,309.36527236996,-0.6986873995981183,-0.0427648077028225,14.62114125000005,101539.27023521508,False,False,0.6181210600568109,False,0.6426448150908235,1.0570967741935482,False,771.2919999999999
Nyengwe,2012,5,0.7087096774193548,7.77,28.26129032258065,19.19677419354839,117.1,NYANZA LAC (IRAT),NYANZA LAC (IRAT),grid_m4.25_29.50,22.63754163978496,20.574600000000032,25.39236,366.8043612758,0.6547114052525538,0.0850926890422043,19.01754155913977,101337.22112903226,False,False,0.3658537084356579,False,0.696311444120451,0.7087096774193548,False,771.2919999999999
Mulembwe,2012,5,1.9770967741935488,10.24,20.203225806451613,10.241935483870968,127.0,MPOTA (Tora),MPOTA (Tora),grid_m4.00_29.50,20.81929530913981,17.294430000000034,25.10420000000005,462.85724672388,0.0079789521658602,0.3221519218787634,18.13173616935484,101408.20414650538,False,False,0.3376177859350189,False,0.51680426530104,1.9770967741935488,False,771.2919999999999
Nyengwe,2012,6,0.558,1.66,29.273333333333333,17.723333333333336,27.8,NYANZA LAC (IRAT),NYANZA LAC (IRAT),grid_m4.25_29.50,22.912215583333364,19.99606,25.8793,80.5058476175,0.8098421740504166,0.1402458649222222,17.981085277777822,101425.4304236111,False,False,0.3658537084356579,False,0.6763119228193395,0.558,False,771.3605
Mulembwe,2012,6,1.4059999999999997,2.06,20.62666666666667,8.526666666666666,18.200000000000003,MPOTA (Tora),MPOTA (Tora),grid_m4.00_29.50,20.817231125000035,16.82964000000004,25.810940000000016,139.3108368265,0.0971021014722222,0.3879156803859722,17.445655569444455,101500.49450694444,False,False,0.3376177859350189,False,0.4727575382472345,1.4059999999999997,False,771.3605
Kaburantwa,2012,6,,0.68,31.363333333333333,14.626000000000031,15.1,MPARAMBO,MPARAMBO,grid_m3.00_29.25,21.89596641666668,14.626000000000031,29.90664000000004,5.1918029764,0.2741976411220833,0.7265644968708332,13.773072652777785,101482.71738194444,False,True,2.207813552612297,False,0.629250099948699,1.467334949403944,True,771.3605
Mutimbuzi,2012,6,,1.16,29.203333333333333,18.756666666666668,46.8,BUJUMBURA (Aeroport),BUJUMBURA (Aeroport),grid_m3.25_29.25,22.73262016666672,15.145530000000008,29.65646000000004,6.31380081928,0.8968864438836112,0.9419833345361112,15.166393986111132,101459.19138194445,False,False,1.5476478434872514,False,0.58728608121758,1.2124806976814604,True,771.3605
Buzimba,2012,6,,2.06,29.273333333333333,17.723333333333336,27.8,NYANZA LAC (IRAT),NYANZA LAC (IRAT),grid_m4.00_29.50,20.817231125000035,16.82964000000004,25.810940000000016,139.3108368265,0.0971021014722222,0.3879156803859722,17.445655569444455,101500.49450694444,False,False,0.2550133648657899,False,0.5730500653092645,1.1477664421020255,True,771.3605
Jiji,2012,6,0.603,,20.62666666666667,8.526666666666666,18.200000000000003,MPOTA (Tora),MPOTA (Tora),grid_m4.00_29.75,18.84890698611116,13.576260000000048,25.79880000000003,45.60184486616,-0.6136617863365278,0.6784294595726389,13.927171333333376,101608.745375,False,False,0.7469623692808592,False,0.730593704190654,0.603,False,771.3605
Nyamagana,2012,6,,,31.363333333333333,14.626000000000031,15.1,MPARAMBO,MPARAMBO,grid_m3.00_29.25,21.89596641666668,14.626000000000031,29.90664000000004,5.1918029764,0.2741976411220833,0.7265644968708332,13.773072652777785,101482.71738194444,False,True,2.186850324850525,False,0.5155518472619565,0.7570600402215214,True,771.3605
Rusizi,2012,6,2.22,,29.203333333333333,18.756666666666668,46.8,BUJUMBURA (Aeroport),BUJUMBURA (Aeroport),grid_m3.25_29.25,22.73262016666672,15.145530000000008,29.65646000000004,6.31380081928,0.8968864438836112,0.9419833345361112,15.166393986111132,101459.19138194445,False,False,1.5043629271954442,False,0.572584191336895,2.22,False,771.3605
Mpanda,2012,6,0.9333333333333332,0.99,19.77,10.45,10.6,RWEGURA,RWEGURA,grid_m3.00_29.50,17.89421979166667,11.097740000000044,25.221220000000017,108.25538699458,-0.5079027808624306,0.3434793729033333,13.020473805555582,101610.02453472224,False,False,0.6181210600568109,False,0.5761789399161605,0.9333333333333332,False,771.3605
Nyakagunda,2012,6,0.5020000000000001,,31.363333333333333,14.15124000000003,15.1,MPARAMBO,MPARAMBO,grid_m2.75_29.00,20.0982046111111,14.15124000000003,28.10740000000004,6.6976547094,-1.2341614626556945,0.8485005316808333,11.604688680555569,101544.6759027778,False,True,1.9960780806672505,False,0.536242699387665,0.5020000000000001,False,771.3605
Buzimba,2012,7,,0.79,29.33225806451614,16.561290322580643,0.0,NYANZA LAC (IRAT),NYANZA LAC (IRAT),grid_m4.00_29.50,20.98032875000001,16.54128000000003,26.228970000000004,38.00392188322,0.1617374626670699,0.475418106278629,16.496519381720475,101399.94967741935,False,False,0.2550133648657899,False,0.466569007820047,1.0677401328524958,True,771.106
Nyamagana,2012,7,,,32.05161290322581,14.466880000000003,0.0,MPARAMBO,MPARAMBO,grid_m3.00_29.25,22.076969354838752,14.466880000000003,30.53520000000003,0.78058242452,0.2429063440604838,0.737445312577957,12.228001639784964,101373.98014784946,False,True,2.186850324850525,False,0.4452095935707399,0.7526809252971144,True,771.106
Rusizi,2012,7,1.99,,29.21290322580645,17.664516129032258,0.0,BUJUMBURA (Aeroport),BUJUMBURA (Aeroport),grid_m3.25_29.25,23.11687943548389,15.231040000000007,30.91216000000003,1.37090683392,0.6192333675928764,1.1968024616431452,13.840726223118338,101347.25984543012,False,False,1.5043629271954442,False,0.4662770896542955,1.99,False,771.106
Mutimbuzi,2012,7,,0.48,29.21290322580645,17.664516129032258,0.0,BUJUMBURA (Aeroport),BUJUMBURA (Aeroport),grid_m3.25_29.25,23.11687943548389,15.231040000000007,30.91216000000003,1.37090683392,0.6192333675928764,1.1968024616431452,13.840726223118338,101347.25984543012,False,False,1.5476478434872514,False,0.5359180162425035,1.0480816381390827,True,771.106
Nyakagunda,2012,7,0.4477419354838712,,32.05161290322581,13.648950000000012,0.0,MPARAMBO,MPARAMBO,grid_m2.75_29.00,20.40888760752688,13.648950000000012,28.248000000000047,1.85203551364,-1.0054174856148657,0.8036454884994624,9.821959126344098,101443.25632392472,False,True,1.9960780806672505,False,0.4433311295000844,0.4477419354838712,False,771.106
Mulembwe,2012,7,1.3377419354838709,0.79,21.42903225806452,7.183333333333333,0.2,MPOTA (Tora),MPOTA (Tora),grid_m4.00_29.50,20.98032875000001,16.54128000000003,26.228970000000004,38.00392188322,0.1617374626670699,0.475418106278629,16.496519381720475,101399.94967741935,False,False,0.3376177859350189,False,0.3526322184137295,1.3377419354838709,False,771.106
Kaburantwa,2012,7,,0.3,32.05161290322581,14.466880000000003,0.0,MPARAMBO,MPARAMBO,grid_m3.00_29.25,22.076969354838752,14.466880000000003,30.53520000000003,0.78058242452,0.2429063440604838,0.737445312577957,12.228001639784964,101373.98014784946,False,True,2.207813552612297,False,0.554015165224928,1.3888938594083795,True,771.106
Nyengwe,2012,7,0.4935483870967744,0.64,29.33225806451614,16.561290322580643,0.0,NYANZA LAC (IRAT),NYANZA LAC (IRAT),grid_m4.25_29.50,23.293640201612902,21.22573,26.007960000000026,13.61227037432,0.7363513010582526,0.2025266408052016,16.579902983871023,101324.71683467744,False,False,0.3658537084356579,False,0.601236343885974,0.4935483870967744,False,771.106
Jiji,2012,7,0.5074193548387098,,21.42903225806452,7.183333333333333,0.2,MPOTA (Tora),MPOTA (Tora),grid_m4.00_29.75,19.290322002688185,13.924950000000024,26.435600000000026,8.92019272846,-0.1689431397106182,1.0139910119695834,12.45276081989249,101496.5074798387,False,False,0.7469623692808592,False,0.6635489778892094,0.5074193548387098,False,771.106
Mpanda,2012,7,0.6561290322580646,0.37,25.562550000000044,10.476650000000006,22.882674425163824,RWEGURA,RWEGURA,grid_m3.00_29.50,18.269869126344133,10.476650000000006,25.562550000000044,37.01972947348,-0.0239472336088709,0.5896719799994623,11.969231209677446,101498.66743951614,True,True,0.6181210600568109,True,0.517333453190497,0.6561290322580646,False,771.106
Mulembwe,2012,8,1.2738709677419355,0.54,21.88387096774193,8.639999999999997,37.0,MPOTA (Tora),MPOTA (Tora),grid_m4.00_29.50,21.37010415322584,16.76460000000003,26.820550000000026,144.57297330588,0.1302624370193548,0.2084966482555107,16.286627486559155,101391.85105510752,False,False,0.3376177859350189,False,0.466866379441998,1.2738709677419355,False,770.9536666666667
Buzimba,2012,8,0.3133333333333333,0.54,29.60322580645161,16.787096774193547,43.49999999999999,NYANZA LAC (IRAT),NYANZA LAC (IRAT),grid_m4.00_29.50,21.37010415322584,16.76460000000003,26.820550000000026,144.57297330588,0.1302624370193548,0.2084966482555107,16.286627486559155,101391.85105510752,False,False,0.2550133648657899,False,0.4110480752705245,0.3133333333333333,False,770.9536666666667
Rusizi,2012,8,1.93,,30.00967741935484,17.932258064516127,29.5,BUJUMBURA (Aeroport),BUJUMBURA (Aeroport),grid_m3.25_29.25,23.514509381720472,13.926720000000046,32.09594000000004,3.35073469126,0.916623637500672,0.9090043554462366,12.213768588709684,101349.54022849465,False,False,1.5043629271954442,False,0.4672693742339625,1.93,False,770.9536666666667
Jiji,2012,8,0.4677419354838708,,21.88387096774193,8.639999999999997,37.0,MPOTA (Tora),MPOTA (Tora),grid_m4.00_29.75,19.87895118279573,14.19082000000003,27.709220000000016,56.50711079876,-0.3335128694081317,0.6963670574055107,12.258997795698974,101494.4348857527,False,False,0.7469623692808592,False,0.601068067337008,0.4677419354838708,False,770.9536666666667
Nyengwe,2012,8,0.4903225806451614,0.32,29.60322580645161,16.787096774193547,43.49999999999999,NYANZA LAC (IRAT),NYANZA LAC (IRAT),grid_m4.25_29.50,23.64779470430113,20.354330000000004,26.520530000000008,84.7854611066,0.7290055047453629,-0.1237223014704301,16.809556061828005,101314.54979838707,False,False,0.3658537084356579,False,0.5436019265140245,0.4903225806451614,False,770.9536666666667
Nyamagana,2012,8,0.8170833333333332,,33.306451612903224,13.864220000000046,19.8,MPARAMBO,MPARAMBO,grid_m3.00_29.25,22.51042708333335,13.864220000000046,31.418200000000013,8.29267501688,0.4184822561748656,0.6022429739377151,10.859835846774216,101377.27732526882,False,True,2.186850324850525,False,0.394102655591816,0.8170833333333332,False,770.9536666666667
Nyakagunda,2012,8,0.4448387096774194,,33.306451612903224,12.78988000000004,19.8,MPARAMBO,MPARAMBO,grid_m2.75_29.00,20.73218352150536,12.78988000000004,29.119470000000035,19.5302963081,-0.8752464792486156,0.7644232260155457,8.92717142473117,101454.55387096772,False,True,1.9960780806672505,False,0.4082614163301665,0.4448387096774194,False,770.9536666666667
Mpanda,2012,8,0.8019354838709677,0.19,20.82258064516129,10.725549999999998,87.7,RWEGURA,RWEGURA,grid_m3.00_29.50,18.395072217741927,10.725549999999998,26.09790000000004,165.4031276077,-0.2364525326442204,0.2331128484508064,11.640353588709672,101513.79460349462,False,True,0.6181210600568109,False,0.4839795910572885,0.8019354838709677,False,770.9536666666667
Mutimbuzi,2012,8,,0.4,30.00967741935484,17.932258064516127,29.5,BUJUMBURA (Aeroport),BUJUMBURA (Aeroport),grid_m3.25_29.25,23.514509381720472,13.926720000000046,32.09594000000004,3.35073469126,0.916623637500672,0.9090043554462366,12.213768588709684,101349.54022849465,False,False,1.5476478434872514,False,0.5207516109596391,1.089341034183473,True,770.9536666666667
Kaburantwa,2012,8,0.7126923076923076,0.16,33.306451612903224,13.864220000000046,19.8,MPARAMBO,MPARAMBO,grid_m3.00_29.25,22.51042708333335,13.864220000000046,31.418200000000013,8.29267501688,0.4184822561748656,0.6022429739377151,10.859835846774216,101377.27732526882,False,True,2.207813552612297,False,0.4802970035291615,0.7126923076923076,False,770.9536666666667
Rusizi,2012,9,2.0,,30.41333333333334,19.24,33.6,BUJUMBURA (Aeroport),BUJUMBURA (Aeroport),grid_m3.25_29.25,24.271910555555564,16.525350000000003,33.418300000000045,2.86102293376,1.1038284939418057,0.6404365120414722,12.488287680555572,101307.782625,False,False,1.5043629271954442,False,0.520158628590974,2.0,False,770.7636666666667
Jiji,2012,9,0.4533333333333333,,27.54860000000002,14.909880000000044,45.6,MPOTA (Tora),MPOTA (Tora),grid_m4.00_29.75,20.397029708333378,14.909880000000044,27.54860000000002,84.72394941608,-0.3763377939073611,0.4560194648022083,14.348395597222236,101445.90347222224,True,True,0.7469623692808592,False,0.637852027404799,0.4533333333333333,False,770.7636666666667
Mpanda,2012,9,0.9143333333333332,1.4,21.56666666666667,12.401640000000045,103.70000000000002,RWEGURA,RWEGURA,grid_m3.00_29.50,18.672675736111103,12.401640000000045,27.63094000000001,225.76809024564,-0.4812138235056944,-0.3017442065880555,12.892516694444453,101489.06625694444,False,True,0.6181210600568109,False,0.514508506753609,0.9143333333333332,False,770.7636666666667
Kaburantwa,2012,9,0.7093333333333335,0.11,32.676666666666655,16.452420000000018,51.900000000000006,MPARAMBO,MPARAMBO,grid_m3.00_29.25,23.39249986111116,16.452420000000018,33.24252000000001,5.57374956596,0.4974794816696292,0.4465006922025,11.702743069444466,101337.60556944444,False,True,2.207813552612297,False,0.5308004723239395,0.7093333333333335,False,770.7636666666667
Buzimba,2012,9,0.3176666666666666,4.8,29.92333333333334,18.006666666666668,52.10000000000001,NYANZA LAC (IRAT),NYANZA LAC (IRAT),grid_m4.00_29.50,21.99727426388893,17.415729999999996,26.302900000000022,230.69429324008,0.1161508137074166,0.2012478728090277,17.614917986111152,101342.80290972222,False,False,0.2550133648657899,False,0.45841402884477,0.3176666666666666,False,770.7636666666667
Nyengwe,2012,9,0.485,0.92,29.92333333333334,18.006666666666668,52.10000000000001,NYANZA LAC (IRAT),NYANZA LAC (IRAT),grid_m4.25_29.50,24.19623238888892,21.59360000000004,26.370540000000005,92.08536167216,0.7745383995458334,-0.1782538083130555,18.03711063888892,101258.77968055556,False,False,0.3658537084356579,False,0.505407325997142,0.485,False,770.7636666666667
Mulembwe,2012,9,1.283,4.8,26.302900000000022,17.415729999999996,45.6,MPOTA (Tora),MPOTA (Tora),grid_m4.00_29.50,21.99727426388893,17.415729999999996,26.302900000000022,230.69429324008,0.1161508137074166,0.2012478728090277,17.614917986111152,101342.80290972222,True,True,0.3376177859350189,False,0.4462043767067269,1.283,False,770.7636666666667
Nyakagunda,2012,9,0.4780000000000003,,32.676666666666655,13.786699999999996,51.900000000000006,MPARAMBO,MPARAMBO,grid_m2.75_29.00,21.262814958333365,13.786699999999996,30.39486000000005,33.56170657322,-0.8296486106998611,0.6011868376566667,10.628587625000025,101426.04586805556,False,True,1.9960780806672505,False,0.4571007327153115,0.4780000000000003,False,770.7636666666667
Mutimbuzi,2012,9,,8.45,30.41333333333334,19.24,33.6,BUJUMBURA (Aeroport),BUJUMBURA (Aeroport),grid_m3.25_29.25,24.271910555555564,16.525350000000003,33.418300000000045,2.86102293376,1.1038284939418057,0.6404365120414722,12.488287680555572,101307.782625,False,False,1.5476478434872514,False,0.5081391136494235,1.2409480537358348,True,770.7636666666667
Nyamagana,2012,9,0.8596666666666669,,32.676666666666655,16.452420000000018,51.900000000000006,MPARAMBO,MPARAMBO,grid_m3.00_29.25,23.39249986111116,16.452420000000018,33.24252000000001,5.57374956596,0.4974794816696292,0.4465006922025,11.702743069444466,101337.60556944444,False,True,2.186850324850525,False,0.434836695444023,0.8596666666666669,False,770.7636666666667
Nyamagana,2012,10,0.8958064516129033,,32.67096774193549,16.733000000000004,154.2,MPARAMBO,MPARAMBO,grid_m3.00_29.25,23.53070478494624,16.733000000000004,33.45992000000001,17.94624322706,0.4352950853533602,0.2844235619270833,13.09390888440862,101158.73619623655,False,True,2.186850324850525,False,0.52988597215708,0.8958064516129033,False,770.6833333333334
Nyakagunda,2012,10,0.4870967741935484,,32.67096774193549,14.24227000000002,154.2,MPARAMBO,MPARAMBO,grid_m2.75_29.00,21.46945729838712,14.24227000000002,29.720600000000047,31.35681140032,-0.7374829736927418,0.4245589689848119,11.830948400537636,101247.8326344086,False,True,1.9960780806672505,False,0.5154155505999315,0.4870967741935484,False,770.6833333333334
Mpanda,2012,10,0.921290322580645,3.12,21.42258064516129,13.713770000000013,205.39999999999995,RWEGURA,RWEGURA,grid_m3.00_29.50,18.852660672043044,13.713770000000013,27.153279999999995,383.3129415867,-0.4849798765739516,-0.4529047521828495,13.9720855913979,101323.77248655914,False,True,0.6181210600568109,False,0.6509840523606369,0.921290322580645,False,770.6833333333334
Buzimba,2012,10,0.3387096774193547,12.2,29.345161290322583,18.835483870967742,68.39999999999999,NYANZA LAC (IRAT),NYANZA LAC (IRAT),grid_m4.00_29.50,21.98180603494626,18.230920000000022,26.48330000000004,446.5637207436,-0.0486756390928763,0.3570278336020833,18.30608541666669,101171.92,False,False,0.2550133648657899,False,0.285995945340026,0.3387096774193547,False,770.6833333333334
Jiji,2012,10,0.4845161290322581,,22.47419354838709,10.825806451612904,214.7,MPOTA (Tora),MPOTA (Tora),grid_m4.00_29.75,20.27517107526881,15.885640000000024,27.926320000000032,191.13659905082,-0.3369440252163978,0.2421189781942204,15.5823216666667,101282.38068548388,False,False,0.7469623692808592,False,0.3278225046567015,0.4845161290322581,False,770.6833333333334
Mutimbuzi,2012,10,,13.35,30.28709677419356,19.548387096774192,172.7,BUJUMBURA (Aeroport),BUJUMBURA (Aeroport),grid_m3.25_29.25,24.646747822580664,17.778400000000033,32.93258000000003,22.44186404724,0.8990520150278225,0.3818842362690188,13.19076181451618,101128.60245967742,False,False,1.5476478434872514,False,0.5960683139251555,1.205936176886798,True,770.6833333333334
Kaburantwa,2012,10,0.7032258064516127,0.11,32.67096774193549,16.733000000000004,154.2,MPARAMBO,MPARAMBO,grid_m3.00_29.25,23.53070478494624,16.733000000000004,33.45992000000001,17.94624322706,0.4352950853533602,0.2844235619270833,13.09390888440862,101158.73619623655,False,True,2.207813552612297,False,0.6025857512913515,0.7032258064516127,False,770.6833333333334
Rusizi,2012,10,1.96,,30.28709677419356,19.548387096774192,172.7,BUJUMBURA (Aeroport),BUJUMBURA (Aeroport),grid_m3.25_29.25,24.646747822580664,17.778400000000033,32.93258000000003,22.44186404724,0.8990520150278225,0.3818842362690188,13.19076181451618,101128.60245967742,False,False,1.5043629271954442,False,0.5206751931507845,1.96,False,770.6833333333334
Nyengwe,2012,10,0.5274193548387096,3.01,29.345161290322583,18.835483870967742,68.39999999999999,NYANZA LAC (IRAT),NYANZA LAC (IRAT),grid_m4.25_29.50,24.081365698924746,20.9332,26.596400000000017,215.27171109752,0.538809397123387,0.1304876472755376,18.893488104838696,101088.87900537637,False,False,0.3658537084356579,False,0.4952726996913735,0.5274193548387096,False,770.6833333333334
Mulembwe,2012,10,1.4064516129032256,12.2,22.47419354838709,10.825806451612904,214.7,MPOTA (Tora),MPOTA (Tora),grid_m4.00_29.50,21.98180603494626,18.230920000000022,26.48330000000004,446.5637207436,-0.0486756390928763,0.3570278336020833,18.30608541666669,101171.92,False,False,0.3376177859350189,False,0.2986532010423825,1.4064516129032256,False,770.6833333333334
Nyakagunda,2012,11,0.5660000000000001,,31.29333333333333,14.40957000000003,72.69999999999999,MPARAMBO,MPARAMBO,grid_m2.75_29.00,20.692660277777804,14.40957000000003,28.17947000000004,61.7313388673,-0.7348039416327777,0.4382062274375,13.007313416666705,101318.45406944446,False,True,1.9960780806672505,False,0.571855676301016,0.5660000000000001,False,770.832
Buzimba,2012,11,0.3876666666666668,17.88,27.62333333333333,19.886666666666663,281.0999999999999,NYANZA LAC (IRAT),NYANZA LAC (IRAT),grid_m4.00_29.50,21.23974129166669,17.767179999999996,25.69674000000004,604.07137804868,-0.1960411917338889,0.6088198329746667,18.45326347222226,101268.18825694444,False,False,0.2550133648657899,False,0.109533361765841,0.3876666666666668,False,770.832
Mutimbuzi,2012,11,,21.22,28.98333333333333,19.39666666666666,56.7,BUJUMBURA (Aeroport),BUJUMBURA (Aeroport),grid_m3.25_29.25,23.14230759722227,16.440030000000036,30.78814,64.64338246374001,0.8086544457591667,0.1644065856804305,15.57734673611111,101222.9249375,False,False,1.5476478434872514,False,0.642325609638797,1.3932938502038432,True,770.832
Kaburantwa,2012,11,0.7500000000000002,0.08,31.29333333333333,15.794340000000034,72.69999999999999,MPARAMBO,MPARAMBO,grid_m3.00_29.25,22.227669777777805,15.794340000000034,30.072050000000047,56.1184885804,0.3141204830820833,0.2714975131434722,14.969311625000046,101249.14766666666,False,True,2.207813552612297,False,0.653569656796621,0.7500000000000002,False,770.832
Jiji,2012,11,0.621,,21.126666666666665,11.21,172.8,MPOTA (Tora),MPOTA (Tora),grid_m4.00_29.75,19.286670250000043,15.200770000000034,25.420200000000023,286.01169560984005,-0.365614488012625,0.1233773976251388,16.373584194444447,101391.63220138889,False,False,0.7469623692808592,False,0.311677540004192,0.621,False,770.832
Nyamagana,2012,11,0.9233333333333332,,31.29333333333333,15.794340000000034,72.69999999999999,MPARAMBO,MPARAMBO,grid_m3.00_29.25,22.227669777777805,15.794340000000034,30.072050000000047,56.1184885804,0.3141204830820833,0.2714975131434722,14.969311625000046,101249.14766666666,False,True,2.186850324850525,False,0.539669283356432,0.9233333333333332,False,770.832
Mpanda,2012,11,0.9923333333333332,8.65,20.126666666666665,12.549400000000048,203.40000000000003,RWEGURA,RWEGURA,grid_m3.00_29.50,18.317310458333395,12.549400000000048,25.650170000000003,372.1132261982,-0.5152550597327777,-0.4322107095326389,14.833821638888878,101406.23743055556,False,True,0.6181210600568109,False,0.622066527609646,0.9923333333333332,False,770.832
Rusizi,2012,11,2.01,,28.98333333333333,19.39666666666666,56.7,BUJUMBURA (Aeroport),BUJUMBURA (Aeroport),grid_m3.25_29.25,23.14230759722227,16.440030000000036,30.78814,64.64338246374001,0.8086544457591667,0.1644065856804305,15.57734673611111,101222.9249375,False,False,1.5043629271954442,False,0.567151364586912,2.01,False,770.832
Mulembwe,2012,11,1.6159999999999997,17.88,21.126666666666665,11.21,172.8,MPOTA (Tora),MPOTA (Tora),grid_m4.00_29.50,21.23974129166669,17.767179999999996,25.69674000000004,604.07137804868,-0.1960411917338889,0.6088198329746667,18.45326347222226,101268.18825694444,False,False,0.3376177859350189,False,0.160782285847639,1.6159999999999997,False,770.832
Nyengwe,2012,11,0.5760000000000001,9.95,27.62333333333333,19.886666666666663,281.0999999999999,NYANZA LAC (IRAT),NYANZA LAC (IRAT),grid_m4.25_29.50,22.99440143055557,19.89022,25.864700000000028,451.71189365912,0.1753278945880833,0.6192432821041667,19.2022489027778,101196.40545833336,False,False,0.3658537084356579,False,0.426842718881442,0.5760000000000001,False,770.832
Mpanda,2012,12,1.2664516129032255,13.96,20.40967741935484,12.507900000000006,242.8,RWEGURA,RWEGURA,grid_m3.00_29.50,18.590586854838705,12.507900000000006,25.338700000000017,293.11013231398,-0.326970070752957,-0.3219173594454301,14.540060362903262,101354.90606182796,False,True,0.6181210600568109,False,0.633357231889998,1.2664516129032255,False,770.936
Rusizi,2012,12,2.23,,28.874193548387098,19.48387096774193,246.00000000000003,BUJUMBURA (Aeroport),BUJUMBURA (Aeroport),grid_m3.25_29.25,24.105508037634426,18.310940000000016,31.207480000000032,200.4213339165,0.2169463644942204,0.2521976946373199,15.78678630376345,101178.38422715051,False,False,1.5043629271954442,False,0.5930991226164946,2.23,False,770.936
Buzimba,2012,12,0.3880645161290323,18.67,27.748387096774195,19.73870967741936,147.29999999999998,NYANZA LAC (IRAT),NYANZA LAC (IRAT),grid_m4.00_29.50,21.23031120967744,18.24093000000005,25.674860000000024,615.25392441708,-0.0619317948362903,0.6796813675611559,18.29305536290326,101235.72914650536,False,False,0.2550133648657899,False,0.3007116363342435,0.3880645161290323,False,770.936
Nyengwe,2012,12,0.629032258064516,14.05,27.748387096774195,19.73870967741936,147.29999999999998,NYANZA LAC (IRAT),NYANZA LAC (IRAT),grid_m4.25_29.50,22.96985763440864,20.889430000000004,25.49770000000001,382.44247386334,0.2247982431827957,0.6238781706935485,19.068611814516142,101162.9001814516,False,False,0.3658537084356579,False,0.5443480041293396,0.629032258064516,False,770.936
Nyakagunda,2012,12,0.5664516129032258,,30.296774193548387,14.978600000000029,135.49999999999997,MPARAMBO,MPARAMBO,grid_m2.75_29.00,21.07122344086025,14.978600000000029,28.66488000000004,49.0269663772,-0.5196088365040323,0.1051095326622311,12.824100604838748,101274.33449596772,False,True,1.9960780806672505,False,0.6918298565519325,0.5664516129032258,False,770.936
Mutimbuzi,2012,12,,22.27,28.874193548387098,19.48387096774193,246.00000000000003,BUJUMBURA (Aeroport),BUJUMBURA (Aeroport),grid_m3.25_29.25,24.105508037634426,18.310940000000016,31.207480000000032,200.4213339165,0.2169463644942204,0.2521976946373199,15.78678630376345,101178.38422715051,False,False,1.5476478434872514,False,0.6703674615388745,1.0323932610239552,True,770.936
Mulembwe,2012,12,1.7796774193548388,18.67,21.43225806451613,11.006451612903229,273.50000000000006,MPOTA (Tora),MPOTA (Tora),grid_m4.00_29.50,21.23031120967744,18.24093000000005,25.674860000000024,615.25392441708,-0.0619317948362903,0.6796813675611559,18.29305536290326,101235.72914650536,False,False,0.3376177859350189,False,0.3394402535720675,1.7796774193548388,False,770.936
Nyamagana,2012,12,0.9609677419354838,,30.296774193548387,17.27352000000002,135.49999999999997,MPARAMBO,MPARAMBO,grid_m3.00_29.25,23.38889522849462,17.27352000000002,32.37740000000002,96.11844999678,0.2512980021407258,0.2956402905372312,14.225100618279612,101194.9904032258,False,True,2.186850324850525,False,0.6119182199947955,0.9609677419354838,False,770.936
Jiji,2012,12,0.7348387096774194,,21.43225806451613,11.006451612903229,273.50000000000006,MPOTA (Tora),MPOTA (Tora),grid_m4.00_29.75,19.20645877688173,14.757900000000006,25.278380000000027,297.88517945438,-0.1464608924422043,0.2471416217919355,16.219057271505392,101352.1137298387,False,False,0.7469623692808592,False,0.6059510739888074,0.7348387096774194,False,770.936
Kaburantwa,2012,12,0.7880645161290323,0.75,30.296774193548387,17.27352000000002,135.49999999999997,MPARAMBO,MPARAMBO,grid_m3.00_29.25,23.38889522849462,17.27352000000002,32.37740000000002,96.11844999678,0.2512980021407258,0.2956402905372312,14.225100618279612,101194.9904032258,False,True,2.207813552612297,False,0.708475100171153,0.7880645161290323,False,770.936
Nyengwe,2013,1,0.7267741935483871,12.29,28.974193548387102,20.37741935483871,58.2,NYANZA LAC (IRAT),NYANZA LAC (IRAT),grid_m4.25_29.50,23.780916948924755,20.86917,27.23275000000001,346.43030170502,0.2645334218973118,0.4309500220248656,19.66562715053766,101213.72784946236,False,False,0.3658537084356579,False,0.516033240226646,0.7267741935483871,False,771.091
Mulembwe,2013,1,1.976451612903226,20.01,22.88064516129032,11.57741935483871,100.8,MPOTA (Tora),MPOTA (Tora),grid_m4.00_29.50,22.11218614247315,18.865260000000035,26.84872000000001,520.4815864110201,0.0063796513428763,0.5300671766518817,18.82121775537638,101291.77845430108,False,False,0.3376177859350189,False,0.41463249852186,1.976451612903226,False,771.091
Buzimba,2013,1,0.3958064516129033,20.01,28.974193548387102,20.37741935483871,58.2,NYANZA LAC (IRAT),NYANZA LAC (IRAT),grid_m4.00_29.50,22.11218614247315,18.865260000000035,26.84872000000001,520.4815864110201,0.0063796513428763,0.5300671766518817,18.82121775537638,101291.77845430108,False,False,0.2550133648657899,False,0.3589220064066429,0.3958064516129033,False,771.091
Rusizi,2013,1,2.28,,30.51612903225807,20.529032258064515,91.6,BUJUMBURA (Aeroport),BUJUMBURA (Aeroport),grid_m3.25_29.25,24.38698100806453,17.059780000000046,32.7756,52.79302605008,0.1655028967495967,0.1480369764362903,16.855993642473152,101233.4808736559,False,False,1.5043629271954442,False,0.6051700571647115,2.28,False,771.091
Jiji,2013,1,0.8893548387096775,,22.88064516129032,11.57741935483871,100.8,MPOTA (Tora),MPOTA (Tora),grid_m4.00_29.75,20.321026733871008,15.622280000000046,27.6866,295.2518461805,0.006300894369086,0.2839655519196236,16.726627661290365,101407.9133266129,False,False,0.7469623692808592,False,0.6888232945810899,0.8893548387096775,False,771.091
Mpanda,2013,1,1.3258064516129031,5.31,21.812903225806448,11.261290322580642,215.2,RWEGURA,RWEGURA,grid_m3.00_29.50,19.66043432795703,13.196500000000016,28.4581,274.7602458088,-0.0561794147407258,-0.3776345404915323,14.78305322580644,101408.70315860216,False,False,0.6181210600568109,False,0.69723273209796,1.3258064516129031,False,771.091
Kaburantwa,2013,1,0.8690322580645159,0.26,31.874193548387105,15.92697000000004,84.59999999999998,MPARAMBO,MPARAMBO,grid_m3.00_29.25,23.853492150537647,15.92697000000004,32.65450000000004,22.49908458108,0.3540910284596774,0.2450329974059139,15.09247908602157,101250.83703629032,False,True,2.207813552612297,False,0.691994645960947,0.8690322580645159,False,771.091
Mutimbuzi,2013,1,,12.59,30.51612903225807,20.529032258064515,91.6,BUJUMBURA (Aeroport),BUJUMBURA (Aeroport),grid_m3.25_29.25,24.38698100806453,17.059780000000046,32.7756,52.79302605008,0.1655028967495967,0.1480369764362903,16.855993642473152,101233.4808736559,False,False,1.5476478434872514,False,0.6266163977381161,1.629761502283337,True,771.091
Nyamagana,2013,1,0.9706451612903224,,31.874193548387105,15.92697000000004,84.59999999999998,MPARAMBO,MPARAMBO,grid_m3.00_29.25,23.853492150537647,15.92697000000004,32.65450000000004,22.49908458108,0.3540910284596774,0.2450329974059139,15.09247908602157,101250.83703629032,False,True,2.186850324850525,False,0.643743892585414,0.9706451612903224,False,771.091
Nyakagunda,2013,1,0.5351612903225808,,31.874193548387105,15.307460000000049,84.59999999999998,MPARAMBO,MPARAMBO,grid_m2.75_29.00,21.971057715053742,15.307460000000049,31.162320000000022,35.936832413880005,-0.3768856909913978,-0.0487915578898494,12.995531720430108,101332.83082661292,False,True,1.9960780806672505,False,0.7118067412001206,0.5351612903225808,False,771.091
Nyakagunda,2013,2,0.4742857142857146,,31.68928571428572,14.8442,51.00000000000001,MPARAMBO,MPARAMBO,grid_m2.75_29.00,22.048455238095244,14.8442,31.29684000000003,38.58757010944,-0.7095616208403274,0.1350336758720238,11.654053973214332,101210.95061755952,False,True,1.9960780806672505,False,0.6371420150145015,0.4742857142857146,False,771.033
Rusizi,2013,2,2.25,,30.43214285714286,19.87857142857144,66.0,BUJUMBURA (Aeroport),BUJUMBURA (Aeroport),grid_m3.25_29.25,24.83272200892856,17.916440000000023,33.36703,2.69365310638,0.5770870838616071,0.3970605077038095,15.24416287202382,101107.57657738094,False,False,1.5043629271954442,False,0.604598610625672,2.25,False,771.033
Nyengwe,2013,2,0.6892857142857143,7.23,29.39642857142857,20.235714285714288,75.9,NYANZA LAC (IRAT),NYANZA LAC (IRAT),grid_m4.25_29.50,24.02594196428572,21.45474000000001,26.94494000000003,236.17362931408,0.1954822076241071,0.709636074591369,19.722105416666693,101112.67904761904,False,False,0.3658537084356579,False,0.6114717416171209,0.6892857142857143,False,771.033
Buzimba,2013,2,0.3892857142857145,12.49,29.39642857142857,20.235714285714288,75.9,NYANZA LAC (IRAT),NYANZA LAC (IRAT),grid_m4.00_29.50,22.173295386904783,18.841760000000026,27.43127000000004,388.6733047927,-0.1206566494723214,0.7697716892002976,18.67538184523812,101190.92850446427,False,False,0.2550133648657899,False,0.4463616740887844,0.3892857142857145,False,771.033
Jiji,2013,2,0.875357142857143,,22.86785714285714,10.357142857142856,162.49999999999997,MPOTA (Tora),MPOTA (Tora),grid_m4.00_29.75,20.155967351190498,15.382780000000023,26.38050000000004,179.53062049791998,-0.2063572743422619,0.3134437965849405,16.281321235119094,101310.63569940475,False,False,0.7469623692808592,False,0.7499718059037815,0.875357142857143,False,771.033
Kaburantwa,2013,2,0.8267857142857142,0.24,31.68928571428572,16.875699999999995,51.00000000000001,MPARAMBO,MPARAMBO,grid_m3.00_29.25,24.661207247023867,16.875699999999995,34.01950000000005,2.27022173026,0.3604137336261904,0.4670518454130952,13.134744047619051,101122.81539434523,False,True,2.207813552612297,False,0.6674993449158835,0.8267857142857142,False,771.033
Mutimbuzi,2013,2,,9.77,30.43214285714286,19.87857142857144,66.0,BUJUMBURA (Aeroport),BUJUMBURA (Aeroport),grid_m3.25_29.25,24.83272200892856,17.916440000000023,33.36703,2.69365310638,0.5770870838616071,0.3970605077038095,15.24416287202382,101107.57657738094,False,False,1.5476478434872514,False,0.6647658003529324,1.7288669415632718,True,771.033
Nyamagana,2013,2,0.9503571428571428,,31.68928571428572,16.875699999999995,51.00000000000001,MPARAMBO,MPARAMBO,grid_m3.00_29.25,24.661207247023867,16.875699999999995,34.01950000000005,2.27022173026,0.3604137336261904,0.4670518454130952,13.134744047619051,101122.81539434523,False,True,2.186850324850525,False,0.5881572983308645,0.9503571428571428,False,771.033
Mulembwe,2013,2,1.9175,12.49,22.86785714285714,10.357142857142856,162.49999999999997,MPOTA (Tora),MPOTA (Tora),grid_m4.00_29.50,22.173295386904783,18.841760000000026,27.43127000000004,388.6733047927,-0.1206566494723214,0.7697716892002976,18.67538184523812,101190.92850446427,False,False,0.3376177859350189,False,0.4717610518240005,1.9175,False,771.033
Mpanda,2013,2,1.0028571428571431,4.05,22.41071428571429,11.55714285714286,101.0,RWEGURA,RWEGURA,grid_m3.00_29.50,19.517835758928584,13.07650000000001,27.412260000000003,148.68259406632,-0.4390131164880952,-0.3920048985936011,13.919429598214322,101293.01835565476,False,False,0.6181210600568109,False,0.658421100139729,1.0028571428571431,False,771.033
Nyamagana,2013,3,1.1070967741935485,,31.467741935483872,18.403225806451616,250.5,MPARAMBO,MPARAMBO,grid_m3.00_29.25,22.598913508064527,16.883170000000007,31.91143,98.47545626026,0.1490643617923387,0.4056116323813172,15.4481314919355,101239.449375,False,False,2.186850324850525,False,0.5909128831030654,1.1070967741935485,False,771.132
Nyakagunda,2013,3,0.6077419354838712,,31.467741935483872,18.403225806451616,250.5,MPARAMBO,MPARAMBO,grid_m2.75_29.00,21.044475483871,16.210720000000038,29.41730000000001,74.69892480168,-0.789275692578629,0.5070546886744624,13.042054502688188,101307.38317876344,False,False,1.9960780806672505,False,0.598110548067261,0.6077419354838712,False,771.132
Mulembwe,2013,3,1.8958064516129032,17.12,21.951612903225808,11.4741935483871,212.8,MPOTA (Tora),MPOTA (Tora),grid_m4.00_29.50,21.561147674731217,18.73995000000002,26.081080000000043,717.3008903039,-0.0701739192676613,0.6739668093215053,18.821747553763487,101272.64157930108,False,False,0.3376177859350189,False,0.394622206805809,1.8958064516129032,False,771.132
Jiji,2013,3,0.7983870967741936,,21.951612903225808,11.4741935483871,212.8,MPOTA (Tora),MPOTA (Tora),grid_m4.00_29.75,19.493053682795733,15.638450000000034,25.16567000000004,323.03333256242,-0.364180923560758,0.4462164187408602,16.989829153225855,101400.02665994623,False,False,0.7469623692808592,False,0.61157232198237,0.7983870967741936,False,771.132
Rusizi,2013,3,2.42,,30.20645161290323,20.187096774193552,85.9,BUJUMBURA (Aeroport),BUJUMBURA (Aeroport),grid_m3.25_29.25,23.70861899193551,18.42810000000003,32.03448000000003,135.51616656634,0.4822139313452956,0.3786432828916935,16.455159153225793,101211.48936155911,False,False,1.5043629271954442,False,0.5696012851328275,2.42,False,771.132
Mutimbuzi,2013,3,,16.98,30.20645161290323,20.187096774193552,85.9,BUJUMBURA (Aeroport),BUJUMBURA (Aeroport),grid_m3.25_29.25,23.70861899193551,18.42810000000003,32.03448000000003,135.51616656634,0.4822139313452956,0.3786432828916935,16.455159153225793,101211.48936155911,False,False,1.5476478434872514,False,0.6385406671425999,1.5947758541826254,True,771.132
Kaburantwa,2013,3,0.9561290322580646,0.28,31.467741935483872,18.403225806451616,250.5,MPARAMBO,MPARAMBO,grid_m3.00_29.25,22.598913508064527,16.883170000000007,31.91143,98.47545626026,0.1490643617923387,0.4056116323813172,15.4481314919355,101239.449375,False,False,2.207813552612297,False,0.6569317809221804,0.9561290322580646,False,771.132
Mpanda,2013,3,1.1700000000000004,8.07,20.835483870967742,11.629032258064518,312.4,RWEGURA,RWEGURA,grid_m3.00_29.50,18.58241181451615,14.152700000000038,26.47980000000001,481.1658844351,-0.3465647336459677,-0.0601325501802419,15.416548387096782,101399.10932123657,False,False,0.6181210600568109,False,0.6428535426176055,1.1700000000000004,False,771.132
Nyengwe,2013,3,0.7590322580645161,10.83,28.43870967741936,20.25483870967742,276.8,NYANZA LAC (IRAT),NYANZA LAC (IRAT),grid_m4.25_29.50,23.255753938172063,20.836760000000027,26.577170000000024,622.8408820766,0.2235640058100806,0.5462051304525538,19.812693844086027,101199.24742607526,False,False,0.3658537084356579,False,0.5581000112726284,0.7590322580645161,False,771.132
Buzimba,2013,3,0.3880645161290325,17.12,28.43870967741936,20.25483870967742,276.8,NYANZA LAC (IRAT),NYANZA LAC (IRAT),grid_m4.00_29.50,21.561147674731217,18.73995000000002,26.081080000000043,717.3008903039,-0.0701739192676613,0.6739668093215053,18.821747553763487,101272.64157930108,False,False,0.2550133648657899,False,0.415800714795873,0.3880645161290325,False,771.132
Nyakagunda,2013,4,0.6243333333333333,,30.31666666666668,19.1375,112.0,MPARAMBO,MPARAMBO,grid_m2.75_29.00,20.23571573611116,14.821799999999996,27.925160000000005,78.51505290452,-0.8267189656171389,0.4291075382030556,14.67559523611112,101396.5353611111,False,False,1.9960780806672505,False,0.724473400443609,0.6243333333333333,False,771.4165
Nyamagana,2013,4,1.1446666666666667,,30.31666666666668,19.1375,112.0,MPARAMBO,MPARAMBO,grid_m3.00_29.25,21.78608188888893,15.46237000000002,29.48547000000002,109.00640459968,0.0852235791244444,0.2397954728833333,16.710710750000032,101328.70984027776,False,False,2.186850324850525,False,0.651063670299178,1.1446666666666667,False,771.4165
Kaburantwa,2013,4,1.1626666666666663,0.24,30.31666666666668,19.1375,112.0,MPARAMBO,MPARAMBO,grid_m3.00_29.25,21.78608188888893,15.46237000000002,29.48547000000002,109.00640459968,0.0852235791244444,0.2397954728833333,16.710710750000032,101328.70984027776,False,False,2.207813552612297,False,0.7169515353844925,1.1626666666666663,False,771.4165
Nyengwe,2013,4,0.8143333333333334,13.83,28.18,20.35,133.7,NYANZA LAC (IRAT),NYANZA LAC (IRAT),grid_m4.25_29.50,22.948828819444486,20.776400000000024,25.614040000000045,484.55095319616,0.352221192438,0.3721061288970833,19.749005125000053,101268.61347916668,False,False,0.3658537084356579,False,0.604194863357253,0.8143333333333334,False,771.4165
Rusizi,2013,4,2.67,,29.833333333333336,20.576666666666664,113.4,BUJUMBURA (Aeroport),BUJUMBURA (Aeroport),grid_m3.25_29.25,23.46178443055556,17.28340000000003,30.706170000000043,98.54698220924,0.3973451602899444,0.2623106639511111,17.52460497222222,101295.24907638888,False,False,1.5043629271954442,False,0.587819850135758,2.67,False,771.4165
Mulembwe,2013,4,2.504,16.12,21.396666666666665,11.77,218.6,MPOTA (Tora),MPOTA (Tora),grid_m4.00_29.50,21.3293462777778,18.677200000000028,25.25918000000001,506.38103480072,-0.0811772448695833,0.4483702336246944,18.89107319444446,101342.19924305555,False,False,0.3376177859350189,False,0.408474025056975,2.504,False,771.4165
Buzimba,2013,4,0.4986666666666668,16.12,28.18,20.35,133.7,NYANZA LAC (IRAT),NYANZA LAC (IRAT),grid_m4.00_29.50,21.3293462777778,18.677200000000028,25.25918000000001,506.38103480072,-0.0811772448695833,0.4483702336246944,18.89107319444446,101342.19924305555,False,False,0.2550133648657899,False,0.4122778507781925,0.4986666666666668,False,771.4165
Mutimbuzi,2013,4,,23.7,29.833333333333336,20.576666666666664,113.4,BUJUMBURA (Aeroport),BUJUMBURA (Aeroport),grid_m3.25_29.25,23.46178443055556,17.28340000000003,30.706170000000043,98.54698220924,0.3973451602899444,0.2623106639511111,17.52460497222222,101295.24907638888,False,False,1.5476478434872514,False,0.6689523107912945,1.606033259700233,True,771.4165
Mpanda,2013,4,1.7566666666666668,11.18,20.42,11.446666666666664,286.8,RWEGURA,RWEGURA,grid_m3.00_29.50,18.42425508333337,13.745570000000043,26.264760000000024,403.17487667198,-0.3632858059576389,-0.1612787456958333,15.7810611388889,101478.3577361111,False,False,0.6181210600568109,False,0.6751129576152766,1.7566666666666668,False,771.4165
Jiji,2013,4,1.1783333333333337,,21.396666666666665,11.77,218.6,MPOTA (Tora),MPOTA (Tora),grid_m4.00_29.75,19.269249666666667,15.802360000000022,25.108180000000004,241.48178138408,-0.4564878460770417,0.3271666208493472,16.96055887500006,101473.7683472222,False,False,0.7469623692808592,False,0.6474723436039445,1.1783333333333337,False,771.4165
Nyamagana,2013,5,1.1054838709677424,,31.17741935483871,17.541379310344826,45.6,MPARAMBO,MPARAMBO,grid_m3.00_29.25,21.80699459677425,15.002340000000004,29.07015000000001,13.26704024694,0.4357317026259408,0.633700236808199,14.951408709677423,101439.93715725809,False,False,2.186850324850525,False,0.6354761182914721,1.1054838709677424,False,771.4416666666666
Rusizi,2013,5,2.48,,29.729032258064525,19.677419354838708,37.8,BUJUMBURA (Aeroport),BUJUMBURA (Aeroport),grid_m3.25_29.25,22.965893293010765,15.911800000000028,30.201000000000025,8.01753997482,1.4967327315524197,0.6325622264153226,15.51563103494624,101407.2264919355,False,False,1.5043629271954442,False,0.621191787115366,2.48,False,771.4416666666666
Kaburantwa,2013,5,1.1529032258064515,0.21,31.17741935483871,17.541379310344826,45.6,MPARAMBO,MPARAMBO,grid_m3.00_29.25,21.80699459677425,15.002340000000004,29.07015000000001,13.26704024694,0.4357317026259408,0.633700236808199,14.951408709677423,101439.93715725809,False,False,2.207813552612297,False,0.7339237126076875,1.1529032258064515,False,771.4416666666666
Mulembwe,2013,5,1.9935483870967745,5.51,21.0,10.7,74.89999999999999,MPOTA (Tora),MPOTA (Tora),grid_m4.00_29.50,21.281643158602208,17.264370000000042,24.96328,369.07768271866,0.0111304657470268,0.413950048515457,18.424999529569902,101454.60232526882,False,False,0.3376177859350189,False,0.5771926657956975,1.9935483870967745,False,771.4416666666666
Mutimbuzi,2013,5,,6.09,29.729032258064525,19.677419354838708,37.8,BUJUMBURA (Aeroport),BUJUMBURA (Aeroport),grid_m3.25_29.25,22.965893293010765,15.911800000000028,30.201000000000025,8.01753997482,1.4967327315524197,0.6325622264153226,15.51563103494624,101407.2264919355,False,False,1.5476478434872514,False,0.6655002258153525,1.6612075998203757,True,771.4416666666666
Mpanda,2013,5,1.4429032258064516,2.76,20.0,11.116129032258064,128.4,RWEGURA,RWEGURA,grid_m3.00_29.50,18.370337083333368,12.16840000000002,25.32113000000004,177.914619682,-0.904412628198656,-0.0348132347573924,14.3257471236559,101574.20147849464,False,False,0.6181210600568109,False,0.6263406641825795,1.4429032258064516,False,771.4416666666666
Nyengwe,2013,5,0.6329032258064513,3.47,29.3741935483871,19.812903225806448,13.3,NYANZA LAC (IRAT),NYANZA LAC (IRAT),grid_m4.25_29.50,23.03465423387098,20.971580000000017,25.38815,276.99661278266,0.8452920406588171,0.1596277092790322,19.29802549731187,101383.92389784944,False,False,0.3658537084356579,False,0.7421775733103225,0.6329032258064513,False,771.4416666666666
Nyakagunda,2013,5,0.5716129032258059,,31.17741935483871,17.541379310344826,45.6,MPARAMBO,MPARAMBO,grid_m2.75_29.00,20.29711860215059,12.972340000000033,27.38250000000005,31.33535385476,-1.4628094910147849,1.0087264883629032,12.785448575268845,101500.04821908602,False,False,1.9960780806672505,False,0.7258068579499125,0.5716129032258059,False,771.4416666666666
Buzimba,2013,5,0.4761290322580647,5.51,29.3741935483871,19.812903225806448,13.3,NYANZA LAC (IRAT),NYANZA LAC (IRAT),grid_m4.00_29.50,21.281643158602208,17.264370000000042,24.96328,369.07768271866,0.0111304657470268,0.413950048515457,18.424999529569902,101454.60232526882,False,False,0.2550133648657899,False,0.5948129015634465,0.4761290322580647,False,771.4416666666666
Jiji,2013,5,0.8893548387096775,,21.0,10.7,74.89999999999999,MPOTA (Tora),MPOTA (Tora),grid_m4.00_29.75,19.46004696236565,15.68960000000004,24.492700000000013,123.90708885356,-1.2478174185700268,0.3262103703965053,15.219002607526932,101572.15139784946,False,False,0.7469623692808592,False,0.7590799126837825,0.8893548387096775,False,771.4416666666666
Mpanda,2013,6,1.2043333333333337,0.9,20.96333333333333,9.736666666666666,0.0,RWEGURA,RWEGURA,grid_m3.00_29.50,18.61332673611116,11.364250000000029,26.28134,22.84908282294,-0.3778565719194444,0.5475255537177778,11.806119291666676,101564.87111111112,False,False,0.6181210600568109,False,0.5206710759198875,1.2043333333333337,False,771.238
Mutimbuzi,2013,6,,1.74,29.816666666666663,17.586666666666666,0.0,BUJUMBURA (Aeroport),BUJUMBURA (Aeroport),grid_m3.25_29.25,23.319641680555605,14.287440000000004,30.381860000000017,1.93023678148,0.9769733430419444,1.2898269861774028,14.2073075277778,101420.69592361111,False,False,1.5476478434872514,False,0.55987965294813,1.2142825438053038,True,771.238
Rusizi,2013,6,2.29,,29.816666666666663,17.586666666666666,0.0,BUJUMBURA (Aeroport),BUJUMBURA (Aeroport),grid_m3.25_29.25,23.319641680555605,14.287440000000004,30.381860000000017,1.93023678148,0.9769733430419444,1.2898269861774028,14.2073075277778,101420.69592361111,False,False,1.5043629271954442,False,0.5417768195777879,2.29,False,771.238
Buzimba,2013,6,0.4616666666666667,2.54,29.863333333333337,17.529999999999998,0.0,NYANZA LAC (IRAT),NYANZA LAC (IRAT),grid_m4.00_29.50,20.90934956944443,16.131280000000004,25.365660000000048,42.72508599334,0.1526433732079166,0.7382997516916666,16.857833708333374,101489.66315277778,False,False,0.2550133648657899,False,0.4733763324686145,0.4616666666666667,False,771.238
Nyengwe,2013,6,0.5223333333333333,1.47,29.863333333333337,17.529999999999998,0.0,NYANZA LAC (IRAT),NYANZA LAC (IRAT),grid_m4.25_29.50,23.164159388888947,20.992580000000032,25.81747000000001,20.01667017822,0.8987154204124167,0.5260113402233333,17.106705388888884,101416.68344444444,False,False,0.3658537084356579,False,0.6208172552546165,0.5223333333333333,False,771.238
Mulembwe,2013,6,1.599666666666667,2.54,21.59666666666667,7.031034482758621,0.0,MPOTA (Tora),MPOTA (Tora),grid_m4.00_29.50,20.90934956944443,16.131280000000004,25.365660000000048,42.72508599334,0.1526433732079166,0.7382997516916666,16.857833708333374,101489.66315277778,False,False,0.3376177859350189,False,0.3922193105992025,1.599666666666667,False,771.238
Kaburantwa,2013,6,1.0516666666666667,0.15,29.64657,13.719930000000032,0.0,MPARAMBO,MPARAMBO,grid_m3.00_29.25,22.120086375000028,13.719930000000032,29.64657,0.69046019994,0.4123384686559722,0.8272591709789723,12.792664236111136,101447.86853472222,True,True,2.207813552612297,False,0.6140396401625714,1.0516666666666667,False,771.238
Jiji,2013,6,0.5990000000000002,,21.59666666666667,7.031034482758621,0.0,MPOTA (Tora),MPOTA (Tora),grid_m4.00_29.75,19.169595666666737,13.068780000000004,25.86175000000003,10.63489916844,-0.6812596219094444,0.8569982110047222,12.4102862777778,101587.44493055556,False,False,0.7469623692808592,False,0.6872688644960641,0.5990000000000002,False,771.238
Nyakagunda,2013,6,0.5153333333333332,,27.34298000000001,13.289500000000032,0.0,MPARAMBO,MPARAMBO,grid_m2.75_29.00,20.40718756944443,13.289500000000032,27.34298000000001,1.24645232642,-1.2255738578208335,0.8471674806130806,10.649196416666712,101512.80198611112,True,True,1.9960780806672505,False,0.553440650059716,0.5153333333333332,False,771.238
Nyamagana,2013,6,0.9703333333333332,,29.64657,13.719930000000032,0.0,MPARAMBO,MPARAMBO,grid_m3.00_29.25,22.120086375000028,13.719930000000032,29.64657,0.69046019994,0.4123384686559722,0.8272591709789723,12.792664236111136,101447.86853472222,True,True,2.186850324850525,False,0.4971964085570105,0.9703333333333332,False,771.238
Mutimbuzi,2013,7,,1.06,29.806451612903228,17.182758620689654,0.0,BUJUMBURA (Aeroport),BUJUMBURA (Aeroport),grid_m3.25_29.25,23.659191626344125,15.295299999999996,31.609770000000022,0.52261352816,0.5863440629458333,1.325716531998387,13.17032508064517,101393.9510483871,False,False,1.5476478434872514,False,0.4810956983694205,0.9222640561888014,True,771.074
Jiji,2013,7,0.5064516129032259,,22.44838709677419,6.932000000000001,0.0,MPOTA (Tora),MPOTA (Tora),grid_m4.00_29.75,19.45352522849464,13.247340000000008,26.738670000000013,4.40549852718,-0.2051598440096774,1.097778443694086,11.305127217741983,101554.14077956988,False,False,0.7469623692808592,False,0.6179405714647626,0.5064516129032259,False,771.074
Mulembwe,2013,7,1.4496774193548383,1.05,22.44838709677419,6.932000000000001,0.0,MPOTA (Tora),MPOTA (Tora),grid_m4.00_29.50,21.02941391129036,16.19070000000005,26.256680000000017,16.82949060452,0.2200806218966935,0.6912449249965054,15.821387970430123,101462.29116935484,False,False,0.3376177859350189,False,0.4799881674105219,1.4496774193548383,False,771.074
Buzimba,2013,7,0.3083870967741935,1.05,29.74193548387097,17.441935483870967,0.0,NYANZA LAC (IRAT),NYANZA LAC (IRAT),grid_m4.00_29.50,21.02941391129036,16.19070000000005,26.256680000000017,16.82949060452,0.2200806218966935,0.6912449249965054,15.821387970430123,101462.29116935484,False,False,0.2550133648657899,False,0.4748276459964115,0.3083870967741935,False,771.074
Kaburantwa,2013,7,0.9964516129032256,0.1,32.49354838709677,14.896774193548389,1.4,MPARAMBO,MPARAMBO,grid_m3.00_29.25,22.379445793010746,14.833920000000036,30.773830000000032,0.5388259941,0.3661147795154301,0.7238376971330646,11.559052137096783,101422.77953629033,False,False,2.207813552612297,False,0.520911632746024,0.9964516129032256,False,771.074
Rusizi,2013,7,2.13,,29.806451612903228,17.182758620689654,0.0,BUJUMBURA (Aeroport),BUJUMBURA (Aeroport),grid_m3.25_29.25,23.659191626344125,15.295299999999996,31.609770000000022,0.52261352816,0.5863440629458333,1.325716531998387,13.17032508064517,101393.9510483871,False,False,1.5043629271954442,False,0.450624306035991,2.13,False,771.074
Mpanda,2013,7,1.0951612903225805,0.41,21.825806451612905,10.00967741935484,0.3,RWEGURA,RWEGURA,grid_m3.00_29.50,18.829961720430106,11.16640000000001,27.18398000000002,14.01519790198,0.0752448516365591,0.6944791331505376,10.855698427419384,101537.65340053765,False,False,0.6181210600568109,False,0.4587327144853275,1.0951612903225805,False,771.074
Nyakagunda,2013,7,0.4900000000000002,,32.49354838709677,14.896774193548389,1.4,MPARAMBO,MPARAMBO,grid_m2.75_29.00,20.51368879032259,14.543300000000045,28.068750000000023,2.6826858561199995,-0.9286351466491936,0.7677606964106183,9.14438051075274,101495.6615591398,False,False,1.9960780806672505,False,0.439886733397789,0.4900000000000002,False,771.074
Nyamagana,2013,7,0.8987096774193546,,32.49354838709677,14.896774193548389,1.4,MPARAMBO,MPARAMBO,grid_m3.00_29.25,22.379445793010746,14.833920000000036,30.773830000000032,0.5388259941,0.3661147795154301,0.7238376971330646,11.559052137096783,101422.77953629033,False,False,2.186850324850525,False,0.4074413688773225,0.8987096774193546,False,771.074
Nyengwe,2013,7,0.466774193548387,0.65,29.74193548387097,17.441935483870967,0.0,NYANZA LAC (IRAT),NYANZA LAC (IRAT),grid_m4.25_29.50,23.252127728494656,21.19766000000004,26.55746000000005,6.58655164606,0.8886400343604974,0.3998460269396505,16.107938145161313,101391.61913978496,False,False,0.3658537084356579,False,0.547259141383043,0.466774193548387,False,771.074
Jiji,2013,8,0.4583870967741935,,22.04838709677419,8.656666666666666,10.7,MPOTA (Tora),MPOTA (Tora),grid_m4.00_29.75,20.67797206989252,14.95858000000004,28.85793000000001,21.27408990316,-0.5627252660120968,0.964496962471774,10.541509327956987,101426.8991532258,False,False,0.7469623692808592,False,0.5693788200298765,0.4583870967741935,False,771.192
Buzimba,2013,8,0.2906451612903225,2.07,31.009677419354844,17.987096774193546,0.0,NYANZA LAC (IRAT),NYANZA LAC (IRAT),grid_m4.00_29.50,21.580694032258062,16.998000000000047,27.50833,81.698894322,0.3177442733244623,0.3902217717919624,16.015630698924724,101335.23939516128,False,False,0.2550133648657899,False,0.39555661098501,0.2906451612903225,False,771.192
Mpanda,2013,8,1.1112903225806452,0.65,21.53225806451613,10.670967741935486,57.9,RWEGURA,RWEGURA,grid_m3.00_29.50,19.22514391129033,11.36062000000004,27.481100000000023,50.72259883598,-0.2536602974458736,0.4418772012271505,10.81087547043012,101434.235047043,False,False,0.6181210600568109,False,0.4738160176991139,1.1112903225806452,False,771.192
Nyamagana,2013,8,0.8490322580645162,,33.4225806451613,15.790322580645164,38.3,MPARAMBO,MPARAMBO,grid_m3.00_29.25,22.85022266129033,13.790300000000002,32.15133000000003,1.3074874911,0.6584805804375806,0.7919276060372312,10.527470120967736,101316.51084677418,False,False,2.186850324850525,False,0.3512436729588675,0.8490322580645162,False,771.192
Nyengwe,2013,8,0.4290322580645161,0.79,31.009677419354844,17.987096774193546,0.0,NYANZA LAC (IRAT),NYANZA LAC (IRAT),grid_m4.25_29.50,23.75459790322583,20.257040000000018,26.93716000000001,36.08131412656,1.0070858301432797,0.0310029685092741,16.331307056451635,101260.19265456988,False,False,0.3658537084356579,False,0.4761129975521125,0.4290322580645161,False,771.192
Nyakagunda,2013,8,0.4761290322580649,,33.4225806451613,15.790322580645164,38.3,MPARAMBO,MPARAMBO,grid_m2.75_29.00,20.8579877016129,13.80170000000004,30.06176000000005,3.54003906968,-0.966926320541801,0.9746392974728496,9.452558360215107,101391.56953629032,False,False,1.9960780806672505,False,0.388161156609603,0.4761290322580649,False,771.192
Kaburantwa,2013,8,0.902258064516129,0.08,33.4225806451613,15.790322580645164,38.3,MPARAMBO,MPARAMBO,grid_m3.00_29.25,22.85022266129033,13.790300000000002,32.15133000000003,1.3074874911,0.6584805804375806,0.7919276060372312,10.527470120967736,101316.51084677418,False,False,2.207813552612297,False,0.4501637873923115,0.902258064516129,False,771.192
Rusizi,2013,8,2.02,,30.35806451612904,18.44193548387097,33.8,BUJUMBURA (Aeroport),BUJUMBURA (Aeroport),grid_m3.25_29.25,23.92200776881725,14.345000000000027,32.85880000000003,3.0331611668,1.1257460474448926,1.1577907064863306,12.529005913978551,101290.61927419354,False,False,1.5043629271954442,False,0.4818314158599865,2.02,False,771.192
Mulembwe,2013,8,1.3487096774193552,2.07,22.04838709677419,8.656666666666666,10.7,MPOTA (Tora),MPOTA (Tora),grid_m4.00_29.50,21.580694032258062,16.998000000000047,27.50833,81.698894322,0.3177442733244623,0.3902217717919624,16.015630698924724,101335.23939516128,False,False,0.3376177859350189,False,0.431799356536196,1.3487096774193552,False,771.192
Mutimbuzi,2013,8,,3.76,30.35806451612904,18.44193548387097,33.8,BUJUMBURA (Aeroport),BUJUMBURA (Aeroport),grid_m3.25_29.25,23.92200776881725,14.345000000000027,32.85880000000003,3.0331611668,1.1257460474448926,1.1577907064863306,12.529005913978551,101290.61927419354,False,False,1.5476478434872514,False,0.4768806072205215,1.0504014242845088,True,771.192
Nyengwe,2013,9,0.4223333333333334,1.34,30.410000000000007,19.456666666666667,49.0,NYANZA LAC (IRAT),NYANZA LAC (IRAT),grid_m4.25_29.50,24.27907779166668,21.310820000000035,26.5179,137.98189188216,0.6704676095111111,-0.2207805413765277,18.124963125000026,101207.847125,False,False,0.3658537084356579,False,0.502992380220468,0.4223333333333334,False,771.187
Kaburantwa,2013,9,0.8650000000000001,0.07,31.824000000000005,17.373684210526317,556.6000000000001,MPARAMBO,MPARAMBO,grid_m3.00_29.25,23.359766347222266,15.958730000000005,31.920000000000016,16.41774179378,0.4467005204273611,0.3829656602152778,12.159877972222262,101290.34781944446,False,False,2.207813552612297,False,0.4962531331263595,0.8650000000000001,False,771.187
Buzimba,2013,9,0.3883333333333335,7.54,30.410000000000007,19.456666666666667,49.0,NYANZA LAC (IRAT),NYANZA LAC (IRAT),grid_m4.00_29.50,22.033388097222257,16.771230000000003,26.26120000000003,292.70386612114004,0.0480527880147222,0.0804320237709722,17.76446255555561,101292.1030277778,False,False,0.2550133648657899,False,0.3875856506426375,0.3883333333333335,False,771.187
Mutimbuzi,2013,9,,10.46,29.870000000000005,19.456666666666667,79.4,BUJUMBURA (Aeroport),BUJUMBURA (Aeroport),grid_m3.25_29.25,24.301356750000025,16.83077000000003,32.49114000000003,8.64219669694,0.8491500638349999,0.4804347360031944,13.032596319444451,101260.23253472222,False,False,1.5476478434872514,False,0.5359830320741115,1.155855774889284,True,771.187
Mulembwe,2013,9,1.361666666666667,7.54,22.83,9.696666666666667,151.7,MPOTA (Tora),MPOTA (Tora),grid_m4.00_29.50,22.033388097222257,16.771230000000003,26.26120000000003,292.70386612114004,0.0480527880147222,0.0804320237709722,17.76446255555561,101292.1030277778,False,False,0.3376177859350189,False,0.4000659595361205,1.361666666666667,False,771.187
Jiji,2013,9,0.4500000000000002,,22.83,9.696666666666667,151.7,MPOTA (Tora),MPOTA (Tora),grid_m4.00_29.75,20.42383712500004,14.40267,27.301600000000008,146.72374703628,-0.28962624935425,0.4031723655556944,14.535436652777776,101398.47055555556,False,False,0.7469623692808592,False,0.598561937729865,0.4500000000000002,False,771.187
Nyamagana,2013,9,0.8729999999999998,,31.824000000000005,17.373684210526317,556.6000000000001,MPARAMBO,MPARAMBO,grid_m3.00_29.25,23.359766347222266,15.958730000000005,31.920000000000016,16.41774179378,0.4467005204273611,0.3829656602152778,12.159877972222262,101290.34781944446,False,False,2.186850324850525,False,0.4705710904725615,0.8729999999999998,False,771.187
Rusizi,2013,9,2.13,,29.870000000000005,19.456666666666667,79.4,BUJUMBURA (Aeroport),BUJUMBURA (Aeroport),grid_m3.25_29.25,24.301356750000025,16.83077000000003,32.49114000000003,8.64219669694,0.8491500638349999,0.4804347360031944,13.032596319444451,101260.23253472222,False,False,1.5043629271954442,False,0.5174791690208684,2.13,False,771.187
Mpanda,2013,9,1.1416666666666666,1.29,22.03333333333334,11.303333333333336,172.5,RWEGURA,RWEGURA,grid_m3.00_29.50,18.841037847222253,11.40990000000005,27.582300000000032,296.82850813134,-0.3105952156281945,-0.2050470347006944,13.325085333333334,101445.29869444444,False,False,0.6181210600568109,False,0.5536104378202136,1.1416666666666666,False,771.187
Nyakagunda,2013,9,0.5263333333333333,,31.824000000000005,17.373684210526317,556.6000000000001,MPARAMBO,MPARAMBO,grid_m2.75_29.00,21.403394166666715,14.47067000000004,29.16488000000004,23.74029170662,-0.791302680442639,0.5625066758449999,10.915161805555556,101375.04938888887,False,False,1.9960780806672505,False,0.6225657879770226,0.5263333333333333,False,771.187
Buzimba,2013,10,0.4019354838709679,11.88,29.46774193548387,19.54193548387096,107.3,NYANZA LAC (IRAT),NYANZA LAC (IRAT),grid_m4.00_29.50,21.80941057795701,18.136930000000007,26.793180000000007,383.36038498622,0.1274876956520161,0.4626151874052285,17.944724583333368,101265.9570967742,False,False,0.2550133648657899,False,0.457401349698991,0.4019354838709679,False,771.1595
Mpanda,2013,10,1.1374193548387097,6.92,12.12,10.993548387096777,119.59999999999998,RWEGURA,RWEGURA,grid_m3.00_29.50,18.96286202956992,12.6241,27.58352000000002,253.48615702942,-0.5659058065112903,-0.3139278843558992,12.82184319892474,101388.81500672044,False,False,0.6181210600568109,False,0.522706768514205,1.1374193548387097,False,771.1595
Kaburantwa,2013,10,0.758064516129032,0.12,32.34193548387097,17.561290322580643,32.0,MPARAMBO,MPARAMBO,grid_m3.00_29.25,23.03833545698928,15.337550000000022,31.626059999999995,9.69409937624,0.6468115571907258,0.4307679631182796,12.17619916666672,101248.0958938172,False,False,2.207813552612297,False,0.527875897327036,0.758064516129032,False,771.1595
Nyengwe,2013,10,0.4596774193548386,4.44,29.46774193548387,19.54193548387096,107.3,NYANZA LAC (IRAT),NYANZA LAC (IRAT),grid_m4.25_29.50,23.9014114650538,20.336450000000013,26.883200000000045,221.69589968464,0.7532253674825269,0.1439381663053225,18.473108360215065,101185.70900537634,False,False,0.3658537084356579,False,0.563976619105829,0.4596774193548386,False,771.1595
Mutimbuzi,2013,10,,18.42,30.025806451612905,19.00967741935484,12.4,BUJUMBURA (Aeroport),BUJUMBURA (Aeroport),grid_m3.25_29.25,24.24969259408607,16.534019999999998,32.46914000000004,5.58567045162,1.435019564926075,0.620827501320699,12.219892701612936,101214.82594758064,False,False,1.5476478434872514,False,0.542972636343614,1.313148852189684,True,771.1595
Nyakagunda,2013,10,0.4722580645161291,,32.34193548387097,17.561290322580643,32.0,MPARAMBO,MPARAMBO,grid_m2.75_29.00,21.157215860215047,13.670980000000045,29.795980000000043,35.89248653998,-0.7818770646127688,0.6879792986811828,10.988008911290365,101336.98469086022,False,False,1.9960780806672505,False,0.532565705511004,0.4722580645161291,False,771.1595
Nyamagana,2013,10,0.8354838709677422,,32.34193548387097,17.561290322580643,32.0,MPARAMBO,MPARAMBO,grid_m3.00_29.25,23.03833545698928,15.337550000000022,31.626059999999995,9.69409937624,0.6468115571907258,0.4307679631182796,12.17619916666672,101248.0958938172,False,False,2.186850324850525,False,0.463165383785959,0.8354838709677422,False,771.1595
Mulembwe,2013,10,1.5238709677419355,11.88,22.42903225806452,9.829032258064515,174.6,MPOTA (Tora),MPOTA (Tora),grid_m4.00_29.50,21.80941057795701,18.136930000000007,26.793180000000007,383.36038498622,0.1274876956520161,0.4626151874052285,17.944724583333368,101265.9570967742,False,False,0.3376177859350189,False,0.456031558553839,1.5238709677419355,False,771.1595
Jiji,2013,10,0.4535483870967742,,22.42903225806452,9.829032258064515,174.6,MPOTA (Tora),MPOTA (Tora),grid_m4.00_29.75,20.073950860215064,15.24825000000004,27.68118000000004,136.90328598623998,-0.4417222337284946,0.3561475615954301,14.93662891129037,101370.1115658602,False,False,0.7469623692808592,False,0.670898265032454,0.4535483870967742,False,771.1595
Rusizi,2013,10,2.21,,30.025806451612905,19.00967741935484,12.4,BUJUMBURA (Aeroport),BUJUMBURA (Aeroport),grid_m3.25_29.25,24.24969259408607,16.534019999999998,32.46914000000004,5.58567045162,1.435019564926075,0.620827501320699,12.219892701612936,101214.82594758064,False,False,1.5043629271954442,False,0.553832491341186,2.21,False,771.1595
Rusizi,2013,11,2.23,,28.94666666666667,19.713333333333328,59.5,BUJUMBURA (Aeroport),BUJUMBURA (Aeroport),grid_m3.25_29.25,24.519158680555563,17.42547000000002,33.00440000000003,4.0941238423,0.7983729691385556,0.3097205039286111,13.477568444444444,101106.21775,False,False,1.5043629271954442,False,0.532076826973588,2.23,False,771.0135
Kaburantwa,2013,11,0.7446666666666668,0.12,30.60666666666667,18.219999999999995,127.1,MPARAMBO,MPARAMBO,grid_m3.00_29.25,23.52900569444444,16.292930000000013,32.37548000000004,10.23054126302,0.3674932474794445,0.3639970335611111,12.932936611111131,101131.14830555556,False,False,2.207813552612297,False,0.622264163773468,0.7446666666666668,False,771.0135
Nyamagana,2013,11,0.8926666666666665,,30.60666666666667,18.219999999999995,127.1,MPARAMBO,MPARAMBO,grid_m3.00_29.25,23.52900569444444,16.292930000000013,32.37548000000004,10.23054126302,0.3674932474794445,0.3639970335611111,12.932936611111131,101131.14830555556,False,False,2.186850324850525,False,0.541793719843921,0.8926666666666665,False,771.0135
Buzimba,2013,11,0.412,15.04,27.730000000000004,19.680000000000003,209.0,NYANZA LAC (IRAT),NYANZA LAC (IRAT),grid_m4.00_29.50,21.29896544444444,18.66290000000004,26.17380000000003,537.77789955296,-0.1022075436246805,0.7247744889856945,18.196730625000043,101173.95873611112,False,False,0.2550133648657899,False,0.261217776653818,0.412,False,771.0135
Mulembwe,2013,11,2.427666666666666,15.04,21.350000000000005,10.996666666666666,250.39999999999995,MPOTA (Tora),MPOTA (Tora),grid_m4.00_29.50,21.29896544444444,18.66290000000004,26.17380000000003,537.77789955296,-0.1022075436246805,0.7247744889856945,18.196730625000043,101173.95873611112,False,False,0.3376177859350189,False,0.312756531239213,2.427666666666666,False,771.0135
Nyengwe,2013,11,0.5526666666666669,10.55,27.730000000000004,19.680000000000003,209.0,NYANZA LAC (IRAT),NYANZA LAC (IRAT),grid_m4.25_29.50,23.22881000000001,20.89140000000004,26.05847,309.7243308596,0.33307891460375,0.5878075285138888,18.85639884722224,101098.51930555556,False,False,0.3658537084356579,False,0.536596115174601,0.5526666666666669,False,771.0135
Jiji,2013,11,0.5680000000000001,,21.350000000000005,10.996666666666666,250.39999999999995,MPOTA (Tora),MPOTA (Tora),grid_m4.00_29.75,19.259297333333336,15.024680000000046,25.324900000000017,241.51325278228,-0.2872512185677778,0.2410491745345833,16.031186708333394,101290.8108125,False,False,0.7469623692808592,False,0.36890139643456,0.5680000000000001,False,771.0135
Mpanda,2013,11,1.5196666666666667,6.39,20.300000000000004,11.345833333333331,117.1,RWEGURA,RWEGURA,grid_m3.00_29.50,18.4197171944445,13.324180000000013,26.14500000000004,347.39446681090004,-0.5099834236342361,-0.4919911901833333,13.98419508333336,101300.80366666667,False,False,0.6181210600568109,False,0.5721364521836295,1.5196666666666667,False,771.0135
Mutimbuzi,2013,11,,16.66,28.94666666666667,19.713333333333328,59.5,BUJUMBURA (Aeroport),BUJUMBURA (Aeroport),grid_m3.25_29.25,24.519158680555563,17.42547000000002,33.00440000000003,4.0941238423,0.7983729691385556,0.3097205039286111,13.477568444444444,101106.21775,False,False,1.5476478434872514,False,0.6395882247499425,1.4048447810530362,True,771.0135
Nyakagunda,2013,11,0.5716666666666667,,30.60666666666667,18.219999999999995,127.1,MPARAMBO,MPARAMBO,grid_m2.75_29.00,21.208478722222253,14.949240000000032,29.73090000000002,24.161815601380003,-0.6648933648455555,0.373222838365,11.751585986111138,101218.00732638888,False,False,1.9960780806672505,False,0.628435192876649,0.5716666666666667,False,771.0135
Kaburantwa,2013,12,0.8170967741935483,0.73,30.38064516129032,19.029032258064515,265.2,MPARAMBO,MPARAMBO,grid_m3.00_29.25,22.463494543010768,15.81716,31.047020000000032,143.95618458844,0.3174909144563172,0.2209561262045699,15.057641989247315,101283.3502217742,False,False,2.207813552612297,False,0.6958322555536385,0.8170967741935483,False,771.183
Nyamagana,2013,12,0.9719354838709676,,30.38064516129032,19.029032258064515,265.2,MPARAMBO,MPARAMBO,grid_m3.00_29.25,22.463494543010768,15.81716,31.047020000000032,143.95618458844,0.3174909144563172,0.2209561262045699,15.057641989247315,101283.3502217742,False,False,2.186850324850525,False,0.6128903468517225,0.9719354838709676,False,771.183
Rusizi,2013,12,2.28,,28.619354838709683,20.212903225806453,129.20000000000002,BUJUMBURA (Aeroport),BUJUMBURA (Aeroport),grid_m3.25_29.25,23.568698010752712,16.65700000000004,31.87063000000001,208.69159675642,0.2782761564077957,0.152188538375672,16.15533764784948,101261.04713709676,False,False,1.5043629271954442,False,0.6447915669237385,2.28,False,771.183
Nyengwe,2013,12,0.812258064516129,13.44,28.064516129032263,19.532258064516128,246.80000000000004,NYANZA LAC (IRAT),NYANZA LAC (IRAT),grid_m4.25_29.50,22.72966575268822,20.099850000000004,26.742999999999995,449.01180296312,0.1971217096653225,0.517384849312164,19.145060134408595,101240.16222446236,False,False,0.3658537084356579,False,0.4849944275597254,0.812258064516129,False,771.183
Mpanda,2013,12,1.6003225806451613,11.59,20.02903225806452,13.306399999999996,295.29999999999995,RWEGURA,RWEGURA,grid_m3.00_29.50,18.45937888440864,13.306399999999996,26.85342000000003,443.46427925204,-0.228024248734543,-0.3458530877137769,14.664339301075302,101430.85928091398,False,True,0.6181210600568109,False,0.6617785055522429,1.6003225806451613,False,771.183
Mutimbuzi,2013,12,,18.01,28.619354838709683,20.212903225806453,129.20000000000002,BUJUMBURA (Aeroport),BUJUMBURA (Aeroport),grid_m3.25_29.25,23.568698010752712,16.65700000000004,31.87063000000001,208.69159675642,0.2782761564077957,0.152188538375672,16.15533764784948,101261.04713709676,False,False,1.5476478434872514,False,0.6883127278204164,1.39452084155851,True,771.183
Buzimba,2013,12,0.4703225806451613,19.22,28.064516129032263,19.532258064516128,246.80000000000004,NYANZA LAC (IRAT),NYANZA LAC (IRAT),grid_m4.00_29.50,21.025419529569888,17.926900000000046,27.06630000000001,614.98403536044,-0.0662128298012688,0.6353388959535753,18.331557150537662,101311.04965725806,False,False,0.2550133648657899,False,0.329873251808074,0.4703225806451613,False,771.183
Nyakagunda,2013,12,0.6238709677419357,,30.38064516129032,19.029032258064515,265.2,MPARAMBO,MPARAMBO,grid_m2.75_29.00,20.327360981182835,13.52030000000002,28.48330000000004,119.88925911044,-0.4800587544818548,0.1603948123358064,13.493482782258129,101359.01572580646,False,False,1.9960780806672505,False,0.6660866893097035,0.6238709677419357,False,771.183
Jiji,2013,12,0.8958064516129031,,21.20967741935484,11.49032258064516,348.2999999999999,MPOTA (Tora),MPOTA (Tora),grid_m4.00_29.75,19.0819504166667,14.958730000000005,26.622950000000003,307.16323878478005,-0.2179475406729838,0.2533047585671774,16.114844018817223,101428.69329301076,False,False,0.7469623692808592,False,0.445199137226806,0.8958064516129031,False,771.183
Mulembwe,2013,12,2.414516129032258,19.22,21.20967741935484,11.49032258064516,348.2999999999999,MPOTA (Tora),MPOTA (Tora),grid_m4.00_29.50,21.025419529569888,17.926900000000046,27.06630000000001,614.98403536044,-0.0662128298012688,0.6353388959535753,18.331557150537662,101311.04965725806,False,False,0.3376177859350189,False,0.2858842584678785,2.414516129032258,False,771.183
Mutimbuzi,2014,1,,7.47,29.40000000000001,20.30322580645161,113.1,BUJUMBURA (Aeroport),BUJUMBURA (Aeroport),grid_m3.25_29.25,24.637161532258062,17.611050000000034,32.07546000000002,14.18733593782,0.4549138884225806,0.3577384938260753,16.011001182795724,101189.98116935484,False,False,1.5476478434872514,False,0.6866869592730395,1.563692396043347,True,771.3433333333332
Rusizi,2014,1,2.53,,29.40000000000001,20.30322580645161,113.1,BUJUMBURA (Aeroport),BUJUMBURA (Aeroport),grid_m3.25_29.25,24.637161532258062,17.611050000000034,32.07546000000002,14.18733593782,0.4549138884225806,0.3577384938260753,16.011001182795724,101189.98116935484,False,False,1.5043629271954442,False,0.6028664798994855,2.53,False,771.3433333333332
Nyakagunda,2014,1,,,30.38387096774194,18.46129032258065,114.3,MPARAMBO,MPARAMBO,grid_m2.75_29.00,21.48312454301077,15.058070000000043,29.90720000000005,28.63931638848,-0.5172068276689517,-0.0135692062801075,12.365547997311864,101291.3449126344,False,False,1.9960780806672505,False,0.6992064804278559,0.5660296082949321,True,771.3433333333332
Mulembwe,2014,1,2.507096774193548,19.4,22.596774193548384,11.01290322580645,166.2,MPOTA (Tora),MPOTA (Tora),grid_m4.00_29.50,21.548651411290336,18.513940000000048,26.207899999999995,582.86285447774,-0.0799365301444892,0.8124569735141801,18.579541720430143,101269.78661962366,False,False,0.3376177859350189,False,0.4545103880504705,2.507096774193548,False,771.3433333333332
Nyengwe,2014,1,0.7761290322580645,13.7,28.60322580645161,19.74516129032257,210.8,NYANZA LAC (IRAT),NYANZA LAC (IRAT),grid_m4.25_29.50,23.395020779569904,20.333950000000016,26.028650000000027,357.51104280088,0.0621808792333333,0.7109574768647312,19.32865954301076,101194.05959005376,False,False,0.3658537084356579,False,0.5982364774739635,0.7761290322580645,False,771.3433333333332
Jiji,2014,1,1.0970967741935482,,22.596774193548384,11.01290322580645,166.2,MPOTA (Tora),MPOTA (Tora),grid_m4.00_29.75,19.655713696236603,15.660900000000026,25.70010000000002,331.9597239604,-0.1107074373492741,0.3809292295803763,16.50440428763443,101384.12899865591,False,False,0.7469623692808592,False,0.7121518822933399,1.0970967741935482,False,771.3433333333332
Mpanda,2014,1,1.5006451612903224,2.85,21.619354838709683,11.154838709677415,193.9,RWEGURA,RWEGURA,grid_m3.00_29.50,19.28442579301077,12.916280000000029,26.87630000000001,185.38141300134,-0.0942161321509408,-0.4417734871166666,14.073960416666694,101363.41293010752,False,False,0.6181210600568109,False,0.682821354874755,1.5006451612903224,False,771.3433333333332
Nyamagana,2014,1,1.0748387096774197,,30.38387096774194,18.46129032258065,114.3,MPARAMBO,MPARAMBO,grid_m3.00_29.25,23.7133045430108,16.159140000000036,31.91920000000005,12.18318941978,0.4762197519426075,0.3558116224071103,14.143569623655935,101207.80728494623,False,False,2.186850324850525,False,0.6293807888887605,1.0748387096774197,False,771.3433333333332
Kaburantwa,2014,1,1.0767741935483874,0.18,30.38387096774194,18.46129032258065,114.3,MPARAMBO,MPARAMBO,grid_m3.00_29.25,23.7133045430108,16.159140000000036,31.91920000000005,12.18318941978,0.4762197519426075,0.3558116224071103,14.143569623655935,101207.80728494623,False,False,2.207813552612297,False,0.680709852612724,1.0767741935483874,False,771.3433333333332
Jiji,2014,2,0.9917857142857142,,21.339285714285715,11.085714285714284,213.1,MPOTA (Tora),MPOTA (Tora),grid_m4.00_29.75,19.52703035714285,15.53585000000004,25.268640000000005,305.84525975312,0.2864357861582589,0.4726795914272322,16.66950699404765,101285.2446651786,False,False,0.7469623692808592,False,0.758252108649503,0.9917857142857142,False,771.2936666666666
Mulembwe,2014,2,2.503214285714286,18.89,21.339285714285715,11.085714285714284,213.1,MPOTA (Tora),MPOTA (Tora),grid_m4.00_29.50,21.84375680059526,18.519920000000013,25.989280000000008,368.06964845706,0.1070084119467261,0.4601165235407738,18.31955497023813,101160.20002976192,False,False,0.3376177859350189,False,0.3793052619148275,2.503214285714286,False,771.2936666666666
Nyakagunda,2014,2,,,30.182142857142868,17.696428571428573,107.8,MPARAMBO,MPARAMBO,grid_m2.75_29.00,21.2223377678572,15.234770000000026,29.22442000000001,44.00587087868,-0.1648857714400759,-0.1376312798540178,12.946853645833356,101204.11317708336,False,False,1.9960780806672505,False,0.7019617518815515,0.5749192489008961,True,771.2936666666666
Nyamagana,2014,2,1.0510714285714289,,30.182142857142868,17.696428571428573,107.8,MPARAMBO,MPARAMBO,grid_m3.00_29.25,23.67973203869053,16.875820000000033,32.94784000000004,19.65665817336,0.1285669015637946,0.241857709809375,13.86198891369054,101118.05087053572,False,False,2.186850324850525,False,0.6296157073335525,1.0510714285714289,False,771.2936666666666
Kaburantwa,2014,2,1.1114285714285714,0.16,30.182142857142868,17.696428571428573,107.8,MPARAMBO,MPARAMBO,grid_m3.00_29.25,23.67973203869053,16.875820000000033,32.94784000000004,19.65665817336,0.1285669015637946,0.241857709809375,13.86198891369054,101118.05087053572,False,False,2.207813552612297,False,0.643128404226149,1.1114285714285714,False,771.2936666666666
Nyengwe,2014,2,0.7585714285714287,9.87,29.021428571428576,20.06428571428572,199.7,NYANZA LAC (IRAT),NYANZA LAC (IRAT),grid_m4.25_29.50,23.78988296130956,21.21234000000004,26.38772,231.19783389524,0.3407614349287202,0.4567043666873512,19.281570833333376,101081.32484375,False,False,0.3658537084356579,False,0.5736572285569455,0.7585714285714287,False,771.2936666666666
Rusizi,2014,2,2.45,,29.192857142857143,19.992857142857144,160.39999999999998,BUJUMBURA (Aeroport),BUJUMBURA (Aeroport),grid_m3.25_29.25,24.477159657738127,17.560940000000016,32.311800000000005,37.68205635916,-0.2379492134019345,0.1643663129744047,15.452933898809531,101103.08340773809,False,False,1.5043629271954442,False,0.6293597204259045,2.45,False,771.2936666666666
Mpanda,2014,2,1.2596428571428573,3.11,20.935714285714287,11.075,265.90000000000003,RWEGURA,RWEGURA,grid_m3.00_29.50,18.740738377976182,13.246180000000038,27.119700000000023,268.37730492146,0.2482597491339285,-0.0106025873284226,14.10247666666669,101285.0876934524,False,False,0.6181210600568109,False,0.698186062412668,1.2596428571428573,False,771.2936666666666
Mutimbuzi,2014,2,,12.39,29.192857142857143,19.992857142857144,160.39999999999998,BUJUMBURA (Aeroport),BUJUMBURA (Aeroport),grid_m3.25_29.25,24.477159657738127,17.560940000000016,32.311800000000005,37.68205635916,-0.2379492134019345,0.1643663129744047,15.452933898809531,101103.08340773809,False,False,1.5476478434872514,False,0.6841326503178375,1.379665100391973,True,771.2936666666666
Jiji,2014,3,0.9199999999999996,,21.9483870967742,10.938709677419354,137.20000000000002,MPOTA (Tora),MPOTA (Tora),grid_m4.00_29.75,19.732268212365625,15.503870000000006,25.23568,241.89662956428,-0.1435235950052419,0.5202065335981182,16.645605040322607,101360.7030376344,False,False,0.7469623692808592,False,0.6847913155526815,0.9199999999999996,False,771.407
Nyakagunda,2014,3,,,31.54193548387097,16.890322580645165,55.6,MPARAMBO,MPARAMBO,grid_m2.75_29.00,21.69559955645161,15.42452000000003,29.72787,33.71095654278,-0.7735783592271506,0.3392340145804301,12.077014139784978,101257.78233870969,False,False,1.9960780806672505,False,0.6657508739502165,0.5311042245351981,True,771.407
Kaburantwa,2014,3,1.1654838709677418,0.57,31.54193548387097,16.890322580645165,55.6,MPARAMBO,MPARAMBO,grid_m3.00_29.25,24.303916827956986,17.01153000000005,31.815800000000024,19.13547515294,0.2250657442591397,0.6298020474975806,14.147526397849504,101172.57756048389,False,False,2.207813552612297,False,0.6114722911027966,1.1654838709677418,False,771.407
Nyengwe,2014,3,0.7625806451612902,10.15,28.680645161290315,16.44193548387097,146.2,NYANZA LAC (IRAT),NYANZA LAC (IRAT),grid_m4.25_29.50,23.3789833736559,19.917930000000013,25.92956000000004,360.14032357088,0.2052667274612903,0.6105018124081452,19.47690611559142,101166.42984543012,False,False,0.3658537084356579,False,0.585045357664159,0.7625806451612902,False,771.407
Mpanda,2014,3,1.4799999999999998,8.01,21.46129032258065,11.351612903225808,221.6,RWEGURA,RWEGURA,grid_m3.00_29.50,19.01173547043016,12.96523000000002,26.043420000000022,363.4824753882,-0.3399872316944489,0.0063338333437365,14.82716411290329,101348.5540188172,False,False,0.6181210600568109,False,0.677319062878434,1.4799999999999998,False,771.407
Rusizi,2014,3,2.43,,29.641935483870977,20.216129032258063,80.60000000000001,BUJUMBURA (Aeroport),BUJUMBURA (Aeroport),grid_m3.25_29.25,25.352904932795752,18.505880000000047,32.867639999999994,10.07509231164,0.4261916781809139,0.7490161769533602,15.019454637096828,101151.00682123656,False,False,1.5043629271954442,False,0.60226676138461,2.43,False,771.407
Mulembwe,2014,3,2.3522580645161293,15.39,21.9483870967742,10.938709677419354,137.20000000000002,MPOTA (Tora),MPOTA (Tora),grid_m4.00_29.50,21.66556770161293,17.624960000000044,25.813840000000027,518.27382991296,-0.0417917726854838,0.8000231922245968,18.446091975806496,101241.60878360216,False,False,0.3376177859350189,False,0.344251868668421,2.3522580645161293,False,771.407
Nyamagana,2014,3,1.0887096774193543,,31.54193548387097,16.890322580645165,55.6,MPARAMBO,MPARAMBO,grid_m3.00_29.25,24.303916827956986,17.01153000000005,31.815800000000024,19.13547515294,0.2250657442591397,0.6298020474975806,14.147526397849504,101172.57756048389,False,False,2.186850324850525,False,0.5957959866728,1.0887096774193543,False,771.407
Mutimbuzi,2014,3,,16.97,29.641935483870977,20.216129032258063,80.60000000000001,BUJUMBURA (Aeroport),BUJUMBURA (Aeroport),grid_m3.25_29.25,25.352904932795752,18.505880000000047,32.867639999999994,10.07509231164,0.4261916781809139,0.7490161769533602,15.019454637096828,101151.00682123656,False,False,1.5476478434872514,False,0.6800084701009835,1.6487791029165813,True,771.407
Mutimbuzi,2014,4,,16.43,30.28000000000001,20.12333333333333,55.6,BUJUMBURA (Aeroport),BUJUMBURA (Aeroport),grid_m3.25_29.25,25.00693716666672,17.41357000000005,33.24328000000003,27.15492244142,0.7742270803477779,0.8607990256305555,14.508191305555556,101252.18365972224,False,False,1.5476478434872514,False,0.6549788295575081,1.7226056021196108,True,771.461
Mpanda,2014,4,1.4303333333333337,10.34,20.836666666666662,11.28,168.39999999999998,RWEGURA,RWEGURA,grid_m3.00_29.50,18.624694097222232,12.697750000000042,26.49523000000005,355.10492296372,-0.939389185651389,0.0211804280213888,14.802712180555602,101456.85764583333,False,False,0.6181210600568109,False,0.64472511224965,1.4303333333333337,False,771.461
Nyengwe,2014,4,0.714,11.29,28.85666666666668,20.10333333333333,133.60000000000002,NYANZA LAC (IRAT),NYANZA LAC (IRAT),grid_m4.25_29.50,22.788407083333368,20.637350000000023,25.55203,568.5358053191401,0.2031862267238888,0.57043037426,19.487062305555582,101276.82999305557,False,False,0.3658537084356579,False,0.634748311381216,0.714,False,771.461
Jiji,2014,4,0.9370000000000004,,21.376666666666665,11.303333333333336,152.70000000000002,MPOTA (Tora),MPOTA (Tora),grid_m4.00_29.75,19.28288123611117,15.024650000000008,25.48953,226.07421832422,-0.8799897732618056,0.3695107786163888,16.324343027777786,101475.1968263889,False,False,0.7469623692808592,False,0.6285788471114445,0.9370000000000004,False,771.461
Nyamagana,2014,4,1.0799999999999998,,31.563333333333333,18.60333333333333,70.9,MPARAMBO,MPARAMBO,grid_m3.00_29.25,23.487378777777792,16.40396000000004,32.63780000000003,21.90780629636,-0.0427176364618055,0.7710949774441667,14.294267527777832,101277.5226875,False,False,2.186850324850525,False,0.6087854505657224,1.0799999999999998,False,771.461
Kaburantwa,2014,4,1.1683333333333334,0.72,31.563333333333333,18.60333333333333,70.9,MPARAMBO,MPARAMBO,grid_m3.00_29.25,23.487378777777792,16.40396000000004,32.63780000000003,21.90780629636,-0.0427176364618055,0.7710949774441667,14.294267527777832,101277.5226875,False,False,2.207813552612297,False,0.6689978241256695,1.1683333333333334,False,771.461
Mulembwe,2014,4,2.452666666666666,15.17,21.376666666666665,11.303333333333336,152.70000000000002,MPOTA (Tora),MPOTA (Tora),grid_m4.00_29.50,21.24408690277778,18.220150000000046,25.9153,548.33078355576,-0.1441445035423611,0.8121228114170833,18.394994250000025,101346.24165277775,False,False,0.3376177859350189,False,0.5556596366384785,2.452666666666666,False,771.461
Nyakagunda,2014,4,,,31.563333333333333,18.60333333333333,70.9,MPARAMBO,MPARAMBO,grid_m2.75_29.00,21.117131625000013,14.49430000000001,29.899530000000027,35.399436988759994,-1.348260985900278,0.7363551239355556,12.102741736111112,101347.68975,False,False,1.9960780806672505,False,0.650285624372025,0.5362937621166378,True,771.461
Rusizi,2014,4,2.55,,30.28000000000001,20.12333333333333,55.6,BUJUMBURA (Aeroport),BUJUMBURA (Aeroport),grid_m3.25_29.25,25.00693716666672,17.41357000000005,33.24328000000003,27.15492244142,0.7742270803477779,0.8607990256305555,14.508191305555556,101252.18365972224,False,False,1.5043629271954442,False,0.625705717257887,2.55,False,771.461
Mulembwe,2014,5,1.8745161290322585,9.76,21.412903225806453,10.09354838709677,23.5,MPOTA (Tora),MPOTA (Tora),grid_m4.00_29.50,21.551120040322587,17.86650000000003,25.922570000000007,233.30688539854,0.0547636509864247,0.5714750604752687,18.34013846774195,101362.56175403224,False,False,0.3376177859350189,False,0.4549773156619699,1.8745161290322585,False,771.41525
Jiji,2014,5,0.67,,21.412903225806453,10.09354838709677,23.5,MPOTA (Tora),MPOTA (Tora),grid_m4.00_29.75,19.89431114247316,15.053500000000042,25.39333000000005,67.71707537332,-1.3926791737962363,0.5334363747137635,14.633036572580636,101475.72150537634,False,False,0.7469623692808592,False,0.708709307978579,0.67,False,771.41525
Mpanda,2014,5,1.2183870967741932,6.64,20.94193548387097,11.432258064516128,19.5,RWEGURA,RWEGURA,grid_m3.00_29.50,18.940750322580698,12.340599999999997,26.90408000000002,109.90571971578,-1.238785262326613,0.2838485262560484,13.497966021505365,101460.458077957,False,False,0.6181210600568109,False,0.5233503940381921,1.2183870967741932,False,771.41525
Kaburantwa,2014,5,1.0683870967741935,0.92,32.66451612903226,17.903225806451612,28.2,MPARAMBO,MPARAMBO,grid_m3.00_29.25,24.024747889784976,17.179740000000038,31.79860000000002,2.18439105748,0.2712061277078091,1.0762082385411291,12.645710739247306,101304.49186155912,False,False,2.207813552612297,False,0.6342337229563579,1.0683870967741935,False,771.41525
Nyengwe,2014,5,0.4341935483870969,9.04,30.61290322580645,17.451612903225808,0.3,NYANZA LAC (IRAT),NYANZA LAC (IRAT),grid_m4.25_29.50,23.415908588709726,21.16757000000001,26.02218000000005,198.55451580796,0.8277286199951613,0.293299131652957,19.333916841397865,101288.88968413978,False,False,0.3658537084356579,False,0.6389908638068825,0.4341935483870969,False,771.41525
Mutimbuzi,2014,5,,11.59,30.945161290322584,19.936666666666664,5.7,BUJUMBURA (Aeroport),BUJUMBURA (Aeroport),grid_m3.25_29.25,24.82469680107528,16.90115000000003,32.44412,1.2316703745800002,1.340094473675,1.1819880696727152,13.698246034946235,101282.25043010752,False,False,1.5476478434872514,False,0.5853841525129495,1.7084687063953616,True,771.41525
Rusizi,2014,5,2.34,,30.945161290322584,19.936666666666664,5.7,BUJUMBURA (Aeroport),BUJUMBURA (Aeroport),grid_m3.25_29.25,24.82469680107528,16.90115000000003,32.44412,1.2316703745800002,1.340094473675,1.1819880696727152,13.698246034946235,101282.25043010752,False,False,1.5043629271954442,False,0.54455702648159,2.34,False,771.41525
Nyamagana,2014,5,0.95516129032258,,32.66451612903226,17.903225806451612,28.2,MPARAMBO,MPARAMBO,grid_m3.00_29.25,24.024747889784976,17.179740000000038,31.79860000000002,2.18439105748,0.2712061277078091,1.0762082385411291,12.645710739247306,101304.49186155912,False,False,2.186850324850525,False,0.4994001242865555,0.95516129032258,False,771.41525
Nyakagunda,2014,5,,,32.66451612903226,17.903225806451612,28.2,MPARAMBO,MPARAMBO,grid_m2.75_29.00,21.44222004032258,14.78884000000005,28.96072000000004,8.56161125482,-1.7334889842258066,1.1524654311854838,11.375664650537658,101373.8667876344,False,False,1.9960780806672505,False,0.584111364196477,0.4767443336511469,True,771.41525
Kaburantwa,2014,6,0.9893333333333332,0.56,31.90333333333333,17.37333333333333,24.800000000000004,MPARAMBO,MPARAMBO,grid_m3.00_29.25,23.545986666666693,15.997460000000046,31.84292000000005,3.33166122354,0.3176433558734444,0.8994255002365279,12.585526361111135,101437.71725694444,False,False,2.207813552612297,False,0.5636604251799955,0.9893333333333332,False,771.429
Mulembwe,2014,6,1.7546666666666664,3.13,20.649999999999995,8.936666666666666,16.7,MPOTA (Tora),MPOTA (Tora),grid_m4.00_29.50,21.40986502777781,17.086270000000013,25.747160000000008,106.0433382013,0.0931696151167916,0.4986089829680555,17.843479555555575,101474.55365972222,False,False,0.3376177859350189,False,0.4654730785051135,1.7546666666666664,False,771.429
Nyamagana,2014,6,0.9119999999999996,,31.90333333333333,17.37333333333333,24.800000000000004,MPARAMBO,MPARAMBO,grid_m3.00_29.25,23.545986666666693,15.997460000000046,31.84292000000005,3.33166122354,0.3176433558734444,0.8994255002365279,12.585526361111135,101437.71725694444,False,False,2.186850324850525,False,0.4254442204954199,0.9119999999999996,False,771.429
Nyengwe,2014,6,0.3573333333333334,2.17,29.530000000000005,19.14,35.4,NYANZA LAC (IRAT),NYANZA LAC (IRAT),grid_m4.25_29.50,23.60062265277781,20.99642,26.225000000000023,40.34471517854,0.8341147104537777,0.22573029219625,18.043070069444468,101395.35619444444,False,False,0.3658537084356579,False,0.62031105276837,0.3573333333333334,False,771.429
Mutimbuzi,2014,6,,2.61,30.18,19.49333333333333,18.5,BUJUMBURA (Aeroport),BUJUMBURA (Aeroport),grid_m3.25_29.25,24.603069402777805,16.679100000000005,32.583060000000046,4.076480844240001,0.7858684539301388,1.1373106966093056,14.071528888888906,101413.27991666668,False,False,1.5476478434872514,False,0.543752940275277,1.3765368348519296,True,771.429
Nyakagunda,2014,6,,,31.90333333333333,17.37333333333333,24.800000000000004,MPARAMBO,MPARAMBO,grid_m2.75_29.00,21.00405427777781,14.63050000000004,28.774560000000008,2.4185180551,-1.3715968237805556,0.8328944645338888,11.28782108333337,101510.9905277778,False,False,1.9960780806672505,False,0.53794388234848,0.4262967159277498,True,771.429
Rusizi,2014,6,2.16,,30.18,19.49333333333333,18.5,BUJUMBURA (Aeroport),BUJUMBURA (Aeroport),grid_m3.25_29.25,24.603069402777805,16.679100000000005,32.583060000000046,4.076480844240001,0.7858684539301388,1.1373106966093056,14.071528888888906,101413.27991666668,False,False,1.5043629271954442,False,0.510366259564484,2.16,False,771.429
Mpanda,2014,6,1.1880000000000002,1.38,20.92,10.84,19.5,RWEGURA,RWEGURA,grid_m3.00_29.50,18.90410318055558,12.804100000000004,26.69253000000004,75.88768033636,-0.5677516075208333,0.3761209186591667,12.883941736111126,101572.82716666668,False,False,0.6181210600568109,False,0.513637605030274,1.1880000000000002,False,771.429
Jiji,2014,6,0.5776666666666668,,20.649999999999995,8.936666666666666,16.7,MPOTA (Tora),MPOTA (Tora),grid_m4.00_29.75,19.694432222222247,14.480250000000012,26.486350000000016,40.2688980795,-0.7160412685786112,0.7814892993934167,14.020554763888924,101581.5910763889,False,False,0.7469623692808592,False,0.6986687052826526,0.5776666666666668,False,771.429
Nyengwe,2014,7,0.2809677419354839,0.8,29.81290322580646,17.983870967741932,0.0,NYANZA LAC (IRAT),NYANZA LAC (IRAT),grid_m4.25_29.50,23.50910215053767,21.051000000000045,26.42670000000004,7.050991052880001,0.8133167359146505,0.4405926755298387,16.260071868279567,101510.00077284948,False,False,0.3658537084356579,False,0.5557223271362606,0.2809677419354839,False,771.3340000000001
Mutimbuzi,2014,7,,1.12,29.864516129032257,18.17096774193548,0.0,BUJUMBURA (Aeroport),BUJUMBURA (Aeroport),grid_m3.25_29.25,24.76491973118283,16.73788000000002,32.60098000000005,0.06151199284,0.7399432903584139,1.3561134563176076,12.548601559139795,101511.03737231184,False,False,1.5476478434872514,False,0.460054426689754,0.96737338989284,True,771.3340000000001
Nyamagana,2014,7,0.8261290322580647,,32.39677419354838,15.148387096774195,1.0,MPARAMBO,MPARAMBO,grid_m3.00_29.25,23.69542631720435,14.47308000000004,31.81387000000001,0.31471252106,0.3160679101337366,0.975531033266129,10.525342607526907,101532.72065860216,False,False,2.186850324850525,False,0.360724750348634,0.8261290322580647,False,771.3340000000001
Mulembwe,2014,7,1.503548387096774,1.34,21.07741935483871,7.961290322580644,0.0,MPOTA (Tora),MPOTA (Tora),grid_m4.00_29.50,21.33706193548392,16.705300000000022,26.78020000000004,20.07102964018,0.2100347488736021,0.711679334301344,16.254377822580636,101583.5531922043,False,False,0.3376177859350189,False,0.421861990477014,1.503548387096774,False,771.3340000000001
Nyakagunda,2014,7,,,32.39677419354838,15.148387096774195,1.0,MPARAMBO,MPARAMBO,grid_m2.75_29.00,21.238032822580635,14.479270000000042,29.212300000000027,0.5826950068,-1.1998497946854838,0.8750763550174059,9.186916895161346,101604.44899193548,False,False,1.9960780806672505,False,0.4150749853077775,0.3796510752688171,True,771.3340000000001
Mpanda,2014,7,1.1503225806451611,0.54,21.07741935483872,10.516129032258062,15.6,RWEGURA,RWEGURA,grid_m3.00_29.50,19.05889370967742,11.601980000000026,25.943230000000028,66.28370338266,-0.3091276641412634,0.6130780254217743,11.764632231182816,101668.81108870968,False,False,0.6181210600568109,False,0.451220645551932,1.1503225806451611,False,771.3340000000001
Kaburantwa,2014,7,0.9870967741935484,0.29,32.39677419354838,15.148387096774195,1.0,MPARAMBO,MPARAMBO,grid_m3.00_29.25,23.69542631720435,14.47308000000004,31.81387000000001,0.31471252106,0.3160679101337366,0.975531033266129,10.525342607526907,101532.72065860216,False,False,2.207813552612297,False,0.468566121481894,0.9870967741935484,False,771.3340000000001
Jiji,2014,7,0.4864516129032261,,21.07741935483871,7.961290322580644,0.0,MPOTA (Tora),MPOTA (Tora),grid_m4.00_29.75,19.89460557795701,13.68557000000004,27.04630000000003,5.2552223064,-0.4163198366899193,0.9921076583444356,11.921158172043022,101680.5912701613,False,False,0.7469623692808592,False,0.6182112261835075,0.4864516129032261,False,771.3340000000001
Rusizi,2014,7,2.09,,29.864516129032257,18.17096774193548,0.0,BUJUMBURA (Aeroport),BUJUMBURA (Aeroport),grid_m3.25_29.25,24.76491973118283,16.73788000000002,32.60098000000005,0.06151199284,0.7399432903584139,1.3561134563176076,12.548601559139795,101511.03737231184,False,False,1.5043629271954442,False,0.4509115750666485,2.09,False,771.3340000000001
Mpanda,2014,8,1.1548387096774193,0.25,25.95236,10.516129032258062,48.5,RWEGURA,RWEGURA,grid_m3.00_29.50,18.74294473118283,12.56143000000003,25.95236,188.6448859304,-0.2237608707067204,0.1803263391498655,13.089861196236598,101548.40719086022,True,False,0.6181210600568109,False,0.468359571495109,1.1548387096774193,False,771.1236666666667
Nyengwe,2014,8,0.2551612903225806,0.36,30.38064516129032,18.933333333333337,16.7,NYANZA LAC (IRAT),NYANZA LAC (IRAT),grid_m4.25_29.50,23.74575872311829,21.30062000000004,26.52188000000001,93.11485280774,0.9740468494591398,-0.3166402785083333,17.621851626344096,101325.5377688172,False,False,0.3658537084356579,False,0.4948525617198945,0.2551612903225806,False,771.1236666666667
Mulembwe,2014,8,1.4306451612903222,0.64,21.59,9.693333333333332,4.5,MPOTA (Tora),MPOTA (Tora),grid_m4.00_29.50,21.65663975806456,17.44335000000001,26.5804,211.91096319418,0.2310928014956585,0.0976138567170698,17.13772596774197,101405.59909946236,False,False,0.3376177859350189,False,0.3053602880487085,1.4306451612903222,False,771.1236666666667
Mutimbuzi,2014,8,,0.54,30.487096774193542,19.887096774193548,22.5,BUJUMBURA (Aeroport),BUJUMBURA (Aeroport),grid_m3.25_29.25,24.698810309139844,17.586630000000014,32.04110000000003,5.5227279504,0.7560634008510753,0.8063422776438172,12.694235268817238,101375.38807123656,False,False,1.5476478434872514,False,0.4677978659733035,1.218324157174342,True,771.1236666666667
Rusizi,2014,8,2.0,,30.487096774193542,19.887096774193548,22.5,BUJUMBURA (Aeroport),BUJUMBURA (Aeroport),grid_m3.25_29.25,24.698810309139844,17.586630000000014,32.04110000000003,5.5227279504,0.7560634008510753,0.8063422776438172,12.694235268817238,101375.38807123656,False,False,1.5043629271954442,False,0.4703838675076149,2.0,False,771.1236666666667
Nyamagana,2014,8,0.8145161290322581,,33.064516129032256,17.909677419354836,8.8,MPARAMBO,MPARAMBO,grid_m3.00_29.25,23.55948474462366,16.816220000000044,31.71557000000001,7.370471964279999,0.3489602210328225,0.6994900650077958,11.626957862903282,101402.26058467742,False,False,2.186850324850525,False,0.348283662032577,0.8145161290322581,False,771.1236666666667
Jiji,2014,8,0.4861290322580648,,21.59,9.693333333333332,4.5,MPOTA (Tora),MPOTA (Tora),grid_m4.00_29.75,20.30415040322584,15.19920000000002,26.943700000000035,78.07183256108,-0.3306222740107526,0.773238909327957,13.411497177419392,101506.37496639784,False,False,0.7469623692808592,False,0.598235862984738,0.4861290322580648,False,771.1236666666667
Nyakagunda,2014,8,,,33.064516129032256,17.909677419354836,8.8,MPARAMBO,MPARAMBO,grid_m2.75_29.00,21.20156952956995,14.78860000000003,28.91158000000001,7.766008376339999,-1.0821881842365593,0.862851644091547,10.225375443548389,101475.28976478492,False,False,1.9960780806672505,False,0.397551963070389,0.377245669975186,True,771.1236666666667
Kaburantwa,2014,8,0.9980645161290328,0.15,33.064516129032256,17.909677419354836,8.8,MPARAMBO,MPARAMBO,grid_m3.00_29.25,23.55948474462366,16.816220000000044,31.71557000000001,7.370471964279999,0.3489602210328225,0.6994900650077958,11.626957862903282,101402.26058467742,False,False,2.207813552612297,False,0.4469504368333065,0.9980645161290328,False,771.1236666666667
Nyengwe,2014,9,0.256,0.37,26.18440000000004,20.29656,27.5,NYANZA LAC (IRAT),NYANZA LAC (IRAT),grid_m4.25_29.50,23.85231450000004,20.29656,26.18440000000004,164.07322897104,0.6765685393994445,-0.0548863089381944,18.10582009722225,101267.3557361111,True,True,0.3658537084356579,False,0.5054958322301419,0.256,False,770.9793333333333
Nyamagana,2014,9,0.8463333333333334,,32.303333333333335,18.106666666666666,103.8,MPARAMBO,MPARAMBO,grid_m3.00_29.25,23.29994363888892,15.96210000000002,32.78550000000001,21.72231667958,0.3664353479977777,0.6334586870641666,12.167530499999998,101330.84880555556,False,False,2.186850324850525,False,0.403256305979268,0.8463333333333334,False,770.9793333333333
Mutimbuzi,2014,9,,1.4,33.51986000000005,16.414500000000032,34.823611437482455,BUJUMBURA (Aeroport),BUJUMBURA (Aeroport),grid_m3.25_29.25,24.391734805555583,16.414500000000032,33.51986000000005,22.50099180122,1.0191032617638889,0.7383225117154167,12.636524555555582,101304.85988194445,True,True,1.5476478434872514,True,0.5290806106568084,1.5198582601928765,True,770.9793333333333
Jiji,2014,9,0.437,,21.633333333333333,9.803333333333336,103.8,MPOTA (Tora),MPOTA (Tora),grid_m4.00_29.75,20.17066798611114,15.25585000000001,26.587850000000003,125.30183779307998,-0.7312629498840277,0.4116827015461111,14.114446458333362,101456.36111111112,False,False,0.7469623692808592,False,0.5941873339069961,0.437,False,770.9793333333333
Rusizi,2014,9,2.16,,33.51986000000005,16.414500000000032,33.84965789088401,BUJUMBURA (Aeroport),BUJUMBURA (Aeroport),grid_m3.25_29.25,24.391734805555583,16.414500000000032,33.51986000000005,22.50099180122,1.0191032617638889,0.7383225117154167,12.636524555555582,101304.85988194445,True,True,1.5043629271954442,True,0.49229396224868,2.16,False,770.9793333333333
Kaburantwa,2014,9,1.0133333333333334,0.1,32.303333333333335,18.106666666666666,103.8,MPARAMBO,MPARAMBO,grid_m3.00_29.25,23.29994363888892,15.96210000000002,32.78550000000001,21.72231667958,0.3664353479977777,0.6334586870641666,12.167530499999998,101330.84880555556,False,False,2.207813552612297,False,0.5057470726308615,1.0133333333333334,False,770.9793333333333
Mulembwe,2014,9,,1.47,21.633333333333333,9.803333333333336,103.8,MPOTA (Tora),MPOTA (Tora),grid_m4.00_29.50,21.85498902777784,18.58760000000001,26.220880000000022,279.03533019684,0.0345532947044444,0.2674688340044444,17.588388236111086,101346.82759722223,False,False,0.3376177859350189,False,0.36961608264697,1.424743583055743,True,770.9793333333333
Nyakagunda,2014,9,,,32.303333333333335,18.106666666666666,103.8,MPARAMBO,MPARAMBO,grid_m2.75_29.00,21.363108055555585,14.63787000000002,29.990200000000016,15.902996079,-1.1846497218708334,0.7622550758513611,10.466863194444445,101407.69149305556,False,False,1.9960780806672505,False,0.5570462577489614,0.4889956646273641,True,770.9793333333333
Mpanda,2014,9,1.1883333333333332,0.21,22.62,10.93666666666667,111.0,RWEGURA,RWEGURA,grid_m3.00_29.50,18.935535972222223,13.054400000000044,27.697230000000047,219.55013214694,-0.7399068830622222,-0.0844775098071527,12.876903263888948,101480.52777777778,False,False,0.6181210600568109,False,0.5392226036329759,1.1883333333333332,False,770.9793333333333
Kaburantwa,2014,10,1.0135483870967743,0.17,31.98387096774193,18.4,128.2,MPARAMBO,MPARAMBO,grid_m3.00_29.25,23.56504495967744,16.59707000000003,31.8655,24.78647242852,0.3370919378049328,0.3945218765649193,13.7234126478495,101228.14755376344,False,False,2.207813552612297,False,0.573299811601125,1.0135483870967743,False,770.8969999999999
Mulembwe,2014,10,1.5696774193548384,16.55,21.251612903225805,11.080645161290324,208.3,MPOTA (Tora),MPOTA (Tora),grid_m4.00_29.50,21.863095981182823,17.93887000000001,26.29275000000001,383.42332787068,0.0175276108419354,0.374067880399637,18.19416047043012,101246.35032930109,False,False,0.3376177859350189,False,0.36097350503687,1.5696774193548384,False,770.8969999999999
Rusizi,2014,10,2.38,,29.8741935483871,19.39032258064516,76.39999999999999,BUJUMBURA (Aeroport),BUJUMBURA (Aeroport),grid_m3.25_29.25,24.78498958333336,16.912560000000042,33.11892,17.43412028498,0.7492630035341399,0.4811366718071236,13.860007970430104,101199.9360282258,False,False,1.5043629271954442,False,0.57215503824978,2.38,False,770.8969999999999
Mutimbuzi,2014,10,,16.68,29.8741935483871,19.39032258064516,76.39999999999999,BUJUMBURA (Aeroport),BUJUMBURA (Aeroport),grid_m3.25_29.25,24.78498958333336,16.912560000000042,33.11892,17.43412028498,0.7492630035341399,0.4811366718071236,13.860007970430104,101199.9360282258,False,False,1.5476478434872514,False,0.601500497958295,1.3634495859983031,True,770.8969999999999
Jiji,2014,10,0.5258064516129033,,21.251612903225805,11.080645161290324,208.3,MPOTA (Tora),MPOTA (Tora),grid_m4.00_29.75,20.11732810483869,15.002900000000013,27.01428000000004,174.66545085890002,-0.5660918660873508,0.4049437945693548,15.180737862903245,101362.40510080644,False,False,0.7469623692808592,False,0.627690291257894,0.5258064516129033,False,770.8969999999999
Nyakagunda,2014,10,,,31.98387096774193,18.4,128.2,MPARAMBO,MPARAMBO,grid_m2.75_29.00,21.45491634408603,14.16348000000005,29.447050000000047,36.16714472544,-0.8943323728844087,0.4976214143896505,11.98962284946242,101315.94946908604,False,False,1.9960780806672505,False,0.637666048645471,0.5543630184331808,True,770.8969999999999
Mpanda,2014,10,1.340322580645162,2.86,21.39354838709677,11.403225806451612,270.00000000000006,RWEGURA,RWEGURA,grid_m3.00_29.50,18.94081959677419,13.17324000000002,26.68923000000001,439.85271468026,-0.6023519983864247,-0.2298559567673387,14.159437311827958,101394.40662634408,False,False,0.6181210600568109,False,0.59586691197019,1.340322580645162,False,770.8969999999999
Nyengwe,2014,10,0.4080645161290323,5.38,29.835483870967742,19.99,154.0,NYANZA LAC (IRAT),NYANZA LAC (IRAT),grid_m4.25_29.50,23.923902728494625,20.506680000000017,26.49023,225.32177003378,0.6995239454365592,0.1825198726145161,18.856012405913987,101165.40595430108,False,False,0.3658537084356579,False,0.46035389881645,0.4080645161290323,False,770.8969999999999
Nyamagana,2014,10,0.9577419354838708,,31.98387096774193,18.4,128.2,MPARAMBO,MPARAMBO,grid_m3.00_29.25,23.56504495967744,16.59707000000003,31.8655,24.78647242852,0.3370919378049328,0.3945218765649193,13.7234126478495,101228.14755376344,False,False,2.186850324850525,False,0.48542128254525,0.9577419354838708,False,770.8969999999999
Nyengwe,2014,11,0.4610000000000001,15.26,29.19333333333333,20.093333333333337,134.9,NYANZA LAC (IRAT),NYANZA LAC (IRAT),grid_m4.25_29.50,23.528425500000026,20.84872000000001,26.14016000000004,313.55190241962,0.4846690501123153,0.5140630496113889,19.26164920833338,101160.1358888889,False,False,0.3658537084356579,False,0.417945207454689,0.4610000000000001,False,770.9685
Jiji,2014,11,0.4703333333333335,,20.87333333333333,10.926666666666664,143.70000000000002,MPOTA (Tora),MPOTA (Tora),grid_m4.00_29.75,19.65392748611117,15.55758000000003,25.532830000000047,211.74573892304,-0.6185115604648334,0.1428526566611111,15.993365222222224,101354.69707638888,False,False,0.7469623692808592,False,0.5071035643473545,0.4703333333333335,False,770.9685
Nyakagunda,2014,11,,,32.41666666666667,18.08333333333333,38.5,MPARAMBO,MPARAMBO,grid_m2.75_29.00,20.95570138888894,14.067300000000046,28.79275000000001,30.4503441981,-0.9608414749016194,0.4788633982074999,12.876698736111166,101303.28714583334,False,False,1.9960780806672505,False,0.608782696100743,0.4894177207479208,True,770.9685
Rusizi,2014,11,2.18,,29.15,19.4,45.2,BUJUMBURA (Aeroport),BUJUMBURA (Aeroport),grid_m3.25_29.25,24.254961069444448,17.432900000000018,32.22700000000003,3.65018844832,0.9807994215,0.38391710909075,14.522689263888935,101187.72311111112,False,False,1.5043629271954442,False,0.5781318499582855,2.18,False,770.9685
Mutimbuzi,2014,11,,25.68,29.15,19.4,45.2,BUJUMBURA (Aeroport),BUJUMBURA (Aeroport),grid_m3.25_29.25,24.254961069444448,17.432900000000018,32.22700000000003,3.65018844832,0.9807994215,0.38391710909075,14.522689263888935,101187.72311111112,False,False,1.5476478434872514,False,0.6300603072626415,1.4089155614341706,True,770.9685
Mulembwe,2014,11,1.482,21.12,20.87333333333333,10.926666666666664,143.70000000000002,MPOTA (Tora),MPOTA (Tora),grid_m4.00_29.50,21.575362847222262,18.46932000000004,25.79064,514.23406546122,-0.0695762842244444,0.51236084895,18.56122841666672,101236.89602777778,False,False,0.3376177859350189,False,0.304332754539261,1.482,False,770.9685
Kaburantwa,2014,11,1.096666666666667,0.33,32.41666666666667,18.08333333333333,38.5,MPARAMBO,MPARAMBO,grid_m3.00_29.25,22.95380018055556,16.870400000000018,31.27126000000004,14.26362990026,0.3726613991561249,0.3435701584236111,14.581606208333367,101217.4671875,False,False,2.207813552612297,False,0.6245800846951635,1.096666666666667,False,770.9685
Nyamagana,2014,11,0.9313333333333332,,32.41666666666667,18.08333333333333,38.5,MPARAMBO,MPARAMBO,grid_m3.00_29.25,22.95380018055556,16.870400000000018,31.27126000000004,14.26362990026,0.3726613991561249,0.3435701584236111,14.581606208333367,101217.4671875,False,False,2.186850324850525,False,0.4934850616348545,0.9313333333333332,False,770.9685
Mpanda,2014,11,1.2959999999999998,12.62,20.58,11.08666666666667,189.3,RWEGURA,RWEGURA,grid_m3.00_29.50,18.438373152777785,13.173760000000016,26.54860000000002,361.71150178578,-0.6303537372705555,-0.4529169293513458,14.744591444444495,101384.8205,False,False,0.6181210600568109,False,0.6096354306732465,1.2959999999999998,False,770.9685
Kaburantwa,2014,12,1.2796774193548386,0.39,31.38064516129032,19.14516129032258,174.70000000000002,MPARAMBO,MPARAMBO,grid_m3.00_29.25,22.69777748655917,16.99340000000001,31.17532,92.77820607266,0.4310802247936828,0.2131095814459677,15.396085053763445,101281.3994422043,False,False,2.207813552612297,False,0.68712057765365,1.2796774193548386,False,771.154
Nyamagana,2014,12,1.0948387096774197,,31.38064516129032,19.14516129032258,174.70000000000002,MPARAMBO,MPARAMBO,grid_m3.00_29.25,22.69777748655917,16.99340000000001,31.17532,92.77820607266,0.4310802247936828,0.2131095814459677,15.396085053763445,101281.3994422043,False,False,2.186850324850525,False,0.6113364166993736,1.0948387096774197,False,771.154
Rusizi,2014,12,2.38,,29.224137931034484,19.80322580645161,196.30000000000007,BUJUMBURA (Aeroport),BUJUMBURA (Aeroport),grid_m3.25_29.25,23.88978452956991,17.74606,31.69656000000004,117.23899835328,0.509671193261723,0.108826092719086,16.37305451612906,101257.73949596776,False,False,1.5043629271954442,False,0.578639850034107,2.38,False,771.154
Mpanda,2014,12,1.3361290322580643,10.62,20.91935483870968,11.1,246.7,RWEGURA,RWEGURA,grid_m3.00_29.50,18.87530110215056,13.218530000000044,26.711700000000008,477.6859264526401,-0.233832828657258,-0.4757121919281061,14.850843172043028,101431.48546370969,False,False,0.6181210600568109,False,0.6207481442837974,1.3361290322580643,False,771.154
Jiji,2014,12,0.5712903225806452,,20.91290322580645,11.735483870967744,196.3,MPOTA (Tora),MPOTA (Tora),grid_m4.00_29.75,19.56667404569896,14.828270000000032,24.785500000000013,312.43610340486,-0.271556493942043,0.2115318549647849,16.51813677419358,101428.84382392476,False,False,0.7469623692808592,False,0.6452510451568935,0.5712903225806452,False,771.154
Nyakagunda,2014,12,,,31.38064516129032,19.14516129032258,174.70000000000002,MPARAMBO,MPARAMBO,grid_m2.75_29.00,21.03506408602152,14.780900000000033,28.432950000000005,54.49485770546,-0.5588430663638441,0.1511319892849462,13.43034868279574,101357.464952957,False,False,1.9960780806672505,False,0.6652242875033194,0.544226175115208,True,771.154
Mutimbuzi,2014,12,,20.52,29.224137931034484,19.80322580645161,196.30000000000007,BUJUMBURA (Aeroport),BUJUMBURA (Aeroport),grid_m3.25_29.25,23.88978452956991,17.74606,31.69656000000004,117.23899835328,0.509671193261723,0.108826092719086,16.37305451612906,101257.73949596776,False,False,1.5476478434872514,False,0.6597394085085295,1.2046541759668692,True,771.154
Mulembwe,2014,12,1.5683870967741935,17.52,20.91290322580645,11.735483870967744,196.3,MPOTA (Tora),MPOTA (Tora),grid_m4.00_29.50,21.513456129032303,18.26382000000001,25.307950000000005,617.34199625306,-0.0900090617586021,0.6277430550166667,18.80059731182797,101308.3785954301,False,False,0.3376177859350189,False,0.583722684508849,1.5683870967741935,False,771.154
Nyengwe,2014,12,0.5896774193548387,11.14,28.50967741935484,19.98387096774193,147.99999999999997,NYANZA LAC (IRAT),NYANZA LAC (IRAT),grid_m4.25_29.50,23.28992870967744,20.84520000000004,25.868520000000046,418.15185552418,0.2480994524363306,0.6501081747849462,19.496872822580656,101233.19949596774,False,False,0.3658537084356579,False,0.5957497918350135,0.5896774193548387,False,771.154
Mpanda,2015,1,1.389677419354839,3.44,21.474193548387102,11.535483870967742,122.7,RWEGURA,RWEGURA,grid_m3.00_29.50,18.91567555107531,12.61862000000002,26.44515000000001,198.76050967882,0.5530050911090995,-0.2706054977076613,14.078536693548417,101450.38521505376,False,False,0.6181210600568109,False,0.6598960741223575,1.389677419354839,False,771.322
Jiji,2015,1,0.7280645161290323,,21.44193548387097,11.461290322580648,135.59999999999997,MPOTA (Tora),MPOTA (Tora),grid_m4.00_29.75,19.476592849462406,14.58540000000005,24.89360000000005,395.65134015238,0.348809021359207,0.5429970718637097,16.840124112903254,101456.3277620968,False,False,0.7469623692808592,False,0.657071011336873,0.7280645161290323,False,771.322
Nyamagana,2015,1,1.053548387096774,,30.28709677419356,19.04193548387097,116.70000000000002,MPARAMBO,MPARAMBO,grid_m3.00_29.25,23.392603239247308,16.54050000000001,31.399470000000008,7.76433947944,0.5425096698250538,0.0508817670581989,14.29264263440865,101301.11152553762,False,False,2.186850324850525,False,0.6150261613145309,1.053548387096774,False,771.322
Nyakagunda,2015,1,,,30.28709677419356,19.04193548387097,116.70000000000002,MPARAMBO,MPARAMBO,grid_m2.75_29.00,21.15821751344089,13.04830000000004,28.6293,38.99288170696,0.1830034105506855,-0.2459525436941263,13.196858454301092,101385.22006048386,False,False,1.9960780806672505,False,0.637763313609467,0.571979842549924,True,771.322
Rusizi,2015,1,2.44,,29.05806451612904,19.97096774193548,76.2,BUJUMBURA (Aeroport),BUJUMBURA (Aeroport),grid_m3.25_29.25,24.476944556451656,17.863950000000045,32.09414000000004,18.20993420118,-0.032812964528629,-0.071359182896008,15.656945120967803,101281.5302217742,False,False,1.5043629271954442,False,0.592743614181496,2.44,False,771.322
Mutimbuzi,2015,1,,6.43,29.05806451612904,19.97096774193548,76.2,BUJUMBURA (Aeroport),BUJUMBURA (Aeroport),grid_m3.25_29.25,24.476944556451656,17.863950000000045,32.09414000000004,18.20993420118,-0.032812964528629,-0.071359182896008,15.656945120967803,101281.5302217742,False,False,1.5476478434872514,False,0.641340279823828,1.416302307829243,True,771.322
Kaburantwa,2015,1,1.2164516129032257,0.59,30.28709677419356,19.04193548387097,116.70000000000002,MPARAMBO,MPARAMBO,grid_m3.00_29.25,23.392603239247308,16.54050000000001,31.399470000000008,7.76433947944,0.5425096698250538,0.0508817670581989,14.29264263440865,101301.11152553762,False,False,2.207813552612297,False,0.650530647707923,1.2164516129032257,False,771.322
Mulembwe,2015,1,,18.79,21.44193548387097,11.461290322580648,135.59999999999997,MPOTA (Tora),MPOTA (Tora),grid_m4.00_29.50,21.418169327957003,17.46040000000005,25.57560000000001,602.4780283817,0.0909282675461021,0.5916532495075268,18.505640927419392,101345.02803091398,False,False,0.3376177859350189,False,0.2992757569788929,1.5735868346391255,True,771.322
Nyengwe,2015,1,0.5929032258064516,10.96,28.887096774193555,20.13548387096774,111.39999999999998,NYANZA LAC (IRAT),NYANZA LAC (IRAT),grid_m4.25_29.50,23.29364986559142,20.32174000000004,26.15500000000003,395.17068820874,0.2799653028056452,0.3970246063396505,19.22337760752692,101267.20745967742,False,False,0.3658537084356579,False,0.538837734146533,0.5929032258064516,False,771.322
Mutimbuzi,2015,2,,12.97,30.260714285714283,19.325,136.4,BUJUMBURA (Aeroport),BUJUMBURA (Aeroport),grid_m3.25_29.25,25.13052336309528,18.195730000000022,33.24032,9.5171927181,0.5058315832672173,0.3191306016425595,15.681250238095288,101117.04773809524,False,False,1.5476478434872514,False,0.6575017343732985,1.4569346639953231,True,771.2594999999999
Mulembwe,2015,2,,19.53,22.489285714285707,10.482142857142858,216.6,MPOTA (Tora),MPOTA (Tora),grid_m4.00_29.50,21.671451532738104,17.836330000000032,27.54420000000005,517.04978969176,-0.0879968915853273,0.6787250383154761,18.800725252976235,101201.84109375,False,False,0.3376177859350189,False,0.3854171918953865,1.8160552072556864,True,771.2594999999999
Nyakagunda,2015,2,,,31.164285714285715,18.42142857142857,33.1,MPARAMBO,MPARAMBO,grid_m2.75_29.00,21.273519687500027,12.968400000000033,30.11337000000003,26.546001372280003,-0.4650066922063988,0.0492491264433035,12.824784508928587,101239.20584821427,False,False,1.9960780806672505,False,0.5996000710913945,0.5104980361777636,True,771.2594999999999
Jiji,2015,2,0.8103571428571429,,22.489285714285707,10.482142857142858,216.6,MPOTA (Tora),MPOTA (Tora),grid_m4.00_29.75,19.694589613095275,15.482720000000027,27.160150000000044,218.62554521274,0.0250547494244047,0.3786151735710416,16.808993928571454,101322.14782738096,False,False,0.7469623692808592,False,0.7283224530222145,0.8103571428571429,False,771.2594999999999
Kaburantwa,2015,2,1.2771428571428574,1.05,31.164285714285715,18.42142857142857,33.1,MPARAMBO,MPARAMBO,grid_m3.00_29.25,23.99921846726193,16.41808000000003,33.63290000000001,10.14375683344,0.4510278250578869,0.2525397942769345,14.064266383928612,101143.76948660714,False,False,2.207813552612297,False,0.6522698536370706,1.2771428571428574,False,771.2594999999999
Mpanda,2015,2,1.4621428571428567,4.96,21.932142857142857,11.578571428571433,101.7,RWEGURA,RWEGURA,grid_m3.00_29.50,19.112256130952403,13.225120000000004,27.314540000000022,191.00856834402,-0.1282568439876488,-0.4039078450934524,14.324061056547636,101308.2633184524,False,False,0.6181210600568109,False,0.686472974382859,1.4621428571428567,False,771.2594999999999
Rusizi,2015,2,2.26,,30.260714285714283,19.325,136.4,BUJUMBURA (Aeroport),BUJUMBURA (Aeroport),grid_m3.25_29.25,25.13052336309528,18.195730000000022,33.24032,9.5171927181,0.5058315832672173,0.3191306016425595,15.681250238095288,101117.04773809524,False,False,1.5043629271954442,False,0.5979904882490954,2.26,False,771.2594999999999
Nyamagana,2015,2,1.0060714285714287,,31.164285714285715,18.42142857142857,33.1,MPARAMBO,MPARAMBO,grid_m3.00_29.25,23.99921846726193,16.41808000000003,33.63290000000001,10.14375683344,0.4510278250578869,0.2525397942769345,14.064266383928612,101143.76948660714,False,False,2.186850324850525,False,0.599260436476558,1.0060714285714287,False,771.2594999999999
Nyengwe,2015,2,0.6417857142857143,15.73,29.35,19.414285714285715,73.39999999999999,NYANZA LAC (IRAT),NYANZA LAC (IRAT),grid_m4.25_29.50,23.924218497023787,21.15634,27.63015000000001,275.4387857218,0.1813367196226488,0.4980042982310119,19.58552944940476,101116.51945684524,False,False,0.3658537084356579,False,0.633268415936329,0.6417857142857143,False,771.2594999999999
Nyakagunda,2015,3,,,31.72903225806452,18.59,135.79999999999998,MPARAMBO,MPARAMBO,grid_m2.75_29.00,20.92665958333339,13.310820000000035,29.72213000000005,92.04721450034,-0.9142228804442796,0.5880343118641129,13.612989946236551,101267.47609543012,False,False,1.9960780806672505,False,0.632018692297484,0.5551816935483882,True,771.203
Mulembwe,2015,3,,15.54,22.309677419354845,11.441935483870964,256.0,MPOTA (Tora),MPOTA (Tora),grid_m4.00_29.50,21.93131654569896,18.697400000000016,26.49606,491.90616644006,0.0503255372329301,0.7338348319180108,19.027750698924763,101236.15319220428,False,False,0.3376177859350189,False,0.406931206188733,1.9861044459323096,True,771.203
Mpanda,2015,3,1.4316129032258065,6.67,20.75333333333333,11.712903225806448,205.6,RWEGURA,RWEGURA,grid_m3.00_29.50,19.19474197580649,13.293480000000043,27.672750000000008,322.23510829076,-0.506925439769086,-0.2268007749927419,15.002551276881718,101341.06363575268,False,False,0.6181210600568109,False,0.6557936115510006,1.4316129032258065,False,771.203
Kaburantwa,2015,3,1.357096774193548,0.65,31.72903225806452,18.59,135.79999999999998,MPARAMBO,MPARAMBO,grid_m3.00_29.25,23.394194059139807,16.623379999999997,32.39184,95.29209138948,0.4183097761721774,0.5023803293122312,15.040070470430123,101185.88518817203,False,False,2.207813552612297,False,0.6792528057501455,1.357096774193548,False,771.203
Nyamagana,2015,3,0.9732258064516128,,31.72903225806452,18.59,135.79999999999998,MPARAMBO,MPARAMBO,grid_m3.00_29.25,23.394194059139807,16.623379999999997,32.39184,95.29209138948,0.4183097761721774,0.5023803293122312,15.040070470430123,101185.88518817203,False,False,2.186850324850525,False,0.5854712516353485,0.9732258064516128,False,771.203
Jiji,2015,3,0.8874193548387097,,22.309677419354845,11.441935483870964,256.0,MPOTA (Tora),MPOTA (Tora),grid_m4.00_29.75,19.96309192204302,14.834130000000016,26.454000000000008,195.145130117,-0.4329167031004032,0.4520755480080645,16.859829166666657,101357.12293682796,False,False,0.7469623692808592,False,0.750156195563864,0.8874193548387097,False,771.203
Mutimbuzi,2015,3,,14.7,28.783870967741937,19.59999999999999,54.7,BUJUMBURA (Aeroport),BUJUMBURA (Aeroport),grid_m3.25_29.25,24.66021813172045,18.704980000000035,32.60160000000002,59.33284761004,0.9457926585169084,0.5389882991287634,15.874564153225831,101154.60159274192,False,False,1.5476478434872514,False,0.681354748324738,1.509542130687514,True,771.203
Rusizi,2015,3,2.41,,28.783870967741937,19.59999999999999,54.7,BUJUMBURA (Aeroport),BUJUMBURA (Aeroport),grid_m3.25_29.25,24.66021813172045,18.704980000000035,32.60160000000002,59.33284761004,0.9457926585169084,0.5389882991287634,15.874564153225831,101154.60159274192,False,False,1.5043629271954442,False,0.6204571183695236,2.41,False,771.203
Nyengwe,2015,3,0.8293548387096775,10.64,28.922580645161297,20.3,155.29999999999998,NYANZA LAC (IRAT),NYANZA LAC (IRAT),grid_m4.25_29.50,23.74741866935489,21.05630000000002,27.052700000000016,419.89755558932,0.4610146963513441,0.4812752916502688,19.77403306451617,101158.08797715054,False,False,0.3658537084356579,False,0.539197176506984,0.8293548387096775,False,771.203
Mpanda,2015,4,1.530333333333333,20.76,20.33,11.446666666666664,270.0,RWEGURA,RWEGURA,grid_m3.00_29.50,18.512651486111167,13.561059999999998,25.995750000000044,328.82499694344006,-0.27192692201,-0.171137492505,15.695980972222287,101518.9976597222,False,False,0.6181210600568109,False,0.688034268281322,1.530333333333333,False,771.4796666666667
Rusizi,2015,4,2.68,,29.78333333333334,19.636666666666667,100.4,BUJUMBURA (Aeroport),BUJUMBURA (Aeroport),grid_m3.25_29.25,23.42489102777779,17.500200000000007,30.73025000000001,196.39968902056,0.3083899192941666,0.2459699848580555,17.66407469444448,101341.72339583334,False,False,1.5043629271954442,False,0.6117234392937936,2.68,False,771.4796666666667
Kaburantwa,2015,4,1.458333333333333,2.95,30.99000000000001,18.37333333333333,129.60000000000002,MPARAMBO,MPARAMBO,grid_m3.00_29.25,21.72398222222228,15.94870000000003,28.92270000000002,119.40193187166,0.2060366731961111,0.1401431607966666,16.949309680555587,101379.0041388889,False,False,2.207813552612297,False,0.7282339551380705,1.458333333333333,False,771.4796666666667
Nyamagana,2015,4,1.1760000000000004,,30.99000000000001,18.37333333333333,129.60000000000002,MPARAMBO,MPARAMBO,grid_m3.00_29.25,21.72398222222228,15.94870000000003,28.92270000000002,119.40193187166,0.2060366731961111,0.1401431607966666,16.949309680555587,101379.0041388889,False,False,2.186850324850525,False,0.658355887329815,1.1760000000000004,False,771.4796666666667
Jiji,2015,4,1.123,,21.180000000000003,11.44333333333333,190.50000000000003,MPOTA (Tora),MPOTA (Tora),grid_m4.00_29.75,19.328162555555537,14.915250000000016,25.25182000000001,247.0350263348,-0.32611393540125,0.451307169581875,16.91029881944445,101514.08048611112,False,False,0.7469623692808592,False,0.6442772642949455,1.123,False,771.4796666666667
Nyakagunda,2015,4,,,30.99000000000001,18.37333333333333,129.60000000000002,MPARAMBO,MPARAMBO,grid_m2.75_29.00,19.922818638888884,14.587730000000022,26.61490000000004,79.63657390006,-0.6086727987472222,0.4045488148697223,15.120766583333364,101453.847,False,False,1.9960780806672505,False,0.7191628665946265,0.5763049615975436,True,771.4796666666667
Nyengwe,2015,4,1.1226666666666667,14.25,28.579999999999995,20.280000000000005,173.4,NYANZA LAC (IRAT),NYANZA LAC (IRAT),grid_m4.25_29.50,23.055688152777805,20.71246000000002,26.147970000000043,425.68922050046,0.3407575397526666,0.3753116189815278,19.402762722222235,101314.55881944444,False,False,0.3658537084356579,False,0.6614856243423775,1.1226666666666667,False,771.4796666666667
Mutimbuzi,2015,4,,27.9,29.78333333333334,19.636666666666667,100.4,BUJUMBURA (Aeroport),BUJUMBURA (Aeroport),grid_m3.25_29.25,23.42489102777779,17.500200000000007,30.73025000000001,196.39968902056,0.3083899192941666,0.2459699848580555,17.66407469444448,101341.72339583334,False,False,1.5476478434872514,False,0.6711083909603646,1.537872461396265,True,771.4796666666667
Mulembwe,2015,4,,17.79,21.180000000000003,11.44333333333333,190.50000000000003,MPOTA (Tora),MPOTA (Tora),grid_m4.00_29.50,21.458755888888906,18.33172000000002,26.44518000000005,522.15004047002,-0.0091610798579166,0.5576575384658333,18.69959434722228,101387.15324305557,False,False,0.3376177859350189,False,0.5103732226050886,1.803317907791679,True,771.4796666666667
Kaburantwa,2015,5,1.5829032258064517,2.25,30.0,19.3,23.90000000000001,MPARAMBO,MPARAMBO,grid_m3.00_29.25,21.887106948924725,15.577330000000018,28.74896000000001,13.2222175289,0.4441436031504032,0.5237013504209678,16.264633803763445,101448.00948924731,False,False,2.207813552612297,False,0.700516560084204,1.5829032258064517,False,771.541
Rusizi,2015,5,2.58,,29.774193548387096,19.52307692307692,43.0,BUJUMBURA (Aeroport),BUJUMBURA (Aeroport),grid_m3.25_29.25,23.34300192204301,16.630060000000014,30.12786,12.93230047054,1.282829653159005,0.6836987775206048,16.752883346774183,101408.6402016129,False,False,1.5043629271954442,False,0.600941258068222,2.58,False,771.541
Mutimbuzi,2015,5,,6.28,29.774193548387096,19.52307692307692,43.0,BUJUMBURA (Aeroport),BUJUMBURA (Aeroport),grid_m3.25_29.25,23.34300192204301,16.630060000000014,30.12786,12.93230047054,1.282829653159005,0.6836987775206048,16.752883346774183,101408.6402016129,False,False,1.5476478434872514,False,0.683983546744031,1.698879838884677,True,771.541
Mulembwe,2015,5,,6.04,21.203225806451613,11.454838709677418,173.49999999999997,MPOTA (Tora),MPOTA (Tora),grid_m4.00_29.50,21.473659099462395,17.41342000000003,25.495360000000005,398.90527745794,-0.016196671398387,0.5163469414774193,18.842679811827963,101463.66252688172,False,False,0.3376177859350189,False,0.556791917893935,1.755814878364721,True,771.541
Mpanda,2015,5,1.5048387096774198,5.2,20.374193548387098,11.448387096774193,174.70000000000002,RWEGURA,RWEGURA,grid_m3.00_29.50,18.832425107526888,12.81170000000003,25.457940000000008,157.57131595304,-0.7546734963819892,0.0217311617059408,15.18184375000004,101584.05282930109,False,False,0.6181210600568109,False,0.691968706101536,1.5048387096774198,False,771.541
Nyengwe,2015,5,1.104516129032258,5.65,29.11612903225808,19.61935483870968,74.0,NYANZA LAC (IRAT),NYANZA LAC (IRAT),grid_m4.25_29.50,23.08918463709682,20.81765000000001,25.48560000000004,335.27278956226,0.7157237969349463,0.2425222298130913,19.73939776881724,101391.00595430109,False,False,0.3658537084356579,False,0.6925365540380135,1.104516129032258,False,771.541
Nyamagana,2015,5,1.1390322580645165,,30.0,19.3,23.90000000000001,MPARAMBO,MPARAMBO,grid_m3.00_29.25,21.887106948924725,15.577330000000018,28.74896000000001,13.2222175289,0.4441436031504032,0.5237013504209678,16.264633803763445,101448.00948924731,False,False,2.186850324850525,False,0.6263776092988476,1.1390322580645165,False,771.541
Nyakagunda,2015,5,,,30.0,19.3,23.90000000000001,MPARAMBO,MPARAMBO,grid_m2.75_29.00,20.4164565053764,14.6207,27.50576000000001,24.70588677246,-1.3071571697137097,0.8222092039637097,14.312904798387136,101516.29663978497,False,False,1.9960780806672505,False,0.7072193254848425,0.5265008755760373,True,771.541
Jiji,2015,5,0.9116129032258063,,21.203225806451613,11.454838709677418,173.49999999999997,MPOTA (Tora),MPOTA (Tora),grid_m4.00_29.75,19.76999290322584,14.619000000000028,25.11944,137.76350005756,-1.1307485024553765,0.4577466297749999,15.972523857526935,101584.3666733871,False,False,0.7469623692808592,False,0.7696021213166875,0.9116129032258063,False,771.541
Nyamagana,2015,6,1.0103333333333333,,30.85666666666667,17.703333333333333,51.3,MPARAMBO,MPARAMBO,grid_m3.00_29.25,22.362697374999986,15.761930000000008,29.10507000000001,1.79672241486,0.4222992149845833,0.5049087527236111,14.472327277777822,101486.40372916668,False,False,2.186850324850525,False,0.5406543841741295,1.0103333333333333,False,771.5363333333333
Nyakagunda,2015,6,,,30.85666666666667,17.703333333333333,51.3,MPARAMBO,MPARAMBO,grid_m2.75_29.00,20.58033787500005,15.4495,26.903830000000028,3.94630432924,-1.046652879579722,0.7098051286775,12.650935027777791,101561.20543750002,False,False,1.9960780806672505,False,0.608205258867466,0.5342650590603317,True,771.5363333333333
Jiji,2015,6,0.620333333333333,,21.466666666666665,9.763333333333335,0.3,MPOTA (Tora),MPOTA (Tora),grid_m4.00_29.75,19.82662431944448,14.569100000000049,25.25118000000004,26.58128747506,-0.1682077831551805,0.8821548457561667,14.555790569444468,101595.16865972224,False,False,0.7469623692808592,False,0.7331955817732305,0.620333333333333,False,771.5363333333333
Rusizi,2015,6,2.44,,30.36666666666667,18.64333333333333,2.9,BUJUMBURA (Aeroport),BUJUMBURA (Aeroport),grid_m3.25_29.25,24.02676823611114,16.76245,30.35310000000004,2.29454039148,0.7539601867580557,0.8823108248581945,15.398214388888904,101450.2349236111,False,False,1.5043629271954442,False,0.5755166821961211,2.44,False,771.5363333333333
Kaburantwa,2015,6,1.585666666666667,0.64,30.85666666666667,17.703333333333333,51.3,MPARAMBO,MPARAMBO,grid_m3.00_29.25,22.362697374999986,15.761930000000008,29.10507000000001,1.79672241486,0.4222992149845833,0.5049087527236111,14.472327277777822,101486.40372916668,False,False,2.207813552612297,False,0.6326043143784605,1.585666666666667,False,771.5363333333333
Mulembwe,2015,6,,1.82,21.466666666666665,9.763333333333335,0.3,MPOTA (Tora),MPOTA (Tora),grid_m4.00_29.50,21.708067180555588,17.148400000000038,25.85055,101.53961187664,0.3070756914461416,0.3038711560888888,17.805728236111122,101491.74066666666,False,False,0.3376177859350189,False,0.4730514401478075,1.099943855903666,True,771.5363333333333
Mutimbuzi,2015,6,,1.21,30.36666666666667,18.64333333333333,2.9,BUJUMBURA (Aeroport),BUJUMBURA (Aeroport),grid_m3.25_29.25,24.02676823611114,16.76245,30.35310000000004,2.29454039148,0.7539601867580557,0.8823108248581945,15.398214388888904,101450.2349236111,False,False,1.5476478434872514,False,0.603855049970589,1.5452561848898403,True,771.5363333333333
Mpanda,2015,6,1.336666666666667,0.75,20.823333333333323,11.360000000000005,32.6,RWEGURA,RWEGURA,grid_m3.00_29.50,18.725297833333343,12.707670000000007,25.58358000000004,108.68167902104,-0.1043392398066666,0.2097128976633333,13.918035694444429,101614.91515277776,False,False,0.6181210600568109,False,0.586277759664648,1.336666666666667,False,771.5363333333333
Nyengwe,2015,6,0.985,1.58,29.47,19.586666666666662,0.0,NYANZA LAC (IRAT),NYANZA LAC (IRAT),grid_m4.25_29.50,23.823531583333363,21.184230000000017,26.104030000000023,44.1269874332,0.99180062626875,-0.0712644766525555,17.923075458333358,101411.32611805556,False,False,0.3658537084356579,False,0.6325368730394756,0.985,False,771.5363333333333
Jiji,2015,7,0.5135483870967742,,22.59677419354839,7.5266666666666655,0.0,MPOTA (Tora),MPOTA (Tora),grid_m4.00_29.75,20.10124297043012,11.97854000000001,26.55580000000004,15.04611968978,-0.7692567359308603,0.8666455063352687,12.582118091397888,101617.38600134409,False,False,0.7469623692808592,False,0.6519154371489215,0.5135483870967742,False,771.372
Mutimbuzi,2015,7,,0.53,30.26129032258065,16.62258064516129,0.0,BUJUMBURA (Aeroport),BUJUMBURA (Aeroport),grid_m3.25_29.25,23.96147388440864,15.417380000000035,30.82990000000001,0.24318694916,1.2050428671729838,1.2006981354889248,14.04035711021504,101449.26740591398,False,False,1.5476478434872514,False,0.5267908916921715,1.0829323276121858,True,771.372
Kaburantwa,2015,7,1.4832258064516124,0.27,32.33225806451614,15.774193548387096,0.0,MPARAMBO,MPARAMBO,grid_m3.00_29.25,22.52393993279572,13.764640000000044,30.029700000000048,0.6060600361999999,0.6326052955747312,0.7115899567141128,12.764226008064496,101480.69346774192,False,False,2.207813552612297,False,0.545111946744149,1.4832258064516124,False,771.372
Mpanda,2015,7,1.1616129032258058,0.31,21.916129032258063,10.848387096774196,0.0,RWEGURA,RWEGURA,grid_m3.00_29.50,18.99968822580649,10.24612000000002,26.463130000000035,18.16415760384,-0.4860247337103494,0.3653197939545699,12.01055342741938,101601.6800201613,False,False,0.6181210600568109,False,0.510364168607358,1.1616129032258058,False,771.372
Nyamagana,2015,7,0.8641935483870967,,32.33225806451614,15.774193548387096,0.0,MPARAMBO,MPARAMBO,grid_m3.00_29.25,22.52393993279572,13.764640000000044,30.029700000000048,0.6060600361999999,0.6326052955747312,0.7115899567141128,12.764226008064496,101480.69346774192,False,False,2.186850324850525,False,0.4453637812154055,0.8641935483870967,False,771.372
Nyengwe,2015,7,0.9203225806451611,0.65,30.35,17.84516129032258,0.0,NYANZA LAC (IRAT),NYANZA LAC (IRAT),grid_m4.25_29.50,23.4903139247312,20.67184000000003,26.17690000000005,31.22615815834,1.0289991057764785,0.2019306517264045,17.316414368279595,101447.24122311828,False,False,0.3658537084356579,False,0.56402965675155,0.9203225806451611,False,771.372
Rusizi,2015,7,2.34,,30.26129032258065,16.62258064516129,0.0,BUJUMBURA (Aeroport),BUJUMBURA (Aeroport),grid_m3.25_29.25,23.96147388440864,15.417380000000035,30.82990000000001,0.24318694916,1.2050428671729838,1.2006981354889248,14.04035711021504,101449.26740591398,False,False,1.5043629271954442,False,0.482831619239305,2.34,False,771.372
Mulembwe,2015,7,,0.89,22.59677419354839,7.5266666666666655,0.0,MPOTA (Tora),MPOTA (Tora),grid_m4.00_29.50,21.345989905914,15.669950000000028,25.99917000000005,57.64150628946,0.2329221548472311,0.5781237901283602,17.19149569892477,101521.69532258064,False,False,0.3376177859350189,False,0.4502548127623165,1.005945228536471,True,771.372
Nyakagunda,2015,7,,,32.33225806451614,15.774193548387096,0.0,MPARAMBO,MPARAMBO,grid_m2.75_29.00,20.6935672715054,12.727700000000029,27.4828,0.69141387974,-1.1408072663158602,0.9924776838234408,10.960383911290364,101556.51051747311,False,False,1.9960780806672505,False,0.473672786213956,0.3676238709677416,True,771.372
Jiji,2015,8,0.446774193548387,,23.280645161290323,8.126666666666667,0.0,MPOTA (Tora),MPOTA (Tora),grid_m4.00_29.75,21.44543791666672,13.835300000000018,28.97920000000005,5.2518844975,-0.8698167082831183,0.9450842736368952,11.207526854838704,101502.95860887096,False,False,0.7469623692808592,False,0.5989054130375906,0.446774193548387,False,771.12075
Mulembwe,2015,8,,0.58,23.280645161290323,8.126666666666667,0.0,MPOTA (Tora),MPOTA (Tora),grid_m4.00_29.50,22.28999360215056,16.130200000000002,26.87844000000001,22.62735361992,0.2892973502605255,0.6658871552135753,16.78466737903227,101406.69735215054,False,False,0.3376177859350189,False,0.4560071182961065,1.017130612520089,True,771.12075
Mpanda,2015,8,1.1425806451612903,0.15,23.05161290322581,11.332258064516123,0.0,RWEGURA,RWEGURA,grid_m3.00_29.50,20.155952889785,11.876300000000017,28.83566000000002,11.72399522956,-0.5361394782427016,0.4099477125604839,10.974753024193603,101482.43274193548,False,False,0.6181210600568109,False,0.4137044555193285,1.1425806451612903,False,771.12075
Mutimbuzi,2015,8,,0.27,31.1,16.909677419354836,6.4,BUJUMBURA (Aeroport),BUJUMBURA (Aeroport),grid_m3.25_29.25,24.576205712365606,15.118520000000046,32.86343000000005,0.0743865959,1.391329754639785,1.3608793844251343,13.160134233870965,101331.54159946238,False,False,1.5476478434872514,False,0.4602389706084685,1.024627428319043,True,771.12075
Nyengwe,2015,8,0.8790322580645165,0.33,31.600000000000005,17.812903225806448,0.0,NYANZA LAC (IRAT),NYANZA LAC (IRAT),grid_m4.25_29.50,24.26741752688173,21.2396,26.959040000000016,8.66222387066,0.9790313666817204,0.3196550597931451,16.74023610215056,101332.19380376344,False,False,0.3658537084356579,False,0.525070600581897,0.8790322580645165,False,771.12075
Nyamagana,2015,8,0.7870967741935487,,34.0516129032258,15.774193548387096,2.1,MPARAMBO,MPARAMBO,grid_m3.00_29.25,23.061113037634417,13.278650000000027,32.20675,0.0138282773,0.8027001453884408,0.7157784740692205,11.973425094086052,101364.5266465054,False,False,2.186850324850525,False,0.386881197003895,0.7870967741935487,False,771.12075
Kaburantwa,2015,8,1.2858064516129035,0.14,34.0516129032258,15.774193548387096,2.1,MPARAMBO,MPARAMBO,grid_m3.00_29.25,23.061113037634417,13.278650000000027,32.20675,0.0138282773,0.8027001453884408,0.7157784740692205,11.973425094086052,101364.5266465054,False,False,2.207813552612297,False,0.461140798749314,1.2858064516129035,False,771.12075
Nyakagunda,2015,8,,,34.0516129032258,15.774193548387096,2.1,MPARAMBO,MPARAMBO,grid_m2.75_29.00,21.42065143817205,14.376300000000017,29.027800000000013,0.38194656132,-1.161463687213172,1.047169183409005,10.067980672043063,101446.59385080646,False,False,1.9960780806672505,False,0.3955220316972825,0.3880792721257235,True,771.12075
Rusizi,2015,8,2.2,,31.1,16.909677419354836,6.4,BUJUMBURA (Aeroport),BUJUMBURA (Aeroport),grid_m3.25_29.25,24.576205712365606,15.118520000000046,32.86343000000005,0.0743865959,1.391329754639785,1.3608793844251343,13.160134233870965,101331.54159946238,False,False,1.5043629271954442,False,0.4472243567475554,2.2,False,771.12075
Rusizi,2015,9,2.19,,31.95,18.636666666666663,23.1,BUJUMBURA (Aeroport),BUJUMBURA (Aeroport),grid_m3.25_29.25,25.497263305555578,17.674770000000024,33.446560000000034,7.652759567759999,1.3782447166026388,0.7607832173093527,13.591614902777792,101240.15904166667,False,False,1.5043629271954442,False,0.4480627050730715,2.19,False,770.7913333333332
Jiji,2015,9,0.4253333333333334,,23.706666666666663,10.06,81.8,MPOTA (Tora),MPOTA (Tora),grid_m4.00_29.75,22.220985402777785,16.808070000000043,29.29067000000004,62.25061420084,-0.7029632352136944,0.5752960198326389,14.290665180555608,101387.12291666666,False,False,0.7469623692808592,False,0.5339733395067655,0.4253333333333334,False,770.7913333333332
Nyakagunda,2015,9,,,34.010000000000005,18.466666666666665,67.5,MPARAMBO,MPARAMBO,grid_m2.75_29.00,22.27697809722224,15.21914000000004,29.59304000000003,22.85385148022,-1.0476843737643056,0.8549631769262499,11.757329847222252,101367.6085,False,False,1.9960780806672505,False,0.424161428652675,0.3552083798237355,True,770.7913333333332
Kaburantwa,2015,9,1.1000000000000003,0.09,34.010000000000005,18.466666666666665,67.5,MPARAMBO,MPARAMBO,grid_m3.00_29.25,24.17380644444444,16.816460000000006,33.09304000000003,9.96255879066,0.7250383384218055,0.4733686657240417,12.763549597222266,101275.61581944444,False,False,2.207813552612297,False,0.492089867921774,1.1000000000000003,False,770.7913333333332
Mulembwe,2015,9,,0.9,23.706666666666663,10.06,81.8,MPOTA (Tora),MPOTA (Tora),grid_m4.00_29.50,23.066786736111112,19.39870000000002,26.79656,209.29145823058,0.2005700224155555,0.2278337253684722,18.667390875000024,101290.12759722224,False,False,0.3376177859350189,False,0.3294530614930385,1.3224952818552262,True,770.7913333333332
Nyengwe,2015,9,0.8369999999999999,0.21,31.273333333333326,19.606666666666666,23.0,NYANZA LAC (IRAT),NYANZA LAC (IRAT),grid_m4.25_29.50,25.158371819444483,22.687520000000006,27.22784000000001,85.09874347408,0.8954430701808332,-0.1405731208058888,18.38384038888887,101202.20311805556,False,False,0.3658537084356579,False,0.441870632460425,0.8369999999999999,False,770.7913333333332
Nyamagana,2015,9,0.8093333333333335,,34.010000000000005,18.466666666666665,67.5,MPARAMBO,MPARAMBO,grid_m3.00_29.25,24.17380644444444,16.816460000000006,33.09304000000003,9.96255879066,0.7250383384218055,0.4733686657240417,12.763549597222266,101275.61581944444,False,False,2.186850324850525,False,0.4119922529004984,0.8093333333333335,False,770.7913333333332
Mpanda,2015,9,1.1679999999999997,0.33,22.780000000000005,11.93,103.8,RWEGURA,RWEGURA,grid_m3.00_29.50,20.258019388888897,14.166830000000004,28.081320000000005,123.22425852336,-0.6583858692907556,-0.2193667943694833,13.31346862500004,101420.8569375,False,False,0.6181210600568109,False,0.4043266930600835,1.1679999999999997,False,770.7913333333332
Mutimbuzi,2015,9,,1.49,31.95,18.636666666666663,23.1,BUJUMBURA (Aeroport),BUJUMBURA (Aeroport),grid_m3.25_29.25,25.497263305555578,17.674770000000024,33.446560000000034,7.652759567759999,1.3782447166026388,0.7607832173093527,13.591614902777792,101240.15904166667,False,False,1.5476478434872514,False,0.4686768509378355,1.329535372835041,True,770.7913333333332
Nyakagunda,2015,10,,,32.89677419354839,18.85161290322581,97.3,MPARAMBO,MPARAMBO,grid_m2.75_29.00,21.228174932795696,15.498440000000016,28.40246000000002,62.59059895829999,-0.7568027541793011,0.5237550834102956,13.772729032258098,101375.59300403224,False,False,1.9960780806672505,False,0.529433903960264,0.401817915632754,True,770.887
Jiji,2015,10,0.4748387096774194,,22.061290322580643,11.33870967741935,256.5,MPOTA (Tora),MPOTA (Tora),grid_m4.00_29.75,20.58658877688174,16.316370000000006,27.627070000000003,268.697261515,-0.4289586466622312,0.3857788772957258,16.59754649193553,101412.50865591396,False,False,0.7469623692808592,False,0.467149993884807,0.4748387096774194,False,770.887
Nyengwe,2015,10,0.8883870967741937,0.9,29.687096774193552,20.496774193548383,107.5,NYANZA LAC (IRAT),NYANZA LAC (IRAT),grid_m4.25_29.50,24.252625564516165,21.367580000000032,27.16420000000005,365.15903630922,0.7045770882254032,0.0966402485208333,19.374717150537663,101213.41423387096,False,False,0.3658537084356579,False,0.444240117201181,0.8883870967741937,False,770.887
Nyamagana,2015,10,0.903225806451613,,32.89677419354839,18.85161290322581,97.3,MPARAMBO,MPARAMBO,grid_m3.00_29.25,23.339030228494664,17.44580000000002,31.543200000000013,37.94813159942,0.515780254025242,0.2148607507141129,15.006634206989249,101285.55333333334,False,False,2.186850324850525,False,0.437714111879465,0.903225806451613,False,770.887
Kaburantwa,2015,10,1.2309677419354836,0.24,32.89677419354839,18.85161290322581,97.3,MPARAMBO,MPARAMBO,grid_m3.00_29.25,23.339030228494664,17.44580000000002,31.543200000000013,37.94813159942,0.515780254025242,0.2148607507141129,15.006634206989249,101285.55333333334,False,False,2.207813552612297,False,0.585071925250756,1.2309677419354836,False,770.887
Rusizi,2015,10,2.26,,30.39677419354839,18.63870967741936,118.9,BUJUMBURA (Aeroport),BUJUMBURA (Aeroport),grid_m3.25_29.25,24.740064086021505,18.61825000000005,32.174620000000004,35.70127481358,1.006076322206277,0.2385752084670699,15.283061895161325,101247.79545698925,False,False,1.5043629271954442,False,0.553614459763196,2.26,False,770.887
Mutimbuzi,2015,10,,9.36,30.39677419354839,18.63870967741936,118.9,BUJUMBURA (Aeroport),BUJUMBURA (Aeroport),grid_m3.25_29.25,24.740064086021505,18.61825000000005,32.174620000000004,35.70127481358,1.006076322206277,0.2385752084670699,15.283061895161325,101247.79545698925,False,False,1.5476478434872514,False,0.555700916931848,1.1277390224223254,True,770.887
Mpanda,2015,10,1.3706451612903223,1.73,21.68387096774193,11.758064516129032,165.4,RWEGURA,RWEGURA,grid_m3.00_29.50,19.252736236559144,14.48684000000003,28.238400000000013,456.73084321936,-0.520454940711344,-0.4365563137596774,15.25130013440861,101445.5745295699,False,False,0.6181210600568109,False,0.499117447601303,1.3706451612903223,False,770.887
Mulembwe,2015,10,,5.96,22.061290322580643,11.33870967741935,256.5,MPOTA (Tora),MPOTA (Tora),grid_m4.00_29.50,22.29333125000005,19.031200000000013,27.41573,591.8035510656799,0.1257577301107527,0.4875290763782258,19.095543387096768,101296.32217069891,False,False,0.3376177859350189,False,0.346775416333779,1.9756861445734464,True,770.887
Mutimbuzi,2015,11,,19.81,29.163333333333338,17.653333333333332,97.5,BUJUMBURA (Aeroport),BUJUMBURA (Aeroport),grid_m3.25_29.25,24.034061125,15.99210000000005,33.04046,38.67578506182,0.3953982682254166,0.1267583838818055,16.678354472222225,101246.3844236111,False,False,1.5476478434872514,False,0.658600984901828,1.1991015889412076,True,771.1
Jiji,2015,11,0.706,,21.31333333333333,11.46,236.8,MPOTA (Tora),MPOTA (Tora),grid_m4.00_29.75,19.55630470833336,14.365139999999997,25.16128000000004,269.37460936928,-0.2228810828439722,0.3441846000453709,16.909254541666655,101421.66497916666,False,False,0.7469623692808592,False,0.4992688538330635,0.706,False,771.1
Kaburantwa,2015,11,1.4476666666666669,0.08,31.056666666666665,18.826666666666664,130.2,MPARAMBO,MPARAMBO,grid_m3.00_29.25,22.52219572222225,15.089750000000038,31.75920000000002,46.96369195536,0.3292036056788889,0.1247048901419444,16.185600236111156,101280.01428472222,False,False,2.207813552612297,False,0.6585550536255276,1.4476666666666669,False,771.1
Nyengwe,2015,11,0.984,9.13,28.250000000000004,20.23333333333333,184.7,NYANZA LAC (IRAT),NYANZA LAC (IRAT),grid_m4.25_29.50,23.242535180555592,20.35537000000005,25.95275000000004,464.30683162576,0.2545047121236111,0.4958868028615278,19.45505281944446,101223.45421527776,False,False,0.3658537084356579,False,0.4334745490076664,0.984,False,771.1
Nyamagana,2015,11,1.1,,31.056666666666665,18.826666666666664,130.2,MPARAMBO,MPARAMBO,grid_m3.00_29.25,22.52219572222225,15.089750000000038,31.75920000000002,46.96369195536,0.3292036056788889,0.1247048901419444,16.185600236111156,101280.01428472222,False,False,2.186850324850525,False,0.588572082588117,1.1,False,771.1
Mpanda,2015,11,1.4236666666666664,5.73,20.493333333333336,11.313333333333334,303.90000000000003,RWEGURA,RWEGURA,grid_m3.00_29.50,18.76833301388893,12.156150000000023,26.778740000000028,407.86814632076,-0.3389333300079167,-0.3256287683243055,15.584878625000044,101434.46861805556,False,False,0.6181210600568109,False,0.5910768842536545,1.4236666666666664,False,771.1
Nyakagunda,2015,11,,,31.056666666666665,18.826666666666664,130.2,MPARAMBO,MPARAMBO,grid_m2.75_29.00,20.56622231944448,14.28230000000002,27.92132000000004,72.32403740388001,-0.4947601519934722,0.2600659465988889,14.501233249999984,101365.05715972224,False,False,1.9960780806672505,False,0.614125594560764,0.57156405940463,True,771.1
Mulembwe,2015,11,,20.4,21.31333333333333,11.46,236.8,MPOTA (Tora),MPOTA (Tora),grid_m4.00_29.50,21.53218097222225,17.599500000000035,26.11680000000001,654.8788546652,-0.0583208097054166,0.6110235215386722,18.83890168055558,101298.99535416666,False,False,0.3376177859350189,False,0.3403314563435005,1.9226945822092103,True,771.1
Rusizi,2015,11,2.42,,29.163333333333338,17.653333333333332,97.5,BUJUMBURA (Aeroport),BUJUMBURA (Aeroport),grid_m3.25_29.25,24.034061125,15.99210000000005,33.04046,38.67578506182,0.3953982682254166,0.1267583838818055,16.678354472222225,101246.3844236111,False,False,1.5043629271954442,False,0.630962585991057,2.42,False,771.1
Jiji,2015,12,0.9006451612903225,,21.7258064516129,11.84516129032258,265.8,MPOTA (Tora),MPOTA (Tora),grid_m4.00_29.75,19.816792849462388,15.42977000000002,26.04855000000003,290.6441689889,-0.0904655662806451,0.369939208865699,17.292644422043054,101549.081875,False,False,0.7469623692808592,False,0.6620185526815869,0.9006451612903225,False,771.1183333333333
Nyengwe,2015,12,1.0777419354838709,11.88,28.54137931034483,20.43,166.29999999999998,NYANZA LAC (IRAT),NYANZA LAC (IRAT),grid_m4.25_29.50,23.525684973118302,21.074670000000022,26.17500000000001,319.64254332828,0.2727159278462365,0.6379478607885618,19.614500564516163,101345.94532930107,False,False,0.3658537084356579,False,0.5910395568750111,1.0777419354838709,False,771.1183333333333
Nyakagunda,2015,12,,,31.44193548387097,19.483870967741936,115.60000000000002,MPARAMBO,MPARAMBO,grid_m2.75_29.00,21.05299985215061,14.95263,27.44833,53.03812026778,-0.3221760215282258,0.1008647392655242,14.603516478494669,101482.84870967742,False,False,1.9960780806672505,False,0.6843790918750701,0.5612038434239114,True,771.1183333333333
Mulembwe,2015,12,,16.69,21.7258064516129,11.84516129032258,265.8,MPOTA (Tora),MPOTA (Tora),grid_m4.00_29.50,21.87017533602153,18.53585000000004,26.09103000000005,547.5430487616,-0.0027626406490994,0.7006841271899193,19.16741063172049,101424.2472110215,False,False,0.3376177859350189,False,0.5463543015611321,2.068376575215153,True,771.1183333333333
Rusizi,2015,12,2.58,,29.793548387096777,20.096774193548388,118.6,BUJUMBURA (Aeroport),BUJUMBURA (Aeroport),grid_m3.25_29.25,24.21929669354841,18.41775000000001,31.497160000000008,108.90293109134,0.2852012259380779,0.0963245099231182,17.348217043010777,101371.86782930107,False,False,1.5043629271954442,False,0.65261026480901,2.58,False,771.1183333333333
Mutimbuzi,2015,12,,13.38,29.793548387096777,20.096774193548388,118.6,BUJUMBURA (Aeroport),BUJUMBURA (Aeroport),grid_m3.25_29.25,24.21929669354841,18.41775000000001,31.497160000000008,108.90293109134,0.2852012259380779,0.0963245099231182,17.348217043010777,101371.86782930107,False,False,1.5476478434872514,False,0.6934403294189064,1.6151689727840832,True,771.1183333333333
Kaburantwa,2015,12,1.4867741935483874,0.07,31.44193548387097,19.483870967741936,115.60000000000002,MPARAMBO,MPARAMBO,grid_m3.00_29.25,22.8472496102151,16.810270000000003,30.25497000000001,67.74091695026,0.4361457618379435,0.1684405006081989,16.34179536290327,101398.94747311829,False,False,2.207813552612297,False,0.7406617635872325,1.4867741935483874,False,771.1183333333333
Nyamagana,2015,12,,,31.44193548387097,19.483870967741936,115.60000000000002,MPARAMBO,MPARAMBO,grid_m3.00_29.25,22.8472496102151,16.810270000000003,30.25497000000001,67.74091695026,0.4361457618379435,0.1684405006081989,16.34179536290327,101398.94747311829,False,False,2.186850324850525,False,0.6632511007503186,1.040612754000623,True,771.1183333333333
Mpanda,2015,12,1.574838709677419,6.17,21.225806451612904,11.835483870967735,147.5,RWEGURA,RWEGURA,grid_m3.00_29.50,19.18680981182797,13.798000000000002,27.65225000000004,263.89551170272,-0.2468822639383064,-0.3983844634401882,15.563462473118308,101551.00811827958,False,False,0.6181210600568109,False,0.649137967655388,1.574838709677419,False,771.1183333333333
Kaburantwa,2016,1,1.5941935483870966,0.04,31.351612903225806,19.9741935483871,144.5,MPARAMBO,MPARAMBO,grid_m3.00_29.25,23.29235340053765,16.24404000000004,30.81057000000004,45.365333454,0.3025839816660215,0.1105353451400537,17.102688024193583,101342.5158938172,False,False,2.207813552612297,False,0.7212943123769925,1.5941935483870966,False,771.343
Jiji,2016,1,1.1461290322580644,,21.71935483870968,12.741935483870968,268.7,MPOTA (Tora),MPOTA (Tora),grid_m4.00_29.75,20.30405358870968,15.88793000000004,26.13644000000005,417.57106925222,0.0468821169390725,0.3147786672743279,17.872498131720477,101491.28269489248,False,False,0.7469623692808592,False,0.7250361448361385,1.1461290322580644,False,771.343
Nyamagana,2016,1,1.1022580645161288,,31.351612903225806,19.9741935483871,144.5,MPARAMBO,MPARAMBO,grid_m3.00_29.25,23.29235340053765,16.24404000000004,30.81057000000004,45.365333454,0.3025839816660215,0.1105353451400537,17.102688024193583,101342.5158938172,False,False,2.186850324850525,False,0.6883326490766986,1.1022580645161288,False,771.343
Mutimbuzi,2016,1,,9.27,30.04838709677419,21.861290322580647,113.7,BUJUMBURA (Aeroport),BUJUMBURA (Aeroport),grid_m3.25_29.25,24.30710118279569,17.322600000000023,31.58907000000005,56.22816091588,0.0029066145471774,-0.0240005784752688,18.11537327956989,101316.19297715054,False,False,1.5476478434872514,False,0.702230094493127,1.8781246898038475,True,771.343
Rusizi,2016,1,2.7,,30.04838709677419,21.861290322580647,113.7,BUJUMBURA (Aeroport),BUJUMBURA (Aeroport),grid_m3.25_29.25,24.30710118279569,17.322600000000023,31.58907000000005,56.22816091588,0.0029066145471774,-0.0240005784752688,18.11537327956989,101316.19297715054,False,False,1.5043629271954442,False,0.6571844639464515,2.7,False,771.343
Nyengwe,2016,1,1.177741935483871,12.02,28.95483870967741,21.15483870967742,224.7,NYANZA LAC (IRAT),NYANZA LAC (IRAT),grid_m4.25_29.50,23.85038754032263,21.55364000000003,26.79916000000003,312.95156498774,0.3156599441990591,0.323076823666129,20.149584086021548,101286.66911962366,False,False,0.3658537084356579,False,0.6465791196483005,1.177741935483871,False,771.343
Mpanda,2016,1,1.451290322580645,2.67,21.5483870967742,12.245161290322583,301.5,RWEGURA,RWEGURA,grid_m3.00_29.50,19.56696936827956,13.807460000000049,27.39813000000004,293.93911242678,0.133114947650672,-0.3487482988778225,16.103565483871023,101499.65063844089,False,False,0.6181210600568109,False,0.754357753049631,1.451290322580645,False,771.343
Mulembwe,2016,1,,19.17,21.71935483870968,12.741935483870968,268.7,MPOTA (Tora),MPOTA (Tora),grid_m4.00_29.50,22.232814287634422,18.68673000000001,26.462060000000008,502.71606383061993,0.0620437746756182,0.4645221868900537,19.571865967741985,101366.17953629032,False,False,0.3376177859350189,False,0.4136837384627165,2.0804650997048673,True,771.343
Nyakagunda,2016,1,,,31.351612903225806,19.9741935483871,144.5,MPARAMBO,MPARAMBO,grid_m2.75_29.00,21.38086091397849,14.928600000000015,29.39065000000005,72.15404486696,-0.2046759205834677,-0.0664797340130376,15.639522163978484,101428.73262768818,False,False,1.9960780806672505,False,0.7197693834395384,0.5845634101382502,True,771.343
Nyamagana,2016,2,1.0862068965517246,,31.334482758620684,19.77241379310345,78.30000000000001,MPARAMBO,MPARAMBO,grid_m3.00_29.25,23.35865971264372,16.40933000000001,31.320280000000025,17.77124402956,0.4708555816543103,0.2361296953054597,15.708143778735632,101261.13119971265,False,False,2.186850324850525,False,0.6319133913193491,1.0862068965517246,False,771.597
Mpanda,2016,2,1.4706896551724136,9.27,21.75172413793103,12.279310344827588,198.50000000000003,RWEGURA,RWEGURA,grid_m3.00_29.50,19.54660574712648,13.348780000000032,27.56234000000001,317.98887140132,0.0053243086920977,-0.3291835342721264,15.631270201149448,101422.17645833331,False,False,0.6181210600568109,False,0.7298963977643216,1.4706896551724136,False,771.597
Mulembwe,2016,2,,23.58,22.23793103448276,12.241379310344827,198.5,MPOTA (Tora),MPOTA (Tora),grid_m4.00_29.50,22.297618577586263,19.07925,26.593230000000005,668.5805307129799,0.0193259145418103,0.5720728063854885,19.609291896551724,101300.97279454024,False,False,0.3376177859350189,False,0.3178637983963694,1.802405706326487,True,771.597
Nyakagunda,2016,2,,,31.334482758620684,19.77241379310345,78.30000000000001,MPARAMBO,MPARAMBO,grid_m2.75_29.00,21.477427227011503,14.178860000000045,29.46078,41.5143965516,-0.5492551517949712,0.1937600713054396,14.309009942528746,101346.40023706896,False,False,1.9960780806672505,False,0.621027791996056,0.5390137549658351,True,771.597
Kaburantwa,2016,2,1.7720689655172412,0.24,31.334482758620684,19.77241379310345,78.30000000000001,MPARAMBO,MPARAMBO,grid_m3.00_29.25,23.35865971264372,16.40933000000001,31.320280000000025,17.77124402956,0.4708555816543103,0.2361296953054597,15.708143778735632,101261.13119971265,False,False,2.207813552612297,False,0.662678138543933,1.7720689655172412,False,771.597
Jiji,2016,2,1.1586206896551727,,22.23793103448276,12.241379310344827,198.5,MPOTA (Tora),MPOTA (Tora),grid_m4.00_29.75,20.455047600574744,16.241360000000043,26.24330000000004,345.02935408218,-0.1324986862803635,0.368575984164339,17.664919152298864,101422.6739439655,False,False,0.7469623692808592,False,0.533815217438782,1.1586206896551727,False,771.597
Nyengwe,2016,2,1.19,15.83,29.32068965517241,20.97241379310345,111.3,NYANZA LAC (IRAT),NYANZA LAC (IRAT),grid_m4.25_29.50,24.13076110632187,21.30724000000004,27.116270000000043,443.9349169431,0.3334745642672413,0.3103302044989942,20.374061077586248,101219.23931752871,False,False,0.3658537084356579,False,0.359284553121601,1.19,False,771.597
Rusizi,2016,2,2.69,,29.87586206896552,21.54583333333333,97.0,BUJUMBURA (Aeroport),BUJUMBURA (Aeroport),grid_m3.25_29.25,24.65601149425288,17.94747000000001,32.3768,15.1724816185,0.5696539600307472,0.0526397757790229,16.726577456896564,101228.54355603448,False,False,1.5043629271954442,False,0.652697528540899,2.69,False,771.597
Mutimbuzi,2016,2,,22.14,29.87586206896552,21.54583333333333,97.0,BUJUMBURA (Aeroport),BUJUMBURA (Aeroport),grid_m3.25_29.25,24.65601149425288,17.94747000000001,32.3768,15.1724816185,0.5696539600307472,0.0526397757790229,16.726577456896564,101228.54355603448,False,False,1.5476478434872514,False,0.6639499174710699,1.7354281377769816,True,771.597
Nyamagana,2016,3,1.1000000000000003,,32.619354838709675,19.522580645161288,60.70000000000001,MPARAMBO,MPARAMBO,grid_m3.00_29.25,24.51224755376348,17.16458,32.51260000000002,11.23142240936,0.405506288739543,0.4371084595751344,15.957687970430127,101203.76292338708,False,False,2.186850324850525,False,0.6433235074830705,1.1000000000000003,False,771.5450000000001
Mpanda,2016,3,1.425483870967742,8.09,22.422580645161293,12.493548387096771,215.80000000000004,RWEGURA,RWEGURA,grid_m3.00_29.50,20.20411041666665,14.242150000000038,28.591520000000003,220.56674962152,-0.4076185005907258,-0.2466611758240188,16.069779986559183,101386.05206317204,False,False,0.6181210600568109,False,0.6374045421518391,1.425483870967742,False,771.5450000000001
Kaburantwa,2016,3,1.844516129032258,0.13,32.619354838709675,19.522580645161288,60.70000000000001,MPARAMBO,MPARAMBO,grid_m3.00_29.25,24.51224755376348,17.16458,32.51260000000002,11.23142240936,0.405506288739543,0.4371084595751344,15.957687970430127,101203.76292338708,False,False,2.207813552612297,False,0.6952040237090691,1.844516129032258,False,771.5450000000001
Rusizi,2016,3,2.58,,32.090322580645164,21.325806451612905,31.4,BUJUMBURA (Aeroport),BUJUMBURA (Aeroport),grid_m3.25_29.25,25.83605419354842,17.748000000000047,33.334,12.70866395342,0.7651766202923388,0.5187682485394086,16.809573427419366,101168.65118951612,False,False,1.5043629271954442,False,0.623990699505131,2.58,False,771.5450000000001
Nyengwe,2016,3,1.1483870967741936,15.44,29.993548387096773,20.79032258064516,185.1,NYANZA LAC (IRAT),NYANZA LAC (IRAT),grid_m4.25_29.50,24.754358803763463,21.15243000000004,27.57424000000003,366.89805971354,0.2556367609262097,0.4991228056462365,20.827576545698943,101176.79600806451,False,False,0.3658537084356579,False,0.6305547298716815,1.1483870967741936,False,771.5450000000001
Mulembwe,2016,3,,19.39,23.267741935483865,11.76451612903226,162.1,MPOTA (Tora),MPOTA (Tora),grid_m4.00_29.50,22.9025622311828,19.06650000000002,27.587030000000027,527.1925917107601,-0.089280126591801,0.7602587667125,20.007172741935506,101263.49628360214,False,False,0.3376177859350189,False,0.45721334786307,1.6788929121033722,True,771.5450000000001
Jiji,2016,3,0.9641935483870966,,23.267741935483865,11.76451612903226,162.1,MPOTA (Tora),MPOTA (Tora),grid_m4.00_29.75,20.978283172043064,15.06230000000005,26.702260000000024,202.59046520142,-0.3072924545145161,0.4174183882376196,18.05366143817207,101393.79532930108,False,False,0.7469623692808592,False,0.670399607535664,0.9641935483870966,False,771.5450000000001
Mutimbuzi,2016,3,,17.28,32.090322580645164,21.325806451612905,31.4,BUJUMBURA (Aeroport),BUJUMBURA (Aeroport),grid_m3.25_29.25,25.83605419354842,17.748000000000047,33.334,12.70866395342,0.7651766202923388,0.5187682485394086,16.809573427419366,101168.65118951612,False,False,1.5476478434872514,False,0.6515822834385265,2.188050989975366,True,771.5450000000001
Nyakagunda,2016,3,,,32.619354838709675,19.522580645161288,60.70000000000001,MPARAMBO,MPARAMBO,grid_m2.75_29.00,22.49629979838716,15.081700000000012,30.66613000000001,25.01010893494,-0.7360243942587366,0.3836154109203253,14.50009525537638,101304.75503360217,False,False,1.9960780806672505,False,0.5902439619708424,0.5010412942952492,True,771.5450000000001
Mutimbuzi,2016,4,,13.16,30.393333333333324,21.666666666666664,78.80000000000001,BUJUMBURA (Aeroport),BUJUMBURA (Aeroport),grid_m3.25_29.25,24.08559548611112,18.67764,31.009500000000003,589.4932773079,0.4199340822416667,0.4491854765773611,18.377669180555586,101291.71494444444,False,False,1.5476478434872514,False,0.7036810930727685,2.0001772030817495,True,771.509
Nyamagana,2016,4,1.1383333333333332,,31.14333333333333,20.216666666666665,131.6,MPARAMBO,MPARAMBO,grid_m3.00_29.25,22.75729384722223,17.264030000000048,29.828700000000023,299.9811184437,0.0342325837079305,0.3264369962966666,17.624726638888887,101327.96183333332,False,False,2.186850324850525,False,0.7019228681512995,1.1383333333333332,False,771.509
Kaburantwa,2016,4,1.9566666666666668,0.07,31.14333333333333,20.216666666666665,131.6,MPARAMBO,MPARAMBO,grid_m3.00_29.25,22.75729384722223,17.264030000000048,29.828700000000023,299.9811184437,0.0342325837079305,0.3264369962966666,17.624726638888887,101327.96183333332,False,False,2.207813552612297,False,0.767694501052557,1.9566666666666668,False,771.509
Jiji,2016,4,0.8803333333333334,,21.69,12.85,213.8,MPOTA (Tora),MPOTA (Tora),grid_m4.00_29.75,19.94473423611112,15.824580000000026,25.283380000000022,326.2124057749,-0.6083034945872222,0.3605488668423611,17.82182948611114,101493.9630486111,False,False,0.7469623692808592,False,0.676811732652508,0.8803333333333334,False,771.509
Nyakagunda,2016,4,,,31.14333333333333,20.216666666666665,131.6,MPARAMBO,MPARAMBO,grid_m2.75_29.00,20.676371972222285,15.61184000000003,27.57943,184.6628190527,-0.8104532869990279,0.5600388834127779,15.960807763888909,101406.33211805556,False,False,1.9960780806672505,False,0.6970658164135806,0.5936278833624676,True,771.509
Rusizi,2016,4,2.82,,30.393333333333324,21.666666666666664,78.80000000000001,BUJUMBURA (Aeroport),BUJUMBURA (Aeroport),grid_m3.25_29.25,24.08559548611112,18.67764,31.009500000000003,589.4932773079,0.4199340822416667,0.4491854765773611,18.377669180555586,101291.71494444444,False,False,1.5043629271954442,False,0.629379143324707,2.82,False,771.509
Mpanda,2016,4,1.4673333333333332,6.87,20.88666666666667,12.546666666666663,219.0,RWEGURA,RWEGURA,grid_m3.00_29.50,19.22879712500003,14.7543,25.73690000000005,503.92770629438,-0.4729844832001388,-0.0304708261893055,16.886174083333344,101490.67865972222,False,False,0.6181210600568109,False,0.6264975482067996,1.4673333333333332,False,771.509
Nyengwe,2016,4,1.2239999999999998,12.97,28.90666666666668,21.086666666666662,122.0,NYANZA LAC (IRAT),NYANZA LAC (IRAT),grid_m4.25_29.50,23.35055008333336,21.025630000000035,26.29812000000004,617.0811647779,0.2342909065045833,0.4608947337347222,20.296118347222205,101279.55059027778,False,False,0.3658537084356579,False,0.5624084991108645,1.2239999999999998,False,771.509
Mulembwe,2016,4,,12.5,21.69,12.85,213.8,MPOTA (Tora),MPOTA (Tora),grid_m4.00_29.50,22.007819722222223,19.36053000000004,25.75604000000004,610.5694764769601,-0.0560072160333333,0.5968593603484723,19.522003347222267,101354.1380486111,False,False,0.3376177859350189,False,0.4412024452238335,1.9060254874215905,True,771.509
Mulembwe,2016,5,,8.58,20.916129032258063,11.019354838709676,40.7,MPOTA (Tora),MPOTA (Tora),grid_m4.00_29.50,21.736043172043026,18.218650000000025,25.745600000000024,235.5961800843,0.1273773775681451,0.7689201633853494,19.15364950268821,101530.85815860216,False,False,0.3376177859350189,False,0.5144868160121165,1.292150749555149,True,771.6700000000001
Nyengwe,2016,5,1.184838709677419,6.78,28.967741935483872,19.806451612903224,42.7,NYANZA LAC (IRAT),NYANZA LAC (IRAT),grid_m4.25_29.50,23.43506971774196,21.237270000000024,25.56698,188.98868506364,0.8505573485658602,0.5509183338688172,19.729550389785004,101454.9539516129,False,False,0.3658537084356579,False,0.7436755161383,1.184838709677419,False,771.6700000000001
Jiji,2016,5,0.7583870967741935,,20.916129032258063,11.019354838709676,40.7,MPOTA (Tora),MPOTA (Tora),grid_m4.00_29.75,20.055303091397832,14.644860000000053,25.80526000000004,73.25840013608,-0.8083663857503495,0.7052125853983333,15.782324180107535,101638.60934811828,False,False,0.7469623692808592,False,0.7396310564432285,0.7583870967741935,False,771.6700000000001
Nyakagunda,2016,5,,,30.55483870967742,20.280645161290323,164.0,MPARAMBO,MPARAMBO,grid_m2.75_29.00,20.734979919354885,15.554900000000032,27.035000000000025,30.66587426206,-1.0740688296129033,0.7707079013870968,15.118899852150548,101566.0708266129,False,False,1.9960780806672505,False,0.695396855864565,0.5701842933947783,True,771.6700000000001
Nyamagana,2016,5,1.1961290322580649,,30.55483870967742,20.280645161290323,164.0,MPARAMBO,MPARAMBO,grid_m3.00_29.25,22.67500772849462,16.96917000000002,29.639250000000004,12.759208570759998,0.5170100630350806,0.6568386136321236,16.682402715053797,101487.57372983872,False,False,2.186850324850525,False,0.655492375318084,1.1961290322580649,False,771.6700000000001
Mutimbuzi,2016,5,,11.78,30.30967741935485,21.18064516129032,27.5,BUJUMBURA (Aeroport),BUJUMBURA (Aeroport),grid_m3.25_29.25,24.167174301075303,17.75594000000001,30.604100000000017,32.11212171808,1.0730823400587366,1.1002793709008063,17.60807111559143,101450.9740591398,False,False,1.5476478434872514,False,0.6430567805363361,1.8643944070061131,True,771.6700000000001
Mpanda,2016,5,1.4325806451612904,6.29,21.03870967741935,11.98709677419355,51.8,RWEGURA,RWEGURA,grid_m3.00_29.50,19.57148715053768,13.99350000000004,26.66348000000005,100.63219149414,-0.5763107219284946,0.2706764005787769,14.789052930107571,101614.99693548388,False,False,0.6181210600568109,False,0.6784112147182105,1.4325806451612904,False,771.6700000000001
Kaburantwa,2016,5,2.044516129032258,0.06,30.55483870967742,20.280645161290323,164.0,MPARAMBO,MPARAMBO,grid_m3.00_29.25,22.67500772849462,16.96917000000002,29.639250000000004,12.759208570759998,0.5170100630350806,0.6568386136321236,16.682402715053797,101487.57372983872,False,False,2.207813552612297,False,0.7203005489439045,2.044516129032258,False,771.6700000000001
Rusizi,2016,5,3.02,,30.30967741935485,21.18064516129032,27.5,BUJUMBURA (Aeroport),BUJUMBURA (Aeroport),grid_m3.25_29.25,24.167174301075303,17.75594000000001,30.604100000000017,32.11212171808,1.0730823400587366,1.1002793709008063,17.60807111559143,101450.9740591398,False,False,1.5043629271954442,False,0.635772781831245,3.02,False,771.6700000000001
Rusizi,2016,6,2.66,,29.97000000000001,19.18846153846154,0.0,BUJUMBURA (Aeroport),BUJUMBURA (Aeroport),grid_m3.25_29.25,23.42862426388888,15.977000000000032,30.300900000000013,2.83908842512,1.0837532253170834,1.1984286675319444,15.63073625000004,101569.8212986111,False,False,1.5043629271954442,False,0.571491885752814,2.66,False,771.7
Mpanda,2016,6,1.3550000000000004,1.06,20.73,10.45,0.0,RWEGURA,RWEGURA,grid_m3.00_29.50,18.84741788888892,11.7466,25.814570000000003,53.9212230894,-0.5619349800748611,0.4593471800756944,12.931064500000048,101715.13031944443,False,False,0.6181210600568109,False,0.6227177848160215,1.3550000000000004,False,771.7
Mutimbuzi,2016,6,,1.46,29.97000000000001,19.18846153846154,0.0,BUJUMBURA (Aeroport),BUJUMBURA (Aeroport),grid_m3.25_29.25,23.42862426388888,15.977000000000032,30.300900000000013,2.83908842512,1.0837532253170834,1.1984286675319444,15.63073625000004,101569.8212986111,False,False,1.5476478434872514,False,0.593310163917318,1.5102212266527886,True,771.7
Nyakagunda,2016,6,,,30.64333333333333,17.220000000000006,36.9,MPARAMBO,MPARAMBO,grid_m2.75_29.00,20.302734722222283,14.710570000000018,26.97302000000002,1.6613006578,-1.2033927702081944,0.9813428942702778,12.67109562500002,101671.14855555554,False,False,1.9960780806672505,False,0.595233260346167,0.5175903498596325,True,771.7
Nyamagana,2016,6,0.9486666666666662,,30.64333333333333,17.220000000000006,36.9,MPARAMBO,MPARAMBO,grid_m3.00_29.25,22.300656902777803,15.547200000000032,29.502300000000048,3.28063964536,0.4743171908358431,0.8003912869650693,14.336766416666704,101600.37719444445,False,False,2.186850324850525,False,0.5592989220351641,0.9486666666666662,False,771.7
Mulembwe,2016,6,,2.31,21.030000000000005,8.389285714285716,3.6,MPOTA (Tora),MPOTA (Tora),grid_m4.00_29.50,21.2439076666667,15.550870000000032,24.46250000000004,103.9943696119,0.19609182153625,0.6765224727501389,17.867634347222236,101634.70602083331,False,False,0.3376177859350189,False,0.3671051650732735,1.05093447949286,True,771.7
Nyengwe,2016,6,1.1529999999999996,1.65,29.83333333333333,18.306666666666665,0.0,NYANZA LAC (IRAT),NYANZA LAC (IRAT),grid_m4.25_29.50,23.21956666666665,20.63680000000005,24.95570000000004,54.3079376626,0.9863953706306944,0.4005879568473611,18.078170347222283,101559.7061875,False,False,0.3658537084356579,False,0.6563723916102839,1.1529999999999996,False,771.7
Kaburantwa,2016,6,1.9543333333333333,0.02,30.64333333333333,17.220000000000006,36.9,MPARAMBO,MPARAMBO,grid_m3.00_29.25,22.300656902777803,15.547200000000032,29.502300000000048,3.28063964536,0.4743171908358431,0.8003912869650693,14.336766416666704,101600.37719444445,False,False,2.207813552612297,False,0.6596423644279921,1.9543333333333333,False,771.7
Jiji,2016,6,0.5713333333333335,,21.030000000000005,8.389285714285716,3.6,MPOTA (Tora),MPOTA (Tora),grid_m4.00_29.75,19.574243500000023,12.93383,25.28800000000001,29.2639731946,-0.83694176144875,0.8763339420052083,13.8752896111111,101735.80341666666,False,False,0.7469623692808592,False,0.7444788392490536,0.5713333333333335,False,771.7
Nyengwe,2016,7,1.091290322580645,0.73,29.8032258064516,17.26774193548387,0.0,NYANZA LAC (IRAT),NYANZA LAC (IRAT),grid_m4.25_29.50,23.153226908602164,20.43194,25.86685,16.017913806979998,0.8330027665771506,0.5602244094818548,16.580249529569926,101440.51654569892,False,False,0.3658537084356579,False,0.5282340623765205,1.091290322580645,False,771.5925
Mpanda,2016,7,1.2939999999999998,0.4,21.806451612903224,10.461290322580648,0.0,RWEGURA,RWEGURA,grid_m3.00_29.50,19.259414986559136,11.459280000000035,25.95898,20.78342437738,-0.073256420659961,0.7889736752896506,12.158894099462373,101582.51084005376,False,False,0.6181210600568109,False,0.466320918490917,1.2939999999999998,False,771.5925
Mulembwe,2016,7,,1.1,21.9741935483871,7.46,0.0,MPOTA (Tora),MPOTA (Tora),grid_m4.00_29.50,21.08135219086023,15.831020000000024,25.28002000000004,41.326046003120005,0.1958193623465053,0.7912391948708334,16.696874569892486,101511.75025537636,False,False,0.3376177859350189,False,0.3088251284489,0.9837700517704152,True,771.5925
Rusizi,2016,7,2.44,,29.85806451612904,18.59677419354839,0.0,BUJUMBURA (Aeroport),BUJUMBURA (Aeroport),grid_m3.25_29.25,23.88671954301077,17.382380000000012,31.119470000000035,0.3309249878399999,0.68761965061,1.4509478536317204,14.815088965053803,101437.21645833334,False,False,1.5043629271954442,False,0.449782014408516,2.44,False,771.5925
Jiji,2016,7,0.4922580645161293,,21.9741935483871,7.46,0.0,MPOTA (Tora),MPOTA (Tora),grid_m4.00_29.75,19.634698333333347,12.594700000000046,26.250400000000013,8.9831352498,-0.3335037645857124,1.1019028888407258,12.586891088709706,101605.55952284946,False,False,0.7469623692808592,False,0.6432160244258265,0.4922580645161293,False,771.5925
Nyakagunda,2016,7,,,31.83225806451613,15.783870967741937,0.0,MPARAMBO,MPARAMBO,grid_m2.75_29.00,20.469238897849493,14.341700000000005,27.693750000000023,2.02274321864,-0.9808570689112904,0.8414310946297043,11.46444227150539,101539.56172043012,False,False,1.9960780806672505,False,0.4316936965629675,0.3616836021505377,True,771.5925
Mutimbuzi,2016,7,,0.65,29.85806451612904,18.59677419354839,0.0,BUJUMBURA (Aeroport),BUJUMBURA (Aeroport),grid_m3.25_29.25,23.88671954301077,17.382380000000012,31.119470000000035,0.3309249878399999,0.68761965061,1.4509478536317204,14.815088965053803,101437.21645833334,False,False,1.5476478434872514,False,0.4803378192616445,1.0742997390748084,True,771.5925
Kaburantwa,2016,7,1.6377419354838716,0.02,31.83225806451613,15.783870967741937,0.0,MPARAMBO,MPARAMBO,grid_m3.00_29.25,22.65069567204301,15.289360000000045,30.491660000000024,0.11348724378,0.4135744232905107,0.8641650505196237,13.317196680107545,101466.33928763442,False,False,2.207813552612297,False,0.5193218971678251,1.6377419354838716,False,771.5925
Nyamagana,2016,7,0.8016129032258064,,31.83225806451613,15.783870967741937,0.0,MPARAMBO,MPARAMBO,grid_m3.00_29.25,22.65069567204301,15.289360000000045,30.491660000000024,0.11348724378,0.4135744232905107,0.8641650505196237,13.317196680107545,101466.33928763442,False,False,2.186850324850525,False,0.4223104445275085,0.8016129032258064,False,771.5925
Nyengwe,2016,8,1.0403225806451617,0.66,30.896774193548385,17.483870967741936,0.0,NYANZA LAC (IRAT),NYANZA LAC (IRAT),grid_m4.25_29.50,23.94260897849466,21.57943,26.668180000000007,19.84691632684,0.820607237751344,0.3163830748077957,16.197643118279586,101374.84698252688,False,False,0.3658537084356579,False,0.489882536525533,1.0403225806451617,False,771.29175
Nyakagunda,2016,8,,,33.374193548387105,15.177419354838708,5.4,MPARAMBO,MPARAMBO,grid_m2.75_29.00,21.07915969086025,13.802819999999995,28.740660000000048,3.67689131138,-1.2360963937889784,1.1040043573017473,10.092935403225797,101487.7733938172,False,False,1.9960780806672505,False,0.3636932614836295,0.399287092638544,True,771.29175
Jiji,2016,8,0.4361290322580646,,23.06774193548388,7.951612903225805,0.1,MPOTA (Tora),MPOTA (Tora),grid_m4.00_29.75,20.998680268817225,14.42306000000002,28.47622000000001,10.6191634771,-0.9071063993823776,0.9643244184119624,10.886416008064543,101544.0457594086,False,False,0.7469623692808592,False,0.5909497342075145,0.4361290322580646,False,771.29175
Kaburantwa,2016,8,1.4622580645161292,0.02,33.374193548387105,15.177419354838708,5.4,MPARAMBO,MPARAMBO,grid_m3.00_29.25,22.88001467741941,15.22470000000004,31.77776,0.6222724859000001,0.6612516632354839,0.7896273614485161,11.837417715053787,101413.150577957,False,False,2.207813552612297,False,0.436379975211838,1.4622580645161292,False,771.29175
Rusizi,2016,8,2.38,,30.74,18.704347826086952,0.0,BUJUMBURA (Aeroport),BUJUMBURA (Aeroport),grid_m3.25_29.25,24.15013138440861,16.437340000000006,32.676199999999994,0.0047683716,1.2357434325255376,1.354761717109543,13.534874704301105,101384.43068548388,False,False,1.5043629271954442,False,0.415755619653837,2.38,False,771.29175
Nyamagana,2016,8,0.796451612903226,,33.374193548387105,15.177419354838708,5.4,MPARAMBO,MPARAMBO,grid_m3.00_29.25,22.88001467741941,15.22470000000004,31.77776,0.6222724859000001,0.6612516632354839,0.7896273614485161,11.837417715053787,101413.150577957,False,False,2.186850324850525,False,0.359259199864858,0.796451612903226,False,771.29175
Mulembwe,2016,8,,2.48,23.06774193548388,7.951612903225805,0.1,MPOTA (Tora),MPOTA (Tora),grid_m4.00_29.50,21.86559228494628,17.027919999999995,26.81326000000001,46.1406708803,0.1927313652591666,0.6175265982412634,16.246037930107548,101447.8390658602,False,False,0.3376177859350189,False,0.3776279952045975,0.9988547945283482,True,771.29175
Mpanda,2016,8,1.273870967741935,0.44,22.483870967741947,10.587096774193547,6.0,RWEGURA,RWEGURA,grid_m3.00_29.50,19.70888524193549,12.828200000000038,27.963340000000017,48.49529230782,-0.5039462234850807,0.4910236909052419,11.251424852150535,101529.50876344086,False,False,0.6181210600568109,False,0.3993638872845825,1.273870967741935,False,771.29175
Mutimbuzi,2016,8,,2.01,30.74,18.704347826086952,0.0,BUJUMBURA (Aeroport),BUJUMBURA (Aeroport),grid_m3.25_29.25,24.15013138440861,16.437340000000006,32.676199999999994,0.0047683716,1.2357434325255376,1.354761717109543,13.534874704301105,101384.43068548388,False,False,1.5476478434872514,False,0.4247948120694755,1.0541594311161564,True,771.29175
Nyengwe,2016,9,1.020333333333333,0.55,31.113333333333333,18.88,9.6,NYANZA LAC (IRAT),NYANZA LAC (IRAT),grid_m4.25_29.50,24.827349180555583,22.09475000000004,27.14584000000002,39.96658321756,0.9035435140173612,0.1281081950963889,17.33481391666669,101232.66572916668,False,False,0.3658537084356579,False,0.4959821234374429,1.020333333333333,False,771.3299999999999
Rusizi,2016,9,2.37,,31.657142857142865,20.756666666666664,22.4,BUJUMBURA (Aeroport),BUJUMBURA (Aeroport),grid_m3.25_29.25,25.155908833333346,17.546080000000018,32.94497000000001,1.05619429172,1.1948928006486113,0.9775765089645834,13.498740763888918,101264.9874236111,False,False,1.5043629271954442,False,0.442182494548732,2.37,False,771.3299999999999
Nyakagunda,2016,9,,,34.230000000000004,18.25333333333333,24.9,MPARAMBO,MPARAMBO,grid_m2.75_29.00,22.020272333333367,15.199600000000032,30.12966,17.299652202199997,-1.0200282622044443,0.8651266942595833,11.069457430555588,101383.96470138888,False,False,1.9960780806672505,False,0.3786942254829465,0.3860176840363934,True,771.3299999999999
Jiji,2016,9,0.4226666666666667,,22.980000000000004,10.393333333333333,48.3,MPOTA (Tora),MPOTA (Tora),grid_m4.00_29.75,21.729644458333382,15.85256000000004,29.28396000000004,35.50100332438,-0.62790857984375,0.7600363637921667,12.89628036111111,101419.40216666668,False,False,0.7469623692808592,False,0.6018188636224651,0.4226666666666667,False,771.3299999999999
Mpanda,2016,9,1.3633333333333333,0.95,28.83032000000003,14.098839999999996,119.16522025990037,RWEGURA,RWEGURA,grid_m3.00_29.50,20.305827222222263,14.098839999999996,28.83032000000003,192.78621609972,-0.4445196363162499,0.0216655955318055,12.612979402777796,101437.98515972222,True,True,0.6181210600568109,True,0.4072871914299015,1.3633333333333333,False,771.3299999999999
Kaburantwa,2016,9,1.583,0.03,34.230000000000004,18.25333333333333,24.9,MPARAMBO,MPARAMBO,grid_m3.00_29.25,24.221975583333347,17.11306000000002,32.6121,1.88016891576,0.7624709240024999,0.6493104510895833,11.89418073611114,101294.68794444443,False,False,2.207813552612297,False,0.4555483191149675,1.583,False,771.3299999999999
Mutimbuzi,2016,9,,8.51,31.657142857142865,20.756666666666664,22.4,BUJUMBURA (Aeroport),BUJUMBURA (Aeroport),grid_m3.25_29.25,25.155908833333346,17.546080000000018,32.94497000000001,1.05619429172,1.1948928006486113,0.9775765089645834,13.498740763888918,101264.9874236111,False,False,1.5476478434872514,False,0.439812328075278,1.411123819089502,True,771.3299999999999
Nyamagana,2016,9,0.7313333333333333,,34.230000000000004,18.25333333333333,24.9,MPARAMBO,MPARAMBO,grid_m3.00_29.25,24.221975583333347,17.11306000000002,32.6121,1.88016891576,0.7624709240024999,0.6493104510895833,11.89418073611114,101294.68794444443,False,False,2.186850324850525,False,0.3813197011084425,0.7313333333333333,False,771.3299999999999
Mulembwe,2016,9,,3.43,22.980000000000004,10.393333333333333,48.3,MPOTA (Tora),MPOTA (Tora),grid_m4.00_29.50,22.70225993055556,17.85647,26.97622000000001,113.8820648926,0.2412957919195833,0.3974156489088888,17.366405847222268,101315.60689583332,False,False,0.3376177859350189,False,0.3658129142922784,1.2385352031659842,True,771.3299999999999
Rusizi,2016,10,2.39,,31.17083333333333,20.40555555555555,4.6000000000000005,BUJUMBURA (Aeroport),BUJUMBURA (Aeroport),grid_m3.25_29.25,24.44208022849466,17.65536000000003,33.15682000000004,85.83307259902,1.4271373758520165,0.4505477815298387,14.889576733870967,101131.35881048389,False,False,1.5043629271954442,False,0.4577928738324159,2.39,False,771.0954999999999
Kaburantwa,2016,10,1.565806451612903,0.03,33.538709677419355,18.39354838709677,55.1,MPARAMBO,MPARAMBO,grid_m3.00_29.25,23.504454220430148,16.48153000000002,32.78378000000004,69.42701332867999,0.6903787211922178,0.2881772030201612,14.072973534946245,101168.35727150536,False,False,2.207813552612297,False,0.5004349908165325,1.565806451612903,False,771.0954999999999
Nyakagunda,2016,10,,,33.538709677419355,18.39354838709677,55.1,MPARAMBO,MPARAMBO,grid_m2.75_29.00,22.072299704301088,14.662000000000036,29.716800000000035,34.14201726256,-1.0032051045573924,0.6311160251159946,12.561843118279626,101253.91335349462,False,False,1.9960780806672505,False,0.3540968332058145,0.3899087675765091,True,771.0954999999999
Mpanda,2016,10,1.434516129032258,4.91,22.60967741935484,11.625806451612902,119.9,RWEGURA,RWEGURA,grid_m3.00_29.50,19.99052006720433,14.555750000000046,28.40322000000004,311.5968706979,-0.5726644243711156,-0.3723111295504435,13.984317002688158,101314.79965053764,False,False,0.6181210600568109,False,0.443131820798292,1.434516129032258,False,771.0954999999999
Mutimbuzi,2016,10,,18.69,31.17083333333333,20.40555555555555,4.6000000000000005,BUJUMBURA (Aeroport),BUJUMBURA (Aeroport),grid_m3.25_29.25,24.44208022849466,17.65536000000003,33.15682000000004,85.83307259902,1.4271373758520165,0.4505477815298387,14.889576733870967,101131.35881048389,False,False,1.5476478434872514,False,0.4562083578015665,1.3886157375956305,True,771.0954999999999
Nyamagana,2016,10,0.7280645161290321,,33.538709677419355,18.39354838709677,55.1,MPARAMBO,MPARAMBO,grid_m3.00_29.25,23.504454220430148,16.48153000000002,32.78378000000004,69.42701332867999,0.6903787211922178,0.2881772030201612,14.072973534946245,101168.35727150536,False,False,2.186850324850525,False,0.3869643345699894,0.7280645161290321,False,771.0954999999999
Nyengwe,2016,10,1.0164516129032255,1.78,30.74516129032258,19.9,50.1,NYANZA LAC (IRAT),NYANZA LAC (IRAT),grid_m4.25_29.50,25.045740161290325,21.302850000000035,27.82247000000001,138.34095029914002,0.8800812377706989,-0.1893854871849462,18.80033440860217,101073.37526209676,False,False,0.3658537084356579,False,0.4262074827247565,1.0164516129032255,False,771.0954999999999
Jiji,2016,10,0.4403225806451615,,23.11935483870968,10.854838709677418,139.9,MPOTA (Tora),MPOTA (Tora),grid_m4.00_29.75,21.549048293010745,16.104030000000023,28.39170000000001,140.1696205263,-0.5981521796943279,0.3004341109645967,15.22027458333332,101269.6984811828,False,False,0.7469623692808592,False,0.5405783387473885,0.4403225806451615,False,771.0954999999999
Mulembwe,2016,10,,11.08,23.11935483870968,10.854838709677418,139.9,MPOTA (Tora),MPOTA (Tora),grid_m4.00_29.50,23.02173317204301,18.997160000000008,26.876860000000026,312.96825454418,0.1741604355386827,0.1257567449931451,18.68082883064517,101161.59108198925,False,False,0.3376177859350189,False,0.269043789628436,1.5388964606972113,True,771.0954999999999
Kaburantwa,2016,11,1.505,0.12,31.71333333333333,18.35,75.4,MPARAMBO,MPARAMBO,grid_m3.00_29.25,22.606964388888912,14.508399999999996,30.38442000000004,34.627914328280006,0.5070980279734723,0.2533524403002778,14.702403416666698,101250.91310416668,False,False,2.207813552612297,False,0.548445732955927,1.505,False,771.0295
Mpanda,2016,11,1.3496666666666668,11.1,20.813333333333333,11.07,238.79999999999995,RWEGURA,RWEGURA,grid_m3.00_29.50,18.720552194444508,13.178300000000036,26.02328,316.31422080852,-0.4850731958716666,-0.5642731572180555,14.763948374999984,101404.6755763889,False,False,0.6181210600568109,False,0.463708702858739,1.3496666666666668,False,771.0295
Mulembwe,2016,11,,18.93,21.76000000000001,11.916666666666666,97.0,MPOTA (Tora),MPOTA (Tora),grid_m4.00_29.50,21.80639191666665,18.84005000000002,25.464620000000025,651.24845327294,-0.1364024047156527,0.3222421430111111,18.662171611111148,101250.93903472222,False,False,0.3376177859350189,False,0.353311716002166,1.4655996033434189,True,771.0295
Jiji,2016,11,0.4263333333333333,,21.76000000000001,11.916666666666666,97.0,MPOTA (Tora),MPOTA (Tora),grid_m4.00_29.75,19.74049574999998,15.92855000000003,25.36617000000001,266.1514288941,-0.5056949409575,0.0414004010355555,16.3301997916667,101376.68098611113,False,False,0.7469623692808592,False,0.562533387341904,0.4263333333333333,False,771.0295
Nyamagana,2016,11,0.7683333333333333,,31.71333333333333,18.35,75.4,MPARAMBO,MPARAMBO,grid_m3.00_29.25,22.606964388888912,14.508399999999996,30.38442000000004,34.627914328280006,0.5070980279734723,0.2533524403002778,14.702403416666698,101250.91310416668,False,False,2.186850324850525,False,0.445165962952952,0.7683333333333333,False,771.0295
Rusizi,2016,11,2.39,,29.296666666666663,21.040000000000006,53.6,BUJUMBURA (Aeroport),BUJUMBURA (Aeroport),grid_m3.25_29.25,23.701702138888948,16.889499999999998,31.08755000000002,28.02085890456,1.210258294008361,0.0855857847803888,14.982741986111137,101216.3419375,False,False,1.5043629271954442,False,0.407873313213861,2.39,False,771.0295
Nyakagunda,2016,11,,,31.71333333333333,18.35,75.4,MPARAMBO,MPARAMBO,grid_m2.75_29.00,20.915628638888904,15.003800000000012,28.28872000000001,40.33040996586,-0.9268361643983334,0.5655893101509721,13.19076616666672,101326.29611111112,False,False,1.9960780806672505,False,0.340629589591867,0.3855720233307662,True,771.0295
Mutimbuzi,2016,11,,20.73,29.296666666666663,21.040000000000006,53.6,BUJUMBURA (Aeroport),BUJUMBURA (Aeroport),grid_m3.25_29.25,23.701702138888948,16.889499999999998,31.08755000000002,28.02085890456,1.210258294008361,0.0855857847803888,14.982741986111137,101216.3419375,False,False,1.5476478434872514,False,0.563897274153947,1.373837144750972,True,771.0295
Nyengwe,2016,11,1.0503333333333331,14.18,29.219999999999995,20.183333333333337,70.39999999999999,NYANZA LAC (IRAT),NYANZA LAC (IRAT),grid_m4.25_29.50,23.69540572222224,20.81710000000004,25.96493000000004,402.36282321384,0.3864993418030555,0.2286182808708333,19.281428847222287,101173.4709861111,False,False,0.3658537084356579,False,0.515878155364814,1.0503333333333331,False,771.0295
Jiji,2016,12,0.4990322580645162,,21.64516129032258,10.95483870967742,180.6,MPOTA (Tora),MPOTA (Tora),grid_m4.00_29.75,19.64315448924731,15.271500000000003,25.98245000000003,231.21929137784,-0.4348747296176075,0.2279567501998656,16.509086169354873,101381.48850806452,False,False,0.7469623692808592,False,0.5341782611734585,0.4990322580645162,False,771.342
Rusizi,2016,12,2.36,,28.83225806451613,20.377419354838707,49.50000000000001,BUJUMBURA (Aeroport),BUJUMBURA (Aeroport),grid_m3.25_29.25,24.60213112903228,18.23214000000001,32.67397,5.1174164125,0.9492241021567204,0.5067929092998656,14.667927217741976,101176.41997311827,False,False,1.5043629271954442,False,0.583039158605515,2.36,False,771.342
Mutimbuzi,2016,12,,18.93,28.83225806451613,20.377419354838707,49.50000000000001,BUJUMBURA (Aeroport),BUJUMBURA (Aeroport),grid_m3.25_29.25,24.60213112903228,18.23214000000001,32.67397,5.1174164125,0.9492241021567204,0.5067929092998656,14.667927217741976,101176.41997311827,False,False,1.5476478434872514,False,0.627638032516423,1.4402838181099824,True,771.342
Kaburantwa,2016,12,1.4796774193548383,0.14,31.58709677419355,19.0,45.1,MPARAMBO,MPARAMBO,grid_m3.00_29.25,23.713362056451672,16.466030000000046,31.78262000000001,4.37450405998,0.4780366344222581,0.4548972759341398,13.582008225806476,101199.59840725808,False,False,2.207813552612297,False,0.6916780422841675,1.4796774193548383,False,771.342
Mpanda,2016,12,1.311935483870968,8.38,21.5741935483871,11.235483870967744,59.60000000000001,RWEGURA,RWEGURA,grid_m3.00_29.50,19.09120001344087,13.167200000000037,27.44640000000004,151.67856275352003,-0.5608512916981183,-0.611279273678629,13.988906276881778,101363.67886424733,False,False,0.6181210600568109,False,0.559335422566701,1.311935483870968,False,771.342
Nyakagunda,2016,12,,,31.58709677419355,19.0,45.1,MPARAMBO,MPARAMBO,grid_m2.75_29.00,21.624518440860243,14.624050000000013,29.466150000000027,17.779350274440002,-0.8762048504448924,0.3049857434701156,11.903394516129085,101281.5148857527,False,False,1.9960780806672505,False,0.537972895715532,0.4149960861274432,True,771.342
Nyengwe,2016,12,1.089032258064516,16.11,28.122580645161296,19.693548387096776,205.40000000000003,NYANZA LAC (IRAT),NYANZA LAC (IRAT),grid_m4.25_29.50,23.28808212365596,20.797330000000045,26.80667,395.2493660034,0.0749945886079301,0.8989496939853495,19.535191102150577,101190.20642473118,False,False,0.3658537084356579,False,0.6671474980825596,1.089032258064516,False,771.342
Nyamagana,2016,12,0.7329032258064515,,31.58709677419355,19.0,45.1,MPARAMBO,MPARAMBO,grid_m3.00_29.25,23.713362056451672,16.466030000000046,31.78262000000001,4.37450405998,0.4780366344222581,0.4548972759341398,13.582008225806476,101199.59840725808,False,False,2.186850324850525,False,0.606996317270271,0.7329032258064515,False,771.342
Mulembwe,2016,12,,21.09,21.64516129032258,10.95483870967742,180.6,MPOTA (Tora),MPOTA (Tora),grid_m4.00_29.50,21.51438755376347,18.242200000000025,26.85745000000003,575.58012134252,-0.2066557492677419,0.9249454202888038,18.81875919354837,101264.46601478496,False,False,0.3376177859350189,False,0.4095164498943665,1.7273953444007704,True,771.342
Jiji,2017,1,0.6167741935483869,,22.145161290322577,10.393548387096772,245.2,MPOTA (Tora),MPOTA (Tora),grid_m4.00_29.75,19.951148897849464,15.39468000000005,26.130100000000027,246.23393984188,-0.1035231693259408,0.4071311538418549,16.574231989247323,101349.52171370968,False,False,0.7469623692808592,False,0.6751662796537621,0.6167741935483869,False,771.3016666666666
Mutimbuzi,2017,1,,13.88,30.080645161290327,20.14516129032258,64.0,BUJUMBURA (Aeroport),BUJUMBURA (Aeroport),grid_m3.25_29.25,25.54787857526884,17.86056000000002,33.56564000000003,5.36108015804,0.4718244019592741,0.4131559142685483,15.166084704301111,101139.4254704301,False,False,1.5476478434872514,False,0.576799224991991,1.426008713579515,True,771.3016666666666
Rusizi,2017,1,2.34,,30.080645161290327,20.14516129032258,64.0,BUJUMBURA (Aeroport),BUJUMBURA (Aeroport),grid_m3.25_29.25,25.54787857526884,17.86056000000002,33.56564000000003,5.36108015804,0.4718244019592741,0.4131559142685483,15.166084704301111,101139.4254704301,False,False,1.5043629271954442,False,0.573482561759205,2.34,False,771.3016666666666
Nyakagunda,2017,1,,,32.48709677419355,14.477660000000014,55.00000000000001,MPARAMBO,MPARAMBO,grid_m2.75_29.00,21.84764366935485,14.477660000000014,29.71713,24.82509624042,-0.5161260777409946,-0.051368877140262,12.038089220430152,101258.54088709678,False,True,1.9960780806672505,False,0.559554275716886,0.4928510691773928,True,771.3016666666666
Kaburantwa,2017,1,1.5048387096774196,0.49,32.48709677419355,16.698450000000037,55.00000000000001,MPARAMBO,MPARAMBO,grid_m3.00_29.25,24.59503150537637,16.698450000000037,32.71212000000003,4.239559177019999,0.4849318662155913,0.2699398712704301,13.386632392473132,101162.09549731182,False,True,2.207813552612297,False,0.680451916034585,1.5048387096774196,False,771.3016666666666
Nyamagana,2017,1,0.7238709677419353,,32.48709677419355,16.698450000000037,55.00000000000001,MPARAMBO,MPARAMBO,grid_m3.00_29.25,24.59503150537637,16.698450000000037,32.71212000000003,4.239559177019999,0.4849318662155913,0.2699398712704301,13.386632392473132,101162.09549731182,False,True,2.186850324850525,False,0.5539347438997735,0.7238709677419353,False,771.3016666666666
Mulembwe,2017,1,,16.61,22.145161290322577,10.393548387096772,245.2,MPOTA (Tora),MPOTA (Tora),grid_m4.00_29.50,21.78529106182799,18.414420000000007,25.757040000000018,580.33132634092,-0.2124059500146505,0.7840737777896505,18.71423724462369,101232.4315188172,False,False,0.3376177859350189,False,0.3648944660022299,1.9096102415051992,True,771.3016666666666
Nyengwe,2017,1,1.226451612903226,9.33,29.409677419354832,19.932258064516127,52.3,NYANZA LAC (IRAT),NYANZA LAC (IRAT),grid_m4.25_29.50,23.846099946236563,20.68716000000001,26.422140000000013,318.45331175542003,0.0747139249703629,0.7055970065735214,19.47003413978496,101150.89100806451,False,False,0.3658537084356579,False,0.577933209403741,1.226451612903226,False,771.3016666666666
Mpanda,2017,1,1.4003225806451611,7.42,21.82258064516129,11.406451612903224,126.8,RWEGURA,RWEGURA,grid_m3.00_29.50,19.7530587903226,14.11056000000002,27.79803000000004,153.03421064416,-0.1469854530148521,-0.4631842341391129,13.630668239247314,101320.63360887096,False,False,0.6181210600568109,False,0.6033602085855285,1.4003225806451611,False,771.3016666666666
Nyengwe,2017,2,1.365,8.81,28.700000000000006,19.58571428571429,139.3,NYANZA LAC (IRAT),NYANZA LAC (IRAT),grid_m4.25_29.50,23.530280654761896,20.14706000000001,26.48577,470.51143549042,0.0777011592335565,0.5372729526296132,19.61526052083337,101166.24023809524,False,False,0.3658537084356579,False,0.500620480606002,1.365,False,771.3326666666667
Nyamagana,2017,2,0.9378571428571424,,30.967857142857145,17.460000000000036,107.1,MPARAMBO,MPARAMBO,grid_m3.00_29.25,23.70398120535713,17.460000000000036,32.25326000000001,27.72426598134,0.2523445398116578,0.3848521817098214,14.601634940476233,101192.86015625,False,True,2.186850324850525,False,0.6166305940451711,0.9378571428571424,False,771.3326666666667
Nyakagunda,2017,2,,,30.967857142857145,14.9846,107.1,MPARAMBO,MPARAMBO,grid_m2.75_29.00,21.39750580357145,14.9846,30.600030000000004,49.75223535538,-0.7211211508089286,0.1072599299534226,12.862859836309552,101280.8149107143,False,True,1.9960780806672505,False,0.632080095357257,0.5295799202817952,True,771.3326666666667
Mulembwe,2017,2,,12.87,22.003571428571423,11.064285714285717,93.80000000000004,MPOTA (Tora),MPOTA (Tora),grid_m4.00_29.50,21.59128924107148,18.020100000000017,26.49856,688.12656488364,-0.1721738639409226,0.7096144329790178,18.74764873511907,101244.07783482144,False,False,0.3376177859350189,False,0.4352401890280329,1.4403849134688669,True,771.3326666666667
Rusizi,2017,2,2.55,,29.107142857142858,20.057142857142853,128.9,BUJUMBURA (Aeroport),BUJUMBURA (Aeroport),grid_m3.25_29.25,24.740465163690487,18.684529999999995,32.45248000000004,23.01549916002,0.3813815791495536,0.3979209706066071,15.726591488095266,101165.60944940476,False,False,1.5043629271954442,False,0.548071315563389,2.55,False,771.3326666666667
Jiji,2017,2,0.6610714285714286,,22.003571428571423,11.064285714285717,93.80000000000004,MPOTA (Tora),MPOTA (Tora),grid_m4.00_29.75,19.63693830357147,14.883000000000038,26.00833,286.54909141894,-0.1147543139470238,0.4301344541162202,16.77199263392862,101365.12711309524,False,False,0.7469623692808592,False,0.611182575850229,0.6610714285714286,False,771.3326666666667
Mutimbuzi,2017,2,,16.2,29.107142857142858,20.057142857142853,128.9,BUJUMBURA (Aeroport),BUJUMBURA (Aeroport),grid_m3.25_29.25,24.740465163690487,18.684529999999995,32.45248000000004,23.01549916002,0.3813815791495536,0.3979209706066071,15.726591488095266,101165.60944940476,False,False,1.5476478434872514,False,0.635763554850908,1.2929607562588732,True,771.3326666666667
Mpanda,2017,2,1.4260714285714289,7.5,21.375,11.553571428571429,144.59999999999997,RWEGURA,RWEGURA,grid_m3.00_29.50,18.922071249999988,12.879140000000008,26.616360000000043,334.5341685852,-0.207180431563988,-0.2491228939839881,14.93795636904764,101361.17696428573,False,False,0.6181210600568109,False,0.6689690684676279,1.4260714285714289,False,771.3326666666667
Kaburantwa,2017,2,1.648928571428571,0.09,30.967857142857145,17.460000000000036,107.1,MPARAMBO,MPARAMBO,grid_m3.00_29.25,23.70398120535713,17.460000000000036,32.25326000000001,27.72426598134,0.2523445398116578,0.3848521817098214,14.601634940476233,101192.86015625,False,True,2.207813552612297,False,0.6721338729899695,1.648928571428571,False,771.3326666666667
Nyamagana,2017,3,0.9838709677419356,,31.03870967741935,16.555380000000014,105.3,MPARAMBO,MPARAMBO,grid_m3.00_29.25,23.47868096774198,16.555380000000014,31.95437000000004,26.24082559098,0.0851619271309139,0.5005488441698924,15.074758172043005,101199.54014784948,False,True,2.186850324850525,False,0.6368701349971955,0.9838709677419356,False,771.558
Mulembwe,2017,3,,13.35,21.94516129032258,11.006451612903229,282.8,MPOTA (Tora),MPOTA (Tora),grid_m4.00_29.50,21.43790419354844,18.271540000000016,26.48577,645.86639387018,-0.1934209021408602,0.6945408852132662,18.74972567204304,101257.10740591398,False,False,0.3376177859350189,False,0.4529791666732585,2.076117094156168,True,771.558
Mutimbuzi,2017,3,,13.15,29.867741935483867,20.27,156.0,BUJUMBURA (Aeroport),BUJUMBURA (Aeroport),grid_m3.25_29.25,24.67732756720432,18.49520000000001,32.422799999999995,10.93959812162,0.3545304150741935,0.6768420033453361,16.434327338709693,101170.6543951613,False,False,1.5476478434872514,False,0.660441360201218,1.453980962297864,True,771.558
Nyengwe,2017,3,1.7322580645161292,8.13,28.903225806451605,19.796774193548384,190.1,NYANZA LAC (IRAT),NYANZA LAC (IRAT),grid_m4.25_29.50,23.385188306451653,20.76785000000001,26.460380000000043,501.656055202,0.0128871139817204,0.4710695202924731,19.66789950268821,101179.08116935485,False,False,0.3658537084356579,False,0.6743121655141725,1.7322580645161292,False,771.558
Rusizi,2017,3,2.55,,29.867741935483867,20.27,156.0,BUJUMBURA (Aeroport),BUJUMBURA (Aeroport),grid_m3.25_29.25,24.67732756720432,18.49520000000001,32.422799999999995,10.93959812162,0.3545304150741935,0.6768420033453361,16.434327338709693,101170.6543951613,False,False,1.5043629271954442,False,0.5904238929948831,2.55,False,771.558
Nyakagunda,2017,3,,,31.03870967741935,13.755600000000015,105.3,MPARAMBO,MPARAMBO,grid_m2.75_29.00,21.011246290322617,13.755600000000015,28.983360000000005,34.92641442522,-0.8352088516757528,0.3821734559519489,13.15363177419357,101281.7567204301,False,True,1.9960780806672505,False,0.629140845324081,0.5174725438317708,True,771.558
Mpanda,2017,3,1.4361290322580644,6.37,20.98064516129033,11.258064516129034,235.0,RWEGURA,RWEGURA,grid_m3.00_29.50,18.800518830645217,13.227779999999996,26.585230000000024,312.38985135914,-0.4007041688267473,-0.0872170855077957,14.937396612903283,101369.03211693549,False,False,0.6181210600568109,False,0.6841159459711219,1.4361290322580644,False,771.558
Jiji,2017,3,0.8219354838709678,,21.94516129032258,11.006451612903229,282.8,MPOTA (Tora),MPOTA (Tora),grid_m4.00_29.75,19.42959834677424,14.803250000000048,26.158650000000023,295.52507459414,-0.2322182604603494,0.4662746514317204,16.958085295698936,101383.958172043,False,False,0.7469623692808592,False,0.662391338921454,0.8219354838709678,False,771.558
Kaburantwa,2017,3,1.7438709677419355,0.23,31.03870967741935,16.555380000000014,105.3,MPARAMBO,MPARAMBO,grid_m3.00_29.25,23.47868096774198,16.555380000000014,31.95437000000004,26.24082559098,0.0851619271309139,0.5005488441698924,15.074758172043005,101199.54014784948,False,True,2.207813552612297,False,0.6844272249641775,1.7438709677419355,False,771.558
Mutimbuzi,2017,4,,16.49,29.55,20.9,44.1,BUJUMBURA (Aeroport),BUJUMBURA (Aeroport),grid_m3.25_29.25,24.334529625000016,18.166,31.388570000000016,19.50883871896,1.1993396326894443,0.8074168626668056,15.035867652777767,101248.90272916669,False,False,1.5476478434872514,False,0.5683363550060374,1.436880305244653,True,771.7615000000001
Kaburantwa,2017,4,1.852,3.46,30.99,17.048969999999997,61.3,MPARAMBO,MPARAMBO,grid_m3.00_29.25,22.9747311388889,17.048969999999997,30.339500000000044,24.0039825218,0.1761082966461111,0.7427535081151388,15.17468056944449,101281.42246527778,False,True,2.207813552612297,False,0.672557663102124,1.852,False,771.7615000000001
Nyamagana,2017,4,0.9713333333333336,,30.99,17.048969999999997,61.3,MPARAMBO,MPARAMBO,grid_m3.00_29.25,22.9747311388889,17.048969999999997,30.339500000000044,24.0039825218,0.1761082966461111,0.7427535081151388,15.17468056944449,101281.42246527778,False,True,2.186850324850525,False,0.6141511639374895,0.9713333333333336,False,771.7615000000001
Nyakagunda,2017,4,,,30.99,15.420980000000045,61.3,MPARAMBO,MPARAMBO,grid_m2.75_29.00,20.89104816666668,15.420980000000045,28.64640000000003,32.3395728603,-1.4544635351972224,0.9850359504781112,13.10142980555554,101351.3869513889,False,True,1.9960780806672505,False,0.6230792934463205,0.5362580790825789,True,771.7615000000001
Mpanda,2017,4,1.435333333333333,13.04,19.96,11.573333333333332,104.2,RWEGURA,RWEGURA,grid_m3.00_29.50,18.67284608333335,13.689020000000028,25.52334000000002,284.59167503244,-0.9570975413555556,0.0255266729090277,15.332881138888922,101449.824625,False,False,0.6181210600568109,False,0.57199376059618,1.435333333333333,False,771.7615000000001
Nyengwe,2017,4,2.002666666666667,15.86,29.10689655172413,20.33103448275861,137.00000000000003,NYANZA LAC (IRAT),NYANZA LAC (IRAT),grid_m4.25_29.50,23.00320379166669,20.95410000000004,25.318020000000047,495.03898656422,0.3664308343343055,0.3481286701819444,19.793069305555605,101259.30635416668,False,False,0.3658537084356579,False,0.5801540932598079,2.002666666666667,False,771.7615000000001
Jiji,2017,4,1.009,,21.40333333333333,11.526666666666667,89.40000000000002,MPOTA (Tora),MPOTA (Tora),grid_m4.00_29.75,19.490256111111137,15.602959999999996,25.23843000000005,225.58069255748,-1.1159896851772222,0.2649038424270833,16.56898959722224,101461.37481944443,False,False,0.7469623692808592,False,0.5329739621644285,1.009,False,771.7615000000001
Mulembwe,2017,4,,17.27,21.40333333333333,11.526666666666667,89.40000000000002,MPOTA (Tora),MPOTA (Tora),grid_m4.00_29.50,21.397259944444443,18.70907,25.691550000000007,517.2586447031599,-0.1618121669680555,0.5764883175702084,18.695533402777755,101330.33417361112,False,False,0.3376177859350189,False,0.3607238799976145,1.4339067496284974,True,771.7615000000001
Rusizi,2017,4,2.47,,29.55,20.9,44.1,BUJUMBURA (Aeroport),BUJUMBURA (Aeroport),grid_m3.25_29.25,24.334529625000016,18.166,31.388570000000016,19.50883871896,1.1993396326894443,0.8074168626668056,15.035867652777767,101248.90272916669,False,False,1.5043629271954442,False,0.505637879157367,2.47,False,771.7615000000001
Kaburantwa,2017,5,1.8429032258064515,2.34,31.55806451612904,15.64450000000005,66.9,MPARAMBO,MPARAMBO,grid_m3.00_29.25,22.919976196236576,15.64450000000005,31.022730000000024,13.39864731818,0.3374764420584678,0.8387027824549732,14.296490268817196,101424.20345430108,False,True,2.207813552612297,False,0.7129631378363315,1.8429032258064515,False,771.5709999999999
Nyengwe,2017,5,2.0006451612903224,7.52,29.83,20.030000000000005,32.6,NYANZA LAC (IRAT),NYANZA LAC (IRAT),grid_m4.25_29.50,23.348051330645205,20.9923,26.48428000000001,282.41443596058,0.7043817371653226,0.2145362746807796,19.287887755376403,101377.71118951614,False,False,0.3658537084356579,False,0.7182939047168065,2.0006451612903224,False,771.5709999999999
Jiji,2017,5,0.7912903225806454,,20.92903225806452,10.609677419354838,67.30000000000001,MPOTA (Tora),MPOTA (Tora),grid_m4.00_29.75,19.76824887096774,15.761830000000032,26.02932000000004,104.62713237994,-1.4779296181827957,0.3523838453936828,15.220937943548392,101580.34322580646,False,False,0.7469623692808592,False,0.7720667447081735,0.7912903225806454,False,771.5709999999999
Mulembwe,2017,5,,9.28,20.92903225806452,10.609677419354838,67.30000000000001,MPOTA (Tora),MPOTA (Tora),grid_m4.00_29.50,21.61763284946238,17.97726,26.25967000000003,305.55820483338,-0.0450997920729301,0.4488942103689112,18.350419663978528,101450.275,False,False,0.3376177859350189,False,0.5576636195425685,1.3765170581427573,True,771.5709999999999
Nyamagana,2017,5,0.933548387096774,,31.55806451612904,15.64450000000005,66.9,MPARAMBO,MPARAMBO,grid_m3.00_29.25,22.919976196236576,15.64450000000005,31.022730000000024,13.39864731818,0.3374764420584678,0.8387027824549732,14.296490268817196,101424.20345430108,False,True,2.186850324850525,False,0.5892405800278899,0.933548387096774,False,771.5709999999999
Rusizi,2017,5,2.37,,30.91,20.24193548387097,34.300000000000004,BUJUMBURA (Aeroport),BUJUMBURA (Aeroport),grid_m3.25_29.25,24.020871720430137,16.66990000000004,32.3655,16.20244967458,1.497580188219758,0.8838517347219489,14.36525913978494,101393.38085349464,False,False,1.5043629271954442,False,0.6084230813404969,2.37,False,771.5709999999999
Nyakagunda,2017,5,,,31.55806451612904,13.632780000000023,66.9,MPARAMBO,MPARAMBO,grid_m2.75_29.00,20.80112439516131,13.632780000000023,29.02642000000003,14.37187194402,-1.5912568087634409,1.1114643026935485,12.641411303763448,101492.30627016128,False,True,1.9960780806672505,False,0.624572051602873,0.4856621774193547,True,771.5709999999999
Mutimbuzi,2017,5,,10.74,30.91,20.24193548387097,34.300000000000004,BUJUMBURA (Aeroport),BUJUMBURA (Aeroport),grid_m3.25_29.25,24.020871720430137,16.66990000000004,32.3655,16.20244967458,1.497580188219758,0.8838517347219489,14.36525913978494,101393.38085349464,False,False,1.5476478434872514,False,0.6516956031826799,1.8769631993525788,True,771.5709999999999
Mpanda,2017,5,1.4109677419354838,6.01,19.62258064516129,11.17666666666667,123.3,RWEGURA,RWEGURA,grid_m3.00_29.50,18.8097949462366,13.115200000000016,26.651640000000043,188.56429982302,-1.0942783772432796,0.1092000941249704,14.519117594086085,101578.7352016129,False,False,0.6181210600568109,False,0.6403010861667435,1.4109677419354838,False,771.5709999999999
Mutimbuzi,2017,6,,1.51,30.91,19.206666666666667,0.0,BUJUMBURA (Aeroport),BUJUMBURA (Aeroport),grid_m3.25_29.25,24.66416087500005,16.307060000000035,32.40408000000002,0.09775161684,1.2707814548833334,1.338680901972778,14.29923179166667,101374.49283333334,False,False,1.5476478434872514,False,0.5280614387374589,1.4597056945216735,True,771.396
Nyamagana,2017,6,0.805,,33.27,14.411280000000032,0.0,MPARAMBO,MPARAMBO,grid_m3.00_29.25,23.487164666666672,14.411280000000032,31.42556000000002,0.0395774843,0.5641462533477778,0.9372838773210694,13.07014647222229,101400.2514652778,False,True,2.186850324850525,False,0.430516978736862,0.805,False,771.396
Nyakagunda,2017,6,,,33.27,14.296040000000003,0.0,MPARAMBO,MPARAMBO,grid_m2.75_29.00,21.32952033333333,14.296040000000003,28.52633000000003,0.57792663624,-1.4744984915388888,1.0944656789052778,11.529006180555598,101472.1930277778,False,True,1.9960780806672505,False,0.4127798801873015,0.3890426509511995,True,771.396
Mpanda,2017,6,1.331666666666667,1.35,21.48666666666667,10.996666666666668,0.0,RWEGURA,RWEGURA,grid_m3.00_29.50,19.48419456944447,12.085530000000006,26.985299999999995,15.763282728479998,-0.866462198454861,0.4332107958979166,12.630549652777802,101527.66244444445,False,False,0.6181210600568109,False,0.538992544946436,1.331666666666667,False,771.396
Jiji,2017,6,0.5539999999999999,,21.91,8.048275862068964,0.0,MPOTA (Tora),MPOTA (Tora),grid_m4.00_29.75,20.213005236111144,15.159019999999998,25.4529,35.40086748638,-0.9693688285746248,0.7799189672559722,14.037450180555595,101558.38011805556,False,False,0.7469623692808592,False,0.691409204457101,0.5539999999999999,False,771.396
Nyengwe,2017,6,1.934666666666667,2.01,30.37666666666667,18.75333333333333,0.0,NYANZA LAC (IRAT),NYANZA LAC (IRAT),grid_m4.25_29.50,23.53093705555557,21.045980000000043,26.06400000000002,76.8136975664,1.015588041195,0.3731996760929167,18.70067743055557,101385.31453472225,False,False,0.3658537084356579,False,0.6057222455040805,1.934666666666667,False,771.396
Kaburantwa,2017,6,1.643,0.78,33.27,14.411280000000032,0.0,MPARAMBO,MPARAMBO,grid_m3.00_29.25,23.487164666666672,14.411280000000032,31.42556000000002,0.0395774843,0.5641462533477778,0.9372838773210694,13.07014647222229,101400.2514652778,False,True,2.207813552612297,False,0.5848122848449465,1.643,False,771.396
Rusizi,2017,6,2.09,,30.91,19.206666666666667,0.0,BUJUMBURA (Aeroport),BUJUMBURA (Aeroport),grid_m3.25_29.25,24.66416087500005,16.307060000000035,32.40408000000002,0.09775161684,1.2707814548833334,1.338680901972778,14.29923179166667,101374.49283333334,False,False,1.5043629271954442,False,0.4829669832196035,2.09,False,771.396
Mulembwe,2017,6,,2.22,21.91,8.048275862068964,0.0,MPOTA (Tora),MPOTA (Tora),grid_m4.00_29.50,21.56336379166669,17.59933000000001,25.09700000000004,139.05477495617998,0.1634504529656944,0.6804845585901389,18.334285152777795,101462.34138888888,False,False,0.3376177859350189,False,0.3976904710615145,1.0217793215478097,True,771.396
Nyengwe,2017,7,1.8525806451612887,0.73,29.854838709677423,18.125806451612902,13.0,NYANZA LAC (IRAT),NYANZA LAC (IRAT),grid_m4.25_29.50,23.67086478494621,20.69460000000004,25.737330000000043,29.65831758488,0.8931451809979839,0.2704220849219086,16.712018185483885,101444.68726478497,False,False,0.3658537084356579,False,0.5299083826256461,1.8525806451612887,False,771.0305000000001
Rusizi,2017,7,2.06,,30.40322580645161,19.151612903225807,0.0,BUJUMBURA (Aeroport),BUJUMBURA (Aeroport),grid_m3.25_29.25,24.91587958333338,15.69204000000002,33.130300000000034,2.0303726321,0.7854542262909946,1.4147931968563172,12.560740456989263,101444.33729166666,False,False,1.5043629271954442,False,0.4284892191065485,2.06,False,771.0305000000001
Jiji,2017,7,0.4748387096774196,,21.27741935483871,8.440000000000001,1.0,MPOTA (Tora),MPOTA (Tora),grid_m4.00_29.75,20.211452311828,13.557370000000049,27.25726000000003,13.57746122858,-0.1631856731761828,1.0635102789321236,12.73258891129035,101611.09938172044,False,False,0.7469623692808592,False,0.6310384785400409,0.4748387096774196,False,771.0305000000001
Nyamagana,2017,7,0.7590322580645159,,32.29677419354839,15.160799999999997,1.4,MPARAMBO,MPARAMBO,grid_m3.00_29.25,23.575938924731247,15.160799999999997,32.56390000000005,0.7557868961599999,0.4529110687676075,0.8651591478576881,10.924934704301052,101473.27580645162,False,True,2.186850324850525,False,0.3749048144687085,0.7590322580645159,False,771.0305000000001
Kaburantwa,2017,7,1.4606451612903228,0.32,32.29677419354839,15.160799999999997,1.4,MPARAMBO,MPARAMBO,grid_m3.00_29.25,23.575938924731247,15.160799999999997,32.56390000000005,0.7557868961599999,0.4529110687676075,0.8651591478576881,10.924934704301052,101473.27580645162,False,True,2.207813552612297,False,0.5116451181030975,1.4606451612903228,False,771.0305000000001
Nyakagunda,2017,7,,,32.29677419354839,14.89163000000002,1.4,MPARAMBO,MPARAMBO,grid_m2.75_29.00,21.3014432123656,14.89163000000002,29.341240000000028,1.1634826559,-1.0176253585622312,0.9393726477299732,9.65168889784951,101552.42838037635,False,True,1.9960780806672505,False,0.3644374111357555,0.4318795161290323,True,771.0305000000001
Mutimbuzi,2017,7,,0.55,30.40322580645161,19.151612903225807,0.0,BUJUMBURA (Aeroport),BUJUMBURA (Aeroport),grid_m3.25_29.25,24.91587958333338,15.69204000000002,33.130300000000034,2.0303726321,0.7854542262909946,1.4147931968563172,12.560740456989263,101444.33729166666,False,False,1.5476478434872514,False,0.460855227802629,1.1591418553954045,True,771.0305000000001
Mulembwe,2017,7,,0.9,21.27741935483871,8.440000000000001,1.0,MPOTA (Tora),MPOTA (Tora),grid_m4.00_29.50,21.53431897849464,16.33080000000001,25.56720000000001,48.34461200576,0.2727930421533602,0.5867193905653225,16.68317009408605,101520.14157930108,False,False,0.3376177859350189,False,0.378262510123669,1.0427007239865114,True,771.0305000000001
Mpanda,2017,7,1.2822580645161292,0.47,21.306451612903224,10.980645161290326,0.0,RWEGURA,RWEGURA,grid_m3.00_29.50,19.48195486559144,12.762350000000026,28.01702,28.28788762398,-0.0840106066240591,0.6197912556854839,12.159047190860235,101605.02999999998,False,False,0.6181210600568109,False,0.440448380996739,1.2822580645161292,False,771.0305000000001
Rusizi,2017,8,2.03,,30.22258064516129,20.11935483870968,21.0,BUJUMBURA (Aeroport),BUJUMBURA (Aeroport),grid_m3.25_29.25,24.90154513440865,17.274470000000008,33.33860000000004,4.7669410616,1.081880370283293,1.193034693922984,13.443909018817235,101323.4257123656,False,False,1.5043629271954442,False,0.3926817316046804,2.03,False,770.952
Mutimbuzi,2017,8,,2.54,30.22258064516129,20.11935483870968,21.0,BUJUMBURA (Aeroport),BUJUMBURA (Aeroport),grid_m3.25_29.25,24.90154513440865,17.274470000000008,33.33860000000004,4.7669410616,1.081880370283293,1.193034693922984,13.443909018817235,101323.4257123656,False,False,1.5476478434872514,False,0.444679517129816,1.129628943885198,True,770.952
Nyengwe,2017,8,1.799032258064516,0.41,30.71935483870968,18.725806451612904,4.1,NYANZA LAC (IRAT),NYANZA LAC (IRAT),grid_m4.25_29.50,23.87299094086024,20.489040000000045,26.559140000000017,86.16352101096,1.0358913647653225,-0.0698981946229838,17.764688521505377,101296.50817876344,False,False,0.3658537084356579,False,0.4808591407162825,1.799032258064516,False,770.952
Kaburantwa,2017,8,1.324193548387097,0.18,33.432258064516134,16.180630000000008,43.3,MPARAMBO,MPARAMBO,grid_m3.00_29.25,23.39756033602152,16.180630000000008,32.37180000000001,9.50860976334,0.5760997490340054,0.8094818967517472,12.764439086021524,101354.3190188172,False,True,2.207813552612297,False,0.4697219944630185,1.324193548387097,False,770.952
Jiji,2017,8,0.4364516129032256,,21.53548387096774,9.645161290322578,18.8,MPOTA (Tora),MPOTA (Tora),grid_m4.00_29.75,20.68932651881721,15.319240000000036,26.939660000000003,53.60364931512,-0.5476217947142473,0.958873645335215,13.845278991935515,101470.21270161292,False,False,0.7469623692808592,False,0.5747374230140905,0.4364516129032256,False,770.952
Nyamagana,2017,8,0.7758064516129033,,33.432258064516134,16.180630000000008,43.3,MPARAMBO,MPARAMBO,grid_m3.00_29.25,23.39756033602152,16.180630000000008,32.37180000000001,9.50860976334,0.5760997490340054,0.8094818967517472,12.764439086021524,101354.3190188172,False,True,2.186850324850525,False,0.3560920228733265,0.7758064516129033,False,770.952
Mpanda,2017,8,1.3787096774193552,0.78,21.79032258064516,11.516129032258066,51.5,RWEGURA,RWEGURA,grid_m3.00_29.50,19.31919884408603,13.221730000000036,26.29570000000001,194.54765338414,-0.2492661999556451,0.3515659671700268,13.50749331989249,101489.66445564516,False,False,0.6181210600568109,False,0.4007775090824395,1.3787096774193552,False,770.952
Mulembwe,2017,8,,1.29,21.53548387096774,9.645161290322578,18.8,MPOTA (Tora),MPOTA (Tora),grid_m4.00_29.50,21.855724717741964,17.580560000000048,26.69406000000004,175.69685060738,0.2982887195993132,0.3460846162670699,17.75660318548387,101376.39811827955,False,False,0.3376177859350189,False,0.3180339639558924,1.1257359117429548,True,770.952
Nyakagunda,2017,8,,,33.432258064516134,14.75594000000001,43.3,MPARAMBO,MPARAMBO,grid_m2.75_29.00,21.271019180107544,14.75594000000001,29.178950000000043,11.66963581526,-1.1114475031824866,1.011186679390457,11.272847862903234,101432.38502688172,False,True,1.9960780806672505,False,0.3957227464027745,0.4051268486352354,True,770.952
Mpanda,2017,9,1.442666666666667,0.18,22.19333333333334,11.172413793103448,230.5,RWEGURA,RWEGURA,grid_m3.00_29.50,19.42209231944446,12.875400000000012,26.90432000000004,286.70930794384,-0.3736551907438888,-0.0478182914423611,13.728302805555586,101458.26597222222,False,False,0.6181210600568109,False,0.4171129557522115,1.442666666666667,False,771.1295
Kaburantwa,2017,9,1.3286666666666669,0.11,32.85,17.143460000000005,37.39999999999999,MPARAMBO,MPARAMBO,grid_m3.00_29.25,24.31042244444449,17.143460000000005,32.80220000000003,4.13560865854,0.3997714579230833,0.5871358675475,12.143558874999997,101296.45225694444,False,True,2.207813552612297,False,0.44982057063631,1.3286666666666669,False,771.1295
Nyakagunda,2017,9,,,32.85,14.07480000000004,37.39999999999999,MPARAMBO,MPARAMBO,grid_m2.75_29.00,21.813533805555608,14.07480000000004,29.57174000000004,11.2643241406,-0.9266296395138888,0.7105598041694666,11.16432744444444,101386.42135416668,False,True,1.9960780806672505,False,0.4038935828167355,0.4244421877584777,True,771.1295
Nyengwe,2017,9,1.7693333333333336,0.44,30.546666666666663,18.09,21.5,NYANZA LAC (IRAT),NYANZA LAC (IRAT),grid_m4.25_29.50,24.59659325000001,20.98630000000003,26.60317000000004,76.21765141454,0.9297410766711112,-0.1411803782555555,18.090746097222222,101224.50242361112,False,False,0.3658537084356579,False,0.4758347641031815,1.7693333333333336,False,771.1295
Jiji,2017,9,0.4013333333333334,,22.89333333333333,10.286666666666669,71.5,MPOTA (Tora),MPOTA (Tora),grid_m4.00_29.75,21.27170702777784,16.55898000000002,28.056020000000046,53.38954924374,-0.4042039656243055,0.70449833460625,14.287726625000005,101409.41077777778,False,False,0.7469623692808592,False,0.5339681577545005,0.4013333333333334,False,771.1295
Nyamagana,2017,9,0.8036666666666665,,32.85,17.143460000000005,37.39999999999999,MPARAMBO,MPARAMBO,grid_m3.00_29.25,24.31042244444449,17.143460000000005,32.80220000000003,4.13560865854,0.3997714579230833,0.5871358675475,12.143558874999997,101296.45225694444,False,True,2.186850324850525,False,0.3341896015498075,0.8036666666666665,False,771.1295
Rusizi,2017,9,2.07,,30.656666666666663,20.446666666666665,30.1,BUJUMBURA (Aeroport),BUJUMBURA (Aeroport),grid_m3.25_29.25,25.49131458333335,17.654380000000003,34.14100000000002,1.3098716725,0.8471564382317084,0.8200948508361111,12.844690402777816,101263.57484027778,False,False,1.5043629271954442,False,0.4422868996849175,2.07,False,771.1295
Mutimbuzi,2017,9,,2.23,30.656666666666663,20.446666666666665,30.1,BUJUMBURA (Aeroport),BUJUMBURA (Aeroport),grid_m3.25_29.25,25.49131458333335,17.654380000000003,34.14100000000002,1.3098716725,0.8471564382317084,0.8200948508361111,12.844690402777816,101263.57484027778,False,False,1.5476478434872514,False,0.444697394137266,1.213201604614779,True,771.1295
Mulembwe,2017,9,,2.91,22.89333333333333,10.286666666666669,71.5,MPOTA (Tora),MPOTA (Tora),grid_m4.00_29.50,22.492225708333308,18.77188000000001,26.824600000000032,181.83088321922,0.2255920411904722,0.2523770226269444,17.98616961111111,101309.21615972224,False,False,0.3376177859350189,False,0.308206458065867,1.3023309206093447,True,771.1295
Nyakagunda,2017,10,0.3692307692307692,,33.32258064516129,14.634450000000015,65.7,MPARAMBO,MPARAMBO,grid_m2.75_29.00,22.020278669354862,14.634450000000015,30.24966000000001,18.65243905378,-0.7117179830913979,0.5465595486247312,12.192793333333327,101277.54841397848,False,True,1.9960780806672505,False,0.425438004511933,0.3692307692307692,False,770.9553333333333
Jiji,2017,10,0.4393548387096774,,22.351612903225806,10.951612903225808,132.29999999999995,MPOTA (Tora),MPOTA (Tora),grid_m4.00_29.75,21.11385235215056,15.663350000000037,28.603660000000048,164.53695292778,-0.4059554761767473,0.4557484240827957,15.971315376344135,101319.6964314516,False,False,0.7469623692808592,False,0.541485054032096,0.4393548387096774,False,770.9553333333333
Nyamagana,2017,10,0.83,,33.32258064516129,17.358670000000018,65.7,MPARAMBO,MPARAMBO,grid_m3.00_29.25,24.4081761155914,17.358670000000018,33.84030000000001,7.87639618512,0.449249443758871,0.3880624062567204,13.097646639784957,101181.23641801075,False,True,2.186850324850525,False,0.335441830153686,0.83,False,770.9553333333333
Mpanda,2017,10,1.3738709677419356,3.29,22.45483870967742,11.838709677419352,146.4,RWEGURA,RWEGURA,grid_m3.00_29.50,19.703307876344127,13.428980000000024,28.230920000000022,349.32517902444,-0.5454595294209678,-0.2903781411987365,14.201773696236614,101346.18584005376,False,False,0.6181210600568109,False,0.407763075919888,1.3738709677419356,False,770.9553333333333
Rusizi,2017,10,2.1,,30.441935483870967,20.819354838709675,47.1,BUJUMBURA (Aeroport),BUJUMBURA (Aeroport),grid_m3.25_29.25,25.578520645161348,18.402800000000013,34.35787000000005,3.97872926066,0.8203405688375,0.4937149171147849,13.668195228494652,101150.3068077957,False,False,1.5043629271954442,False,0.458998965123841,2.1,False,770.9553333333333
Nyengwe,2017,10,1.800967741935484,3.34,30.570967741935483,20.19677419354839,89.60000000000001,NYANZA LAC (IRAT),NYANZA LAC (IRAT),grid_m4.25_29.50,24.519230846774235,20.696000000000023,28.59878000000004,200.35362211336,0.7671966685080646,0.2106286129040322,19.278166250000027,101126.76733870967,False,False,0.3658537084356579,False,0.477132302706534,1.800967741935484,False,770.9553333333333
Kaburantwa,2017,10,1.3593548387096772,0.1,33.32258064516129,17.358670000000018,65.7,MPARAMBO,MPARAMBO,grid_m3.00_29.25,24.4081761155914,17.358670000000018,33.84030000000001,7.87639618512,0.449249443758871,0.3880624062567204,13.097646639784957,101181.23641801075,False,True,2.207813552612297,False,0.473366021864883,1.3593548387096772,False,770.9553333333333
Mulembwe,2017,10,,14.25,22.351612903225806,10.951612903225808,132.29999999999995,MPOTA (Tora),MPOTA (Tora),grid_m4.00_29.50,22.60709810483872,18.758500000000023,28.278470000000027,346.10128444962004,0.1660016919797043,0.4856254620629032,18.83536596774195,101210.2211357527,False,False,0.3376177859350189,False,0.368813768460608,1.5474309436613467,True,770.9553333333333
Mutimbuzi,2017,10,,18.59,30.441935483870967,20.819354838709675,47.1,BUJUMBURA (Aeroport),BUJUMBURA (Aeroport),grid_m3.25_29.25,25.578520645161348,18.402800000000013,34.35787000000005,3.97872926066,0.8203405688375,0.4937149171147849,13.668195228494652,101150.3068077957,False,False,1.5476478434872514,False,0.478250659092232,1.282938849365319,True,770.9553333333333
Mutimbuzi,2017,11,0.4836666666666666,18.79,29.223333333333336,20.66333333333333,164.69999999999996,BUJUMBURA (Aeroport),BUJUMBURA (Aeroport),grid_m3.25_29.25,24.32944175,18.47670000000005,32.61250000000001,45.9918975687,0.7264699784965278,0.4128794977736111,15.161962486111122,101186.91952777778,False,False,1.5476478434872514,False,0.5180621667639905,0.4836666666666666,False,770.9609999999999
Nyakagunda,2017,11,0.4186666666666666,,31.850000000000005,14.133140000000026,131.00000000000003,MPARAMBO,MPARAMBO,grid_m2.75_29.00,21.06529554166673,14.133140000000026,28.54382000000004,45.59183116474,-0.7927547391291666,0.4180037397855555,13.0195007916667,101290.8441875,False,True,1.9960780806672505,False,0.5439077643756635,0.4186666666666666,False,770.9609999999999
Nyengwe,2017,11,0.8613333333333334,12.56,28.11,20.266666666666666,130.29999999999998,NYANZA LAC (IRAT),NYANZA LAC (IRAT),grid_m4.25_29.50,23.08834188888892,20.83862000000005,25.306050000000027,447.44491593012,0.3156667556272222,0.6131385577896528,19.33496069444448,101182.25025,False,False,0.3658537084356579,False,0.409450276338858,0.8613333333333334,False,770.9609999999999
Jiji,2017,11,0.6120000000000001,,21.69333333333334,11.346666666666664,156.6,MPOTA (Tora),MPOTA (Tora),grid_m4.00_29.75,19.54727766666673,15.394860000000053,25.72550000000001,301.4426232668,-0.4606163379940278,0.2519094456041666,16.445439263888943,101371.62559722224,False,False,0.7469623692808592,False,0.40637052049123,0.6120000000000001,False,770.9609999999999
Mpanda,2017,11,1.542,7.86,20.98,11.23,204.1,RWEGURA,RWEGURA,grid_m3.00_29.50,18.891382930555608,13.624300000000003,26.01060000000001,321.5017304344,-0.5257272867229167,-0.3406958058613888,14.874836611111109,101369.27735416664,False,False,0.6181210600568109,False,0.5141924089766265,1.542,False,770.9609999999999
Rusizi,2017,11,2.3,,29.223333333333336,20.66333333333333,164.69999999999996,BUJUMBURA (Aeroport),BUJUMBURA (Aeroport),grid_m3.25_29.25,24.32944175,18.47670000000005,32.61250000000001,45.9918975687,0.7264699784965278,0.4128794977736111,15.161962486111122,101186.91952777778,False,False,1.5043629271954442,False,0.523785379513384,2.3,False,770.9609999999999
Kaburantwa,2017,11,1.3986666666666667,0.12,31.850000000000005,16.60775000000001,131.00000000000003,MPARAMBO,MPARAMBO,grid_m3.00_29.25,23.05019083333337,16.60775000000001,31.02657000000005,39.2785070591,0.4126556890854166,0.3997298109015278,14.74443861111115,101212.93794444443,False,True,2.207813552612297,False,0.567714995908981,1.3986666666666667,False,770.9609999999999
Nyamagana,2017,11,0.9743333333333332,,31.850000000000005,16.60775000000001,131.00000000000003,MPARAMBO,MPARAMBO,grid_m3.00_29.25,23.05019083333337,16.60775000000001,31.02657000000005,39.2785070591,0.4126556890854166,0.3997298109015278,14.74443861111115,101212.93794444443,False,True,2.186850324850525,False,0.467845178046662,0.9743333333333332,False,770.9609999999999
Mulembwe,2017,11,0.8083333333333335,17.98,21.69333333333334,11.346666666666664,156.6,MPOTA (Tora),MPOTA (Tora),grid_m4.00_29.50,21.418818875000056,18.11490000000004,25.47402,649.4817739113,-0.0657229461622222,0.7114078740852361,18.66528251388894,101254.35947222222,False,False,0.3376177859350189,False,0.2321371554234845,0.8083333333333335,False,770.9609999999999
Nyengwe,2017,12,0.9722580645161292,14.19,28.827586206896555,20.141379310344828,115.7,NYANZA LAC (IRAT),NYANZA LAC (IRAT),grid_m4.25_29.50,23.16716448924734,20.764120000000048,25.72207000000003,525.1929766729,0.0777464837096774,0.7323684088347849,19.633410940860244,101184.09076612904,False,False,0.3658537084356579,False,0.469501695672294,0.9722580645161292,False,771.00375
Mutimbuzi,2017,12,0.4983870967741937,20.95,29.88387096774193,20.5,67.7,BUJUMBURA (Aeroport),BUJUMBURA (Aeroport),grid_m3.25_29.25,25.33729416666671,17.870720000000006,32.19906000000003,34.14010993662,0.4759818445208333,0.5277339364268817,15.824030241935532,101170.73357526882,False,False,1.5476478434872514,False,0.5922357918531416,0.4983870967741937,False,771.00375
Rusizi,2017,12,2.37,,29.88387096774193,20.5,67.7,BUJUMBURA (Aeroport),BUJUMBURA (Aeroport),grid_m3.25_29.25,25.33729416666671,17.870720000000006,32.19906000000003,34.14010993662,0.4759818445208333,0.5277339364268817,15.824030241935532,101170.73357526882,False,False,1.5043629271954442,False,0.544361987994632,2.37,False,771.00375
Kaburantwa,2017,12,1.834516129032258,0.39,32.612903225806456,17.184500000000014,95.1,MPARAMBO,MPARAMBO,grid_m3.00_29.25,23.78610590053762,17.184500000000014,31.57552000000004,34.28220753318,0.3738089937703763,0.4347714864854838,15.0144856451613,101195.41771505376,False,True,2.207813552612297,False,0.6745684620079335,1.834516129032258,False,771.00375
Mulembwe,2017,12,1.023548387096774,21.49,21.706451612903223,11.86451612903226,194.1,MPOTA (Tora),MPOTA (Tora),grid_m4.00_29.50,21.499411129032296,18.490260000000035,25.21810000000005,708.17899740646,-0.1277621696513978,0.844422393606586,18.894996357526907,101258.47483870968,False,False,0.3376177859350189,False,0.3843351627174425,1.023548387096774,False,771.00375
Nyakagunda,2017,12,0.4067741935483871,,32.612903225806456,14.70553000000001,95.1,MPARAMBO,MPARAMBO,grid_m2.75_29.00,21.28409735215058,14.70553000000001,28.83175,63.12179544596,-0.6967082682362904,0.1651457301215053,13.375454583333353,101283.37907258065,False,True,1.9960780806672505,False,0.5458989412166515,0.4067741935483871,False,771.00375
Mpanda,2017,12,1.476129032258065,11.43,21.541935483870965,11.551612903225806,89.89999999999999,RWEGURA,RWEGURA,grid_m3.00_29.50,19.245657231182804,13.657830000000049,27.075900000000047,290.52257543786,-0.3614126236252687,-0.3979711843469892,14.90135956989252,101357.62470430108,False,False,0.6181210600568109,False,0.596623762855865,1.476129032258065,False,771.00375
Nyamagana,2017,12,0.855483870967742,,32.612903225806456,17.184500000000014,95.1,MPARAMBO,MPARAMBO,grid_m3.00_29.25,23.78610590053762,17.184500000000014,31.57552000000004,34.28220753318,0.3738089937703763,0.4347714864854838,15.0144856451613,101195.41771505376,False,True,2.186850324850525,False,0.5849320302312775,0.855483870967742,False,771.00375
Jiji,2017,12,0.665483870967742,,21.706451612903223,11.86451612903226,194.1,MPOTA (Tora),MPOTA (Tora),grid_m4.00_29.75,19.63238700268824,15.325800000000015,24.50527,327.61406899626,-0.2309680239844086,0.3018461037946237,16.95908963709678,101376.4879435484,False,False,0.7469623692808592,False,0.5964368299310214,0.665483870967742,False,771.00375
Nyengwe,2018,1,0.9819354838709676,14.93,28.54193548387096,20.35806451612904,102.6,NYANZA LAC (IRAT),NYANZA LAC (IRAT),grid_m4.25_29.50,22.899587728494623,20.35480000000001,25.56066000000004,315.45996654754,0.5525972784553763,0.0654064717291666,18.72887720430112,101214.33893145162,False,False,0.3658537084356579,False,0.5960671620259286,0.9819354838709676,False,771.2726666666667
Rusizi,2018,1,2.5,,28.75161290322581,20.39032258064516,85.69999999999999,BUJUMBURA (Aeroport),BUJUMBURA (Aeroport),grid_m3.25_29.25,22.854820497311835,16.726950000000045,30.01052000000004,129.97913387454,-0.3001268566806451,-0.0766899354709677,16.745389529569877,101262.30936155916,False,False,1.5043629271954442,False,0.437951291416126,2.5,False,771.2726666666667
Mpanda,2018,1,1.4793548387096775,8.75,19.84193548387097,11.03,223.9,RWEGURA,RWEGURA,grid_m3.00_29.50,17.954987016129053,13.002280000000042,24.96365000000003,348.52194717914,0.4087013202412634,-0.0984027001872312,14.667783991935494,101420.70183467744,False,False,0.6181210600568109,False,0.6684179793276834,1.4793548387096775,False,771.2726666666667
Nyamagana,2018,1,0.9803225806451616,,30.38064516129032,15.85134000000005,146.3,MPARAMBO,MPARAMBO,grid_m3.00_29.25,21.757337231182817,15.85134000000005,29.035420000000045,101.65452982204,0.1392711388440712,0.1241091654717741,15.384465698924773,101282.12723790325,False,True,2.186850324850525,False,0.6302240664195705,0.9803225806451616,False,771.2726666666667
Kaburantwa,2018,1,1.900322580645161,0.11,30.38064516129032,15.85134000000005,146.3,MPARAMBO,MPARAMBO,grid_m3.00_29.25,21.757337231182817,15.85134000000005,29.035420000000045,101.65452982204,0.1392711388440712,0.1241091654717741,15.384465698924773,101282.12723790325,False,True,2.207813552612297,False,0.6490120556820944,1.900322580645161,False,771.2726666666667
Mutimbuzi,2018,1,0.6751612903225804,16.81,28.75161290322581,20.39032258064516,85.69999999999999,BUJUMBURA (Aeroport),BUJUMBURA (Aeroport),grid_m3.25_29.25,22.854820497311835,16.726950000000045,30.01052000000004,129.97913387454,-0.3001268566806451,-0.0766899354709677,16.745389529569877,101262.30936155916,False,False,1.5476478434872514,False,0.6270245342597509,0.6751612903225804,False,771.2726666666667
Mulembwe,2018,1,1.13258064516129,21.14,20.89032258064516,11.97741935483871,255.30000000000004,MPOTA (Tora),MPOTA (Tora),grid_m4.00_29.50,21.09183922043013,18.10630000000004,25.597770000000025,486.84382436842,0.242950837577957,0.326797074600215,18.10544111559141,101290.1991465054,False,False,0.3376177859350189,False,0.347591288521727,1.13258064516129,False,771.2726666666667
Jiji,2018,1,0.8141935483870966,,20.89032258064516,11.97741935483871,255.30000000000004,MPOTA (Tora),MPOTA (Tora),grid_m4.00_29.75,18.97804872311832,15.443750000000025,24.70583000000005,317.30771017668,0.4003244090307796,0.4764539652822124,16.412441599462397,101402.44713037636,False,False,0.7469623692808592,False,0.722617918908531,0.8141935483870966,False,771.2726666666667
Nyakagunda,2018,1,0.44,,30.38064516129032,14.95070000000004,146.3,MPARAMBO,MPARAMBO,grid_m2.75_29.00,19.99271263440864,14.95070000000004,27.45780000000002,80.53874979148,-0.2172161769053628,-0.0206898515202957,13.804970067204351,101347.30196908602,False,True,1.9960780806672505,False,0.6190087780685785,0.44,False,771.2726666666667
Nyakagunda,2018,2,0.6225000000000002,,31.750000000000004,14.129500000000007,96.3,MPARAMBO,MPARAMBO,grid_m2.75_29.00,21.639855639880977,14.129500000000007,29.59590000000003,28.30457688754,-0.6640308922597767,0.2927574213499003,13.376787991071469,101173.79364583331,False,True,1.9960780806672505,False,0.6392619983317215,0.6225000000000002,False,771.3853333333333
Mulembwe,2018,2,1.149285714285714,15.66,22.425,11.664285714285716,117.9,MPOTA (Tora),MPOTA (Tora),grid_m4.00_29.50,22.16830992559528,18.75674000000004,26.715700000000027,390.13767230852,-0.0225819174730654,0.615878990522366,19.123271696428617,101127.08883928572,False,False,0.3376177859350189,False,0.4295757915314609,1.149285714285714,False,771.3853333333333
Kaburantwa,2018,2,2.0842857142857136,0.1,31.750000000000004,16.993920000000003,96.3,MPARAMBO,MPARAMBO,grid_m3.00_29.25,23.60400531250002,16.993920000000003,31.543020000000013,14.445781749700002,0.3519486921041667,0.3098022150397321,15.142672023809553,101085.23616815476,False,True,2.207813552612297,False,0.6632654336712125,2.0842857142857136,False,771.3853333333333
Mutimbuzi,2018,2,0.6107142857142857,15.42,29.714285714285715,20.721428571428568,120.60000000000002,BUJUMBURA (Aeroport),BUJUMBURA (Aeroport),grid_m3.25_29.25,24.83463327380952,18.57516000000004,32.68080000000003,13.7996673747,0.5673257746600744,0.3361650408679226,15.82434184523811,101053.48020833332,False,False,1.5476478434872514,False,0.654640075516502,0.6107142857142857,False,771.3853333333333
Nyengwe,2018,2,1.0714285714285714,11.21,29.48076923076923,20.292857142857144,97.4,NYANZA LAC (IRAT),NYANZA LAC (IRAT),grid_m4.25_29.50,23.995016101190515,21.18502000000001,26.495600000000024,249.55797297654,0.3940702167150298,0.3550757682885416,19.781227604166705,101045.29494791669,False,False,0.3658537084356579,False,0.6477540694074926,1.0714285714285714,False,771.3853333333333
Mpanda,2018,2,1.5010714285714286,5.64,21.735714285714288,11.710714285714287,118.1,RWEGURA,RWEGURA,grid_m3.00_29.50,19.41839120535718,13.466030000000046,26.616360000000043,261.73877789696,-0.2152422964324404,-0.2678998989146726,15.143744360119058,101248.17217261906,False,False,0.6181210600568109,False,0.7126270153702835,1.5010714285714286,False,771.3853333333333
Jiji,2018,2,0.7582142857142857,,22.425,11.664285714285716,117.9,MPOTA (Tora),MPOTA (Tora),grid_m4.00_29.75,20.2235348809524,15.48947000000004,26.877830000000017,199.47767279436,-0.2097433176220237,0.432490145213244,17.06925815476194,101246.83569196428,False,False,0.7469623692808592,False,0.704592805257318,0.7582142857142857,False,771.3853333333333
Rusizi,2018,2,2.52,,29.714285714285715,20.721428571428568,120.60000000000002,BUJUMBURA (Aeroport),BUJUMBURA (Aeroport),grid_m3.25_29.25,24.83463327380952,18.57516000000004,32.68080000000003,13.7996673747,0.5673257746600744,0.3361650408679226,15.82434184523811,101053.48020833332,False,False,1.5043629271954442,False,0.622081831438306,2.52,False,771.3853333333333
Nyamagana,2018,2,1.0775,,31.750000000000004,16.993920000000003,96.3,MPARAMBO,MPARAMBO,grid_m3.00_29.25,23.60400531250002,16.993920000000003,31.543020000000013,14.445781749700002,0.3519486921041667,0.3098022150397321,15.142672023809553,101085.23616815476,False,True,2.186850324850525,False,0.6330439048550105,1.0775,False,771.3853333333333
Mulembwe,2018,3,1.2590322580645166,17.42,21.24193548387097,11.839999999999998,210.1,MPOTA (Tora),MPOTA (Tora),grid_m4.00_29.50,21.77786037634411,17.873680000000036,26.85910000000001,407.64093417424,0.0914260288792473,0.378137855359543,18.433656075268857,101260.69156586022,False,False,0.3376177859350189,False,0.377875672825769,1.2590322580645166,False,771.518
Mpanda,2018,3,1.5748387096774192,6.41,20.04838709677419,11.5,223.9,RWEGURA,RWEGURA,grid_m3.00_29.50,18.68381346774197,13.430630000000008,25.784880000000044,284.78956251552,-0.013043844388172,0.0296297387809139,15.00318329301075,101404.47396505377,False,False,0.6181210600568109,False,0.702225333954354,1.5748387096774192,False,771.518
Nyengwe,2018,3,1.1054838709677417,9.34,28.48709677419355,20.264516129032263,335.4,NYANZA LAC (IRAT),NYANZA LAC (IRAT),grid_m4.25_29.50,23.54019274193547,20.110000000000017,26.59652,340.44456472226,0.4607267892139784,0.4042097116990591,19.35356701612904,101184.06690188171,False,False,0.3658537084356579,False,0.543119981301756,1.1054838709677417,False,771.518
Rusizi,2018,3,2.74,,29.390322580645165,20.85483870967742,126.7,BUJUMBURA (Aeroport),BUJUMBURA (Aeroport),grid_m3.25_29.25,23.678043844086005,17.068380000000047,30.86996000000005,103.83081430456,-0.3123064347269207,0.1886689807929704,16.858882755376328,101224.1267002688,False,False,1.5043629271954442,False,0.5999613314761065,2.74,False,771.518
Nyamagana,2018,3,0.9648387096774196,,31.35806451612904,16.611350000000016,162.6,MPARAMBO,MPARAMBO,grid_m3.00_29.25,22.80607799731189,16.611350000000016,31.010580000000004,45.79591753816,0.0084484066630376,0.2249396122783602,15.6056305241936,101245.09947580646,False,True,2.186850324850525,False,0.6568563772158075,0.9648387096774196,False,771.518
Mutimbuzi,2018,3,1.2429032258064516,15.88,29.390322580645165,20.85483870967742,126.7,BUJUMBURA (Aeroport),BUJUMBURA (Aeroport),grid_m3.25_29.25,23.678043844086005,17.068380000000047,30.86996000000005,103.83081430456,-0.3123064347269207,0.1886689807929704,16.858882755376328,101224.1267002688,False,False,1.5476478434872514,False,0.6863335237955365,1.2429032258064516,False,771.518
Kaburantwa,2018,3,2.134193548387097,0.08,31.35806451612904,16.611350000000016,162.6,MPARAMBO,MPARAMBO,grid_m3.00_29.25,22.80607799731189,16.611350000000016,31.010580000000004,45.79591753816,0.0084484066630376,0.2249396122783602,15.6056305241936,101245.09947580646,False,True,2.207813552612297,False,0.705993628159882,2.134193548387097,False,771.518
Nyakagunda,2018,3,0.5251612903225806,,31.35806451612904,13.589200000000003,162.6,MPARAMBO,MPARAMBO,grid_m2.75_29.00,20.56870823924731,13.589200000000003,28.07894000000005,70.30296320622,-0.2870496943783602,0.1270904118415725,14.266364018817228,101324.33366935483,False,True,1.9960780806672505,False,0.6392022948302335,0.5251612903225806,False,771.518
Jiji,2018,3,0.783225806451613,,21.24193548387097,11.839999999999998,210.1,MPOTA (Tora),MPOTA (Tora),grid_m4.00_29.75,19.491809166666712,14.721339999999998,26.191130000000044,316.48397464842,0.0925259755029569,0.3958551143210578,16.7610354704301,101391.60247983872,False,False,0.7469623692808592,False,0.7036609798285995,0.783225806451613,False,771.518
Nyengwe,2018,4,1.2659999999999998,10.6,27.35000000000001,20.216666666666665,205.90000000000003,NYANZA LAC (IRAT),NYANZA LAC (IRAT),grid_m4.25_29.50,22.716306222222272,20.339440000000025,25.38757000000004,551.38111052234,0.2931863562594444,0.4485377144184722,19.46006311111114,101279.6338888889,False,False,0.3658537084356579,False,0.4983085171920905,1.2659999999999998,False,771.8936666666667
Nyamagana,2018,4,1.2456666666666671,,30.500000000000004,15.14572000000004,243.0,MPARAMBO,MPARAMBO,grid_m3.00_29.25,21.53857750000003,15.14572000000004,28.72524000000004,308.96568291432,-0.1224874705588722,0.2852863027159722,17.195599472222284,101347.9299097222,False,True,2.186850324850525,False,0.6980698975660236,1.2456666666666671,False,771.8936666666667
Rusizi,2018,4,3.82,,28.703333333333333,20.966666666666665,238.9999999999999,BUJUMBURA (Aeroport),BUJUMBURA (Aeroport),grid_m3.25_29.25,22.95121013888888,16.151820000000043,29.52908000000002,435.37855147574,-0.2538771734554861,0.3587387227480555,18.161750444444465,101319.13097222222,False,False,1.5043629271954442,False,0.6223106178869865,3.82,False,771.8936666666667
Jiji,2018,4,0.996,,20.31,12.453333333333337,305.8,MPOTA (Tora),MPOTA (Tora),grid_m4.00_29.75,19.03222163888887,15.259500000000005,25.018640000000005,368.48354230646,-0.2185852901251389,0.4404512337127778,16.879274444444434,101482.27039583331,False,False,0.7469623692808592,False,0.524513973870654,0.996,False,771.8936666666667
Mpanda,2018,4,1.7079999999999995,7.4,19.76,11.42333333333333,419.1,RWEGURA,RWEGURA,grid_m3.00_29.50,18.273823013888943,13.61080000000004,25.105430000000013,486.79733327512,-0.2128262830731944,0.0171073220397222,15.643366861111131,101485.5749236111,False,False,0.6181210600568109,False,0.6489825868653925,1.7079999999999995,False,771.8936666666667
Kaburantwa,2018,4,2.383666666666666,0.82,30.500000000000004,15.14572000000004,243.0,MPARAMBO,MPARAMBO,grid_m3.00_29.25,21.53857750000003,15.14572000000004,28.72524000000004,308.96568291432,-0.1224874705588722,0.2852863027159722,17.195599472222284,101347.9299097222,False,True,2.207813552612297,False,0.7466217233632291,2.383666666666666,False,771.8936666666667
Mutimbuzi,2018,4,2.5196666666666667,14.31,28.703333333333333,20.966666666666665,238.9999999999999,BUJUMBURA (Aeroport),BUJUMBURA (Aeroport),grid_m3.25_29.25,22.95121013888888,16.151820000000043,29.52908000000002,435.37855147574,-0.2538771734554861,0.3587387227480555,18.161750444444465,101319.13097222222,False,False,1.5476478434872514,False,0.678633051317298,2.5196666666666667,False,771.8936666666667
Nyakagunda,2018,4,0.6176666666666667,,30.500000000000004,13.888149999999996,243.0,MPARAMBO,MPARAMBO,grid_m2.75_29.00,19.537556972222266,13.888149999999996,26.656900000000007,197.63278975358,-0.5708910627354167,0.3313597081752083,15.590542972222238,101414.71136111113,False,True,1.9960780806672505,False,0.7101157784981695,0.6176666666666667,False,771.8936666666667
Mulembwe,2018,4,1.720666666666666,13.56,20.31,12.453333333333337,305.8,MPOTA (Tora),MPOTA (Tora),grid_m4.00_29.50,21.22079795833337,17.61495000000002,25.756700000000023,622.44081554314,-0.01045947627,0.4555092847985555,18.70484165277776,101351.35111805557,False,False,0.3376177859350189,False,0.3626075102493695,1.720666666666666,False,771.8936666666667
Nyamagana,2018,5,1.150967741935484,,30.87096774193548,13.688680000000032,103.60000000000002,MPARAMBO,MPARAMBO,grid_m3.00_29.25,21.92887190860216,13.688680000000032,28.50692000000004,14.44816591498,0.4272806315290323,0.5681146821634409,16.36036490591397,101402.867452957,False,True,2.186850324850525,False,0.6624321659933574,1.150967741935484,False,771.9159999999999
Rusizi,2018,5,3.78,,30.380645161290328,20.30967741935484,91.2,BUJUMBURA (Aeroport),BUJUMBURA (Aeroport),grid_m3.25_29.25,23.62888360215055,14.99105000000003,30.07920000000001,10.9362602135,1.1756464646803764,0.7407916687386357,16.891037123655906,101365.32083333332,False,False,1.5043629271954442,False,0.6539616995677535,3.78,False,771.9159999999999
Mpanda,2018,5,1.4648387096774191,8.86,19.96451612903226,11.129032258064514,186.4,RWEGURA,RWEGURA,grid_m3.00_29.50,18.80268829301076,11.178430000000048,25.81942000000004,166.84484481724,-0.7582203046958333,0.1332109700689516,15.002079206989263,101534.45961693548,False,False,0.6181210600568109,False,0.719395156963204,1.4648387096774191,False,771.9159999999999
Nyakagunda,2018,5,0.5632258064516129,,30.87096774193548,14.858600000000024,103.60000000000002,MPARAMBO,MPARAMBO,grid_m2.75_29.00,20.131269932795703,14.858600000000024,26.606100000000023,39.8855210131,-1.2498171397127686,0.8503399312786291,14.556210443548366,101470.90950268816,False,True,1.9960780806672505,False,0.7028169206999175,0.5632258064516129,False,771.9159999999999
Mutimbuzi,2018,5,2.3845161290322583,17.51,30.380645161290328,20.30967741935484,91.2,BUJUMBURA (Aeroport),BUJUMBURA (Aeroport),grid_m3.25_29.25,23.62888360215055,14.99105000000003,30.07920000000001,10.9362602135,1.1756464646803764,0.7407916687386357,16.891037123655906,101365.32083333332,False,False,1.5476478434872514,False,0.668378497785723,2.3845161290322583,False,771.9159999999999
Mulembwe,2018,5,1.6061290322580648,12.51,20.76129032258065,11.11290322580645,128.4,MPOTA (Tora),MPOTA (Tora),grid_m4.00_29.50,21.3720085215054,16.219449999999995,25.318140000000028,334.01918366194,0.0488928510939516,0.5258429135231183,18.65296853494624,101417.66036962366,False,False,0.3376177859350189,False,0.4484035419178834,1.6061290322580648,False,771.9159999999999
Nyengwe,2018,5,1.1938709677419357,9.67,29.275,19.731034482758623,34.7,NYANZA LAC (IRAT),NYANZA LAC (IRAT),grid_m4.25_29.50,22.89413060483872,20.437400000000025,25.71658000000002,332.1242330215,0.8046065308567205,0.255014831703629,19.42033430107529,101347.59733870967,False,False,0.3658537084356579,False,0.6723749323762115,1.1938709677419357,False,771.9159999999999
Kaburantwa,2018,5,2.442903225806452,0.11,30.87096774193548,13.688680000000032,103.60000000000002,MPARAMBO,MPARAMBO,grid_m3.00_29.25,21.92887190860216,13.688680000000032,28.50692000000004,14.44816591498,0.4272806315290323,0.5681146821634409,16.36036490591397,101402.867452957,False,True,2.207813552612297,False,0.72211903901095,2.442903225806452,False,771.9159999999999
Jiji,2018,5,0.9996774193548388,,20.76129032258065,11.11290322580645,128.4,MPOTA (Tora),MPOTA (Tora),grid_m4.00_29.75,19.57724647849465,13.684300000000007,24.87330000000003,116.32919324688,-1.1686561345155917,0.4016685286159946,15.61664684139788,101537.47337365591,False,False,0.7469623692808592,False,0.7387975759812695,0.9996774193548388,False,771.9159999999999
Nyengwe,2018,6,1.0653333333333337,2.69,29.396666666666665,17.963333333333335,0.0,NYANZA LAC (IRAT),NYANZA LAC (IRAT),grid_m4.25_29.50,23.042454888888926,20.97164000000004,25.114100000000008,69.19050210372001,1.0411327989936112,0.3931053175373611,18.230229597222205,101495.08690277777,False,False,0.3658537084356579,False,0.652216065307979,1.0653333333333337,False,771.826
Rusizi,2018,6,3.61,,29.589655172413792,19.173333333333336,3.0,BUJUMBURA (Aeroport),BUJUMBURA (Aeroport),grid_m3.25_29.25,23.43344606944447,14.32340000000005,30.783040000000028,1.46579744348,0.89926675116,1.2096037955011112,15.29053747222224,101498.88222916666,False,False,1.5043629271954442,False,0.5607920446402365,3.61,False,771.826
Jiji,2018,6,0.6096666666666665,,21.37241379310345,7.934482758620688,20.5,MPOTA (Tora),MPOTA (Tora),grid_m4.00_29.75,19.364867041666685,13.046170000000018,25.553860000000043,29.59203711542,-0.7194954551805556,0.8349767904756945,13.552381041666706,101665.10463194444,False,False,0.7469623692808592,False,0.716089825411247,0.6096666666666665,False,771.826
Nyakagunda,2018,6,0.4566666666666664,,31.49333333333333,13.884119999999996,1.1,MPARAMBO,MPARAMBO,grid_m2.75_29.00,20.356311027777792,13.884119999999996,27.595540000000028,5.85079193512,-1.1958653557031944,0.7802458869261945,12.444731277777803,101601.59416666666,False,True,1.9960780806672505,False,0.547265198392386,0.4566666666666664,False,771.826
Mulembwe,2018,6,1.014,3.4,21.37241379310345,7.934482758620688,20.5,MPOTA (Tora),MPOTA (Tora),grid_m4.00_29.50,21.185863375,16.336880000000008,24.98130000000004,117.05875387104,0.1877107619347083,0.6961625001739722,17.82927722222223,101567.79666666666,False,False,0.3376177859350189,False,0.3607401435035855,1.014,False,771.826
Mutimbuzi,2018,6,1.0333333333333332,4.11,29.589655172413792,19.173333333333336,3.0,BUJUMBURA (Aeroport),BUJUMBURA (Aeroport),grid_m3.25_29.25,23.43344606944447,14.32340000000005,30.783040000000028,1.46579744348,0.89926675116,1.2096037955011112,15.29053747222224,101498.88222916666,False,False,1.5476478434872514,False,0.5634338121276755,1.0333333333333332,False,771.826
Kaburantwa,2018,6,2.147333333333333,0.08,31.49333333333333,13.9957,1.1,MPARAMBO,MPARAMBO,grid_m3.00_29.25,21.82668343055559,13.9957,29.839,2.69746780838,0.4432039264983333,0.6698739777388889,14.200219152777777,101533.67166666666,False,True,2.207813552612297,False,0.62326353774169,2.147333333333333,False,771.826
Nyamagana,2018,6,0.918333333333333,,31.49333333333333,13.9957,1.1,MPARAMBO,MPARAMBO,grid_m3.00_29.25,21.82668343055559,13.9957,29.839,2.69746780838,0.4432039264983333,0.6698739777388889,14.200219152777777,101533.67166666666,False,True,2.186850324850525,False,0.5268757424126964,0.918333333333333,False,771.826
Mpanda,2018,6,1.349666666666667,2.37,21.186666666666667,9.92,25.5,RWEGURA,RWEGURA,grid_m3.00_29.50,18.84151333333336,11.391750000000002,26.639670000000024,23.99253839984,-0.5051589750252777,0.4922996516638888,12.441554708333342,101641.43551388888,False,False,0.6181210600568109,False,0.6114847536096875,1.349666666666667,False,771.826
Nyengwe,2018,7,0.9967741935483866,0.95,30.196666666666665,17.223333333333336,0.0,NYANZA LAC (IRAT),NYANZA LAC (IRAT),grid_m4.25_29.50,22.36869591397852,19.676420000000007,25.2131,31.15987786668,0.98337592045,0.5484653259536291,16.662846747311846,101584.62141801076,False,False,0.3658537084356579,False,0.5563986409474835,0.9967741935483866,False,771.682
Rusizi,2018,7,3.55,,29.4,17.835483870967742,21.6,BUJUMBURA (Aeroport),BUJUMBURA (Aeroport),grid_m3.25_29.25,23.13213122311828,14.68575000000004,30.22012000000001,18.28432082948,1.093155193399059,1.424532458513441,14.528490591397883,101580.23615591398,False,False,1.5043629271954442,False,0.4692033637398955,3.55,False,771.682
Jiji,2018,7,0.5019354838709679,,21.006451612903223,6.993333333333334,0.6,MPOTA (Tora),MPOTA (Tora),grid_m4.00_29.75,19.022039233871,12.935200000000007,25.40264000000002,25.01153959424,-1.0319537509324328,0.9187689019571236,12.13265469086025,101744.44985215052,False,False,0.7469623692808592,False,0.6365981593269789,0.5019354838709679,False,771.682
Mpanda,2018,7,1.4264516129032256,0.93,20.280645161290323,9.56774193548387,15.0,RWEGURA,RWEGURA,grid_m3.00_29.50,18.659973481182817,10.77950000000004,26.32363000000004,19.65904231376,-0.6893089447634408,0.638404896019086,11.23676081989248,101702.28184811828,False,False,0.6181210600568109,False,0.498351483931066,1.4264516129032256,False,771.682
Nyakagunda,2018,7,0.4083870967741937,,31.76451612903225,12.06400000000002,22.4,MPARAMBO,MPARAMBO,grid_m2.75_29.00,19.797398521505382,12.06400000000002,27.01895000000001,10.9157561611,-1.3911187368642477,1.0341240348276883,11.368749408602184,101664.29884408602,False,True,1.9960780806672505,False,0.4522605167870475,0.4083870967741937,False,771.682
Mulembwe,2018,7,0.8003225806451613,2.03,21.006451612903223,6.993333333333334,0.6,MPOTA (Tora),MPOTA (Tora),grid_m4.00_29.50,20.481759059139847,16.321619999999996,24.83566000000002,62.70933126482001,0.2101864968848871,0.8108836856787636,16.713381115591403,101652.27245295698,False,False,0.3376177859350189,False,0.347338845913031,0.8003225806451613,False,771.682
Nyamagana,2018,7,0.8112903225806455,,31.76451612903225,13.846640000000036,22.4,MPARAMBO,MPARAMBO,grid_m3.00_29.25,21.952703481182823,13.846640000000036,29.28866000000005,4.44316867036,0.503058115665457,0.9084664284575268,13.1346367607527,101605.19585349465,False,True,2.186850324850525,False,0.452306337176703,0.8112903225806455,False,771.682
Kaburantwa,2018,7,2.2458064516129035,0.06,31.76451612903225,13.846640000000036,22.4,MPARAMBO,MPARAMBO,grid_m3.00_29.25,21.952703481182823,13.846640000000036,29.28866000000005,4.44316867036,0.503058115665457,0.9084664284575268,13.1346367607527,101605.19585349465,False,True,2.207813552612297,False,0.5460901548320329,2.2458064516129035,False,771.682
Mutimbuzi,2018,7,1.474193548387097,2.2,29.4,17.835483870967742,21.6,BUJUMBURA (Aeroport),BUJUMBURA (Aeroport),grid_m3.25_29.25,23.13213122311828,14.68575000000004,30.22012000000001,18.28432082948,1.093155193399059,1.424532458513441,14.528490591397883,101580.23615591398,False,False,1.5476478434872514,False,0.491491920643175,1.474193548387097,False,771.682
Jiji,2018,8,0.4683870967741934,,21.654838709677428,8.886666666666667,97.0,MPOTA (Tora),MPOTA (Tora),grid_m4.00_29.75,20.41837248655918,13.756370000000004,26.75460000000004,50.689220412800005,-0.7352803749239246,0.6971616027481182,13.075478212365624,101574.19770833332,False,False,0.7469623692808592,False,0.5934407870253076,0.4683870967741934,False,771.6853333333333
Mpanda,2018,8,1.4987096774193545,0.5,21.15806451612903,10.670967741935485,83.99999999999999,RWEGURA,RWEGURA,grid_m3.00_29.50,19.012723615591423,12.326440000000048,26.58468000000005,226.65071465466,-0.4230389546921774,0.1887164376182258,13.020184865591432,101598.05151209678,False,False,0.6181210600568109,False,0.4410121564974379,1.4987096774193545,False,771.6853333333333
Mulembwe,2018,8,0.7583870967741935,1.62,21.654838709677428,8.886666666666667,97.0,MPOTA (Tora),MPOTA (Tora),grid_m4.00_29.50,21.79302864247313,16.750500000000045,26.60420000000005,115.44275245518,0.1376982454467742,0.2310446447760752,17.39835299731186,101470.63215053764,False,False,0.3376177859350189,False,0.3280917416294445,0.7583870967741935,False,771.6853333333333
Mutimbuzi,2018,8,1.1861290322580649,1.7,29.93225806451613,19.3,16.8,BUJUMBURA (Aeroport),BUJUMBURA (Aeroport),grid_m3.25_29.25,23.618223790322645,15.459100000000037,32.33620000000002,19.10305013932,0.9473249986125,0.8092720284944892,14.73113775537638,101435.44835349463,False,False,1.5476478434872514,False,0.4624254101763735,1.1861290322580649,False,771.6853333333333
Kaburantwa,2018,8,2.0690322580645155,0.05,32.061290322580646,14.767020000000002,88.6,MPARAMBO,MPARAMBO,grid_m3.00_29.25,22.48603604838712,14.767020000000002,30.94753000000003,12.87651066572,0.4757214413357526,0.4552458084475806,13.547303333333332,101469.20963709678,False,True,2.207813552612297,False,0.5211256750959675,2.0690322580645155,False,771.6853333333333
Nyengwe,2018,8,0.9541935483870968,0.47,30.570967741935487,18.406451612903226,0.0,NYANZA LAC (IRAT),NYANZA LAC (IRAT),grid_m4.25_29.50,23.73913926075272,21.000020000000006,26.26248000000004,45.85313806822,0.8552984230451075,-0.0726361015533602,17.24502774193553,101393.19804435484,False,False,0.3658537084356579,False,0.4766169459789855,0.9541935483870968,False,771.6853333333333
Nyamagana,2018,8,0.8332258064516127,,32.061290322580646,14.767020000000002,88.6,MPARAMBO,MPARAMBO,grid_m3.00_29.25,22.48603604838712,14.767020000000002,30.94753000000003,12.87651066572,0.4757214413357526,0.4552458084475806,13.547303333333332,101469.20963709678,False,True,2.186850324850525,False,0.4805540871515434,0.8332258064516127,False,771.6853333333333
Rusizi,2018,8,2.93,,29.93225806451613,19.3,16.8,BUJUMBURA (Aeroport),BUJUMBURA (Aeroport),grid_m3.25_29.25,23.618223790322645,15.459100000000037,32.33620000000002,19.10305013932,0.9473249986125,0.8092720284944892,14.73113775537638,101435.44835349463,False,False,1.5043629271954442,False,0.424749465124385,2.93,False,771.6853333333333
Nyakagunda,2018,8,0.399032258064516,,32.061290322580646,13.4298,88.6,MPARAMBO,MPARAMBO,grid_m2.75_29.00,20.66244213709677,13.4298,27.968530000000044,16.393184591479997,-1.0861997102287635,0.7358198264850537,11.93804307795699,101543.6567002688,False,True,1.9960780806672505,False,0.5298649244535435,0.399032258064516,False,771.6853333333333
Nyamagana,2018,9,0.7456666666666664,,33.18,16.826750000000004,20.4,MPARAMBO,MPARAMBO,grid_m3.00_29.25,24.25136430555557,16.826750000000004,33.47988000000004,6.8082808729,0.7891211623558334,0.5618008085416667,12.596953430555573,101196.32540972222,False,True,2.186850324850525,False,0.461919937677012,0.7456666666666664,False,771.651
Mutimbuzi,2018,9,1.0963333333333336,9.15,32.27,20.326666666666668,4.3,BUJUMBURA (Aeroport),BUJUMBURA (Aeroport),grid_m3.25_29.25,25.3369084861111,17.098600000000033,34.38223000000005,2.86102293008,1.5997521296463888,0.8843892407856904,13.121278402777818,101162.62957638888,False,False,1.5476478434872514,False,0.4409495234715085,1.0963333333333336,False,771.651
Mpanda,2018,9,1.4256666666666666,1.24,22.566666666666663,11.626666666666669,49.3,RWEGURA,RWEGURA,grid_m3.00_29.50,20.361276513888924,13.698050000000023,29.683250000000044,85.21986004696,-0.866853502943111,-0.16254543842625,13.162120430555548,101336.1563125,False,False,0.6181210600568109,False,0.407680700512342,1.4256666666666666,False,771.651
Rusizi,2018,9,2.54,,32.27,20.326666666666668,4.3,BUJUMBURA (Aeroport),BUJUMBURA (Aeroport),grid_m3.25_29.25,25.3369084861111,17.098600000000033,34.38223000000005,2.86102293008,1.5997521296463888,0.8843892407856904,13.121278402777818,101162.62957638888,False,False,1.5043629271954442,False,0.4195300361707905,2.54,False,771.651
Nyengwe,2018,9,0.9036666666666664,0.75,32.42333333333334,20.093333333333323,4.8,NYANZA LAC (IRAT),NYANZA LAC (IRAT),grid_m4.25_29.50,24.85688481944448,21.58070000000004,27.735299999999995,89.98394030684,1.0474422855918055,-0.1139994294541666,18.455384930555567,101123.27004166668,False,False,0.3658537084356579,False,0.435222349411607,0.9036666666666664,False,771.651
Kaburantwa,2018,9,1.842666666666667,0.04,33.18,16.826750000000004,20.4,MPARAMBO,MPARAMBO,grid_m3.00_29.25,24.25136430555557,16.826750000000004,33.47988000000004,6.8082808729,0.7891211623558334,0.5618008085416667,12.596953430555573,101196.32540972222,False,True,2.207813552612297,False,0.513352736095632,1.842666666666667,False,771.651
Mulembwe,2018,9,0.6236666666666666,6.54,23.37,9.9,23.0,MPOTA (Tora),MPOTA (Tora),grid_m4.00_29.50,22.998562097222248,18.63796000000002,27.31744000000004,192.82531763,0.2311499687488889,0.2687995068208333,18.510386750000063,101209.18739583332,False,False,0.3376177859350189,False,0.3089308263027515,0.6236666666666666,False,771.651
Jiji,2018,9,0.4060000000000002,,23.37,9.9,23.0,MPOTA (Tora),MPOTA (Tora),grid_m4.00_29.75,22.362421083333345,16.639460000000042,29.53182000000004,45.19653310876,-1.077648586922778,0.5961161283476389,13.47003055555558,101300.16482638888,False,False,0.7469623692808592,False,0.50926989818204,0.4060000000000002,False,771.651
Nyakagunda,2018,9,0.3556666666666667,,33.18,15.209860000000049,20.4,MPARAMBO,MPARAMBO,grid_m2.75_29.00,22.53845438888891,15.209860000000049,30.94160000000005,11.51323318192,-1.3095035132852777,0.9390265587776112,11.538631138888944,101281.9766388889,False,True,1.9960780806672505,False,0.4841685738118255,0.3556666666666667,False,771.651
Nyakagunda,2018,10,0.4193548387096774,,32.76129032258065,14.827480000000037,19.3,MPARAMBO,MPARAMBO,grid_m2.75_29.00,21.62208827956988,14.827480000000037,30.21350000000001,37.95433061962,-1.031857254669758,0.676574276871371,12.839555228494646,101347.7083938172,False,True,1.9960780806672505,False,0.41068864623026,0.4193548387096774,False,771.4666666666667
Kaburantwa,2018,10,2.1551612903225803,0.13,32.76129032258065,16.866540000000043,19.3,MPARAMBO,MPARAMBO,grid_m3.00_29.25,23.78361774193553,16.866540000000043,33.25842,20.05529412846,0.5308238821061828,0.4123038637620967,14.052757701612904,101266.80198252689,False,True,2.207813552612297,False,0.55082123158025,2.1551612903225803,False,771.4666666666667
Mulembwe,2018,10,0.7727586206896552,22.34,22.064516129032267,11.63225806451613,193.5,MPOTA (Tora),MPOTA (Tora),grid_m4.00_29.50,22.3685339247312,18.452260000000024,29.666600000000017,475.43620952522,0.0693521606162634,0.4184296936124059,18.4223630241936,101275.82499327956,False,False,0.3376177859350189,False,0.269590565405945,0.7727586206896552,False,771.4666666666667
Jiji,2018,10,0.4503225806451613,,22.064516129032267,11.63225806451613,193.5,MPOTA (Tora),MPOTA (Tora),grid_m4.00_29.75,20.96918002688176,15.921600000000012,28.68853000000001,199.04136635984,-0.7742377056353494,0.4219618569782258,15.58407873655915,101385.68622983871,False,False,0.7469623692808592,False,0.566704079707169,0.4503225806451613,False,771.4666666666667
Mutimbuzi,2018,10,1.2374193548387096,25.53,30.435483870967747,20.783870967741937,42.1,BUJUMBURA (Aeroport),BUJUMBURA (Aeroport),grid_m3.25_29.25,25.206038682795736,17.927099999999996,33.22115000000002,12.61186598668,1.1601921624772848,0.4062095378624193,14.10480982526883,101235.47823252688,False,False,1.5476478434872514,False,0.467540882958282,1.2374193548387096,False,771.4666666666667
Nyengwe,2018,10,0.9158064516129032,11.56,30.08333333333333,20.613333333333333,111.3,NYANZA LAC (IRAT),NYANZA LAC (IRAT),grid_m4.25_29.50,24.101422916666703,20.764760000000024,28.26034000000004,272.25065223878,0.6970088317360215,0.0349044578435483,18.74460509408607,101196.68135080644,False,False,0.3658537084356579,False,0.414157720177636,0.9158064516129032,False,771.4666666666667
Rusizi,2018,10,2.67,,30.435483870967747,20.783870967741937,42.1,BUJUMBURA (Aeroport),BUJUMBURA (Aeroport),grid_m3.25_29.25,25.206038682795736,17.927099999999996,33.22115000000002,12.61186598668,1.1601921624772848,0.4062095378624193,14.10480982526883,101235.47823252688,False,False,1.5043629271954442,False,0.470954233021051,2.67,False,771.4666666666667
Mpanda,2018,10,1.562258064516129,9.96,21.41935483870968,11.367741935483872,207.29999999999995,RWEGURA,RWEGURA,grid_m3.00_29.50,19.60903077956993,12.93786,27.93215000000004,358.12187213936,-0.6015804050692204,-0.293800702581586,14.449751465053794,101416.72117607528,False,False,0.6181210600568109,False,0.444437380530973,1.562258064516129,False,771.4666666666667
Nyamagana,2018,10,0.91258064516129,,32.76129032258065,16.866540000000043,19.3,MPARAMBO,MPARAMBO,grid_m3.00_29.25,23.78361774193553,16.866540000000043,33.25842,20.05529412846,0.5308238821061828,0.4123038637620967,14.052757701612904,101266.80198252689,False,True,2.186850324850525,False,0.457057000733211,0.91258064516129,False,771.4666666666667
Mutimbuzi,2018,11,1.8776666666666664,16.23,29.50666666666666,20.568965517241377,112.4,BUJUMBURA (Aeroport),BUJUMBURA (Aeroport),grid_m3.25_29.25,24.82412093055558,17.398860000000013,33.24468000000002,19.66047285246,1.0505027089011112,0.34029822870375,14.634821583333348,101187.12623611111,False,False,1.5476478434872514,False,0.4907662206697545,1.8776666666666664,False,771.4095
Nyakagunda,2018,11,0.4846666666666667,,31.72666666666668,14.86760000000004,54.5,MPARAMBO,MPARAMBO,grid_m2.75_29.00,21.64887183333332,14.86760000000004,29.86196000000001,25.29001230104,-1.0160351073073612,0.5767999650291666,13.197902166666664,101297.67033333331,False,True,1.9960780806672505,False,0.5659382434380209,0.4846666666666667,False,771.4095
Mpanda,2018,11,1.5563333333333331,7.36,21.313333333333336,11.64666666666667,175.10000000000002,RWEGURA,RWEGURA,grid_m3.00_29.50,19.150770138888905,13.25410000000005,26.87673000000001,284.38138947414,-0.5705679824658334,-0.3774101055720833,15.184943847222256,101384.5758888889,False,False,0.6181210600568109,False,0.4896635003259145,1.5563333333333331,False,771.4095
Kaburantwa,2018,11,2.181,0.29,31.72666666666668,16.17867000000001,54.5,MPARAMBO,MPARAMBO,grid_m3.00_29.25,23.54306888888891,16.17867000000001,31.735000000000017,31.118392915820003,0.3874628860150556,0.4090088961861111,14.863483694444485,101220.46825,False,True,2.207813552612297,False,0.620699965392185,2.181,False,771.4095
Mulembwe,2018,11,0.9796666666666668,14.05,21.910000000000004,11.586666666666666,173.10000000000005,MPOTA (Tora),MPOTA (Tora),grid_m4.00_29.50,21.813828805555545,18.51174000000003,25.9529,574.37944356062,-0.0501754599687499,0.6420953763484722,18.98957975000002,101252.5102638889,False,False,0.3376177859350189,False,0.307279154835976,0.9796666666666668,False,771.4095
Nyengwe,2018,11,1.0219999999999996,8.16,28.94482758620689,20.32222222222222,179.39999999999998,NYANZA LAC (IRAT),NYANZA LAC (IRAT),grid_m4.25_29.50,23.56080159722228,21.074100000000044,26.070580000000007,361.16456976544,0.4268929532711111,0.4649550754513889,19.51924834722223,101177.20644444444,False,False,0.3658537084356579,False,0.4850012487658099,1.0219999999999996,False,771.4095
Rusizi,2018,11,2.93,,29.50666666666666,20.568965517241377,112.4,BUJUMBURA (Aeroport),BUJUMBURA (Aeroport),grid_m3.25_29.25,24.82412093055558,17.398860000000013,33.24468000000002,19.66047285246,1.0505027089011112,0.34029822870375,14.634821583333348,101187.12623611111,False,False,1.5043629271954442,False,0.5173334071131019,2.93,False,771.4095
Jiji,2018,11,0.5296666666666667,,21.910000000000004,11.586666666666666,173.10000000000005,MPOTA (Tora),MPOTA (Tora),grid_m4.00_29.75,20.034041291666657,15.83420000000001,25.94995,224.70283504718,-0.4583758721126111,0.2284723283829166,16.802668416666677,101370.24429166666,False,False,0.7469623692808592,False,0.526312386450981,0.5296666666666667,False,771.4095
Nyamagana,2018,11,0.8563333333333334,,31.72666666666668,16.17867000000001,54.5,MPARAMBO,MPARAMBO,grid_m3.00_29.25,23.54306888888891,16.17867000000001,31.735000000000017,31.118392915820003,0.3874628860150556,0.4090088961861111,14.863483694444485,101220.46825,False,True,2.186850324850525,False,0.563937564984731,0.8563333333333334,False,771.4095
Mutimbuzi,2018,12,1.5187096774193547,18.49,28.27096774193548,20.37741935483871,100.0,BUJUMBURA (Aeroport),BUJUMBURA (Aeroport),grid_m3.25_29.25,23.92609169354841,17.042570000000012,32.25964000000005,93.0395126249,0.364027721022043,0.095047778282258,16.15291071236561,101316.0175672043,False,False,1.5476478434872514,False,0.6807363083196365,1.5187096774193547,False,771.574
Nyakagunda,2018,12,0.5293548387096776,,30.787096774193547,14.722300000000018,108.0,MPARAMBO,MPARAMBO,grid_m2.75_29.00,21.02418375000002,14.722300000000018,29.890600000000006,61.60259259878,-0.6394427509180646,0.2174409842628226,13.357828293010757,101413.87341397848,False,True,1.9960780806672505,False,0.6208144586543201,0.5293548387096776,False,771.574
Rusizi,2018,12,2.85,,28.27096774193548,20.37741935483871,100.0,BUJUMBURA (Aeroport),BUJUMBURA (Aeroport),grid_m3.25_29.25,23.92609169354841,17.042570000000012,32.25964000000005,93.0395126249,0.364027721022043,0.095047778282258,16.15291071236561,101316.0175672043,False,False,1.5043629271954442,False,0.5512294962107129,2.85,False,771.574
Jiji,2018,12,0.6548387096774195,,20.774193548387096,11.651612903225807,281.2,MPOTA (Tora),MPOTA (Tora),grid_m4.00_29.75,19.368828924731247,15.417380000000035,25.29647,375.0438691765,-0.1356664473297043,0.2832788853326478,16.603479153225805,101485.31595430108,False,False,0.7469623692808592,False,0.532085210756925,0.6548387096774195,False,771.574
Nyengwe,2018,12,1.0812903225806452,8.69,28.248387096774195,20.451612903225804,218.3,NYANZA LAC (IRAT),NYANZA LAC (IRAT),grid_m4.25_29.50,22.999268400537687,20.40762000000001,25.5231,437.29972877726,0.2685818615958333,0.4539161185700268,19.356991236559168,101293.69733870968,False,False,0.3658537084356579,False,0.425010635011451,1.0812903225806452,False,771.574
Mulembwe,2018,12,1.296451612903226,16.26,20.774193548387096,11.651612903225807,281.2,MPOTA (Tora),MPOTA (Tora),grid_m4.00_29.50,21.29459427419357,17.622460000000046,25.42147,664.39437787806,-0.046732317397043,0.5824732211301882,18.518664623655923,101367.74034946236,False,False,0.3376177859350189,False,0.376871251898956,1.296451612903226,False,771.574
Nyamagana,2018,12,0.9729032258064516,,30.787096774193547,15.70858000000004,108.0,MPARAMBO,MPARAMBO,grid_m3.00_29.25,22.64862477150541,15.70858000000004,31.27722,80.49011220428,0.2857438973168011,0.231607704647043,15.471327997311846,101342.97287634408,False,True,2.186850324850525,False,0.672596979531924,0.9729032258064516,False,771.574
Kaburantwa,2018,12,2.2396774193548388,6.14,30.787096774193547,15.70858000000004,108.0,MPARAMBO,MPARAMBO,grid_m3.00_29.25,22.64862477150541,15.70858000000004,31.27722,80.49011220428,0.2857438973168011,0.231607704647043,15.471327997311846,101342.97287634408,False,True,2.207813552612297,False,0.722737691331325,2.2396774193548388,False,771.574
Mpanda,2018,12,1.5903225806451613,18.34,20.60645161290322,11.048387096774196,217.7,RWEGURA,RWEGURA,grid_m3.00_29.50,18.628119731182835,13.54934000000003,26.525540000000035,400.7372859216,-0.2225857598487164,-0.3131409097809139,15.16420137096776,101497.4802688172,False,False,0.6181210600568109,False,0.6533011989491725,1.5903225806451613,False,771.574
Mulembwe,2019,1,1.2722580645161292,19.64,22.100000000000005,11.883870967741936,204.6,MPOTA (Tora),MPOTA (Tora),grid_m4.00_29.50,21.74401607526886,18.28872000000001,26.779530000000022,696.22373593514,-0.1633489056889381,0.8015057361330107,19.0378816935484,101352.49157258063,False,False,0.3376177859350189,False,0.396717342025129,1.2722580645161292,False,771.7906666666668
Nyamagana,2019,1,0.9345161290322578,,32.78262000000001,17.46926000000002,70.7,MPARAMBO,MPARAMBO,grid_m3.00_29.25,23.83858016129033,17.46926000000002,32.78262000000001,17.2805786304,0.4107635241783602,0.4006517680150537,14.69092341397851,101290.01677419356,True,True,2.186850324850525,False,0.6337928132206541,0.9345161290322578,False,771.7906666666668
Jiji,2019,1,0.7387096774193548,,22.100000000000005,11.883870967741936,204.6,MPOTA (Tora),MPOTA (Tora),grid_m4.00_29.75,19.970730806451627,15.670200000000024,26.08032000000003,307.53850992154,-0.1226049868950268,0.3804878515976949,17.01162713709681,101467.09188172044,False,False,0.7469623692808592,False,0.650918654575151,0.7387096774193548,False,771.7906666666668
Mpanda,2019,1,1.6041935483870966,4.83,21.88064516129032,11.396774193548383,260.50000000000006,RWEGURA,RWEGURA,grid_m3.00_29.50,19.428969704301096,13.660420000000045,27.72335000000004,266.58868780816,-0.1991575105954973,-0.2891518179680107,14.90972650537634,101453.62059811829,False,False,0.6181210600568109,False,0.6695852388490545,1.6041935483870966,False,771.7906666666668
Mutimbuzi,2019,1,1.506774193548387,8.46,29.80322580645161,20.677419354838708,91.0,BUJUMBURA (Aeroport),BUJUMBURA (Aeroport),grid_m3.25_29.25,25.01669005376345,18.13918000000001,32.63223000000005,30.04121755926,0.4247110410303091,0.4333206707266667,16.052732419354868,101269.19804435484,False,False,1.5476478434872514,False,0.6523283106791196,1.506774193548387,False,771.7906666666668
Kaburantwa,2019,1,2.313870967741936,2.27,32.78262000000001,17.46926000000002,70.7,MPARAMBO,MPARAMBO,grid_m3.00_29.25,23.83858016129033,17.46926000000002,32.78262000000001,17.2805786304,0.4107635241783602,0.4006517680150537,14.69092341397851,101290.01677419356,True,True,2.207813552612297,False,0.713225345635877,2.313870967741936,False,771.7906666666668
Rusizi,2019,1,2.72,,29.80322580645161,20.677419354838708,91.0,BUJUMBURA (Aeroport),BUJUMBURA (Aeroport),grid_m3.25_29.25,25.01669005376345,18.13918000000001,32.63223000000005,30.04121755926,0.4247110410303091,0.4333206707266667,16.052732419354868,101269.19804435484,False,False,1.5043629271954442,False,0.5807283975347055,2.72,False,771.7906666666668
Nyakagunda,2019,1,0.555483870967742,,30.92130000000003,14.797140000000011,70.7,MPARAMBO,MPARAMBO,grid_m2.75_29.00,21.86174688172048,14.797140000000011,30.92130000000003,25.02536786746,-0.5739369976017473,0.0380491230741935,12.576180000000022,101373.44905241935,True,True,1.9960780806672505,False,0.627980091222879,0.555483870967742,False,771.7906666666668
Nyengwe,2019,1,1.123225806451613,15.21,29.11935483870968,20.5,78.0,NYANZA LAC (IRAT),NYANZA LAC (IRAT),grid_m4.25_29.50,23.46411336021509,20.91967,26.44880000000001,439.98861350982,0.0295615641615591,0.6369405152344085,19.73320444892471,101275.06786290322,False,False,0.3658537084356579,False,0.608365459730968,1.123225806451613,False,771.7906666666668
Mutimbuzi,2019,2,1.5485714285714285,15.04,29.603703703703705,20.65357142857142,108.3,BUJUMBURA (Aeroport),BUJUMBURA (Aeroport),grid_m3.25_29.25,25.681035074404747,18.336150000000032,33.70287000000002,2.04849243616,0.5352171266498512,0.5132022572405803,15.538431309523844,101179.15965029762,False,False,1.5476478434872514,False,0.6365278725003984,1.5485714285714285,False,771.742
Rusizi,2019,2,2.72,,29.603703703703705,20.65357142857142,108.3,BUJUMBURA (Aeroport),BUJUMBURA (Aeroport),grid_m3.25_29.25,25.681035074404747,18.336150000000032,33.70287000000002,2.04849243616,0.5352171266498512,0.5132022572405803,15.538431309523844,101179.15965029762,False,False,1.5043629271954442,False,0.616833694760592,2.72,False,771.742
Kaburantwa,2019,2,2.3442857142857143,2.89,33.34152,17.28830000000005,45.5,MPARAMBO,MPARAMBO,grid_m3.00_29.25,24.74716229166671,17.28830000000005,33.34152,12.26234436314,0.2699379921549107,0.4568144937529762,14.31766995535719,101204.93347470238,True,True,2.207813552612297,False,0.666695673791328,2.3442857142857143,False,771.742
Nyengwe,2019,2,1.1146428571428573,16.67,29.300000000000004,20.21851851851852,142.8,NYANZA LAC (IRAT),NYANZA LAC (IRAT),grid_m4.25_29.50,24.103915818452435,20.722920000000045,26.499960000000044,321.22182821174,0.1235175580709821,0.5537063508501487,20.02499465773809,101191.36555803572,False,False,0.3658537084356579,False,0.6023683057870355,1.1146428571428573,False,771.742
Mulembwe,2019,2,1.4157142857142857,21.02,22.203571428571426,11.210714285714287,117.40000000000002,MPOTA (Tora),MPOTA (Tora),grid_m4.00_29.50,22.285129077380983,18.29128000000003,27.439170000000047,474.46155541604,-0.1602101773188988,0.7638998028746429,19.21116668154764,101272.25156994048,False,False,0.3376177859350189,False,0.4146026359687035,1.4157142857142857,False,771.742
Jiji,2019,2,0.6603571428571428,,22.203571428571426,11.210714285714287,117.40000000000002,MPOTA (Tora),MPOTA (Tora),grid_m4.00_29.75,20.371584494047625,15.654570000000035,26.722380000000044,179.8639299947,-0.2263432230152678,0.3650103521641369,17.245663065476208,101395.89383928572,False,False,0.7469623692808592,False,0.7410598380347515,0.6603571428571428,False,771.742
Mpanda,2019,2,1.5035714285714283,8.34,21.73928571428572,11.717857142857142,102.9,RWEGURA,RWEGURA,grid_m3.00_29.50,19.759012291666693,13.071500000000016,27.87368000000004,197.12352752626,-0.3718350514489583,-0.2693440116191473,14.970682038690484,101383.42938988094,False,False,0.6181210600568109,False,0.6751175258500225,1.5035714285714283,False,771.742
Nyakagunda,2019,2,0.5371428571428571,,31.030850000000044,14.46407000000005,45.5,MPARAMBO,MPARAMBO,grid_m2.75_29.00,22.379004166666675,14.46407000000005,31.030850000000044,25.97713466306,-0.7737355690618154,0.173867134017366,12.744701011904796,101297.35235863096,True,True,1.9960780806672505,False,0.5539265834423395,0.5371428571428571,False,771.742
Nyamagana,2019,2,0.903214285714286,,33.34152,17.28830000000005,45.5,MPARAMBO,MPARAMBO,grid_m3.00_29.25,24.74716229166671,17.28830000000005,33.34152,12.26234436314,0.2699379921549107,0.4568144937529762,14.31766995535719,101204.93347470238,True,True,2.186850324850525,False,0.5922604445993925,0.903214285714286,False,771.742
Nyakagunda,2019,3,0.5903225806451612,,30.08346,14.148900000000026,99.9,MPARAMBO,MPARAMBO,grid_m2.75_29.00,21.804373427419364,14.148900000000026,30.08346,28.47099299422,-0.7322878050315861,0.1641866212512903,13.17042044354838,101330.94444220432,True,True,1.9960780806672505,False,0.546918549166808,0.5903225806451612,False,771.848
Jiji,2019,3,0.7312903225806449,,22.42903225806452,10.974193548387095,297.8,MPOTA (Tora),MPOTA (Tora),grid_m4.00_29.75,20.144154072580648,15.335170000000003,26.69845000000004,218.44625409702,-0.1049264695330645,0.387319338390672,17.045751653225807,101409.88467741937,False,False,0.7469623692808592,False,0.7820398354576346,0.7312903225806449,False,771.848
Nyengwe,2019,3,1.1100000000000003,13.42,29.31612903225807,20.029032258064515,80.80000000000001,NYANZA LAC (IRAT),NYANZA LAC (IRAT),grid_m4.25_29.50,24.251494569892543,21.478300000000047,26.88595000000004,294.12365025324,0.1828812009612903,0.4309640704419355,19.878016075268818,101204.64377016127,False,False,0.3658537084356579,False,0.648780730579918,1.1100000000000003,False,771.848
Rusizi,2019,3,2.76,,29.76086956521739,20.073333333333338,100.2,BUJUMBURA (Aeroport),BUJUMBURA (Aeroport),grid_m3.25_29.25,25.14030580645164,17.847860000000026,32.84030000000001,2.44140624536,0.6291085727889382,0.4157039674368279,15.98553509408606,101205.87509408602,False,False,1.5043629271954442,False,0.6076337956236425,2.76,False,771.848
Mutimbuzi,2019,3,1.64741935483871,13.38,29.76086956521739,20.073333333333338,100.2,BUJUMBURA (Aeroport),BUJUMBURA (Aeroport),grid_m3.25_29.25,25.14030580645164,17.847860000000026,32.84030000000001,2.44140624536,0.6291085727889382,0.4157039674368279,15.98553509408606,101205.87509408602,False,False,1.5476478434872514,False,0.666519389994759,1.64741935483871,False,771.848
Mulembwe,2019,3,1.4745161290322584,15.28,22.42903225806452,10.974193548387095,297.8,MPOTA (Tora),MPOTA (Tora),grid_m4.00_29.50,22.12171435483873,17.723839999999996,27.11250000000001,519.7944648208401,-0.1299364439615645,0.6126624475412634,18.99899211021512,101288.05605510752,False,False,0.3376177859350189,False,0.419691923002121,1.4745161290322584,False,771.848
Mpanda,2019,3,1.503548387096774,9.62,21.864516129032264,11.483870967741936,210.2,RWEGURA,RWEGURA,grid_m3.00_29.50,19.349269112903244,12.686460000000013,27.32787000000002,252.44140642682,-0.2550952675083333,-0.2555436160837365,15.0042002150538,101409.96661962366,False,False,0.6181210600568109,False,0.632687223102002,1.503548387096774,False,771.848
Nyamagana,2019,3,0.9280645161290324,,32.22555,16.736540000000048,99.9,MPARAMBO,MPARAMBO,grid_m3.00_29.25,24.25063362903228,16.736540000000048,32.22555,12.21227654724,0.3058991993583333,0.3672919318310483,14.65272431451615,101234.61497311828,True,True,2.186850324850525,False,0.580424669192172,0.9280645161290324,False,771.848
Kaburantwa,2019,3,2.412903225806452,3.95,32.22555,16.736540000000048,99.9,MPARAMBO,MPARAMBO,grid_m3.00_29.25,24.25063362903228,16.736540000000048,32.22555,12.21227654724,0.3058991993583333,0.3672919318310483,14.65272431451615,101234.61497311828,True,True,2.207813552612297,False,0.6693537503980255,2.412903225806452,False,771.848
Mutimbuzi,2019,4,1.828,17.92,30.85555555555555,20.776666666666664,108.3,BUJUMBURA (Aeroport),BUJUMBURA (Aeroport),grid_m3.25_29.25,25.381396430555583,18.161770000000047,32.753930000000025,82.00263914044,0.5439560567063889,0.6969088236747917,16.7707996111111,101209.16060416668,False,False,1.5476478434872514,False,0.6821526491533185,1.828,False,771.903
Rusizi,2019,4,2.78,,30.85555555555555,20.776666666666664,108.3,BUJUMBURA (Aeroport),BUJUMBURA (Aeroport),grid_m3.25_29.25,25.381396430555583,18.161770000000047,32.753930000000025,82.00263914044,0.5439560567063889,0.6969088236747917,16.7707996111111,101209.16060416668,False,False,1.5043629271954442,False,0.6021026366649045,2.78,False,771.903
Kaburantwa,2019,4,2.629666666666666,4.45,31.676780000000008,17.572900000000004,77.60000000000001,MPARAMBO,MPARAMBO,grid_m3.00_29.25,24.071237569444463,17.572900000000004,31.676780000000008,85.54840081426,0.0788410395769444,0.5806436314986111,16.01830684722222,101240.96422916668,True,True,2.207813552612297,False,0.7097375289674325,2.629666666666666,False,771.903
Jiji,2019,4,0.6676666666666666,,22.10333333333333,11.8,217.3,MPOTA (Tora),MPOTA (Tora),grid_m4.00_29.75,20.180078166666704,15.626599999999996,25.982700000000023,224.82299861572,-0.5673530786097223,0.4135497208262499,17.514717708333364,101426.6656388889,False,False,0.7469623692808592,False,0.7217911847312365,0.6676666666666666,False,771.903
Mulembwe,2019,4,1.4996666666666665,18.67,22.10333333333333,11.8,217.3,MPOTA (Tora),MPOTA (Tora),grid_m4.00_29.50,22.19553791666669,18.82192000000004,26.84625,484.20000078086,-0.1424887128418194,0.6377820350142334,19.4993992777778,101294.32292361112,False,False,0.3376177859350189,False,0.4105214146399865,1.4996666666666665,False,771.903
Nyakagunda,2019,4,0.5616666666666666,,29.386870000000044,15.230920000000026,77.60000000000001,MPARAMBO,MPARAMBO,grid_m2.75_29.00,21.72827681944449,15.230920000000026,29.386870000000044,76.55191402944,-0.9727852082125,0.5314248829011111,14.1807550694445,101324.06372916668,True,True,1.9960780806672505,False,0.5975113158543285,0.5616666666666666,False,771.903
Nyengwe,2019,4,1.136666666666667,16.92,29.528571428571432,20.539285714285715,178.6,NYANZA LAC (IRAT),NYANZA LAC (IRAT),grid_m4.25_29.50,23.822881611111143,21.54092000000003,26.367819999999995,456.02846007824,0.2453408765823889,0.4167805142618055,20.32744861111115,101216.59997916668,False,False,0.3658537084356579,False,0.6320326237758115,1.136666666666667,False,771.903
Mpanda,2019,4,,10.92,21.46333333333333,11.989999999999998,274.99999999999994,RWEGURA,RWEGURA,grid_m3.00_29.50,19.47623729166668,13.712580000000004,26.65930000000003,376.25694288916,-0.5720310847350001,0.0663329230081944,15.947603736111148,101416.84270833334,False,False,0.6181210600568109,False,0.661284095947833,1.3598497604892106,True,771.903
Nyamagana,2019,4,0.8796666666666667,,31.676780000000008,17.572900000000004,77.60000000000001,MPARAMBO,MPARAMBO,grid_m3.00_29.25,24.071237569444463,17.572900000000004,31.676780000000008,85.54840081426,0.0788410395769444,0.5806436314986111,16.01830684722222,101240.96422916668,True,True,2.186850324850525,False,0.6204108000632564,0.8796666666666667,False,771.903
Nyengwe,2019,5,0.9725806451612904,8.15,30.02333333333333,20.703333333333337,121.7,NYANZA LAC (IRAT),NYANZA LAC (IRAT),grid_m4.25_29.50,23.08479869623659,21.10470000000004,25.216760000000026,482.69557949368,0.4766067189946237,0.4103426772379838,20.05001997311831,101329.22178763442,False,False,0.3658537084356579,False,0.5868068706790674,0.9725806451612904,False,771.9526666666667
Mutimbuzi,2019,5,1.8264516129032256,9.47,29.48387096774193,20.98709677419356,38.5,BUJUMBURA (Aeroport),BUJUMBURA (Aeroport),grid_m3.25_29.25,24.484023857526893,17.214140000000043,31.258200000000045,10.77222825202,1.2799816356384408,0.7716904917399193,16.17728791666667,101330.02975806451,False,False,1.5476478434872514,False,0.5743095208258965,1.8264516129032256,False,771.9526666666667
Nyamagana,2019,5,0.8658064516129036,,29.68203,16.507100000000037,79.9,MPARAMBO,MPARAMBO,grid_m3.00_29.25,23.09842579301079,16.507100000000037,29.68203,14.2025947532,0.1583891017748656,0.7244085892695564,16.308572217741926,101364.02973790324,True,True,2.186850324850525,False,0.6050227534971304,0.8658064516129036,False,771.9526666666667
Kaburantwa,2019,5,2.4732258064516133,2.76,29.68203,16.507100000000037,79.9,MPARAMBO,MPARAMBO,grid_m3.00_29.25,23.09842579301079,16.507100000000037,29.68203,14.2025947532,0.1583891017748656,0.7244085892695564,16.308572217741926,101364.02973790324,True,True,2.207813552612297,False,0.6902852295945445,2.4732258064516133,False,771.9526666666667
Nyakagunda,2019,5,0.5461290322580644,,28.023860000000013,15.24612000000002,79.9,MPARAMBO,MPARAMBO,grid_m2.75_29.00,20.905607741935512,15.24612000000002,28.023860000000013,26.207923860540003,-1.4970733471948925,0.950478870932258,14.551466169354851,101431.62701612904,True,True,1.9960780806672505,False,0.617514356670268,0.5461290322580644,False,771.9526666666667
Jiji,2019,5,0.649032258064516,,21.325806451612905,12.158064516129029,65.5,MPOTA (Tora),MPOTA (Tora),grid_m4.00_29.75,19.81671373655917,15.63214000000005,24.419920000000047,168.02930812937998,-1.2237762944139785,0.2694643495160618,17.02877939516128,101534.3220967742,False,False,0.7469623692808592,False,0.4928182125728355,0.649032258064516,False,771.9526666666667
Mulembwe,2019,5,1.408709677419355,7.94,21.325806451612905,12.158064516129029,65.5,MPOTA (Tora),MPOTA (Tora),grid_m4.00_29.50,21.748036975806485,18.57745,25.744100000000003,449.24163784838,-0.1042064544229838,0.6116484371172043,19.24400637096778,101399.15829301075,False,False,0.3376177859350189,False,0.349091404997824,1.408709677419355,False,771.9526666666667
Rusizi,2019,5,2.84,,29.48387096774193,20.98709677419356,38.5,BUJUMBURA (Aeroport),BUJUMBURA (Aeroport),grid_m3.25_29.25,24.484023857526893,17.214140000000043,31.258200000000045,10.77222825202,1.2799816356384408,0.7716904917399193,16.17728791666667,101330.02975806451,False,False,1.5043629271954442,False,0.5583438845860665,2.84,False,771.9526666666667
Mpanda,2019,5,1.5751612903225811,4.9,20.10322580645161,11.95483870967742,111.0,RWEGURA,RWEGURA,grid_m3.00_29.50,18.894928077957047,13.59110000000004,25.008230000000022,230.76725025904,-0.9851078311384408,0.0972835168127688,16.121331922043055,101529.77185483872,False,False,0.6181210600568109,False,0.6160832743362825,1.5751612903225811,False,771.9526666666667
Nyamagana,2019,6,0.7629999999999998,,29.771450000000016,16.590970000000027,29.4,MPARAMBO,MPARAMBO,grid_m3.00_29.25,22.72492918055559,16.590970000000027,29.771450000000016,14.52827455288,0.0996821456659722,0.8068003116292362,15.495494097222265,101533.33704166667,True,True,2.186850324850525,False,0.5275377394798495,0.7629999999999998,False,771.9366666666666
Kaburantwa,2019,6,2.300666666666667,0.74,29.771450000000016,16.590970000000027,29.4,MPARAMBO,MPARAMBO,grid_m3.00_29.25,22.72492918055559,16.590970000000027,29.771450000000016,14.52827455288,0.0996821456659722,0.8068003116292362,15.495494097222265,101533.33704166667,True,True,2.207813552612297,False,0.6782640152620775,2.300666666666667,False,771.9366666666666
Mulembwe,2019,6,1.148666666666667,1.9,20.67666666666668,9.760000000000003,17.5,MPOTA (Tora),MPOTA (Tora),grid_m4.00_29.50,21.466946000000064,17.9375,25.393580000000043,76.85279837256,0.2207853896100138,0.5322112810755972,17.978830583333377,101552.83461111112,False,False,0.3376177859350189,False,0.3372164726923915,1.148666666666667,False,771.9366666666666
Mpanda,2019,6,1.461,1.21,20.043333333333333,10.8448275862069,49.49999999999999,RWEGURA,RWEGURA,grid_m3.00_29.50,18.790196458333355,13.016800000000046,25.042700000000025,89.06793585215999,-0.0685375254631944,0.5084645373271806,14.5781282916667,101665.3525,False,False,0.6181210600568109,False,0.5567235742897054,1.461,False,771.9366666666666
Nyengwe,2019,6,0.6913333333333334,1.5,29.496428571428577,19.02857142857143,1.8,NYANZA LAC (IRAT),NYANZA LAC (IRAT),grid_m4.25_29.50,23.44754763888892,21.50863000000004,25.78225000000004,29.10327912064,0.8267627655654166,0.3137013538481944,18.059141736111144,101475.32905555556,False,False,0.3658537084356579,False,0.607525867984194,0.6913333333333334,False,771.9366666666666
Rusizi,2019,6,2.67,,30.917930000000013,19.953333333333337,9.9,BUJUMBURA (Aeroport),BUJUMBURA (Aeroport),grid_m3.25_29.25,24.40613600000006,18.03436000000005,30.917930000000013,19.13833620484,0.3944480425201389,1.171707810330139,16.178046861111113,101503.14621527778,True,False,1.5043629271954442,False,0.5312518052129549,2.67,False,771.9366666666666
Mutimbuzi,2019,6,1.3486666666666665,2.03,30.917930000000013,19.953333333333337,9.9,BUJUMBURA (Aeroport),BUJUMBURA (Aeroport),grid_m3.25_29.25,24.40613600000006,18.03436000000005,30.917930000000013,19.13833620484,0.3944480425201389,1.171707810330139,16.178046861111113,101503.14621527778,True,False,1.5476478434872514,False,0.5768484825815855,1.3486666666666665,False,771.9366666666666
Jiji,2019,6,0.5046666666666667,,20.67666666666668,9.760000000000003,17.5,MPOTA (Tora),MPOTA (Tora),grid_m4.00_29.75,19.424335472222253,14.20437000000004,25.024440000000027,23.53334438234,-0.0065732792440277,0.9092973283432724,15.168755444444455,101656.34534722225,False,False,0.7469623692808592,False,0.755860747451274,0.5046666666666667,False,771.9366666666666
Nyakagunda,2019,6,0.5076666666666667,,27.52250000000004,15.433680000000038,29.4,MPARAMBO,MPARAMBO,grid_m2.75_29.00,20.894721222222245,15.433680000000038,27.52250000000004,3.5724639752600003,-1.1377568190097225,0.7037241399065278,13.253922847222212,101601.11532638888,True,True,1.9960780806672505,False,0.5509413410680765,0.5076666666666667,False,771.9366666666666
Nyamagana,2019,7,0.7229032258064515,,30.02120000000002,15.1207,16.0,MPARAMBO,MPARAMBO,grid_m3.00_29.25,22.59546719086024,15.1207,30.02120000000002,9.9215506943,0.2624146865095429,0.6889176924241935,13.587310174731217,101447.93845430108,True,True,2.186850324850525,False,0.4319671447158435,0.7229032258064515,False,771.6093333333333
Nyengwe,2019,7,0.6222580645161288,0.62,30.15,17.979166666666668,0.0,NYANZA LAC (IRAT),NYANZA LAC (IRAT),grid_m4.25_29.50,23.491054072580653,20.999600000000044,26.023900000000022,40.258407451340005,0.8802532278424596,0.125683958138172,17.38077208333334,101398.62506048389,False,False,0.3658537084356579,False,0.5394781451576535,0.6222580645161288,False,771.6093333333333
Mpanda,2019,7,1.4454838709677418,0.5,20.97419354838709,10.661290322580648,0.0,RWEGURA,RWEGURA,grid_m3.00_29.50,18.708536034946235,11.508939999999996,25.85128000000003,86.14635434578,-0.1443931617614247,0.4762357689981182,12.985201357526932,101575.39340053764,False,False,0.6181210600568109,False,0.491569848160223,1.4454838709677418,False,771.6093333333333
Kaburantwa,2019,7,2.1183870967741933,0.34,30.02120000000002,15.1207,16.0,MPARAMBO,MPARAMBO,grid_m3.00_29.25,22.59546719086024,15.1207,30.02120000000002,9.9215506943,0.2624146865095429,0.6889176924241935,13.587310174731217,101447.93845430108,True,True,2.207813552612297,False,0.6005618140688845,2.1183870967741933,False,771.6093333333333
Nyakagunda,2019,7,0.4738709677419357,,28.15408000000002,14.147270000000049,16.0,MPARAMBO,MPARAMBO,grid_m2.75_29.00,21.096338508064548,14.147270000000049,28.15408000000002,3.2906532011,-1.110367047489113,0.8214243623655915,10.910077338709698,101514.74719758064,True,True,1.9960780806672505,False,0.4322658325276305,0.4738709677419357,False,771.6093333333333
Mulembwe,2019,7,0.9525806451612904,1.07,21.67419354838709,8.653333333333332,18.6,MPOTA (Tora),MPOTA (Tora),grid_m4.00_29.50,21.474604448924765,16.914240000000007,26.336400000000022,100.19302379804,0.2253696268591397,0.4370525108534946,17.298549327957005,101474.3626545699,False,False,0.3376177859350189,False,0.326050984499611,0.9525806451612904,False,771.6093333333333
Mutimbuzi,2019,7,0.8606451612903223,0.87,31.03896000000003,19.15925925925925,5.1,BUJUMBURA (Aeroport),BUJUMBURA (Aeroport),grid_m3.25_29.25,23.822777594086062,15.35073,31.03896000000003,13.45348352846,0.7193619306191801,1.1050199493723118,14.730791182795713,101420.29497983873,True,False,1.5476478434872514,False,0.5300719148483715,0.8606451612903223,False,771.6093333333333
Rusizi,2019,7,2.63,,31.03896000000003,19.15925925925925,5.1,BUJUMBURA (Aeroport),BUJUMBURA (Aeroport),grid_m3.25_29.25,23.822777594086062,15.35073,31.03896000000003,13.45348352846,0.7193619306191801,1.1050199493723118,14.730791182795713,101420.29497983873,True,False,1.5043629271954442,False,0.5041449262555375,2.63,False,771.6093333333333
Jiji,2019,7,0.4458064516129032,,21.67419354838709,8.653333333333332,18.6,MPOTA (Tora),MPOTA (Tora),grid_m4.00_29.75,19.792044973118323,13.523600000000044,25.64420000000001,31.15940092886,-0.2564747105959005,0.9154815046764784,13.6279239516129,101570.68559139784,False,False,0.7469623692808592,False,0.649077310669264,0.4458064516129032,False,771.6093333333333
Rusizi,2019,8,2.61,,32.90542000000005,19.36551724137931,6.2,BUJUMBURA (Aeroport),BUJUMBURA (Aeroport),grid_m3.25_29.25,24.69086259408607,16.275720000000035,32.90542000000005,0.46396256296,1.2746781790064516,1.1973541214294354,13.850160241935498,101434.78026209676,True,False,1.5043629271954442,False,0.456536187907085,2.61,False,771.3530000000001
Mutimbuzi,2019,8,0.7054838709677419,0.71,32.90542000000005,19.36551724137931,6.2,BUJUMBURA (Aeroport),BUJUMBURA (Aeroport),grid_m3.25_29.25,24.69086259408607,16.275720000000035,32.90542000000005,0.46396256296,1.2746781790064516,1.1973541214294354,13.850160241935498,101434.78026209676,True,False,1.5476478434872514,False,0.4529566001309435,0.7054838709677419,False,771.3530000000001
Nyamagana,2019,8,0.6783870967741937,,32.671040000000005,15.582360000000053,1.4,MPARAMBO,MPARAMBO,grid_m3.00_29.25,23.67950297043012,15.582360000000053,32.671040000000005,1.21736527626,0.6673875633232258,0.766833133590457,12.498775672042996,101463.96375,True,True,2.186850324850525,False,0.358794132653794,0.6783870967741937,False,771.3530000000001
Nyakagunda,2019,8,0.4419354838709676,,29.96010000000001,14.003800000000012,1.4,MPARAMBO,MPARAMBO,grid_m2.75_29.00,21.6867431182796,14.003800000000012,29.96010000000001,2.26497649388,-1.2208340980430108,1.0397810378452956,11.28668584677422,101541.8365658602,True,True,1.9960780806672505,False,0.3734828366414525,0.4419354838709676,False,771.3530000000001
Jiji,2019,8,0.3938709677419356,,22.68,8.972413793103447,5.9,MPOTA (Tora),MPOTA (Tora),grid_m4.00_29.75,20.927770658602185,13.731700000000046,27.689800000000048,27.7352332879,-0.6760224794493279,0.931953572930672,13.52774982526887,101584.39453629032,False,False,0.7469623692808592,False,0.589340302833081,0.3938709677419356,False,771.3530000000001
Mpanda,2019,8,1.4329032258064516,0.25,22.074193548387097,11.203225806451613,66.9,RWEGURA,RWEGURA,grid_m3.00_29.50,19.62042666666668,12.323500000000024,27.866360000000043,82.90386177330001,-0.4309735456124999,0.3473417847187365,13.011394811827984,101595.27641801076,False,False,0.6181210600568109,False,0.401945632044713,1.4329032258064516,False,771.3530000000001
Kaburantwa,2019,8,1.9751612903225808,0.18,32.671040000000005,15.582360000000053,1.4,MPARAMBO,MPARAMBO,grid_m3.00_29.25,23.67950297043012,15.582360000000053,32.671040000000005,1.21736527626,0.6673875633232258,0.766833133590457,12.498775672042996,101463.96375,True,True,2.207813552612297,False,0.5069105482363034,1.9751612903225808,False,771.3530000000001
Mulembwe,2019,8,0.8583870967741933,0.81,22.68,8.972413793103447,5.9,MPOTA (Tora),MPOTA (Tora),grid_m4.00_29.50,22.066177379032297,16.282500000000027,26.72637000000003,125.22220574062,0.2557034642012097,0.3929987072077957,17.787890913978515,101491.16436155912,False,False,0.3376177859350189,False,0.3571346320115635,0.8583870967741933,False,771.3530000000001
Nyengwe,2019,8,0.5964516129032257,0.35,31.808333333333337,18.366666666666667,0.0,NYANZA LAC (IRAT),NYANZA LAC (IRAT),grid_m4.25_29.50,24.06492251344088,21.29617000000001,26.269300000000044,52.72579201128,1.013013244361156,0.0028016056151881,17.493195040322632,101410.66702284946,False,False,0.3658537084356579,False,0.489794603256004,0.5964516129032257,False,771.3530000000001
Nyamagana,2019,9,0.7233333333333334,,33.42270000000002,16.57614000000001,25.8,MPARAMBO,MPARAMBO,grid_m3.00_29.25,24.215937930555583,16.57614000000001,33.42270000000002,12.08066945832,0.6345746768670834,0.6373902199316667,12.918007319444428,101293.4086875,True,True,2.186850324850525,False,0.3371795643860425,0.7233333333333334,False,771.3873333333332
Mulembwe,2019,9,0.9126666666666668,2.23,27.074600000000032,18.52047000000005,90.47098415570038,MPOTA (Tora),MPOTA (Tora),grid_m4.00_29.50,22.601083208333364,18.52047000000005,27.074600000000032,267.96865545796,0.22682592643125,0.2613987393456944,18.385636861111152,101312.32604861112,True,True,0.3376177859350189,True,0.3098110940052035,0.9126666666666668,False,771.3873333333332
Jiji,2019,9,0.4133333333333334,,28.52816000000001,15.75260000000003,58.8030839345117,MPOTA (Tora),MPOTA (Tora),grid_m4.00_29.75,21.59437525000004,15.75260000000003,28.52816000000001,78.72295359554,-0.6079763190390972,0.7223457353969445,14.62002237500002,101407.59029861112,True,True,0.7469623692808592,True,0.5774811123535626,0.4133333333333334,False,771.3873333333332
Rusizi,2019,9,2.55,,33.81722000000002,20.051724137931032,54.8,BUJUMBURA (Aeroport),BUJUMBURA (Aeroport),grid_m3.25_29.25,25.282349597222208,16.726530000000025,33.81722000000002,9.379863747,1.207704289770375,0.8998725898612916,13.61611590277778,101262.90990972224,True,False,1.5043629271954442,False,0.4539204589936735,2.55,False,771.3873333333332
Mpanda,2019,9,1.5586666666666666,0.44,21.923333333333336,11.533333333333337,72.1,RWEGURA,RWEGURA,grid_m3.00_29.50,19.996263069444467,13.56110000000001,27.715599999999995,168.8241960884,-0.5224131692014444,-0.0697603862333333,13.695423819444445,101441.223625,False,False,0.6181210600568109,False,0.5059994606427565,1.5586666666666666,False,771.3873333333332
Nyengwe,2019,9,0.5693333333333332,0.44,31.29666666666667,19.75,45.6,NYANZA LAC (IRAT),NYANZA LAC (IRAT),grid_m4.25_29.50,24.679688416666693,22.039500000000032,27.09402,104.48837268192,0.9088178436847222,-0.1688109519586111,18.30315737500001,101226.1104375,False,False,0.3658537084356579,False,0.46892693725038,0.5693333333333332,False,771.3873333333332
Kaburantwa,2019,9,1.977,0.11,33.42270000000002,16.57614000000001,25.8,MPARAMBO,MPARAMBO,grid_m3.00_29.25,24.215937930555583,16.57614000000001,33.42270000000002,12.08066945832,0.6345746768670834,0.6373902199316667,12.918007319444428,101293.4086875,True,True,2.207813552612297,False,0.476228073975304,1.977,False,771.3873333333332
Nyakagunda,2019,9,0.4363333333333333,,30.268850000000043,14.427700000000016,25.8,MPARAMBO,MPARAMBO,grid_m2.75_29.00,22.331514638888905,14.427700000000016,30.268850000000043,23.73981487832,-1.0738047711024998,0.8606690293162499,11.5581549027778,101380.21130555555,True,True,1.9960780806672505,False,0.408721456330925,0.4363333333333333,False,771.3873333333332
Mutimbuzi,2019,9,0.543,3.08,33.81722000000002,20.051724137931032,54.8,BUJUMBURA (Aeroport),BUJUMBURA (Aeroport),grid_m3.25_29.25,25.282349597222208,16.726530000000025,33.81722000000002,9.379863747,1.207704289770375,0.8998725898612916,13.61611590277778,101262.90990972224,True,False,1.5476478434872514,False,0.5291840091338764,0.543,False,771.3873333333332
Nyengwe,2019,10,0.6661290322580647,2.64,29.47096774193549,20.277419354838703,155.2,NYANZA LAC (IRAT),NYANZA LAC (IRAT),grid_m4.25_29.50,23.25900444892477,20.835050000000024,25.762200000000007,513.3233070186,0.566948061090457,0.3092784879092742,19.13811213709681,101171.8812903226,False,False,0.3658537084356579,False,0.416176864974458,0.6661290322580647,False,771.3085
Mulembwe,2019,10,1.2854838709677423,11.42,21.125806451612902,11.26774193548387,190.0,MPOTA (Tora),MPOTA (Tora),grid_m4.00_29.50,21.63403908602152,18.54427000000004,25.3793,695.7712174511,0.0304490366172043,0.6176149717465054,18.557684731182803,101245.40898521504,False,False,0.3376177859350189,False,0.247977402721239,1.2854838709677423,False,771.3085
Nyamagana,2019,10,0.8164516129032259,,31.35208,16.616540000000043,159.7,MPARAMBO,MPARAMBO,grid_m3.00_29.25,22.98761762096774,16.616540000000043,31.35208,23.988246916140003,0.4920992704461022,0.4030928059395161,14.2140266532258,101215.10420026882,True,True,2.186850324850525,False,0.52067354946303,0.8164516129032259,False,771.3085
Nyakagunda,2019,10,0.493225806451613,,28.91516000000001,14.946860000000015,159.7,MPARAMBO,MPARAMBO,grid_m2.75_29.00,21.06564780913976,14.946860000000015,28.91516000000001,37.97912590392,-0.9314413991981184,0.6225411002810484,12.570233185483914,101298.1494153226,True,True,1.9960780806672505,False,0.602984727672562,0.493225806451613,False,771.3085
Mutimbuzi,2019,10,0.8774193548387098,15.75,33.45938000000001,20.17,133.50000000000003,BUJUMBURA (Aeroport),BUJUMBURA (Aeroport),grid_m3.25_29.25,24.76811944892478,17.548180000000002,33.45938000000001,8.506774914280001,1.1853956411012097,0.505084519007285,13.530212661290363,101181.30548387096,True,False,1.5476478434872514,False,0.367152479285491,0.8774193548387098,False,771.3085
Kaburantwa,2019,10,1.971290322580645,0.15,31.35208,16.616540000000043,159.7,MPARAMBO,MPARAMBO,grid_m3.00_29.25,22.98761762096774,16.616540000000043,31.35208,23.988246916140003,0.4920992704461022,0.4030928059395161,14.2140266532258,101215.10420026882,True,True,2.207813552612297,False,0.467919859054644,1.971290322580645,False,771.3085
Rusizi,2019,10,2.87,,33.45938000000001,20.17,133.50000000000003,BUJUMBURA (Aeroport),BUJUMBURA (Aeroport),grid_m3.25_29.25,24.76811944892478,17.548180000000002,33.45938000000001,8.506774914280001,1.1853956411012097,0.505084519007285,13.530212661290363,101181.30548387096,True,False,1.5043629271954442,False,0.331278137031772,2.87,False,771.3085
Jiji,2019,10,0.4712903225806452,,21.125806451612902,11.26774193548387,190.0,MPOTA (Tora),MPOTA (Tora),grid_m4.00_29.75,20.04089553763441,15.673500000000049,27.177940000000035,267.3459060643,-0.808456216601344,0.3015394928020161,15.953801586021484,101356.75862903228,False,False,0.7469623692808592,False,0.487904612165738,0.4712903225806452,False,771.3085
Mpanda,2019,10,1.6709677419354831,1.63,19.193548387096776,10.606451612903228,317.19999999999993,RWEGURA,RWEGURA,grid_m3.00_29.50,18.748790215053816,13.54427000000004,26.979030000000023,531.71634731644,-0.6902790280786962,-0.2753805555189516,14.734059233870994,101374.81135080644,False,False,0.6181210600568109,False,0.407156128551467,1.6709677419354831,False,771.3085
Mpanda,2019,11,1.650666666666667,8.37,20.33,11.236666666666668,254.3,RWEGURA,RWEGURA,grid_m3.00_29.50,18.887349263888893,13.47213000000005,26.75753000000003,355.40533030434,-0.46699400965125,-0.3073675579530972,14.749413444444428,101344.7624375,False,False,0.6181210600568109,False,0.6312049706676595,1.650666666666667,False,771.3785
Kaburantwa,2019,11,2.1326666666666667,0.24,32.85910000000001,16.38240000000002,100.5,MPARAMBO,MPARAMBO,grid_m3.00_29.25,23.344228388888897,16.38240000000002,32.85910000000001,55.7279585828,0.2432910928651388,0.2607408950774528,14.427050097222264,101181.06890277776,True,True,2.207813552612297,False,0.5518808396541426,2.1326666666666667,False,771.3785
Nyakagunda,2019,11,0.6009999999999998,,29.674980000000005,14.446740000000034,100.5,MPARAMBO,MPARAMBO,grid_m2.75_29.00,21.465794069444485,14.446740000000034,29.674980000000005,39.118290057,-0.7322934881083334,0.3607992171716111,13.014710138888915,101262.23657638888,True,True,1.9960780806672505,False,0.6176316880974045,0.6009999999999998,False,771.3785
Rusizi,2019,11,3.02,,34.16183000000001,20.17666666666667,124.2,BUJUMBURA (Aeroport),BUJUMBURA (Aeroport),grid_m3.25_29.25,24.56466302777784,17.50054,34.16183000000001,85.6800077656,0.5262717768248611,0.28393154059625,14.55767368055558,101152.38170833333,True,False,1.5043629271954442,False,0.5301616471525394,3.02,False,771.3785
Jiji,2019,11,0.6236666666666666,,21.57,11.4,216.3,MPOTA (Tora),MPOTA (Tora),grid_m4.00_29.75,19.748965027777786,14.964650000000006,26.066130000000044,211.88878981306,-0.4222294700293055,0.0922865756430138,16.013327263888925,101321.42510416669,False,False,0.7469623692808592,False,0.4504544976329395,0.6236666666666666,False,771.3785
Nyamagana,2019,11,0.931333333333333,,32.85910000000001,16.38240000000002,100.5,MPARAMBO,MPARAMBO,grid_m3.00_29.25,23.344228388888897,16.38240000000002,32.85910000000001,55.7279585828,0.2432910928651388,0.2607408950774528,14.427050097222264,101181.06890277776,True,True,2.186850324850525,False,0.594927671993881,0.931333333333333,False,771.3785
Nyengwe,2019,11,0.7726666666666667,17.07,29.12592592592593,20.24074074074074,116.9,NYANZA LAC (IRAT),NYANZA LAC (IRAT),grid_m4.25_29.50,23.55020995833337,20.52853000000005,26.547500000000017,328.0348775474,0.4541838324672222,0.2320896369325,19.325701972222248,101124.39403472222,False,False,0.3658537084356579,False,0.401256897367177,0.7726666666666667,False,771.3785
Mulembwe,2019,11,1.389333333333333,20.46,21.57,11.4,216.3,MPOTA (Tora),MPOTA (Tora),grid_m4.00_29.50,21.701173125000025,17.97985,25.89178000000004,455.98459255788,-0.0578224608901388,0.3804742397888889,18.54143301388888,101201.26397916666,False,False,0.3376177859350189,False,0.284115867608655,1.389333333333333,False,771.3785
Mutimbuzi,2019,11,1.0633333333333337,22.58,34.16183000000001,20.17666666666667,124.2,BUJUMBURA (Aeroport),BUJUMBURA (Aeroport),grid_m3.25_29.25,24.56466302777784,17.50054,34.16183000000001,85.6800077656,0.5262717768248611,0.28393154059625,14.55767368055558,101152.38170833333,True,False,1.5476478434872514,False,0.604975534255034,1.0633333333333337,False,771.3785
Mutimbuzi,2019,12,1.597741935483871,16.96,30.330100000000016,20.641935483870977,177.89999999999998,BUJUMBURA (Aeroport),BUJUMBURA (Aeroport),grid_m3.25_29.25,23.33693018817206,17.482140000000015,30.330100000000016,661.1175531042201,-0.4207620312860214,-0.0700605858235215,18.28112470430108,101277.27700268818,True,False,1.5476478434872514,False,0.6881537004429865,1.597741935483871,False,771.607
Mpanda,2019,12,1.6854838709677418,7.09,20.8,10.986206896551725,338.40000000000003,RWEGURA,RWEGURA,grid_m3.00_29.50,18.885359233870982,12.986050000000034,26.642100000000028,516.05510707224,0.0432574157062634,-0.2110439215010753,15.857122916666697,101444.84826612905,False,False,0.6181210600568109,False,0.6678575104337455,1.6854838709677418,False,771.607
Nyengwe,2019,12,1.0587096774193552,21.22,29.151612903225807,20.56451612903226,233.40000000000003,NYANZA LAC (IRAT),NYANZA LAC (IRAT),grid_m4.25_29.50,23.357829247311827,20.99218000000002,25.86523,269.30952006494005,0.4675633220641801,0.1251416575233871,19.38084680107528,101222.93802419354,False,False,0.3658537084356579,False,0.40038298141265,1.0587096774193552,False,771.607
Jiji,2019,12,1.058064516129032,,21.1,12.27741935483871,247.50000000000003,MPOTA (Tora),MPOTA (Tora),grid_m4.00_29.75,19.84183665322581,15.099570000000028,25.41354000000001,331.95304873668005,0.1633220999854301,0.4407892337704301,17.103495228494637,101422.83050403226,False,False,0.7469623692808592,False,0.5240711019033429,1.058064516129032,False,771.607
Nyamagana,2019,12,1.3529032258064515,,29.48788000000002,15.374720000000025,177.79999999999995,MPARAMBO,MPARAMBO,grid_m3.00_29.25,22.042869233870988,15.374720000000025,29.48788000000002,462.07714353536,0.0458379558321236,-0.0356013177750403,17.262420685483903,101306.5792876344,True,True,2.186850324850525,False,0.6923601039290026,1.3529032258064515,False,771.607
Nyakagunda,2019,12,0.6229032258064515,,26.95070000000004,13.835500000000025,177.79999999999995,MPARAMBO,MPARAMBO,grid_m2.75_29.00,20.202264529569906,13.835500000000025,26.95070000000004,219.62213461292,-0.1643894357087365,-0.0048435373630376,16.03031870967743,101386.0648857527,True,True,1.9960780806672505,False,0.709894604569086,0.6229032258064515,False,771.607
Mulembwe,2019,12,1.9351612903225808,22.21,21.1,12.27741935483871,247.50000000000003,MPOTA (Tora),MPOTA (Tora),grid_m4.00_29.50,21.879953736559173,18.22457000000003,26.67578000000003,469.31552883374,0.161526485071586,0.3359295229041666,18.73837650537638,101300.8585483871,False,False,0.3376177859350189,False,0.327247500994624,1.9351612903225808,False,771.607
Rusizi,2019,12,3.39,,30.330100000000016,20.641935483870977,177.89999999999998,BUJUMBURA (Aeroport),BUJUMBURA (Aeroport),grid_m3.25_29.25,23.33693018817206,17.482140000000015,30.330100000000016,661.1175531042201,-0.4207620312860214,-0.0700605858235215,18.28112470430108,101277.27700268818,True,False,1.5043629271954442,False,0.631378669829892,3.39,False,771.607
Kaburantwa,2019,12,2.31774193548387,0.51,29.48788000000002,15.374720000000025,177.79999999999995,MPARAMBO,MPARAMBO,grid_m3.00_29.25,22.042869233870988,15.374720000000025,29.48788000000002,462.07714353536,0.0458379558321236,-0.0356013177750403,17.262420685483903,101306.5792876344,True,True,2.207813552612297,False,0.7131785713338015,2.31774193548387,False,771.607
Rusizi,2020,1,3.77,,31.67830000000004,21.24333333333333,119.7,BUJUMBURA (Aeroport),BUJUMBURA (Aeroport),grid_m3.25_29.25,23.78384857526885,17.40682000000004,31.67830000000004,201.95913321748,-0.0765595663353494,-0.3267754372639785,17.820923346774237,101306.52963037636,True,False,1.5043629271954442,False,0.578986539948292,3.77,False,771.7763333333332
Mpanda,2020,1,1.6222580645161293,6.76,21.11935483870968,11.59032258064516,336.8,RWEGURA,RWEGURA,grid_m3.00_29.50,19.40603189516133,13.651880000000006,27.851530000000025,267.27199599336,0.1829251664267473,-0.4519933256001344,15.66189352150542,101482.4869153226,False,False,0.6181210600568109,False,0.686840456280845,1.6222580645161293,False,771.7763333333332
Jiji,2020,1,0.9699999999999998,,21.82258064516129,12.954838709677416,172.60000000000002,MPOTA (Tora),MPOTA (Tora),grid_m4.00_29.75,20.279199341397884,15.60958000000005,26.635220000000004,402.46963435202,0.0710352555649193,0.2403461704349462,17.35547064516129,101459.00558467742,False,False,0.7469623692808592,False,0.6373737144940945,0.9699999999999998,False,771.7763333333332
Mulembwe,2020,1,1.975806451612904,22.69,21.82258064516129,12.954838709677416,172.60000000000002,MPOTA (Tora),MPOTA (Tora),grid_m4.00_29.50,22.205873158602177,18.230680000000007,27.371730000000017,652.0032875899,0.1063700166789381,0.3242596658208333,19.219085430107555,101336.3565860215,False,False,0.3376177859350189,False,0.2833477163589605,1.975806451612904,False,771.7763333333332
Kaburantwa,2020,1,2.2367741935483867,1.63,30.767970000000048,16.53262000000001,149.3,MPARAMBO,MPARAMBO,grid_m3.00_29.25,22.62059228494627,16.53262000000001,30.767970000000048,120.26166952798,0.314662660156586,-0.0746280503556451,16.956479112903253,101337.11092741936,True,True,2.207813552612297,False,0.6524500046438605,2.2367741935483867,False,771.7763333333332
Nyamagana,2020,1,0.9422580645161286,,30.767970000000048,16.53262000000001,149.3,MPARAMBO,MPARAMBO,grid_m3.00_29.25,22.62059228494627,16.53262000000001,30.767970000000048,120.26166952798,0.314662660156586,-0.0746280503556451,16.956479112903253,101337.11092741936,True,True,2.186850324850525,False,0.6480264029225871,0.9422580645161286,False,771.7763333333332
Mutimbuzi,2020,1,2.6158064516129027,13.3,31.67830000000004,21.24333333333333,119.7,BUJUMBURA (Aeroport),BUJUMBURA (Aeroport),grid_m3.25_29.25,23.78384857526885,17.40682000000004,31.67830000000004,201.95913321748,-0.0765595663353494,-0.3267754372639785,17.820923346774237,101306.52963037636,True,False,1.5476478434872514,False,0.6711705714044724,2.6158064516129027,False,771.7763333333332
Nyakagunda,2020,1,0.6529032258064515,,28.997160000000008,14.540549999999996,149.3,MPARAMBO,MPARAMBO,grid_m2.75_29.00,21.09881895161294,14.540549999999996,28.997160000000008,119.64130424462,-0.0990874443944892,-0.1120773841701612,15.312546532258068,101418.2152688172,True,True,1.9960780806672505,False,0.684902077643756,0.6529032258064515,False,771.7763333333332
Nyengwe,2020,1,1.085483870967742,20.38,28.993548387096777,21.241935483870968,94.9,NYANZA LAC (IRAT),NYANZA LAC (IRAT),grid_m4.25_29.50,23.829831102150592,20.963220000000035,27.185940000000016,468.61791597366,0.4329750451276882,0.2976693401677957,19.884063776881703,101257.2033467742,False,False,0.3658537084356579,False,0.437141923084098,1.085483870967742,False,771.7763333333332
Nyengwe,2020,2,1.2531034482758625,12.59,29.562068965517245,20.903448275862072,163.0,NYANZA LAC (IRAT),NYANZA LAC (IRAT),grid_m4.25_29.50,23.99828247126436,21.18667000000005,27.231100000000023,468.58358354658,0.2535476119992816,0.5014224224982758,20.17822146551725,101258.37014367816,False,False,0.3658537084356579,False,0.5204318960187719,1.2531034482758625,False,
Mulembwe,2020,2,2.122758620689656,18.05,22.66551724137932,12.248275862068963,255.4,MPOTA (Tora),MPOTA (Tora),grid_m4.00_29.50,22.508059382183944,19.016380000000023,27.408040000000028,652.10390028422,-0.0360017662772988,0.5734972249741379,19.44928762931039,101336.35361350574,False,False,0.3376177859350189,False,0.339767707053548,2.122758620689656,False,
Nyakagunda,2020,2,0.620344827586207,,29.64688000000001,14.19730000000004,269.9,MPARAMBO,MPARAMBO,grid_m2.75_29.00,21.422167198275872,14.19730000000004,29.64688000000001,81.84909808767999,-0.5095054922360202,0.1569063243121551,15.210431350574764,101401.37586925288,True,True,1.9960780806672505,False,0.6353738724904725,0.620344827586207,False,
Jiji,2020,2,1.0189655172413794,,22.66551724137932,12.248275862068963,255.4,MPOTA (Tora),MPOTA (Tora),grid_m4.00_29.75,20.73234058908048,16.185500000000047,28.25960000000003,358.94727653582,-0.2259235290270115,0.227513477934339,17.274522155172463,101460.08279454024,False,False,0.7469623692808592,False,0.7060858671343325,1.0189655172413794,False,
Mutimbuzi,2020,2,2.951724137931034,8.67,32.458830000000034,20.85714285714285,103.2,BUJUMBURA (Aeroport),BUJUMBURA (Aeroport),grid_m3.25_29.25,24.503510545977008,17.376599999999996,32.458830000000034,139.65749840482,0.3943746590591954,0.0379074141094827,17.381113505747123,101279.04724856322,True,False,1.5476478434872514,False,0.635742017262641,2.951724137931034,False,
Kaburantwa,2020,2,2.332758620689656,1.13,31.25735000000003,15.81716,269.9,MPARAMBO,MPARAMBO,grid_m3.00_29.25,23.12181771551724,15.81716,31.25735000000003,74.26643340272,0.3619713059436781,0.1263003511408046,16.576549454023052,101315.35826149424,True,True,2.207813552612297,False,0.6759096551106509,2.332758620689656,False,
Rusizi,2020,2,3.92,,32.458830000000034,20.85714285714285,103.2,BUJUMBURA (Aeroport),BUJUMBURA (Aeroport),grid_m3.25_29.25,24.503510545977008,17.376599999999996,32.458830000000034,139.65749840482,0.3943746590591954,0.0379074141094827,17.381113505747123,101279.04724856322,True,False,1.5043629271954442,False,0.6176184931278534,3.92,False,
Nyamagana,2020,2,0.97551724137931,,31.25735000000003,15.81716,269.9,MPARAMBO,MPARAMBO,grid_m3.00_29.25,23.12181771551724,15.81716,31.25735000000003,74.26643340272,0.3619713059436781,0.1263003511408046,16.576549454023052,101315.35826149424,True,True,2.186850324850525,False,0.667999640295009,0.97551724137931,False,
Mpanda,2020,2,1.6044827586206902,4.33,21.772413793103446,11.810344827586208,200.6,RWEGURA,RWEGURA,grid_m3.00_29.50,19.821870244252864,14.060270000000004,28.64333000000005,322.00575042932,-0.2214756790498563,-0.4295811925378736,15.62457498563225,101467.60468390804,False,False,0.6181210600568109,False,0.722536539357242,1.6044827586206902,False,
Nyakagunda,2020,3,0.663548387096774,,28.433370000000025,14.336700000000008,200.50000000000003,MPARAMBO,MPARAMBO,grid_m2.75_29.00,21.265626532258125,14.336700000000008,28.433370000000025,128.86810319224,-0.4831786949151881,0.2418342713130241,15.35458198924738,101369.28856182795,True,True,1.9960780806672505,False,0.6244386035754225,0.663548387096774,False,772.252
Rusizi,2020,3,3.9,,30.866600000000005,21.154545454545453,96.3,BUJUMBURA (Aeroport),BUJUMBURA (Aeroport),grid_m3.25_29.25,24.32873822580649,18.332150000000013,30.866600000000005,145.47252660703998,-0.0256473512946236,0.0417702172071236,18.155161344086025,101255.90534274194,True,False,1.5043629271954442,False,0.6270897199253455,3.9,False,772.252
Nyamagana,2020,3,0.8493548387096773,,30.32595000000003,16.65700000000004,200.50000000000003,MPARAMBO,MPARAMBO,grid_m3.00_29.25,22.97963532258069,16.65700000000004,30.32595000000003,116.12749064018,0.1025474786136424,0.1350975647153225,17.085344905913985,101288.8632123656,True,True,2.186850324850525,False,0.679913370185602,0.8493548387096773,False,772.252
Mutimbuzi,2020,3,3.0022580645161288,13.72,30.866600000000005,21.154545454545453,96.3,BUJUMBURA (Aeroport),BUJUMBURA (Aeroport),grid_m3.25_29.25,24.32873822580649,18.332150000000013,30.866600000000005,145.47252660703998,-0.0256473512946236,0.0417702172071236,18.155161344086025,101255.90534274194,True,False,1.5476478434872514,False,0.6619719354085085,3.0022580645161288,False,772.252
Kaburantwa,2020,3,2.2887096774193547,0.96,30.32595000000003,16.65700000000004,200.50000000000003,MPARAMBO,MPARAMBO,grid_m3.00_29.25,22.97963532258069,16.65700000000004,30.32595000000003,116.12749064018,0.1025474786136424,0.1350975647153225,17.085344905913985,101288.8632123656,True,True,2.207813552612297,False,0.7139310640335046,2.2887096774193547,False,772.252
Mulembwe,2020,3,2.2312903225806457,17.4,22.46129032258064,12.796774193548387,206.1,MPOTA (Tora),MPOTA (Tora),grid_m4.00_29.50,22.53017766129033,19.121730000000017,26.92315000000002,593.38617255012,0.0332797959981182,0.3291040439959677,19.177341209677422,101295.09988575269,False,False,0.3376177859350189,False,0.333716014926227,2.2312903225806457,False,772.252
Nyengwe,2020,3,1.2935483870967743,15.09,29.538709677419355,21.025806451612905,141.0,NYANZA LAC (IRAT),NYANZA LAC (IRAT),grid_m4.25_29.50,24.06646849462368,21.064840000000004,27.180300000000045,476.47380788916,0.4060864680598118,0.1940706511998655,20.048555685483905,101214.21820564516,False,False,0.3658537084356579,False,0.5618957655032095,1.2935483870967743,False,772.252
Jiji,2020,3,1.2061290322580644,,22.46129032258064,12.796774193548387,206.1,MPOTA (Tora),MPOTA (Tora),grid_m4.00_29.75,20.49667028225809,16.301600000000008,26.807920000000024,282.18364693322,-0.0594962660586021,0.3592908510423253,17.399608736559173,101426.29301075268,False,False,0.7469623692808592,False,0.5616899916134495,1.2061290322580644,False,772.252
Mpanda,2020,3,1.6358064516129032,4.32,21.44516129032257,11.725806451612904,325.6,RWEGURA,RWEGURA,grid_m3.00_29.50,19.533550954301063,13.97732000000002,26.24502000000001,439.48221115324,-0.1505069040524193,-0.1684204226098118,16.147595470430133,101449.5703830645,False,False,0.6181210600568109,False,0.6776800316721,1.6358064516129032,False,772.252
Mutimbuzi,2020,4,2.815666666666667,21.45,30.886000000000024,21.186666666666664,132.3,BUJUMBURA (Aeroport),BUJUMBURA (Aeroport),grid_m3.25_29.25,24.13866304166669,17.525230000000022,30.886000000000024,262.37440209838,0.2915538555065277,0.4159682380713889,18.17947866666668,101343.50488194443,True,False,1.5476478434872514,False,0.6856348386909574,2.815666666666667,False,772.4939999999999
Mulembwe,2020,4,2.160333333333333,20.01,21.57666666666667,12.856666666666664,241.1,MPOTA (Tora),MPOTA (Tora),grid_m4.00_29.50,21.878362888888944,18.59405000000004,28.20474000000001,665.8906934202599,-0.1219335554594444,0.5636787407956945,19.235956472222256,101395.4649652778,False,False,0.3376177859350189,False,0.428582015125544,2.160333333333333,False,772.4939999999999
Mpanda,2020,4,1.6499999999999997,10.64,20.886666666666667,11.883333333333333,409.3,RWEGURA,RWEGURA,grid_m3.00_29.50,19.199283208333384,13.701300000000003,26.44900000000001,417.5653464344,-0.5379112027705556,-0.0618271707661111,16.282605972222257,101536.24481944444,False,False,0.6181210600568109,False,0.6744736217978571,1.6499999999999997,False,772.4939999999999
Nyamagana,2020,4,1.0243333333333335,,30.26138000000003,16.15945000000005,144.5,MPARAMBO,MPARAMBO,grid_m3.00_29.25,22.66291706944446,16.15945000000005,30.26138000000003,177.82831170546,-0.01417124036625,0.3417983162972222,17.380292138888933,101377.61895833336,True,True,2.186850324850525,False,0.6845191849849754,1.0243333333333335,False,772.4939999999999
Rusizi,2020,4,3.73,,30.886000000000024,21.186666666666664,132.3,BUJUMBURA (Aeroport),BUJUMBURA (Aeroport),grid_m3.25_29.25,24.13866304166669,17.525230000000022,30.886000000000024,262.37440209838,0.2915538555065277,0.4159682380713889,18.17947866666668,101343.50488194443,True,False,1.5043629271954442,False,0.614922290564045,3.73,False,772.4939999999999
Kaburantwa,2020,4,2.848,1.9,30.26138000000003,16.15945000000005,144.5,MPARAMBO,MPARAMBO,grid_m3.00_29.25,22.66291706944446,16.15945000000005,30.26138000000003,177.82831170546,-0.01417124036625,0.3417983162972222,17.380292138888933,101377.61895833336,True,True,2.207813552612297,False,0.7164960091280574,2.848,False,772.4939999999999
Jiji,2020,4,1.1016666666666668,,21.57666666666667,12.856666666666664,241.1,MPOTA (Tora),MPOTA (Tora),grid_m4.00_29.75,19.84262368055556,15.516080000000043,27.38247000000001,316.65372868214,-0.7130142833201388,0.3100396909808333,17.35801012500002,101536.14202083331,False,False,0.7469623692808592,False,0.6098235389057295,1.1016666666666668,False,772.4939999999999
Nyakagunda,2020,4,0.6333333333333334,,29.34340000000003,15.056050000000027,144.5,MPARAMBO,MPARAMBO,grid_m2.75_29.00,20.934651125000016,15.056050000000027,29.34340000000003,125.56362117496,-0.8195369075073611,0.4684598288315277,15.380672388888913,101449.82709722222,True,True,1.9960780806672505,False,0.7014090731577844,0.6333333333333334,False,772.4939999999999
Nyengwe,2020,4,1.3303333333333334,19.9,29.19333333333333,20.93,376.1,NYANZA LAC (IRAT),NYANZA LAC (IRAT),grid_m4.25_29.50,23.25777393055557,20.904260000000026,27.26920000000001,656.6367138135,0.2485267843343055,0.4429539143063889,20.0580237916667,101320.97695138888,False,False,0.3658537084356579,False,0.542893999158923,1.3303333333333334,False,772.4939999999999
Nyakagunda,2020,5,0.586451612903226,,28.91586000000001,15.146330000000034,230.5,MPARAMBO,MPARAMBO,grid_m2.75_29.00,21.24885239247311,15.146330000000034,28.91586000000001,29.12855154618,-1.3250513188346773,0.8127384342760752,14.41021107526882,101583.84222446237,True,True,1.9960780806672505,False,0.685769741606475,0.586451612903226,False,772.8046666666665
Nyamagana,2020,5,0.7141935483870967,,29.89724000000001,15.6678,230.5,MPARAMBO,MPARAMBO,grid_m3.00_29.25,22.449034543010782,15.6678,29.89724000000001,20.93648903808,0.4028592060100941,0.5535477211025538,16.441221626344145,101514.26647849462,True,True,2.186850324850525,False,0.6192689354773775,0.7141935483870967,False,772.8046666666665
Mutimbuzi,2020,5,2.881935483870967,14.23,31.1121,20.90322580645161,13.3,BUJUMBURA (Aeroport),BUJUMBURA (Aeroport),grid_m3.25_29.25,24.03490110215057,17.204000000000008,31.1121,17.58003237644,1.1684684554587097,0.8335048277494678,17.241803655913998,101476.3882594086,True,False,1.5476478434872514,False,0.6584025394441391,2.881935483870967,False,772.8046666666665
Rusizi,2020,5,3.72,,31.1121,20.90322580645161,13.3,BUJUMBURA (Aeroport),BUJUMBURA (Aeroport),grid_m3.25_29.25,24.03490110215057,17.204000000000008,31.1121,17.58003237644,1.1684684554587097,0.8335048277494678,17.241803655913998,101476.3882594086,True,False,1.5043629271954442,False,0.58971945847517,3.72,False,772.8046666666665
Jiji,2020,5,0.9658064516129032,,21.26774193548387,11.125806451612904,85.10000000000001,MPOTA (Tora),MPOTA (Tora),grid_m4.00_29.75,20.41277543010756,14.821500000000016,26.25536,94.22731388508,-1.2559700201653226,0.4868356396915322,15.76512247311831,101666.12076612902,False,False,0.7469623692808592,False,0.7027489667508225,0.9658064516129032,False,772.8046666666665
Mulembwe,2020,5,1.9245161290322577,10.24,21.26774193548387,11.125806451612904,85.10000000000001,MPOTA (Tora),MPOTA (Tora),grid_m4.00_29.50,22.14692520161293,18.080960000000005,26.27340000000004,283.65802769924,0.0816961512329301,0.6844307245043159,19.159666774193568,101543.4119623656,False,False,0.3376177859350189,False,0.486609159221288,1.9245161290322577,False,772.8046666666665
Mpanda,2020,5,1.5141935483870974,12.46,20.95806451612903,11.26774193548387,126.7,RWEGURA,RWEGURA,grid_m3.00_29.50,19.550276680107515,12.598839999999996,27.122550000000047,142.37022407468,-0.9023467655255376,0.0564275315024462,14.88260380376346,101649.73620967742,False,False,0.6181210600568109,False,0.6714240866325101,1.5141935483870974,False,772.8046666666665
Kaburantwa,2020,5,2.883870967741936,6.54,29.89724000000001,15.6678,230.5,MPARAMBO,MPARAMBO,grid_m3.00_29.25,22.449034543010782,15.6678,29.89724000000001,20.93648903808,0.4028592060100941,0.5535477211025538,16.441221626344145,101514.26647849462,True,True,2.207813552612297,False,0.7193540920368304,2.883870967741936,False,772.8046666666665
Nyengwe,2020,5,1.3725806451612903,8.92,28.703225806451613,19.616129032258065,81.6,NYANZA LAC (IRAT),NYANZA LAC (IRAT),grid_m4.25_29.50,23.584514233871005,21.63265000000001,26.18942000000004,266.29590972551995,0.8332738773345577,0.4415554279069892,19.925620067204363,101469.7844422043,False,False,0.3658537084356579,False,0.7073038437227486,1.3725806451612903,False,772.8046666666665
Mpanda,2020,6,1.4546666666666668,1.16,20.35666666666667,10.446666666666664,0.0,RWEGURA,RWEGURA,grid_m3.00_29.50,19.24855504166669,12.349730000000022,27.22592000000003,86.48204769908,-0.3599377735684722,0.4205570432179722,13.983402694444464,101633.42284027777,False,False,0.6181210600568109,False,0.6772876721006045,1.4546666666666668,False,772.7346666666667
Mulembwe,2020,6,1.596,2.03,21.350000000000005,9.246666666666668,47.1,MPOTA (Tora),MPOTA (Tora),grid_m4.00_29.50,21.701042500000028,17.207150000000013,25.62423000000001,128.89146773910002,0.1567031227261111,0.5777062943673611,18.39771787500001,101537.72165277778,False,False,0.3376177859350189,False,0.337018190615061,1.596,False,772.7346666666667
Mutimbuzi,2020,6,2.644,1.5,30.95297000000005,19.28666666666667,14.0,BUJUMBURA (Aeroport),BUJUMBURA (Aeroport),grid_m3.25_29.25,24.17261366666668,15.423200000000008,30.95297000000005,8.1367492198,0.6915786111059722,1.1376930017595832,16.41335636111114,101481.25026388888,True,False,1.5476478434872514,False,0.582955675506206,2.644,False,772.7346666666667
Nyakagunda,2020,6,0.4046666666666664,,28.08170000000001,14.69738000000001,34.8,MPARAMBO,MPARAMBO,grid_m2.75_29.00,20.919070680555592,14.69738000000001,28.08170000000001,11.86466216496,-1.17450890155,0.7979523343218056,13.148143722222244,101582.59025,True,True,1.9960780806672505,False,0.60561636144761,0.4046666666666664,False,772.7346666666667
Rusizi,2020,6,3.53,,30.95297000000005,19.28666666666667,14.0,BUJUMBURA (Aeroport),BUJUMBURA (Aeroport),grid_m3.25_29.25,24.17261366666668,15.423200000000008,30.95297000000005,8.1367492198,0.6915786111059722,1.1376930017595832,16.41335636111114,101481.25026388888,True,False,1.5043629271954442,False,0.5223612223525125,3.53,False,772.7346666666667
Jiji,2020,6,0.6660000000000001,,21.350000000000005,9.246666666666668,47.1,MPOTA (Tora),MPOTA (Tora),grid_m4.00_29.75,19.874905916666705,13.052850000000037,26.376700000000028,43.53713999772,-0.6039169940322222,0.9042593001225,14.95466797222224,101643.85275694444,False,False,0.7469623692808592,False,0.7402288399042529,0.6660000000000001,False,772.7346666666667
Nyengwe,2020,6,1.2623333333333333,1.76,29.820689655172416,18.934482758620685,3.5,NYANZA LAC (IRAT),NYANZA LAC (IRAT),grid_m4.25_29.50,23.53475804166669,21.00012000000004,25.685270000000003,58.7229728914,0.9093737488341668,0.2759973099897222,18.382307236111103,101459.17166666666,False,False,0.3658537084356579,False,0.6028986522000901,1.2623333333333333,False,772.7346666666667
Kaburantwa,2020,6,2.5840000000000005,0.77,30.01342,15.434930000000008,34.8,MPARAMBO,MPARAMBO,grid_m3.00_29.25,22.463138222222256,15.434930000000008,30.01342,16.36838910296,0.3490452442380555,0.7008277694769445,15.459737847222245,101514.79147916666,True,True,2.207813552612297,False,0.665193243843867,2.5840000000000005,False,772.7346666666667
Nyamagana,2020,6,0.4173333333333333,,30.01342,15.434930000000008,34.8,MPARAMBO,MPARAMBO,grid_m3.00_29.25,22.463138222222256,15.434930000000008,30.01342,16.36838910296,0.3490452442380555,0.7008277694769445,15.459737847222245,101514.79147916666,True,True,2.186850324850525,False,0.557092322843135,0.4173333333333333,False,772.7346666666667
Rusizi,2020,7,3.64,,30.92850000000004,19.0,0.0,BUJUMBURA (Aeroport),BUJUMBURA (Aeroport),grid_m3.25_29.25,23.55893498655917,14.438500000000031,30.92850000000004,8.89348983088,0.4721833326448925,1.3338953651685483,15.515725645161297,101411.10026209678,True,False,1.5043629271954442,False,0.483159562345713,3.64,False,772.6066666666667
Jiji,2020,7,0.5558064516129033,,20.764516129032263,8.24,0.0,MPOTA (Tora),MPOTA (Tora),grid_m4.00_29.75,19.3964817876344,13.598839999999996,26.29690000000005,18.46170420094,-0.5226936522951613,1.172677236719489,13.581255349462367,101566.25584005375,False,False,0.7469623692808592,False,0.657792501244878,0.5558064516129033,False,772.6066666666667
Mulembwe,2020,7,1.4354838709677418,0.95,20.764516129032263,8.24,0.0,MPOTA (Tora),MPOTA (Tora),grid_m4.00_29.50,20.8279620026882,16.059780000000046,24.29580000000004,79.49686048993999,0.117930035422258,0.8986464463514785,17.34484029569893,101474.17887096772,False,False,0.3376177859350189,False,0.450167313699007,1.4354838709677418,False,772.6066666666667
Kaburantwa,2020,7,2.2841935483870968,0.31,30.061300000000017,13.489280000000008,0.0,MPARAMBO,MPARAMBO,grid_m3.00_29.25,22.120639395161337,13.489280000000008,30.061300000000017,4.86183166268,0.2619966306594758,0.8008589389899193,14.287617043010757,101441.33948924732,True,True,2.207813552612297,False,0.5445890579392875,2.2841935483870968,False,772.6066666666667
Mpanda,2020,7,1.450322580645161,0.43,20.583870967741937,9.716129032258063,0.0,RWEGURA,RWEGURA,grid_m3.00_29.50,18.77338489247313,10.881860000000016,26.76052000000004,20.5116271896,-0.1608221174900537,0.7183210328956989,13.167195053763464,101547.14308467742,False,False,0.6181210600568109,False,0.572437747554727,1.450322580645161,False,772.6066666666667
Nyengwe,2020,7,1.130645161290323,0.75,30.525806451612905,17.75806451612903,0.0,NYANZA LAC (IRAT),NYANZA LAC (IRAT),grid_m4.25_29.50,22.70775016129033,19.792700000000025,24.66366000000005,48.06137099494,0.816580435467742,0.7538211805478494,17.299855309139787,101404.11454301076,False,False,0.3658537084356579,False,0.5657470879417645,1.130645161290323,False,772.6066666666667
Nyamagana,2020,7,0.3293548387096775,,30.061300000000017,13.489280000000008,0.0,MPARAMBO,MPARAMBO,grid_m3.00_29.25,22.120639395161337,13.489280000000008,30.061300000000017,4.86183166268,0.2619966306594758,0.8008589389899193,14.287617043010757,101441.33948924732,True,True,2.186850324850525,False,0.4439609705708975,0.3293548387096775,False,772.6066666666667
Nyakagunda,2020,7,0.3451612903225806,,28.05740000000003,13.43300000000005,0.0,MPARAMBO,MPARAMBO,grid_m2.75_29.00,20.121148655914,13.43300000000005,28.05740000000003,22.42755902022,-1.1112497556659946,0.8555831903516129,12.283718373655972,101505.55588037634,True,True,1.9960780806672505,False,0.4717061233388305,0.3451612903225806,False,772.6066666666667
Mutimbuzi,2020,7,2.5106451612903227,0.76,30.92850000000004,19.0,0.0,BUJUMBURA (Aeroport),BUJUMBURA (Aeroport),grid_m3.25_29.25,23.55893498655917,14.438500000000031,30.92850000000004,8.89348983088,0.4721833326448925,1.3338953651685483,15.515725645161297,101411.10026209678,True,False,1.5476478434872514,False,0.479609252645686,2.5106451612903227,False,772.6066666666667
Nyakagunda,2020,8,0.3132258064516129,,29.95420000000001,12.921750000000031,12.9,MPARAMBO,MPARAMBO,grid_m2.75_29.00,22.188087849462363,12.921750000000031,29.95420000000001,3.7245750302,-0.9624101595701614,0.919312876561828,11.086989825268802,101389.10995967744,True,True,1.9960780806672505,False,0.426313437221558,0.3132258064516129,False,772.4105
Rusizi,2020,8,3.49,,32.744230000000016,20.193548387096776,22.1,BUJUMBURA (Aeroport),BUJUMBURA (Aeroport),grid_m3.25_29.25,25.11205768817205,15.748800000000015,32.744230000000016,1.19018556986,0.9613142730860216,1.2474313147965053,14.509728615591428,101275.6257594086,True,False,1.5043629271954442,False,0.4131031119922975,3.49,False,772.4105
Nyengwe,2020,8,1.0687096774193543,0.61,31.064516129032263,18.30322580645161,0.0,NYANZA LAC (IRAT),NYANZA LAC (IRAT),grid_m4.25_29.50,24.2542027419355,20.883100000000013,26.28830000000005,25.65670008398,0.9119401117077957,0.1694520104581989,17.550444758064543,101262.24017473118,False,False,0.3658537084356579,False,0.4686104085104819,1.0687096774193543,False,772.4105
Kaburantwa,2020,8,2.099032258064516,0.17,32.129970000000014,15.424599999999998,12.9,MPARAMBO,MPARAMBO,grid_m3.00_29.25,24.014800389784966,15.424599999999998,32.129970000000014,1.7852783173,0.5968398852047043,0.7399115220048388,12.911607325268848,101306.04091397848,True,True,2.207813552612297,False,0.478715179266394,2.099032258064516,False,772.4105
Mutimbuzi,2020,8,2.1670967741935483,1.52,32.744230000000016,20.193548387096776,22.1,BUJUMBURA (Aeroport),BUJUMBURA (Aeroport),grid_m3.25_29.25,25.11205768817205,15.748800000000015,32.744230000000016,1.19018556986,0.9613142730860216,1.2474313147965053,14.509728615591428,101275.6257594086,True,False,1.5476478434872514,False,0.429856148129262,2.1670967741935483,False,772.4105
Nyamagana,2020,8,0.3012903225806452,,32.129970000000014,15.424599999999998,12.9,MPARAMBO,MPARAMBO,grid_m3.00_29.25,24.014800389784966,15.424599999999998,32.129970000000014,1.7852783173,0.5968398852047043,0.7399115220048388,12.911607325268848,101306.04091397848,True,True,2.186850324850525,False,0.3925316030737374,0.3012903225806452,False,772.4105
Mulembwe,2020,8,1.305161290322581,1.01,23.32258064516129,8.829032258064515,37.0,MPOTA (Tora),MPOTA (Tora),grid_m4.00_29.50,22.32017091397853,17.320600000000013,26.96603000000005,68.62258915897999,0.2369779163173387,0.5018087822775538,17.639337970430176,101340.35223790322,False,False,0.3376177859350189,False,0.2948155034770865,1.305161290322581,False,772.4105
Mpanda,2020,8,1.451290322580645,0.36,22.62903225806452,10.861290322580649,45.5,RWEGURA,RWEGURA,grid_m3.00_29.50,20.33634182795703,12.65115000000003,28.00756000000001,45.78876492894,-0.2403511332052419,0.4430457078848118,13.130546411290313,101440.16069892474,False,False,0.6181210600568109,False,0.434846944573823,1.451290322580645,False,772.4105
Jiji,2020,8,0.4861290322580648,,23.32258064516129,8.829032258064515,37.0,MPOTA (Tora),MPOTA (Tora),grid_m4.00_29.75,21.278630268817267,15.051080000000011,28.28207000000004,15.19346245758,-0.4136410984797042,1.003541393692742,13.432293655914007,101434.82702956987,False,False,0.7469623692808592,False,0.5847273757523865,0.4861290322580648,False,772.4105
Nyengwe,2020,9,1.0373333333333334,0.39,31.65,19.230000000000004,17.2,NYANZA LAC (IRAT),NYANZA LAC (IRAT),grid_m4.25_29.50,24.57294530555555,22.25490000000002,27.65220000000005,71.40922541476,0.94942506165375,-0.0243412657370833,18.161969027777783,101203.29003472225,False,False,0.3658537084356579,False,0.4312302552363245,1.0373333333333334,False,772.2950000000001
Mpanda,2020,9,1.4113333333333338,0.43,22.05333333333333,10.95666666666667,65.89999999999999,RWEGURA,RWEGURA,grid_m3.00_29.50,20.08632151388889,12.86587000000003,28.655050000000017,172.25694670598,-0.3172510996395833,0.1648419474388889,13.689017555555552,101403.564875,False,False,0.6181210600568109,False,0.4532386120167669,1.4113333333333338,False,772.2950000000001
Kaburantwa,2020,9,1.705333333333333,0.11,33.127700000000004,15.701070000000016,26.2,MPARAMBO,MPARAMBO,grid_m3.00_29.25,23.986598444444496,15.701070000000016,33.127700000000004,5.453109764120001,0.6455215236653611,0.6249453029513888,13.147700625000027,101264.53065972222,True,True,2.207813552612297,False,0.4855859158573474,1.705333333333333,False,772.2950000000001
Rusizi,2020,9,3.4,,33.26248000000004,19.97058823529412,39.9,BUJUMBURA (Aeroport),BUJUMBURA (Aeroport),grid_m3.25_29.25,25.226542375000008,16.88076000000001,33.26248000000004,1.2516975403,0.9728015260547224,0.9449621196825,14.174616000000016,101232.84475,True,False,1.5043629271954442,False,0.424522637385601,3.4,False,772.2950000000001
Mutimbuzi,2020,9,2.2376666666666667,3.74,33.26248000000004,19.97058823529412,39.9,BUJUMBURA (Aeroport),BUJUMBURA (Aeroport),grid_m3.25_29.25,25.226542375000008,16.88076000000001,33.26248000000004,1.2516975403,0.9728015260547224,0.9449621196825,14.174616000000016,101232.84475,True,False,1.5476478434872514,False,0.4678808669588085,2.2376666666666667,False,772.2950000000001
Mulembwe,2020,9,1.328,1.15,23.19,9.953333333333337,75.10000000000001,MPOTA (Tora),MPOTA (Tora),grid_m4.00_29.50,22.575110763888915,18.13467000000003,27.75765000000001,187.6411431824,0.26113567398875,0.4115094285706944,18.29438305555556,101286.52041666668,False,False,0.3376177859350189,False,0.3041968071871435,1.328,False,772.2950000000001
Nyakagunda,2020,9,0.3273333333333332,,30.5419,14.471339999999998,26.2,MPARAMBO,MPARAMBO,grid_m2.75_29.00,22.06492429166667,14.471339999999998,30.5419,11.3224983237,-0.8965303428369444,0.8216168515578055,11.560298569444512,101351.06540277778,True,True,1.9960780806672505,False,0.444898690022559,0.3273333333333332,False,772.2950000000001
Jiji,2020,9,0.4553333333333333,,23.19,9.953333333333337,75.10000000000001,MPOTA (Tora),MPOTA (Tora),grid_m4.00_29.75,21.51688244444449,15.747950000000005,28.7004,64.11933883392,-0.4393444703580555,0.9224347222539444,14.388255125,101378.8676388889,False,False,0.7469623692808592,False,0.550660925447064,0.4553333333333333,False,772.2950000000001
Nyamagana,2020,9,0.3136666666666668,,33.127700000000004,15.701070000000016,26.2,MPARAMBO,MPARAMBO,grid_m3.00_29.25,23.986598444444496,15.701070000000016,33.127700000000004,5.453109764120001,0.6455215236653611,0.6249453029513888,13.147700625000027,101264.53065972222,True,True,2.186850324850525,False,0.4352873648230935,0.3136666666666668,False,772.2950000000001
Nyengwe,2020,10,1.078709677419355,1.45,29.96129032258065,20.21612903225806,124.3,NYANZA LAC (IRAT),NYANZA LAC (IRAT),grid_m4.25_29.50,24.40845147849467,20.946300000000008,27.45070000000004,239.28237043096,0.933549634884274,-0.1957718246073924,18.57659876344087,101177.77823924732,False,False,0.3658537084356579,False,0.3771226146893915,1.078709677419355,False,772.071
Kaburantwa,2020,10,1.7735483870967743,0.13,32.27720000000005,17.00424000000004,74.7,MPARAMBO,MPARAMBO,grid_m3.00_29.25,23.421984395161303,17.00424000000004,32.27720000000005,24.9114035766,0.6161025056049731,0.4123352180989247,13.806581827957018,101257.74934139784,True,True,2.207813552612297,False,0.5801738597111955,1.7735483870967743,False,772.071
Jiji,2020,10,0.504193548387097,,22.335483870967742,11.029032258064516,128.1,MPOTA (Tora),MPOTA (Tora),grid_m4.00_29.75,20.76612569892478,15.94160000000005,28.21893,159.13701041528,-0.416490267884543,0.4919762542381989,15.65935983870969,101367.10787634407,False,False,0.7469623692808592,False,0.2901779651579195,0.504193548387097,False,772.071
Mulembwe,2020,10,1.3903225806451611,8.22,22.335483870967742,11.029032258064516,128.1,MPOTA (Tora),MPOTA (Tora),grid_m4.00_29.50,22.40864072580649,18.66622000000001,26.19073000000003,413.96236454622,0.2566067485426075,0.2481755884215053,18.33647715053769,101261.32998655914,False,False,0.3376177859350189,False,0.240962563932306,1.3903225806451611,False,772.071
Rusizi,2020,10,3.48,,33.39684,20.42903225806452,21.7,BUJUMBURA (Aeroport),BUJUMBURA (Aeroport),grid_m3.25_29.25,24.560136680107576,17.25866000000002,33.39684,15.48099518392,1.1588953684567609,0.5436343100307393,14.371200268817232,101221.22514784949,True,False,1.5043629271954442,False,0.5219027361949985,3.48,False,772.071
Mpanda,2020,10,1.4370967741935488,2.05,27.975600000000043,13.215480000000014,311.2,RWEGURA,RWEGURA,grid_m3.00_29.50,19.53132251344089,13.215480000000014,27.975600000000043,333.00924366336,-0.458876230997715,-0.1617050217338709,14.135749112903284,101402.4213844086,True,True,0.6181210600568109,False,0.51721148337834,1.4370967741935488,False,772.071
Nyamagana,2020,10,0.3832258064516129,,32.27720000000005,17.00424000000004,74.7,MPARAMBO,MPARAMBO,grid_m3.00_29.25,23.421984395161303,17.00424000000004,32.27720000000005,24.9114035766,0.6161025056049731,0.4123352180989247,13.806581827957018,101257.74934139784,True,True,2.186850324850525,False,0.525527088137698,0.3832258064516129,False,772.071
Mutimbuzi,2020,10,2.3122580645161293,14.99,33.39684,20.42903225806452,21.7,BUJUMBURA (Aeroport),BUJUMBURA (Aeroport),grid_m3.25_29.25,24.560136680107576,17.25866000000002,33.39684,15.48099518392,1.1588953684567609,0.5436343100307393,14.371200268817232,101221.22514784949,True,False,1.5476478434872514,False,0.559869962791404,2.3122580645161293,False,772.071
Nyakagunda,2020,10,0.3290322580645163,,29.74060000000003,14.75063,74.7,MPARAMBO,MPARAMBO,grid_m2.75_29.00,21.40754338709684,14.75063,29.74060000000003,58.9165690267,-0.8780289301073926,0.6742272295564516,12.827281478494626,101342.98186827956,True,True,1.9960780806672505,False,0.5472697523137611,0.3290322580645163,False,772.071
Jiji,2020,11,0.6669999999999999,,21.92666666666667,11.616666666666667,156.69999999999996,MPOTA (Tora),MPOTA (Tora),grid_m4.00_29.75,20.16313913888888,15.52000000000004,26.650840000000017,322.25418040592,-0.3872297787914028,0.2408797794388888,16.48146541666671,101405.8094513889,False,False,0.7469623692808592,False,0.522304281234714,0.6669999999999999,False,772.182
Mpanda,2020,11,1.529666666666667,4.83,20.706666666666667,10.973333333333334,300.40000000000003,RWEGURA,RWEGURA,grid_m3.00_29.50,19.11622363888887,13.85555000000005,26.42697000000004,326.87044105982,-0.3886769896348055,-0.4362917159347222,15.156088486111116,101438.17733333334,False,False,0.6181210600568109,False,0.584687803333643,1.529666666666667,False,772.182
Kaburantwa,2020,11,1.959666666666667,0.22,30.41560000000004,16.16055,171.6,MPARAMBO,MPARAMBO,grid_m3.00_29.25,22.7877867777778,16.16055,30.41560000000004,56.22720722304,0.4213029363990277,0.1666935806759722,15.701566291666722,101287.37541666666,True,True,2.207813552612297,False,0.63135738860264,1.959666666666667,False,772.182
Rusizi,2020,11,3.71,,31.76522,20.41333333333333,155.5,BUJUMBURA (Aeroport),BUJUMBURA (Aeroport),grid_m3.25_29.25,24.099757638888946,16.88516000000004,31.76522,58.46023552814,0.67309736815875,0.0474512312270833,15.96495315277781,101254.00198611112,True,False,1.5043629271954442,False,0.603988885072614,3.71,False,772.182
Nyamagana,2020,11,0.714,,30.41560000000004,16.16055,171.6,MPARAMBO,MPARAMBO,grid_m3.00_29.25,22.7877867777778,16.16055,30.41560000000004,56.22720722304,0.4213029363990277,0.1666935806759722,15.701566291666722,101287.37541666666,True,True,2.186850324850525,False,0.581302592631996,0.714,False,772.182
Mulembwe,2020,11,1.8043333333333345,9.66,21.92666666666667,11.616666666666667,156.69999999999996,MPOTA (Tora),MPOTA (Tora),grid_m4.00_29.50,21.94315763888892,18.64462000000003,26.353970000000004,710.8230587655399,0.0080501691708472,0.4715641858052777,18.833578666666657,101290.14920833334,False,False,0.3376177859350189,False,0.457182277421281,1.8043333333333345,False,772.182
Nyengwe,2020,11,0.9453846153846156,3.59,28.87,20.370000000000005,183.1,NYANZA LAC (IRAT),NYANZA LAC (IRAT),grid_m4.25_29.50,23.67283994444449,21.086330000000032,26.74178000000001,406.51750574142,0.4592722286343056,0.2741832731693056,19.3086084027778,101213.4110138889,False,False,0.3658537084356579,False,0.581897440094288,0.9453846153846156,False,772.182
Nyakagunda,2020,11,0.3856666666666667,,28.972470000000044,14.683680000000038,171.6,MPARAMBO,MPARAMBO,grid_m2.75_29.00,21.081511902777777,14.683680000000038,28.972470000000044,56.19144433382,-0.6287852256169166,0.35948329483675,14.08646202777777,101366.44659722222,True,True,1.9960780806672505,False,0.590562236382946,0.3856666666666667,False,772.182
Mutimbuzi,2020,11,2.507333333333333,13.6,31.76522,20.41333333333333,155.5,BUJUMBURA (Aeroport),BUJUMBURA (Aeroport),grid_m3.25_29.25,24.099757638888946,16.88516000000004,31.76522,58.46023552814,0.67309736815875,0.0474512312270833,15.96495315277781,101254.00198611112,True,False,1.5476478434872514,False,0.612870809476802,2.507333333333333,False,772.182
Mpanda,2020,12,1.4790322580645157,9.87,21.55161290322581,11.003225806451612,206.7,RWEGURA,RWEGURA,grid_m3.00_29.50,19.54228943548389,13.576170000000047,27.556500000000028,249.97234485484,-0.2125123343360215,-0.4961612041817204,14.647203750000015,101407.40475806451,False,False,0.6181210600568109,False,0.6481687285735576,1.4790322580645157,False,772.563
Nyengwe,2020,12,0.6796774193548388,21.45,28.88709677419355,20.380645161290325,162.5,NYANZA LAC (IRAT),NYANZA LAC (IRAT),grid_m4.25_29.50,23.16417060483872,20.60745000000003,25.89932000000005,525.9251595897399,0.1200531390842742,0.5691897282669355,19.4299477150538,101230.20146505376,False,False,0.3658537084356579,False,0.5292545365174406,0.6796774193548388,False,772.563
Nyakagunda,2020,12,0.453225806451613,,29.07614000000001,14.28466000000003,215.2,MPARAMBO,MPARAMBO,grid_m2.75_29.00,21.40925661290328,14.28466000000003,29.07614000000001,66.03956218964,-0.5404548850823925,0.0927650487181451,13.732852298387115,101344.04958333334,True,True,1.9960780806672505,False,0.6699626114758446,0.453225806451613,False,772.563
Mulembwe,2020,12,2.265161290322581,22.21,22.10322580645161,11.906451612903222,179.5,MPOTA (Tora),MPOTA (Tora),grid_m4.00_29.50,21.706272916666705,18.74197000000004,26.563379999999995,834.56277735884,-0.0916049712018817,0.7109593023785484,18.959221034946268,101303.97565860215,False,False,0.3376177859350189,False,0.355939821016352,2.265161290322581,False,772.563
Nyamagana,2020,12,0.7829032258064514,,30.970240000000047,16.091300000000047,215.2,MPARAMBO,MPARAMBO,grid_m3.00_29.25,23.24993458333336,16.091300000000047,30.970240000000047,48.66266235522,0.4672670466946236,0.2827405810295699,15.652346814516136,101266.40475806451,True,True,2.186850324850525,False,0.6507346326255695,0.7829032258064514,False,772.563
Rusizi,2020,12,3.61,,32.10305,20.651612903225807,192.3,BUJUMBURA (Aeroport),BUJUMBURA (Aeroport),grid_m3.25_29.25,24.59917396505375,17.884270000000015,32.10305,38.45739386908,0.4079067472905914,0.294429141850672,16.792585403225814,101243.3234408602,True,False,1.5043629271954442,False,0.614705595580882,3.61,False,772.563
Jiji,2020,12,0.9070967741935484,,22.10322580645161,11.906451612903222,179.5,MPOTA (Tora),MPOTA (Tora),grid_m4.00_29.75,19.88320170698927,15.665520000000017,25.61324000000002,428.33757381468,-0.2286899323998656,0.2820987299486156,16.93955590053764,101420.88728494624,False,False,0.7469623692808592,False,0.6643224703271545,0.9070967741935484,False,772.563
Kaburantwa,2020,12,2.1367741935483875,0.16,30.970240000000047,16.091300000000047,215.2,MPARAMBO,MPARAMBO,grid_m3.00_29.25,23.24993458333336,16.091300000000047,30.970240000000047,48.66266235522,0.4672670466946236,0.2827405810295699,15.652346814516136,101266.40475806451,True,True,2.207813552612297,False,0.6983230536280529,2.1367741935483875,False,772.563
Mutimbuzi,2020,12,2.4945161290322586,24.49,32.10305,20.651612903225807,192.3,BUJUMBURA (Aeroport),BUJUMBURA (Aeroport),grid_m3.25_29.25,24.59917396505375,17.884270000000015,32.10305,38.45739386908,0.4079067472905914,0.294429141850672,16.792585403225814,101243.3234408602,True,False,1.5476478434872514,False,0.6707739312474681,2.4945161290322586,False,772.563
Nyakagunda,2021,1,0.6190322580645161,,29.816250000000025,14.715940000000046,103.1,MPARAMBO,MPARAMBO,grid_m2.75_29.00,20.97254896505376,14.715940000000046,29.816250000000025,92.14353585604,-0.5418476287014785,0.0188410157658602,13.828144959677443,101319.41021505377,True,True,1.9960780806672505,False,0.68693396297982,0.6190322580645161,False,772.7220000000001
Mulembwe,2021,1,2.345806451612904,16.18,21.63548387096774,11.793548387096775,203.20000000000007,MPOTA (Tora),MPOTA (Tora),grid_m4.00_29.50,21.400981868279587,18.105950000000007,26.541650000000004,852.2148132738399,-0.0145327543424731,0.6405503665221237,18.681870604838707,101273.28756048386,False,False,0.3376177859350189,False,0.4320853347968185,2.345806451612904,False,772.7220000000001
Jiji,2021,1,0.9122580645161292,,21.63548387096774,11.793548387096775,203.20000000000007,MPOTA (Tora),MPOTA (Tora),grid_m4.00_29.75,19.55968360215053,15.375820000000031,26.447500000000048,360.75353564996,-0.1472822520978494,0.2514072749354838,16.652093158602156,101390.11787634408,False,False,0.7469623692808592,False,0.7860604615767579,0.9122580645161292,False,772.7220000000001
Nyengwe,2021,1,0.6696774193548387,10.87,28.33870967741936,20.235483870967737,212.9,NYANZA LAC (IRAT),NYANZA LAC (IRAT),grid_m4.25_29.50,22.96173038978497,20.56020000000001,26.46575000000001,530.73549181684,0.2067728453611559,0.4638096180329301,19.24129403225811,101201.01688844086,False,False,0.3658537084356579,False,0.562010458382537,0.6696774193548387,False,772.7220000000001
Rusizi,2021,1,3.82,,32.1893,20.3,91.5,BUJUMBURA (Aeroport),BUJUMBURA (Aeroport),grid_m3.25_29.25,23.754489408602183,16.763940000000048,32.1893,134.15718087686,0.2062517500898145,-0.024868031910551,16.706628413978535,101220.17045698925,True,False,1.5043629271954442,False,0.615826909289548,3.82,False,772.7220000000001
Nyamagana,2021,1,0.8374193548387097,,31.76156000000003,15.526760000000024,103.1,MPARAMBO,MPARAMBO,grid_m3.00_29.25,22.60149208333337,15.526760000000024,31.76156000000003,92.86308279642,0.3151463448623656,0.1255357201487903,15.512885887096786,101246.49355510752,True,True,2.186850324850525,False,0.6670305691339775,0.8374193548387097,False,772.7220000000001
Kaburantwa,2021,1,2.2612903225806456,0.56,31.76156000000003,15.526760000000024,103.1,MPARAMBO,MPARAMBO,grid_m3.00_29.25,22.60149208333337,15.526760000000024,31.76156000000003,92.86308279642,0.3151463448623656,0.1255357201487903,15.512885887096786,101246.49355510752,True,True,2.207813552612297,False,0.710292259237964,2.2612903225806456,False,772.7220000000001
Mutimbuzi,2021,1,2.662903225806452,8.84,32.1893,20.3,91.5,BUJUMBURA (Aeroport),BUJUMBURA (Aeroport),grid_m3.25_29.25,23.754489408602183,16.763940000000048,32.1893,134.15718087686,0.2062517500898145,-0.024868031910551,16.706628413978535,101220.17045698925,True,False,1.5476478434872514,False,0.6867811085377276,2.662903225806452,False,772.7220000000001
Mpanda,2021,1,1.5848387096774192,5.85,21.167741935483868,10.761290322580646,175.99999999999997,RWEGURA,RWEGURA,grid_m3.00_29.50,19.05877220430108,13.28866000000005,27.17758000000003,289.33525093378,-0.1240298250567204,-0.5128080101536291,14.507512056451615,101384.4130577957,False,False,0.6181210600568109,False,0.738639178694477,1.5848387096774192,False,772.7220000000001
Mutimbuzi,2021,2,2.708928571428572,10.74,32.56143000000003,20.75357142857143,79.3,BUJUMBURA (Aeroport),BUJUMBURA (Aeroport),grid_m3.25_29.25,24.33774053571432,16.485500000000002,32.56143000000003,51.34153353722,-0.1899397249970238,-0.0442844795613095,16.65506151785712,101210.95883928573,True,False,1.5476478434872514,False,0.589054879712819,2.708928571428572,False,772.7573333333333
Nyakagunda,2021,2,0.6857142857142858,,30.336540000000017,15.464380000000006,157.5,MPARAMBO,MPARAMBO,grid_m2.75_29.00,21.74011952380954,15.464380000000006,30.336540000000017,48.11811440382,-0.3042629330272023,-0.1012898623633631,13.526881711309557,101307.53864583334,True,True,1.9960780806672505,False,0.5914974776773015,0.6857142857142858,False,772.7573333333333
Rusizi,2021,2,3.77,,32.56143000000003,20.75357142857143,79.3,BUJUMBURA (Aeroport),BUJUMBURA (Aeroport),grid_m3.25_29.25,24.33774053571432,16.485500000000002,32.56143000000003,51.34153353722,-0.1899397249970238,-0.0442844795613095,16.65506151785712,101210.95883928573,True,False,1.5043629271954442,False,0.568674759428669,3.77,False,772.7573333333333
Nyengwe,2021,2,0.6239285714285713,14.96,29.060714285714287,20.55,204.8,NYANZA LAC (IRAT),NYANZA LAC (IRAT),grid_m4.25_29.50,23.96175241071427,20.966800000000035,27.380550000000028,239.01510182184,0.419898850849256,0.1131760496571428,19.45684549107148,101173.08399553572,False,False,0.3658537084356579,False,0.5823446108866475,0.6239285714285713,False,772.7573333333333
Kaburantwa,2021,2,1.9917857142857145,1.07,31.62655000000001,16.84817000000004,157.5,MPARAMBO,MPARAMBO,grid_m3.00_29.25,23.543961279761906,16.84817000000004,31.62655000000001,20.84302898932,0.1681215645184524,0.1857744625117113,15.244329642857169,101230.29288690476,True,True,2.207813552612297,False,0.6451377511984995,1.9917857142857145,False,772.7573333333333
Nyamagana,2021,2,0.6678571428571429,,31.62655000000001,16.84817000000004,157.5,MPARAMBO,MPARAMBO,grid_m3.00_29.25,23.543961279761906,16.84817000000004,31.62655000000001,20.84302898932,0.1681215645184524,0.1857744625117113,15.244329642857169,101230.29288690476,True,True,2.186850324850525,False,0.6097215837370784,0.6678571428571429,False,772.7573333333333
Mulembwe,2021,2,2.4707142857142856,19.14,22.19285714285714,12.085714285714284,207.1,MPOTA (Tora),MPOTA (Tora),grid_m4.00_29.50,22.02612736607148,18.672799999999995,27.952800000000025,481.78195942634,0.0635610765549107,0.251480261803869,18.8371848511905,101253.48895833331,False,False,0.3376177859350189,False,0.38788205683889,2.4707142857142856,False,772.7573333333333
Mpanda,2021,2,1.580357142857143,6.86,21.435714285714283,11.267857142857142,313.8,RWEGURA,RWEGURA,grid_m3.00_29.50,19.195235252976204,13.860500000000002,27.637320000000045,315.64664917194,0.0396614529942857,-0.1519345097341071,15.002526160714297,101393.78992559524,False,False,0.6181210600568109,False,0.630286403353516,1.580357142857143,False,772.7573333333333
Jiji,2021,2,1.101785714285714,,22.19285714285714,12.085714285714284,207.1,MPOTA (Tora),MPOTA (Tora),grid_m4.00_29.75,19.93428117559523,15.63217000000003,27.00164000000001,364.18247229322,0.0046141933409226,0.2478239658635416,17.051412068452407,101382.63052827382,False,False,0.7469623692808592,False,0.721799958940848,1.101785714285714,False,772.7573333333333
Nyamagana,2021,3,0.522258064516129,,32.29757000000001,16.51953000000003,122.9,MPARAMBO,MPARAMBO,grid_m3.00_29.25,23.26015489247311,16.51953000000003,32.29757000000001,40.11392607818,0.2457928392989247,0.3149930885170698,15.075411021505374,101158.30822580644,True,True,2.186850324850525,False,0.6413899822447771,0.522258064516129,False,772.8795
Jiji,2021,3,0.9580645161290322,,22.72903225806451,11.09677419354839,152.3,MPOTA (Tora),MPOTA (Tora),grid_m4.00_29.75,19.95878040322583,14.702170000000024,27.34243000000004,261.52038534808,-0.3962878155916667,0.2967074824298387,16.46069633064519,101312.8441532258,False,False,0.7469623692808592,False,0.675804110938332,0.9580645161290322,False,772.8795
Mpanda,2021,3,1.65,5.15,20.952,10.97741935483871,197.3,RWEGURA,RWEGURA,grid_m3.00_29.50,19.00339495967745,12.245140000000047,27.199900000000017,302.76036219138,-0.4627045664554355,-0.2465106587537634,14.784555685483896,101316.24151209678,False,False,0.6181210600568109,False,0.621589643223101,1.65,False,772.8795
Nyengwe,2021,3,0.6693548387096776,13.46,29.03548387096774,20.056666666666665,122.4,NYANZA LAC (IRAT),NYANZA LAC (IRAT),grid_m4.25_29.50,23.71029987903228,20.606040000000007,26.74478000000005,443.75753507046,0.4309433149348118,0.3109267019762097,19.602563051075265,101112.8925672043,False,False,0.3658537084356579,False,0.5871559400066895,0.6693548387096776,False,772.8795
Mutimbuzi,2021,3,2.643548387096774,13.89,32.79952000000003,20.006451612903227,130.9,BUJUMBURA (Aeroport),BUJUMBURA (Aeroport),grid_m3.25_29.25,24.50462581989251,17.09650000000005,32.79952000000003,26.97229381616,0.6622258676702957,0.1824496677334677,15.677094327957036,101128.52290994624,True,False,1.5476478434872514,False,0.6160091086875614,2.643548387096774,False,772.8795
Mulembwe,2021,3,2.1241935483870966,19.7,22.72903225806451,11.09677419354839,152.3,MPOTA (Tora),MPOTA (Tora),grid_m4.00_29.50,21.9024229435484,18.506520000000023,27.235000000000017,673.5866062430999,-0.0328569308732674,0.5805878996211021,18.73088934139787,101189.59671370967,False,False,0.3376177859350189,False,0.3635591769120835,2.1241935483870966,False,772.8795
Nyakagunda,2021,3,0.7735483870967743,,30.1182,15.043970000000002,122.9,MPARAMBO,MPARAMBO,grid_m2.75_29.00,21.24230091397851,15.043970000000002,30.1182,76.49493177846,-0.7769634293010752,0.4158769835153226,13.201870591397892,101237.62995967742,True,True,1.9960780806672505,False,0.59470534228137,0.7735483870967743,False,772.8795
Rusizi,2021,3,3.78,,32.79952000000003,20.006451612903227,130.9,BUJUMBURA (Aeroport),BUJUMBURA (Aeroport),grid_m3.25_29.25,24.50462581989251,17.09650000000005,32.79952000000003,26.97229381616,0.6622258676702957,0.1824496677334677,15.677094327957036,101128.52290994624,True,False,1.5043629271954442,False,0.60961824591095,3.78,False,772.8795
Kaburantwa,2021,3,1.8012903225806456,1.01,32.29757000000001,16.51953000000003,122.9,MPARAMBO,MPARAMBO,grid_m3.00_29.25,23.26015489247311,16.51953000000003,32.29757000000001,40.11392607818,0.2457928392989247,0.3149930885170698,15.075411021505374,101158.30822580644,True,True,2.207813552612297,False,0.6863049558633616,1.8012903225806456,False,772.8795
Mpanda,2021,4,1.658333333333333,10.1,26.19198,10.913333333333332,224.6,RWEGURA,RWEGURA,grid_m3.00_29.50,18.864708458333386,13.504170000000045,26.19198,449.35035867252,-0.8347856517391666,-0.0664902795448611,15.98032481944449,101478.81790277778,True,False,0.6181210600568109,False,0.5254123903120624,1.658333333333333,False,773.042
Jiji,2021,4,0.8766666666666667,,21.63,11.919999999999998,351.4,MPOTA (Tora),MPOTA (Tora),grid_m4.00_29.75,19.454942930555543,15.496200000000044,24.899,266.8852806144,-0.990151320505,0.2205933252008333,17.053087222222246,101488.60783333331,False,False,0.7469623692808592,False,0.374730718578829,0.8766666666666667,False,773.042
Mutimbuzi,2021,4,2.672,15.83,31.19488000000001,20.970370370370368,100.4,BUJUMBURA (Aeroport),BUJUMBURA (Aeroport),grid_m3.25_29.25,24.87197844444449,18.91165000000001,31.19488000000001,18.3391571701,0.6838788981983334,0.5383355675536111,16.33813459722228,101279.44550694444,True,False,1.5476478434872514,False,0.5262443466988025,2.672,False,773.042
Nyamagana,2021,4,0.6829999999999999,,29.93026000000004,16.283470000000023,122.9,MPARAMBO,MPARAMBO,grid_m3.00_29.25,23.132598375000043,16.283470000000023,29.93026000000004,23.08464045798,-0.031599616868125,0.6054688142615278,16.343777138888925,101311.1416875,True,True,2.186850324850525,False,0.6675578154607,0.6829999999999999,False,773.042
Kaburantwa,2021,4,1.6286666666666667,2.92,29.93026000000004,16.283470000000023,122.9,MPARAMBO,MPARAMBO,grid_m3.00_29.25,23.132598375000043,16.283470000000023,29.93026000000004,23.08464045798,-0.031599616868125,0.6054688142615278,16.343777138888925,101311.1416875,True,True,2.207813552612297,False,0.702139122176228,1.6286666666666667,False,773.042
Nyakagunda,2021,4,0.7619999999999999,,28.668540000000007,14.77370000000002,122.9,MPARAMBO,MPARAMBO,grid_m2.75_29.00,21.088747597222262,14.77370000000002,28.668540000000007,59.7887040667,-1.2491926610234725,0.681791241195,14.144080833333362,101376.97554166667,True,True,1.9960780806672505,False,0.6788560996416986,0.7619999999999999,False,773.042
Mulembwe,2021,4,2.468333333333333,14.71,21.63,11.919999999999998,351.4,MPOTA (Tora),MPOTA (Tora),grid_m4.00_29.50,21.3695636527778,18.76016000000004,24.88100000000003,741.86086501742,-0.1837561927605,0.7445150389848612,19.05186950000001,101351.99030555556,False,False,0.3376177859350189,False,0.2690172760589795,2.468333333333333,False,773.042
Rusizi,2021,4,3.81,,31.19488000000001,20.970370370370368,100.4,BUJUMBURA (Aeroport),BUJUMBURA (Aeroport),grid_m3.25_29.25,24.87197844444449,18.91165000000001,31.19488000000001,18.3391571701,0.6838788981983334,0.5383355675536111,16.33813459722228,101279.44550694444,True,False,1.5043629271954442,False,0.5256983001958065,3.81,False,773.042
Nyengwe,2021,4,0.6990476190476189,14.03,28.586666666666662,20.15333333333333,236.8,NYANZA LAC (IRAT),NYANZA LAC (IRAT),grid_m4.25_29.50,22.70125337500002,20.79794000000004,24.79946000000001,754.11605860072,0.1626617219495833,0.6325969060056944,19.783878583333376,101284.73960416668,False,False,0.3658537084356579,False,0.5416550166583355,0.6990476190476189,False,773.042
Nyengwe,2021,5,,7.35,28.93870967741935,19.748387096774195,188.3,NYANZA LAC (IRAT),NYANZA LAC (IRAT),grid_m4.25_29.50,23.098754341397864,20.81380000000001,25.14617000000004,293.86234305624,0.8354096981413978,0.2769057780337769,19.54533725806453,101378.14764784946,False,False,0.3658537084356579,False,0.6881964201576769,0.997167334479924,True,773.134
Mpanda,2021,5,,4.71,26.488580000000013,11.180645161290323,113.7,RWEGURA,RWEGURA,grid_m3.00_29.50,19.19530555107525,12.827750000000036,26.488580000000013,300.1604082251,-0.6869685465652688,0.0844376463647849,15.475699744623682,101561.04117607528,True,False,0.6181210600568109,False,0.6473420503027469,1.2393957764981542,True,773.134
Nyamagana,2021,5,0.5512903225806451,,29.796960000000013,16.237900000000025,123.2,MPARAMBO,MPARAMBO,grid_m3.00_29.25,22.79155752688172,16.237900000000025,29.796960000000013,217.26035988006,0.2306366170202957,0.5629007688239248,16.73014428763446,101422.67069892472,True,True,2.186850324850525,False,0.6275832676797439,0.5512903225806451,False,773.134
Rusizi,2021,5,3.9,,30.96884,20.538709677419355,72.3,BUJUMBURA (Aeroport),BUJUMBURA (Aeroport),grid_m3.25_29.25,24.28229830645165,17.723299999999995,30.96884,322.3972312201,0.7446694538061828,0.7168288073398388,17.353122553763455,101388.85586021506,True,False,1.5043629271954442,False,0.6087968827374994,3.9,False,773.134
Jiji,2021,5,0.8080645161290324,,21.35806451612904,11.04516129032258,132.39999999999995,MPOTA (Tora),MPOTA (Tora),grid_m4.00_29.75,19.90568670698929,14.179300000000012,25.769980000000032,144.3700790578,-0.7903030350274194,0.5115905488409946,16.22225283602154,101564.71065188172,False,False,0.7469623692808592,False,0.6421694517729686,0.8080645161290324,False,773.134
Mutimbuzi,2021,5,2.802258064516129,9.31,30.96884,20.538709677419355,72.3,BUJUMBURA (Aeroport),BUJUMBURA (Aeroport),grid_m3.25_29.25,24.28229830645165,17.723299999999995,30.96884,322.3972312201,0.7446694538061828,0.7168288073398388,17.353122553763455,101388.85586021506,True,False,1.5476478434872514,False,0.6145995716024351,2.802258064516129,False,773.134
Nyakagunda,2021,5,0.6612903225806449,,28.117200000000025,14.643640000000005,123.2,MPARAMBO,MPARAMBO,grid_m2.75_29.00,20.969470349462423,14.643640000000005,28.117200000000025,94.08807748532,-1.091395368201344,0.675074198410215,14.834917083333323,101489.96461021506,True,True,1.9960780806672505,False,0.6747531801550735,0.6612903225806449,False,773.134
Mulembwe,2021,5,2.1645161290322585,9.26,21.35806451612904,11.04516129032258,132.39999999999995,MPOTA (Tora),MPOTA (Tora),grid_m4.00_29.50,21.6717552150538,18.15640000000002,25.43246000000005,375.44488960062,0.1071408379339784,0.6278251126381049,19.03207252688179,101451.2600873656,False,False,0.3376177859350189,False,0.478842576618184,2.1645161290322585,False,773.134
Kaburantwa,2021,5,1.60741935483871,2.49,29.796960000000013,16.237900000000025,123.2,MPARAMBO,MPARAMBO,grid_m3.00_29.25,22.79155752688172,16.237900000000025,29.796960000000013,217.26035988006,0.2306366170202957,0.5629007688239248,16.73014428763446,101422.67069892472,True,True,2.207813552612297,False,0.697393434453997,1.60741935483871,False,773.134
Nyengwe,2021,6,,4.04,30.28,18.26333333333333,1.0,NYANZA LAC (IRAT),NYANZA LAC (IRAT),grid_m4.25_29.50,23.18880287500002,20.97800000000001,25.07266000000004,75.81329360614001,0.9379419344412084,0.5352586311609723,18.78020015277781,101452.06485416666,False,False,0.3658537084356579,False,0.6550687928128205,0.8758223728876349,True,773.123
Mpanda,2021,6,,1.19,26.922020000000032,10.393333333333334,2.3,RWEGURA,RWEGURA,grid_m3.00_29.50,19.31292148611118,11.889370000000042,26.922020000000032,27.39524840846,-0.7641264817856945,0.2945753104277778,13.029373069444487,101599.85446527778,True,False,0.6181210600568109,False,0.6335877578015825,1.1792473470571538,True,773.123
Nyamagana,2021,6,0.2783333333333332,,30.380730000000028,15.447780000000025,50.4,MPARAMBO,MPARAMBO,grid_m3.00_29.25,22.59311883333333,15.447780000000025,30.380730000000028,7.67850876872,0.4795801163255555,0.8069613779206944,14.72918547222224,101484.91954166666,True,True,2.186850324850525,False,0.5335107725318791,0.2783333333333332,False,773.123
Nyakagunda,2021,6,0.3676666666666666,,29.17565000000002,14.118800000000022,50.4,MPARAMBO,MPARAMBO,grid_m2.75_29.00,21.200831,14.118800000000022,29.17565000000002,5.74016569924,-1.329779964340278,0.90818479355875,12.00306516666666,101542.39247916664,True,True,1.9960780806672505,False,0.5749194942084205,0.3676666666666666,False,773.123
Rusizi,2021,6,3.72,,30.90222,19.656666666666663,39.6,BUJUMBURA (Aeroport),BUJUMBURA (Aeroport),grid_m3.25_29.25,23.62165358333334,16.13190000000003,30.90222,9.409427549119998,1.1907292052086111,0.9502041092516668,16.23481172222222,101459.06211111112,True,False,1.5043629271954442,False,0.5886913795849711,3.72,False,773.123
Jiji,2021,6,0.5976666666666668,,21.81,8.536666666666667,0.7,MPOTA (Tora),MPOTA (Tora),grid_m4.00_29.75,19.990419874999983,13.57668000000001,25.660500000000013,32.8445435173,-1.117448148811861,0.5963019261814166,14.251529930555591,101625.61069444443,False,False,0.7469623692808592,False,0.745267784290943,0.5976666666666668,False,773.123
Kaburantwa,2021,6,1.555,0.65,30.380730000000028,15.447780000000025,50.4,MPARAMBO,MPARAMBO,grid_m3.00_29.25,22.59311883333333,15.447780000000025,30.380730000000028,7.67850876872,0.4795801163255555,0.8069613779206944,14.72918547222224,101484.91954166666,True,True,2.207813552612297,False,0.6247712576730524,1.555,False,773.123
Mutimbuzi,2021,6,2.608333333333334,3.44,30.90222,19.656666666666663,39.6,BUJUMBURA (Aeroport),BUJUMBURA (Aeroport),grid_m3.25_29.25,23.62165358333334,16.13190000000003,30.90222,9.409427549119998,1.1907292052086111,0.9502041092516668,16.23481172222222,101459.06211111112,True,False,1.5476478434872514,False,0.562114983590353,2.608333333333334,False,773.123
Mulembwe,2021,6,1.7199999999999998,4.36,21.81,8.536666666666667,0.7,MPOTA (Tora),MPOTA (Tora),grid_m4.00_29.50,21.62471300000004,16.27328,26.080600000000004,108.6044310443,0.1002072865916666,0.7116339579915278,18.414363486111142,101521.38345138889,False,False,0.3376177859350189,False,0.3905027505784555,1.7199999999999998,False,773.123
Rusizi,2021,7,3.64,,30.33540000000005,18.43870967741935,4.4,BUJUMBURA (Aeroport),BUJUMBURA (Aeroport),grid_m3.25_29.25,23.7692403494624,17.04086000000001,30.33540000000005,4.326343513019999,0.6821869485505376,1.5166683202741935,15.261315913978535,101563.78592069892,True,False,1.5043629271954442,False,0.5118668668497854,3.64,False,772.9694999999999
Mulembwe,2021,7,1.6464516129032265,1.14,21.396774193548385,7.416129032258064,0.4,MPOTA (Tora),MPOTA (Tora),grid_m4.00_29.50,20.91837102150538,16.538200000000018,25.05190000000005,62.379360353,0.1415296587053763,0.948497955434274,17.16920884408603,101636.36669354838,False,False,0.3376177859350189,False,0.4769510836505155,1.6464516129032265,False,772.9694999999999
Nyakagunda,2021,7,0.3312903225806452,,28.13415000000004,14.018670000000045,7.3,MPARAMBO,MPARAMBO,grid_m2.75_29.00,20.53824935483874,14.018670000000045,28.13415000000004,7.77053830704,-1.2073302312096774,0.8829750768060485,11.468531034946238,101647.60715725804,True,True,1.9960780806672505,False,0.4469249293825464,0.3312903225806452,False,772.9694999999999
Mutimbuzi,2021,7,2.4603225806451614,1.15,30.33540000000005,18.43870967741935,4.4,BUJUMBURA (Aeroport),BUJUMBURA (Aeroport),grid_m3.25_29.25,23.7692403494624,17.04086000000001,30.33540000000005,4.326343513019999,0.6821869485505376,1.5166683202741935,15.261315913978535,101563.78592069892,True,False,1.5476478434872514,False,0.4690568373699085,2.4603225806451614,False,772.9694999999999
Jiji,2021,7,0.5177419354838709,,21.396774193548385,7.416129032258064,0.4,MPOTA (Tora),MPOTA (Tora),grid_m4.00_29.75,19.34969387096777,12.458120000000008,25.86147,15.28024669144,-0.8465875194237903,1.079902054785,12.644412123655911,101730.09286962364,False,False,0.7469623692808592,False,0.6630788316050624,0.5177419354838709,False,772.9694999999999
Nyengwe,2021,7,,1.03,30.23870967741936,17.493548387096773,0.0,NYANZA LAC (IRAT),NYANZA LAC (IRAT),grid_m4.25_29.50,22.69537102150537,20.052700000000016,25.0265,31.74972543248,0.8614281682489918,0.7732614303901881,17.046595618279582,101567.90599462364,False,False,0.3658537084356579,False,0.549850558004825,0.7170890185000998,True,772.9694999999999
Nyamagana,2021,7,0.257741935483871,,29.89587,15.493100000000029,7.3,MPARAMBO,MPARAMBO,grid_m3.00_29.25,22.671172002688195,15.493100000000029,29.89587,3.17430495676,0.3319987226979167,1.0726474020726613,13.81657551075267,101588.86605510752,True,True,2.186850324850525,False,0.4273169622036595,0.257741935483871,False,772.9694999999999
Kaburantwa,2021,7,1.5358064516129035,0.31,29.89587,15.493100000000029,7.3,MPARAMBO,MPARAMBO,grid_m3.00_29.25,22.671172002688195,15.493100000000029,29.89587,3.17430495676,0.3319987226979167,1.0726474020726613,13.81657551075267,101588.86605510752,True,True,2.207813552612297,False,0.5179804625723075,1.5358064516129035,False,772.9694999999999
Mpanda,2021,7,,0.59,26.19100000000003,9.793548387096775,8.3,RWEGURA,RWEGURA,grid_m3.00_29.50,19.23535474462369,11.50890000000004,26.19100000000003,18.696308122500003,-0.3633728441034946,0.981152420891129,11.97608862903229,101690.10108198924,True,False,0.6181210600568109,False,0.5235894559850944,1.2149340711200385,True,772.9694999999999
Mulembwe,2021,8,1.652258064516129,0.85,22.967741935483875,8.970967741935484,45.2,MPOTA (Tora),MPOTA (Tora),grid_m4.00_29.50,21.986428360215086,16.670299999999997,27.81630000000001,121.9024649693,0.2848742901902822,0.3499957456448925,17.780640819892483,101424.42024865592,False,False,0.3376177859350189,False,0.418497499611193,1.652258064516129,False,772.777
Mpanda,2021,8,,0.63,28.101920000000007,10.993548387096771,69.80000000000001,RWEGURA,RWEGURA,grid_m3.00_29.50,19.47823783602155,12.45577000000003,28.101920000000007,172.0609660155,-0.3754263440208333,0.2227052841342742,13.178636975806512,101537.1311155914,True,False,0.6181210600568109,False,0.493244642757335,1.1645766460258893,True,772.777
Kaburantwa,2021,8,1.5000000000000002,0.19,33.88230000000004,15.037800000000004,13.5,MPARAMBO,MPARAMBO,grid_m3.00_29.25,23.599668064516152,15.037800000000004,33.88230000000004,8.51964954718,0.5050851970221775,0.6852415127758064,13.1574025134409,101407.71479166669,True,True,2.207813552612297,False,0.5052427145801265,1.5000000000000002,False,772.777
Nyengwe,2021,8,,0.46,30.98064516129032,19.31,6.6,NYANZA LAC (IRAT),NYANZA LAC (IRAT),grid_m4.25_29.50,23.85758278225808,20.588300000000004,26.80068,51.95856074812,1.0432275766525536,0.0629835020520161,17.668829502688197,101347.08592069893,False,False,0.3658537084356579,False,0.5072686411586155,0.900020376805589,True,772.777
Jiji,2021,8,0.479677419354839,,22.967741935483875,8.970967741935484,45.2,MPOTA (Tora),MPOTA (Tora),grid_m4.00_29.75,20.86708018817211,14.519920000000011,28.287000000000035,32.74488445426,-0.6431751058360216,0.804046116872379,13.506289475806454,101519.87623655914,False,False,0.7469623692808592,False,0.587809074727655,0.479677419354839,False,772.777
Nyakagunda,2021,8,0.3245161290322582,,31.42568,13.479200000000048,13.5,MPARAMBO,MPARAMBO,grid_m2.75_29.00,21.67959036290324,13.479200000000048,31.42568,10.25104521008,-1.1364914269591395,0.8713055461227152,10.925056276881776,101477.2013373656,True,True,1.9960780806672505,False,0.450816546285237,0.3245161290322582,False,772.777
Rusizi,2021,8,3.65,,34.0256,18.92903225806452,50.6,BUJUMBURA (Aeroport),BUJUMBURA (Aeroport),grid_m3.25_29.25,24.686130147849497,15.686239999999998,34.0256,3.75699995848,1.0749553553513442,0.9041490242422272,14.603914314516146,101383.07247311829,True,False,1.5043629271954442,False,0.5451534371597899,3.65,False,772.777
Nyamagana,2021,8,0.2329032258064516,,33.88230000000004,15.037800000000004,13.5,MPARAMBO,MPARAMBO,grid_m3.00_29.25,23.599668064516152,15.037800000000004,33.88230000000004,8.51964954718,0.5050851970221775,0.6852415127758064,13.1574025134409,101407.71479166669,True,True,2.186850324850525,False,0.440815204292881,0.2329032258064516,False,772.777
Mutimbuzi,2021,8,2.2219354838709675,1.84,34.0256,18.92903225806452,50.6,BUJUMBURA (Aeroport),BUJUMBURA (Aeroport),grid_m3.25_29.25,24.686130147849497,15.686239999999998,34.0256,3.75699995848,1.0749553553513442,0.9041490242422272,14.603914314516146,101383.07247311829,True,False,1.5476478434872514,False,0.4596331644781305,2.2219354838709675,False,772.777
Nyakagunda,2021,9,0.3033333333333333,,30.87133,15.627220000000024,30.5,MPARAMBO,MPARAMBO,grid_m2.75_29.00,22.269019125000057,15.627220000000024,30.87133,18.2070732612,-1.010056792240586,0.8102969764081944,10.99753741666666,101376.33367361112,True,True,1.9960780806672505,False,0.4602578712392645,0.3033333333333333,False,772.7105
Mulembwe,2021,9,1.6836666666666669,0.87,23.006666666666664,10.04666666666667,98.40000000000002,MPOTA (Tora),MPOTA (Tora),grid_m4.00_29.50,22.48516762500003,18.0222,26.53433000000001,134.68313248276002,0.2369294273498611,0.2265526698877777,18.130802833333348,101305.70554861112,False,False,0.3376177859350189,False,0.3173306307299075,1.6836666666666669,False,772.7105
Rusizi,2021,9,3.68,,33.35375000000005,19.986666666666665,42.9,BUJUMBURA (Aeroport),BUJUMBURA (Aeroport),grid_m3.25_29.25,24.877395777777792,16.713900000000024,33.35375000000005,0.699043275,1.093321844520278,0.7391733846940277,13.973212819444484,101267.84409027778,True,False,1.5043629271954442,False,0.517155265373911,3.68,False,772.7105
Mpanda,2021,9,,0.34,27.75118000000004,10.86896551724138,102.4,RWEGURA,RWEGURA,grid_m3.00_29.50,19.61620338888889,13.62990000000002,27.75118000000004,198.75907819332,-0.4457243809611111,-0.0124637129043055,13.896796652777825,101444.7350625,True,False,0.6181210600568109,False,0.53880730880298,1.226427229114134,True,772.7105
Mutimbuzi,2021,9,2.443666666666666,3.71,33.35375000000005,19.986666666666665,42.9,BUJUMBURA (Aeroport),BUJUMBURA (Aeroport),grid_m3.25_29.25,24.877395777777792,16.713900000000024,33.35375000000005,0.699043275,1.093321844520278,0.7391733846940277,13.973212819444484,101267.84409027778,True,False,1.5476478434872514,False,0.5095841067660105,2.443666666666666,False,772.7105
Jiji,2021,9,0.455,,23.006666666666664,10.04666666666667,98.40000000000002,MPOTA (Tora),MPOTA (Tora),grid_m4.00_29.75,21.26821080555561,15.09402,27.89486000000005,48.08044456492,-0.5985306429265556,0.6487355606326389,14.388767500000029,101404.69478472223,False,False,0.7469623692808592,False,0.5700742069905385,0.455,False,772.7105
Kaburantwa,2021,9,1.427,0.07,33.22030000000001,16.247100000000046,30.5,MPARAMBO,MPARAMBO,grid_m3.00_29.25,24.05844533333334,16.247100000000046,33.22030000000001,5.26952743302,0.5585236654176389,0.5980885893413889,12.856570652777805,101296.84304861112,True,True,2.207813552612297,False,0.557413095822497,1.427,False,772.7105
Nyamagana,2021,9,0.3123333333333333,,33.22030000000001,16.247100000000046,30.5,MPARAMBO,MPARAMBO,grid_m3.00_29.25,24.05844533333334,16.247100000000046,33.22030000000001,5.26952743302,0.5585236654176389,0.5980885893413889,12.856570652777805,101296.84304861112,True,True,2.186850324850525,False,0.480265920539988,0.3123333333333333,False,772.7105
Nyengwe,2021,9,,0.37,31.386666666666667,19.56896551724138,5.7,NYANZA LAC (IRAT),NYANZA LAC (IRAT),grid_m4.25_29.50,24.49035134722226,21.73202000000004,27.266020000000022,55.57155610474,0.9938046981597222,-0.1652157214865277,18.05267781944445,101222.66561805556,False,False,0.3658537084356579,False,0.4856997736264205,0.940956643057115,True,772.7105
Nyengwe,2021,10,,0.49,30.271428571428576,20.212903225806453,105.3,NYANZA LAC (IRAT),NYANZA LAC (IRAT),grid_m4.25_29.50,24.645568400537627,22.22323,27.72982000000001,146.220684019,0.812568315628965,-0.1000494605788978,18.82839176075271,101147.0565188172,False,False,0.3658537084356579,False,0.4764653288117,0.9304907876825066,True,772.592
Rusizi,2021,10,3.69,,33.34088000000003,19.79032258064516,50.30000000000001,BUJUMBURA (Aeroport),BUJUMBURA (Aeroport),grid_m3.25_29.25,25.11396388440864,17.08468000000005,33.34088000000003,3.87001037176,0.9769458357420698,0.4347943917173387,14.670934395161282,101189.3626344086,True,False,1.5043629271954442,False,0.508643067010787,3.69,False,772.592
Mpanda,2021,10,,0.4,27.799860000000024,11.19,155.70000000000002,RWEGURA,RWEGURA,grid_m3.00_29.50,19.87684543010755,13.24980000000005,27.799860000000024,308.53509804134,-0.3662883189779032,-0.2588183079013441,14.837758736559124,101379.9439516129,True,False,0.6181210600568109,False,0.500169201676757,1.248568609643151,True,772.592
Mulembwe,2021,10,1.8754838709677424,2.1,22.82903225806452,10.9,184.1,MPOTA (Tora),MPOTA (Tora),grid_m4.00_29.50,22.689558051075323,18.850600000000043,27.13403,327.29434898832,0.1496398887779569,0.2781296195223118,18.79442750000004,101229.73965053762,False,False,0.3376177859350189,False,0.305074651977099,1.8754838709677424,False,772.592
Jiji,2021,10,0.4916129032258065,,22.82903225806452,10.9,184.1,MPOTA (Tora),MPOTA (Tora),grid_m4.00_29.75,21.227654784946253,15.927880000000016,27.79810000000004,114.02797686466,-0.4324701159752688,0.3732945849520161,15.888316505376396,101336.8683467742,False,False,0.7469623692808592,False,0.518880971704129,0.4916129032258065,False,772.592
Nyakagunda,2021,10,0.3093548387096774,,30.493220000000008,15.05462,42.99999999999999,MPARAMBO,MPARAMBO,grid_m2.75_29.00,22.297447150537664,15.05462,30.493220000000008,34.24119941172,-0.8394275989653226,0.5238125295026882,12.549218521505397,101308.88346774194,True,True,1.9960780806672505,False,0.494188062332934,0.3093548387096774,False,772.592
Mutimbuzi,2021,10,2.5022580645161296,2.88,33.34088000000003,19.79032258064516,50.30000000000001,BUJUMBURA (Aeroport),BUJUMBURA (Aeroport),grid_m3.25_29.25,25.11396388440864,17.08468000000005,33.34088000000003,3.87001037176,0.9769458357420698,0.4347943917173387,14.670934395161282,101189.3626344086,True,False,1.5476478434872514,False,0.502011374784434,2.5022580645161296,False,772.592
Kaburantwa,2021,10,1.6580645161290315,0.04,33.290099999999995,16.028400000000033,42.99999999999999,MPARAMBO,MPARAMBO,grid_m3.00_29.25,24.131376438172083,16.028400000000033,33.290099999999995,24.25622939952,0.4600056275337366,0.4167056779663978,14.330224690860234,101222.9883064516,True,True,2.207813552612297,False,0.532922749385271,1.6580645161290315,False,772.592
Nyamagana,2021,10,0.272258064516129,,33.290099999999995,16.028400000000033,42.99999999999999,MPARAMBO,MPARAMBO,grid_m3.00_29.25,24.131376438172083,16.028400000000033,33.290099999999995,24.25622939952,0.4600056275337366,0.4167056779663978,14.330224690860234,101222.9883064516,True,True,2.186850324850525,False,0.439974773638885,0.272258064516129,False,772.592
Nyamagana,2021,11,0.2526666666666666,,32.72670000000005,16.79666000000003,40.9,MPARAMBO,MPARAMBO,grid_m3.00_29.25,23.46184244444447,16.79666000000003,32.72670000000005,33.091068146279994,0.6217244894170834,0.34913098962125,14.118629513888948,101198.89050694446,True,True,2.186850324850525,False,0.4489731649720795,0.2526666666666666,False,772.6576666666666
Rusizi,2021,11,3.6,,33.48458000000005,20.146666666666665,61.5,BUJUMBURA (Aeroport),BUJUMBURA (Aeroport),grid_m3.25_29.25,24.43517670833336,17.135130000000004,33.48458000000005,21.040916415,1.2019938555143057,0.3103967237583333,14.498507013888911,101168.35075,True,False,1.5043629271954442,False,0.5527448361076506,3.6,False,772.6576666666666
Kaburantwa,2021,11,1.7636666666666665,0.26,32.72670000000005,16.79666000000003,40.9,MPARAMBO,MPARAMBO,grid_m3.00_29.25,23.46184244444447,16.79666000000003,32.72670000000005,33.091068146279994,0.6217244894170834,0.34913098962125,14.118629513888948,101198.89050694446,True,True,2.207813552612297,False,0.590473645540788,1.7636666666666665,False,772.6576666666666
Mpanda,2021,11,,4.44,28.886870000000044,11.096666666666668,130.9,RWEGURA,RWEGURA,grid_m3.00_29.50,19.45324880555557,14.122950000000005,28.886870000000044,247.91383712018,-0.4465833451495833,-0.4649450731319444,14.092232916666717,101350.58704166667,True,False,0.6181210600568109,False,0.580125355247229,1.2479929318913383,True,772.6576666666666
Mutimbuzi,2021,11,2.356,10.87,33.48458000000005,20.146666666666665,61.5,BUJUMBURA (Aeroport),BUJUMBURA (Aeroport),grid_m3.25_29.25,24.43517670833336,17.135130000000004,33.48458000000005,21.040916415,1.2019938555143057,0.3103967237583333,14.498507013888911,101168.35075,True,False,1.5476478434872514,False,0.587941020905825,2.356,False,772.6576666666666
Mulembwe,2021,11,1.9426666666666672,8.0,22.56,10.836666666666666,187.3,MPOTA (Tora),MPOTA (Tora),grid_m4.00_29.50,22.136622500000044,18.196300000000008,26.26498000000004,348.19221477532,0.1547648545165583,0.5093062308281666,18.63480295833336,101215.80822222224,False,False,0.3376177859350189,False,0.433982906394301,1.9426666666666672,False,772.6576666666666
Nyakagunda,2021,11,0.3796666666666667,,30.69350000000003,14.90667000000002,40.9,MPARAMBO,MPARAMBO,grid_m2.75_29.00,21.62270672222224,14.90667000000002,30.69350000000003,47.4214554607,-0.7233452269090694,0.514956729539861,12.56201091666668,101284.35665972222,True,True,1.9960780806672505,False,0.4555408103853735,0.3796666666666667,False,772.6576666666666
Jiji,2021,11,0.5586666666666666,,22.56,10.836666666666666,187.3,MPOTA (Tora),MPOTA (Tora),grid_m4.00_29.75,20.41128875000004,15.33193,27.58334000000002,173.4170918973,-0.3669243271963889,0.3272302201298611,15.7761141111111,101326.46828472224,False,False,0.7469623692808592,False,0.6637977451785331,0.5586666666666666,False,772.6576666666666
Nyengwe,2021,11,,4.47,29.316666666666663,19.683333333333337,143.10000000000002,NYANZA LAC (IRAT),NYANZA LAC (IRAT),grid_m4.25_29.50,24.13601206944446,20.932860000000005,26.97958,198.7667084409,0.6743815527823611,0.3013404648116667,18.962127458333384,101136.75388194445,False,False,0.3658537084356579,False,0.639740363677938,0.960593903614047,True,772.6576666666666
Nyakagunda,2021,12,0.3896774193548387,,29.30343000000005,13.902430000000038,37.5,MPARAMBO,MPARAMBO,grid_m2.75_29.00,21.397145645161345,13.902430000000038,29.30343000000005,26.87501918258,-0.9096973387009408,0.5888180875022581,13.373005860215072,101314.92213709676,True,True,1.9960780806672505,False,0.5921600669803795,0.3896774193548387,False,772.664
Mpanda,2021,12,,5.02,25.97772000000004,11.322580645161288,152.50000000000003,RWEGURA,RWEGURA,grid_m3.00_29.50,18.973382862903293,14.337550000000022,25.97772000000004,324.82433435394,-0.5761106751063172,-0.4878525690399596,15.341039704301068,101404.41474462365,True,False,0.6181210600568109,False,0.616135344313608,1.263819680417564,True,772.664
Mutimbuzi,2021,12,2.297096774193548,8.91,31.96360000000004,20.79032258064516,76.4,BUJUMBURA (Aeroport),BUJUMBURA (Aeroport),grid_m3.25_29.25,24.308186236559152,18.213900000000024,31.96360000000004,21.1896896697,1.0715773396854835,0.1688003939598521,15.342477983870992,101213.30116935485,True,False,1.5476478434872514,False,0.597047581733663,2.297096774193548,False,772.664
Mulembwe,2021,12,2.166129032258065,9.15,21.458064516129028,12.122580645161287,155.6,MPOTA (Tora),MPOTA (Tora),grid_m4.00_29.50,21.68959170698924,18.707400000000007,25.83358000000004,817.88301399952,-0.1750243811304166,0.5769825198797043,19.15471815860218,101263.55956989246,False,False,0.3376177859350189,False,0.3605018668467525,2.166129032258065,False,772.664
Kaburantwa,2021,12,1.923225806451613,0.39,31.797570000000007,16.22756000000004,37.5,MPARAMBO,MPARAMBO,grid_m3.00_29.25,23.30645370967744,16.22756000000004,31.797570000000007,21.41141888314,0.4236373081693548,0.3800384751868279,15.034853118279614,101243.04243279569,True,True,2.207813552612297,False,0.6185561098875334,1.923225806451613,False,772.664
Jiji,2021,12,0.5819354838709677,,21.458064516129028,12.122580645161287,155.6,MPOTA (Tora),MPOTA (Tora),grid_m4.00_29.75,19.86090491935488,15.64852000000002,25.52715000000001,287.95528373548,-0.5781189294427419,-0.0493510668969086,16.846426438172045,101387.42952956988,False,False,0.7469623692808592,False,0.52363738603749,0.5819354838709677,False,772.664
Nyamagana,2021,12,0.2006451612903226,,31.797570000000007,16.22756000000004,37.5,MPARAMBO,MPARAMBO,grid_m3.00_29.25,23.30645370967744,16.22756000000004,31.797570000000007,21.41141888314,0.4236373081693548,0.3800384751868279,15.034853118279614,101243.04243279569,True,True,2.186850324850525,False,0.5413057477238126,0.2006451612903226,False,772.664
Nyengwe,2021,12,,7.95,28.33870967741936,20.296774193548384,243.7,NYANZA LAC (IRAT),NYANZA LAC (IRAT),grid_m4.25_29.50,23.36103943548386,21.008399999999995,25.556240000000003,588.7370114724,0.2183058538032795,0.5511981191935483,19.7449663844086,101191.84518817204,False,False,0.3658537084356579,False,0.43289940297564,0.786783475883384,True,772.664
Rusizi,2021,12,3.61,,31.96360000000004,20.79032258064516,76.4,BUJUMBURA (Aeroport),BUJUMBURA (Aeroport),grid_m3.25_29.25,24.308186236559152,18.213900000000024,31.96360000000004,21.1896896697,1.0715773396854835,0.1688003939598521,15.342477983870992,101213.30116935485,True,False,1.5043629271954442,False,0.4743684469522944,3.61,False,772.664
Nyakagunda,2022,1,0.332258064516129,,31.31753000000004,15.00173000000001,40.7,MPARAMBO,MPARAMBO,grid_m2.75_29.00,21.60324150537633,15.00173000000001,31.31753000000004,89.61153036904,-0.2857364735721774,-0.0430961530353951,13.342308494623694,101330.86036962364,True,True,1.9960780806672505,False,0.475320589629798,0.332258064516129,False,772.872
Mpanda,2022,1,,2.9,22.27857142857143,11.012903225806449,144.2,RWEGURA,RWEGURA,grid_m3.00_29.50,19.4213015322581,14.11984000000001,28.546040000000005,281.45408562114,0.0146050612798387,-0.4248638357155914,14.559370416666695,101398.79502688172,False,False,0.6181210600568109,False,0.646879591209609,1.294359073350538,True,772.872
Mutimbuzi,2022,1,1.392903225806452,7.73,33.10464000000002,20.792,83.10000000000001,BUJUMBURA (Aeroport),BUJUMBURA (Aeroport),grid_m3.25_29.25,24.199206935483915,17.84140000000002,33.10464000000002,263.28182435068,0.2704513101631721,0.0488346056895161,16.541577056451615,101233.90926747312,True,False,1.5476478434872514,False,0.634731264856256,1.392903225806452,False,772.872
Nyamagana,2022,1,0.177741935483871,,33.206200000000024,17.055139999999994,40.7,MPARAMBO,MPARAMBO,grid_m3.00_29.25,23.43574801075272,17.055139999999994,33.206200000000024,107.08570463494,0.4089748621963037,0.1482024665307795,14.843594999999992,101251.4514516129,True,True,2.186850324850525,False,0.594218885037409,0.177741935483871,False,772.872
Rusizi,2022,1,3.7,,33.10464000000002,20.792,83.10000000000001,BUJUMBURA (Aeroport),BUJUMBURA (Aeroport),grid_m3.25_29.25,24.199206935483915,17.84140000000002,33.10464000000002,263.28182435068,0.2704513101631721,0.0488346056895161,16.541577056451615,101233.90926747312,True,False,1.5043629271954442,False,0.5592360429030515,3.7,False,772.872
Mulembwe,2022,1,2.2341935483870965,9.71,22.10322580645161,11.600000000000003,161.40000000000003,MPOTA (Tora),MPOTA (Tora),grid_m4.00_29.50,21.96893262096779,18.490380000000016,26.80886000000004,518.80359643726,0.1707959941463709,0.5749668404333333,18.781139569892503,101283.59425403226,False,False,0.3376177859350189,False,0.3592175351181095,2.2341935483870965,False,772.872
Kaburantwa,2022,1,2.030322580645161,0.48,33.206200000000024,17.055139999999994,40.7,MPARAMBO,MPARAMBO,grid_m3.00_29.25,23.43574801075272,17.055139999999994,33.206200000000024,107.08570463494,0.4089748621963037,0.1482024665307795,14.843594999999992,101251.4514516129,True,True,2.207813552612297,False,0.6759228898078324,2.030322580645161,False,772.872
Jiji,2022,1,0.6829032258064517,,22.10322580645161,11.600000000000003,161.40000000000003,MPOTA (Tora),MPOTA (Tora),grid_m4.00_29.75,20.07938900537636,15.662260000000003,26.974300000000028,380.34486645956,0.0649570971408602,0.2960388014416599,16.711005631720468,101396.82510080644,False,False,0.7469623692808592,False,0.7395554149779879,0.6829032258064517,False,772.872
Nyengwe,2022,1,,9.72,29.54,19.92,101.9318071897562,NYANZA LAC (IRAT),NYANZA LAC (IRAT),grid_m4.25_29.50,23.651050967741924,20.455160000000035,26.75378000000001,278.61356831834,0.4850404191591398,0.556561785568414,19.20680791666672,101205.56954973118,False,False,0.3658537084356579,True,0.6154198782350135,0.9563018835331664,True,772.872
Jiji,2022,2,0.8453571428571428,,21.321428571428573,12.10357142857143,202.3,MPOTA (Tora),MPOTA (Tora),grid_m4.00_29.75,19.45417194940478,15.248530000000017,25.530100000000004,346.51088706612,0.1851803694979166,0.2647355632700893,16.74134105654764,101405.2262127976,False,False,0.7469623692808592,False,0.748822361075924,0.8453571428571428,False,772.709
Nyamagana,2022,2,0.2875,,29.760100000000023,16.58065000000005,139.2,MPARAMBO,MPARAMBO,grid_m3.00_29.25,22.147549122023804,16.58065000000005,29.760100000000023,86.0886574034,0.1803760298879464,0.0632250882409226,16.056723928571444,101291.62373511904,True,True,2.186850324850525,False,0.611424428957545,0.2875,False,772.709
Nyakagunda,2022,2,0.4792857142857143,,27.65743000000004,13.697840000000042,139.2,MPARAMBO,MPARAMBO,grid_m2.75_29.00,20.151420327381004,13.697840000000042,27.65743000000004,106.6293712813,-0.326798506684375,0.0331783518380208,14.867148824404753,101362.30993303572,True,True,1.9960780806672505,False,0.5592078465942469,0.4792857142857143,False,772.709
Rusizi,2022,2,3.79,,30.07986,20.82631578947368,120.1,BUJUMBURA (Aeroport),BUJUMBURA (Aeroport),grid_m3.25_29.25,23.31992953869048,17.727800000000002,30.07986,100.17204277674,-0.1037600604449404,-0.2655814723666964,17.193247916666678,101266.79543154762,True,False,1.5043629271954442,False,0.556993137924041,3.79,False,772.709
Nyengwe,2022,2,,5.81,28.982142857142858,20.35357142857143,99.0,NYANZA LAC (IRAT),NYANZA LAC (IRAT),grid_m4.25_29.50,23.205662976190524,20.392480000000035,26.05093000000005,329.73623255086,0.6535060291964286,-0.1475016955825892,19.01630965773813,101211.05641369049,False,False,0.3658537084356579,False,0.622153492303252,0.9398152723985184,True,772.709
Mulembwe,2022,2,2.405357142857143,9.33,21.321428571428573,12.10357142857143,202.3,MPOTA (Tora),MPOTA (Tora),grid_m4.00_29.50,21.52840247023812,18.28280000000001,26.36605000000003,575.5090714206999,0.2222781187002976,0.0924623805173511,18.488626011904785,101287.4356845238,False,False,0.3376177859350189,False,0.5043597871055819,2.405357142857143,False,772.709
Mpanda,2022,2,,1.9,22.085714285714285,10.825,239.5,RWEGURA,RWEGURA,grid_m3.00_29.50,18.58020977678575,13.613800000000026,25.803920000000005,302.30236208894,0.2577075747398155,-0.24194633378125,15.051788556547647,101426.72789434524,False,False,0.6181210600568109,False,0.6591903046110845,1.4267479425158582,True,772.709
Kaburantwa,2022,2,1.9667857142857144,0.43,29.760100000000023,16.58065000000005,139.2,MPARAMBO,MPARAMBO,grid_m3.00_29.25,22.147549122023804,16.58065000000005,29.760100000000023,86.0886574034,0.1803760298879464,0.0632250882409226,16.056723928571444,101291.62373511904,True,True,2.207813552612297,False,0.6434220484176261,1.9667857142857144,False,772.709
Mutimbuzi,2022,2,1.4721428571428574,6.1,30.07986,20.82631578947368,120.1,BUJUMBURA (Aeroport),BUJUMBURA (Aeroport),grid_m3.25_29.25,23.31992953869048,17.727800000000002,30.07986,100.17204277674,-0.1037600604449404,-0.2655814723666964,17.193247916666678,101266.79543154762,True,False,1.5476478434872514,False,0.6024229629579321,1.4721428571428574,False,772.709
Kaburantwa,2022,3,1.893870967741936,1.32,32.36774193548386,15.041700000000048,151.8,MPARAMBO,MPARAMBO,grid_m3.00_29.25,23.506187365591416,15.041700000000048,31.947000000000003,50.8251190559,0.2604472247879032,0.2308044655126344,15.556312795698943,101125.48499327956,False,True,2.207813552612297,False,0.6709545832669954,1.893870967741936,False,772.7149999999999
Mpanda,2022,3,,4.65,23.5741935483871,11.048387096774194,218.7,RWEGURA,RWEGURA,grid_m3.00_29.50,19.46814341397851,12.49484000000001,27.407920000000047,278.71084188306,-0.3992942476196236,-0.3612562412973119,14.952246021505402,101282.1780577957,False,False,0.6181210600568109,False,0.6681965542617601,1.3824657018468027,True,772.7149999999999
Jiji,2022,3,0.8548387096774195,,22.68,10.806451612903228,266.1000000000001,MPOTA (Tora),MPOTA (Tora),grid_m4.00_29.75,20.323808763440866,15.784500000000037,26.563750000000027,248.52418938156,-0.2718095248318548,0.3386437411449462,16.849940752688212,101286.54381720428,False,False,0.7469623692808592,False,0.7268636973765815,0.8548387096774195,False,772.7149999999999
Nyengwe,2022,3,,6.21,29.44516129032258,20.02258064516129,241.8,NYANZA LAC (IRAT),NYANZA LAC (IRAT),grid_m4.25_29.50,23.9719157930108,20.960050000000024,27.00033000000002,431.0746193779,0.2987746783877688,0.4369037796122311,19.7555397043011,101085.84991935483,False,False,0.3658537084356579,False,0.63612564688642,1.053264313419433,True,772.7149999999999
Mutimbuzi,2022,3,1.574516129032258,8.79,32.574670000000026,20.10967741935484,156.8,BUJUMBURA (Aeroport),BUJUMBURA (Aeroport),grid_m3.25_29.25,24.63596259408604,17.597200000000043,32.574670000000026,62.60061253638,0.4859045299700268,0.2227832631283602,16.90845581989248,101095.23029569892,True,False,1.5476478434872514,False,0.640109476523557,1.574516129032258,False,772.7149999999999
Mulembwe,2022,3,2.418064516129032,9.4,22.68,10.806451612903228,266.1000000000001,MPOTA (Tora),MPOTA (Tora),grid_m4.00_29.50,22.15669838709681,17.97225000000003,26.507780000000025,641.2620559419,-0.0866577390194892,0.6644441542428763,19.02570880376345,101164.40789650536,False,False,0.3376177859350189,False,0.4768529114401505,2.418064516129032,False,772.7149999999999
Rusizi,2022,3,3.87,,32.574670000000026,20.10967741935484,156.8,BUJUMBURA (Aeroport),BUJUMBURA (Aeroport),grid_m3.25_29.25,24.63596259408604,17.597200000000043,32.574670000000026,62.60061253638,0.4859045299700268,0.2227832631283602,16.90845581989248,101095.23029569892,True,False,1.5043629271954442,False,0.6123844033365115,3.87,False,772.7149999999999
Nyamagana,2022,3,0.3251612903225805,,32.36774193548386,15.041700000000048,151.8,MPARAMBO,MPARAMBO,grid_m3.00_29.25,23.506187365591416,15.041700000000048,31.947000000000003,50.8251190559,0.2604472247879032,0.2308044655126344,15.556312795698943,101125.48499327956,False,True,2.186850324850525,False,0.6258909504435199,0.3251612903225805,False,772.7149999999999
Nyakagunda,2022,3,0.4538709677419354,,32.36774193548386,13.637699999999995,151.8,MPARAMBO,MPARAMBO,grid_m2.75_29.00,21.662907029569908,13.637699999999995,30.059750000000008,71.49696344638,-0.6582644480366263,0.2092675848082392,13.705448750000016,101209.07153225808,False,True,1.9960780806672505,False,0.6192302669244905,0.4538709677419354,False,772.7149999999999
Mulembwe,2022,4,2.511,8.97,21.543333333333333,11.376666666666669,302.7,MPOTA (Tora),MPOTA (Tora),grid_m4.00_29.50,22.0016492777778,18.49233000000004,26.7242,601.7665859853,0.0380510534309722,0.5483732864861112,19.14356591666672,101212.80454166666,False,False,0.3376177859350189,False,0.369253565995999,2.511,False,772.9413333333333
Rusizi,2022,4,3.84,,31.032860000000028,20.51724137931034,48.6,BUJUMBURA (Aeroport),BUJUMBURA (Aeroport),grid_m3.25_29.25,23.83817027777781,17.33157,31.032860000000028,247.38741092798,0.9679270832026388,0.3819860249121806,17.233257569444447,101162.61166666668,True,False,1.5043629271954442,False,0.5843483067052505,3.84,False,772.9413333333333
Mutimbuzi,2022,4,1.7506666666666666,12.75,31.032860000000028,20.51724137931034,48.6,BUJUMBURA (Aeroport),BUJUMBURA (Aeroport),grid_m3.25_29.25,23.83817027777781,17.33157,31.032860000000028,247.38741092798,0.9679270832026388,0.3819860249121806,17.233257569444447,101162.61166666668,True,False,1.5476478434872514,False,0.5876828669384695,1.7506666666666666,False,772.9413333333333
Mpanda,2022,4,,5.63,22.03333333333333,11.133333333333333,242.0,RWEGURA,RWEGURA,grid_m3.00_29.50,19.06852780555556,13.530730000000004,26.50740000000002,337.1453276049,-0.6369950617830555,-0.1534930340155555,15.692776305555585,101345.89361111113,False,False,0.6181210600568109,False,0.624030753609687,1.3916879798603845,True,772.9413333333333
Jiji,2022,4,0.8806666666666667,,21.543333333333333,11.376666666666669,302.7,MPOTA (Tora),MPOTA (Tora),grid_m4.00_29.75,20.083864944444485,15.695460000000026,26.31600000000003,237.4982835667,-0.7200503451243055,0.3303204429226389,16.912652305555582,101338.72031944444,False,False,0.7469623692808592,False,0.57421163830382,0.8806666666666667,False,772.9413333333333
Nyakagunda,2022,4,0.528,,32.57333333333333,14.881200000000035,141.5,MPARAMBO,MPARAMBO,grid_m2.75_29.00,20.826700833333348,14.881200000000035,29.11880000000002,131.62851309584,-1.0074825287347222,0.72029847148125,14.741322430555613,101271.6581875,False,True,1.9960780806672505,False,0.632422082883087,0.528,False,772.9413333333333
Kaburantwa,2022,4,1.8846666666666667,1.53,32.57333333333333,15.871849999999997,141.5,MPARAMBO,MPARAMBO,grid_m3.00_29.25,22.48816197222225,15.871849999999997,29.94888000000003,169.31724654598,0.2840661364530555,0.3522686857436111,16.64063875000005,101200.17122222224,False,True,2.207813552612297,False,0.6850343082753985,1.8846666666666667,False,772.9413333333333
Nyengwe,2022,4,,8.36,28.806666666666665,20.47000000000001,214.4,NYANZA LAC (IRAT),NYANZA LAC (IRAT),grid_m4.25_29.50,23.50649711111112,20.75442000000004,26.656800000000032,530.29489538,0.5765249033894444,0.2536819882585555,19.870532569444435,101138.3304097222,False,False,0.3658537084356579,False,0.6316895999979405,1.0060462194023572,True,772.9413333333333
Nyamagana,2022,4,0.6636666666666667,,32.57333333333333,15.871849999999997,141.5,MPARAMBO,MPARAMBO,grid_m3.00_29.25,22.48816197222225,15.871849999999997,29.94888000000003,169.31724654598,0.2840661364530555,0.3522686857436111,16.64063875000005,101200.17122222224,False,True,2.186850324850525,False,0.6402015470764975,0.6636666666666667,False,772.9413333333333
Nyakagunda,2022,5,0.5806451612903226,,32.05483870967742,14.44204000000002,138.9,MPARAMBO,MPARAMBO,grid_m2.75_29.00,20.67821635752693,14.44204000000002,26.997950000000003,44.50798041454,-1.1303603878392472,0.7776809402924731,14.756006559139792,101524.32192204302,False,True,1.9960780806672505,False,0.648901105234222,0.5806451612903226,False,773.185
Mutimbuzi,2022,5,1.9038709677419352,4.38,30.26492000000001,20.320000000000004,6.2,BUJUMBURA (Aeroport),BUJUMBURA (Aeroport),grid_m3.25_29.25,23.92052747311834,16.461880000000008,30.26492000000001,25.98476418774,1.1568093659614247,0.5565617265977151,17.077849475806488,101415.0829905914,True,False,1.5476478434872514,False,0.6221676822510345,1.9038709677419352,False,773.185
Rusizi,2022,5,3.86,,30.26492000000001,20.320000000000004,6.2,BUJUMBURA (Aeroport),BUJUMBURA (Aeroport),grid_m3.25_29.25,23.92052747311834,16.461880000000008,30.26492000000001,25.98476418774,1.1568093659614247,0.5565617265977151,17.077849475806488,101415.0829905914,True,False,1.5043629271954442,False,0.586285462155115,3.86,False,773.185
Mpanda,2022,5,,4.12,21.76774193548387,11.193548387096772,102.8,RWEGURA,RWEGURA,grid_m3.00_29.50,19.26591280913982,13.717740000000047,25.732320000000016,157.79447613809998,-0.6932423505018818,-0.0526242619077419,15.13171821236557,101583.32679435484,False,False,0.6181210600568109,False,0.6070193879832315,1.219173557954342,True,773.185
Jiji,2022,5,0.7861290322580644,,21.23225806451613,11.219354838709672,147.8,MPOTA (Tora),MPOTA (Tora),grid_m4.00_29.75,20.131711599462392,15.528500000000008,25.49540000000001,126.28030772678,-0.9126250160583332,0.3924335968850806,16.00630036290329,101575.92473790322,False,False,0.7469623692808592,False,0.7531151551948561,0.7861290322580644,False,773.185
Kaburantwa,2022,5,1.830322580645161,2.68,32.05483870967742,15.176420000000007,138.9,MPARAMBO,MPARAMBO,grid_m3.00_29.25,22.34634783602155,15.176420000000007,28.58492000000001,33.5340498507,0.4628357015426075,0.5170660732930108,16.530872231182798,101453.8839045699,False,True,2.207813552612297,False,0.701249215557501,1.830322580645161,False,773.185
Nyengwe,2022,5,,3.9,29.27692307692308,20.040000000000003,64.1,NYANZA LAC (IRAT),NYANZA LAC (IRAT),grid_m4.25_29.50,23.406149260752727,20.70474000000001,25.886930000000007,292.73653054190004,0.9371851852188172,0.0594927256029569,19.58354370967743,101386.46639784946,False,False,0.3658537084356579,False,0.6962658872553971,0.9898401466314448,True,773.185
Nyamagana,2022,5,0.476774193548387,,32.05483870967742,15.176420000000007,138.9,MPARAMBO,MPARAMBO,grid_m3.00_29.25,22.34634783602155,15.176420000000007,28.58492000000001,33.5340498507,0.4628357015426075,0.5170660732930108,16.530872231182798,101453.8839045699,False,True,2.186850324850525,False,0.625966494673432,0.476774193548387,False,773.185
Mulembwe,2022,5,2.346428571428571,5.06,21.23225806451613,11.219354838709672,147.8,MPOTA (Tora),MPOTA (Tora),grid_m4.00_29.50,21.880299529569925,18.24343000000005,26.43484000000001,385.4866033515,0.1476645930355107,0.429420901472715,18.984222822580705,101460.66783602152,False,False,0.3376177859350189,False,0.4635900377588035,2.346428571428571,False,773.185
Kaburantwa,2022,6,1.8216666666666663,0.35,32.0375,15.059349999999997,7.0,MPARAMBO,MPARAMBO,grid_m3.00_29.25,22.02191704166665,15.059349999999997,30.23412000000002,0.2131462093799999,0.465717211719375,0.8191297315499999,14.47521640277779,101456.86434027778,False,True,2.207813552612297,False,0.657494392148278,1.8216666666666663,False,773.241
Nyengwe,2022,6,,0.8,29.89666666666667,17.88,0.0,NYANZA LAC (IRAT),NYANZA LAC (IRAT),grid_m4.25_29.50,22.656986347222244,19.72048000000001,25.25370000000004,101.5033719836,0.9516302976383334,0.6763359490458333,18.120319583333355,101428.1329236111,False,False,0.3658537084356579,False,0.6871000767926045,0.835473773274642,True,773.241
Mpanda,2022,6,,0.55,21.34,9.89655172413793,2.2,RWEGURA,RWEGURA,grid_m3.00_29.50,18.737948861111136,11.519620000000032,26.474400000000003,16.04270936228,-0.7989447881905556,0.3222574462811111,12.762333500000013,101562.0960902778,False,False,0.6181210600568109,False,0.5810440726595245,1.2171474383951282,True,773.241
Mulembwe,2022,6,2.2223333333333333,1.0,20.40333333333333,8.030000000000001,1.2000000000000002,MPOTA (Tora),MPOTA (Tora),grid_m4.00_29.50,21.12984879166669,16.134550000000047,25.44900000000001,123.40354923458,0.16613767690125,0.8685180234447778,17.898753888888905,101494.24404861112,False,False,0.3376177859350189,False,0.4362689667486275,2.2223333333333333,False,773.241
Nyamagana,2022,6,0.2453333333333334,,32.0375,15.059349999999997,7.0,MPARAMBO,MPARAMBO,grid_m3.00_29.25,22.02191704166665,15.059349999999997,30.23412000000002,0.2131462093799999,0.465717211719375,0.8191297315499999,14.47521640277779,101456.86434027778,False,True,2.186850324850525,False,0.5591055037595055,0.2453333333333334,False,773.241
Mutimbuzi,2022,6,1.7003333333333337,0.79,31.24975000000001,19.46551724137931,0.0,BUJUMBURA (Aeroport),BUJUMBURA (Aeroport),grid_m3.25_29.25,23.216811402777807,15.715599999999997,31.24975000000001,0.38957595536,1.246971282115,1.0778401258897778,15.673596833333365,101429.99556944444,True,False,1.5476478434872514,False,0.5567925927754269,1.7003333333333337,False,773.241
Nyakagunda,2022,6,0.4249999999999997,,32.0375,13.71365000000003,7.0,MPARAMBO,MPARAMBO,grid_m2.75_29.00,20.66737875000001,13.71365000000003,29.32983000000001,1.41429901604,-1.4141628885097222,0.9759724520116666,12.047362194444474,101510.51519444444,False,True,1.9960780806672505,False,0.5751501829418559,0.4249999999999997,False,773.241
Jiji,2022,6,0.5906666666666669,,20.40333333333333,8.030000000000001,1.2000000000000002,MPOTA (Tora),MPOTA (Tora),grid_m4.00_29.75,19.54348301388893,12.525480000000016,25.87280000000004,32.28950501884,-1.0597439417370833,0.7306938594461806,13.748515111111146,101589.95166666668,False,False,0.7469623692808592,False,0.7087393995317505,0.5906666666666669,False,773.241
Rusizi,2022,6,3.77,,31.24975000000001,19.46551724137931,0.0,BUJUMBURA (Aeroport),BUJUMBURA (Aeroport),grid_m3.25_29.25,23.216811402777807,15.715599999999997,31.24975000000001,0.38957595536,1.246971282115,1.0778401258897778,15.673596833333365,101429.99556944444,True,False,1.5043629271954442,False,0.5348007179193155,3.77,False,773.241
Nyengwe,2022,7,,0.32,30.4,17.59032258064516,0.0,NYANZA LAC (IRAT),NYANZA LAC (IRAT),grid_m4.25_29.50,22.71313822580646,20.197080000000028,24.997460000000046,13.67616651808,1.0274329479353588,0.6453547123056451,16.711454623655925,101476.01764784944,False,False,0.3658537084356579,False,0.5688246102731891,0.757471572320946,True,772.78
Rusizi,2022,7,3.31,,30.96090000000004,21.577272727272728,3.6,BUJUMBURA (Aeroport),BUJUMBURA (Aeroport),grid_m3.25_29.25,23.761632970430128,16.261250000000018,30.96090000000004,37.66059873862,0.923862190854422,1.3330358483998657,15.138585120967775,101478.79386424732,True,False,1.5043629271954442,False,0.4472583479970405,3.31,False,772.78
Mpanda,2022,7,,0.23,22.28387096774193,9.987096774193548,19.5,RWEGURA,RWEGURA,grid_m3.00_29.50,19.380240793010785,11.274260000000028,26.68633,73.91595781414,-0.4266200534120967,0.7904201841923387,11.666264919354887,101600.90139112904,False,False,0.6181210600568109,False,0.4993774196553325,1.2070081635691785,True,772.78
Nyamagana,2022,7,0.2109677419354839,,32.57741935483871,15.18440000000004,7.5,MPARAMBO,MPARAMBO,grid_m3.00_29.25,22.716797580645164,15.18440000000004,30.101530000000025,29.81567394898,0.4523242618647849,0.9449205102571236,13.310901424731185,101503.1087298387,False,True,2.186850324850525,False,0.409696776097301,0.2109677419354839,False,772.78
Kaburantwa,2022,7,1.7464516129032253,0.15,32.57741935483871,15.18440000000004,7.5,MPARAMBO,MPARAMBO,grid_m3.00_29.25,22.716797580645164,15.18440000000004,30.101530000000025,29.81567394898,0.4523242618647849,0.9449205102571236,13.310901424731185,101503.1087298387,False,True,2.207813552612297,False,0.527237403478745,1.7464516129032253,False,772.78
Nyakagunda,2022,7,0.3277419354838711,,32.57741935483871,13.803950000000045,7.5,MPARAMBO,MPARAMBO,grid_m2.75_29.00,20.621383024193563,13.803950000000045,27.70678000000004,11.56759272366,-1.3142930498884409,0.8734056818603494,11.357156424731215,101558.55661962366,False,True,1.9960780806672505,False,0.445925350243606,0.3277419354838711,False,772.78
Jiji,2022,7,0.5199999999999999,,21.177419354838715,7.623333333333334,33.5,MPOTA (Tora),MPOTA (Tora),grid_m4.00_29.75,19.740833938172045,12.466420000000028,26.089200000000005,20.95508548516,-0.9238032488822312,0.9982494851583334,11.93618502688173,101635.68752016129,False,False,0.7469623692808592,False,0.6272867178013255,0.5199999999999999,False,772.78
Mutimbuzi,2022,7,1.4983870967741937,0.34,30.96090000000004,21.577272727272728,3.6,BUJUMBURA (Aeroport),BUJUMBURA (Aeroport),grid_m3.25_29.25,23.761632970430128,16.261250000000018,30.96090000000004,37.66059873862,0.923862190854422,1.3330358483998657,15.138585120967775,101478.79386424732,True,False,1.5476478434872514,False,0.4619495490021845,1.4983870967741937,False,772.78
Mulembwe,2022,7,1.8774193548387097,0.45,21.177419354838715,7.623333333333334,33.5,MPOTA (Tora),MPOTA (Tora),grid_m4.00_29.50,21.04951704301078,16.04740000000004,25.37493000000001,39.7009848147,0.2877787312780914,0.8865065819908603,16.810517983871023,101542.65038306452,False,False,0.3376177859350189,False,0.4949016184710695,1.8774193548387097,False,772.78
Nyamagana,2022,8,0.2593548387096774,,33.00370370370371,15.805440000000033,0.0,MPARAMBO,MPARAMBO,grid_m3.00_29.25,23.060590174731203,15.805440000000033,30.67294000000004,17.41027841616,0.3236333168685484,0.6170878865685484,13.717716397849472,101335.16441532258,False,True,2.186850324850525,False,0.378565090501315,0.2593548387096774,False,772.528
Rusizi,2022,8,3.48,,31.733480000000043,19.67096774193548,17.1,BUJUMBURA (Aeroport),BUJUMBURA (Aeroport),grid_m3.25_29.25,24.224610497311858,16.09823,31.733480000000043,12.27664938566,0.7470440390692205,0.8994680225912635,14.95481411290325,101306.85913978497,True,False,1.5043629271954442,False,0.41618192223868,3.48,False,772.528
Mpanda,2022,8,,0.11,22.63870967741936,10.793548387096775,53.8,RWEGURA,RWEGURA,grid_m3.00_29.50,19.193336760752743,12.609770000000026,26.62826000000001,183.95709943142,-0.0973740647702957,0.3041048553354838,13.626221599462385,101466.6338373656,False,False,0.6181210600568109,False,0.456483640428504,1.1599637814713222,True,772.528
Mutimbuzi,2022,8,1.2519354838709678,0.2,31.733480000000043,19.67096774193548,17.1,BUJUMBURA (Aeroport),BUJUMBURA (Aeroport),grid_m3.25_29.25,24.224610497311858,16.09823,31.733480000000043,12.27664938566,0.7470440390692205,0.8994680225912635,14.95481411290325,101306.85913978497,True,False,1.5476478434872514,False,0.440312768518062,1.2519354838709678,False,772.528
Jiji,2022,8,0.4729032258064519,,21.916129032258063,9.229032258064516,16.7,MPOTA (Tora),MPOTA (Tora),grid_m4.00_29.75,20.741673857526905,13.663260000000037,27.5831,30.08079532416,-0.4514567267012097,0.9468247399028078,12.832329032258087,101435.03252688173,False,False,0.7469623692808592,False,0.5994053042745195,0.4729032258064519,False,772.528
Nyengwe,2022,8,,0.16,30.9483870967742,18.40322580645161,0.0,NYANZA LAC (IRAT),NYANZA LAC (IRAT),grid_m4.25_29.50,23.84260926075268,20.591000000000008,26.97094000000004,24.14369587036,0.9285205919685484,0.1323348611014785,16.75544022849465,101265.53639784946,False,False,0.3658537084356579,False,0.508834783874165,0.8227450209144616,True,772.528
Mulembwe,2022,8,1.8380645161290323,0.3,21.916129032258063,9.229032258064516,16.7,MPOTA (Tora),MPOTA (Tora),grid_m4.00_29.50,22.06299489247317,15.676930000000027,27.088130000000035,75.91152212894,0.2344445469801075,0.4580276444798656,16.894860349462363,101340.02429435484,False,False,0.3376177859350189,False,0.3279351827990485,1.8380645161290323,False,772.528
Nyakagunda,2022,8,0.3170967741935483,,33.00370370370371,15.006000000000029,0.0,MPARAMBO,MPARAMBO,grid_m2.75_29.00,21.48634001344089,15.006000000000029,29.47396000000004,16.47710795196,-1.140610582117742,0.7515371789750134,11.102647661290348,101398.37409946237,False,True,1.9960780806672505,False,0.4365018900832235,0.3170967741935483,False,772.528
Kaburantwa,2022,8,1.763548387096774,0.08,33.00370370370371,15.805440000000033,0.0,MPARAMBO,MPARAMBO,grid_m3.00_29.25,23.060590174731203,15.805440000000033,30.67294000000004,17.41027841616,0.3236333168685484,0.6170878865685484,13.717716397849472,101335.16441532258,False,True,2.207813552612297,False,0.4933839127925484,1.763548387096774,False,772.528
Kaburantwa,2022,9,1.806,0.18,33.46666666666667,16.21640000000002,27.9,MPARAMBO,MPARAMBO,grid_m3.00_29.25,23.48116794444445,16.21640000000002,31.06307000000004,9.06515111796,0.5087456382021917,0.5361230643151389,13.843068791666724,101284.48561111111,False,True,2.207813552612297,False,0.4533018536945635,1.806,False,772.5905
Mpanda,2022,9,,1.35,22.723333333333336,10.89655172413793,140.5,RWEGURA,RWEGURA,grid_m3.00_29.50,19.373946777777803,13.42147,27.03182000000004,186.51103983326,-0.3416015827704166,-0.1106678444005555,13.965695319444478,101430.30123611112,False,False,0.6181210600568109,False,0.4686842421984155,1.2546937591994167,True,772.5905
Nyengwe,2022,9,,0.39,31.58,19.33333333333333,0.0,NYANZA LAC (IRAT),NYANZA LAC (IRAT),grid_m4.25_29.50,24.30701948611113,21.770500000000027,27.073480000000018,74.00083545048,1.012131055091667,-0.0951947547997222,18.1664928194445,101206.68231944444,False,False,0.3658537084356579,False,0.4327663094389485,0.8912587083030781,True,772.5905
Mulembwe,2022,9,1.846666666666667,2.49,22.84,9.853333333333335,23.2,MPOTA (Tora),MPOTA (Tora),grid_m4.00_29.50,22.34921844444449,18.268580000000043,27.403560000000027,175.97722933008,0.2666001831936111,0.310823314521861,17.974923972222257,101288.26113888888,False,False,0.3376177859350189,False,0.265523669329534,1.846666666666667,False,772.5905
Nyamagana,2022,9,0.2366666666666667,,33.46666666666667,16.21640000000002,27.9,MPARAMBO,MPARAMBO,grid_m3.00_29.25,23.48116794444445,16.21640000000002,31.06307000000004,9.06515111796,0.5087456382021917,0.5361230643151389,13.843068791666724,101284.48561111111,False,True,2.186850324850525,False,0.3496214504650849,0.2366666666666667,False,772.5905
Nyakagunda,2022,9,0.3083333333333333,,33.46666666666667,14.499840000000006,27.9,MPARAMBO,MPARAMBO,grid_m2.75_29.00,21.93091284722226,14.499840000000006,29.340360000000032,7.37762453572,-0.9960028977099304,0.6737207204296667,11.566530930555588,101362.63786111111,False,True,1.9960780806672505,False,0.409121869608902,0.3083333333333333,False,772.5905
Mutimbuzi,2022,9,1.0799999999999998,7.6,31.959000000000003,20.23,24.0,BUJUMBURA (Aeroport),BUJUMBURA (Aeroport),grid_m3.25_29.25,24.61088512500004,16.562100000000044,31.959000000000003,3.9415359408,1.054466395207,0.6897973792559723,14.341121333333376,101255.52206944444,True,False,1.5476478434872514,False,0.440140950550994,1.0799999999999998,False,772.5905
Jiji,2022,9,0.4320000000000001,,22.84,9.853333333333335,23.2,MPOTA (Tora),MPOTA (Tora),grid_m4.00_29.75,21.14964948611112,14.843600000000038,27.62620000000004,51.53465284184,-0.4887912538795833,0.7320811793337499,14.366919097222253,101382.88683333332,False,False,0.7469623692808592,False,0.5970785651573784,0.4320000000000001,False,772.5905
Rusizi,2022,9,3.52,,31.959000000000003,20.23,24.0,BUJUMBURA (Aeroport),BUJUMBURA (Aeroport),grid_m3.25_29.25,24.61088512500004,16.562100000000044,31.959000000000003,3.9415359408,1.054466395207,0.6897973792559723,14.341121333333376,101255.52206944444,True,False,1.5043629271954442,False,0.413469482837759,3.52,False,772.5905
Nyakagunda,2022,10,0.317741935483871,,34.54838709677419,18.5258064516129,59.1,MPARAMBO,MPARAMBO,grid_m2.75_29.00,22.54909653225809,15.927400000000034,30.688559999999995,15.53630827156,-0.9295526520248656,0.7143531492630376,11.527744233870976,101277.06713709678,False,False,1.9960780806672505,False,0.452065068532104,0.317741935483871,False,772.2975
Rusizi,2022,10,3.59,,32.88387,20.44516129032258,75.8,BUJUMBURA (Aeroport),BUJUMBURA (Aeroport),grid_m3.25_29.25,24.876541505376338,17.521749999999997,32.88387,17.683982884440002,1.4762746951008063,0.6725749143790323,13.616666330645216,101162.25228494624,True,False,1.5043629271954442,False,0.319046226296283,3.59,False,772.2975
Mulembwe,2022,10,1.7832258064516129,4.37,23.91290322580645,10.467741935483868,100.70000000000002,MPOTA (Tora),MPOTA (Tora),grid_m4.00_29.50,22.841941989247346,18.363920000000007,26.74350000000004,206.41565286674,0.255399621807258,0.2975604762030914,18.2619589919355,101205.74758064515,False,False,0.3376177859350189,False,0.147861672989152,1.7832258064516129,False,772.2975
Nyengwe,2022,10,0.5964516129032256,0.77,31.479310344827585,20.317241379310342,14.6,NYANZA LAC (IRAT),NYANZA LAC (IRAT),grid_m4.25_29.50,24.96049444892475,22.14834000000002,27.126400000000046,84.33675766374,0.924249115101836,-0.1437000766876344,18.151741411290345,101120.39543010751,False,False,0.3658537084356579,False,0.18572401218487,0.5964516129032256,False,772.2975
Nyamagana,2022,10,0.1980645161290323,,34.54838709677419,18.5258064516129,59.1,MPARAMBO,MPARAMBO,grid_m3.00_29.25,24.20263188172044,17.268950000000018,33.41903000000002,15.01321795232,0.7860510838392474,0.5269253427214919,12.61052927419354,101191.63904569892,False,False,2.186850324850525,False,0.35554300631137,0.1980645161290323,False,772.2975
Mpanda,2022,10,,1.87,21.92758620689655,11.412903225806453,130.99999999999997,RWEGURA,RWEGURA,grid_m3.00_29.50,20.14716991935489,13.450900000000049,28.51278000000002,137.15982491,-0.4876751858264516,-0.2476107879038978,13.323206424731213,101332.10880376345,False,False,0.6181210600568109,False,0.352104081974848,1.1657414861922244,True,772.2975
Jiji,2022,10,0.406774193548387,,23.91290322580645,10.467741935483868,100.70000000000002,MPOTA (Tora),MPOTA (Tora),grid_m4.00_29.75,21.594110188172067,15.330700000000036,28.639830000000018,77.11219786124,-0.4951739776647849,0.503645353820699,14.613883561827947,101300.79025537634,False,False,0.7469623692808592,False,0.207344208989539,0.406774193548387,False,772.2975
Mutimbuzi,2022,10,0.9351612903225808,5.84,32.88387,20.44516129032258,75.8,BUJUMBURA (Aeroport),BUJUMBURA (Aeroport),grid_m3.25_29.25,24.876541505376338,17.521749999999997,32.88387,17.683982884440002,1.4762746951008063,0.6725749143790323,13.616666330645216,101162.25228494624,True,False,1.5476478434872514,False,0.348229961798725,0.9351612903225808,False,772.2975
Kaburantwa,2022,10,1.7358064516129024,0.05,34.54838709677419,18.5258064516129,59.1,MPARAMBO,MPARAMBO,grid_m3.00_29.25,24.20263188172044,17.268950000000018,33.41903000000002,15.01321795232,0.7860510838392474,0.5269253427214919,12.61052927419354,101191.63904569892,False,False,2.207813552612297,False,0.40176002497111,1.7358064516129024,False,772.2975
Kaburantwa,2022,11,1.7926666666666669,0.28,31.58928571428572,18.486666666666668,99.2,MPARAMBO,MPARAMBO,grid_m3.00_29.25,22.13930880555557,16.700559999999996,31.109830000000045,120.7571029447,0.5317603660448611,0.2013545999586111,15.612403763888892,101298.57224305556,False,False,2.207813552612297,False,0.509104178589593,1.7926666666666669,False,772.2025
Nyengwe,2022,11,0.5960000000000001,10.52,28.45,20.44333333333333,102.2,NYANZA LAC (IRAT),NYANZA LAC (IRAT),grid_m4.25_29.50,23.152310791666707,20.82170000000002,26.23245000000003,322.28851252038,0.6479102677966667,0.3565832776236111,18.860703458333376,101215.93578472224,False,False,0.3658537084356579,False,0.365179948606926,0.5960000000000001,False,772.2025
Nyakagunda,2022,11,0.3829999999999999,,31.58928571428572,18.486666666666668,99.2,MPARAMBO,MPARAMBO,grid_m2.75_29.00,20.27593768055556,14.998440000000016,28.717250000000035,101.60350791082,-0.5558617043965277,0.4335499647477778,14.143602069444457,101368.69897916669,False,False,1.9960780806672505,False,0.516301109467455,0.3829999999999999,False,772.2025
Rusizi,2022,11,3.67,,31.717250000000035,20.666666666666664,112.8,BUJUMBURA (Aeroport),BUJUMBURA (Aeroport),grid_m3.25_29.25,23.183199847222227,17.41076000000004,31.717250000000035,107.0070267222,0.8496938508362499,0.0062021469173611,16.111313666666717,101267.95592361112,True,False,1.5043629271954442,False,0.476931503565663,3.67,False,772.2025
Nyamagana,2022,11,0.2816666666666666,,31.58928571428572,18.486666666666668,99.2,MPARAMBO,MPARAMBO,grid_m3.00_29.25,22.13930880555557,16.700559999999996,31.109830000000045,120.7571029447,0.5317603660448611,0.2013545999586111,15.612403763888892,101298.57224305556,False,False,2.186850324850525,False,0.4653143457388995,0.2816666666666666,False,772.2025
Mpanda,2022,11,,7.0,22.65333333333333,10.63,309.3999999999999,RWEGURA,RWEGURA,grid_m3.00_29.50,18.595116347222245,14.109980000000007,26.346220000000017,387.18318836908,-0.1408985977964583,-0.4913632281529167,14.861172402777813,101430.49203472222,False,False,0.6181210600568109,False,0.528147577986777,1.4925371916192194,True,772.2025
Jiji,2022,11,0.5236666666666667,,21.21,12.13,186.00000000000003,MPOTA (Tora),MPOTA (Tora),grid_m4.00_29.75,19.446282680555555,15.782620000000009,25.52194000000003,314.17417519166,-0.1184403730934875,0.2836015067666944,16.49977933333338,101406.99620138889,False,False,0.7469623692808592,False,0.3387430494899019,0.5236666666666667,False,772.2025
Mutimbuzi,2022,11,0.9833333333333332,15.17,31.717250000000035,20.666666666666664,112.8,BUJUMBURA (Aeroport),BUJUMBURA (Aeroport),grid_m3.25_29.25,23.183199847222227,17.41076000000004,31.717250000000035,107.0070267222,0.8496938508362499,0.0062021469173611,16.111313666666717,101267.95592361112,True,False,1.5476478434872514,False,0.514451221212318,0.9833333333333332,False,772.2025
Mulembwe,2022,11,2.239,13.38,21.21,12.13,186.00000000000003,MPOTA (Tora),MPOTA (Tora),grid_m4.00_29.50,21.48981029166669,18.718740000000025,25.73684000000003,550.05693467384,0.1660689048098611,0.4759449854072222,18.406444194444475,101289.54759027778,False,False,0.3376177859350189,False,0.2446189064672565,2.239,False,772.2025
Rusizi,2022,12,3.62,,30.62844000000001,19.85483870967742,200.4,BUJUMBURA (Aeroport),BUJUMBURA (Aeroport),grid_m3.25_29.25,23.40714419354839,17.628000000000043,30.62844000000001,103.58810451846,0.4354105765323656,0.0929017217896505,16.526912056451636,101252.58925403224,True,False,1.5043629271954442,False,0.6009271844346675,3.62,False,772.512
Mulembwe,2022,12,2.613548387096773,10.44,21.41290322580645,11.080645161290322,238.0,MPOTA (Tora),MPOTA (Tora),grid_m4.00_29.50,21.08644564516129,17.797240000000045,25.434720000000027,679.2135239746599,0.0384037934438306,0.6332164270998656,18.39812650537636,101299.0156653226,False,False,0.3376177859350189,False,0.407454397459062,2.613548387096773,False,772.512
Mutimbuzi,2022,12,1.219354838709677,9.75,30.62844000000001,19.85483870967742,200.4,BUJUMBURA (Aeroport),BUJUMBURA (Aeroport),grid_m3.25_29.25,23.40714419354839,17.628000000000043,30.62844000000001,103.58810451846,0.4354105765323656,0.0929017217896505,16.526912056451636,101252.58925403224,True,False,1.5476478434872514,False,0.6443816215094496,1.219354838709677,False,772.512
Nyakagunda,2022,12,0.397741935483871,,31.62580645161289,18.16451612903226,182.5,MPARAMBO,MPARAMBO,grid_m2.75_29.00,20.64188966397853,13.949600000000032,27.53665000000001,85.72912207008,-0.4538860883130376,0.167532624613172,13.791870000000015,101348.12823252688,False,False,1.9960780806672505,False,0.624091533929057,0.397741935483871,False,772.512
Kaburantwa,2022,12,1.7525806451612902,0.97,31.62580645161289,18.16451612903226,182.5,MPARAMBO,MPARAMBO,grid_m3.00_29.25,22.26490455645165,16.26016000000004,29.51125000000001,106.1048508786,0.3506635890919355,0.1703743676857526,15.44963267473122,101277.1235282258,False,False,2.207813552612297,False,0.7116361908225375,1.7525806451612902,False,772.512
Nyamagana,2022,12,0.3216129032258065,,31.62580645161289,18.16451612903226,182.5,MPARAMBO,MPARAMBO,grid_m3.00_29.25,22.26490455645165,16.26016000000004,29.51125000000001,106.1048508786,0.3506635890919355,0.1703743676857526,15.44963267473122,101277.1235282258,False,False,2.186850324850525,False,0.641703815701165,0.3216129032258065,False,772.512
Jiji,2022,12,0.6716129032258064,,21.41290322580645,11.080645161290322,238.0,MPOTA (Tora),MPOTA (Tora),grid_m4.00_29.75,19.13430763440863,14.662470000000042,24.81753000000004,327.45361373118,-0.1516964353316398,0.2698590477325269,16.351639986559178,101410.31976478494,False,False,0.7469623692808592,False,0.665622237336148,0.6716129032258064,False,772.512
Nyengwe,2022,12,0.5974193548387097,7.88,28.25161290322581,19.63870967741936,176.0,NYANZA LAC (IRAT),NYANZA LAC (IRAT),grid_m4.25_29.50,22.76457619623659,20.09084000000001,26.02140000000003,453.09734221492,0.3684648541221774,0.4803594563051747,18.88687239247315,101226.11311155914,False,False,0.3658537084356579,False,0.5417143978773176,0.5974193548387097,False,772.512
Mpanda,2022,12,1.1606451612903224,5.6,23.123333333333328,10.6,230.9,RWEGURA,RWEGURA,grid_m3.00_29.50,18.50795618279568,12.609770000000026,25.56720000000001,355.67760576154,-0.1858498715474005,-0.5121575012118682,14.6982516935484,101418.98239919356,False,False,0.6181210600568109,False,0.5968778504440045,1.1606451612903224,False,772.512
Nyakagunda,2023,1,0.5280645161290323,,31.725806451612907,17.9258064516129,92.7,MPARAMBO,MPARAMBO,grid_m2.75_29.00,21.01713916666671,13.93900000000002,29.63906000000003,46.47040365952,-0.6393563265942205,0.1261675431165322,12.809077956989256,101349.58431451612,False,False,1.9960780806672505,False,0.6347672223486569,0.5280645161290323,False,772.6446666666667
Kaburantwa,2023,1,2.035806451612903,3.83,31.725806451612907,17.9258064516129,92.7,MPARAMBO,MPARAMBO,grid_m3.00_29.25,22.67972926075271,16.08540000000005,31.553120000000035,18.31674571154,0.527377282124328,0.1525504815732526,14.589107123655936,101276.00938172045,False,False,2.207813552612297,False,0.6768264332942655,2.035806451612903,False,772.6446666666667
Jiji,2023,1,0.7683870967741935,,21.95806451612903,10.796774193548387,218.10000000000005,MPOTA (Tora),MPOTA (Tora),grid_m4.00_29.75,19.689634112903263,14.123680000000036,26.3843,329.04148145608,-0.2745551033665322,0.2191378673983871,16.18406959677418,101415.58632392473,False,False,0.7469623692808592,False,0.7344185798948355,0.7683870967741935,False,772.6446666666667
Nyamagana,2023,1,0.2941935483870967,,31.725806451612907,17.9258064516129,92.7,MPARAMBO,MPARAMBO,grid_m3.00_29.25,22.67972926075271,16.08540000000005,31.553120000000035,18.31674571154,0.527377282124328,0.1525504815732526,14.589107123655936,101276.00938172045,False,False,2.186850324850525,False,0.6269248538562395,0.2941935483870967,False,772.6446666666667
Mulembwe,2023,1,2.541935483870968,9.71,21.95806451612903,10.796774193548387,218.10000000000005,MPOTA (Tora),MPOTA (Tora),grid_m4.00_29.50,21.473968534946263,17.512350000000026,26.48977000000002,706.11596147428,-0.051255687689543,0.754669519417742,18.547994637096792,101306.65721774191,False,False,0.3376177859350189,False,0.4352517052494959,2.541935483870968,False,772.6446666666667
Mutimbuzi,2023,1,1.359032258064516,6.25,32.17422000000005,20.15714285714285,103.7,BUJUMBURA (Aeroport),BUJUMBURA (Aeroport),grid_m3.25_29.25,23.918062836021537,17.105860000000007,32.17422000000005,8.63862034904,0.7955329438485215,0.0217147341512096,15.53683478494628,101247.3128091398,True,False,1.5476478434872514,False,0.6337960140922421,1.359032258064516,False,772.6446666666667
Mpanda,2023,1,1.0161290322580645,6.57,24.89032258064516,10.55,123.9,RWEGURA,RWEGURA,grid_m3.00_29.50,19.06058327956993,12.85220000000004,27.18432000000001,222.5050929214,-0.2377384355637097,-0.6971245235123118,13.731553991935527,101410.95039650536,False,False,0.6181210600568109,False,0.6766896824657784,1.0161290322580645,False,772.6446666666667
Rusizi,2023,1,3.84,,32.17422000000005,20.15714285714285,103.7,BUJUMBURA (Aeroport),BUJUMBURA (Aeroport),grid_m3.25_29.25,23.918062836021537,17.105860000000007,32.17422000000005,8.63862034904,0.7955329438485215,0.0217147341512096,15.53683478494628,101247.3128091398,True,False,1.5043629271954442,False,0.6244430628847135,3.84,False,772.6446666666667
Kaburantwa,2023,2,1.952857142857143,1.12,30.853571428571424,18.41428571428572,157.39999999999998,MPARAMBO,MPARAMBO,grid_m3.00_29.25,24.16630872023808,16.096519999999998,33.059320000000014,15.50483689994,0.4130819418270833,0.0812891098354166,13.212910014880949,101223.6124404762,False,False,2.207813552612297,False,0.6509862767340651,1.952857142857143,False,772.725
Mpanda,2023,2,1.0564285714285713,4.12,25.62,11.884,127.4,RWEGURA,RWEGURA,grid_m3.00_29.50,19.37836571428573,11.862940000000036,27.93432000000001,248.27957221896,0.0709144969525297,-0.4696083988430521,13.936597425595266,101377.84515624998,False,False,0.6181210600568109,False,0.6680013544480661,1.0564285714285713,False,772.725
Nyakagunda,2023,2,0.5935714285714285,,30.853571428571424,18.41428571428572,157.39999999999998,MPARAMBO,MPARAMBO,grid_m2.75_29.00,21.67313619047621,13.77188000000001,30.166740000000004,45.99523539046,-0.4060171220421131,-0.1092146919516354,12.545336145833346,101316.92233630952,False,False,1.9960780806672505,False,0.6135320631670735,0.5935714285714285,False,772.725
Nyamagana,2023,2,0.3757142857142858,,30.853571428571424,18.41428571428572,157.39999999999998,MPARAMBO,MPARAMBO,grid_m3.00_29.25,24.16630872023808,16.096519999999998,33.059320000000014,15.50483689994,0.4130819418270833,0.0812891098354166,13.212910014880949,101223.6124404762,False,False,2.186850324850525,False,0.611664224017711,0.3757142857142858,False,772.725
Mulembwe,2023,2,2.5282142857142853,7.7,22.560714285714283,11.546428571428573,292.3999999999999,MPOTA (Tora),MPOTA (Tora),grid_m4.00_29.50,22.03070638392859,18.08486000000005,27.166740000000004,493.92509478246,-0.0076508291470833,0.5320293788716667,18.45540815476193,101266.26924107144,False,False,0.3376177859350189,False,0.412124246289017,2.5282142857142853,False,772.725
Jiji,2023,2,0.9071428571428573,,22.560714285714283,11.546428571428573,292.3999999999999,MPOTA (Tora),MPOTA (Tora),grid_m4.00_29.75,19.98713830357144,15.193020000000049,27.06713000000002,240.3330804336,0.0786005654439732,0.3723846628134524,16.42912806547622,101382.4826264881,False,False,0.7469623692808592,False,0.719278471463889,0.9071428571428573,False,772.725
Mutimbuzi,2023,2,1.403214285714286,8.49,33.31323000000003,20.610714285714288,79.39999999999999,BUJUMBURA (Aeroport),BUJUMBURA (Aeroport),grid_m3.25_29.25,25.10962806547621,17.733000000000004,33.31323000000003,11.21187209602,0.3194903425952381,0.0272453874994345,15.216319017857188,101197.5412127976,True,False,1.5476478434872514,False,0.595686462196998,1.403214285714286,False,772.725
Rusizi,2023,2,3.67,,33.31323000000003,20.610714285714288,79.39999999999999,BUJUMBURA (Aeroport),BUJUMBURA (Aeroport),grid_m3.25_29.25,25.10962806547621,17.733000000000004,33.31323000000003,11.21187209602,0.3194903425952381,0.0272453874994345,15.216319017857188,101197.5412127976,True,False,1.5043629271954442,False,0.5684546064823145,3.67,False,772.725
Mutimbuzi,2023,3,1.6112903225806448,17.63,33.91165000000001,20.55,134.4,BUJUMBURA (Aeroport),BUJUMBURA (Aeroport),grid_m3.25_29.25,24.12882287634409,18.54388,33.91165000000001,151.97324744454,-0.0735742929444892,0.102437152728629,16.885529435483875,101234.9634811828,True,False,1.5476478434872514,False,0.580837543954249,1.6112903225806448,False,772.932
Nyamagana,2023,3,0.4893548387096774,,31.345161290322583,18.52903225806451,211.4,MPARAMBO,MPARAMBO,grid_m3.00_29.25,22.77595069892476,16.93942000000004,32.570700000000045,125.1831053989,0.1140267766143817,0.1779684876291935,15.800083185483912,101262.8326344086,False,False,2.186850324850525,False,0.6470592974826395,0.4893548387096774,False,772.932
Kaburantwa,2023,3,1.95,1.28,31.345161290322583,18.52903225806451,211.4,MPARAMBO,MPARAMBO,grid_m3.00_29.25,22.77595069892476,16.93942000000004,32.570700000000045,125.1831053989,0.1140267766143817,0.1779684876291935,15.800083185483912,101262.8326344086,False,False,2.207813552612297,False,0.6652744270639845,1.95,False,772.932
Mpanda,2023,3,1.0935483870967742,7.98,25.258064516129025,10.974193548387095,286.2,RWEGURA,RWEGURA,grid_m3.00_29.50,18.964419220430106,13.682460000000049,27.94875000000001,489.02034718918,0.0309297092751344,-0.1504413435017473,15.248971115591416,101411.11842069891,False,False,0.6181210600568109,False,0.671671692594317,1.0935483870967742,False,772.932
Rusizi,2023,3,3.77,,33.91165000000001,20.55,134.4,BUJUMBURA (Aeroport),BUJUMBURA (Aeroport),grid_m3.25_29.25,24.12882287634409,18.54388,33.91165000000001,151.97324744454,-0.0735742929444892,0.102437152728629,16.885529435483875,101234.9634811828,True,False,1.5043629271954442,False,0.5790594521382825,3.77,False,772.932
Mulembwe,2023,3,2.6709677419354843,17.44,21.700000000000003,11.977419354838707,277.0,MPOTA (Tora),MPOTA (Tora),grid_m4.00_29.50,21.898375604838748,18.56762000000004,29.07565,598.99950062868,0.1520995880818548,0.3925628455413978,18.49717536290325,101276.10917338709,False,False,0.3376177859350189,False,0.335769053800653,2.6709677419354843,False,772.932
Nyakagunda,2023,3,0.5412903225806454,,31.345161290322583,18.52903225806451,211.4,MPARAMBO,MPARAMBO,grid_m2.75_29.00,20.829407083333365,15.070640000000026,30.66555,125.35905824672,-0.3695803616002688,0.1902687108106048,14.235774260752692,101338.38231854838,False,False,1.9960780806672505,False,0.5928143803673995,0.5412903225806454,False,772.932
Jiji,2023,3,1.0451612903225806,,21.700000000000003,11.977419354838707,277.0,MPOTA (Tora),MPOTA (Tora),grid_m4.00_29.75,19.79589658602152,15.356740000000002,28.77877000000001,323.77958382934,0.1167490765222231,0.421880721154758,16.73969068548388,101394.04314516128,False,False,0.7469623692808592,False,0.5838304049567999,1.0451612903225806,False,772.932
Nyakagunda,2023,4,0.6363333333333335,,31.11666666666667,18.65,125.5,MPARAMBO,MPARAMBO,grid_m2.75_29.00,20.922914583333352,15.32650000000001,29.14750000000004,67.86155703672,-1.043123604692361,0.5955711522679722,14.769943013888906,101293.64841666666,False,False,1.9960780806672505,False,0.6621257625736975,0.6363333333333335,False,772.994
Mpanda,2023,4,1.2519999999999998,15.52,24.386666666666663,11.163333333333334,368.8,RWEGURA,RWEGURA,grid_m3.00_29.50,19.06634186111114,14.263760000000048,27.206080000000043,382.05862037682,-0.6574180395159722,-0.1777605547845833,16.003236041666696,101382.04840972222,False,False,0.6181210600568109,False,0.5925013088029805,1.2519999999999998,False,772.994
Rusizi,2023,4,4.03,,31.456350000000043,20.25714285714286,123.2,BUJUMBURA (Aeroport),BUJUMBURA (Aeroport),grid_m3.25_29.25,24.29795044444444,17.713900000000024,31.456350000000043,46.36287705804,0.7226275362180555,0.4253685153490277,17.045735361111156,101188.37372916666,True,False,1.5043629271954442,False,0.6145206740995245,4.03,False,772.994
Nyamagana,2023,4,0.6333333333333333,,31.11666666666667,18.65,125.5,MPARAMBO,MPARAMBO,grid_m3.00_29.25,22.78510027777781,16.516500000000008,30.43850000000004,46.4944838317,0.1191837948288333,0.4234099631416666,16.728056819444475,101224.74059722223,False,False,2.186850324850525,False,0.6489904888077396,0.6333333333333333,False,772.994
Jiji,2023,4,1.1506666666666665,,21.73333333333334,12.33333333333333,284.7,MPOTA (Tora),MPOTA (Tora),grid_m4.00_29.75,19.744469888888943,15.00356000000005,25.963900000000024,250.10347336714,-0.7057646650247222,0.26394137665,16.957074180555594,101378.407625,False,False,0.7469623692808592,False,0.5661974292166435,1.1506666666666665,False,772.994
Mulembwe,2023,4,2.713333333333334,20.61,21.73333333333334,12.33333333333333,284.7,MPOTA (Tora),MPOTA (Tora),grid_m4.00_29.50,21.598872500000027,18.009420000000034,25.677760000000035,628.31497179474,0.0044458383621944,0.6750877532292777,18.94985066666669,101253.82790972224,False,False,0.3376177859350189,False,0.540470507333412,2.713333333333334,False,772.994
Mutimbuzi,2023,4,2.065333333333333,25.56,31.456350000000043,20.25714285714286,123.2,BUJUMBURA (Aeroport),BUJUMBURA (Aeroport),grid_m3.25_29.25,24.29795044444444,17.713900000000024,31.456350000000043,46.36287705804,0.7226275362180555,0.4253685153490277,17.045735361111156,101188.37372916666,True,False,1.5476478434872514,False,0.6035054063470335,2.065333333333333,False,772.994
Kaburantwa,2023,4,1.923333333333333,3.66,31.11666666666667,18.65,125.5,MPARAMBO,MPARAMBO,grid_m3.00_29.25,22.78510027777781,16.516500000000008,30.43850000000004,46.4944838317,0.1191837948288333,0.4234099631416666,16.728056819444475,101224.74059722223,False,False,2.207813552612297,False,0.6842260384050655,1.923333333333333,False,772.994
Jiji,2023,5,0.9758064516129032,,22.30645161290322,11.38064516129032,121.60000000000002,MPOTA (Tora),MPOTA (Tora),grid_m4.00_29.75,20.65663516129036,15.320760000000009,26.87414000000001,117.18273152526,-1.0810170743034946,0.4482787351354838,16.28650545698929,101573.81791666668,False,False,0.7469623692808592,False,0.738369303697944,0.9758064516129032,False,773.1383333333333
Nyamagana,2023,5,0.5983870967741935,,32.435483870967744,19.606451612903225,57.5,MPARAMBO,MPARAMBO,grid_m3.00_29.25,23.03255655913983,16.123130000000003,30.409700000000043,130.95331175948,0.4176572164172043,0.5698332023135753,16.772752137096802,101426.20718413978,False,False,2.186850324850525,False,0.6633119764365905,0.5983870967741935,False,773.1383333333333
Kaburantwa,2023,5,1.8133333333333328,3.16,32.435483870967744,19.606451612903225,57.5,MPARAMBO,MPARAMBO,grid_m3.00_29.25,23.03255655913983,16.123130000000003,30.409700000000043,130.95331175948,0.4176572164172043,0.5698332023135753,16.772752137096802,101426.20718413978,False,False,2.207813552612297,False,0.7365818576527086,1.8133333333333328,False,773.1383333333333
Mutimbuzi,2023,5,2.326774193548387,4.86,31.501100000000008,20.790476190476188,68.1,BUJUMBURA (Aeroport),BUJUMBURA (Aeroport),grid_m3.25_29.25,24.29017190860219,17.28134,31.501100000000008,112.62178404128,1.1161619189923386,0.7533613236611558,17.57637912634408,101389.82463709678,True,False,1.5476478434872514,False,0.6539609007986531,2.326774193548387,False,773.1383333333333
Nyakagunda,2023,5,0.5332258064516131,,32.435483870967744,19.606451612903225,57.5,MPARAMBO,MPARAMBO,grid_m2.75_29.00,21.731486290322607,14.966270000000009,29.54055,56.702136931960005,-1.26150131255914,0.8084649127716397,14.46221592741938,101497.61628360215,False,False,1.9960780806672505,False,0.695776093385656,0.5332258064516131,False,773.1383333333333
Mulembwe,2023,5,2.46483870967742,4.55,22.30645161290322,11.38064516129032,121.60000000000002,MPOTA (Tora),MPOTA (Tora),grid_m4.00_29.50,22.34757360215059,17.828580000000045,26.864370000000008,311.3889682892,0.0608286289225806,0.553339272515551,19.47522912634412,101454.16508064517,False,False,0.3376177859350189,False,0.6459307718500875,2.46483870967742,False,773.1383333333333
Mpanda,2023,5,1.4561290322580642,4.44,24.5,11.606451612903228,122.6,RWEGURA,RWEGURA,grid_m3.00_29.50,19.804321720430096,13.87518,27.463900000000024,153.5201069593,-0.7591084712762097,0.0166643614362903,15.289710994623704,101569.35438844089,False,False,0.6181210600568109,False,0.630245517466231,1.4561290322580642,False,773.1383333333333
Rusizi,2023,5,4.17,,31.501100000000008,20.790476190476188,68.1,BUJUMBURA (Aeroport),BUJUMBURA (Aeroport),grid_m3.25_29.25,24.29017190860219,17.28134,31.501100000000008,112.62178404128,1.1161619189923386,0.7533613236611558,17.57637912634408,101389.82463709678,True,False,1.5043629271954442,False,0.6407218532825669,4.17,False,773.1383333333333
Kaburantwa,2023,6,1.7730000000000004,0.75,32.25333333333334,18.94,1.0,MPARAMBO,MPARAMBO,grid_m3.00_29.25,22.72393016666672,15.310500000000047,30.74633,18.10646070626,0.4421943454601389,0.659177549075,15.37800445833335,101470.42497916668,False,False,2.207813552612297,False,0.6371303301181694,1.7730000000000004,False,773.135
Mulembwe,2023,6,2.1503333333333337,2.22,22.160000000000007,9.246666666666668,8.8,MPOTA (Tora),MPOTA (Tora),grid_m4.00_29.50,22.19784452777781,16.824820000000045,26.40010000000001,111.84501633204,0.2581353715701805,0.39649715411875,18.615016361111145,101489.80176388889,False,False,0.3376177859350189,False,0.515592827421717,2.1503333333333337,False,773.135
Mpanda,2023,6,1.397,1.08,24.536666666666665,10.736666666666666,31.8,RWEGURA,RWEGURA,grid_m3.00_29.50,19.356256375000044,11.990200000000016,26.85766000000001,81.17914202404,-0.3928276275151389,0.3332877903509916,14.224396902777755,101598.34705555555,False,False,0.6181210600568109,False,0.6002072594317645,1.397,False,773.135
Nyakagunda,2023,6,0.3926666666666666,,32.25333333333334,18.94,1.0,MPARAMBO,MPARAMBO,grid_m2.75_29.00,21.61070804166667,15.03958,28.67320000000001,8.91447063544,-1.2343749349318054,0.8852002248696751,12.82825405555559,101537.32603472222,False,False,1.9960780806672505,False,0.5352125490530619,0.3926666666666666,False,773.135
Rusizi,2023,6,3.82,,31.824670000000022,20.50333333333333,0.9,BUJUMBURA (Aeroport),BUJUMBURA (Aeroport),grid_m3.25_29.25,24.384550097222245,15.109340000000032,31.824670000000022,36.41700728592,1.0007446950486112,1.0131177049639306,16.172115333333352,101436.42899305555,True,False,1.5043629271954442,False,0.5437622385383054,3.82,False,773.135
Jiji,2023,6,0.65,,22.160000000000007,9.246666666666668,8.8,MPOTA (Tora),MPOTA (Tora),grid_m4.00_29.75,20.521607930555547,13.568960000000004,26.031900000000007,26.95322030722,-0.61569139758,0.8237500311670833,14.905158347222256,101594.24328472224,False,False,0.7469623692808592,False,0.715072512426945,0.65,False,773.135
Mutimbuzi,2023,6,2.010333333333333,1.6,31.824670000000022,20.50333333333333,0.9,BUJUMBURA (Aeroport),BUJUMBURA (Aeroport),grid_m3.25_29.25,24.384550097222245,15.109340000000032,31.824670000000022,36.41700728592,1.0007446950486112,1.0131177049639306,16.172115333333352,101436.42899305555,True,False,1.5476478434872514,False,0.575200434036348,2.010333333333333,False,773.135
Nyamagana,2023,6,0.2856666666666667,,32.25333333333334,18.94,1.0,MPARAMBO,MPARAMBO,grid_m3.00_29.25,22.72393016666672,15.310500000000047,30.74633,18.10646070626,0.4421943454601389,0.659177549075,15.37800445833335,101470.42497916668,False,False,2.186850324850525,False,0.5174835426340976,0.2856666666666667,False,773.135
Mutimbuzi,2023,7,1.7800000000000002,0.59,32.75283000000002,18.41379310344828,0.0,BUJUMBURA (Aeroport),BUJUMBURA (Aeroport),grid_m3.25_29.25,24.409150416666648,15.46374000000003,32.75283000000002,0.6666183471,0.8866616326841398,1.518125037995027,14.366880215053754,101555.8056451613,True,False,1.5476478434872514,False,0.466382937396996,1.7800000000000002,False,772.9140000000001
Kaburantwa,2023,7,1.748387096774194,0.32,31.33225806451612,16.567741935483877,0.0,MPARAMBO,MPARAMBO,grid_m3.00_29.25,23.21253844086021,14.806939999999996,32.08486000000005,0.25129318154,0.2892048962274193,1.016464623800672,12.763143817204307,101578.785047043,False,False,2.207813552612297,False,0.5277783068203931,1.748387096774194,False,772.9140000000001
Nyakagunda,2023,7,0.3493548387096775,,31.33225806451612,16.567741935483877,0.0,MPARAMBO,MPARAMBO,grid_m2.75_29.00,21.316477258064538,12.991240000000005,30.19424000000004,1.03473663402,-1.4224112110846776,1.079628788520833,10.198606545698963,101639.7243548387,False,False,1.9960780806672505,False,0.406368965288441,0.3493548387096775,False,772.9140000000001
Mulembwe,2023,7,2.043548387096774,0.84,22.90322580645161,7.548387096774195,0.0,MPOTA (Tora),MPOTA (Tora),grid_m4.00_29.50,21.245817500000044,15.69210000000004,27.30947000000004,31.76212312012,0.1794243070615591,0.8786380525793817,17.02084073924732,101643.01546370969,False,False,0.3376177859350189,False,0.4490646855276245,2.043548387096774,False,772.9140000000001
Mpanda,2023,7,0.7386666666666668,0.42,24.60645161290321,9.816129032258065,0.0,RWEGURA,RWEGURA,grid_m3.00_29.50,19.470227567204347,11.032560000000046,27.376059999999995,9.22298431182,-0.6563583067053763,0.7445260942982527,11.394904059139831,101698.90662634408,False,False,0.6181210600568109,False,0.5602495426176055,0.7386666666666668,False,772.9140000000001
Nyamagana,2023,7,0.1906451612903225,,31.33225806451612,16.567741935483877,0.0,MPARAMBO,MPARAMBO,grid_m3.00_29.25,23.21253844086021,14.806939999999996,32.08486000000005,0.25129318154,0.2892048962274193,1.016464623800672,12.763143817204307,101578.785047043,False,False,2.186850324850525,False,0.4096113802349145,0.1906451612903225,False,772.9140000000001
Jiji,2023,7,0.5422580645161289,,22.90322580645161,7.548387096774195,0.0,MPOTA (Tora),MPOTA (Tora),grid_m4.00_29.75,19.82107307795701,12.404700000000048,28.18643000000003,7.768630948059999,-0.903307863550672,0.8908752737056451,11.948971680107547,101738.46594758064,False,False,0.7469623692808592,False,0.641771879722894,0.5422580645161289,False,772.9140000000001
Rusizi,2023,7,3.67,,32.75283000000002,18.41379310344828,0.0,BUJUMBURA (Aeroport),BUJUMBURA (Aeroport),grid_m3.25_29.25,24.409150416666648,15.46374000000003,32.75283000000002,0.6666183471,0.8866616326841398,1.518125037995027,14.366880215053754,101555.8056451613,True,False,1.5043629271954442,False,0.4848622698028365,3.67,False,772.9140000000001
Rusizi,2023,8,3.53,,34.281920000000014,21.044,0.0,BUJUMBURA (Aeroport),BUJUMBURA (Aeroport),grid_m3.25_29.25,25.41939393817205,17.61584000000005,34.281920000000014,1.85585022096,1.4110096563587369,1.373543851554301,14.100514274193529,101367.52854838708,True,False,1.5043629271954442,False,0.428578363287426,3.53,False,
Mulembwe,2023,8,1.914193548387097,0.47,24.02580645161289,9.393548387096772,5.2,MPOTA (Tora),MPOTA (Tora),grid_m4.00_29.50,22.57544665322581,17.134900000000016,27.60418000000004,55.525303247980005,0.2884077461252862,0.6615720350833333,17.69076489247317,101442.29991935485,False,False,0.3376177859350189,False,0.3403422651480585,1.914193548387097,False,
Jiji,2023,8,0.4783870967741936,,24.02580645161289,9.393548387096772,5.2,MPOTA (Tora),MPOTA (Tora),grid_m4.00_29.75,21.78428434139784,14.163350000000037,29.86785000000004,11.674880882,-0.847482763448441,0.970953337103051,12.567116881720438,101537.71217741937,False,False,0.7469623692808592,False,0.5478932979671349,0.4783870967741936,False,
Nyakagunda,2023,8,0.3290322580645162,,31.62258064516128,17.245161290322578,0.0,MPARAMBO,MPARAMBO,grid_m2.75_29.00,22.45157041666669,15.928300000000036,31.30030000000005,1.2736320533199998,-1.2477408177536289,1.1735559274002687,10.487175698924773,101473.00588709676,False,False,1.9960780806672505,False,0.383094343968605,0.3290322580645162,False,
Nyamagana,2023,8,0.177741935483871,,31.62258064516128,17.245161290322578,0.0,MPARAMBO,MPARAMBO,grid_m3.00_29.25,24.35742927419357,17.393200000000036,33.82958000000002,1.20306015106,0.8926728575501345,0.8923899335879033,12.266002836021528,101396.22396505377,False,False,2.186850324850525,False,0.375994131000474,0.177741935483871,False,
Mpanda,2023,8,0.9387096774193548,0.19,22.777419354838703,11.30967741935484,1.5,RWEGURA,RWEGURA,grid_m3.00_29.50,20.99770256720433,13.805470000000014,30.10720000000003,33.45966309766,-0.5110937353941345,0.5216807708526882,11.997925860215105,101513.4872311828,False,False,0.6181210600568109,False,0.4680190796460165,0.9387096774193548,False,
Mutimbuzi,2023,8,1.5506451612903225,0.47,34.281920000000014,21.044,0.0,BUJUMBURA (Aeroport),BUJUMBURA (Aeroport),grid_m3.25_29.25,25.41939393817205,17.61584000000005,34.281920000000014,1.85585022096,1.4110096563587369,1.373543851554301,14.100514274193529,101367.52854838708,True,False,1.5476478434872514,False,0.4152136493132314,1.5506451612903225,False,
Kaburantwa,2023,8,1.7025806451612904,0.16,31.62258064516128,17.245161290322578,0.0,MPARAMBO,MPARAMBO,grid_m3.00_29.25,24.35742927419357,17.393200000000036,33.82958000000002,1.20306015106,0.8926728575501345,0.8923899335879033,12.266002836021528,101396.22396505377,False,False,2.207813552612297,False,0.476648567217711,1.7025806451612904,False,
Mulembwe,2023,9,2.058666666666667,0.59,23.303333333333327,11.326666666666666,173.29999999999998,MPOTA (Tora),MPOTA (Tora),grid_m4.00_29.50,22.772843805555567,18.52822000000004,26.91140000000001,275.94280155584,0.0939408204949305,-0.06297588225,18.91390326388893,101300.98114583331,False,False,0.3376177859350189,False,0.4043619410255454,2.058666666666667,False,772.7115
Mpanda,2023,9,1.321,0.13,21.736666666666668,11.46,198.7,RWEGURA,RWEGURA,grid_m3.00_29.50,19.59500623611109,13.11178000000001,27.75515000000001,423.01702389986,-0.3224260965775,-0.2322426485362499,15.110936055555555,101476.95979166668,False,False,0.6181210600568109,False,0.493614472286911,1.321,False,772.7115
Rusizi,2023,9,3.59,,32.812400000000025,20.716666666666672,55.5,BUJUMBURA (Aeroport),BUJUMBURA (Aeroport),grid_m3.25_29.25,24.63183087500005,16.513760000000048,32.812400000000025,70.5213539705,0.8657642789666667,0.1683351527779166,15.726631430555583,101285.70075694444,True,False,1.5043629271954442,False,0.4821771894460149,3.59,False,772.7115
Jiji,2023,9,0.5120000000000001,,23.303333333333327,11.326666666666666,173.29999999999998,MPOTA (Tora),MPOTA (Tora),grid_m4.00_29.75,21.30315495833338,15.42428000000001,27.97620000000001,113.59119418066,-0.3681780505031944,0.3497709696234722,15.931023333333314,101414.2098125,False,False,0.7469623692808592,False,0.613881884833448,0.5120000000000001,False,772.7115
Mutimbuzi,2023,9,1.4089655172413793,0.81,32.812400000000025,20.716666666666672,55.5,BUJUMBURA (Aeroport),BUJUMBURA (Aeroport),grid_m3.25_29.25,24.63183087500005,16.513760000000048,32.812400000000025,70.5213539705,0.8657642789666667,0.1683351527779166,15.726631430555583,101285.70075694444,True,False,1.5476478434872514,False,0.4470015653867425,1.4089655172413793,False,772.7115
Nyamagana,2023,9,0.2646666666666667,,32.81,19.12666666666667,64.1,MPARAMBO,MPARAMBO,grid_m3.00_29.25,23.528073472222275,16.007900000000006,32.10848000000004,60.50443657606,0.4174597003580555,0.2198149136895833,15.177342277777768,101319.382875,False,False,2.186850324850525,False,0.4417998762885105,0.2646666666666667,False,772.7115
Kaburantwa,2023,9,1.5096666666666665,0.1,32.81,19.12666666666667,64.1,MPARAMBO,MPARAMBO,grid_m3.00_29.25,23.528073472222275,16.007900000000006,32.10848000000004,60.50443657606,0.4174597003580555,0.2198149136895833,15.177342277777768,101319.382875,False,False,2.207813552612297,False,0.5198492185426951,1.5096666666666665,False,772.7115
Nyakagunda,2023,9,0.3473333333333332,,32.81,19.12666666666667,64.1,MPARAMBO,MPARAMBO,grid_m2.75_29.00,22.16317298611113,15.714930000000038,30.452230000000043,37.66918190292,-0.8958595280902778,0.3887317444234569,12.808996347222262,101399.29970833336,False,False,1.9960780806672505,False,0.4666059877912369,0.3473333333333332,False,772.7115
Rusizi,2023,10,3.58,,33.49612000000002,20.996428571428567,69.70000000000002,BUJUMBURA (Aeroport),BUJUMBURA (Aeroport),grid_m3.25_29.25,25.192632594086035,17.396900000000016,33.49612000000002,1.00851058842,1.3216254729637096,0.4135053478627688,14.435079717741983,101169.12201612904,True,False,1.5043629271954442,False,0.441786331231334,3.58,False,772.6755
Mutimbuzi,2023,10,1.230967741935484,13.67,33.49612000000002,20.996428571428567,69.70000000000002,BUJUMBURA (Aeroport),BUJUMBURA (Aeroport),grid_m3.25_29.25,25.192632594086035,17.396900000000016,33.49612000000002,1.00851058842,1.3216254729637096,0.4135053478627688,14.435079717741983,101169.12201612904,True,False,1.5476478434872514,False,0.52255215347343,1.230967741935484,False,772.6755
Mpanda,2023,10,1.4764516129032257,1.81,22.212903225806453,11.319354838709678,165.6,RWEGURA,RWEGURA,grid_m3.00_29.50,19.8387995698925,13.90276,27.522670000000005,225.76093658506,-0.6803118996909947,-0.4207835455533064,14.637378575268826,101369.51600806451,False,False,0.6181210600568109,False,0.452614977177456,1.4764516129032257,False,772.6755
Jiji,2023,10,0.5241935483870968,,23.10645161290321,11.67741935483871,217.5,MPOTA (Tora),MPOTA (Tora),grid_m4.00_29.75,21.358700752688208,15.896000000000017,27.822780000000023,109.2109678158,-0.576008724720699,0.3188785430177419,15.96529071236563,101328.62656586022,False,False,0.7469623692808592,False,0.634254877739824,0.5241935483870968,False,772.6755
Kaburantwa,2023,10,1.8612903225806443,0.14,32.60967741935483,18.700000000000003,118.6,MPARAMBO,MPARAMBO,grid_m3.00_29.25,24.435998844086043,16.66840000000002,32.81057000000004,5.47647473772,0.6068460402994624,0.384841138225672,13.788981572580669,101203.25543010751,False,False,2.207813552612297,False,0.630135583948061,1.8612903225806443,False,772.6755
Nyamagana,2023,10,0.3300000000000001,,32.60967741935483,18.700000000000003,118.6,MPARAMBO,MPARAMBO,grid_m3.00_29.25,24.435998844086043,16.66840000000002,32.81057000000004,5.47647473772,0.6068460402994624,0.384841138225672,13.788981572580669,101203.25543010751,False,False,2.186850324850525,False,0.520121292608939,0.3300000000000001,False,772.6755
Mulembwe,2023,10,2.1129032258064515,6.1,23.10645161290321,11.67741935483871,217.5,MPOTA (Tora),MPOTA (Tora),grid_m4.00_29.50,22.93499887096777,18.68896000000001,27.75137000000001,307.0235262741,0.1412724940221774,0.4018443517946236,18.910051666666675,101215.45737231182,False,False,0.3376177859350189,False,0.304422820428069,2.1129032258064515,False,772.6755
Nyakagunda,2023,10,0.4525806451612904,,32.60967741935483,18.700000000000003,118.6,MPARAMBO,MPARAMBO,grid_m2.75_29.00,22.45465299731188,15.57340000000005,30.568380000000047,12.81642909714,-0.9443171722921372,0.6017456476358871,12.645169798387144,101298.10237231184,False,False,1.9960780806672505,False,0.583464173728411,0.4525806451612904,False,772.6755
Nyakagunda,2023,11,0.5563333333333332,,31.00666666666666,19.05666666666667,111.0,MPARAMBO,MPARAMBO,grid_m2.75_29.00,20.87643761111116,15.410799999999997,28.935140000000047,84.54895034991999,-0.6659841548953195,0.5009794663588889,14.767867513888916,101376.99416666666,False,False,1.9960780806672505,False,0.5851993788878771,0.5563333333333332,False,772.576
Nyamagana,2023,11,0.4213333333333333,,31.00666666666666,19.05666666666667,111.0,MPARAMBO,MPARAMBO,grid_m3.00_29.25,22.437253069444463,16.71365000000003,30.66476,83.63199232720001,0.4119061992783805,0.1622519787145833,16.41918598611113,101302.98201388888,False,False,2.186850324850525,False,0.616715250205593,0.4213333333333333,False,772.576
Mpanda,2023,11,1.600333333333333,10.81,20.256666666666664,10.763333333333335,422.3,RWEGURA,RWEGURA,grid_m3.00_29.50,18.815440472222235,14.20974000000001,26.21640000000002,491.32204091672,-0.4031315057402778,-0.388740858455,16.06970148611117,101456.86360416668,False,False,0.6181210600568109,False,0.6014549706676591,1.600333333333333,False,772.576
Jiji,2023,11,0.9263333333333336,,21.03666666666667,12.486666666666666,379.9000000000001,MPOTA (Tora),MPOTA (Tora),grid_m4.00_29.75,19.70462511111112,15.1678,26.595970000000023,375.8540148119,-0.5381738230497223,0.0962336430573611,17.253167777777833,101429.468125,False,False,0.7469623692808592,False,0.465407097905457,0.9263333333333336,False,772.576
Mutimbuzi,2023,11,1.456333333333333,27.22,31.128720000000044,20.977272727272723,114.0,BUJUMBURA (Aeroport),BUJUMBURA (Aeroport),grid_m3.25_29.25,23.77297066666671,17.287869999999998,31.128720000000044,46.754837124560005,0.8919124409427778,0.0047080360997222,16.606659111111128,101268.20874305555,True,False,1.5476478434872514,False,0.612793329079955,1.456333333333333,False,772.576
Rusizi,2023,11,3.79,,31.128720000000044,20.977272727272723,114.0,BUJUMBURA (Aeroport),BUJUMBURA (Aeroport),grid_m3.25_29.25,23.77297066666671,17.287869999999998,31.128720000000044,46.754837124560005,0.8919124409427778,0.0047080360997222,16.606659111111128,101268.20874305555,True,False,1.5043629271954442,False,0.57276760596365,3.79,False,772.576
Mulembwe,2023,11,2.6830000000000003,15.9,21.03666666666667,12.486666666666666,379.9000000000001,MPOTA (Tora),MPOTA (Tora),grid_m4.00_29.50,21.57444063888892,17.8553,25.90110000000004,883.02993804028,0.0376426913874375,0.5015884615296389,19.22312745833335,101306.80579861112,False,False,0.3376177859350189,False,0.3201041892671835,2.6830000000000003,False,772.576
Kaburantwa,2023,11,1.902,0.54,31.00666666666666,19.05666666666667,111.0,MPARAMBO,MPARAMBO,grid_m3.00_29.25,22.437253069444463,16.71365000000003,30.66476,83.63199232720001,0.4119061992783805,0.1622519787145833,16.41918598611113,101302.98201388888,False,False,2.207813552612297,False,0.6741462447756565,1.902,False,772.576
Nyakagunda,2023,12,0.5200000000000001,,32.07096774193548,19.71935483870968,91.1,MPARAMBO,MPARAMBO,grid_m2.75_29.00,21.4368990188172,15.82543000000004,29.267,81.87770822732,-0.5281565971163441,0.1997878988346505,14.938852311827986,101393.37701612904,False,False,1.9960780806672505,False,0.68944911293689,0.5200000000000001,False,772.7906666666667
Nyamagana,2023,12,0.3893548387096774,,32.07096774193548,19.71935483870968,91.1,MPARAMBO,MPARAMBO,grid_m3.00_29.25,22.90887762096776,16.09567000000004,30.07357000000001,94.7999953694,0.2680450477997446,0.2380720369451613,17.105334879032284,101317.2453158602,False,False,2.186850324850525,False,0.6673199656828706,0.3893548387096774,False,772.7906666666667
Rusizi,2023,12,3.98,,30.95196000000004,21.688461538461542,30.9,BUJUMBURA (Aeroport),BUJUMBURA (Aeroport),grid_m3.25_29.25,24.1698271774194,17.54952000000003,30.95196000000004,97.83268010824,0.3060364787022849,0.1755431606776882,17.998343763440857,101288.5714045699,True,False,1.5043629271954442,False,0.6128394614099151,3.98,False,772.7906666666667
Jiji,2023,12,1.1229032258064515,,22.293548387096777,12.39032258064516,236.1,MPOTA (Tora),MPOTA (Tora),grid_m4.00_29.75,20.147686787634427,15.417930000000013,26.07986,305.35793250688,-0.1512336616525,0.399722006831586,17.538965537634454,101464.73019489249,False,False,0.7469623692808592,False,0.5242357555053665,1.1229032258064515,False,772.7906666666667
Mulembwe,2023,12,2.7316129032258067,22.0,22.293548387096777,12.39032258064516,236.1,MPOTA (Tora),MPOTA (Tora),grid_m4.00_29.50,22.03897831989252,18.4178,25.893880000000024,626.80578233094,0.0572046780298387,0.7290913368842741,19.356455967741965,101342.19355510751,False,False,0.3376177859350189,False,0.3360404897484029,2.7316129032258067,False,772.7906666666667
Kaburantwa,2023,12,1.9296774193548385,2.26,32.07096774193548,19.71935483870968,91.1,MPARAMBO,MPARAMBO,grid_m3.00_29.25,22.90887762096776,16.09567000000004,30.07357000000001,94.7999953694,0.2680450477997446,0.2380720369451613,17.105334879032284,101317.2453158602,False,False,2.207813552612297,False,0.716804849455803,1.9296774193548385,False,772.7906666666667
Mutimbuzi,2023,12,1.609354838709678,25.92,30.95196000000004,21.688461538461542,30.9,BUJUMBURA (Aeroport),BUJUMBURA (Aeroport),grid_m3.25_29.25,24.1698271774194,17.54952000000003,30.95196000000004,97.83268010824,0.3060364787022849,0.1755431606776882,17.998343763440857,101288.5714045699,True,False,1.5476478434872514,False,0.6648337932982045,1.609354838709678,False,772.7906666666667
Mpanda,2023,12,1.801935483870968,14.31,21.796774193548384,11.419354838709674,395.5,RWEGURA,RWEGURA,grid_m3.00_29.50,19.35885517473121,13.98240000000004,26.752740000000017,408.17880625754,-0.1920878392159274,-0.3454214322418817,16.253932634408613,101474.11324596772,False,False,0.6181210600568109,False,0.6832255160977785,1.801935483870968,False,772.7906666666667
Nyamagana,2024,1,0.5387096774193548,,30.916129032258063,19.60967741935484,91.59999999999998,MPARAMBO,MPARAMBO,grid_m3.00_29.25,22.097972540322644,16.425400000000025,28.62423000000001,267.92812379278,0.083616461479301,-0.0421084342711021,17.481309032258082,101472.99961693549,False,False,2.186850324850525,False,,0.5387096774193548,False,773.106
Mulembwe,2024,1,2.6841935483870967,,21.57741935483871,13.206451612903225,308.2,MPOTA (Tora),MPOTA (Tora),grid_m4.00_29.50,21.98371208333333,18.734550000000013,25.89816000000002,707.98730821978,0.2629023120563575,0.0225232034479166,19.08945508064517,101459.21047715054,False,False,0.3376177859350189,False,,2.6841935483870967,False,773.106
Kaburantwa,2024,1,2.01258064516129,,30.916129032258063,19.60967741935484,91.59999999999998,MPARAMBO,MPARAMBO,grid_m3.00_29.25,22.097972540322644,16.425400000000025,28.62423000000001,267.92812379278,0.083616461479301,-0.0421084342711021,17.481309032258082,101472.99961693549,False,False,2.207813552612297,False,,2.01258064516129,False,773.106
Mpanda,2024,1,1.615,,21.135483870967736,11.670967741935485,218.8,RWEGURA,RWEGURA,grid_m3.00_29.50,18.85862766129032,13.87050000000005,26.866360000000043,575.35171623652,0.3178917054879032,-0.1441775918913978,16.151966061827977,101617.22858870968,False,False,0.6181210600568109,False,,1.615,False,773.106
Nyakagunda,2024,1,0.676774193548387,,30.916129032258063,19.60967741935484,91.59999999999998,MPARAMBO,MPARAMBO,grid_m2.75_29.00,20.51393834677424,14.872520000000009,26.89596,187.21437464172,-0.0055198054880779,-0.1526148807445699,16.204364422043056,101545.52145833334,False,False,1.9960780806672505,False,,0.676774193548387,False,773.106
Jiji,2024,1,1.314516129032258,,21.57741935483871,13.206451612903225,308.2,MPOTA (Tora),MPOTA (Tora),grid_m4.00_29.75,19.94427879032264,15.64276000000001,25.62026000000003,495.07570243752,0.186842006087172,0.2464802237567204,17.589030120967777,101581.59165994622,False,False,0.7469623692808592,False,,1.314516129032258,False,773.106
Mutimbuzi,2024,1,1.8641935483870968,,30.518700000000024,21.204,210.90000000000003,BUJUMBURA (Aeroport),BUJUMBURA (Aeroport),grid_m3.25_29.25,23.01452595430112,17.528920000000028,30.518700000000024,442.78526242228,-0.5280844359288979,-0.3710354227373656,18.40621893817206,101450.005625,True,False,1.5476478434872514,False,,1.8641935483870968,False,773.106
Rusizi,2024,1,4.15,,30.518700000000024,21.204,210.90000000000003,BUJUMBURA (Aeroport),BUJUMBURA (Aeroport),grid_m3.25_29.25,23.01452595430112,17.528920000000028,30.518700000000024,442.78526242228,-0.5280844359288979,-0.3710354227373656,18.40621893817206,101450.005625,True,False,1.5043629271954442,False,,4.15,False,773.106
Mulembwe,2024,2,2.643793103448276,,23.55172413793104,12.593103448275862,225.2,MPOTA (Tora),MPOTA (Tora),grid_m4.00_29.50,22.93964114942532,18.96438000000001,27.565330000000017,511.53230608488,0.0325798318132183,0.535400609670977,19.74835603448281,101382.55637212643,False,False,0.3376177859350189,False,,2.643793103448276,False,
Nyamagana,2024,2,0.4655172413793103,,32.703448275862065,19.5,68.60000000000001,MPARAMBO,MPARAMBO,grid_m3.00_29.25,24.03629844827589,16.999930000000006,32.03280000000001,16.0536767199,0.3964714339353448,0.1341526861149425,16.362479468390802,101359.55655172412,False,False,2.186850324850525,False,,0.4655172413793103,False,
Mpanda,2024,2,1.5627586206896549,,22.648275862068967,11.717241379310348,312.6,RWEGURA,RWEGURA,grid_m3.00_29.50,20.382890890804617,14.558860000000038,27.797450000000023,264.90879049398,-0.1624773027074712,-0.4742794256538793,15.825266063218407,101519.8634841954,False,False,0.6181210600568109,False,,1.5627586206896549,False,
Mutimbuzi,2024,2,,,32.64376000000004,21.383333333333336,65.5,BUJUMBURA (Aeroport),BUJUMBURA (Aeroport),grid_m3.25_29.25,25.03623663793104,18.87368000000004,32.64376000000004,39.57986814896,0.343864740754454,-0.0153694150170114,17.53215423850577,101328.41305316093,True,False,1.5476478434872514,False,,,False,
Rusizi,2024,2,4.18,,32.64376000000004,21.383333333333336,65.5,BUJUMBURA (Aeroport),BUJUMBURA (Aeroport),grid_m3.25_29.25,25.03623663793104,18.87368000000004,32.64376000000004,39.57986814896,0.343864740754454,-0.0153694150170114,17.53215423850577,101328.41305316093,True,False,1.5043629271954442,False,,4.18,False,
Kaburantwa,2024,2,1.929310344827586,,32.703448275862065,19.5,68.60000000000001,MPARAMBO,MPARAMBO,grid_m3.00_29.25,24.03629844827589,16.999930000000006,32.03280000000001,16.0536767199,0.3964714339353448,0.1341526861149425,16.362479468390802,101359.55655172412,False,False,2.207813552612297,False,,1.929310344827586,False,
Jiji,2024,2,1.1127586206896554,,23.55172413793104,12.593103448275862,225.2,MPOTA (Tora),MPOTA (Tora),grid_m4.00_29.75,21.09690153735636,15.735860000000002,27.02280000000001,261.2366676294,-0.1380786736318965,0.3165650207272988,17.64880329022992,101510.00285201149,False,False,0.7469623692808592,False,,1.1127586206896554,False,
Nyakagunda,2024,2,0.6672413793103448,,32.703448275862065,19.5,68.60000000000001,MPARAMBO,MPARAMBO,grid_m2.75_29.00,22.083063606321844,14.001120000000014,30.25800000000004,52.195549138180006,-0.4667368549034483,-0.002281232934339,15.06976931034484,101450.76255028736,False,False,1.9960780806672505,False,,0.6672413793103448,False,
Mutimbuzi,2024,3,,,33.20350000000002,21.02105263157895,90.8,BUJUMBURA (Aeroport),BUJUMBURA (Aeroport),grid_m3.25_29.25,25.46189469086028,18.491240000000005,33.20350000000002,118.60322842128,0.6948342041939517,0.2745037900337366,17.385539354838727,101260.78054435484,True,False,1.5476478434872514,False,,,False,773.527
Jiji,2024,3,0.9438709677419356,,23.325806451612905,12.61935483870968,196.5,MPOTA (Tora),MPOTA (Tora),grid_m4.00_29.75,21.12350802419354,16.740139999999997,27.46610000000004,272.52769488472,-0.5778406843489248,0.3038085399960215,17.885003938172076,101467.10198924733,False,False,0.7469623692808592,False,,0.9438709677419356,False,773.527
Mulembwe,2024,3,2.5625806451612902,,23.325806451612905,12.61935483870968,196.5,MPOTA (Tora),MPOTA (Tora),grid_m4.00_29.50,22.95822192204304,18.760580000000004,27.71353000000005,682.7178003198801,-0.0369077529920698,0.6667577062958333,19.9591727150538,101335.18096102151,False,False,0.3376177859350189,False,,2.5625806451612902,False,773.527
Nyamagana,2024,3,0.5783870967741935,,32.70967741935484,19.0,160.9,MPARAMBO,MPARAMBO,grid_m3.00_29.25,24.57505770161293,17.61694,32.77210000000002,72.09444049236,0.18196431733625,0.4490800879202957,16.44508383064516,101294.71081989248,False,False,2.186850324850525,False,,0.5783870967741935,False,773.527
Mpanda,2024,3,1.6435483870967742,,21.92258064516129,11.967741935483868,213.3,RWEGURA,RWEGURA,grid_m3.00_29.50,20.33901334677421,14.638760000000048,27.476920000000007,296.84639054876,-0.5891840352645834,-0.2623036902522849,16.33414655913981,101467.35429435484,False,False,0.6181210600568109,False,,1.6435483870967742,False,773.527
Rusizi,2024,3,4.16,,33.20350000000002,21.02105263157895,90.8,BUJUMBURA (Aeroport),BUJUMBURA (Aeroport),grid_m3.25_29.25,25.46189469086028,18.491240000000005,33.20350000000002,118.60322842128,0.6948342041939517,0.2745037900337366,17.385539354838727,101260.78054435484,True,False,1.5043629271954442,False,,4.16,False,773.527
Kaburantwa,2024,3,1.877096774193548,,32.70967741935484,19.0,160.9,MPARAMBO,MPARAMBO,grid_m3.00_29.25,24.57505770161293,17.61694,32.77210000000002,72.09444049236,0.18196431733625,0.4490800879202957,16.44508383064516,101294.71081989248,False,False,2.207813552612297,False,,1.877096774193548,False,773.527
Nyakagunda,2024,3,0.5858064516129032,,32.70967741935484,19.0,160.9,MPARAMBO,MPARAMBO,grid_m2.75_29.00,22.90203333333335,16.284140000000036,31.606070000000045,64.43405132944,-1.0462901049478497,0.4824420358270161,13.984072809139832,101371.5784341398,False,False,1.9960780806672505,False,,0.5858064516129032,False,773.527
Mutimbuzi,2024,4,,,30.86490000000004,21.17666666666667,151.79999999999998,BUJUMBURA (Aeroport),BUJUMBURA (Aeroport),grid_m3.25_29.25,24.49854206944445,18.52870000000001,30.86490000000004,258.79573846214,0.2602264562323611,0.3523750303526806,18.850848708333388,101287.14310416668,True,False,1.5476478434872514,False,,,False,773.5815
Jiji,2024,4,1.2796666666666667,,22.27,13.336666666666668,377.3,MPOTA (Tora),MPOTA (Tora),grid_m4.00_29.75,20.405185944444497,15.97634000000005,26.1028,306.15282007434,-0.6913658833420834,0.4492758003733333,17.928800041666705,101482.19640972224,False,False,0.7469623692808592,False,,1.2796666666666667,False,773.5815
Rusizi,2024,4,4.37,,30.86490000000004,21.17666666666667,151.79999999999998,BUJUMBURA (Aeroport),BUJUMBURA (Aeroport),grid_m3.25_29.25,24.49854206944445,18.52870000000001,30.86490000000004,258.79573846214,0.2602264562323611,0.3523750303526806,18.850848708333388,101287.14310416668,True,False,1.5043629271954442,False,,4.37,False,773.5815
Nyamagana,2024,4,0.7043333333333331,,31.83333333333333,18.8,110.1,MPARAMBO,MPARAMBO,grid_m3.00_29.25,23.036256847222266,17.077660000000037,29.38394,149.64962010329998,-0.0737497808245833,0.3348565838961111,18.088994416666708,101325.474,False,False,2.186850324850525,False,,0.7043333333333331,False,773.5815
Mpanda,2024,4,1.7229999999999996,,21.4,11.640000000000002,388.9000000000001,RWEGURA,RWEGURA,grid_m3.00_29.50,19.65230484722224,15.032740000000048,26.047020000000032,428.75719065008,-0.5602040451702778,-0.0499578687915277,16.78528029166671,101483.76621527778,False,False,0.6181210600568109,False,,1.7229999999999996,False,773.5815
Mulembwe,2024,4,2.8706666666666663,,22.27,13.336666666666668,377.3,MPOTA (Tora),MPOTA (Tora),grid_m4.00_29.50,22.36588706944445,18.640900000000045,26.72390000000001,695.603849413,-0.0531972088359722,0.7636068557568055,19.88554937500004,101342.39744444445,False,False,0.3376177859350189,False,,2.8706666666666663,False,773.5815
Nyakagunda,2024,4,0.662,,31.83333333333333,18.8,110.1,MPARAMBO,MPARAMBO,grid_m2.75_29.00,21.210800805555607,15.562280000000044,28.92690000000005,132.17020009264,-0.8936933570162082,0.4761109237993055,16.184732750000023,101399.7769652778,False,False,1.9960780806672505,False,,0.662,False,773.5815
Kaburantwa,2024,4,1.917333333333333,,31.83333333333333,18.8,110.1,MPARAMBO,MPARAMBO,grid_m3.00_29.25,23.036256847222266,17.077660000000037,29.38394,149.64962010329998,-0.0737497808245833,0.3348565838961111,18.088994416666708,101325.474,False,False,2.207813552612297,False,,1.917333333333333,False,773.5815
Mutimbuzi,2024,5,,,31.19036,21.69032258064517,19.6,BUJUMBURA (Aeroport),BUJUMBURA (Aeroport),grid_m3.25_29.25,25.2967231182796,19.15524000000005,31.19036,138.47780169082,0.7386254557298387,0.7503957506446236,19.02415719086025,101365.05948924732,True,False,1.5476478434872514,False,,,False,773.6120000000001
Nyakagunda,2024,5,0.6903225806451615,,33.45806451612903,19.461290322580645,40.7,MPARAMBO,MPARAMBO,grid_m2.75_29.00,22.17730137096777,15.96682000000004,29.04284000000001,55.13334248488,-1.039991502685753,0.6328696033637097,15.752659932795725,101483.10668682796,False,False,1.9960780806672505,False,,0.6903225806451615,False,773.6120000000001
Rusizi,2024,5,4.45,,31.19036,21.69032258064517,19.6,BUJUMBURA (Aeroport),BUJUMBURA (Aeroport),grid_m3.25_29.25,25.2967231182796,19.15524000000005,31.19036,138.47780169082,0.7386254557298387,0.7503957506446236,19.02415719086025,101365.05948924732,True,False,1.5043629271954442,False,,4.45,False,773.6120000000001
Jiji,2024,5,0.9180645161290324,,23.25806451612903,11.896774193548383,104.5,MPOTA (Tora),MPOTA (Tora),grid_m4.00_29.75,21.25671802419356,15.466030000000046,26.649200000000008,68.6197280689,-0.7586837478686829,0.6644897518073924,17.195635806451662,101549.80879704302,False,False,0.7469623692808592,False,,0.9180645161290324,False,773.6120000000001
Mpanda,2024,5,1.413225806451613,,22.325806451612905,11.983870967741936,57.2,RWEGURA,RWEGURA,grid_m3.00_29.50,20.600297043010755,14.34023000000002,26.949600000000032,138.3643154162,-0.4381861746582661,0.1893907833753763,16.11294060483874,101543.58250672044,False,False,0.6181210600568109,False,,1.413225806451613,False,773.6120000000001
Kaburantwa,2024,5,1.799677419354838,,33.45806451612903,19.461290322580645,40.7,MPARAMBO,MPARAMBO,grid_m3.00_29.25,23.878741438172085,17.684780000000046,30.23824000000002,107.45525379422,0.3341671320571237,0.5973182656505377,17.942640497311857,101404.19472446236,False,False,2.207813552612297,False,,1.799677419354838,False,773.6120000000001
Mulembwe,2024,5,,,23.25806451612903,11.896774193548383,104.5,MPOTA (Tora),MPOTA (Tora),grid_m4.00_29.50,23.04010258064517,18.252340000000004,27.35910000000001,214.54238887782,0.0692036740282258,0.6306775880181855,20.201629018817243,101428.93210349462,False,False,0.3376177859350189,False,,,False,773.6120000000001
Nyamagana,2024,5,0.427741935483871,,33.45806451612903,19.461290322580645,40.7,MPARAMBO,MPARAMBO,grid_m3.00_29.25,23.878741438172085,17.684780000000046,30.23824000000002,107.45525379422,0.3341671320571237,0.5973182656505377,17.942640497311857,101404.19472446236,False,False,2.186850324850525,False,,0.427741935483871,False,773.6120000000001
Rusizi,2024,6,4.39,,31.10830000000004,19.813333333333336,0.0,BUJUMBURA (Aeroport),BUJUMBURA (Aeroport),grid_m3.25_29.25,23.94332686111113,16.578760000000045,31.10830000000004,12.66717910514,1.0556934481116669,1.10709476383125,16.49802993055556,101481.79818055556,True,False,1.5043629271954442,False,,4.39,False,773.563
Kaburantwa,2024,6,1.632,,32.53333333333333,18.003333333333334,13.0,MPARAMBO,MPARAMBO,grid_m3.00_29.25,22.863701916666685,14.941640000000008,30.49697000000004,4.01353835622,0.3826736985043055,0.7774425285926388,14.614593652777785,101511.32316666668,False,False,2.207813552612297,False,,1.632,False,773.563
Mutimbuzi,2024,6,,,31.10830000000004,19.813333333333336,0.0,BUJUMBURA (Aeroport),BUJUMBURA (Aeroport),grid_m3.25_29.25,23.94332686111113,16.578760000000045,31.10830000000004,12.66717910514,1.0556934481116669,1.10709476383125,16.49802993055556,101481.79818055556,True,False,1.5476478434872514,False,,,False,773.563
Mpanda,2024,6,1.0586666666666666,,22.23333333333333,10.48333333333333,8.6,RWEGURA,RWEGURA,grid_m3.00_29.50,19.453469541666664,10.703760000000043,27.43057000000005,42.38033300686,-0.5551897988709722,0.4630368757945833,13.197185750000015,101634.35318055555,False,False,0.6181210600568109,False,,1.0586666666666666,False,773.563
Mulembwe,2024,6,2.489,,22.35333333333333,8.753333333333334,1.5,MPOTA (Tora),MPOTA (Tora),grid_m4.00_29.50,22.04372862500003,16.48580000000004,27.310270000000003,58.46548066276,0.1929370993884722,0.8573755258509445,18.28228280555556,101548.26900694444,False,False,0.3376177859350189,False,,2.489,False,773.563
Jiji,2024,6,0.6683333333333334,,22.35333333333333,8.753333333333334,1.5,MPOTA (Tora),MPOTA (Tora),grid_m4.00_29.75,20.422949208333364,12.665500000000009,26.70920000000001,14.48440550216,-0.8886316388194444,0.855364079886,13.960223250000013,101655.48028472225,False,False,0.7469623692808592,False,,0.6683333333333334,False,773.563
Nyakagunda,2024,6,0.5016666666666668,,32.53333333333333,18.003333333333334,13.0,MPARAMBO,MPARAMBO,grid_m2.75_29.00,21.553345069444447,13.402919999999996,29.7081,4.690170296640001,-1.2734745748083334,0.9264496907631944,11.686514388888952,101575.37875,False,False,1.9960780806672505,False,,0.5016666666666668,False,773.563
Nyamagana,2024,6,0.2663333333333334,,32.53333333333333,18.003333333333334,13.0,MPARAMBO,MPARAMBO,grid_m3.00_29.25,22.863701916666685,14.941640000000008,30.49697000000004,4.01353835622,0.3826736985043055,0.7774425285926388,14.614593652777785,101511.32316666668,False,False,2.186850324850525,False,,0.2663333333333334,False,773.563
Mpanda,2024,7,0.9783870967741932,,22.667741935483868,10.832258064516123,0.0,RWEGURA,RWEGURA,grid_m3.00_29.50,19.76378153225812,12.052999999999995,26.949520000000007,37.17947016094,0.2777341414706989,0.5342390186783602,12.691276491935524,101584.62665322582,False,False,0.6181210600568109,False,,0.9783870967741932,False,773.508
Mulembwe,2024,7,2.085806451612903,,23.68387096774193,7.8129032258064495,1.3,MPOTA (Tora),MPOTA (Tora),grid_m4.00_29.50,22.11951840053763,16.03573,26.23684000000003,12.93754574856,0.2895408341898656,0.7005788547791667,16.791513279569926,101485.62949596776,False,False,0.3376177859350189,False,,2.085806451612903,False,773.508
Mutimbuzi,2024,7,,,30.412903225806453,19.277419354838703,0.0,BUJUMBURA (Aeroport),BUJUMBURA (Aeroport),grid_m3.25_29.25,24.66330872311829,16.025450000000035,30.67114000000004,1.46389008018,0.3030735745747311,1.0821601499883065,15.157813682795734,101423.29881048387,False,False,1.5476478434872514,False,,,False,773.508
Nyakagunda,2024,7,0.4583870967741933,,32.7,16.400000000000002,30.5,MPARAMBO,MPARAMBO,grid_m2.75_29.00,21.96637139784952,15.073270000000036,29.55233000000004,5.58328624416,-0.8108022746470162,0.6495206480028629,10.040733588709712,101523.67766801076,False,False,1.9960780806672505,False,,0.4583870967741933,False,773.508
Kaburantwa,2024,7,1.539677419354839,,32.7,16.400000000000002,30.5,MPARAMBO,MPARAMBO,grid_m3.00_29.25,23.329741532258083,15.019800000000032,30.491480000000024,3.46708302474,0.2076382177473656,0.5892677917708333,13.292277432795744,101454.44988575268,False,False,2.207813552612297,False,,1.539677419354839,False,773.508
Jiji,2024,7,0.5738709677419357,,23.68387096774193,7.8129032258064495,1.3,MPOTA (Tora),MPOTA (Tora),grid_m4.00_29.75,20.409512432795736,12.775959999999998,26.719629999999995,5.338668817079999,0.1094844993796505,1.1104227094930108,12.753934301075333,101581.7859139785,False,False,0.7469623692808592,False,,0.5738709677419357,False,773.508
Rusizi,2024,7,4.23,,30.412903225806453,19.277419354838703,0.0,BUJUMBURA (Aeroport),BUJUMBURA (Aeroport),grid_m3.25_29.25,24.66330872311829,16.025450000000035,30.67114000000004,1.46389008018,0.3030735745747311,1.0821601499883065,15.157813682795734,101423.29881048387,False,False,1.5043629271954442,False,,4.23,False,773.508
Nyamagana,2024,7,0.2103225806451613,,32.7,16.400000000000002,30.5,MPARAMBO,MPARAMBO,grid_m3.00_29.25,23.329741532258083,15.019800000000032,30.491480000000024,3.46708302474,0.2076382177473656,0.5892677917708333,13.292277432795744,101454.44988575268,False,False,2.186850324850525,False,,0.2103225806451613,False,773.508
Nyamagana,2024,8,0.2470967741935483,,33.68709677419356,16.229032258064517,0.0,MPARAMBO,MPARAMBO,grid_m3.00_29.25,23.264244475806493,15.243520000000046,30.836330000000032,0.5807876509,0.4337084799999368,0.8220708080470429,12.837880430107532,101402.28235215052,False,False,2.186850324850525,False,,0.2470967741935483,False,773.5826666666667
Kaburantwa,2024,8,1.5167741935483867,,33.68709677419356,16.229032258064517,0.0,MPARAMBO,MPARAMBO,grid_m3.00_29.25,23.264244475806493,15.243520000000046,30.836330000000032,0.5807876509,0.4337084799999368,0.8220708080470429,12.837880430107532,101402.28235215052,False,False,2.207813552612297,False,,1.5167741935483867,False,773.5826666666667
Mpanda,2024,8,0.7574193548387096,,23.29032258064516,10.67741935483871,6.6,RWEGURA,RWEGURA,grid_m3.00_29.50,19.87015736559141,11.497460000000046,27.23320000000001,43.9352990163,-0.0770192700435483,0.6592565764731182,12.456986599462368,101530.21947580646,False,False,0.6181210600568109,False,,0.7574193548387096,False,773.5826666666667
Jiji,2024,8,0.52,,24.37741935483871,8.874193548387096,1.3,MPOTA (Tora),MPOTA (Tora),grid_m4.00_29.75,20.7369640994624,12.538049999999998,27.66586000000001,18.49412923228,-0.4195603795346774,1.1197202337326344,12.785639086021549,101538.8945967742,False,False,0.7469623692808592,False,,0.52,False,773.5826666666667
Mulembwe,2024,8,2.111935483870968,,24.37741935483871,8.874193548387096,1.3,MPOTA (Tora),MPOTA (Tora),grid_m4.00_29.50,22.17367373655918,16.079499999999996,27.354100000000017,51.5398980681,0.2861189087068548,0.725185046912621,16.86045404569893,101440.14706989248,False,False,0.3376177859350189,False,,2.111935483870968,False,773.5826666666667
Rusizi,2024,8,4.23,,30.390322580645165,19.61290322580645,0.0,BUJUMBURA (Aeroport),BUJUMBURA (Aeroport),grid_m3.25_29.25,24.44455690860218,16.229820000000018,31.71523000000002,0.28371811316,0.8624220416061827,1.3538327167959678,14.495067311827995,101371.08643145162,False,False,1.5043629271954442,False,,4.23,False,773.5826666666667
Mutimbuzi,2024,8,2.291290322580646,,30.390322580645165,19.61290322580645,0.0,BUJUMBURA (Aeroport),BUJUMBURA (Aeroport),grid_m3.25_29.25,24.44455690860218,16.229820000000018,31.71523000000002,0.28371811316,0.8624220416061827,1.3538327167959678,14.495067311827995,101371.08643145162,False,False,1.5476478434872514,False,,2.291290322580646,False,773.5826666666667
Nyakagunda,2024,8,0.4130000000000001,,33.68709677419356,16.229032258064517,0.0,MPARAMBO,MPARAMBO,grid_m2.75_29.00,21.763937311827988,12.932200000000025,29.084000000000003,3.81278992424,-1.02773174047621,0.9402584965883064,9.949783266129032,101477.55264112903,False,False,1.9960780806672505,False,,0.4130000000000001,False,773.5826666666667
Mpanda,2024,9,0.924,,24.129999999999995,11.286666666666664,144.89999999999998,RWEGURA,RWEGURA,grid_m3.00_29.50,20.84620686111117,13.866970000000038,29.278740000000028,134.41705685404,-0.3272794508995833,0.2624910709637499,12.852805972222257,101415.2521875,False,False,0.6181210600568109,False,,0.924,False,773.486
Jiji,2024,9,0.4893333333333335,,24.68,10.353333333333332,40.7,MPOTA (Tora),MPOTA (Tora),grid_m4.00_29.75,22.502882611111147,16.39626000000004,28.949700000000007,27.39191048608,-0.57208061308625,0.9367491570304166,13.223473833333344,101396.07475,False,False,0.7469623692808592,False,,0.4893333333333335,False,773.486
Mulembwe,2024,9,2.106666666666667,,24.68,10.353333333333332,40.7,MPOTA (Tora),MPOTA (Tora),grid_m4.00_29.50,23.309707972222213,18.406030000000044,27.62838000000005,82.59391806261999,0.3442252687555278,0.3841911050498611,17.865138055555576,101298.17875,False,False,0.3376177859350189,False,,2.106666666666667,False,773.486
Nyakagunda,2024,9,0.422,,34.56333333333334,17.03333333333334,7.5,MPARAMBO,MPARAMBO,grid_m2.75_29.00,22.755810069444465,15.040800000000049,30.626400000000046,10.06126407354,-0.9231806021861112,0.9699617751005556,10.373750902777829,101366.71225694443,False,False,1.9960780806672505,False,,0.422,False,773.486
Rusizi,2024,9,4.17,,31.350000000000005,20.69333333333333,6.4,BUJUMBURA (Aeroport),BUJUMBURA (Aeroport),grid_m3.25_29.25,25.40228329166672,16.142970000000048,33.12432000000001,1.42908098866,1.31936768300375,1.020098766635639,13.502173791666678,101244.3688472222,False,False,1.5043629271954442,False,,4.17,False,773.486
Mutimbuzi,2024,9,2.0960000000000005,,31.350000000000005,20.69333333333333,6.4,BUJUMBURA (Aeroport),BUJUMBURA (Aeroport),grid_m3.25_29.25,25.40228329166672,16.142970000000048,33.12432000000001,1.42908098866,1.31936768300375,1.020098766635639,13.502173791666678,101244.3688472222,False,False,1.5476478434872514,False,,2.0960000000000005,False,773.486
Kaburantwa,2024,9,1.4616666666666664,,34.56333333333334,17.03333333333334,7.5,MPARAMBO,MPARAMBO,grid_m3.00_29.25,24.568999097222218,16.20876000000004,32.9975,8.16106796096,0.8353344821795833,0.6604023150958334,11.740764138888949,101276.83483333333,False,False,2.207813552612297,False,,1.4616666666666664,False,773.486
Nyamagana,2024,9,0.2556666666666667,,34.56333333333334,17.03333333333334,7.5,MPARAMBO,MPARAMBO,grid_m3.00_29.25,24.568999097222218,16.20876000000004,32.9975,8.16106796096,0.8353344821795833,0.6604023150958334,11.740764138888949,101276.83483333333,False,False,2.186850324850525,False,,0.2556666666666667,False,773.486
Nyakagunda,2024,10,0.4687096774193549,,32.564516129032256,19.19666666666667,52.39999999999999,MPARAMBO,MPARAMBO,grid_m2.75_29.00,22.05887978494627,15.157070000000031,31.20974000000001,51.35345451902,-0.7983653984211022,0.5213941761270753,12.863981142473165,101411.6310282258,False,False,1.9960780806672505,False,,0.4687096774193549,False,773.297
Mulembwe,2024,10,2.3374193548387097,,22.651612903225804,11.777419354838708,243.7,MPOTA (Tora),MPOTA (Tora),grid_m4.00_29.50,22.540264327957004,18.48025000000001,27.616420000000005,406.05259002692,0.2204308049030914,0.2987969905141666,18.762571088709706,101334.54450268816,False,False,0.3376177859350189,False,,2.3374193548387097,False,773.297
Mpanda,2024,10,0.7777419354838709,,23.483870967741936,11.06451612903226,141.10000000000002,RWEGURA,RWEGURA,grid_m3.00_29.50,19.72223053763446,13.581020000000024,27.33578,393.64719397746,-0.3552751031158602,-0.2741406753495968,14.889553239247334,101481.15721774191,False,False,0.6181210600568109,False,,0.7777419354838709,False,773.297
Rusizi,2024,10,4.19,,30.69677419354839,20.9,59.3,BUJUMBURA (Aeroport),BUJUMBURA (Aeroport),grid_m3.25_29.25,24.749650376344107,17.949900000000014,33.241420000000005,48.61736304632,0.9082865137528224,0.2304586181518817,15.626114677419366,101301.54665994624,False,False,1.5043629271954442,False,,4.19,False,773.297
Jiji,2024,10,,,22.651612903225804,11.777419354838708,243.7,MPOTA (Tora),MPOTA (Tora),grid_m4.00_29.75,20.91249459677425,16.248860000000036,27.605680000000007,177.41584734324002,-0.4270012551807796,0.4657589904095699,16.06572822580648,101446.87578629031,False,False,0.7469623692808592,False,,,False,773.297
Nyamagana,2024,10,0.2580645161290322,,32.564516129032256,19.19666666666667,52.39999999999999,MPARAMBO,MPARAMBO,grid_m3.00_29.25,23.350060712365632,17.03158000000002,32.02114,62.55722037002,0.4435320208198655,0.2576855481920161,15.472629005376348,101335.01761424732,False,False,2.186850324850525,False,,0.2580645161290322,False,773.297
Kaburantwa,2024,10,1.5732258064516127,,32.564516129032256,19.19666666666667,52.39999999999999,MPARAMBO,MPARAMBO,grid_m3.00_29.25,23.350060712365632,17.03158000000002,32.02114,62.55722037002,0.4435320208198655,0.2576855481920161,15.472629005376348,101335.01761424732,False,False,2.207813552612297,False,,1.5732258064516127,False,773.297
Mutimbuzi,2024,10,2.0580645161290323,,30.69677419354839,20.9,59.3,BUJUMBURA (Aeroport),BUJUMBURA (Aeroport),grid_m3.25_29.25,24.749650376344107,17.949900000000014,33.241420000000005,48.61736304632,0.9082865137528224,0.2304586181518817,15.626114677419366,101301.54665994624,False,False,1.5476478434872514,False,,2.0580645161290323,False,773.297
Nyakagunda,2024,11,0.6406666666666667,,31.14333333333333,18.87666666666667,119.1,MPARAMBO,MPARAMBO,grid_m2.75_29.00,20.982105916666683,15.359830000000043,28.668900000000008,63.4522437106,-0.5826256428172222,0.4286778141506944,14.01023840277776,101390.73319444446,False,False,1.9960780806672505,False,,0.6406666666666667,False,773.288
Rusizi,2024,11,4.28,,28.65333333333334,20.386666666666663,70.2,BUJUMBURA (Aeroport),BUJUMBURA (Aeroport),grid_m3.25_29.25,23.617717861111142,17.861540000000048,31.320280000000025,68.19105115944001,0.7700205697240279,0.1512431880638889,16.139239166666698,101283.35630555556,False,False,1.5043629271954442,False,,4.28,False,773.288
Mulembwe,2024,11,2.5310000000000006,,21.28333333333333,12.24,254.50000000000003,MPOTA (Tora),MPOTA (Tora),grid_m4.00_29.50,21.659514319444497,17.998800000000017,25.905970000000025,562.4632840281,0.1519582329311527,0.5254687195291667,18.74764901388892,101316.05526388888,False,False,0.3376177859350189,False,,2.5310000000000006,False,773.288
Mutimbuzi,2024,11,2.059,,28.65333333333334,20.386666666666663,70.2,BUJUMBURA (Aeroport),BUJUMBURA (Aeroport),grid_m3.25_29.25,23.617717861111142,17.861540000000048,31.320280000000025,68.19105115944001,0.7700205697240279,0.1512431880638889,16.139239166666698,101283.35630555556,False,False,1.5476478434872514,False,,2.059,False,773.288
Kaburantwa,2024,11,1.9850000000000003,,31.14333333333333,18.87666666666667,119.1,MPARAMBO,MPARAMBO,grid_m3.00_29.25,22.38887083333333,16.95333000000005,29.914030000000025,74.2802617725,0.3993662719236111,0.1676114606244444,15.866393111111108,101317.31563888887,False,False,2.207813552612297,False,,1.9850000000000003,False,773.288
Nyamagana,2024,11,,,31.14333333333333,18.87666666666667,119.1,MPARAMBO,MPARAMBO,grid_m3.00_29.25,22.38887083333333,16.95333000000005,29.914030000000025,74.2802617725,0.3993662719236111,0.1676114606244444,15.866393111111108,101317.31563888887,False,False,2.186850324850525,False,,,False,773.288
Jiji,2024,11,,,21.28333333333333,12.24,254.50000000000003,MPOTA (Tora),MPOTA (Tora),grid_m4.00_29.75,19.67304265277778,15.100369999999998,25.00942000000004,267.98152987012,-0.1977732126954166,0.2946947934073611,16.732408986111125,101433.93736805556,False,False,0.7469623692808592,False,,,False,773.288
Mulembwe,2024,12,2.5690322580645155,,22.351612903225806,12.619354838709675,206.5,MPOTA (Tora),MPOTA (Tora),grid_m4.00_29.50,21.764042069892525,18.293540000000007,27.45165000000003,789.40057969976,-0.0156911212436827,0.6381019059952957,19.067548709677453,101361.49913978497,False,False,0.3376177859350189,False,,2.5690322580645155,False,773.361
Kaburantwa,2024,12,1.82741935483871,,31.7,18.664516129032258,194.7,MPARAMBO,MPARAMBO,grid_m3.00_29.25,22.44156657258065,16.78982000000002,29.87330000000003,154.33645234227998,0.4728395190870967,0.2012122579899193,16.476279448924743,101343.09221774194,False,False,2.207813552612297,False,,1.82741935483871,False,773.361
Nyamagana,2024,12,0.48,,31.7,18.664516129032258,194.7,MPARAMBO,MPARAMBO,grid_m3.00_29.25,22.44156657258065,16.78982000000002,29.87330000000003,154.33645234227998,0.4728395190870967,0.2012122579899193,16.476279448924743,101343.09221774194,False,False,2.186850324850525,False,,0.48,False,773.361
Jiji,2024,12,0.8012903225806451,,22.351612903225806,12.619354838709675,206.5,MPOTA (Tora),MPOTA (Tora),grid_m4.00_29.75,19.96816215053764,15.213459999999998,26.617670000000032,341.6438101316,-0.3635521341838709,0.2314896327685483,16.958191989247325,101480.21688172044,False,False,0.7469623692808592,False,,0.8012903225806451,False,773.361
Nyakagunda,2024,12,0.6903225806451612,,31.7,18.664516129032258,194.7,MPARAMBO,MPARAMBO,grid_m2.75_29.00,21.188111680107568,14.884520000000007,29.028740000000028,102.4813654133,-0.6180936741948253,0.2008460470547043,14.248514368279588,101415.04383064515,False,False,1.9960780806672505,False,,0.6903225806451612,False,773.361
Rusizi,2024,12,4.25,,29.08709677419355,20.94516129032258,227.29999999999995,BUJUMBURA (Aeroport),BUJUMBURA (Aeroport),grid_m3.25_29.25,23.625057782258068,16.932200000000023,30.38915000000003,203.55176855452,0.5899587649908602,0.0560535929922043,17.42497004032259,101312.77602150536,False,False,1.5043629271954442,False,,4.25,False,773.361
