date,name,NDVI_mean
02-18-00,Buzimba,0.6627840000000000
02-18-00,Mulembwe,0.6571390000000000
02-18-00,Jiji,0.6627840000000000
02-18-00,Mutimbuzi,0.6730159999999999
02-18-00,Rusizi,0.6263470000000000
02-18-00,Kaburantwa,0.5683009999999999
02-18-00,Nyamagana,0.5747460000000000
02-18-00,Mpanda,0.6688890000000000
02-18-00,Nyakagunda,0.6599570000000000
02-18-00,Nyengwe,0.6627840000000000
03-05-00,Buzimba,0.2577060000000000
03-05-00,Mulembwe,0.5750230000000000
03-05-00,Jiji,0.2577060000000000
03-05-00,Mutimbuzi,0.6059010000000000
03-05-00,Rusizi,0.5561730000000000
03-05-00,Kaburantwa,0.6206220000000000
03-05-00,Nyamagana,0.6019710000000000
03-05-00,Mpanda,0.6589350000000000
03-05-00,Nyakagunda,0.6850420000000000
03-05-00,Nyengwe,0.2577060000000000
03-21-00,Buzimba,0.286130000000000
03-21-00,Mulembwe,0.5068460000000000
03-21-00,Jiji,0.286130000000000
03-21-00,Mutimbuzi,0.5825680000000000
03-21-00,Rusizi,0.37701800000000002
03-21-00,Kaburantwa,0.4216980000000000
03-21-00,Nyamagana,0.66051700000000
03-21-00,Mpanda,0.6477309999999999
03-21-00,Nyakagunda,0.6907360000000000
03-21-00,Nyengwe,0.286130000000000
04-06-00,Buzimba,0.2844050000000000
04-06-00,Mulembwe,0.5308270000000000
04-06-00,Jiji,0.2844050000000000
04-06-00,Mutimbuzi,0.6447560000000000
04-06-00,Rusizi,0.48010999999999998
04-06-00,Kaburantwa,0.5545080000000000
04-06-00,Nyamagana,0.626428000000000
04-06-00,Mpanda,0.6862220000000000
04-06-00,Nyakagunda,0.6587350000000000
04-06-00,Nyengwe,0.2844050000000000
04-22-00,Buzimba,0.24957599999999999
04-22-00,Mulembwe,0.5807790000000000
04-22-00,Jiji,0.24957599999999999
04-22-00,Mutimbuzi,0.5934650000000000
04-22-00,Rusizi,0.36558299999999999
04-22-00,Kaburantwa,0.5476259999999999
04-22-00,Nyamagana,0.5650130000000000
04-22-00,Mpanda,0.6155210000000000
04-22-00,Nyakagunda,0.6094889999999999
04-22-00,Nyengwe,0.24957599999999999
05-08-00,Buzimba,0.45199899999999998
05-08-00,Mulembwe,0.5766310000000000
05-08-00,Jiji,0.45199899999999998
05-08-00,Mutimbuzi,0.6290550000000000
05-08-00,Rusizi,0.4367300000000000
05-08-00,Kaburantwa,0.7044319999999999
05-08-00,Nyamagana,0.5049910000000000
05-08-00,Mpanda,0.6563860000000000
05-08-00,Nyakagunda,0.6526200000000000
05-08-00,Nyengwe,0.45199899999999998
05-24-00,Buzimba,0.39640399999999998
05-24-00,Mulembwe,0.5872980000000000
05-24-00,Jiji,0.39640399999999998
05-24-00,Mutimbuzi,0.6277940000000000
05-24-00,Rusizi,0.48072799999999999
05-24-00,Kaburantwa,0.664672000000000
05-24-00,Nyamagana,0.44242500000000001
05-24-00,Mpanda,0.6050410000000001
05-24-00,Nyakagunda,0.5854440000000000
05-24-00,Nyengwe,0.39640399999999998
06-09-00,Buzimba,0.21933000000000000
06-09-00,Mulembwe,0.5474830000000001
06-09-00,Jiji,0.21933000000000000
06-09-00,Mutimbuzi,0.5667120000000000
06-09-00,Rusizi,0.42004799999999998
06-09-00,Kaburantwa,0.7309990000000000
06-09-00,Nyamagana,0.39263399999999998
06-09-00,Mpanda,0.5942440000000000
06-09-00,Nyakagunda,0.5820640000000000
06-09-00,Nyengwe,0.21933000000000000
06-25-00,Buzimba,0.20998200000000000
06-25-00,Mulembwe,0.5096710000000000
06-25-00,Jiji,0.20998200000000000
06-25-00,Mutimbuzi,0.529664000000000
06-25-00,Rusizi,0.345190000000000
06-25-00,Kaburantwa,0.6735750000000000
06-25-00,Nyamagana,0.3624240000000000
06-25-00,Mpanda,0.556732000000000
06-25-00,Nyakagunda,0.48542099999999999
06-25-00,Nyengwe,0.20998200000000000
07-11-00,Buzimba,0.26358799999999999
07-11-00,Mulembwe,0.47578700000000002
07-11-00,Jiji,0.26358799999999999
07-11-00,Mutimbuzi,0.4844090000000000
07-11-00,Rusizi,0.41286899999999999
07-11-00,Kaburantwa,0.6455149999999999
07-11-00,Nyamagana,0.3480460000000000
07-11-00,Mpanda,0.5108160000000000
07-11-00,Nyakagunda,0.5110090000000000
07-11-00,Nyengwe,0.26358799999999999
07-27-00,Buzimba,0.16373499999999999
07-27-00,Mulembwe,0.4223100000000000
07-27-00,Jiji,0.16373499999999999
07-27-00,Mutimbuzi,0.46677099999999999
07-27-00,Rusizi,0.3611850000000000
07-27-00,Kaburantwa,0.6589420000000000
07-27-00,Nyamagana,0.32490100000000000
07-27-00,Mpanda,0.4917300000000000
07-27-00,Nyakagunda,0.4725840000000000
07-27-00,Nyengwe,0.16373499999999999
08-12-00,Buzimba,0.4592430000000000
08-12-00,Mulembwe,0.43762499999999999
08-12-00,Jiji,0.4592430000000000
08-12-00,Mutimbuzi,0.4503340000000000
08-12-00,Rusizi,0.49100800000000000
08-12-00,Kaburantwa,0.643578000000000
08-12-00,Nyamagana,0.3028860000000000
08-12-00,Mpanda,0.4623620000000000
08-12-00,Nyakagunda,0.46235799999999999
08-12-00,Nyengwe,0.4592430000000000
08-28-00,Buzimba,0.10770800000000000
08-28-00,Mulembwe,0.375672000000000
08-28-00,Jiji,0.10770800000000000
08-28-00,Mutimbuzi,0.39454699999999998
08-28-00,Rusizi,0.38488400000000000
08-28-00,Kaburantwa,0.6062100000000000
08-28-00,Nyamagana,0.28232099999999999
08-28-00,Mpanda,0.43367000000000000
08-28-00,Nyakagunda,0.41509400000000002
08-28-00,Nyengwe,0.10770800000000000
09-13-00,Buzimba,0.21316499999999999
09-13-00,Mulembwe,0.3897210000000000
09-13-00,Jiji,0.21316499999999999
09-13-00,Mutimbuzi,0.41208400000000001
09-13-00,Rusizi,0.3742540000000000
09-13-00,Kaburantwa,0.5768000000000000
09-13-00,Nyamagana,0.30008299999999999
09-13-00,Mpanda,0.43474400000000002
09-13-00,Nyakagunda,0.40030600000000000
09-13-00,Nyengwe,0.21316499999999999
09-29-00,Buzimba,0.16939899999999999
09-29-00,Mulembwe,0.36048700000000000
09-29-00,Jiji,0.16939899999999999
09-29-00,Mutimbuzi,0.4010500000000000
09-29-00,Rusizi,0.2840600000000000
09-29-00,Kaburantwa,0.5826550000000000
09-29-00,Nyamagana,0.30833300000000002
09-29-00,Mpanda,0.4542690000000000
09-29-00,Nyakagunda,0.4062380000000000
09-29-00,Nyengwe,0.16939899999999999
10-15-00,Buzimba,0.2483780000000000
10-15-00,Mulembwe,0.4356200000000000
10-15-00,Jiji,0.2483780000000000
10-15-00,Mutimbuzi,0.4620570000000000
10-15-00,Rusizi,0.3816450000000000
10-15-00,Kaburantwa,0.5870360000000000
10-15-00,Nyamagana,0.349874000000000
10-15-00,Mpanda,0.4879400000000000
10-15-00,Nyakagunda,0.4961110000000000
10-15-00,Nyengwe,0.2483780000000000
10-31-00,Buzimba,0.20746500000000001
10-31-00,Mulembwe,0.43378100000000003
10-31-00,Jiji,0.20746500000000001
10-31-00,Mutimbuzi,0.5571640000000000
10-31-00,Rusizi,0.44661400000000001
10-31-00,Kaburantwa,0.5388579999999999
10-31-00,Nyamagana,0.5490429999999999
10-31-00,Mpanda,0.5865320000000001
10-31-00,Nyakagunda,0.6331010000000000
10-31-00,Nyengwe,0.20746500000000001
11-16-00,Buzimba,0.4378800000000000
11-16-00,Mulembwe,0.5680200000000000
11-16-00,Jiji,0.4378800000000000
11-16-00,Mutimbuzi,0.6878940000000000
11-16-00,Rusizi,0.5597460000000000
11-16-00,Kaburantwa,0.687284000000000
11-16-00,Nyamagana,0.658293000000000
11-16-00,Mpanda,0.7162230000000001
11-16-00,Nyakagunda,0.7217060000000000
11-16-00,Nyengwe,0.4378800000000000
12-02-00,Buzimba,0.26435399999999998
12-02-00,Mulembwe,0.4107580000000000
12-02-00,Jiji,0.26435399999999998
12-02-00,Mutimbuzi,0.4046930000000000
12-02-00,Rusizi,0.49839699999999998
12-02-00,Kaburantwa,0.5113750000000000
12-02-00,Nyamagana,0.7088490000000000
12-02-00,Mpanda,0.5575690000000000
12-02-00,Nyakagunda,0.7222100000000000
12-02-00,Nyengwe,0.26435399999999998
12-18-00,Buzimba,0.45372200000000001
12-18-00,Mulembwe,0.5733210000000000
12-18-00,Jiji,0.45372200000000001
12-18-00,Mutimbuzi,0.6635990000000000
12-18-00,Rusizi,0.6177900000000000
12-18-00,Kaburantwa,0.6422970000000000
12-18-00,Nyamagana,0.730728000000000
12-18-00,Mpanda,0.6997350000000000
12-18-00,Nyakagunda,0.756021000000000
12-18-00,Nyengwe,0.45372200000000001
01-01-01,Buzimba,0.21172400000000000
01-01-01,Mulembwe,0.5480830000000000
01-01-01,Jiji,0.21172400000000000
01-01-01,Mutimbuzi,0.6698570000000000
01-01-01,Rusizi,0.31533400000000000
01-01-01,Kaburantwa,0.6775980000000000
01-01-01,Nyamagana,0.692310000000000
01-01-01,Mpanda,0.6867730000000000
01-01-01,Nyakagunda,0.6353540000000000
01-01-01,Nyengwe,0.21172400000000000
01-17-01,Buzimba,0.20481600000000000
01-17-01,Mulembwe,0.5161770000000000
01-17-01,Jiji,0.20481600000000000
01-17-01,Mutimbuzi,0.5165120000000000
01-17-01,Rusizi,0.431094000000000
01-17-01,Kaburantwa,0.6636550000000000
01-17-01,Nyamagana,0.7011910000000000
01-17-01,Mpanda,0.6369899999999999
01-17-01,Nyakagunda,0.6916570000000000
01-17-01,Nyengwe,0.20481600000000000
02-02-01,Buzimba,0.4861580000000000
02-02-01,Mulembwe,0.6614760000000000
02-02-01,Jiji,0.4861580000000000
02-02-01,Mutimbuzi,0.686483000000000
02-02-01,Rusizi,0.6852700000000000
02-02-01,Kaburantwa,0.7992980000000000
02-02-01,Nyamagana,0.6686830000000000
02-02-01,Mpanda,0.7595100000000000
02-02-01,Nyakagunda,0.7598270000000000
02-02-01,Nyengwe,0.4861580000000000
02-18-01,Buzimba,0.3188840000000000
02-18-01,Mulembwe,0.47129599999999999
02-18-01,Jiji,0.3188840000000000
02-18-01,Mutimbuzi,0.6312290000000000
02-18-01,Rusizi,0.5727179999999999
02-18-01,Kaburantwa,0.6311200000000000
02-18-01,Nyamagana,0.6995950000000000
02-18-01,Mpanda,0.6856570000000000
02-18-01,Nyakagunda,0.7482410000000000
02-18-01,Nyengwe,0.3188840000000000
03-06-01,Buzimba,0.4390420000000000
03-06-01,Mulembwe,0.4878930000000000
03-06-01,Jiji,0.4390420000000000
03-06-01,Mutimbuzi,0.5758190000000000
03-06-01,Rusizi,0.5642390000000000
03-06-01,Kaburantwa,0.5156480000000000
03-06-01,Nyamagana,0.6612390000000000
03-06-01,Mpanda,0.659495000000000
03-06-01,Nyakagunda,0.7090520000000000
03-06-01,Nyengwe,0.4390420000000000
03-22-01,Buzimba,0.5060160000000000
03-22-01,Mulembwe,0.5504090000000000
03-22-01,Jiji,0.5060160000000000
03-22-01,Mutimbuzi,0.6387180000000000
03-22-01,Rusizi,0.5860820000000000
03-22-01,Kaburantwa,0.6015480000000000
03-22-01,Nyamagana,0.6581880000000000
03-22-01,Mpanda,0.6724700000000000
03-22-01,Nyakagunda,0.7086390000000000
03-22-01,Nyengwe,0.5060160000000000
04-07-01,Buzimba,0.5175740000000000
04-07-01,Mulembwe,0.5846150000000000
04-07-01,Jiji,0.5175740000000000
04-07-01,Mutimbuzi,0.7363620000000000
04-07-01,Rusizi,0.5350760000000000
04-07-01,Kaburantwa,0.6233970000000000
04-07-01,Nyamagana,0.6848900000000000
04-07-01,Mpanda,0.7252459999999999
04-07-01,Nyakagunda,0.6521450000000000
04-07-01,Nyengwe,0.5175740000000000
04-23-01,Buzimba,0.32216899999999998
04-23-01,Mulembwe,0.602122000000000
04-23-01,Jiji,0.32216899999999998
04-23-01,Mutimbuzi,0.6914500000000000
04-23-01,Rusizi,0.5739430000000000
04-23-01,Kaburantwa,0.6150440000000000
04-23-01,Nyamagana,0.6637490000000000
04-23-01,Mpanda,0.7021269999999999
04-23-01,Nyakagunda,0.7086380000000000
04-23-01,Nyengwe,0.32216899999999998
05-09-01,Buzimba,0.5152960000000000
05-09-01,Mulembwe,0.5145690000000001
05-09-01,Jiji,0.5152960000000000
05-09-01,Mutimbuzi,0.5994670000000000
05-09-01,Rusizi,0.4850250000000000
05-09-01,Kaburantwa,0.49944200000000000
05-09-01,Nyamagana,0.6411670000000000
05-09-01,Mpanda,0.5834720000000000
05-09-01,Nyakagunda,0.6605240000000000
05-09-01,Nyengwe,0.5152960000000000
05-25-01,Buzimba,0.5651900000000000
05-25-01,Mulembwe,0.6819920000000000
05-25-01,Jiji,0.5651900000000000
05-25-01,Mutimbuzi,0.6337960000000000
05-25-01,Rusizi,0.5340910000000000
05-25-01,Kaburantwa,0.6269550000000000
05-25-01,Nyamagana,0.5937770000000000
05-25-01,Mpanda,0.6795030000000000
05-25-01,Nyakagunda,0.691574000000000
05-25-01,Nyengwe,0.5651900000000000
06-10-01,Buzimba,0.20727799999999999
06-10-01,Mulembwe,0.600734000000000
06-10-01,Jiji,0.20727799999999999
06-10-01,Mutimbuzi,0.587614000000000
06-10-01,Rusizi,0.5198000000000000
06-10-01,Kaburantwa,0.4900670000000000
06-10-01,Nyamagana,0.6158490000000000
06-10-01,Mpanda,0.5708680000000000
06-10-01,Nyakagunda,0.614899000000000
06-10-01,Nyengwe,0.20727799999999999
06-26-01,Buzimba,0.5653380000000000
06-26-01,Mulembwe,0.6002340000000000
06-26-01,Jiji,0.5653380000000000
06-26-01,Mutimbuzi,0.5917320000000000
06-26-01,Rusizi,0.5415680000000000
06-26-01,Kaburantwa,0.6017850000000000
06-26-01,Nyamagana,0.4913190000000000
06-26-01,Mpanda,0.6290570000000000
06-26-01,Nyakagunda,0.585096000000000
06-26-01,Nyengwe,0.5653380000000000
07-12-01,Buzimba,0.19404399999999999
07-12-01,Mulembwe,0.5351720000000000
07-12-01,Jiji,0.19404399999999999
07-12-01,Mutimbuzi,0.5613950000000000
07-12-01,Rusizi,0.4351240000000000
07-12-01,Kaburantwa,0.6520920000000000
07-12-01,Nyamagana,0.46900700000000001
07-12-01,Mpanda,0.6125190000000000
07-12-01,Nyakagunda,0.5983540000000001
07-12-01,Nyengwe,0.19404399999999999
07-28-01,Buzimba,0.2242210000000000
07-28-01,Mulembwe,0.5394110000000000
07-28-01,Jiji,0.2242210000000000
07-28-01,Mutimbuzi,0.5558689999999999
07-28-01,Rusizi,0.3264760000000000
07-28-01,Kaburantwa,0.6420040000000000
07-28-01,Nyamagana,0.5029270000000000
07-28-01,Mpanda,0.6032860000000000
07-28-01,Nyakagunda,0.5649030000000000
07-28-01,Nyengwe,0.2242210000000000
08-13-01,Buzimba,0.3164120000000000
08-13-01,Mulembwe,0.5143830000000000
08-13-01,Jiji,0.3164120000000000
08-13-01,Mutimbuzi,0.5036630000000000
08-13-01,Rusizi,0.4802640000000000
08-13-01,Kaburantwa,0.6999500000000000
08-13-01,Nyamagana,0.5361700000000000
08-13-01,Mpanda,0.57726900000000
08-13-01,Nyakagunda,0.5533410000000000
08-13-01,Nyengwe,0.3164120000000000
08-29-01,Buzimba,0.21392000000000000
08-29-01,Mulembwe,0.4644010000000000
08-29-01,Jiji,0.21392000000000000
08-29-01,Mutimbuzi,0.5218260000000000
08-29-01,Rusizi,0.4926490000000000
08-29-01,Kaburantwa,0.6963960000000000
08-29-01,Nyamagana,0.5238010000000000
08-29-01,Mpanda,0.5597950000000000
08-29-01,Nyakagunda,0.5552090000000000
08-29-01,Nyengwe,0.21392000000000000
09-14-01,Buzimba,0.19069000000000000
09-14-01,Mulembwe,0.4224880000000000
09-14-01,Jiji,0.19069000000000000
09-14-01,Mutimbuzi,0.5095050000000000
09-14-01,Rusizi,0.42988599999999999
09-14-01,Kaburantwa,0.5797070000000000
09-14-01,Nyamagana,0.5446330000000000
09-14-01,Mpanda,0.546573000000000
09-14-01,Nyakagunda,0.5533250000000000
09-14-01,Nyengwe,0.19069000000000000
09-30-01,Buzimba,0.2409270000000000
09-30-01,Mulembwe,0.4909640000000000
09-30-01,Jiji,0.2409270000000000
09-30-01,Mutimbuzi,0.5371400000000000
09-30-01,Rusizi,0.4112410000000000
09-30-01,Kaburantwa,0.6488920000000000
09-30-01,Nyamagana,0.5311920000000000
09-30-01,Mpanda,0.6108650000000000
09-30-01,Nyakagunda,0.5470330000000000
09-30-01,Nyengwe,0.2409270000000000
10-16-01,Buzimba,0.35723199999999999
10-16-01,Mulembwe,0.554495000000000
10-16-01,Jiji,0.35723199999999999
10-16-01,Mutimbuzi,0.5565770000000000
10-16-01,Rusizi,0.3337900000000000
10-16-01,Kaburantwa,0.6533639999999999
10-16-01,Nyamagana,0.557002000000000
10-16-01,Mpanda,0.5945070000000000
10-16-01,Nyakagunda,0.5752010000000000
10-16-01,Nyengwe,0.35723199999999999
11-01-01,Buzimba,0.16090800000000000
11-01-01,Mulembwe,0.39892899999999998
11-01-01,Jiji,0.16090800000000000
11-01-01,Mutimbuzi,0.5419349999999999
11-01-01,Rusizi,0.33402199999999999
11-01-01,Kaburantwa,0.5309650000000000
11-01-01,Nyamagana,0.5821730000000001
11-01-01,Mpanda,0.5943250000000000
11-01-01,Nyakagunda,0.5895000000000000
11-01-01,Nyengwe,0.16090800000000000
11-17-01,Buzimba,0.466068000000000
11-17-01,Mulembwe,0.5492080000000000
11-17-01,Jiji,0.466068000000000
11-17-01,Mutimbuzi,0.6565970000000000
11-17-01,Rusizi,0.49092700000000000
11-17-01,Kaburantwa,0.6466650000000000
11-17-01,Nyamagana,0.5935110000000000
11-17-01,Mpanda,0.6303070000000000
11-17-01,Nyakagunda,0.6676890000000000
11-17-01,Nyengwe,0.466068000000000
12-03-01,Buzimba,0.3468650000000000
12-03-01,Mulembwe,0.4967530000000000
12-03-01,Jiji,0.3468650000000000
12-03-01,Mutimbuzi,0.619293000000000
12-03-01,Rusizi,0.489896000000000
12-03-01,Kaburantwa,0.6822130000000000
12-03-01,Nyamagana,0.6243370000000000
12-03-01,Mpanda,0.6684650000000000
12-03-01,Nyakagunda,0.6765320000000000
12-03-01,Nyengwe,0.3468650000000000
12-19-01,Buzimba,0.2938820000000000
12-19-01,Mulembwe,0.6436320000000000
12-19-01,Jiji,0.2938820000000000
12-19-01,Mutimbuzi,0.6475320000000000
12-19-01,Rusizi,0.3843840000000000
12-19-01,Kaburantwa,0.619823000000000
12-19-01,Nyamagana,0.682602000000000
12-19-01,Mpanda,0.6491760000000000
12-19-01,Nyakagunda,0.6121480000000000
12-19-01,Nyengwe,0.2938820000000000
01-01-02,Buzimba,0.23597899999999999
01-01-02,Mulembwe,0.5583830000000000
01-01-02,Jiji,0.23597899999999999
01-01-02,Mutimbuzi,0.6285600000000000
01-01-02,Rusizi,0.5027060000000000
01-01-02,Kaburantwa,0.6170550000000000
01-01-02,Nyamagana,0.719119000000000
01-01-02,Mpanda,0.6868990000000000
01-01-02,Nyakagunda,0.7026470000000000
01-01-02,Nyengwe,0.23597899999999999
01-17-02,Buzimba,0.26288499999999998
01-17-02,Mulembwe,0.6571100000000000
01-17-02,Jiji,0.26288499999999998
01-17-02,Mutimbuzi,0.6856910000000001
01-17-02,Rusizi,0.5199940000000000
01-17-02,Kaburantwa,0.7516090000000000
01-17-02,Nyamagana,0.685244000000000
01-17-02,Mpanda,0.7367720000000000
01-17-02,Nyakagunda,0.7558850000000000
01-17-02,Nyengwe,0.26288499999999998
02-02-02,Buzimba,0.2601010000000000
02-02-02,Mulembwe,0.621158000000000
02-02-02,Jiji,0.2601010000000000
02-02-02,Mutimbuzi,0.635602000000000
02-02-02,Rusizi,0.49255399999999999
02-02-02,Kaburantwa,0.6562510000000000
02-02-02,Nyamagana,0.6402470000000000
02-02-02,Mpanda,0.6770160000000000
02-02-02,Nyakagunda,0.7479810000000000
02-02-02,Nyengwe,0.2601010000000000
02-18-02,Buzimba,0.4526660000000000
02-18-02,Mulembwe,0.6156460000000000
02-18-02,Jiji,0.4526660000000000
02-18-02,Mutimbuzi,0.6965290000000000
02-18-02,Rusizi,0.6160740000000000
02-18-02,Kaburantwa,0.6391580000000000
02-18-02,Nyamagana,0.6897410000000000
02-18-02,Mpanda,0.7292000000000000
02-18-02,Nyakagunda,0.6907170000000000
02-18-02,Nyengwe,0.4526660000000000
03-06-02,Buzimba,0.2161200000000000
03-06-02,Mulembwe,0.5656230000000000
03-06-02,Jiji,0.2161200000000000
03-06-02,Mutimbuzi,0.6139740000000000
03-06-02,Rusizi,0.4963240000000000
03-06-02,Kaburantwa,0.5844060000000000
03-06-02,Nyamagana,0.6898530000000000
03-06-02,Mpanda,0.6327570000000000
03-06-02,Nyakagunda,0.7496920000000000
03-06-02,Nyengwe,0.2161200000000000
03-22-02,Buzimba,0.2159570000000000
03-22-02,Mulembwe,0.4788950000000000
03-22-02,Jiji,0.2159570000000000
03-22-02,Mutimbuzi,0.5622620000000000
03-22-02,Rusizi,0.4521040000000000
03-22-02,Kaburantwa,0.5057050000000000
03-22-02,Nyamagana,0.6045040000000000
03-22-02,Mpanda,0.6385470000000000
03-22-02,Nyakagunda,0.6578090000000000
03-22-02,Nyengwe,0.2159570000000000
04-07-02,Buzimba,0.26373600000000003
04-07-02,Mulembwe,0.4886900000000000
04-07-02,Jiji,0.26373600000000003
04-07-02,Mutimbuzi,0.597591000000000
04-07-02,Rusizi,0.4062920000000000
04-07-02,Kaburantwa,0.526083000000000
04-07-02,Nyamagana,0.6677500000000000
04-07-02,Mpanda,0.6321329999999999
04-07-02,Nyakagunda,0.7389450000000000
04-07-02,Nyengwe,0.26373600000000003
04-23-02,Buzimba,0.3875780000000000
04-23-02,Mulembwe,0.4527180000000000
04-23-02,Jiji,0.3875780000000000
04-23-02,Mutimbuzi,0.5514800000000000
04-23-02,Rusizi,0.4350620000000000
04-23-02,Kaburantwa,0.4225560000000000
04-23-02,Nyamagana,0.6448170000000000
04-23-02,Mpanda,0.5608820000000000
04-23-02,Nyakagunda,0.6298060000000000
04-23-02,Nyengwe,0.3875780000000000
05-09-02,Buzimba,0.6496010000000000
05-09-02,Mulembwe,0.7414280000000000
05-09-02,Jiji,0.6496010000000000
05-09-02,Mutimbuzi,0.7304380000000000
05-09-02,Rusizi,0.5607600000000000
05-09-02,Kaburantwa,0.7935920000000000
05-09-02,Nyamagana,0.6676910000000000
05-09-02,Mpanda,0.7564190000000000
05-09-02,Nyakagunda,0.742435000000000
05-09-02,Nyengwe,0.6496010000000000
05-25-02,Buzimba,0.6308390000000000
05-25-02,Mulembwe,0.6806790000000000
05-25-02,Jiji,0.6308390000000000
05-25-02,Mutimbuzi,0.680632000000000
05-25-02,Rusizi,0.6200110000000000
05-25-02,Kaburantwa,0.7661900000000000
05-25-02,Nyamagana,0.6211040000000000
05-25-02,Mpanda,0.7096600000000000
05-25-02,Nyakagunda,0.7259590000000000
05-25-02,Nyengwe,0.6308390000000000
06-10-02,Buzimba,0.5377870000000000
06-10-02,Mulembwe,0.6502530000000000
06-10-02,Jiji,0.5377870000000000
06-10-02,Mutimbuzi,0.6519870000000000
06-10-02,Rusizi,0.44931900000000002
06-10-02,Kaburantwa,0.7346020000000000
06-10-02,Nyamagana,0.5432050000000000
06-10-02,Mpanda,0.6682630000000001
06-10-02,Nyakagunda,0.6397050000000000
06-10-02,Nyengwe,0.5377870000000000
06-26-02,Buzimba,0.41794900000000001
06-26-02,Mulembwe,0.5669800000000000
06-26-02,Jiji,0.41794900000000001
06-26-02,Mutimbuzi,0.5792420000000000
06-26-02,Rusizi,0.49880900000000000
06-26-02,Kaburantwa,0.7221700000000000
06-26-02,Nyamagana,0.4747860000000000
06-26-02,Mpanda,0.6030390000000000
06-26-02,Nyakagunda,0.608128000000000
06-26-02,Nyengwe,0.41794900000000001
07-12-02,Buzimba,0.29583399999999999
07-12-02,Mulembwe,0.5143160000000000
07-12-02,Jiji,0.29583399999999999
07-12-02,Mutimbuzi,0.5207310000000001
07-12-02,Rusizi,0.4305450000000000
07-12-02,Kaburantwa,0.6894749999999999
07-12-02,Nyamagana,0.4271880000000000
07-12-02,Mpanda,0.555634000000000
07-12-02,Nyakagunda,0.5555450000000000
07-12-02,Nyengwe,0.29583399999999999
07-28-02,Buzimba,0.206039000000000
07-28-02,Mulembwe,0.508182000000000
07-28-02,Jiji,0.206039000000000
07-28-02,Mutimbuzi,0.5237640000000000
07-28-02,Rusizi,0.46380399999999999
07-28-02,Kaburantwa,0.671871000000000
07-28-02,Nyamagana,0.4093430000000000
07-28-02,Mpanda,0.536425000000000
07-28-02,Nyakagunda,0.5417800000000000
07-28-02,Nyengwe,0.206039000000000
08-13-02,Buzimba,0.4184860000000000
08-13-02,Mulembwe,0.47745399999999999
08-13-02,Jiji,0.4184860000000000
08-13-02,Mutimbuzi,0.47603499999999999
08-13-02,Rusizi,0.41560999999999998
08-13-02,Kaburantwa,0.6326210000000000
08-13-02,Nyamagana,0.37465199999999999
08-13-02,Mpanda,0.5055450000000000
08-13-02,Nyakagunda,0.4847660000000000
08-13-02,Nyengwe,0.4184860000000000
08-29-02,Buzimba,0.1635180000000000
08-29-02,Mulembwe,0.4199510000000000
08-29-02,Jiji,0.1635180000000000
08-29-02,Mutimbuzi,0.4525530000000000
08-29-02,Rusizi,0.3344180000000000
08-29-02,Kaburantwa,0.4971070000000000
08-29-02,Nyamagana,0.37456200000000001
08-29-02,Mpanda,0.45921600000000001
08-29-02,Nyakagunda,0.4056790000000000
08-29-02,Nyengwe,0.1635180000000000
09-14-02,Buzimba,0.4008170000000000
09-14-02,Mulembwe,0.46888700000000000
09-14-02,Jiji,0.4008170000000000
09-14-02,Mutimbuzi,0.4803020000000000
09-14-02,Rusizi,0.43881999999999999
09-14-02,Kaburantwa,0.6463310000000000
09-14-02,Nyamagana,0.36009700000000000
09-14-02,Mpanda,0.5104000000000000
09-14-02,Nyakagunda,0.4811230000000000
09-14-02,Nyengwe,0.4008170000000000
09-30-02,Buzimba,0.20222599999999999
09-30-02,Mulembwe,0.44585599999999997
09-30-02,Jiji,0.20222599999999999
09-30-02,Mutimbuzi,0.4641250000000000
09-30-02,Rusizi,0.4410270000000000
09-30-02,Kaburantwa,0.5676450000000000
09-30-02,Nyamagana,0.3857450000000000
09-30-02,Mpanda,0.49712899999999999
09-30-02,Nyakagunda,0.49428600000000000
09-30-02,Nyengwe,0.20222599999999999
10-16-02,Buzimba,0.18576400000000001
10-16-02,Mulembwe,0.4033120000000000
10-16-02,Jiji,0.18576400000000001
10-16-02,Mutimbuzi,0.44620399999999999
10-16-02,Rusizi,0.3500900000000000
10-16-02,Kaburantwa,0.42258400000000002
10-16-02,Nyamagana,0.4705530000000000
10-16-02,Mpanda,0.45363199999999998
10-16-02,Nyakagunda,0.535985000000000
10-16-02,Nyengwe,0.18576400000000001
11-01-02,Buzimba,0.17122000000000001
11-01-02,Mulembwe,0.3485370000000000
11-01-02,Jiji,0.17122000000000001
11-01-02,Mutimbuzi,0.5482550000000000
11-01-02,Rusizi,0.4580900000000000
11-01-02,Kaburantwa,0.5400260000000000
11-01-02,Nyamagana,0.5811550000000000
11-01-02,Mpanda,0.5909850000000000
11-01-02,Nyakagunda,0.6444700000000000
11-01-02,Nyengwe,0.17122000000000001
11-17-02,Buzimba,0.23875800000000000
11-17-02,Mulembwe,0.4400670000000000
11-17-02,Jiji,0.23875800000000000
11-17-02,Mutimbuzi,0.6098930000000000
11-17-02,Rusizi,0.51338500000000
11-17-02,Kaburantwa,0.6186060000000000
11-17-02,Nyamagana,0.645012000000000
11-17-02,Mpanda,0.6517240000000000
11-17-02,Nyakagunda,0.6768350000000000
11-17-02,Nyengwe,0.23875800000000000
12-03-02,Buzimba,0.38873999999999997
12-03-02,Mulembwe,0.533714000000000
12-03-02,Jiji,0.38873999999999997
12-03-02,Mutimbuzi,0.6022300000000000
12-03-02,Rusizi,0.4953390000000000
12-03-02,Kaburantwa,0.5504330000000000
12-03-02,Nyamagana,0.657011000000000
12-03-02,Mpanda,0.7232440000000000
12-03-02,Nyakagunda,0.7339080000000000
12-03-02,Nyengwe,0.38873999999999997
12-19-02,Buzimba,0.1641260000000000
12-19-02,Mulembwe,0.44116200000000000
12-19-02,Jiji,0.1641260000000000
12-19-02,Mutimbuzi,0.6708630000000000
12-19-02,Rusizi,0.3897900000000000
12-19-02,Kaburantwa,0.6056270000000000
12-19-02,Nyamagana,0.7341780000000000
12-19-02,Mpanda,0.6960769999999999
12-19-02,Nyakagunda,0.7296049999999999
12-19-02,Nyengwe,0.1641260000000000
01-01-03,Buzimba,0.2988640000000000
01-01-03,Mulembwe,0.6632150000000000
01-01-03,Jiji,0.2988640000000000
01-01-03,Mutimbuzi,0.6586980000000000
01-01-03,Rusizi,0.4693620000000000
01-01-03,Kaburantwa,0.7485680000000000
01-01-03,Nyamagana,0.7027260000000000
01-01-03,Mpanda,0.6994560000000000
01-01-03,Nyakagunda,0.7543100000000000
01-01-03,Nyengwe,0.2988640000000000
01-17-03,Buzimba,0.3245470000000000
01-17-03,Mulembwe,0.6228350000000000
01-17-03,Jiji,0.3245470000000000
01-17-03,Mutimbuzi,0.7219620000000000
01-17-03,Rusizi,0.5804040000000000
01-17-03,Kaburantwa,0.7806810000000000
01-17-03,Nyamagana,0.6914310000000000
01-17-03,Mpanda,0.7479590000000000
01-17-03,Nyakagunda,0.7746650000000000
01-17-03,Nyengwe,0.3245470000000000
02-02-03,Buzimba,0.3418260000000000
02-02-03,Mulembwe,0.6405990000000000
02-02-03,Jiji,0.3418260000000000
02-02-03,Mutimbuzi,0.6651080000000000
02-02-03,Rusizi,0.6188430000000000
02-02-03,Kaburantwa,0.781562000000000
02-02-03,Nyamagana,0.6494720000000000
02-02-03,Mpanda,0.7010470000000000
02-02-03,Nyakagunda,0.714489000000000
02-02-03,Nyengwe,0.3418260000000000
02-18-03,Buzimba,0.3951640000000000
02-18-03,Mulembwe,0.6299260000000000
02-18-03,Jiji,0.3951640000000000
02-18-03,Mutimbuzi,0.551414000000000
02-18-03,Rusizi,0.5351560000000000
02-18-03,Kaburantwa,0.6550589999999999
02-18-03,Nyamagana,0.7034990000000000
02-18-03,Mpanda,0.6649140000000000
02-18-03,Nyakagunda,0.7418100000000000
02-18-03,Nyengwe,0.3951640000000000
03-06-03,Buzimba,0.42093799999999998
03-06-03,Mulembwe,0.6680500000000000
03-06-03,Jiji,0.42093799999999998
03-06-03,Mutimbuzi,0.5960510000000000
03-06-03,Rusizi,0.5444200000000000
03-06-03,Kaburantwa,0.752797000000000
03-06-03,Nyamagana,0.6198129999999999
03-06-03,Mpanda,0.6685700000000000
03-06-03,Nyakagunda,0.7016260000000000
03-06-03,Nyengwe,0.42093799999999998
03-22-03,Buzimba,0.5187820000000000
03-22-03,Mulembwe,0.6576580000000000
03-22-03,Jiji,0.5187820000000000
03-22-03,Mutimbuzi,0.7118770000000000
03-22-03,Rusizi,0.6841120000000001
03-22-03,Kaburantwa,0.7731860000000000
03-22-03,Nyamagana,0.6944340000000000
03-22-03,Mpanda,0.7696130000000000
03-22-03,Nyakagunda,0.7820530000000000
03-22-03,Nyengwe,0.5187820000000000
04-07-03,Buzimba,0.1957840000000000
04-07-03,Mulembwe,0.5397180000000000
04-07-03,Jiji,0.1957840000000000
04-07-03,Mutimbuzi,0.5299700000000001
04-07-03,Rusizi,0.4778130000000000
04-07-03,Kaburantwa,0.5559720000000000
04-07-03,Nyamagana,0.6665450000000001
04-07-03,Mpanda,0.6140640000000001
04-07-03,Nyakagunda,0.7223800000000000
04-07-03,Nyengwe,0.1957840000000000
04-23-03,Buzimba,0.2706460000000000
04-23-03,Mulembwe,0.5808370000000000
04-23-03,Jiji,0.2706460000000000
04-23-03,Mutimbuzi,0.60053100000000
04-23-03,Rusizi,0.457496000000000
04-23-03,Kaburantwa,0.6732840000000000
04-23-03,Nyamagana,0.6577740000000000
04-23-03,Mpanda,0.695854000000000
04-23-03,Nyakagunda,0.6792000000000000
04-23-03,Nyengwe,0.2706460000000000
05-09-03,Buzimba,0.4549760000000000
05-09-03,Mulembwe,0.6410150000000000
05-09-03,Jiji,0.4549760000000000
05-09-03,Mutimbuzi,0.6605799999999999
05-09-03,Rusizi,0.4470850000000000
05-09-03,Kaburantwa,0.5847630000000000
05-09-03,Nyamagana,0.6607200000000000
05-09-03,Mpanda,0.6537260000000000
05-09-03,Nyakagunda,0.700261000000000
05-09-03,Nyengwe,0.4549760000000000
05-25-03,Buzimba,0.3683440000000000
05-25-03,Mulembwe,0.6174300000000000
05-25-03,Jiji,0.3683440000000000
05-25-03,Mutimbuzi,0.6085000000000000
05-25-03,Rusizi,0.47545700000000002
05-25-03,Kaburantwa,0.6877920000000000
05-25-03,Nyamagana,0.5631040000000000
05-25-03,Mpanda,0.6592540000000000
05-25-03,Nyakagunda,0.6715680000000001
05-25-03,Nyengwe,0.3683440000000000
06-10-03,Buzimba,0.30973099999999998
06-10-03,Mulembwe,0.6770630000000000
06-10-03,Jiji,0.30973099999999998
06-10-03,Mutimbuzi,0.6413489999999999
06-10-03,Rusizi,0.5220510000000000
06-10-03,Kaburantwa,0.7191870000000000
06-10-03,Nyamagana,0.5235150000000000
06-10-03,Mpanda,0.6577320000000000
06-10-03,Nyakagunda,0.6700739999999999
06-10-03,Nyengwe,0.30973099999999998
06-26-03,Buzimba,0.3067000000000000
06-26-03,Mulembwe,0.6106440000000000
06-26-03,Jiji,0.3067000000000000
06-26-03,Mutimbuzi,0.595875000000000
06-26-03,Rusizi,0.4344620000000000
06-26-03,Kaburantwa,0.7418100000000000
06-26-03,Nyamagana,0.4563540000000000
06-26-03,Mpanda,0.6103690000000001
06-26-03,Nyakagunda,0.5467810000000000
06-26-03,Nyengwe,0.3067000000000000
07-12-03,Buzimba,0.30973400000000001
07-12-03,Mulembwe,0.5799200000000000
07-12-03,Jiji,0.30973400000000001
07-12-03,Mutimbuzi,0.5685470000000000
07-12-03,Rusizi,0.4540260000000000
07-12-03,Kaburantwa,0.7145400000000000
07-12-03,Nyamagana,0.4229040000000000
07-12-03,Mpanda,0.5852170000000000
07-12-03,Nyakagunda,0.5848930000000000
07-12-03,Nyengwe,0.30973400000000001
07-28-03,Buzimba,0.29186400000000001
07-28-03,Mulembwe,0.5315910000000000
07-28-03,Jiji,0.29186400000000001
07-28-03,Mutimbuzi,0.5110910000000000
07-28-03,Rusizi,0.4848340000000000
07-28-03,Kaburantwa,0.680111000000000
07-28-03,Nyamagana,0.3824320000000000
07-28-03,Mpanda,0.531718000000000
07-28-03,Nyakagunda,0.5416840000000001
07-28-03,Nyengwe,0.29186400000000001
08-13-03,Buzimba,0.2269070000000000
08-13-03,Mulembwe,0.4795110000000000
08-13-03,Jiji,0.2269070000000000
08-13-03,Mutimbuzi,0.49700699999999998
08-13-03,Rusizi,0.4888460000000000
08-13-03,Kaburantwa,0.6533350000000000
08-13-03,Nyamagana,0.37075599999999997
08-13-03,Mpanda,0.5216210000000000
08-13-03,Nyakagunda,0.5085260000000000
08-13-03,Nyengwe,0.2269070000000000
08-29-03,Buzimba,0.2702100000000000
08-29-03,Mulembwe,0.48607400000000001
08-29-03,Jiji,0.2702100000000000
08-29-03,Mutimbuzi,0.4782340000000000
08-29-03,Rusizi,0.4502320000000000
08-29-03,Kaburantwa,0.6491670000000000
08-29-03,Nyamagana,0.3619790000000000
08-29-03,Mpanda,0.5082630000000000
08-29-03,Nyakagunda,0.5138810000000000
08-29-03,Nyengwe,0.2702100000000000
09-14-03,Buzimba,0.17569499999999999
09-14-03,Mulembwe,0.4258220000000000
09-14-03,Jiji,0.17569499999999999
09-14-03,Mutimbuzi,0.4573620000000000
09-14-03,Rusizi,0.286565000000000
09-14-03,Kaburantwa,0.4545430000000000
09-14-03,Nyamagana,0.3571880000000000
09-14-03,Mpanda,0.4698380000000000
09-14-03,Nyakagunda,0.40807199999999999
09-14-03,Nyengwe,0.17569499999999999
09-30-03,Buzimba,0.3258730000000000
09-30-03,Mulembwe,0.5219819999999999
09-30-03,Jiji,0.3258730000000000
09-30-03,Mutimbuzi,0.5029260000000000
09-30-03,Rusizi,0.4090010000000000
09-30-03,Kaburantwa,0.6531570000000000
09-30-03,Nyamagana,0.34962599999999999
09-30-03,Mpanda,0.5159700000000000
09-30-03,Nyakagunda,0.5196140000000000
09-30-03,Nyengwe,0.3258730000000000
10-16-03,Buzimba,0.20863000000000001
10-16-03,Mulembwe,0.4351710000000000
10-16-03,Jiji,0.20863000000000001
10-16-03,Mutimbuzi,0.4974770000000000
10-16-03,Rusizi,0.325509000000000
10-16-03,Kaburantwa,0.5555870000000001
10-16-03,Nyamagana,0.46356399999999998
10-16-03,Mpanda,0.5165770000000000
10-16-03,Nyakagunda,0.5312610000000000
10-16-03,Nyengwe,0.20863000000000001
11-01-03,Buzimba,0.17738799999999999
11-01-03,Mulembwe,0.36897700000000000
11-01-03,Jiji,0.17738799999999999
11-01-03,Mutimbuzi,0.41872300000000001
11-01-03,Rusizi,0.4046840000000000
11-01-03,Kaburantwa,0.4904200000000000
11-01-03,Nyamagana,0.6046800000000000
11-01-03,Mpanda,0.5582140000000000
11-01-03,Nyakagunda,0.6497660000000000
11-01-03,Nyengwe,0.17738799999999999
11-17-03,Buzimba,0.2947380000000000
11-17-03,Mulembwe,0.5615570000000000
11-17-03,Jiji,0.2947380000000000
11-17-03,Mutimbuzi,0.5726990000000000
11-17-03,Rusizi,0.4052550000000000
11-17-03,Kaburantwa,0.5177550000000000
11-17-03,Nyamagana,0.5955970000000000
11-17-03,Mpanda,0.5917010000000000
11-17-03,Nyakagunda,0.6036560000000000
11-17-03,Nyengwe,0.2947380000000000
12-03-03,Buzimba,0.20606300000000000
12-03-03,Mulembwe,0.5264360000000000
12-03-03,Jiji,0.20606300000000000
12-03-03,Mutimbuzi,0.6611020000000000
12-03-03,Rusizi,0.48084100000000002
12-03-03,Kaburantwa,0.6838640000000000
12-03-03,Nyamagana,0.6703770000000000
12-03-03,Mpanda,0.6645310000000000
12-03-03,Nyakagunda,0.6526700000000000
12-03-03,Nyengwe,0.20606300000000000
12-19-03,Buzimba,0.3296650000000000
12-19-03,Mulembwe,0.6235260000000000
12-19-03,Jiji,0.3296650000000000
12-19-03,Mutimbuzi,0.5636790000000000
12-19-03,Rusizi,0.49975500000000000
12-19-03,Kaburantwa,0.7238599999999999
12-19-03,Nyamagana,0.6706330000000000
12-19-03,Mpanda,0.6447460000000000
12-19-03,Nyakagunda,0.6953700000000000
12-19-03,Nyengwe,0.3296650000000000
01-01-04,Buzimba,0.2457130000000000
01-01-04,Mulembwe,0.5696400000000000
01-01-04,Jiji,0.2457130000000000
01-01-04,Mutimbuzi,0.6529180000000000
01-01-04,Rusizi,0.41361799999999999
01-01-04,Kaburantwa,0.6210980000000000
01-01-04,Nyamagana,0.6900810000000001
01-01-04,Mpanda,0.6565960000000000
01-01-04,Nyakagunda,0.6410110000000000
01-01-04,Nyengwe,0.2457130000000000
01-17-04,Buzimba,0.2921440000000000
01-17-04,Mulembwe,0.6572020000000000
01-17-04,Jiji,0.2921440000000000
01-17-04,Mutimbuzi,0.644217000000000
01-17-04,Rusizi,0.5265760000000000
01-17-04,Kaburantwa,0.6936330000000001
01-17-04,Nyamagana,0.6357410000000000
01-17-04,Mpanda,0.6834740000000000
01-17-04,Nyakagunda,0.6185570000000000
01-17-04,Nyengwe,0.2921440000000000
02-02-04,Buzimba,0.3152580000000000
02-02-04,Mulembwe,0.6573540000000000
02-02-04,Jiji,0.3152580000000000
02-02-04,Mutimbuzi,0.6357969999999999
02-02-04,Rusizi,0.5450300000000000
02-02-04,Kaburantwa,0.6693260000000000
02-02-04,Nyamagana,0.6208830000000000
02-02-04,Mpanda,0.6505609999999999
02-02-04,Nyakagunda,0.7077270000000000
02-02-04,Nyengwe,0.3152580000000000
02-18-04,Buzimba,0.30988300000000002
02-18-04,Mulembwe,0.6355450000000000
02-18-04,Jiji,0.30988300000000002
02-18-04,Mutimbuzi,0.6380600000000000
02-18-04,Rusizi,0.566177000000000
02-18-04,Kaburantwa,0.7385830000000000
02-18-04,Nyamagana,0.634287000000000
02-18-04,Mpanda,0.7037440000000000
02-18-04,Nyakagunda,0.7112100000000000
02-18-04,Nyengwe,0.30988300000000002
03-05-04,Buzimba,0.22305700000000001
03-05-04,Mulembwe,0.5078420000000000
03-05-04,Jiji,0.22305700000000001
03-05-04,Mutimbuzi,0.49567299999999997
03-05-04,Rusizi,0.4909060000000000
03-05-04,Kaburantwa,0.5834660000000000
03-05-04,Nyamagana,0.6226420000000000
03-05-04,Mpanda,0.6190970000000000
03-05-04,Nyakagunda,0.6685190000000000
03-05-04,Nyengwe,0.22305700000000001
03-21-04,Buzimba,0.17060700000000001
03-21-04,Mulembwe,0.3631010000000000
03-21-04,Jiji,0.17060700000000001
03-21-04,Mutimbuzi,0.5443320000000000
03-21-04,Rusizi,0.36720599999999998
03-21-04,Kaburantwa,0.5397440000000000
03-21-04,Nyamagana,0.5565180000000000
03-21-04,Mpanda,0.6239180000000000
03-21-04,Nyakagunda,0.7072079999999999
03-21-04,Nyengwe,0.17060700000000001
04-06-04,Buzimba,0.2591560000000000
04-06-04,Mulembwe,0.5466220000000001
04-06-04,Jiji,0.2591560000000000
04-06-04,Mutimbuzi,0.6973470000000001
04-06-04,Rusizi,0.49878400000000001
04-06-04,Kaburantwa,0.5708550000000000
04-06-04,Nyamagana,0.6195560000000000
04-06-04,Mpanda,0.7002460000000000
04-06-04,Nyakagunda,0.6779700000000000
04-06-04,Nyengwe,0.2591560000000000
04-22-04,Buzimba,0.40000799999999997
04-22-04,Mulembwe,0.5048210000000000
04-22-04,Jiji,0.40000799999999997
04-22-04,Mutimbuzi,0.5898420000000000
04-22-04,Rusizi,0.4321910000000000
04-22-04,Kaburantwa,0.5088090000000000
04-22-04,Nyamagana,0.6243760000000000
04-22-04,Mpanda,0.6403320000000000
04-22-04,Nyakagunda,0.6779690000000000
04-22-04,Nyengwe,0.40000799999999997
05-08-04,Buzimba,0.5623660000000000
05-08-04,Mulembwe,0.7178850000000000
05-08-04,Jiji,0.5623660000000000
05-08-04,Mutimbuzi,0.7325780000000000
05-08-04,Rusizi,0.5456690000000000
05-08-04,Kaburantwa,0.6202460000000000
05-08-04,Nyamagana,0.5881030000000000
05-08-04,Mpanda,0.7323499999999999
05-08-04,Nyakagunda,0.7351130000000000
05-08-04,Nyengwe,0.5623660000000000
05-24-04,Buzimba,0.5022580000000000
05-24-04,Mulembwe,0.6579040000000000
05-24-04,Jiji,0.5022580000000000
05-24-04,Mutimbuzi,0.656063000000000
05-24-04,Rusizi,0.5026240000000000
05-24-04,Kaburantwa,0.7395530000000000
05-24-04,Nyamagana,0.5619350000000000
05-24-04,Mpanda,0.6839870000000000
05-24-04,Nyakagunda,0.7188369999999999
05-24-04,Nyengwe,0.5022580000000000
06-09-04,Buzimba,0.3397000000000000
06-09-04,Mulembwe,0.6025130000000000
06-09-04,Jiji,0.3397000000000000
06-09-04,Mutimbuzi,0.600192000000000
06-09-04,Rusizi,0.5085499999999999
06-09-04,Kaburantwa,0.7410230000000000
06-09-04,Nyamagana,0.4756550000000000
06-09-04,Mpanda,0.6168060000000000
06-09-04,Nyakagunda,0.6627189999999999
06-09-04,Nyengwe,0.3397000000000000
06-25-04,Buzimba,0.5725400000000000
06-25-04,Mulembwe,0.5606590000000000
06-25-04,Jiji,0.5725400000000000
06-25-04,Mutimbuzi,0.5607810000000000
06-25-04,Rusizi,0.5432040000000000
06-25-04,Kaburantwa,0.7312170000000000
06-25-04,Nyamagana,0.4135420000000000
06-25-04,Mpanda,0.5694410000000000
06-25-04,Nyakagunda,0.6111970000000000
06-25-04,Nyengwe,0.5725400000000000
07-11-04,Buzimba,0.30865700000000001
07-11-04,Mulembwe,0.5128990000000000
07-11-04,Jiji,0.30865700000000001
07-11-04,Mutimbuzi,0.4923250000000000
07-11-04,Rusizi,0.42395699999999997
07-11-04,Kaburantwa,0.6693740000000000
07-11-04,Nyamagana,0.35712300000000002
07-11-04,Mpanda,0.5118410000000000
07-11-04,Nyakagunda,0.5312070000000000
07-11-04,Nyengwe,0.30865700000000001
07-27-04,Buzimba,0.17296900000000001
07-27-04,Mulembwe,0.44415700000000002
07-27-04,Jiji,0.17296900000000001
07-27-04,Mutimbuzi,0.4695580000000000
07-27-04,Rusizi,0.37938699999999997
07-27-04,Kaburantwa,0.6623190000000000
07-27-04,Nyamagana,0.3705290000000000
07-27-04,Mpanda,0.5019670000000001
07-27-04,Nyakagunda,0.49929099999999998
07-27-04,Nyengwe,0.17296900000000001
08-12-04,Buzimba,0.3164370000000000
08-12-04,Mulembwe,0.46051599999999998
08-12-04,Jiji,0.3164370000000000
08-12-04,Mutimbuzi,0.4596500000000000
08-12-04,Rusizi,0.3886870000000000
08-12-04,Kaburantwa,0.6299110000000000
08-12-04,Nyamagana,0.35953200000000002
08-12-04,Mpanda,0.48572399999999999
08-12-04,Nyakagunda,0.49416500000000002
08-12-04,Nyengwe,0.3164370000000000
08-28-04,Buzimba,0.4303440000000000
08-28-04,Mulembwe,0.46303899999999998
08-28-04,Jiji,0.4303440000000000
08-28-04,Mutimbuzi,0.4588140000000000
08-28-04,Rusizi,0.3913930000000000
08-28-04,Kaburantwa,0.601553000000000
08-28-04,Nyamagana,0.34461999999999998
08-28-04,Mpanda,0.47290599999999999
08-28-04,Nyakagunda,0.433356000000000
08-28-04,Nyengwe,0.4303440000000000
09-13-04,Buzimba,0.34791800000000001
09-13-04,Mulembwe,0.4607800000000000
09-13-04,Jiji,0.34791800000000001
09-13-04,Mutimbuzi,0.462703000000000
09-13-04,Rusizi,0.4101200000000000
09-13-04,Kaburantwa,0.6356980000000000
09-13-04,Nyamagana,0.3304050000000000
09-13-04,Mpanda,0.49835600000000002
09-13-04,Nyakagunda,0.4669590000000000
09-13-04,Nyengwe,0.34791800000000001
09-29-04,Buzimba,0.17354900000000001
09-29-04,Mulembwe,0.4493460000000000
09-29-04,Jiji,0.17354900000000001
09-29-04,Mutimbuzi,0.435998000000000
09-29-04,Rusizi,0.38535199999999997
09-29-04,Kaburantwa,0.5395630000000000
09-29-04,Nyamagana,0.36603500000000000
09-29-04,Mpanda,0.505924000000000
09-29-04,Nyakagunda,0.4753260000000000
09-29-04,Nyengwe,0.17354900000000001
10-15-04,Buzimba,0.24961600000000000
10-15-04,Mulembwe,0.5045200000000000
10-15-04,Jiji,0.24961600000000000
10-15-04,Mutimbuzi,0.48716599999999999
10-15-04,Rusizi,0.3555870000000000
10-15-04,Kaburantwa,0.5383940000000000
10-15-04,Nyamagana,0.39804699999999998
10-15-04,Mpanda,0.5193600000000000
10-15-04,Nyakagunda,0.5055420000000000
10-15-04,Nyengwe,0.24961600000000000
10-31-04,Buzimba,0.23480699999999999
10-31-04,Mulembwe,0.4702920000000000
10-31-04,Jiji,0.23480699999999999
10-31-04,Mutimbuzi,0.5902740000000000
10-31-04,Rusizi,0.4308920000000000
10-31-04,Kaburantwa,0.5462770000000000
10-31-04,Nyamagana,0.5369060000000000
10-31-04,Mpanda,0.605112000000000
10-31-04,Nyakagunda,0.5815390000000000
10-31-04,Nyengwe,0.23480699999999999
11-16-04,Buzimba,0.24619500000000000
11-16-04,Mulembwe,0.5368030000000000
11-16-04,Jiji,0.24619500000000000
11-16-04,Mutimbuzi,0.6164080000000000
11-16-04,Rusizi,0.5629729999999999
11-16-04,Kaburantwa,0.5205310000000000
11-16-04,Nyamagana,0.596923000000000
11-16-04,Mpanda,0.6816990000000001
11-16-04,Nyakagunda,0.6443130000000000
11-16-04,Nyengwe,0.24619500000000000
12-02-04,Buzimba,0.23219300000000001
12-02-04,Mulembwe,0.5257870000000000
12-02-04,Jiji,0.23219300000000001
12-02-04,Mutimbuzi,0.6237220000000000
12-02-04,Rusizi,0.3249650000000000
12-02-04,Kaburantwa,0.4237830000000000
12-02-04,Nyamagana,0.5984290000000000
12-02-04,Mpanda,0.6147670000000000
12-02-04,Nyakagunda,0.6448280000000000
12-02-04,Nyengwe,0.23219300000000001
12-18-04,Buzimba,0.27841300000000002
12-18-04,Mulembwe,0.6640960000000000
12-18-04,Jiji,0.27841300000000002
12-18-04,Mutimbuzi,0.6819470000000000
12-18-04,Rusizi,0.5400070000000000
12-18-04,Kaburantwa,0.7750130000000000
12-18-04,Nyamagana,0.6529090000000000
12-18-04,Mpanda,0.7337660000000000
12-18-04,Nyakagunda,0.748425000000000
12-18-04,Nyengwe,0.27841300000000002
01-01-05,Buzimba,0.2785950000000000
01-01-05,Mulembwe,0.6739180000000000
01-01-05,Jiji,0.2785950000000000
01-01-05,Mutimbuzi,0.6477180000000000
01-01-05,Rusizi,0.4994980000000000
01-01-05,Kaburantwa,0.6684280000000000
01-01-05,Nyamagana,0.6665910000000000
01-01-05,Mpanda,0.6914300000000000
01-01-05,Nyakagunda,0.7138750000000000
01-01-05,Nyengwe,0.2785950000000000
01-17-05,Buzimba,0.3164390000000000
01-17-05,Mulembwe,0.5688200000000000
01-17-05,Jiji,0.3164390000000000
01-17-05,Mutimbuzi,0.6117830000000000
01-17-05,Rusizi,0.5205620000000000
01-17-05,Kaburantwa,0.6585270000000000
01-17-05,Nyamagana,0.6593909999999999
01-17-05,Mpanda,0.6944230000000000
01-17-05,Nyakagunda,0.7271470000000000
01-17-05,Nyengwe,0.3164390000000000
02-02-05,Buzimba,0.3252570000000000
02-02-05,Mulembwe,0.6390040000000000
02-02-05,Jiji,0.3252570000000000
02-02-05,Mutimbuzi,0.6287990000000000
02-02-05,Rusizi,0.5852510000000000
02-02-05,Kaburantwa,0.6509740000000001
02-02-05,Nyamagana,0.6688530000000000
02-02-05,Mpanda,0.7111880000000000
02-02-05,Nyakagunda,0.7569669999999999
02-02-05,Nyengwe,0.3252570000000000
02-18-05,Buzimba,0.2993150000000000
02-18-05,Mulembwe,0.6421249999999999
02-18-05,Jiji,0.2993150000000000
02-18-05,Mutimbuzi,0.6508560000000000
02-18-05,Rusizi,0.5744089999999999
02-18-05,Kaburantwa,0.7638660000000000
02-18-05,Nyamagana,0.6398140000000000
02-18-05,Mpanda,0.7134690000000000
02-18-05,Nyakagunda,0.7096460000000000
02-18-05,Nyengwe,0.2993150000000000
03-06-05,Buzimba,0.42267900000000003
03-06-05,Mulembwe,0.6431050000000000
03-06-05,Jiji,0.42267900000000003
03-06-05,Mutimbuzi,0.6624960000000000
03-06-05,Rusizi,0.49467200000000000
03-06-05,Kaburantwa,0.7297430000000000
03-06-05,Nyamagana,0.6182210000000000
03-06-05,Mpanda,0.7122280000000000
03-06-05,Nyakagunda,0.6834090000000000
03-06-05,Nyengwe,0.42267900000000003
03-22-05,Buzimba,0.439537000000000
03-22-05,Mulembwe,0.5675600000000000
03-22-05,Jiji,0.439537000000000
03-22-05,Mutimbuzi,0.5805220000000000
03-22-05,Rusizi,0.5590580000000001
03-22-05,Kaburantwa,0.7171910000000000
03-22-05,Nyamagana,0.6428460000000000
03-22-05,Mpanda,0.6682660000000000
03-22-05,Nyakagunda,0.7078540000000000
03-22-05,Nyengwe,0.439537000000000
04-07-05,Buzimba,0.3986840000000000
04-07-05,Mulembwe,0.5476630000000000
04-07-05,Jiji,0.3986840000000000
04-07-05,Mutimbuzi,0.6395140000000000
04-07-05,Rusizi,0.4082270000000000
04-07-05,Kaburantwa,0.577084000000000
04-07-05,Nyamagana,0.6552820000000000
04-07-05,Mpanda,0.6355890000000000
04-07-05,Nyakagunda,0.631258000000000
04-07-05,Nyengwe,0.3986840000000000
04-23-05,Buzimba,0.4418080000000000
04-23-05,Mulembwe,0.6805730000000000
04-23-05,Jiji,0.4418080000000000
04-23-05,Mutimbuzi,0.6192550000000000
04-23-05,Rusizi,0.5101320000000000
04-23-05,Kaburantwa,0.7624800000000000
04-23-05,Nyamagana,0.5938940000000000
04-23-05,Mpanda,0.7025120000000000
04-23-05,Nyakagunda,0.6756580000000000
04-23-05,Nyengwe,0.4418080000000000
05-09-05,Buzimba,0.5214550000000000
05-09-05,Mulembwe,0.6335340000000000
05-09-05,Jiji,0.5214550000000000
05-09-05,Mutimbuzi,0.6722740000000000
05-09-05,Rusizi,0.561606000000000
05-09-05,Kaburantwa,0.6294970000000000
05-09-05,Nyamagana,0.6089639999999999
05-09-05,Mpanda,0.6716400000000000
05-09-05,Nyakagunda,0.6962800000000000
05-09-05,Nyengwe,0.5214550000000000
05-25-05,Buzimba,0.4273750000000000
05-25-05,Mulembwe,0.5304990000000001
05-25-05,Jiji,0.4273750000000000
05-25-05,Mutimbuzi,0.6250130000000000
05-25-05,Rusizi,0.5255440000000000
05-25-05,Kaburantwa,0.5773400000000000
05-25-05,Nyamagana,0.636770000000000
05-25-05,Mpanda,0.6727800000000000
05-25-05,Nyakagunda,0.7135510000000000
05-25-05,Nyengwe,0.4273750000000000
06-10-05,Buzimba,0.25955400000000001
06-10-05,Mulembwe,0.664658000000000
06-10-05,Jiji,0.25955400000000001
06-10-05,Mutimbuzi,0.6473920000000000
06-10-05,Rusizi,0.4841740000000000
06-10-05,Kaburantwa,0.7234690000000000
06-10-05,Nyamagana,0.6176920000000000
06-10-05,Mpanda,0.689862000000000
06-10-05,Nyakagunda,0.7009649999999999
06-10-05,Nyengwe,0.25955400000000001
06-26-05,Buzimba,0.440862000000000
06-26-05,Mulembwe,0.631872000000000
06-26-05,Jiji,0.440862000000000
06-26-05,Mutimbuzi,0.595809000000000
06-26-05,Rusizi,0.5656180000000000
06-26-05,Kaburantwa,0.7344090000000000
06-26-05,Nyamagana,0.5443740000000000
06-26-05,Mpanda,0.6424950000000000
06-26-05,Nyakagunda,0.6316090000000000
06-26-05,Nyengwe,0.440862000000000
07-12-05,Buzimba,0.25964100000000001
07-12-05,Mulembwe,0.5394200000000000
07-12-05,Jiji,0.25964100000000001
07-12-05,Mutimbuzi,0.5594810000000000
07-12-05,Rusizi,0.4759080000000000
07-12-05,Kaburantwa,0.7327260000000000
07-12-05,Nyamagana,0.491940000000000
07-12-05,Mpanda,0.5992680000000000
07-12-05,Nyakagunda,0.6033790000000000
07-12-05,Nyengwe,0.25964100000000001
07-28-05,Buzimba,0.4155780000000000
07-28-05,Mulembwe,0.5256990000000000
07-28-05,Jiji,0.4155780000000000
07-28-05,Mutimbuzi,0.5053750000000000
07-28-05,Rusizi,0.42959799999999998
07-28-05,Kaburantwa,0.6776460000000000
07-28-05,Nyamagana,0.43719200000000003
07-28-05,Mpanda,0.5464630000000000
07-28-05,Nyakagunda,0.5335770000000000
07-28-05,Nyengwe,0.4155780000000000
08-13-05,Buzimba,0.3235840000000000
08-13-05,Mulembwe,0.486610000000000
08-13-05,Jiji,0.3235840000000000
08-13-05,Mutimbuzi,0.4910680000000000
08-13-05,Rusizi,0.43167000000000000
08-13-05,Kaburantwa,0.6648280000000000
08-13-05,Nyamagana,0.40661900000000001
08-13-05,Mpanda,0.5228159999999999
08-13-05,Nyakagunda,0.5381320000000001
08-13-05,Nyengwe,0.3235840000000000
08-29-05,Buzimba,0.2655780000000000
08-29-05,Mulembwe,0.49479499999999998
08-29-05,Jiji,0.2655780000000000
08-29-05,Mutimbuzi,0.4837530000000000
08-29-05,Rusizi,0.3938250000000000
08-29-05,Kaburantwa,0.6560330000000000
08-29-05,Nyamagana,0.3714770000000000
08-29-05,Mpanda,0.5129150000000000
08-29-05,Nyakagunda,0.4999270000000000
08-29-05,Nyengwe,0.2655780000000000
09-14-05,Buzimba,0.21087500000000001
09-14-05,Mulembwe,0.46760900000000000
09-14-05,Jiji,0.21087500000000001
09-14-05,Mutimbuzi,0.468435000000000
09-14-05,Rusizi,0.43556099999999998
09-14-05,Kaburantwa,0.6349810000000000
09-14-05,Nyamagana,0.32268799999999997
09-14-05,Mpanda,0.4872980000000000
09-14-05,Nyakagunda,0.44783000000000001
09-14-05,Nyengwe,0.21087500000000001
09-30-05,Buzimba,0.1634010000000000
09-30-05,Mulembwe,0.4758930000000000
09-30-05,Jiji,0.1634010000000000
09-30-05,Mutimbuzi,0.4650470000000000
09-30-05,Rusizi,0.3294230000000000
09-30-05,Kaburantwa,0.6104930000000000
09-30-05,Nyamagana,0.32996999999999999
09-30-05,Mpanda,0.49990800000000002
09-30-05,Nyakagunda,0.4673150000000000
09-30-05,Nyengwe,0.1634010000000000
10-16-05,Buzimba,0.18886800000000001
10-16-05,Mulembwe,0.4054110000000000
10-16-05,Jiji,0.18886800000000001
10-16-05,Mutimbuzi,0.37851099999999999
10-16-05,Rusizi,0.29285099999999997
10-16-05,Kaburantwa,0.4448910000000000
10-16-05,Nyamagana,0.3724700000000000
10-16-05,Mpanda,0.45615800000000001
10-16-05,Nyakagunda,0.5028680000000000
10-16-05,Nyengwe,0.18886800000000001
11-01-05,Buzimba,0.27514400000000000
11-01-05,Mulembwe,0.45493099999999997
11-01-05,Jiji,0.27514400000000000
11-01-05,Mutimbuzi,0.5221840000000000
11-01-05,Rusizi,0.342049000000000
11-01-05,Kaburantwa,0.516021000000000
11-01-05,Nyamagana,0.4230800000000000
11-01-05,Mpanda,0.5522240000000000
11-01-05,Nyakagunda,0.5951900000000000
11-01-05,Nyengwe,0.27514400000000000
11-17-05,Buzimba,0.33919100000000002
11-17-05,Mulembwe,0.5770880000000000
11-17-05,Jiji,0.33919100000000002
11-17-05,Mutimbuzi,0.5712860000000000
11-17-05,Rusizi,0.438731000000000
11-17-05,Kaburantwa,0.5930160000000000
11-17-05,Nyamagana,0.45574999999999999
11-17-05,Mpanda,0.6109260000000000
11-17-05,Nyakagunda,0.6555410000000000
11-17-05,Nyengwe,0.33919100000000002
12-03-05,Buzimba,0.3479120000000000
12-03-05,Mulembwe,0.5992230000000000
12-03-05,Jiji,0.3479120000000000
12-03-05,Mutimbuzi,0.6003820000000000
12-03-05,Rusizi,0.4826300000000000
12-03-05,Kaburantwa,0.7263110000000000
12-03-05,Nyamagana,0.5127170000000000
12-03-05,Mpanda,0.629428000000000
12-03-05,Nyakagunda,0.6766160000000000
12-03-05,Nyengwe,0.3479120000000000
12-19-05,Buzimba,0.36289199999999999
12-19-05,Mulembwe,0.67103900000000
12-19-05,Jiji,0.36289199999999999
12-19-05,Mutimbuzi,0.6487039999999999
12-19-05,Rusizi,0.5121440000000000
12-19-05,Kaburantwa,0.6997409999999999
12-19-05,Nyamagana,0.4779540000000000
12-19-05,Mpanda,0.6444010000000000
12-19-05,Nyakagunda,0.6885960000000000
12-19-05,Nyengwe,0.36289199999999999
01-01-06,Buzimba,0.2812120000000000
01-01-06,Mulembwe,0.5590270000000001
01-01-06,Jiji,0.2812120000000000
01-01-06,Mutimbuzi,0.536633000000000
01-01-06,Rusizi,0.5086790000000000
01-01-06,Kaburantwa,0.6020640000000000
01-01-06,Nyamagana,0.5505620000000000
01-01-06,Mpanda,0.5932370000000000
01-01-06,Nyakagunda,0.6469840000000000
01-01-06,Nyengwe,0.2812120000000000
01-17-06,Buzimba,0.4626110000000000
01-17-06,Mulembwe,0.6206550000000000
01-17-06,Jiji,0.4626110000000000
01-17-06,Mutimbuzi,0.6237750000000000
01-17-06,Rusizi,0.4798950000000000
01-17-06,Kaburantwa,0.7647790000000000
01-17-06,Nyamagana,0.572480000000000
01-17-06,Mpanda,0.6727690000000000
01-17-06,Nyakagunda,0.687018000000000
01-17-06,Nyengwe,0.4626110000000000
02-02-06,Buzimba,0.4979970000000000
02-02-06,Mulembwe,0.6433160000000000
02-02-06,Jiji,0.4979970000000000
02-02-06,Mutimbuzi,0.6057370000000000
02-02-06,Rusizi,0.5214839999999999
02-02-06,Kaburantwa,0.7266770000000000
02-02-06,Nyamagana,0.5758020000000000
02-02-06,Mpanda,0.6517910000000000
02-02-06,Nyakagunda,0.6621629999999999
02-02-06,Nyengwe,0.4979970000000000
02-18-06,Buzimba,0.3469320000000000
02-18-06,Mulembwe,0.6465970000000000
02-18-06,Jiji,0.3469320000000000
02-18-06,Mutimbuzi,0.6750190000000000
02-18-06,Rusizi,0.5371550000000000
02-18-06,Kaburantwa,0.7925510000000000
02-18-06,Nyamagana,0.5677200000000000
02-18-06,Mpanda,0.7186709999999999
02-18-06,Nyakagunda,0.6968230000000000
02-18-06,Nyengwe,0.3469320000000000
03-06-06,Buzimba,0.325601000000000
03-06-06,Mulembwe,0.6031200000000000
03-06-06,Jiji,0.325601000000000
03-06-06,Mutimbuzi,0.6066090000000000
03-06-06,Rusizi,0.5057520000000000
03-06-06,Kaburantwa,0.6850840000000000
03-06-06,Nyamagana,0.5962730000000001
03-06-06,Mpanda,0.6594920000000000
03-06-06,Nyakagunda,0.6037320000000000
03-06-06,Nyengwe,0.325601000000000
03-22-06,Buzimba,0.3820110000000000
03-22-06,Mulembwe,0.6397160000000000
03-22-06,Jiji,0.3820110000000000
03-22-06,Mutimbuzi,0.6535230000000000
03-22-06,Rusizi,0.5861100000000000
03-22-06,Kaburantwa,0.6867500000000000
03-22-06,Nyamagana,0.6387370000000000
03-22-06,Mpanda,0.7195830000000000
03-22-06,Nyakagunda,0.7246890000000000
03-22-06,Nyengwe,0.3820110000000000
04-07-06,Buzimba,0.24202199999999999
04-07-06,Mulembwe,0.5943530000000000
04-07-06,Jiji,0.24202199999999999
04-07-06,Mutimbuzi,0.6401800000000000
04-07-06,Rusizi,0.5101500000000000
04-07-06,Kaburantwa,0.7091270000000000
04-07-06,Nyamagana,0.6493620000000000
04-07-06,Mpanda,0.752046000000000
04-07-06,Nyakagunda,0.713262000000000
04-07-06,Nyengwe,0.24202199999999999
04-23-06,Buzimba,0.40113900000000002
04-23-06,Mulembwe,0.4896180000000000
04-23-06,Jiji,0.40113900000000002
04-23-06,Mutimbuzi,0.5131800000000000
04-23-06,Rusizi,0.5013270000000000
04-23-06,Kaburantwa,0.5461650000000000
04-23-06,Nyamagana,0.6442120000000000
04-23-06,Mpanda,0.6167680000000000
04-23-06,Nyakagunda,0.6548400000000000
04-23-06,Nyengwe,0.40113900000000002
05-09-06,Buzimba,0.2637770000000000
05-09-06,Mulembwe,0.6607020000000000
05-09-06,Jiji,0.2637770000000000
05-09-06,Mutimbuzi,0.6041160000000000
05-09-06,Rusizi,0.4751130000000000
05-09-06,Kaburantwa,0.583380000000000
05-09-06,Nyamagana,0.657672000000000
05-09-06,Mpanda,0.6556520000000000
05-09-06,Nyakagunda,0.6972690000000000
05-09-06,Nyengwe,0.2637770000000000
05-25-06,Buzimba,0.5397130000000000
05-25-06,Mulembwe,0.6590760000000000
05-25-06,Jiji,0.5397130000000000
05-25-06,Mutimbuzi,0.6718970000000000
05-25-06,Rusizi,0.5673660000000000
05-25-06,Kaburantwa,0.6227420000000000
05-25-06,Nyamagana,0.6282190000000000
05-25-06,Mpanda,0.7035380000000000
05-25-06,Nyakagunda,0.6848640000000000
05-25-06,Nyengwe,0.5397130000000000
06-10-06,Buzimba,0.6283420000000000
06-10-06,Mulembwe,0.6757590000000000
06-10-06,Jiji,0.6283420000000000
06-10-06,Mutimbuzi,0.6394050000000000
06-10-06,Rusizi,0.5886280000000000
06-10-06,Kaburantwa,0.7719470000000000
06-10-06,Nyamagana,0.5656150000000000
06-10-06,Mpanda,0.672744000000000
06-10-06,Nyakagunda,0.6855200000000000
06-10-06,Nyengwe,0.6283420000000000
06-26-06,Buzimba,0.543531000000000
06-26-06,Mulembwe,0.6206100000000000
06-26-06,Jiji,0.543531000000000
06-26-06,Mutimbuzi,0.5726960000000000
06-26-06,Rusizi,0.5458499999999999
06-26-06,Kaburantwa,0.7196970000000000
06-26-06,Nyamagana,0.4791860000000000
06-26-06,Mpanda,0.6029139999999999
06-26-06,Nyakagunda,0.6373790000000000
06-26-06,Nyengwe,0.543531000000000
07-12-06,Buzimba,0.20191400000000001
07-12-06,Mulembwe,0.5304759999999999
07-12-06,Jiji,0.20191400000000001
07-12-06,Mutimbuzi,0.5189080000000000
07-12-06,Rusizi,0.4845360000000000
07-12-06,Kaburantwa,0.6790500000000000
07-12-06,Nyamagana,0.44275700000000001
07-12-06,Mpanda,0.5794230000000000
07-12-06,Nyakagunda,0.5671580000000001
07-12-06,Nyengwe,0.20191400000000001
07-28-06,Buzimba,0.21972800000000001
07-28-06,Mulembwe,0.5028629999999999
07-28-06,Jiji,0.21972800000000001
07-28-06,Mutimbuzi,0.5145420000000001
07-28-06,Rusizi,0.36008099999999998
07-28-06,Kaburantwa,0.5474090000000000
07-28-06,Nyamagana,0.40232800000000002
07-28-06,Mpanda,0.5398280000000000
07-28-06,Nyakagunda,0.511945000000000
07-28-06,Nyengwe,0.21972800000000001
08-13-06,Buzimba,0.32013000000000003
08-13-06,Mulembwe,0.5027450000000000
08-13-06,Jiji,0.32013000000000003
08-13-06,Mutimbuzi,0.4999030000000000
08-13-06,Rusizi,0.4830790000000000
08-13-06,Kaburantwa,0.6821880000000000
08-13-06,Nyamagana,0.3890370000000000
08-13-06,Mpanda,0.5429580000000001
08-13-06,Nyakagunda,0.5230990000000000
08-13-06,Nyengwe,0.32013000000000003
08-29-06,Buzimba,0.19031100000000001
08-29-06,Mulembwe,0.43918600000000002
08-29-06,Jiji,0.19031100000000001
08-29-06,Mutimbuzi,0.45923900000000001
08-29-06,Rusizi,0.4442620000000000
08-29-06,Kaburantwa,0.6374980000000000
08-29-06,Nyamagana,0.3482770000000000
08-29-06,Mpanda,0.5017650000000000
08-29-06,Nyakagunda,0.4719650000000000
08-29-06,Nyengwe,0.19031100000000001
09-14-06,Buzimba,0.1376020000000000
09-14-06,Mulembwe,0.40624700000000002
09-14-06,Jiji,0.1376020000000000
09-14-06,Mutimbuzi,0.4565100000000000
09-14-06,Rusizi,0.2880600000000000
09-14-06,Kaburantwa,0.5561260000000000
09-14-06,Nyamagana,0.3504300000000000
09-14-06,Mpanda,0.4947040000000000
09-14-06,Nyakagunda,0.4259890000000000
09-14-06,Nyengwe,0.1376020000000000
09-30-06,Buzimba,0.2364880000000000
09-30-06,Mulembwe,0.47969099999999998
09-30-06,Jiji,0.2364880000000000
09-30-06,Mutimbuzi,0.46071099999999998
09-30-06,Rusizi,0.3526130000000000
09-30-06,Kaburantwa,0.6435220000000000
09-30-06,Nyamagana,0.3183570000000000
09-30-06,Mpanda,0.5049760000000000
09-30-06,Nyakagunda,0.4589490000000000
09-30-06,Nyengwe,0.2364880000000000
10-16-06,Buzimba,0.27258900000000003
10-16-06,Mulembwe,0.49704399999999999
10-16-06,Jiji,0.27258900000000003
10-16-06,Mutimbuzi,0.4796240000000000
10-16-06,Rusizi,0.36899100000000001
10-16-06,Kaburantwa,0.5621590000000000
10-16-06,Nyamagana,0.34121099999999999
10-16-06,Mpanda,0.524867000000000
10-16-06,Nyakagunda,0.48994300000000002
10-16-06,Nyengwe,0.27258900000000003
11-01-06,Buzimba,0.15915799999999999
11-01-06,Mulembwe,0.21711500000000000
11-01-06,Jiji,0.15915799999999999
11-01-06,Mutimbuzi,0.43901699999999999
11-01-06,Rusizi,0.27614000000000000
11-01-06,Kaburantwa,0.38289800000000002
11-01-06,Nyamagana,0.5572530000000000
11-01-06,Mpanda,0.5228800000000000
11-01-06,Nyakagunda,0.50460300000000
11-01-06,Nyengwe,0.15915799999999999
11-17-06,Buzimba,0.100512000000000
11-17-06,Mulembwe,0.3268030000000000
11-17-06,Jiji,0.100512000000000
11-17-06,Mutimbuzi,0.503640000000000
11-17-06,Rusizi,0.2385820000000000
11-17-06,Kaburantwa,0.418976000000000
11-17-06,Nyamagana,0.6327610000000000
11-17-06,Mpanda,0.4973390000000000
11-17-06,Nyakagunda,0.5383690000000000
11-17-06,Nyengwe,0.100512000000000
12-03-06,Buzimba,0.3219810000000000
12-03-06,Mulembwe,0.5288890000000001
12-03-06,Jiji,0.3219810000000000
12-03-06,Mutimbuzi,0.5620440000000000
12-03-06,Rusizi,0.5133910000000000
12-03-06,Kaburantwa,0.6311080000000000
12-03-06,Nyamagana,0.6754260000000000
12-03-06,Mpanda,0.6741740000000001
12-03-06,Nyakagunda,0.6794480000000001
12-03-06,Nyengwe,0.3219810000000000
12-19-06,Buzimba,0.2606240000000000
12-19-06,Mulembwe,0.5428340000000000
12-19-06,Jiji,0.2606240000000000
12-19-06,Mutimbuzi,0.6435460000000000
12-19-06,Rusizi,0.4391320000000000
12-19-06,Kaburantwa,0.545354000000000
12-19-06,Nyamagana,0.7067250000000000
12-19-06,Mpanda,0.6601910000000000
12-19-06,Nyakagunda,0.68752900000000
12-19-06,Nyengwe,0.2606240000000000
01-01-07,Buzimba,0.3164010000000000
01-01-07,Mulembwe,0.5132590000000000
01-01-07,Jiji,0.3164010000000000
01-01-07,Mutimbuzi,0.690424000000000
01-01-07,Rusizi,0.48930499999999999
01-01-07,Kaburantwa,0.7207880000000000
01-01-07,Nyamagana,0.7049900000000000
01-01-07,Mpanda,0.7466670000000000
01-01-07,Nyakagunda,0.733429000000000
01-01-07,Nyengwe,0.3164010000000000
01-17-07,Buzimba,0.4032360000000000
01-17-07,Mulembwe,0.7034470000000000
01-17-07,Jiji,0.4032360000000000
01-17-07,Mutimbuzi,0.6479960000000000
01-17-07,Rusizi,0.5735840000000000
01-17-07,Kaburantwa,0.697352000000000
01-17-07,Nyamagana,0.7257410000000000
01-17-07,Mpanda,0.7357750000000000
01-17-07,Nyakagunda,0.755307000000000
01-17-07,Nyengwe,0.4032360000000000
02-02-07,Buzimba,0.2961190000000000
02-02-07,Mulembwe,0.681202000000000
02-02-07,Jiji,0.2961190000000000
02-02-07,Mutimbuzi,0.6940040000000000
02-02-07,Rusizi,0.5332170000000001
02-02-07,Kaburantwa,0.700311000000000
02-02-07,Nyamagana,0.7296080000000000
02-02-07,Mpanda,0.7377500000000000
02-02-07,Nyakagunda,0.7647400000000000
02-02-07,Nyengwe,0.2961190000000000
02-18-07,Buzimba,0.5706080000000000
02-18-07,Mulembwe,0.6976950000000000
02-18-07,Jiji,0.5706080000000000
02-18-07,Mutimbuzi,0.6724390000000000
02-18-07,Rusizi,0.5861810000000000
02-18-07,Kaburantwa,0.7775000000000000
02-18-07,Nyamagana,0.6541410000000000
02-18-07,Mpanda,0.7237790000000000
02-18-07,Nyakagunda,0.7220090000000000
02-18-07,Nyengwe,0.5706080000000000
03-06-07,Buzimba,0.30353999999999998
03-06-07,Mulembwe,0.5952380000000000
03-06-07,Jiji,0.30353999999999998
03-06-07,Mutimbuzi,0.663191000000000
03-06-07,Rusizi,0.5895830000000000
03-06-07,Kaburantwa,0.7292270000000000
03-06-07,Nyamagana,0.6189170000000001
03-06-07,Mpanda,0.698584000000000
03-06-07,Nyakagunda,0.7217940000000000
03-06-07,Nyengwe,0.30353999999999998
03-22-07,Buzimba,0.446913000000000
03-22-07,Mulembwe,0.5731650000000000
03-22-07,Jiji,0.446913000000000
03-22-07,Mutimbuzi,0.5965920000000000
03-22-07,Rusizi,0.5225080000000000
03-22-07,Kaburantwa,0.5028140000000000
03-22-07,Nyamagana,0.6196570000000000
03-22-07,Mpanda,0.6073210000000000
03-22-07,Nyakagunda,0.6401670000000000
03-22-07,Nyengwe,0.446913000000000
04-07-07,Buzimba,0.3044950000000000
04-07-07,Mulembwe,0.5906220000000000
04-07-07,Jiji,0.3044950000000000
04-07-07,Mutimbuzi,0.5091950000000000
04-07-07,Rusizi,0.4623960000000000
04-07-07,Kaburantwa,0.5726840000000000
04-07-07,Nyamagana,0.6185320000000000
04-07-07,Mpanda,0.6269100000000000
04-07-07,Nyakagunda,0.6544340000000000
04-07-07,Nyengwe,0.3044950000000000
04-23-07,Buzimba,0.4292110000000000
04-23-07,Mulembwe,0.5979150000000000
04-23-07,Jiji,0.4292110000000000
04-23-07,Mutimbuzi,0.6409680000000000
04-23-07,Rusizi,0.5429070000000000
04-23-07,Kaburantwa,0.6230090000000000
04-23-07,Nyamagana,0.612349000000000
04-23-07,Mpanda,0.6727680000000000
04-23-07,Nyakagunda,0.6980990000000000
04-23-07,Nyengwe,0.4292110000000000
05-09-07,Buzimba,0.45256000000000002
05-09-07,Mulembwe,0.5791140000000000
05-09-07,Jiji,0.45256000000000002
05-09-07,Mutimbuzi,0.6249620000000000
05-09-07,Rusizi,0.5220420000000000
05-09-07,Kaburantwa,0.7612150000000000
05-09-07,Nyamagana,0.5938400000000000
05-09-07,Mpanda,0.656611000000000
05-09-07,Nyakagunda,0.6709180000000000
05-09-07,Nyengwe,0.45256000000000002
05-25-07,Buzimba,0.3116950000000000
05-25-07,Mulembwe,0.5846740000000000
05-25-07,Jiji,0.3116950000000000
05-25-07,Mutimbuzi,0.5713640000000000
05-25-07,Rusizi,0.4881550000000000
05-25-07,Kaburantwa,0.4418260000000000
05-25-07,Nyamagana,0.5816700000000000
05-25-07,Mpanda,0.609497000000000
05-25-07,Nyakagunda,0.5756540000000000
05-25-07,Nyengwe,0.3116950000000000
06-10-07,Buzimba,0.269272000000000
06-10-07,Mulembwe,0.6412250000000000
06-10-07,Jiji,0.269272000000000
06-10-07,Mutimbuzi,0.6316810000000000
06-10-07,Rusizi,0.44024500000000000
06-10-07,Kaburantwa,0.7857840000000000
06-10-07,Nyamagana,0.577929000000000
06-10-07,Mpanda,0.681806000000000
06-10-07,Nyakagunda,0.6472700000000000
06-10-07,Nyengwe,0.269272000000000
06-26-07,Buzimba,0.27282800000000001
06-26-07,Mulembwe,0.6324970000000000
06-26-07,Jiji,0.27282800000000001
06-26-07,Mutimbuzi,0.6393280000000000
06-26-07,Rusizi,0.5420660000000000
06-26-07,Kaburantwa,0.697711000000000
06-26-07,Nyamagana,0.5499960000000000
06-26-07,Mpanda,0.6630160000000000
06-26-07,Nyakagunda,0.6407870000000000
06-26-07,Nyengwe,0.27282800000000001
07-12-07,Buzimba,0.2283160000000000
07-12-07,Mulembwe,0.6042110000000001
07-12-07,Jiji,0.2283160000000000
07-12-07,Mutimbuzi,0.5812929999999999
07-12-07,Rusizi,0.4338090000000000
07-12-07,Kaburantwa,0.6993190000000000
07-12-07,Nyamagana,0.4965050000000000
07-12-07,Mpanda,0.6355870000000000
07-12-07,Nyakagunda,0.6233170000000000
07-12-07,Nyengwe,0.2283160000000000
07-28-07,Buzimba,0.30582300000000001
07-28-07,Mulembwe,0.545596000000000
07-28-07,Jiji,0.30582300000000001
07-28-07,Mutimbuzi,0.5351590000000001
07-28-07,Rusizi,0.42250599999999999
07-28-07,Kaburantwa,0.6003190000000000
07-28-07,Nyamagana,0.44578600000000002
07-28-07,Mpanda,0.5910029999999999
07-28-07,Nyakagunda,0.5714510000000000
07-28-07,Nyengwe,0.30582300000000001
08-13-07,Buzimba,0.40972599999999998
08-13-07,Mulembwe,0.5448040000000000
08-13-07,Jiji,0.40972599999999998
08-13-07,Mutimbuzi,0.5077230000000000
08-13-07,Rusizi,0.5068420000000000
08-13-07,Kaburantwa,0.6957870000000000
08-13-07,Nyamagana,0.3775040000000000
08-13-07,Mpanda,0.5566430000000000
08-13-07,Nyakagunda,0.5496600000000000
08-13-07,Nyengwe,0.40972599999999998
08-29-07,Buzimba,0.2436850000000000
08-29-07,Mulembwe,0.4860830000000000
08-29-07,Jiji,0.2436850000000000
08-29-07,Mutimbuzi,0.48734200000000000
08-29-07,Rusizi,0.46088800000000002
08-29-07,Kaburantwa,0.6803150000000000
08-29-07,Nyamagana,0.37674300000000
08-29-07,Mpanda,0.5449730000000000
08-29-07,Nyakagunda,0.5237340000000000
08-29-07,Nyengwe,0.2436850000000000
09-14-07,Buzimba,0.24020800000000000
09-14-07,Mulembwe,0.4867380000000000
09-14-07,Jiji,0.24020800000000000
09-14-07,Mutimbuzi,0.45502199999999998
09-14-07,Rusizi,0.42851000000000000
09-14-07,Kaburantwa,0.6427970000000000
09-14-07,Nyamagana,0.35953400000000002
09-14-07,Mpanda,0.5114010000000000
09-14-07,Nyakagunda,0.5228350000000000
09-14-07,Nyengwe,0.24020800000000000
09-30-07,Buzimba,0.2319190000000000
09-30-07,Mulembwe,0.491066000000000
09-30-07,Jiji,0.2319190000000000
09-30-07,Mutimbuzi,0.45925800000000000
09-30-07,Rusizi,0.4493400000000000
09-30-07,Kaburantwa,0.5182450000000000
09-30-07,Nyamagana,0.3973510000000000
09-30-07,Mpanda,0.4975850000000000
09-30-07,Nyakagunda,0.5158000000000000
09-30-07,Nyengwe,0.2319190000000000
10-16-07,Buzimba,0.29015299999999999
10-16-07,Mulembwe,0.48853300000000000
10-16-07,Jiji,0.29015299999999999
10-16-07,Mutimbuzi,0.530549000000000
10-16-07,Rusizi,0.4285080000000000
10-16-07,Kaburantwa,0.4967700000000000
10-16-07,Nyamagana,0.45505400000000001
10-16-07,Mpanda,0.5727120000000000
10-16-07,Nyakagunda,0.5134870000000000
10-16-07,Nyengwe,0.29015299999999999
11-01-07,Buzimba,0.1056350000000000
11-01-07,Mulembwe,0.2924160000000000
11-01-07,Jiji,0.1056350000000000
11-01-07,Mutimbuzi,0.4360660000000000
11-01-07,Rusizi,0.343128000000000
11-01-07,Kaburantwa,0.4999100000000000
11-01-07,Nyamagana,0.4568530000000000
11-01-07,Mpanda,0.5555130000000000
11-01-07,Nyakagunda,0.5403829999999999
11-01-07,Nyengwe,0.1056350000000000
11-17-07,Buzimba,0.14121600000000001
11-17-07,Mulembwe,0.3502660000000000
11-17-07,Jiji,0.14121600000000001
11-17-07,Mutimbuzi,0.5178380000000000
11-17-07,Rusizi,0.29901100000000003
11-17-07,Kaburantwa,0.4652870000000000
11-17-07,Nyamagana,0.4174230000000000
11-17-07,Mpanda,0.6080640000000000
11-17-07,Nyakagunda,0.5440900000000000
11-17-07,Nyengwe,0.14121600000000001
12-03-07,Buzimba,0.2190250000000000
12-03-07,Mulembwe,0.6008599999999999
12-03-07,Jiji,0.2190250000000000
12-03-07,Mutimbuzi,0.6480750000000000
12-03-07,Rusizi,0.6133050000000000
12-03-07,Kaburantwa,0.6882630000000000
12-03-07,Nyamagana,0.6347860000000000
12-03-07,Mpanda,0.7075050000000001
12-03-07,Nyakagunda,0.7476780000000000
12-03-07,Nyengwe,0.2190250000000000
12-19-07,Buzimba,0.3150600000000000
12-19-07,Mulembwe,0.635502000000000
12-19-07,Jiji,0.3150600000000000
12-19-07,Mutimbuzi,0.6676460000000000
12-19-07,Rusizi,0.600886000000000
12-19-07,Kaburantwa,0.7300980000000000
12-19-07,Nyamagana,0.6157170000000000
12-19-07,Mpanda,0.6968330000000000
12-19-07,Nyakagunda,0.7301760000000000
12-19-07,Nyengwe,0.3150600000000000
01-01-08,Buzimba,0.32286599999999999
01-01-08,Mulembwe,0.6348850000000000
01-01-08,Jiji,0.32286599999999999
01-01-08,Mutimbuzi,0.6368410000000000
01-01-08,Rusizi,0.5842170000000000
01-01-08,Kaburantwa,0.7012690000000000
01-01-08,Nyamagana,0.6374590000000000
01-01-08,Mpanda,0.6757690000000000
01-01-08,Nyakagunda,0.7097410000000000
01-01-08,Nyengwe,0.32286599999999999
01-17-08,Buzimba,0.25777899999999998
01-17-08,Mulembwe,0.5303990000000000
01-17-08,Jiji,0.25777899999999998
01-17-08,Mutimbuzi,0.6555920000000000
01-17-08,Rusizi,0.574128000000000
01-17-08,Kaburantwa,0.6798050000000000
01-17-08,Nyamagana,0.6549810000000000
01-17-08,Mpanda,0.6989310000000000
01-17-08,Nyakagunda,0.7147880000000000
01-17-08,Nyengwe,0.25777899999999998
02-02-08,Buzimba,0.2875620000000000
02-02-08,Mulembwe,0.6169000000000000
02-02-08,Jiji,0.2875620000000000
02-02-08,Mutimbuzi,0.6653060000000000
02-02-08,Rusizi,0.5989470000000000
02-02-08,Kaburantwa,0.7812720000000000
02-02-08,Nyamagana,0.6514529999999999
02-02-08,Mpanda,0.6966080000000000
02-02-08,Nyakagunda,0.7308610000000000
02-02-08,Nyengwe,0.2875620000000000
02-18-08,Buzimba,0.2795890000000000
02-18-08,Mulembwe,0.6199390000000000
02-18-08,Jiji,0.2795890000000000
02-18-08,Mutimbuzi,0.6088400000000000
02-18-08,Rusizi,0.5065200000000000
02-18-08,Kaburantwa,0.6356870000000000
02-18-08,Nyamagana,0.608200000000000
02-18-08,Mpanda,0.6587760000000000
02-18-08,Nyakagunda,0.6557530000000000
02-18-08,Nyengwe,0.2795890000000000
03-05-08,Buzimba,0.2396960000000000
03-05-08,Mulembwe,0.515625000000000
03-05-08,Jiji,0.2396960000000000
03-05-08,Mutimbuzi,0.5276400000000000
03-05-08,Rusizi,0.49976799999999999
03-05-08,Kaburantwa,0.43387599999999998
03-05-08,Nyamagana,0.6512330000000000
03-05-08,Mpanda,0.603442000000000
03-05-08,Nyakagunda,0.6294870000000000
03-05-08,Nyengwe,0.2396960000000000
03-21-08,Buzimba,0.4610650000000000
03-21-08,Mulembwe,0.5720240000000000
03-21-08,Jiji,0.4610650000000000
03-21-08,Mutimbuzi,0.5781740000000000
03-21-08,Rusizi,0.4622760000000000
03-21-08,Kaburantwa,0.6423070000000000
03-21-08,Nyamagana,0.6536320000000000
03-21-08,Mpanda,0.6698860000000000
03-21-08,Nyakagunda,0.6556740000000000
03-21-08,Nyengwe,0.4610650000000000
04-06-08,Buzimba,0.38842300000000002
04-06-08,Mulembwe,0.5270560000000000
04-06-08,Jiji,0.38842300000000002
04-06-08,Mutimbuzi,0.4715580000000000
04-06-08,Rusizi,0.4397510000000000
04-06-08,Kaburantwa,0.4930350000000000
04-06-08,Nyamagana,0.6817760000000000
04-06-08,Mpanda,0.582351000000000
04-06-08,Nyakagunda,0.6158730000000000
04-06-08,Nyengwe,0.38842300000000002
04-22-08,Buzimba,0.5419260000000000
04-22-08,Mulembwe,0.6311160000000000
04-22-08,Jiji,0.5419260000000000
04-22-08,Mutimbuzi,0.6296940000000000
04-22-08,Rusizi,0.5447300000000000
04-22-08,Kaburantwa,0.6235400000000000
04-22-08,Nyamagana,0.6284910000000000
04-22-08,Mpanda,0.6360260000000000
04-22-08,Nyakagunda,0.6469390000000000
04-22-08,Nyengwe,0.5419260000000000
05-08-08,Buzimba,0.525577000000000
05-08-08,Mulembwe,0.6454230000000000
05-08-08,Jiji,0.525577000000000
05-08-08,Mutimbuzi,0.6235010000000000
05-08-08,Rusizi,0.4758520000000000
05-08-08,Kaburantwa,0.6329000000000000
05-08-08,Nyamagana,0.5455870000000000
05-08-08,Mpanda,0.6457610000000000
05-08-08,Nyakagunda,0.6362690000000000
05-08-08,Nyengwe,0.525577000000000
05-24-08,Buzimba,0.30779699999999999
05-24-08,Mulembwe,0.4782000000000000
05-24-08,Jiji,0.30779699999999999
05-24-08,Mutimbuzi,0.6069900000000000
05-24-08,Rusizi,0.3803120000000000
05-24-08,Kaburantwa,0.5244410000000000
05-24-08,Nyamagana,0.5582910000000000
05-24-08,Mpanda,0.5992060000000000
05-24-08,Nyakagunda,0.6724460000000000
05-24-08,Nyengwe,0.30779699999999999
06-09-08,Buzimba,0.5275830000000000
06-09-08,Mulembwe,0.6600610000000000
06-09-08,Jiji,0.5275830000000000
06-09-08,Mutimbuzi,0.6570859999999999
06-09-08,Rusizi,0.43804700000000002
06-09-08,Kaburantwa,0.722307000000000
06-09-08,Nyamagana,0.5506150000000000
06-09-08,Mpanda,0.6689160000000000
06-09-08,Nyakagunda,0.6597080000000000
06-09-08,Nyengwe,0.5275830000000000
06-25-08,Buzimba,0.25134200000000001
06-25-08,Mulembwe,0.575419000000000
06-25-08,Jiji,0.25134200000000001
06-25-08,Mutimbuzi,0.6183999999999999
06-25-08,Rusizi,0.5377240000000000
06-25-08,Kaburantwa,0.7302660000000000
06-25-08,Nyamagana,0.4882680000000000
06-25-08,Mpanda,0.620902000000000
06-25-08,Nyakagunda,0.6494630000000000
06-25-08,Nyengwe,0.25134200000000001
07-11-08,Buzimba,0.21273700000000001
07-11-08,Mulembwe,0.5151330000000000
07-11-08,Jiji,0.21273700000000001
07-11-08,Mutimbuzi,0.580973000000000
07-11-08,Rusizi,0.5316540000000000
07-11-08,Kaburantwa,0.7177910000000000
07-11-08,Nyamagana,0.4803980000000000
07-11-08,Mpanda,0.5866479999999999
07-11-08,Nyakagunda,0.5856910000000000
07-11-08,Nyengwe,0.21273700000000001
07-27-08,Buzimba,0.2077510000000000
07-27-08,Mulembwe,0.5011000000000000
07-27-08,Jiji,0.2077510000000000
07-27-08,Mutimbuzi,0.5348240000000000
07-27-08,Rusizi,0.34865900000000000
07-27-08,Kaburantwa,0.6444430000000000
07-27-08,Nyamagana,0.43326100000000001
07-27-08,Mpanda,0.534312000000000
07-27-08,Nyakagunda,0.5091110000000000
07-27-08,Nyengwe,0.2077510000000000
08-12-08,Buzimba,0.381472000000000
08-12-08,Mulembwe,0.4769020000000000
08-12-08,Jiji,0.381472000000000
08-12-08,Mutimbuzi,0.48367599999999999
08-12-08,Rusizi,0.4627380000000000
08-12-08,Kaburantwa,0.6670700000000001
08-12-08,Nyamagana,0.3846890000000000
08-12-08,Mpanda,0.5088990000000000
08-12-08,Nyakagunda,0.5224410000000000
08-12-08,Nyengwe,0.381472000000000
08-28-08,Buzimba,0.2022940000000000
08-28-08,Mulembwe,0.4468090000000000
08-28-08,Jiji,0.2022940000000000
08-28-08,Mutimbuzi,0.47044999999999998
08-28-08,Rusizi,0.4638220000000000
08-28-08,Kaburantwa,0.6230540000000000
08-28-08,Nyamagana,0.3525850000000000
08-28-08,Mpanda,0.48128799999999999
08-28-08,Nyakagunda,0.49426399999999998
08-28-08,Nyengwe,0.2022940000000000
09-13-08,Buzimba,0.1834030000000000
09-13-08,Mulembwe,0.43588500000000002
09-13-08,Jiji,0.1834030000000000
09-13-08,Mutimbuzi,0.49313499999999999
09-13-08,Rusizi,0.3833950000000000
09-13-08,Kaburantwa,0.6624970000000000
09-13-08,Nyamagana,0.4419650000000000
09-13-08,Mpanda,0.5074460000000000
09-13-08,Nyakagunda,0.5069850000000000
09-13-08,Nyengwe,0.1834030000000000
09-29-08,Buzimba,0.21662500000000001
09-29-08,Mulembwe,0.4413660000000000
09-29-08,Jiji,0.21662500000000001
09-29-08,Mutimbuzi,0.5079300000000000
09-29-08,Rusizi,0.3648520000000000
09-29-08,Kaburantwa,0.5053600000000000
09-29-08,Nyamagana,0.47662500000000002
09-29-08,Mpanda,0.562156000000000
09-29-08,Nyakagunda,0.48440800000000001
09-29-08,Nyengwe,0.21662500000000001
10-15-08,Buzimba,0.22818700000000000
10-15-08,Mulembwe,0.4238250000000000
10-15-08,Jiji,0.22818700000000000
10-15-08,Mutimbuzi,0.4947610000000000
10-15-08,Rusizi,0.35772599999999999
10-15-08,Kaburantwa,0.6312810000000000
10-15-08,Nyamagana,0.5396750000000000
10-15-08,Mpanda,0.5919470000000000
10-15-08,Nyakagunda,0.5553140000000000
10-15-08,Nyengwe,0.22818700000000000
10-31-08,Buzimba,0.1656980000000000
10-31-08,Mulembwe,0.3682820000000000
10-31-08,Jiji,0.1656980000000000
10-31-08,Mutimbuzi,0.5613470000000000
10-31-08,Rusizi,0.37291999999999997
10-31-08,Kaburantwa,0.5423040000000000
10-31-08,Nyamagana,0.542191000000000
10-31-08,Mpanda,0.6205070000000000
10-31-08,Nyakagunda,0.596416000000000
10-31-08,Nyengwe,0.1656980000000000
11-16-08,Buzimba,0.1862350000000000
11-16-08,Mulembwe,0.43481799999999998
11-16-08,Jiji,0.1862350000000000
11-16-08,Mutimbuzi,0.5389699999999999
11-16-08,Rusizi,0.3999220000000000
11-16-08,Kaburantwa,0.6107890000000000
11-16-08,Nyamagana,0.4537750000000000
11-16-08,Mpanda,0.5872020000000000
11-16-08,Nyakagunda,0.5692310000000000
11-16-08,Nyengwe,0.1862350000000000
12-02-08,Buzimba,0.49379099999999998
12-02-08,Mulembwe,0.6592390000000000
12-02-08,Jiji,0.49379099999999998
12-02-08,Mutimbuzi,0.6746990000000000
12-02-08,Rusizi,0.61473200000000
12-02-08,Kaburantwa,0.740216000000000
12-02-08,Nyamagana,0.6211810000000000
12-02-08,Mpanda,0.7176210000000000
12-02-08,Nyakagunda,0.7261040000000000
12-02-08,Nyengwe,0.49379099999999998
12-18-08,Buzimba,0.215226000000000
12-18-08,Mulembwe,0.5440160000000001
12-18-08,Jiji,0.215226000000000
12-18-08,Mutimbuzi,0.6177220000000000
12-18-08,Rusizi,0.6644770000000000
12-18-08,Kaburantwa,0.5368190000000000
12-18-08,Nyamagana,0.6559270000000000
12-18-08,Mpanda,0.6568500000000000
12-18-08,Nyakagunda,0.6866050000000000
12-18-08,Nyengwe,0.215226000000000
01-01-09,Buzimba,0.5064480000000000
01-01-09,Mulembwe,0.6817920000000000
01-01-09,Jiji,0.5064480000000000
01-01-09,Mutimbuzi,0.653647000000000
01-01-09,Rusizi,0.5494210000000000
01-01-09,Kaburantwa,0.735085000000000
01-01-09,Nyamagana,0.6350670000000000
01-01-09,Mpanda,0.6880750000000000
01-01-09,Nyakagunda,0.7006340000000000
01-01-09,Nyengwe,0.5064480000000000
01-17-09,Buzimba,0.2715620000000000
01-17-09,Mulembwe,0.6299500000000000
01-17-09,Jiji,0.2715620000000000
01-17-09,Mutimbuzi,0.6198910000000000
01-17-09,Rusizi,0.5309320000000000
01-17-09,Kaburantwa,0.4982700000000000
01-17-09,Nyamagana,0.6470990000000000
01-17-09,Mpanda,0.6785679999999999
01-17-09,Nyakagunda,0.7369450000000000
01-17-09,Nyengwe,0.2715620000000000
02-02-09,Buzimba,0.24073100000000000
02-02-09,Mulembwe,0.49582999999999999
02-02-09,Jiji,0.24073100000000000
02-02-09,Mutimbuzi,0.6133770000000000
02-02-09,Rusizi,0.48602800000000002
02-02-09,Kaburantwa,0.7425510000000000
02-02-09,Nyamagana,0.6660040000000000
02-02-09,Mpanda,0.6451220000000000
02-02-09,Nyakagunda,0.7676380000000000
02-02-09,Nyengwe,0.24073100000000000
02-18-09,Buzimba,0.3314850000000000
02-18-09,Mulembwe,0.5896870000000000
02-18-09,Jiji,0.3314850000000000
02-18-09,Mutimbuzi,0.6176410000000000
02-18-09,Rusizi,0.6092770000000000
02-18-09,Kaburantwa,0.580876000000000
02-18-09,Nyamagana,0.6062160000000000
02-18-09,Mpanda,0.6687770000000000
02-18-09,Nyakagunda,0.6896380000000000
02-18-09,Nyengwe,0.3314850000000000
03-06-09,Buzimba,0.4801150000000000
03-06-09,Mulembwe,0.5824990000000000
03-06-09,Jiji,0.4801150000000000
03-06-09,Mutimbuzi,0.6236060000000000
03-06-09,Rusizi,0.5995630000000000
03-06-09,Kaburantwa,0.7306140000000000
03-06-09,Nyamagana,0.5941510000000000
03-06-09,Mpanda,0.6571730000000000
03-06-09,Nyakagunda,0.7138110000000000
03-06-09,Nyengwe,0.4801150000000000
03-22-09,Buzimba,0.21583900000000000
03-22-09,Mulembwe,0.5482880000000000
03-22-09,Jiji,0.21583900000000000
03-22-09,Mutimbuzi,0.5491910000000000
03-22-09,Rusizi,0.5703150000000000
03-22-09,Kaburantwa,0.735365000000000
03-22-09,Nyamagana,0.6282730000000000
03-22-09,Mpanda,0.6943440000000000
03-22-09,Nyakagunda,0.7159420000000000
03-22-09,Nyengwe,0.21583900000000000
04-07-09,Buzimba,0.3321000000000000
04-07-09,Mulembwe,0.5624110000000000
04-07-09,Jiji,0.3321000000000000
04-07-09,Mutimbuzi,0.5003690000000000
04-07-09,Rusizi,0.49378300000000003
04-07-09,Kaburantwa,0.4726630000000000
04-07-09,Nyamagana,0.6373000000000000
04-07-09,Mpanda,0.6107260000000000
04-07-09,Nyakagunda,0.6576910000000000
04-07-09,Nyengwe,0.3321000000000000
04-23-09,Buzimba,0.38682299999999997
04-23-09,Mulembwe,0.5672360000000000
04-23-09,Jiji,0.38682299999999997
04-23-09,Mutimbuzi,0.6044970000000000
04-23-09,Rusizi,0.5258070000000000
04-23-09,Kaburantwa,0.573966000000000
04-23-09,Nyamagana,0.672222000000000
04-23-09,Mpanda,0.6825630000000000
04-23-09,Nyakagunda,0.6902290000000000
04-23-09,Nyengwe,0.38682299999999997
05-09-09,Buzimba,0.3594190000000000
05-09-09,Mulembwe,0.5599920000000000
05-09-09,Jiji,0.3594190000000000
05-09-09,Mutimbuzi,0.6631200000000000
05-09-09,Rusizi,0.5168600000000000
05-09-09,Kaburantwa,0.6173240000000000
05-09-09,Nyamagana,0.6384700000000000
05-09-09,Mpanda,0.705908000000000
05-09-09,Nyakagunda,0.711233000000000
05-09-09,Nyengwe,0.3594190000000000
05-25-09,Buzimba,0.5524000000000000
05-25-09,Mulembwe,0.6123120000000000
05-25-09,Jiji,0.5524000000000000
05-25-09,Mutimbuzi,0.6040770000000000
05-25-09,Rusizi,0.5321060000000000
05-25-09,Kaburantwa,0.5841210000000000
05-25-09,Nyamagana,0.6216580000000000
05-25-09,Mpanda,0.6562440000000000
05-25-09,Nyakagunda,0.6814040000000000
05-25-09,Nyengwe,0.5524000000000000
06-10-09,Buzimba,0.5059050000000000
06-10-09,Mulembwe,0.6316490000000000
06-10-09,Jiji,0.5059050000000000
06-10-09,Mutimbuzi,0.6231880000000000
06-10-09,Rusizi,0.5563050000000000
06-10-09,Kaburantwa,0.7659310000000000
06-10-09,Nyamagana,0.5564789999999999
06-10-09,Mpanda,0.6757230000000000
06-10-09,Nyakagunda,0.7042650000000000
06-10-09,Nyengwe,0.5059050000000000
06-26-09,Buzimba,0.3438320000000000
06-26-09,Mulembwe,0.6331660000000000
06-26-09,Jiji,0.3438320000000000
06-26-09,Mutimbuzi,0.5942260000000000
06-26-09,Rusizi,0.4998060000000000
06-26-09,Kaburantwa,0.7439900000000000
06-26-09,Nyamagana,0.4825930000000000
06-26-09,Mpanda,0.6218050000000001
06-26-09,Nyakagunda,0.6431460000000000
06-26-09,Nyengwe,0.3438320000000000
07-12-09,Buzimba,0.23768900000000001
07-12-09,Mulembwe,0.5516210000000000
07-12-09,Jiji,0.23768900000000001
07-12-09,Mutimbuzi,0.5397040000000000
07-12-09,Rusizi,0.4465160000000000
07-12-09,Kaburantwa,0.7069430000000000
07-12-09,Nyamagana,0.4245010000000000
07-12-09,Mpanda,0.571361000000000
07-12-09,Nyakagunda,0.5779770000000000
07-12-09,Nyengwe,0.23768900000000001
07-28-09,Buzimba,0.46733200000000003
07-28-09,Mulembwe,0.5335640000000000
07-28-09,Jiji,0.46733200000000003
07-28-09,Mutimbuzi,0.4903190000000000
07-28-09,Rusizi,0.492613000000000
07-28-09,Kaburantwa,0.6755310000000000
07-28-09,Nyamagana,0.3889060000000000
07-28-09,Mpanda,0.5343730000000000
07-28-09,Nyakagunda,0.531428000000000
07-28-09,Nyengwe,0.46733200000000003
08-13-09,Buzimba,0.2143230000000000
08-13-09,Mulembwe,0.48020900000000000
08-13-09,Jiji,0.2143230000000000
08-13-09,Mutimbuzi,0.46787800000000002
08-13-09,Rusizi,0.3720780000000000
08-13-09,Kaburantwa,0.6391420000000000
08-13-09,Nyamagana,0.35881400000000002
08-13-09,Mpanda,0.5120070000000000
08-13-09,Nyakagunda,0.4690180000000000
08-13-09,Nyengwe,0.2143230000000000
08-29-09,Buzimba,0.24991400000000000
08-29-09,Mulembwe,0.46366800000000002
08-29-09,Jiji,0.24991400000000000
08-29-09,Mutimbuzi,0.4412950000000000
08-29-09,Rusizi,0.3529540000000000
08-29-09,Kaburantwa,0.6251090000000000
08-29-09,Nyamagana,0.3408660000000000
08-29-09,Mpanda,0.4907620000000000
08-29-09,Nyakagunda,0.4405690000000000
08-29-09,Nyengwe,0.24991400000000000
09-14-09,Buzimba,0.18227399999999999
09-14-09,Mulembwe,0.43085099999999998
09-14-09,Jiji,0.18227399999999999
09-14-09,Mutimbuzi,0.45714800000000000
09-14-09,Rusizi,0.3988160000000000
09-14-09,Kaburantwa,0.6483790000000000
09-14-09,Nyamagana,0.34291899999999997
09-14-09,Mpanda,0.49510999999999999
09-14-09,Nyakagunda,0.48338999999999999
09-14-09,Nyengwe,0.18227399999999999
09-30-09,Buzimba,0.2390620000000000
09-30-09,Mulembwe,0.4324690000000000
09-30-09,Jiji,0.2390620000000000
09-30-09,Mutimbuzi,0.4418290000000000
09-30-09,Rusizi,0.3319190000000000
09-30-09,Kaburantwa,0.6618450000000000
09-30-09,Nyamagana,0.3984110000000000
09-30-09,Mpanda,0.5082250000000000
09-30-09,Nyakagunda,0.5814390000000000
09-30-09,Nyengwe,0.2390620000000000
10-16-09,Buzimba,0.16882900000000001
10-16-09,Mulembwe,0.4566130000000000
10-16-09,Jiji,0.16882900000000001
10-16-09,Mutimbuzi,0.469242000000000
10-16-09,Rusizi,0.2596540000000000
10-16-09,Kaburantwa,0.43819900000000001
10-16-09,Nyamagana,0.46658699999999997
10-16-09,Mpanda,0.49374200000000001
10-16-09,Nyakagunda,0.5150950000000000
10-16-09,Nyengwe,0.16882900000000001
11-01-09,Buzimba,0.22340499999999999
11-01-09,Mulembwe,0.4384920000000000
11-01-09,Jiji,0.22340499999999999
11-01-09,Mutimbuzi,0.499980000000000
11-01-09,Rusizi,0.3668040000000000
11-01-09,Kaburantwa,0.5485580000000000
11-01-09,Nyamagana,0.5236350000000000
11-01-09,Mpanda,0.533443000000000
11-01-09,Nyakagunda,0.6467530000000000
11-01-09,Nyengwe,0.22340499999999999
11-17-09,Buzimba,0.15904900000000000
11-17-09,Mulembwe,0.41861100000000001
11-17-09,Jiji,0.15904900000000000
11-17-09,Mutimbuzi,0.6431720000000000
11-17-09,Rusizi,0.47411300000000001
11-17-09,Kaburantwa,0.5719190000000000
11-17-09,Nyamagana,0.6266870000000000
11-17-09,Mpanda,0.670680000000000
11-17-09,Nyakagunda,0.6866530000000000
11-17-09,Nyengwe,0.15904900000000000
12-03-09,Buzimba,0.19498799999999999
12-03-09,Mulembwe,0.5116280000000000
12-03-09,Jiji,0.19498799999999999
12-03-09,Mutimbuzi,0.4957310000000000
12-03-09,Rusizi,0.4441990000000000
12-03-09,Kaburantwa,0.5696450000000000
12-03-09,Nyamagana,0.6199850000000000
12-03-09,Mpanda,0.5734359999999999
12-03-09,Nyakagunda,0.7347040000000000
12-03-09,Nyengwe,0.19498799999999999
12-19-09,Buzimba,0.3377000000000000
12-19-09,Mulembwe,0.614116000000000
12-19-09,Jiji,0.3377000000000000
12-19-09,Mutimbuzi,0.6035090000000000
12-19-09,Rusizi,0.4399080000000000
12-19-09,Kaburantwa,0.6586700000000000
12-19-09,Nyamagana,0.622075000000000
12-19-09,Mpanda,0.6730670000000000
12-19-09,Nyakagunda,0.7000320000000000
12-19-09,Nyengwe,0.3377000000000000
01-01-10,Buzimba,0.3433340000000000
01-01-10,Mulembwe,0.5411160000000000
01-01-10,Jiji,0.3433340000000000
01-01-10,Mutimbuzi,0.5700870000000000
01-01-10,Rusizi,0.5381610000000000
01-01-10,Kaburantwa,0.69173200000000
01-01-10,Nyamagana,0.6882850000000000
01-01-10,Mpanda,0.6946980000000000
01-01-10,Nyakagunda,0.754353000000000
01-01-10,Nyengwe,0.3433340000000000
01-17-10,Buzimba,0.4910090000000000
01-17-10,Mulembwe,0.6808770000000000
01-17-10,Jiji,0.4910090000000000
01-17-10,Mutimbuzi,0.7054960000000000
01-17-10,Rusizi,0.674503000000000
01-17-10,Kaburantwa,0.7848300000000000
01-17-10,Nyamagana,0.6755679999999999
01-17-10,Mpanda,0.7485370000000000
01-17-10,Nyakagunda,0.7715130000000000
01-17-10,Nyengwe,0.4910090000000000
02-02-10,Buzimba,0.4320910000000000
02-02-10,Mulembwe,0.6495980000000000
02-02-10,Jiji,0.4320910000000000
02-02-10,Mutimbuzi,0.6152200000000000
02-02-10,Rusizi,0.5017340000000000
02-02-10,Kaburantwa,0.5093670000000000
02-02-10,Nyamagana,0.693125000000000
02-02-10,Mpanda,0.638291000000000
02-02-10,Nyakagunda,0.6920070000000000
02-02-10,Nyengwe,0.4320910000000000
02-18-10,Buzimba,0.20901500000000001
02-18-10,Mulembwe,0.45269700000000002
02-18-10,Jiji,0.20901500000000001
02-18-10,Mutimbuzi,0.4813850000000000
02-18-10,Rusizi,0.41051399999999999
02-18-10,Kaburantwa,0.5688530000000001
02-18-10,Nyamagana,0.5594670000000000
02-18-10,Mpanda,0.6007380000000000
02-18-10,Nyakagunda,0.6501410000000000
02-18-10,Nyengwe,0.20901500000000001
03-06-10,Buzimba,0.26348400000000000
03-06-10,Mulembwe,0.600911000000000
03-06-10,Jiji,0.26348400000000000
03-06-10,Mutimbuzi,0.6584380000000000
03-06-10,Rusizi,0.5688090000000000
03-06-10,Kaburantwa,0.6743510000000000
03-06-10,Nyamagana,0.6903359999999999
03-06-10,Mpanda,0.7403660000000000
03-06-10,Nyakagunda,0.762348000000000
03-06-10,Nyengwe,0.26348400000000000
03-22-10,Buzimba,0.37205300000000002
03-22-10,Mulembwe,0.6846120000000000
03-22-10,Jiji,0.37205300000000002
03-22-10,Mutimbuzi,0.5815520000000000
03-22-10,Rusizi,0.3747000000000000
03-22-10,Kaburantwa,0.5584730000000000
03-22-10,Nyamagana,0.6885090000000000
03-22-10,Mpanda,0.7225210000000000
03-22-10,Nyakagunda,0.6321750000000000
03-22-10,Nyengwe,0.37205300000000002
04-07-10,Buzimba,0.4616700000000000
04-07-10,Mulembwe,0.5641070000000000
04-07-10,Jiji,0.4616700000000000
04-07-10,Mutimbuzi,0.6437010000000000
04-07-10,Rusizi,0.5221540000000000
04-07-10,Kaburantwa,0.6288780000000000
04-07-10,Nyamagana,0.7063420000000000
04-07-10,Mpanda,0.72455300000000
04-07-10,Nyakagunda,0.7208880000000000
04-07-10,Nyengwe,0.4616700000000000
04-23-10,Buzimba,0.3477850000000000
04-23-10,Mulembwe,0.4897890000000000
04-23-10,Jiji,0.3477850000000000
04-23-10,Mutimbuzi,0.5283730000000000
04-23-10,Rusizi,0.4357280000000000
04-23-10,Kaburantwa,0.6813730000000000
04-23-10,Nyamagana,0.6665020000000000
04-23-10,Mpanda,0.6662360000000001
04-23-10,Nyakagunda,0.7104070000000000
04-23-10,Nyengwe,0.3477850000000000
05-09-10,Buzimba,0.45723300000000000
05-09-10,Mulembwe,0.5900040000000000
05-09-10,Jiji,0.45723300000000000
05-09-10,Mutimbuzi,0.5884570000000000
05-09-10,Rusizi,0.5027460000000000
05-09-10,Kaburantwa,0.6196340000000000
05-09-10,Nyamagana,0.6806470000000000
05-09-10,Mpanda,0.6776620000000000
05-09-10,Nyakagunda,0.7070090000000000
05-09-10,Nyengwe,0.45723300000000000
05-25-10,Buzimba,0.4015150000000000
05-25-10,Mulembwe,0.6801930000000000
05-25-10,Jiji,0.4015150000000000
05-25-10,Mutimbuzi,0.6326140000000000
05-25-10,Rusizi,0.5158080000000000
05-25-10,Kaburantwa,0.7276490000000000
05-25-10,Nyamagana,0.6237370000000000
05-25-10,Mpanda,0.7003490000000000
05-25-10,Nyakagunda,0.6798590000000000
05-25-10,Nyengwe,0.4015150000000000
06-10-10,Buzimba,0.3922290000000000
06-10-10,Mulembwe,0.6328600000000000
06-10-10,Jiji,0.3922290000000000
06-10-10,Mutimbuzi,0.6378970000000000
06-10-10,Rusizi,0.5504100000000000
06-10-10,Kaburantwa,0.763941000000000
06-10-10,Nyamagana,0.6103110000000000
06-10-10,Mpanda,0.6946960000000000
06-10-10,Nyakagunda,0.7185630000000000
06-10-10,Nyengwe,0.3922290000000000
06-26-10,Buzimba,0.2816510000000000
06-26-10,Mulembwe,0.6082190000000000
06-26-10,Jiji,0.2816510000000000
06-26-10,Mutimbuzi,0.5742340000000000
06-26-10,Rusizi,0.529318000000000
06-26-10,Kaburantwa,0.7385560000000000
06-26-10,Nyamagana,0.49806000000000000
06-26-10,Mpanda,0.6078740000000000
06-26-10,Nyakagunda,0.6562810000000000
06-26-10,Nyengwe,0.2816510000000000
07-12-10,Buzimba,0.24149100000000001
07-12-10,Mulembwe,0.5322670000000000
07-12-10,Jiji,0.24149100000000001
07-12-10,Mutimbuzi,0.534869000000000
07-12-10,Rusizi,0.3970450000000000
07-12-10,Kaburantwa,0.7082030000000000
07-12-10,Nyamagana,0.4766780000000000
07-12-10,Mpanda,0.5754790000000000
07-12-10,Nyakagunda,0.5994290000000000
07-12-10,Nyengwe,0.24149100000000001
07-28-10,Buzimba,0.42307600000000001
07-28-10,Mulembwe,0.523980000000000
07-28-10,Jiji,0.42307600000000001
07-28-10,Mutimbuzi,0.499747000000000
07-28-10,Rusizi,0.43597799999999998
07-28-10,Kaburantwa,0.6793400000000001
07-28-10,Nyamagana,0.40673900000000002
07-28-10,Mpanda,0.5208830000000000
07-28-10,Nyakagunda,0.5453519999999999
07-28-10,Nyengwe,0.42307600000000001
08-13-10,Buzimba,0.2677360000000000
08-13-10,Mulembwe,0.48112400000000000
08-13-10,Jiji,0.2677360000000000
08-13-10,Mutimbuzi,0.46143200000000001
08-13-10,Rusizi,0.4525970000000000
08-13-10,Kaburantwa,0.6630310000000000
08-13-10,Nyamagana,0.3970810000000000
08-13-10,Mpanda,0.504379000000000
08-13-10,Nyakagunda,0.5206310000000000
08-13-10,Nyengwe,0.2677360000000000
08-29-10,Buzimba,0.1642550000000000
08-29-10,Mulembwe,0.4390660000000000
08-29-10,Jiji,0.1642550000000000
08-29-10,Mutimbuzi,0.44547999999999999
08-29-10,Rusizi,0.3971980000000000
08-29-10,Kaburantwa,0.5746019999999999
08-29-10,Nyamagana,0.38196700000000000
08-29-10,Mpanda,0.4894010000000000
08-29-10,Nyakagunda,0.4988440000000000
08-29-10,Nyengwe,0.1642550000000000
09-14-10,Buzimba,0.25585100000000000
09-14-10,Mulembwe,0.47305900000000001
09-14-10,Jiji,0.25585100000000000
09-14-10,Mutimbuzi,0.4597430000000000
09-14-10,Rusizi,0.40223199999999998
09-14-10,Kaburantwa,0.6364560000000000
09-14-10,Nyamagana,0.38799600000000001
09-14-10,Mpanda,0.49815399999999999
09-14-10,Nyakagunda,0.5160760000000000
09-14-10,Nyengwe,0.25585100000000000
09-30-10,Buzimba,0.20202400000000001
09-30-10,Mulembwe,0.4444410000000000
09-30-10,Jiji,0.20202400000000001
09-30-10,Mutimbuzi,0.4470850000000000
09-30-10,Rusizi,0.3644160000000000
09-30-10,Kaburantwa,0.6294770000000000
09-30-10,Nyamagana,0.3673610000000000
09-30-10,Mpanda,0.49437900000000001
09-30-10,Nyakagunda,0.5135530000000000
09-30-10,Nyengwe,0.20202400000000001
10-16-10,Buzimba,0.18328500000000000
10-16-10,Mulembwe,0.5119300000000000
10-16-10,Jiji,0.18328500000000000
10-16-10,Mutimbuzi,0.4802030000000000
10-16-10,Rusizi,0.3776390000000000
10-16-10,Kaburantwa,0.5887869999999999
10-16-10,Nyamagana,0.385055000000000
10-16-10,Mpanda,0.520730000000000
10-16-10,Nyakagunda,0.5680380000000000
10-16-10,Nyengwe,0.18328500000000000
11-01-10,Buzimba,0.20838000000000001
11-01-10,Mulembwe,0.43607499999999999
11-01-10,Jiji,0.20838000000000001
11-01-10,Mutimbuzi,0.4645690000000000
11-01-10,Rusizi,0.325210000000000
11-01-10,Kaburantwa,0.5552550000000001
11-01-10,Nyamagana,0.39805699999999999
11-01-10,Mpanda,0.49627100000000002
11-01-10,Nyakagunda,0.5732400000000000
11-01-10,Nyengwe,0.20838000000000001
11-17-10,Buzimba,0.2505760000000000
11-17-10,Mulembwe,0.6232590000000000
11-17-10,Jiji,0.2505760000000000
11-17-10,Mutimbuzi,0.6314000000000000
11-17-10,Rusizi,0.5675260000000000
11-17-10,Kaburantwa,0.661989000000000
11-17-10,Nyamagana,0.5001690000000000
11-17-10,Mpanda,0.6529900000000000
11-17-10,Nyakagunda,0.6757350000000000
11-17-10,Nyengwe,0.2505760000000000
12-03-10,Buzimba,0.2843270000000000
12-03-10,Mulembwe,0.6580960000000000
12-03-10,Jiji,0.2843270000000000
12-03-10,Mutimbuzi,0.6783120000000000
12-03-10,Rusizi,0.5997740000000000
12-03-10,Kaburantwa,0.7867790000000000
12-03-10,Nyamagana,0.5529470000000000
12-03-10,Mpanda,0.6913250000000000
12-03-10,Nyakagunda,0.7086390000000000
12-03-10,Nyengwe,0.2843270000000000
12-19-10,Buzimba,0.22813700000000001
12-19-10,Mulembwe,0.6091430000000000
12-19-10,Jiji,0.22813700000000001
12-19-10,Mutimbuzi,0.6177920000000000
12-19-10,Rusizi,0.49381300000000000
12-19-10,Kaburantwa,0.6824210000000001
12-19-10,Nyamagana,0.6166090000000000
12-19-10,Mpanda,0.660600000000000
12-19-10,Nyakagunda,0.6885750000000000
12-19-10,Nyengwe,0.22813700000000001
01-01-11,Buzimba,0.2600240000000000
01-01-11,Mulembwe,0.5889710000000000
01-01-11,Jiji,0.2600240000000000
01-01-11,Mutimbuzi,0.6240860000000000
01-01-11,Rusizi,0.538152000000000
01-01-11,Kaburantwa,0.5137510000000000
01-01-11,Nyamagana,0.6588400000000000
01-01-11,Mpanda,0.6140940000000000
01-01-11,Nyakagunda,0.6791580000000000
01-01-11,Nyengwe,0.2600240000000000
01-17-11,Buzimba,0.25102099999999999
01-17-11,Mulembwe,0.5789380000000000
01-17-11,Jiji,0.25102099999999999
01-17-11,Mutimbuzi,0.5796150000000000
01-17-11,Rusizi,0.5051970000000000
01-17-11,Kaburantwa,0.7157120000000000
01-17-11,Nyamagana,0.6305890000000000
01-17-11,Mpanda,0.6460900000000001
01-17-11,Nyakagunda,0.6970370000000000
01-17-11,Nyengwe,0.25102099999999999
02-02-11,Buzimba,0.40264800000000001
02-02-11,Mulembwe,0.6678480000000000
02-02-11,Jiji,0.40264800000000001
02-02-11,Mutimbuzi,0.6363529999999999
02-02-11,Rusizi,0.6095760000000000
02-02-11,Kaburantwa,0.765626000000000
02-02-11,Nyamagana,0.6137810000000000
02-02-11,Mpanda,0.6721380000000000
02-02-11,Nyakagunda,0.730756000000000
02-02-11,Nyengwe,0.40264800000000001
02-18-11,Buzimba,0.26425900000000002
02-18-11,Mulembwe,0.5471600000000000
02-18-11,Jiji,0.26425900000000002
02-18-11,Mutimbuzi,0.540131000000000
02-18-11,Rusizi,0.48721199999999998
02-18-11,Kaburantwa,0.566236000000000
02-18-11,Nyamagana,0.6113350000000000
02-18-11,Mpanda,0.6248420000000000
02-18-11,Nyakagunda,0.6629119999999999
02-18-11,Nyengwe,0.26425900000000002
03-06-11,Buzimba,0.25835300000000000
03-06-11,Mulembwe,0.6430590000000000
03-06-11,Jiji,0.25835300000000000
03-06-11,Mutimbuzi,0.6211080000000000
03-06-11,Rusizi,0.5850310000000000
03-06-11,Kaburantwa,0.753062000000000
03-06-11,Nyamagana,0.5827460000000000
03-06-11,Mpanda,0.670686000000000
03-06-11,Nyakagunda,0.7228869999999999
03-06-11,Nyengwe,0.25835300000000000
03-22-11,Buzimba,0.33103399999999999
03-22-11,Mulembwe,0.6349270000000000
03-22-11,Jiji,0.33103399999999999
03-22-11,Mutimbuzi,0.6614350000000000
03-22-11,Rusizi,0.5499140000000000
03-22-11,Kaburantwa,0.7507640000000000
03-22-11,Nyamagana,0.6449470000000000
03-22-11,Mpanda,0.7279780000000000
03-22-11,Nyakagunda,0.742221000000000
03-22-11,Nyengwe,0.33103399999999999
04-07-11,Buzimba,0.48883100000000002
04-07-11,Mulembwe,0.5344110000000000
04-07-11,Jiji,0.48883100000000002
04-07-11,Mutimbuzi,0.5670830000000000
04-07-11,Rusizi,0.5366970000000000
04-07-11,Kaburantwa,0.5844640000000000
04-07-11,Nyamagana,0.6585460000000000
04-07-11,Mpanda,0.6820000000000001
04-07-11,Nyakagunda,0.6005170000000000
04-07-11,Nyengwe,0.48883100000000002
04-23-11,Buzimba,0.305365000000000
04-23-11,Mulembwe,0.5345180000000000
04-23-11,Jiji,0.305365000000000
04-23-11,Mutimbuzi,0.5492450000000000
04-23-11,Rusizi,0.5388240000000000
04-23-11,Kaburantwa,0.58514600000000
04-23-11,Nyamagana,0.6240100000000000
04-23-11,Mpanda,0.6577400000000000
04-23-11,Nyakagunda,0.6736670000000000
04-23-11,Nyengwe,0.305365000000000
05-09-11,Buzimba,0.26354400000000000
05-09-11,Mulembwe,0.5728460000000000
05-09-11,Jiji,0.26354400000000000
05-09-11,Mutimbuzi,0.5881000000000000
05-09-11,Rusizi,0.4738490000000000
05-09-11,Kaburantwa,0.5419950000000000
05-09-11,Nyamagana,0.6234980000000000
05-09-11,Mpanda,0.655600000000000
05-09-11,Nyakagunda,0.6783960000000000
05-09-11,Nyengwe,0.26354400000000000
05-25-11,Buzimba,0.6175330000000000
05-25-11,Mulembwe,0.6696890000000000
05-25-11,Jiji,0.6175330000000000
05-25-11,Mutimbuzi,0.6588030000000000
05-25-11,Rusizi,0.657044000000000
05-25-11,Kaburantwa,0.7979790000000000
05-25-11,Nyamagana,0.6029600000000001
05-25-11,Mpanda,0.71231500000000
05-25-11,Nyakagunda,0.7020780000000000
05-25-11,Nyengwe,0.6175330000000000
06-10-11,Buzimba,0.2576540000000000
06-10-11,Mulembwe,0.5979560000000000
06-10-11,Jiji,0.2576540000000000
06-10-11,Mutimbuzi,0.6226670000000000
06-10-11,Rusizi,0.4702940000000000
06-10-11,Kaburantwa,0.6605860000000000
06-10-11,Nyamagana,0.5223890000000000
06-10-11,Mpanda,0.672317000000000
06-10-11,Nyakagunda,0.6518270000000000
06-10-11,Nyengwe,0.2576540000000000
06-26-11,Buzimba,0.23029800000000000
06-26-11,Mulembwe,0.5795520000000000
06-26-11,Jiji,0.23029800000000000
06-26-11,Mutimbuzi,0.6111570000000000
06-26-11,Rusizi,0.5138620000000000
06-26-11,Kaburantwa,0.7690800000000000
06-26-11,Nyamagana,0.5261420000000000
06-26-11,Mpanda,0.6734180000000000
06-26-11,Nyakagunda,0.6617920000000000
06-26-11,Nyengwe,0.23029800000000000
07-12-11,Buzimba,0.2286810000000000
07-12-11,Mulembwe,0.5354970000000000
07-12-11,Jiji,0.2286810000000000
07-12-11,Mutimbuzi,0.5392720000000000
07-12-11,Rusizi,0.463430000000000
07-12-11,Kaburantwa,0.7314290000000000
07-12-11,Nyamagana,0.48498900000000000
07-12-11,Mpanda,0.5976280000000000
07-12-11,Nyakagunda,0.6149040000000000
07-12-11,Nyengwe,0.2286810000000000
07-28-11,Buzimba,0.32741700000000001
07-28-11,Mulembwe,0.5737650000000000
07-28-11,Jiji,0.32741700000000001
07-28-11,Mutimbuzi,0.5720700000000000
07-28-11,Rusizi,0.5268070000000000
07-28-11,Kaburantwa,0.728349000000000
07-28-11,Nyamagana,0.47466599999999998
07-28-11,Mpanda,0.5968740000000000
07-28-11,Nyakagunda,0.5933190000000000
07-28-11,Nyengwe,0.32741700000000001
08-13-11,Buzimba,0.19289000000000001
08-13-11,Mulembwe,0.4915880000000000
08-13-11,Jiji,0.19289000000000001
08-13-11,Mutimbuzi,0.5085920000000000
08-13-11,Rusizi,0.4564730000000000
08-13-11,Kaburantwa,0.6907820000000000
08-13-11,Nyamagana,0.41603099999999998
08-13-11,Mpanda,0.5566930000000000
08-13-11,Nyakagunda,0.5516950000000000
08-13-11,Nyengwe,0.19289000000000001
08-29-11,Buzimba,0.3848120000000000
08-29-11,Mulembwe,0.5091250000000000
08-29-11,Jiji,0.3848120000000000
08-29-11,Mutimbuzi,0.5003860000000000
08-29-11,Rusizi,0.5042670000000000
08-29-11,Kaburantwa,0.5981070000000001
08-29-11,Nyamagana,0.35887300000000000
08-29-11,Mpanda,0.5218020000000000
08-29-11,Nyakagunda,0.5170190000000000
08-29-11,Nyengwe,0.3848120000000000
09-14-11,Buzimba,0.20377400000000001
09-14-11,Mulembwe,0.38999200000000001
09-14-11,Jiji,0.20377400000000001
09-14-11,Mutimbuzi,0.4629870000000000
09-14-11,Rusizi,0.2583950000000000
09-14-11,Kaburantwa,0.5925500000000000
09-14-11,Nyamagana,0.3931430000000000
09-14-11,Mpanda,0.4869060000000000
09-14-11,Nyakagunda,0.5181000000000000
09-14-11,Nyengwe,0.20377400000000001
09-30-11,Buzimba,0.18779100000000001
09-30-11,Mulembwe,0.3958780000000000
09-30-11,Jiji,0.18779100000000001
09-30-11,Mutimbuzi,0.5025340000000000
09-30-11,Rusizi,0.3487210000000000
09-30-11,Kaburantwa,0.4781100000000000
09-30-11,Nyamagana,0.4573060000000000
09-30-11,Mpanda,0.5467210000000000
09-30-11,Nyakagunda,0.5622590000000000
09-30-11,Nyengwe,0.18779100000000001
10-16-11,Buzimba,0.2712220000000000
10-16-11,Mulembwe,0.4657420000000000
10-16-11,Jiji,0.2712220000000000
10-16-11,Mutimbuzi,0.5585630000000000
10-16-11,Rusizi,0.5040600000000000
10-16-11,Kaburantwa,0.6486530000000000
10-16-11,Nyamagana,0.5204230000000000
10-16-11,Mpanda,0.6170900000000000
10-16-11,Nyakagunda,0.6118150000000000
10-16-11,Nyengwe,0.2712220000000000
11-01-11,Buzimba,0.22345300000000001
11-01-11,Mulembwe,0.43121199999999998
11-01-11,Jiji,0.22345300000000001
11-01-11,Mutimbuzi,0.5237780000000000
11-01-11,Rusizi,0.4128830000000000
11-01-11,Kaburantwa,0.6846790000000000
11-01-11,Nyamagana,0.5837260000000000
11-01-11,Mpanda,0.6335769999999999
11-01-11,Nyakagunda,0.6450550000000000
11-01-11,Nyengwe,0.22345300000000001
11-17-11,Buzimba,0.12261200000000000
11-17-11,Mulembwe,0.27843800000000002
11-17-11,Jiji,0.12261200000000000
11-17-11,Mutimbuzi,0.5076210000000000
11-17-11,Rusizi,0.39676899999999998
11-17-11,Kaburantwa,0.5718510000000000
11-17-11,Nyamagana,0.6362989999999999
11-17-11,Mpanda,0.6287450000000000
11-17-11,Nyakagunda,0.6726230000000000
11-17-11,Nyengwe,0.12261200000000000
12-03-11,Buzimba,0.20376500000000000
12-03-11,Mulembwe,0.47919899999999999
12-03-11,Jiji,0.20376500000000000
12-03-11,Mutimbuzi,0.504146000000000
12-03-11,Rusizi,0.3896520000000000
12-03-11,Kaburantwa,0.6191660000000000
12-03-11,Nyamagana,0.6498790000000000
12-03-11,Mpanda,0.5985150000000000
12-03-11,Nyakagunda,0.6731390000000000
12-03-11,Nyengwe,0.20376500000000000
12-19-11,Buzimba,0.3856170000000000
12-19-11,Mulembwe,0.6297600000000000
12-19-11,Jiji,0.3856170000000000
12-19-11,Mutimbuzi,0.5958320000000000
12-19-11,Rusizi,0.6079040000000000
12-19-11,Kaburantwa,0.7224730000000000
12-19-11,Nyamagana,0.6421960000000000
12-19-11,Mpanda,0.6762350000000000
12-19-11,Nyakagunda,0.703880000000000
12-19-11,Nyengwe,0.3856170000000000
01-01-12,Buzimba,0.2841230000000000
01-01-12,Mulembwe,0.6157160000000000
01-01-12,Jiji,0.2841230000000000
01-01-12,Mutimbuzi,0.5905610000000000
01-01-12,Rusizi,0.5527170000000000
01-01-12,Kaburantwa,0.689849000000000
01-01-12,Nyamagana,0.6313820000000000
01-01-12,Mpanda,0.6579970000000001
01-01-12,Nyakagunda,0.7013870000000000
01-01-12,Nyengwe,0.2841230000000000
01-17-12,Buzimba,0.24310699999999999
01-17-12,Mulembwe,0.606979000000000
01-17-12,Jiji,0.24310699999999999
01-17-12,Mutimbuzi,0.6212010000000000
01-17-12,Rusizi,0.5740260000000000
01-17-12,Kaburantwa,0.729469000000000
01-17-12,Nyamagana,0.6271420000000000
01-17-12,Mpanda,0.6826750000000000
01-17-12,Nyakagunda,0.6789880000000000
01-17-12,Nyengwe,0.24310699999999999
02-02-12,Buzimba,0.20711599999999999
02-02-12,Mulembwe,0.5473930000000000
02-02-12,Jiji,0.20711599999999999
02-02-12,Mutimbuzi,0.5890510000000000
02-02-12,Rusizi,0.5501900000000000
02-02-12,Kaburantwa,0.7463410000000000
02-02-12,Nyamagana,0.5868170000000000
02-02-12,Mpanda,0.6719110000000000
02-02-12,Nyakagunda,0.6909600000000000
02-02-12,Nyengwe,0.20711599999999999
02-18-12,Buzimba,0.32275999999999999
02-18-12,Mulembwe,0.6051360000000000
02-18-12,Jiji,0.32275999999999999
02-18-12,Mutimbuzi,0.6240990000000000
02-18-12,Rusizi,0.5791180000000000
02-18-12,Kaburantwa,0.4495420000000000
02-18-12,Nyamagana,0.599796000000000
02-18-12,Mpanda,0.6891600000000000
02-18-12,Nyakagunda,0.6872040000000000
02-18-12,Nyengwe,0.32275999999999999
03-05-12,Buzimba,0.40532499999999999
03-05-12,Mulembwe,0.6544900000000000
03-05-12,Jiji,0.40532499999999999
03-05-12,Mutimbuzi,0.6283570000000001
03-05-12,Rusizi,0.5648770000000000
03-05-12,Kaburantwa,0.7287810000000000
03-05-12,Nyamagana,0.5972700000000000
03-05-12,Mpanda,0.6593400000000000
03-05-12,Nyakagunda,0.6746350000000000
03-05-12,Nyengwe,0.40532499999999999
03-21-12,Buzimba,0.20524600000000001
03-21-12,Mulembwe,0.4469540000000000
03-21-12,Jiji,0.20524600000000001
03-21-12,Mutimbuzi,0.6077570000000000
03-21-12,Rusizi,0.4795620000000000
03-21-12,Kaburantwa,0.6091839999999999
03-21-12,Nyamagana,0.5904170000000000
03-21-12,Mpanda,0.6657490000000000
03-21-12,Nyakagunda,0.6477800000000000
03-21-12,Nyengwe,0.20524600000000001
04-06-12,Buzimba,0.21601100000000001
04-06-12,Mulembwe,0.4411160000000000
04-06-12,Jiji,0.21601100000000001
04-06-12,Mutimbuzi,0.46932499999999999
04-06-12,Rusizi,0.3926140000000000
04-06-12,Kaburantwa,0.4039470000000000
04-06-12,Nyamagana,0.62162600000000
04-06-12,Mpanda,0.5702270000000000
04-06-12,Nyakagunda,0.49415599999999998
04-06-12,Nyengwe,0.21601100000000001
04-22-12,Buzimba,0.4220610000000000
04-22-12,Mulembwe,0.5577930000000000
04-22-12,Jiji,0.4220610000000000
04-22-12,Mutimbuzi,0.6448190000000000
04-22-12,Rusizi,0.4620000000000000
04-22-12,Kaburantwa,0.5182800000000000
04-22-12,Nyamagana,0.6315210000000000
04-22-12,Mpanda,0.6910970000000000
04-22-12,Nyakagunda,0.6694730000000000
04-22-12,Nyengwe,0.4220610000000000
05-08-12,Buzimba,0.3148280000000000
05-08-12,Mulembwe,0.6351320000000000
05-08-12,Jiji,0.3148280000000000
05-08-12,Mutimbuzi,0.6457190000000000
05-08-12,Rusizi,0.4676880000000000
05-08-12,Kaburantwa,0.5502850000000000
05-08-12,Nyamagana,0.6354270000000000
05-08-12,Mpanda,0.681639000000000
05-08-12,Nyakagunda,0.6732110000000000
05-08-12,Nyengwe,0.3148280000000000
05-24-12,Buzimba,0.447754000000000
05-24-12,Mulembwe,0.678298000000000
05-24-12,Jiji,0.447754000000000
05-24-12,Mutimbuzi,0.6487160000000000
05-24-12,Rusizi,0.523587000000000
05-24-12,Kaburantwa,0.5828800000000000
05-24-12,Nyamagana,0.6109310000000000
05-24-12,Mpanda,0.6919020000000000
05-24-12,Nyakagunda,0.6839740000000000
05-24-12,Nyengwe,0.447754000000000
06-09-12,Buzimba,0.3268450000000000
06-09-12,Mulembwe,0.6415770000000000
06-09-12,Jiji,0.3268450000000000
06-09-12,Mutimbuzi,0.6096920000000000
06-09-12,Rusizi,0.49329299999999998
06-09-12,Kaburantwa,0.6743650000000000
06-09-12,Nyamagana,0.5185200000000000
06-09-12,Mpanda,0.6488100000000000
06-09-12,Nyakagunda,0.6460720000000000
06-09-12,Nyengwe,0.3268450000000000
06-25-12,Buzimba,0.27153699999999997
06-25-12,Mulembwe,0.6129490000000000
06-25-12,Jiji,0.27153699999999997
06-25-12,Mutimbuzi,0.6246400000000000
06-25-12,Rusizi,0.6262910000000000
06-25-12,Kaburantwa,0.7522270000000000
06-25-12,Nyamagana,0.5125840000000000
06-25-12,Mpanda,0.6542010000000000
06-25-12,Nyakagunda,0.6454000000000000
06-25-12,Nyengwe,0.27153699999999997
07-11-12,Buzimba,0.2444130000000000
07-11-12,Mulembwe,0.5660560000000000
07-11-12,Jiji,0.2444130000000000
07-11-12,Mutimbuzi,0.5794120000000000
07-11-12,Rusizi,0.46066000000000001
07-11-12,Kaburantwa,0.7213060000000000
07-11-12,Nyamagana,0.4708950000000000
07-11-12,Mpanda,0.631210000000000
07-11-12,Nyakagunda,0.6098110000000000
07-11-12,Nyengwe,0.2444130000000000
07-27-12,Buzimba,0.2442950000000000
07-27-12,Mulembwe,0.5149310000000000
07-27-12,Jiji,0.2442950000000000
07-27-12,Mutimbuzi,0.5247400000000000
07-27-12,Rusizi,0.46255600000000002
07-27-12,Kaburantwa,0.6980380000000000
07-27-12,Nyamagana,0.419524000000000
07-27-12,Mpanda,0.563664000000000
07-27-12,Nyakagunda,0.5541210000000000
07-27-12,Nyengwe,0.2442950000000000
08-12-12,Buzimba,0.32907900000000001
08-12-12,Mulembwe,0.5273400000000000
08-12-12,Jiji,0.32907900000000001
08-12-12,Mutimbuzi,0.5243760000000000
08-12-12,Rusizi,0.44803100000000001
08-12-12,Kaburantwa,0.6733740000000000
08-12-12,Nyamagana,0.38203700000000002
08-12-12,Mpanda,0.5491120000000000
08-12-12,Nyakagunda,0.5230410000000000
08-12-12,Nyengwe,0.32907900000000001
08-28-12,Buzimba,0.28215899999999999
08-28-12,Mulembwe,0.4766400000000000
08-28-12,Jiji,0.28215899999999999
08-28-12,Mutimbuzi,0.5407630000000000
08-28-12,Rusizi,0.4389080000000000
08-28-12,Kaburantwa,0.507380000000000
08-28-12,Nyamagana,0.40616799999999997
08-28-12,Mpanda,0.5701290000000000
08-28-12,Nyakagunda,0.4979180000000000
08-28-12,Nyengwe,0.28215899999999999
09-13-12,Buzimba,0.28049700000000000
09-13-12,Mulembwe,0.53373800000000
09-13-12,Jiji,0.28049700000000000
09-13-12,Mutimbuzi,0.5348420000000000
09-13-12,Rusizi,0.4386880000000000
09-13-12,Kaburantwa,0.6834700000000000
09-13-12,Nyamagana,0.4480010000000000
09-13-12,Mpanda,0.5839200000000000
09-13-12,Nyakagunda,0.5725130000000000
09-13-12,Nyengwe,0.28049700000000000
09-29-12,Buzimba,0.21427700000000000
09-29-12,Mulembwe,0.4700450000000000
09-29-12,Jiji,0.21427700000000000
09-29-12,Mutimbuzi,0.4937830000000000
09-29-12,Rusizi,0.39412100000000000
09-29-12,Kaburantwa,0.5082970000000000
09-29-12,Nyamagana,0.4216730000000000
09-29-12,Mpanda,0.5822600000000000
09-29-12,Nyakagunda,0.5326090000000000
09-29-12,Nyengwe,0.21427700000000000
10-15-12,Buzimba,0.20241000000000001
10-15-12,Mulembwe,0.45219700000000002
10-15-12,Jiji,0.20241000000000001
10-15-12,Mutimbuzi,0.499839000000000
10-15-12,Rusizi,0.42494399999999999
10-15-12,Kaburantwa,0.6416220000000000
10-15-12,Nyamagana,0.47361700000000001
10-15-12,Mpanda,0.5933210000000000
10-15-12,Nyakagunda,0.5874400000000000
10-15-12,Nyengwe,0.20241000000000001
10-31-12,Buzimba,0.19894200000000001
10-31-12,Mulembwe,0.3734820000000000
10-31-12,Jiji,0.19894200000000001
10-31-12,Mutimbuzi,0.474071000000000
10-31-12,Rusizi,0.3064830000000000
10-31-12,Kaburantwa,0.4307050000000000
10-31-12,Nyamagana,0.586155000000000
10-31-12,Mpanda,0.6015730000000000
10-31-12,Nyakagunda,0.5624400000000001
10-31-12,Nyengwe,0.19894200000000001
11-16-12,Buzimba,0.14788999999999999
11-16-12,Mulembwe,0.4064260000000000
11-16-12,Jiji,0.14788999999999999
11-16-12,Mutimbuzi,0.511281000000000
11-16-12,Rusizi,0.42742900000000000
11-16-12,Kaburantwa,0.5499570000000000
11-16-12,Nyamagana,0.5396690000000000
11-16-12,Mpanda,0.5932320000000000
11-16-12,Nyakagunda,0.5870940000000000
11-16-12,Nyengwe,0.14788999999999999
12-02-12,Buzimba,0.19174700000000000
12-02-12,Mulembwe,0.5133600000000000
12-02-12,Jiji,0.19174700000000000
12-02-12,Mutimbuzi,0.6119599999999999
12-02-12,Rusizi,0.523836000000000
12-02-12,Kaburantwa,0.5507620000000000
12-02-12,Nyamagana,0.5983600000000000
12-02-12,Mpanda,0.6597160000000000
12-02-12,Nyakagunda,0.6912410000000000
12-02-12,Nyengwe,0.19174700000000000
12-18-12,Buzimba,0.2119050000000000
12-18-12,Mulembwe,0.4290430000000000
12-18-12,Jiji,0.2119050000000000
12-18-12,Mutimbuzi,0.4794460000000000
12-18-12,Rusizi,0.39767000000000002
12-18-12,Kaburantwa,0.49329499999999998
12-18-12,Nyamagana,0.625477000000000
12-18-12,Mpanda,0.5928340000000000
12-18-12,Nyakagunda,0.6810400000000000
12-18-12,Nyengwe,0.2119050000000000
01-01-13,Buzimba,0.18534100000000001
01-01-13,Mulembwe,0.4454930000000000
01-01-13,Jiji,0.18534100000000001
01-01-13,Mutimbuzi,0.4730190000000000
01-01-13,Rusizi,0.44169199999999997
01-01-13,Kaburantwa,0.5381690000000000
01-01-13,Nyamagana,0.6286910000000000
01-01-13,Mpanda,0.6058540000000000
01-01-13,Nyakagunda,0.6934560000000000
01-01-13,Nyengwe,0.18534100000000001
01-17-13,Buzimba,0.3475050000000000
01-17-13,Mulembwe,0.6841640000000000
01-17-13,Jiji,0.3475050000000000
01-17-13,Mutimbuzi,0.6446320000000000
01-17-13,Rusizi,0.5958520000000000
01-17-13,Kaburantwa,0.7087540000000000
01-17-13,Nyamagana,0.6587970000000000
01-17-13,Mpanda,0.7015280000000000
01-17-13,Nyakagunda,0.7317800000000000
01-17-13,Nyengwe,0.3475050000000000
02-02-13,Buzimba,0.39244800000000002
02-02-13,Mulembwe,0.6539120000000000
02-02-13,Jiji,0.39244800000000002
02-02-13,Mutimbuzi,0.6553540000000000
02-02-13,Rusizi,0.5745570000000000
02-02-13,Kaburantwa,0.7400400000000000
02-02-13,Nyamagana,0.5916410000000000
02-02-13,Mpanda,0.6712680000000000
02-02-13,Nyakagunda,0.7079890000000000
02-02-13,Nyengwe,0.39244800000000002
02-18-13,Buzimba,0.2266690000000000
02-18-13,Mulembwe,0.6087010000000000
02-18-13,Jiji,0.2266690000000000
02-18-13,Mutimbuzi,0.5978240000000000
02-18-13,Rusizi,0.5273910000000001
02-18-13,Kaburantwa,0.6464700000000000
02-18-13,Nyamagana,0.5846740000000000
02-18-13,Mpanda,0.6985070000000000
02-18-13,Nyakagunda,0.6818900000000000
02-18-13,Nyengwe,0.2266690000000000
03-06-13,Buzimba,0.2701210000000000
03-06-13,Mulembwe,0.6062560000000000
03-06-13,Jiji,0.2701210000000000
03-06-13,Mutimbuzi,0.5336900000000000
03-06-13,Rusizi,0.40734199999999998
03-06-13,Kaburantwa,0.523669000000000
03-06-13,Nyamagana,0.5729430000000000
03-06-13,Mpanda,0.6425090000000000
03-06-13,Nyakagunda,0.6683670000000000
03-06-13,Nyengwe,0.2701210000000000
03-22-13,Buzimba,0.2680180000000000
03-22-13,Mulembwe,0.580845000000000
03-22-13,Jiji,0.2680180000000000
03-22-13,Mutimbuzi,0.6286060000000000
03-22-13,Rusizi,0.5582720000000000
03-22-13,Kaburantwa,0.6969420000000000
03-22-13,Nyamagana,0.6088830000000000
03-22-13,Mpanda,0.6459009999999999
03-22-13,Nyakagunda,0.6773370000000000
03-22-13,Nyengwe,0.2680180000000000
04-07-13,Buzimba,0.3122840000000000
04-07-13,Mulembwe,0.5930050000000000
04-07-13,Jiji,0.3122840000000000
04-07-13,Mutimbuzi,0.5829260000000001
04-07-13,Rusizi,0.4251830000000000
04-07-13,Kaburantwa,0.6837110000000000
04-07-13,Nyamagana,0.6414520000000000
04-07-13,Mpanda,0.6802870000000000
04-07-13,Nyakagunda,0.6777190000000000
04-07-13,Nyengwe,0.3122840000000000
04-23-13,Buzimba,0.2711370000000000
04-23-13,Mulembwe,0.4585000000000000
04-23-13,Jiji,0.2711370000000000
04-23-13,Mutimbuzi,0.5592420000000000
04-23-13,Rusizi,0.39378099999999999
04-23-13,Kaburantwa,0.47693900000000000
04-23-13,Nyamagana,0.6606750000000000
04-23-13,Mpanda,0.6530770000000000
04-23-13,Nyakagunda,0.6864230000000000
04-23-13,Nyengwe,0.2711370000000000
05-09-13,Buzimba,0.633954000000000
05-09-13,Mulembwe,0.6756219999999999
05-09-13,Jiji,0.633954000000000
05-09-13,Mutimbuzi,0.6571160000000000
05-09-13,Rusizi,0.5791880000000000
05-09-13,Kaburantwa,0.654938000000000
05-09-13,Nyamagana,0.6673070000000000
05-09-13,Mpanda,0.7202180000000000
05-09-13,Nyakagunda,0.7351220000000001
05-09-13,Nyengwe,0.633954000000000
05-25-13,Buzimba,0.43837700000000002
05-25-13,Mulembwe,0.6648800000000000
05-25-13,Jiji,0.43837700000000002
05-25-13,Mutimbuzi,0.6516810000000000
05-25-13,Rusizi,0.5545010000000000
05-25-13,Kaburantwa,0.7990590000000000
05-25-13,Nyamagana,0.6036460000000000
05-25-13,Mpanda,0.7037560000000000
05-25-13,Nyakagunda,0.699757000000000
05-25-13,Nyengwe,0.43837700000000002
06-10-13,Buzimba,0.2607000000000000
06-10-13,Mulembwe,0.6286350000000001
06-10-13,Jiji,0.2607000000000000
06-10-13,Mutimbuzi,0.6009860000000000
06-10-13,Rusizi,0.5399950000000000
06-10-13,Kaburantwa,0.741054000000000
06-10-13,Nyamagana,0.5298420000000000
06-10-13,Mpanda,0.6572690000000000
06-10-13,Nyakagunda,0.667774000000000
06-10-13,Nyengwe,0.2607000000000000
06-26-13,Buzimba,0.20626100000000000
06-26-13,Mulembwe,0.5527760000000000
06-26-13,Jiji,0.20626100000000000
06-26-13,Mutimbuzi,0.5517730000000000
06-26-13,Rusizi,0.4825780000000000
06-26-13,Kaburantwa,0.7301850000000000
06-26-13,Nyamagana,0.4645510000000000
06-26-13,Mpanda,0.5880280000000000
06-26-13,Nyakagunda,0.6107650000000000
06-26-13,Nyengwe,0.20626100000000000
07-12-13,Buzimba,0.338823000000000
07-12-13,Mulembwe,0.5440220000000000
07-12-13,Jiji,0.338823000000000
07-12-13,Mutimbuzi,0.5138520000000000
07-12-13,Rusizi,0.44191799999999998
07-12-13,Kaburantwa,0.7038680000000000
07-12-13,Nyamagana,0.42396800000000001
07-12-13,Mpanda,0.5633140000000000
07-12-13,Nyakagunda,0.5692190000000000
07-12-13,Nyengwe,0.338823000000000
07-28-13,Buzimba,0.252186000000000
07-28-13,Mulembwe,0.5095950000000000
07-28-13,Jiji,0.252186000000000
07-28-13,Mutimbuzi,0.4743030000000000
07-28-13,Rusizi,0.3319620000000000
07-28-13,Kaburantwa,0.6504970000000000
07-28-13,Nyamagana,0.39091500000000001
07-28-13,Mpanda,0.521186000000000
07-28-13,Nyakagunda,0.4674930000000000
07-28-13,Nyengwe,0.252186000000000
08-13-13,Buzimba,0.2056260000000000
08-13-13,Mulembwe,0.4735450000000000
08-13-13,Jiji,0.2056260000000000
08-13-13,Mutimbuzi,0.49310900000000002
08-13-13,Rusizi,0.4326000000000000
08-13-13,Kaburantwa,0.6590440000000000
08-13-13,Nyamagana,0.3505480000000000
08-13-13,Mpanda,0.5197130000000000
08-13-13,Nyakagunda,0.497698000000000
08-13-13,Nyengwe,0.2056260000000000
08-29-13,Buzimba,0.3193760000000000
08-29-13,Mulembwe,0.4901310000000000
08-29-13,Jiji,0.3193760000000000
08-29-13,Mutimbuzi,0.49169000000000002
08-29-13,Rusizi,0.4763770000000000
08-29-13,Kaburantwa,0.640046000000000
08-29-13,Nyamagana,0.3519400000000000
08-29-13,Mpanda,0.5141350000000000
08-29-13,Nyakagunda,0.4776760000000000
08-29-13,Nyengwe,0.3193760000000000
09-14-13,Buzimba,0.1706460000000000
09-14-13,Mulembwe,0.3998040000000000
09-14-13,Jiji,0.1706460000000000
09-14-13,Mutimbuzi,0.4076840000000000
09-14-13,Rusizi,0.3684060000000000
09-14-13,Kaburantwa,0.5060210000000001
09-14-13,Nyamagana,0.41610100000000000
09-14-13,Mpanda,0.5141710000000000
09-14-13,Nyakagunda,0.5234810000000000
09-14-13,Nyengwe,0.1706460000000000
09-30-13,Buzimba,0.41953299999999999
09-30-13,Mulembwe,0.5605460000000000
09-30-13,Jiji,0.41953299999999999
09-30-13,Mutimbuzi,0.5527310000000000
09-30-13,Rusizi,0.39974700000000002
09-30-13,Kaburantwa,0.5112340000000000
09-30-13,Nyamagana,0.5250410000000000
09-30-13,Mpanda,0.6028230000000000
09-30-13,Nyakagunda,0.5771760000000000
09-30-13,Nyengwe,0.41953299999999999
10-16-13,Buzimba,0.2545720000000000
10-16-13,Mulembwe,0.5522400000000000
10-16-13,Jiji,0.2545720000000000
10-16-13,Mutimbuzi,0.5375930000000000
10-16-13,Rusizi,0.512360000000000
10-16-13,Kaburantwa,0.6208910000000000
10-16-13,Nyamagana,0.4631650000000000
10-16-13,Mpanda,0.5947010000000000
10-16-13,Nyakagunda,0.5930810000000000
10-16-13,Nyengwe,0.2545720000000000
11-01-13,Buzimba,0.1596250000000000
11-01-13,Mulembwe,0.383637000000000
11-01-13,Jiji,0.1596250000000000
11-01-13,Mutimbuzi,0.5476240000000000
11-01-13,Rusizi,0.38452399999999998
11-01-13,Kaburantwa,0.5900710000000000
11-01-13,Nyamagana,0.5303030000000000
11-01-13,Mpanda,0.5324740000000000
11-01-13,Nyakagunda,0.623597000000000
11-01-13,Nyengwe,0.1596250000000000
11-17-13,Buzimba,0.2311130000000000
11-17-13,Mulembwe,0.4563020000000000
11-17-13,Jiji,0.2311130000000000
11-17-13,Mutimbuzi,0.5691410000000000
11-17-13,Rusizi,0.4491110000000000
11-17-13,Kaburantwa,0.5098390000000000
11-17-13,Nyamagana,0.5532840000000000
11-17-13,Mpanda,0.5995430000000000
11-17-13,Nyakagunda,0.7100280000000000
11-17-13,Nyengwe,0.2311130000000000
12-03-13,Buzimba,0.23364399999999999
12-03-13,Mulembwe,0.2401410000000000
12-03-13,Jiji,0.23364399999999999
12-03-13,Mutimbuzi,0.5369280000000000
12-03-13,Rusizi,0.39552300000000001
12-03-13,Kaburantwa,0.6262080000000000
12-03-13,Nyamagana,0.5998540000000000
12-03-13,Mpanda,0.6450430000000000
12-03-13,Nyakagunda,0.6411460000000000
12-03-13,Nyengwe,0.23364399999999999
12-19-13,Buzimba,0.24886700000000000
12-19-13,Mulembwe,0.6265080000000000
12-19-13,Jiji,0.24886700000000000
12-19-13,Mutimbuzi,0.6055550000000000
12-19-13,Rusizi,0.44441300000000000
12-19-13,Kaburantwa,0.5305690000000000
12-19-13,Nyamagana,0.625927000000000
12-19-13,Mpanda,0.6813160000000000
12-19-13,Nyakagunda,0.6579400000000000
12-19-13,Nyengwe,0.24886700000000000
01-01-14,Buzimba,0.23693100000000000
01-01-14,Mulembwe,0.5829839999999999
01-01-14,Jiji,0.23693100000000000
01-01-14,Mutimbuzi,0.5682950000000000
01-01-14,Rusizi,0.42607299999999998
01-01-14,Kaburantwa,0.6486140000000000
01-01-14,Nyamagana,0.6429049999999999
01-01-14,Mpanda,0.6635070000000000
01-01-14,Nyakagunda,0.6964100000000000
01-01-14,Nyengwe,0.23693100000000000
01-17-14,Buzimba,0.31668499999999999
01-17-14,Mulembwe,0.6019650000000000
01-17-14,Jiji,0.31668499999999999
01-17-14,Mutimbuzi,0.6432900000000000
01-17-14,Rusizi,0.5747200000000000
01-17-14,Kaburantwa,0.7194600000000000
01-17-14,Nyamagana,0.6158560000000000
01-17-14,Mpanda,0.7131930000000000
01-17-14,Nyakagunda,0.7370370000000001
01-17-14,Nyengwe,0.31668499999999999
02-02-14,Buzimba,0.21462800000000001
02-02-14,Mulembwe,0.6004980000000000
02-02-14,Jiji,0.21462800000000001
02-02-14,Mutimbuzi,0.6684369999999999
02-02-14,Rusizi,0.5748190000000000
02-02-14,Kaburantwa,0.6472059999999999
02-02-14,Nyamagana,0.6454940000000000
02-02-14,Mpanda,0.7200569999999999
02-02-14,Nyakagunda,0.7554510000000000
02-02-14,Nyengwe,0.21462800000000001
02-18-14,Buzimba,0.28055099999999999
02-18-14,Mulembwe,0.6240460000000000
02-18-14,Jiji,0.28055099999999999
02-18-14,Mutimbuzi,0.5943840000000000
02-18-14,Rusizi,0.4391990000000000
02-18-14,Kaburantwa,0.5533790000000000
02-18-14,Nyamagana,0.6137370000000000
02-18-14,Mpanda,0.6506200000000000
02-18-14,Nyakagunda,0.6804330000000000
02-18-14,Nyengwe,0.28055099999999999
03-06-14,Buzimba,0.214325000000000
03-06-14,Mulembwe,0.4484320000000000
03-06-14,Jiji,0.214325000000000
03-06-14,Mutimbuzi,0.5508740000000000
03-06-14,Rusizi,0.43719400000000003
03-06-14,Kaburantwa,0.5625830000000001
03-06-14,Nyamagana,0.5777409999999999
03-06-14,Mpanda,0.5393750000000000
03-06-14,Nyakagunda,0.6176660000000000
03-06-14,Nyengwe,0.214325000000000
03-22-14,Buzimba,0.2759090000000000
03-22-14,Mulembwe,0.6397820000000000
03-22-14,Jiji,0.2759090000000000
03-22-14,Mutimbuzi,0.645079000000000
03-22-14,Rusizi,0.5303030000000000
03-22-14,Kaburantwa,0.7347399999999999
03-22-14,Nyamagana,0.613851000000000
03-22-14,Mpanda,0.7140010000000000
03-22-14,Nyakagunda,0.7223060000000000
03-22-14,Nyengwe,0.2759090000000000
04-07-14,Buzimba,0.2759070000000000
04-07-14,Mulembwe,0.5754080000000000
04-07-14,Jiji,0.2759070000000000
04-07-14,Mutimbuzi,0.6230000000000000
04-07-14,Rusizi,0.4746810000000000
04-07-14,Kaburantwa,0.5351530000000000
04-07-14,Nyamagana,0.6495450000000000
04-07-14,Mpanda,0.7047270000000000
04-07-14,Nyakagunda,0.6695600000000000
04-07-14,Nyengwe,0.2759070000000000
04-23-14,Buzimba,0.4333550000000000
04-23-14,Mulembwe,0.587690000000000
04-23-14,Jiji,0.4333550000000000
04-23-14,Mutimbuzi,0.5704580000000000
04-23-14,Rusizi,0.5133400000000000
04-23-14,Kaburantwa,0.4965300000000000
04-23-14,Nyamagana,0.5680260000000000
04-23-14,Mpanda,0.6081029999999999
04-23-14,Nyakagunda,0.6119740000000000
04-23-14,Nyengwe,0.4333550000000000
05-09-14,Buzimba,0.3711830000000000
05-09-14,Mulembwe,0.6100000000000000
05-09-14,Jiji,0.3711830000000000
05-09-14,Mutimbuzi,0.5823010000000000
05-09-14,Rusizi,0.3893440000000000
05-09-14,Kaburantwa,0.42931200000000003
05-09-14,Nyamagana,0.5113940000000000
05-09-14,Mpanda,0.6192730000000000
05-09-14,Nyakagunda,0.5439900000000000
05-09-14,Nyengwe,0.3711830000000000
05-25-14,Buzimba,0.30976799999999999
05-25-14,Mulembwe,0.5963020000000000
05-25-14,Jiji,0.30976799999999999
05-25-14,Mutimbuzi,0.6193959999999999
05-25-14,Rusizi,0.5382700000000000
05-25-14,Kaburantwa,0.6711300000000000
05-25-14,Nyamagana,0.4874060000000000
05-25-14,Mpanda,0.6367580000000000
05-25-14,Nyakagunda,0.6839550000000000
05-25-14,Nyengwe,0.30976799999999999
06-10-14,Buzimba,0.23037299999999999
06-10-14,Mulembwe,0.6016080000000000
06-10-14,Jiji,0.23037299999999999
06-10-14,Mutimbuzi,0.5986970000000000
06-10-14,Rusizi,0.47276200000000002
06-10-14,Kaburantwa,0.7081570000000000
06-10-14,Nyamagana,0.4439030000000000
06-10-14,Mpanda,0.6117610000000000
06-10-14,Nyakagunda,0.6703500000000000
06-10-14,Nyengwe,0.23037299999999999
06-26-14,Buzimba,0.5051700000000000
06-26-14,Mulembwe,0.6090540000000000
06-26-14,Jiji,0.5051700000000000
06-26-14,Mutimbuzi,0.5637770000000000
06-26-14,Rusizi,0.5517460000000000
06-26-14,Kaburantwa,0.7130510000000000
06-26-14,Nyamagana,0.40698499999999999
06-26-14,Mpanda,0.572298000000000
06-26-14,Nyakagunda,0.648900000000000
06-26-14,Nyengwe,0.5051700000000000
07-12-14,Buzimba,0.20149500000000001
07-12-14,Mulembwe,0.512239000000000
07-12-14,Jiji,0.20149500000000001
07-12-14,Mutimbuzi,0.5207619999999999
07-12-14,Rusizi,0.4506660000000000
07-12-14,Kaburantwa,0.6792319999999999
07-12-14,Nyamagana,0.37661400000000000
07-12-14,Mpanda,0.5340990000000000
07-12-14,Nyakagunda,0.5960020000000000
07-12-14,Nyengwe,0.20149500000000001
07-28-14,Buzimba,0.43060999999999999
07-28-14,Mulembwe,0.5215870000000000
07-28-14,Jiji,0.43060999999999999
07-28-14,Mutimbuzi,0.49827199999999999
07-28-14,Rusizi,0.40865600000000002
07-28-14,Kaburantwa,0.609971000000000
07-28-14,Nyamagana,0.344836000000000
07-28-14,Mpanda,0.5084360000000000
07-28-14,Nyakagunda,0.5510810000000000
07-28-14,Nyengwe,0.43060999999999999
08-13-14,Buzimba,0.19013400000000000
08-13-14,Mulembwe,0.4605540000000000
08-13-14,Jiji,0.19013400000000000
08-13-14,Mutimbuzi,0.48259200000000002
08-13-14,Rusizi,0.39489299999999999
08-13-14,Kaburantwa,0.5566250000000000
08-13-14,Nyamagana,0.34783199999999997
08-13-14,Mpanda,0.47286800000000001
08-13-14,Nyakagunda,0.4854200000000000
08-13-14,Nyengwe,0.19013400000000000
08-29-14,Buzimba,0.2606750000000000
08-29-14,Mulembwe,0.4745960000000000
08-29-14,Jiji,0.2606750000000000
08-29-14,Mutimbuzi,0.4831440000000000
08-29-14,Rusizi,0.41923100000000002
08-29-14,Kaburantwa,0.6421220000000000
08-29-14,Nyamagana,0.3487350000000000
08-29-14,Mpanda,0.5071750000000000
08-29-14,Nyakagunda,0.5186710000000000
08-29-14,Nyengwe,0.2606750000000000
09-14-14,Buzimba,0.1814900000000000
09-14-14,Mulembwe,0.46775600000000001
09-14-14,Jiji,0.1814900000000000
09-14-14,Mutimbuzi,0.5136210000000000
09-14-14,Rusizi,0.3490710000000000
09-14-14,Kaburantwa,0.5853170000000000
09-14-14,Nyamagana,0.38294000000000000
09-14-14,Mpanda,0.5655380000000000
09-14-14,Nyakagunda,0.5199620000000000
09-14-14,Nyengwe,0.1814900000000000
09-30-14,Buzimba,0.23520700000000000
09-30-14,Mulembwe,0.5135230000000000
09-30-14,Jiji,0.23520700000000000
09-30-14,Mutimbuzi,0.526610000000000
09-30-14,Rusizi,0.4787810000000000
09-30-14,Kaburantwa,0.6516450000000000
09-30-14,Nyamagana,0.42357299999999998
09-30-14,Mpanda,0.5429370000000000
09-30-14,Nyakagunda,0.5681030000000000
09-30-14,Nyengwe,0.23520700000000000
10-16-14,Buzimba,0.19689499999999999
10-16-14,Mulembwe,0.38211600000000001
10-16-14,Jiji,0.19689499999999999
10-16-14,Mutimbuzi,0.5882330000000000
10-16-14,Rusizi,0.43873299999999998
10-16-14,Kaburantwa,0.5882579999999999
10-16-14,Nyamagana,0.48542099999999999
10-16-14,Mpanda,0.6200960000000000
10-16-14,Nyakagunda,0.6187790000000000
10-16-14,Nyengwe,0.19689499999999999
11-01-14,Buzimba,0.1619700000000000
11-01-14,Mulembwe,0.4338990000000000
11-01-14,Jiji,0.1619700000000000
11-01-14,Mutimbuzi,0.531764000000000
11-01-14,Rusizi,0.40055099999999999
11-01-14,Kaburantwa,0.4931870000000000
11-01-14,Nyamagana,0.501422000000000
11-01-14,Mpanda,0.5787320000000000
11-01-14,Nyakagunda,0.6320460000000000
11-01-14,Nyengwe,0.1619700000000000
11-17-14,Buzimba,0.19988300000000001
11-17-14,Mulembwe,0.5155260000000000
11-17-14,Jiji,0.19988300000000001
11-17-14,Mutimbuzi,0.5726490000000000
11-17-14,Rusizi,0.4606370000000000
11-17-14,Kaburantwa,0.5531140000000000
11-17-14,Nyamagana,0.4855480000000000
11-17-14,Mpanda,0.6525050000000000
11-17-14,Nyakagunda,0.6772620000000000
11-17-14,Nyengwe,0.19988300000000001
12-03-14,Buzimba,0.25228299999999998
12-03-14,Mulembwe,0.485478000000000
12-03-14,Jiji,0.25228299999999998
12-03-14,Mutimbuzi,0.5968410000000000
12-03-14,Rusizi,0.47593900000000000
12-03-14,Kaburantwa,0.618660000000000
12-03-14,Nyamagana,0.6001130000000000
12-03-14,Mpanda,0.6700890000000000
12-03-14,Nyakagunda,0.7022560000000000
12-03-14,Nyengwe,0.25228299999999998
12-19-14,Buzimba,0.40184900000000001
12-19-14,Mulembwe,0.6725070000000000
12-19-14,Jiji,0.40184900000000001
12-19-14,Mutimbuzi,0.6228410000000000
12-19-14,Rusizi,0.49749300000000002
12-19-14,Kaburantwa,0.6787860000000000
12-19-14,Nyamagana,0.6225600000000000
12-19-14,Mpanda,0.7052720000000000
12-19-14,Nyakagunda,0.7049440000000000
12-19-14,Nyengwe,0.40184900000000001
01-01-15,Buzimba,0.15799400000000000
01-01-15,Mulembwe,0.514007000000000
01-01-15,Jiji,0.15799400000000000
01-01-15,Mutimbuzi,0.5698010000000000
01-01-15,Rusizi,0.4645970000000000
01-01-15,Kaburantwa,0.6182130000000000
01-01-15,Nyamagana,0.6049420000000000
01-01-15,Mpanda,0.6593790000000000
01-01-15,Nyakagunda,0.6752080000000000
01-01-15,Nyengwe,0.15799400000000000
01-17-15,Buzimba,0.27969699999999997
01-17-15,Mulembwe,0.6262140000000000
01-17-15,Jiji,0.27969699999999997
01-17-15,Mutimbuzi,0.6182290000000000
01-17-15,Rusizi,0.5736370000000000
01-17-15,Kaburantwa,0.7395250000000000
01-17-15,Nyamagana,0.6251100000000001
01-17-15,Mpanda,0.6863610000000000
01-17-15,Nyakagunda,0.6991720000000000
01-17-15,Nyengwe,0.27969699999999997
02-02-15,Buzimba,0.2959600000000000
02-02-15,Mulembwe,0.6141700000000000
02-02-15,Jiji,0.2959600000000000
02-02-15,Mutimbuzi,0.5913380000000000
02-02-15,Rusizi,0.5095920000000000
02-02-15,Kaburantwa,0.6678300000000000
02-02-15,Nyamagana,0.5950780000000000
02-02-15,Mpanda,0.6478390000000001
02-02-15,Nyakagunda,0.6704940000000000
02-02-15,Nyengwe,0.2959600000000000
02-18-15,Buzimba,0.230811000000000
02-18-15,Mulembwe,0.5971470000000000
02-18-15,Jiji,0.230811000000000
02-18-15,Mutimbuzi,0.6085680000000000
02-18-15,Rusizi,0.5660450000000000
02-18-15,Kaburantwa,0.6004170000000000
02-18-15,Nyamagana,0.6034430000000000
02-18-15,Mpanda,0.6607020000000000
02-18-15,Nyakagunda,0.7052220000000000
02-18-15,Nyengwe,0.230811000000000
03-06-15,Buzimba,0.3111670000000000
03-06-15,Mulembwe,0.6082580000000000
03-06-15,Jiji,0.3111670000000000
03-06-15,Mutimbuzi,0.6174730000000000
03-06-15,Rusizi,0.6074690000000000
03-06-15,Kaburantwa,0.7221410000000000
03-06-15,Nyamagana,0.5309020000000000
03-06-15,Mpanda,0.6625220000000001
03-06-15,Nyakagunda,0.6693180000000000
03-06-15,Nyengwe,0.3111670000000000
03-22-15,Buzimba,0.1915270000000000
03-22-15,Mulembwe,0.6214120000000000
03-22-15,Jiji,0.1915270000000000
03-22-15,Mutimbuzi,0.6519570000000000
03-22-15,Rusizi,0.4173730000000000
03-22-15,Kaburantwa,0.8088470000000000
03-22-15,Nyamagana,0.640040000000000
03-22-15,Mpanda,0.7660970000000000
03-22-15,Nyakagunda,0.7689400000000000
03-22-15,Nyengwe,0.1915270000000000
04-07-15,Buzimba,0.3352640000000000
04-07-15,Mulembwe,0.6351120000000000
04-07-15,Jiji,0.3352640000000000
04-07-15,Mutimbuzi,0.6809229999999999
04-07-15,Rusizi,0.5624800000000000
04-07-15,Kaburantwa,0.6494950000000000
04-07-15,Nyamagana,0.656593000000000
04-07-15,Mpanda,0.7172250000000000
04-07-15,Nyakagunda,0.728544000000000
04-07-15,Nyengwe,0.3352640000000000
04-23-15,Buzimba,0.35950399999999999
04-23-15,Mulembwe,0.516211000000000
04-23-15,Jiji,0.35950399999999999
04-23-15,Mutimbuzi,0.5186780000000000
04-23-15,Rusizi,0.43344800000000000
04-23-15,Kaburantwa,0.7052830000000000
04-23-15,Nyamagana,0.6601180000000000
04-23-15,Mpanda,0.6672200000000000
04-23-15,Nyakagunda,0.6538960000000000
04-23-15,Nyengwe,0.35950399999999999
05-09-15,Buzimba,0.3582780000000000
05-09-15,Mulembwe,0.5981970000000000
05-09-15,Jiji,0.3582780000000000
05-09-15,Mutimbuzi,0.6174670000000000
05-09-15,Rusizi,0.4502160000000000
05-09-15,Kaburantwa,0.5700390000000000
05-09-15,Nyamagana,0.6500180000000000
05-09-15,Mpanda,0.6774070000000000
05-09-15,Nyakagunda,0.6674200000000000
05-09-15,Nyengwe,0.3582780000000000
05-25-15,Buzimba,0.30140400000000001
05-25-15,Mulembwe,0.6713050000000000
05-25-15,Jiji,0.30140400000000001
05-25-15,Mutimbuzi,0.6874860000000000
05-25-15,Rusizi,0.589860000000000
05-25-15,Kaburantwa,0.8036600000000000
05-25-15,Nyamagana,0.602737000000000
05-25-15,Mpanda,0.7144330000000000
05-25-15,Nyakagunda,0.7208820000000000
05-25-15,Nyengwe,0.30140400000000001
06-10-15,Buzimba,0.25833499999999998
06-10-15,Mulembwe,0.6601230000000000
06-10-15,Jiji,0.25833499999999998
06-10-15,Mutimbuzi,0.6478010000000000
06-10-15,Rusizi,0.4852120000000000
06-10-15,Kaburantwa,0.6836510000000000
06-10-15,Nyamagana,0.5868420000000000
06-10-15,Mpanda,0.6749210000000000
06-10-15,Nyakagunda,0.6714760000000000
06-10-15,Nyengwe,0.25833499999999998
06-26-15,Buzimba,0.25909700000000002
06-26-15,Mulembwe,0.5817630000000000
06-26-15,Jiji,0.25909700000000002
06-26-15,Mutimbuzi,0.610067000000000
06-26-15,Rusizi,0.5295560000000000
06-26-15,Kaburantwa,0.7370520000000000
06-26-15,Nyamagana,0.49446600000000002
06-26-15,Mpanda,0.6171960000000000
06-26-15,Nyakagunda,0.6168290000000000
06-26-15,Nyengwe,0.25909700000000002
07-12-15,Buzimba,0.22344700000000001
07-12-15,Mulembwe,0.5508459999999999
07-12-15,Jiji,0.22344700000000001
07-12-15,Mutimbuzi,0.5678830000000000
07-12-15,Rusizi,0.49186800000000003
07-12-15,Kaburantwa,0.7167340000000000
07-12-15,Nyamagana,0.47034700000000002
07-12-15,Mpanda,0.5940190000000000
07-12-15,Nyakagunda,0.6005400000000000
07-12-15,Nyengwe,0.22344700000000001
07-28-15,Buzimba,0.4150650000000000
07-28-15,Mulembwe,0.5352310000000000
07-28-15,Jiji,0.4150650000000000
07-28-15,Mutimbuzi,0.5459560000000000
07-28-15,Rusizi,0.45819399999999999
07-28-15,Kaburantwa,0.6968340000000000
07-28-15,Nyamagana,0.4203800000000000
07-28-15,Mpanda,0.5568440000000000
07-28-15,Nyakagunda,0.566902000000000
07-28-15,Nyengwe,0.4150650000000000
08-13-15,Buzimba,0.3832170000000000
08-13-15,Mulembwe,0.5083140000000000
08-13-15,Jiji,0.3832170000000000
08-13-15,Mutimbuzi,0.5061740000000000
08-13-15,Rusizi,0.44793800000000000
08-13-15,Kaburantwa,0.6745050000000000
08-13-15,Nyamagana,0.3634040000000000
08-13-15,Mpanda,0.505972000000000
08-13-15,Nyakagunda,0.5031679999999999
08-13-15,Nyengwe,0.3832170000000000
08-29-15,Buzimba,0.23246000000000000
08-29-15,Mulembwe,0.46961700000000001
08-29-15,Jiji,0.23246000000000000
08-29-15,Mutimbuzi,0.4984480000000000
08-29-15,Rusizi,0.43087999999999999
08-29-15,Kaburantwa,0.6598690000000000
08-29-15,Nyamagana,0.41035899999999997
08-29-15,Mpanda,0.5317310000000000
08-29-15,Nyakagunda,0.5181789999999999
08-29-15,Nyengwe,0.23246000000000000
09-14-15,Buzimba,0.20935100000000001
09-14-15,Mulembwe,0.4309310000000000
09-14-15,Jiji,0.20935100000000001
09-14-15,Mutimbuzi,0.4675250000000000
09-14-15,Rusizi,0.4284070000000000
09-14-15,Kaburantwa,0.6520270000000000
09-14-15,Nyamagana,0.414606000000000
09-14-15,Mpanda,0.5338900000000000
09-14-15,Nyakagunda,0.5216920000000000
09-14-15,Nyengwe,0.20935100000000001
09-30-15,Buzimba,0.18143400000000001
09-30-15,Mulembwe,0.4778500000000000
09-30-15,Jiji,0.18143400000000001
09-30-15,Mutimbuzi,0.48508899999999999
09-30-15,Rusizi,0.3873070000000000
09-30-15,Kaburantwa,0.6013170000000000
09-30-15,Nyamagana,0.40937899999999999
09-30-15,Mpanda,0.5613540000000000
09-30-15,Nyakagunda,0.5361150000000000
09-30-15,Nyengwe,0.18143400000000001
10-16-15,Buzimba,0.1827090000000000
10-16-15,Mulembwe,0.3061070000000000
10-16-15,Jiji,0.1827090000000000
10-16-15,Mutimbuzi,0.4348980000000000
10-16-15,Rusizi,0.41952000000000000
10-16-15,Kaburantwa,0.44311000000000000
10-16-15,Nyamagana,0.43771399999999999
10-16-15,Mpanda,0.58698500000000
10-16-15,Nyakagunda,0.5848090000000000
10-16-15,Nyengwe,0.1827090000000000
11-01-15,Buzimba,0.18371100000000001
11-01-15,Mulembwe,0.4456520000000000
11-01-15,Jiji,0.18371100000000001
11-01-15,Mutimbuzi,0.5841420000000001
11-01-15,Rusizi,0.45719100000000001
11-01-15,Kaburantwa,0.5221460000000000
11-01-15,Nyamagana,0.5917160000000000
11-01-15,Mpanda,0.6256140000000000
11-01-15,Nyakagunda,0.6459420000000000
11-01-15,Nyengwe,0.18371100000000001
11-17-15,Buzimba,0.23889800000000000
11-17-15,Mulembwe,0.45418700000000001
11-17-15,Jiji,0.23889800000000000
11-17-15,Mutimbuzi,0.5498189999999999
11-17-15,Rusizi,0.4934940000000000
11-17-15,Kaburantwa,0.5192240000000000
11-17-15,Nyamagana,0.5854279999999999
11-17-15,Mpanda,0.6803220000000000
11-17-15,Nyakagunda,0.6952870000000000
11-17-15,Nyengwe,0.23889800000000000
12-03-15,Buzimba,0.35510599999999998
12-03-15,Mulembwe,0.562880000000000
12-03-15,Jiji,0.35510599999999998
12-03-15,Mutimbuzi,0.6284149999999999
12-03-15,Rusizi,0.5213940000000000
12-03-15,Kaburantwa,0.6369380000000000
12-03-15,Nyamagana,0.6401770000000000
12-03-15,Mpanda,0.6959689999999999
12-03-15,Nyakagunda,0.7255980000000000
12-03-15,Nyengwe,0.35510599999999998
12-19-15,Buzimba,0.35108200000000001
12-19-15,Mulembwe,0.6532940000000000
12-19-15,Jiji,0.35108200000000001
12-19-15,Mutimbuzi,0.5808160000000000
12-19-15,Rusizi,0.5283920000000000
12-19-15,Kaburantwa,0.5982180000000000
12-19-15,Nyamagana,0.6863250000000000
12-19-15,Mpanda,0.7106890000000000
12-19-15,Nyakagunda,0.7369750000000000
12-19-15,Nyengwe,0.35108200000000001
01-01-16,Buzimba,0.25644000000000000
01-01-16,Mulembwe,0.6340290000000000
01-01-16,Jiji,0.25644000000000000
01-01-16,Mutimbuzi,0.6359450000000000
01-01-16,Rusizi,0.4581150000000000
01-01-16,Kaburantwa,0.47548400000000002
01-01-16,Nyamagana,0.6828360000000000
01-01-16,Mpanda,0.6978120000000000
01-01-16,Nyakagunda,0.6746240000000000
01-01-16,Nyengwe,0.25644000000000000
01-17-16,Buzimba,0.3854690000000000
01-17-16,Mulembwe,0.6908550000000000
01-17-16,Jiji,0.3854690000000000
01-17-16,Mutimbuzi,0.7038910000000000
01-17-16,Rusizi,0.5312010000000000
01-17-16,Kaburantwa,0.6145190000000000
01-17-16,Nyamagana,0.6938290000000000
01-17-16,Mpanda,0.7408470000000000
01-17-16,Nyakagunda,0.7373100000000000
01-17-16,Nyengwe,0.3854690000000000
02-02-16,Buzimba,0.19442100000000001
02-02-16,Mulembwe,0.5760880000000000
02-02-16,Jiji,0.19442100000000001
02-02-16,Mutimbuzi,0.5862680000000000
02-02-16,Rusizi,0.5210920000000000
02-02-16,Kaburantwa,0.5544810000000000
02-02-16,Nyamagana,0.6114460000000000
02-02-16,Mpanda,0.6237840000000000
02-02-16,Nyakagunda,0.635630000000000
02-02-16,Nyengwe,0.19442100000000001
02-18-16,Buzimba,0.17379200000000000
02-18-16,Mulembwe,0.3909840000000000
02-18-16,Jiji,0.17379200000000000
02-18-16,Mutimbuzi,0.5632750000000000
02-18-16,Rusizi,0.4675620000000000
02-18-16,Kaburantwa,0.4274880000000000
02-18-16,Nyamagana,0.6523810000000000
02-18-16,Mpanda,0.6562760000000000
02-18-16,Nyakagunda,0.6408150000000000
02-18-16,Nyengwe,0.17379200000000000
03-05-16,Buzimba,0.509955000000000
03-05-16,Mulembwe,0.6807299999999999
03-05-16,Jiji,0.509955000000000
03-05-16,Mutimbuzi,0.6617650000000000
03-05-16,Rusizi,0.6260780000000000
03-05-16,Kaburantwa,0.741171000000000
03-05-16,Nyamagana,0.6333530000000001
03-05-16,Mpanda,0.7077320000000000
03-05-16,Nyakagunda,0.6985990000000000
03-05-16,Nyengwe,0.509955000000000
03-21-16,Buzimba,0.215139000000000
03-21-16,Mulembwe,0.5045870000000000
03-21-16,Jiji,0.215139000000000
03-21-16,Mutimbuzi,0.5609650000000000
03-21-16,Rusizi,0.46705600000000003
03-21-16,Kaburantwa,0.5783250000000000
03-21-16,Nyamagana,0.6532940000000000
03-21-16,Mpanda,0.6593180000000000
03-21-16,Nyakagunda,0.6669780000000000
03-21-16,Nyengwe,0.215139000000000
04-06-16,Buzimba,0.4158910000000000
04-06-16,Mulembwe,0.5139300000000000
04-06-16,Jiji,0.4158910000000000
04-06-16,Mutimbuzi,0.5831190000000001
04-06-16,Rusizi,0.4969540000000000
04-06-16,Kaburantwa,0.668515000000000
04-06-16,Nyamagana,0.7150130000000000
04-06-16,Mpanda,0.6794810000000000
04-06-16,Nyakagunda,0.7459950000000000
04-06-16,Nyengwe,0.4158910000000000
04-22-16,Buzimba,0.21189800000000000
04-22-16,Mulembwe,0.5281520000000000
04-22-16,Jiji,0.21189800000000000
04-22-16,Mutimbuzi,0.5652010000000000
04-22-16,Rusizi,0.4956930000000000
04-22-16,Kaburantwa,0.5927010000000000
04-22-16,Nyamagana,0.688833000000000
04-22-16,Mpanda,0.6836700000000000
04-22-16,Nyakagunda,0.6488230000000000
04-22-16,Nyengwe,0.21189800000000000
05-08-16,Buzimba,0.6054030000000000
05-08-16,Mulembwe,0.6848010000000000
05-08-16,Jiji,0.6054030000000000
05-08-16,Mutimbuzi,0.5605810000000000
05-08-16,Rusizi,0.4939660000000000
05-08-16,Kaburantwa,0.529588000000000
05-08-16,Nyamagana,0.6663240000000000
05-08-16,Mpanda,0.6451310000000000
05-08-16,Nyakagunda,0.6574410000000001
05-08-16,Nyengwe,0.6054030000000000
05-24-16,Buzimba,0.3022270000000000
05-24-16,Mulembwe,0.5980839999999999
05-24-16,Jiji,0.3022270000000000
05-24-16,Mutimbuzi,0.5526700000000000
05-24-16,Rusizi,0.41676299999999999
05-24-16,Kaburantwa,0.584331000000000
05-24-16,Nyamagana,0.6446600000000000
05-24-16,Mpanda,0.6356340000000000
05-24-16,Nyakagunda,0.6637130000000000
05-24-16,Nyengwe,0.3022270000000000
06-09-16,Buzimba,0.22489500000000001
06-09-16,Mulembwe,0.6077129999999999
06-09-16,Jiji,0.22489500000000001
06-09-16,Mutimbuzi,0.5998210000000000
06-09-16,Rusizi,0.5051510000000000
06-09-16,Kaburantwa,0.663418000000000
06-09-16,Nyamagana,0.5847990000000000
06-09-16,Mpanda,0.6626140000000000
06-09-16,Nyakagunda,0.6463360000000000
06-09-16,Nyengwe,0.22489500000000001
06-25-16,Buzimba,0.2953930000000000
06-25-16,Mulembwe,0.591856000000000
06-25-16,Jiji,0.2953930000000000
06-25-16,Mutimbuzi,0.590442000000000
06-25-16,Rusizi,0.5217810000000001
06-25-16,Kaburantwa,0.7441100000000000
06-25-16,Nyamagana,0.5337990000000000
06-25-16,Mpanda,0.6407820000000000
06-25-16,Nyakagunda,0.6679400000000000
06-25-16,Nyengwe,0.2953930000000000
07-11-16,Buzimba,0.18223400000000001
07-11-16,Mulembwe,0.5190970000000000
07-11-16,Jiji,0.18223400000000001
07-11-16,Mutimbuzi,0.5235649999999999
07-11-16,Rusizi,0.3905580000000000
07-11-16,Kaburantwa,0.6558610000000000
07-11-16,Nyamagana,0.43443199999999998
07-11-16,Mpanda,0.5568540000000000
07-11-16,Nyakagunda,0.569393000000000
07-11-16,Nyengwe,0.18223400000000001
07-27-16,Buzimba,0.20495400000000000
07-27-16,Mulembwe,0.4961510000000000
07-27-16,Jiji,0.20495400000000000
07-27-16,Mutimbuzi,0.5021240000000000
07-27-16,Rusizi,0.4488530000000000
07-27-16,Kaburantwa,0.6650430000000001
07-27-16,Nyamagana,0.41018900000000003
07-27-16,Mpanda,0.5330420000000000
07-27-16,Nyakagunda,0.5345460000000000
07-27-16,Nyengwe,0.20495400000000000
08-12-16,Buzimba,0.2120000000000000
08-12-16,Mulembwe,0.5069440000000000
08-12-16,Jiji,0.2120000000000000
08-12-16,Mutimbuzi,0.4594980000000000
08-12-16,Rusizi,0.4098230000000000
08-12-16,Kaburantwa,0.6409600000000000
08-12-16,Nyamagana,0.3768380000000000
08-12-16,Mpanda,0.5009490000000000
08-12-16,Nyakagunda,0.5136330000000000
08-12-16,Nyengwe,0.2120000000000000
08-28-16,Buzimba,0.20381099999999999
08-28-16,Mulembwe,0.443545000000000
08-28-16,Jiji,0.20381099999999999
08-28-16,Mutimbuzi,0.43293500000000001
08-28-16,Rusizi,0.39737800000000001
08-28-16,Kaburantwa,0.6075400000000000
08-28-16,Nyamagana,0.3416800000000000
08-28-16,Mpanda,0.4727040000000000
08-28-16,Nyakagunda,0.4619430000000000
08-28-16,Nyengwe,0.20381099999999999
09-13-16,Buzimba,0.22832300000000000
09-13-16,Mulembwe,0.4870210000000000
09-13-16,Jiji,0.22832300000000000
09-13-16,Mutimbuzi,0.45578900000000
09-13-16,Rusizi,0.3956730000000000
09-13-16,Kaburantwa,0.5003609999999999
09-13-16,Nyamagana,0.35774200000000000
09-13-16,Mpanda,0.485033000000000
09-13-16,Nyakagunda,0.4818910000000000
09-13-16,Nyengwe,0.22832300000000000
09-29-16,Buzimba,0.18123300000000001
09-29-16,Mulembwe,0.48953200000000002
09-29-16,Jiji,0.18123300000000001
09-29-16,Mutimbuzi,0.4819540000000000
09-29-16,Rusizi,0.4092430000000000
09-29-16,Kaburantwa,0.6590430000000000
09-29-16,Nyamagana,0.4048980000000000
09-29-16,Mpanda,0.5219210000000000
09-29-16,Nyakagunda,0.5331110000000000
09-29-16,Nyengwe,0.18123300000000001
10-15-16,Buzimba,0.20747399999999999
10-15-16,Mulembwe,0.4902130000000000
10-15-16,Jiji,0.20747399999999999
10-15-16,Mutimbuzi,0.4826790000000000
10-15-16,Rusizi,0.44375999999999999
10-15-16,Kaburantwa,0.6308470000000000
10-15-16,Nyamagana,0.37550200000000000
10-15-16,Mpanda,0.5365460000000000
10-15-16,Nyakagunda,0.533028000000000
10-15-16,Nyengwe,0.20747399999999999
10-31-16,Buzimba,0.1577240000000000
10-31-16,Mulembwe,0.38542300000000002
10-31-16,Jiji,0.1577240000000000
10-31-16,Mutimbuzi,0.4140510000000000
10-31-16,Rusizi,0.29628700000000002
10-31-16,Kaburantwa,0.5840620000000000
10-31-16,Nyamagana,0.39842699999999998
10-31-16,Mpanda,0.43427100000000002
10-31-16,Nyakagunda,0.48625600000000002
10-31-16,Nyengwe,0.1577240000000000
11-16-16,Buzimba,0.23447100000000001
11-16-16,Mulembwe,0.4600080000000000
11-16-16,Jiji,0.23447100000000001
11-16-16,Mutimbuzi,0.5387600000000000
11-16-16,Rusizi,0.20250699999999999
11-16-16,Kaburantwa,0.4781110000000000
11-16-16,Nyamagana,0.4451660000000000
11-16-16,Mpanda,0.5731360000000000
11-16-16,Nyakagunda,0.4289620000000000
11-16-16,Nyengwe,0.23447100000000001
12-02-16,Buzimba,0.375855000000000
12-02-16,Mulembwe,0.5410210000000000
12-02-16,Jiji,0.375855000000000
12-02-16,Mutimbuzi,0.5863610000000000
12-02-16,Rusizi,0.5163800000000000
12-02-16,Kaburantwa,0.6560170000000000
12-02-16,Nyamagana,0.6263240000000000
12-02-16,Mpanda,0.6396480000000000
12-02-16,Nyakagunda,0.6634460000000000
12-02-16,Nyengwe,0.375855000000000
12-18-16,Buzimba,0.2551760000000000
12-18-16,Mulembwe,0.5321490000000000
12-18-16,Jiji,0.2551760000000000
12-18-16,Mutimbuzi,0.6025610000000000
12-18-16,Rusizi,0.44331900000000002
12-18-16,Kaburantwa,0.5739060000000000
12-18-16,Nyamagana,0.5876690000000000
12-18-16,Mpanda,0.6567580000000000
12-18-16,Nyakagunda,0.6517039999999999
12-18-16,Nyengwe,0.2551760000000000
01-01-17,Buzimba,0.275341000000000
01-01-17,Mulembwe,0.5733070000000000
01-01-17,Jiji,0.275341000000000
01-01-17,Mutimbuzi,0.5850200000000000
01-01-17,Rusizi,0.546325000000000
01-01-17,Kaburantwa,0.7556420000000000
01-01-17,Nyamagana,0.5835200000000000
01-01-17,Mpanda,0.6763400000000001
01-01-17,Nyakagunda,0.6522030000000000
01-01-17,Nyengwe,0.275341000000000
01-17-17,Buzimba,0.2674200000000000
01-17-17,Mulembwe,0.6429040000000000
01-17-17,Jiji,0.2674200000000000
01-17-17,Mutimbuzi,0.6045290000000000
01-17-17,Rusizi,0.5208900000000000
01-17-17,Kaburantwa,0.7624730000000000
01-17-17,Nyamagana,0.5243500000000000
01-17-17,Mpanda,0.6430610000000000
01-17-17,Nyakagunda,0.6529650000000000
01-17-17,Nyengwe,0.2674200000000000
02-02-17,Buzimba,0.2818130000000000
02-02-17,Mulembwe,0.6269360000000000
02-02-17,Jiji,0.2818130000000000
02-02-17,Mutimbuzi,0.639876000000000
02-02-17,Rusizi,0.5230210000000000
02-02-17,Kaburantwa,0.7748500000000000
02-02-17,Nyamagana,0.6132900000000000
02-02-17,Mpanda,0.6575880000000000
02-02-17,Nyakagunda,0.6880380000000000
02-02-17,Nyengwe,0.2818130000000000
02-18-17,Buzimba,0.21669700000000000
02-18-17,Mulembwe,0.5087410000000000
02-18-17,Jiji,0.21669700000000000
02-18-17,Mutimbuzi,0.5578280000000000
02-18-17,Rusizi,0.4478290000000000
02-18-17,Kaburantwa,0.6452140000000000
02-18-17,Nyamagana,0.6199710000000000
02-18-17,Mpanda,0.6555730000000000
02-18-17,Nyakagunda,0.6900220000000000
02-18-17,Nyengwe,0.21669700000000000
03-06-17,Buzimba,0.29357000000000000
03-06-17,Mulembwe,0.6428600000000000
03-06-17,Jiji,0.29357000000000000
03-06-17,Mutimbuzi,0.6346170000000000
03-06-17,Rusizi,0.48683599999999999
03-06-17,Kaburantwa,0.7140670000000000
03-06-17,Nyamagana,0.6396860000000000
03-06-17,Mpanda,0.6606740000000000
03-06-17,Nyakagunda,0.6965080000000000
03-06-17,Nyengwe,0.29357000000000000
03-22-17,Buzimba,0.3092680000000000
03-22-17,Mulembwe,0.5482740000000000
03-22-17,Jiji,0.3092680000000000
03-22-17,Mutimbuzi,0.5019350000000000
03-22-17,Rusizi,0.48219800000000002
03-22-17,Kaburantwa,0.5768890000000000
03-22-17,Nyamagana,0.6340540000000000
03-22-17,Mpanda,0.6298170000000000
03-22-17,Nyakagunda,0.6610100000000000
03-22-17,Nyengwe,0.3092680000000000
04-07-17,Buzimba,0.20866000000000001
04-07-17,Mulembwe,0.39188400000000001
04-07-17,Jiji,0.20866000000000001
04-07-17,Mutimbuzi,0.45410699999999998
04-07-17,Rusizi,0.29412800000000000
04-07-17,Kaburantwa,0.46353499999999997
04-07-17,Nyamagana,0.6105010000000000
04-07-17,Mpanda,0.570018000000000
04-07-17,Nyakagunda,0.5619970000000000
04-07-17,Nyengwe,0.20866000000000001
04-23-17,Buzimba,0.35117100000000001
04-23-17,Mulembwe,0.5188580000000000
04-23-17,Jiji,0.35117100000000001
04-23-17,Mutimbuzi,0.4480250000000000
04-23-17,Rusizi,0.38458199999999998
04-23-17,Kaburantwa,0.4746100000000000
04-23-17,Nyamagana,0.6178010000000000
04-23-17,Mpanda,0.5719660000000000
04-23-17,Nyakagunda,0.5781300000000000
04-23-17,Nyengwe,0.35117100000000001
05-09-17,Buzimba,0.5457840000000000
05-09-17,Mulembwe,0.7088840000000000
05-09-17,Jiji,0.5457840000000000
05-09-17,Mutimbuzi,0.6802250000000000
05-09-17,Rusizi,0.4842790000000000
05-09-17,Kaburantwa,0.7022160000000000
05-09-17,Nyamagana,0.6451560000000000
05-09-17,Mpanda,0.7343340000000000
05-09-17,Nyakagunda,0.681560000000000
05-09-17,Nyengwe,0.5457840000000000
05-25-17,Buzimba,0.4172680000000000
05-25-17,Mulembwe,0.6946890000000000
05-25-17,Jiji,0.4172680000000000
05-25-17,Mutimbuzi,0.6472590000000000
05-25-17,Rusizi,0.5712850000000000
05-25-17,Kaburantwa,0.7466840000000000
05-25-17,Nyamagana,0.5333250000000000
05-25-17,Mpanda,0.6951990000000000
05-25-17,Nyakagunda,0.6813439999999999
05-25-17,Nyengwe,0.4172680000000000
06-10-17,Buzimba,0.24849099999999999
06-10-17,Mulembwe,0.6226950000000000
06-10-17,Jiji,0.24849099999999999
06-10-17,Mutimbuzi,0.6143450000000000
06-10-17,Rusizi,0.47182000000000002
06-10-17,Kaburantwa,0.7143440000000000
06-10-17,Nyamagana,0.4520880000000000
06-10-17,Mpanda,0.6238100000000000
06-10-17,Nyakagunda,0.5916590000000000
06-10-17,Nyengwe,0.24849099999999999
06-26-17,Buzimba,0.21487899999999999
06-26-17,Mulembwe,0.5629490000000000
06-26-17,Jiji,0.21487899999999999
06-26-17,Mutimbuzi,0.5439850000000001
06-26-17,Rusizi,0.45960899999999999
06-26-17,Kaburantwa,0.7197650000000000
06-26-17,Nyamagana,0.4089460000000000
06-26-17,Mpanda,0.5855020000000000
06-26-17,Nyakagunda,0.5590820000000000
06-26-17,Nyengwe,0.21487899999999999
07-12-17,Buzimba,0.19503100000000001
07-12-17,Mulembwe,0.535229000000000
07-12-17,Jiji,0.19503100000000001
07-12-17,Mutimbuzi,0.5119610000000000
07-12-17,Rusizi,0.436208000000000
07-12-17,Kaburantwa,0.7007870000000000
07-12-17,Nyamagana,0.3907600000000000
07-12-17,Mpanda,0.5602490000000000
07-12-17,Nyakagunda,0.5583890000000000
07-12-17,Nyengwe,0.19503100000000001
07-28-17,Buzimba,0.1871030000000000
07-28-17,Mulembwe,0.5237200000000000
07-28-17,Jiji,0.1871030000000000
07-28-17,Mutimbuzi,0.4773530000000000
07-28-17,Rusizi,0.2787140000000000
07-28-17,Kaburantwa,0.5924080000000000
07-28-17,Nyamagana,0.35904999999999998
07-28-17,Mpanda,0.5166930000000000
07-28-17,Nyakagunda,0.45408700000000002
07-28-17,Nyengwe,0.1871030000000000
08-13-17,Buzimba,0.1570640000000000
08-13-17,Mulembwe,0.4779080000000000
08-13-17,Jiji,0.1570640000000000
08-13-17,Mutimbuzi,0.46718700000000002
08-13-17,Rusizi,0.37631399999999998
08-13-17,Kaburantwa,0.6325660000000000
08-13-17,Nyamagana,0.3590690000000000
08-13-17,Mpanda,0.5043690000000000
08-13-17,Nyakagunda,0.4816850000000000
08-13-17,Nyengwe,0.1570640000000000
08-29-17,Buzimba,0.2138740000000000
08-29-17,Mulembwe,0.48597800000000002
08-29-17,Jiji,0.2138740000000000
08-29-17,Mutimbuzi,0.47643300000000000
08-29-17,Rusizi,0.3915930000000000
08-29-17,Kaburantwa,0.6507980000000000
08-29-17,Nyamagana,0.35311500000000001
08-29-17,Mpanda,0.5190150000000000
08-29-17,Nyakagunda,0.5054300000000000
08-29-17,Nyengwe,0.2138740000000000
09-14-17,Buzimba,0.19028300000000001
09-14-17,Mulembwe,0.4884880000000000
09-14-17,Jiji,0.19028300000000001
09-14-17,Mutimbuzi,0.4995260000000000
09-14-17,Rusizi,0.45685100000000001
09-14-17,Kaburantwa,0.6690880000000000
09-14-17,Nyamagana,0.3539210000000000
09-14-17,Mpanda,0.5308990000000000
09-14-17,Nyakagunda,0.547321000000000
09-14-17,Nyengwe,0.19028300000000001
09-30-17,Buzimba,0.15862200000000001
09-30-17,Mulembwe,0.47979400000000000
09-30-17,Jiji,0.15862200000000001
09-30-17,Mutimbuzi,0.47238500000000000
09-30-17,Rusizi,0.37160399999999999
09-30-17,Kaburantwa,0.6143830000000000
09-30-17,Nyamagana,0.31445800000000002
09-30-17,Mpanda,0.49507800000000002
09-30-17,Nyakagunda,0.48711900000000002
09-30-17,Nyengwe,0.15862200000000001
10-16-17,Buzimba,0.1571470000000000
10-16-17,Mulembwe,0.4795070000000000
10-16-17,Jiji,0.1571470000000000
10-16-17,Mutimbuzi,0.45463300000000001
10-16-17,Rusizi,0.4307950000000000
10-16-17,Kaburantwa,0.5367390000000000
10-16-17,Nyamagana,0.33544200000000002
10-16-17,Mpanda,0.5235580000000000
10-16-17,Nyakagunda,0.5610570000000000
10-16-17,Nyengwe,0.1571470000000000
11-01-17,Buzimba,0.2851230000000000
11-01-17,Mulembwe,0.4741710000000000
11-01-17,Jiji,0.2851230000000000
11-01-17,Mutimbuzi,0.5267740000000000
11-01-17,Rusizi,0.4280280000000000
11-01-17,Kaburantwa,0.4806130000000000
11-01-17,Nyamagana,0.41909999999999997
11-01-17,Mpanda,0.5116760000000000
11-01-17,Nyakagunda,0.581898000000000
11-01-17,Nyengwe,0.2851230000000000
11-17-17,Buzimba,0.17255899999999999
11-17-17,Mulembwe,0.4742780000000000
11-17-17,Jiji,0.17255899999999999
11-17-17,Mutimbuzi,0.5302100000000000
11-17-17,Rusizi,0.358668000000000
11-17-17,Kaburantwa,0.6832600000000000
11-17-17,Nyamagana,0.5165910000000000
11-17-17,Mpanda,0.4616380000000000
11-17-17,Nyakagunda,0.6485610000000001
11-17-17,Nyengwe,0.17255899999999999
12-03-17,Buzimba,0.20904400000000001
12-03-17,Mulembwe,0.5701270000000001
12-03-17,Jiji,0.20904400000000001
12-03-17,Mutimbuzi,0.48182399999999997
12-03-17,Rusizi,0.49261700000000003
12-03-17,Kaburantwa,0.545294000000000
12-03-17,Nyamagana,0.5558020000000000
12-03-17,Mpanda,0.567842000000000
12-03-17,Nyakagunda,0.6596070000000001
12-03-17,Nyengwe,0.20904400000000001
12-19-17,Buzimba,0.22678000000000001
12-19-17,Mulembwe,0.5065760000000000
12-19-17,Jiji,0.22678000000000001
12-19-17,Mutimbuzi,0.361025000000000
12-19-17,Rusizi,0.45253800000000000
12-19-17,Kaburantwa,0.4185150000000000
12-19-17,Nyamagana,0.6140620000000000
12-19-17,Mpanda,0.5023339999999999
12-19-17,Nyakagunda,0.6328700000000000
12-19-17,Nyengwe,0.22678000000000001
01-01-18,Buzimba,0.21125800000000000
01-01-18,Mulembwe,0.5864830000000000
01-01-18,Jiji,0.21125800000000000
01-01-18,Mutimbuzi,0.5334470000000000
01-01-18,Rusizi,0.29160199999999997
01-01-18,Kaburantwa,0.5198010000000000
01-01-18,Nyamagana,0.6314950000000000
01-01-18,Mpanda,0.6250640000000000
01-01-18,Nyakagunda,0.5565000000000000
01-01-18,Nyengwe,0.21125800000000000
01-17-18,Buzimba,0.24865899999999999
01-17-18,Mulembwe,0.6231930000000000
01-17-18,Jiji,0.24865899999999999
01-17-18,Mutimbuzi,0.6159110000000000
01-17-18,Rusizi,0.5322249999999999
01-17-18,Kaburantwa,0.6943910000000000
01-17-18,Nyamagana,0.6289530000000000
01-17-18,Mpanda,0.6702470000000000
01-17-18,Nyakagunda,0.676905000000000
01-17-18,Nyengwe,0.24865899999999999
02-02-18,Buzimba,0.4337370000000000
02-02-18,Mulembwe,0.6096860000000000
02-02-18,Jiji,0.4337370000000000
02-02-18,Mutimbuzi,0.5865870000000000
02-02-18,Rusizi,0.5605790000000000
02-02-18,Kaburantwa,0.5216520000000000
02-02-18,Nyamagana,0.617558000000000
02-02-18,Mpanda,0.6243830000000000
02-02-18,Nyakagunda,0.6750310000000000
02-02-18,Nyengwe,0.4337370000000000
02-18-18,Buzimba,0.24813700000000000
02-18-18,Mulembwe,0.6364140000000000
02-18-18,Jiji,0.24813700000000000
02-18-18,Mutimbuzi,0.6312400000000000
02-18-18,Rusizi,0.4372670000000000
02-18-18,Kaburantwa,0.7744400000000000
02-18-18,Nyamagana,0.6485300000000001
02-18-18,Mpanda,0.6873290000000000
02-18-18,Nyakagunda,0.6769860000000000
02-18-18,Nyengwe,0.24813700000000000
03-06-18,Buzimba,0.22721300000000000
03-06-18,Mulembwe,0.6355000000000000
03-06-18,Jiji,0.22721300000000000
03-06-18,Mutimbuzi,0.6458220000000000
03-06-18,Rusizi,0.45812500000000000
03-06-18,Kaburantwa,0.6516110000000001
03-06-18,Nyamagana,0.6510780000000000
03-06-18,Mpanda,0.650776000000000
03-06-18,Nyakagunda,0.6370870000000000
03-06-18,Nyengwe,0.22721300000000000
03-22-18,Buzimba,0.26780399999999999
03-22-18,Mulembwe,0.49048399999999998
03-22-18,Jiji,0.26780399999999999
03-22-18,Mutimbuzi,0.5555210000000000
03-22-18,Rusizi,0.42883100000000002
03-22-18,Kaburantwa,0.6186300000000000
03-22-18,Nyamagana,0.6626350000000000
03-22-18,Mpanda,0.6525780000000000
03-22-18,Nyakagunda,0.6917510000000000
03-22-18,Nyengwe,0.26780399999999999
04-07-18,Buzimba,0.26884799999999998
04-07-18,Mulembwe,0.5624360000000000
04-07-18,Jiji,0.26884799999999998
04-07-18,Mutimbuzi,0.5644680000000000
04-07-18,Rusizi,0.4075980000000000
04-07-18,Kaburantwa,0.6328180000000000
04-07-18,Nyamagana,0.6949530000000000
04-07-18,Mpanda,0.6578230000000000
04-07-18,Nyakagunda,0.6456890000000000
04-07-18,Nyengwe,0.26884799999999998
04-23-18,Buzimba,0.22656200000000001
04-23-18,Mulembwe,0.4510660000000000
04-23-18,Jiji,0.22656200000000001
04-23-18,Mutimbuzi,0.6247690000000000
04-23-18,Rusizi,0.4477710000000000
04-23-18,Kaburantwa,0.627574000000000
04-23-18,Nyamagana,0.7011870000000000
04-23-18,Mpanda,0.7191130000000000
04-23-18,Nyakagunda,0.6872070000000000
04-23-18,Nyengwe,0.22656200000000001
05-09-18,Buzimba,0.33413399999999999
05-09-18,Mulembwe,0.579881000000000
05-09-18,Jiji,0.33413399999999999
05-09-18,Mutimbuzi,0.66419600000000
05-09-18,Rusizi,0.4883790000000000
05-09-18,Kaburantwa,0.6287090000000000
05-09-18,Nyamagana,0.6832210000000000
05-09-18,Mpanda,0.7093530000000000
05-09-18,Nyakagunda,0.7095080000000000
05-09-18,Nyengwe,0.33413399999999999
05-25-18,Buzimba,0.3243770000000000
05-25-18,Mulembwe,0.6878960000000000
05-25-18,Jiji,0.3243770000000000
05-25-18,Mutimbuzi,0.6847190000000000
05-25-18,Rusizi,0.5875629999999999
05-25-18,Kaburantwa,0.7815450000000000
05-25-18,Nyamagana,0.641643000000000
05-25-18,Mpanda,0.7323320000000000
05-25-18,Nyakagunda,0.7401400000000000
05-25-18,Nyengwe,0.3243770000000000
06-10-18,Buzimba,0.25527000000000000
06-10-18,Mulembwe,0.6218350000000000
06-10-18,Jiji,0.25527000000000000
06-10-18,Mutimbuzi,0.633111000000000
06-10-18,Rusizi,0.5750820000000000
06-10-18,Kaburantwa,0.7316520000000000
06-10-18,Nyamagana,0.5570950000000000
06-10-18,Mpanda,0.6730810000000000
06-10-18,Nyakagunda,0.6765660000000000
06-10-18,Nyengwe,0.25527000000000000
06-26-18,Buzimba,0.2990250000000000
06-26-18,Mulembwe,0.576239000000000
06-26-18,Jiji,0.2990250000000000
06-26-18,Mutimbuzi,0.5838530000000000
06-26-18,Rusizi,0.4739580000000000
06-26-18,Kaburantwa,0.7313030000000000
06-26-18,Nyamagana,0.4966560000000000
06-26-18,Mpanda,0.6297840000000000
06-26-18,Nyakagunda,0.6366400000000000
06-26-18,Nyengwe,0.2990250000000000
07-12-18,Buzimba,0.20043600000000000
07-12-18,Mulembwe,0.5281610000000000
07-12-18,Jiji,0.20043600000000000
07-12-18,Mutimbuzi,0.5314820000000000
07-12-18,Rusizi,0.4252280000000000
07-12-18,Kaburantwa,0.6890230000000001
07-12-18,Nyamagana,0.45072400000000001
07-12-18,Mpanda,0.5782060000000000
07-12-18,Nyakagunda,0.5642160000000001
07-12-18,Nyengwe,0.20043600000000000
07-28-18,Buzimba,0.38053700000000001
07-28-18,Mulembwe,0.5271860000000000
07-28-18,Jiji,0.38053700000000001
07-28-18,Mutimbuzi,0.5165350000000000
07-28-18,Rusizi,0.4383320000000000
07-28-18,Kaburantwa,0.6960130000000000
07-28-18,Nyamagana,0.45388899999999999
07-28-18,Mpanda,0.5797099999999999
07-28-18,Nyakagunda,0.5583520000000000
07-28-18,Nyengwe,0.38053700000000001
08-13-18,Buzimba,0.20502699999999999
08-13-18,Mulembwe,0.49454500000000001
08-13-18,Jiji,0.20502699999999999
08-13-18,Mutimbuzi,0.4904910000000000
08-13-18,Rusizi,0.42044700000000002
08-13-18,Kaburantwa,0.663792000000000
08-13-18,Nyamagana,0.45235199999999998
08-13-18,Mpanda,0.5496890000000000
08-13-18,Nyakagunda,0.5386330000000000
08-13-18,Nyengwe,0.20502699999999999
08-29-18,Buzimba,0.17504500000000001
08-29-18,Mulembwe,0.5012510000000000
08-29-18,Jiji,0.17504500000000001
08-29-18,Mutimbuzi,0.49028500000000003
08-29-18,Rusizi,0.40195199999999998
08-29-18,Kaburantwa,0.6309570000000000
08-29-18,Nyamagana,0.5087560000000000
08-29-18,Mpanda,0.5805310000000000
08-29-18,Nyakagunda,0.5963210000000000
08-29-18,Nyengwe,0.17504500000000001
09-14-18,Buzimba,0.21321499999999999
09-14-18,Mulembwe,0.4656780000000000
09-14-18,Jiji,0.21321499999999999
09-14-18,Mutimbuzi,0.4623480000000000
09-14-18,Rusizi,0.39573100000000000
09-14-18,Kaburantwa,0.654202000000000
09-14-18,Nyamagana,0.44715199999999999
09-14-18,Mpanda,0.5547680000000000
09-14-18,Nyakagunda,0.5613060000000000
09-14-18,Nyengwe,0.21321499999999999
09-30-18,Buzimba,0.14603200000000000
09-30-18,Mulembwe,0.43256000000000000
09-30-18,Jiji,0.14603200000000000
09-30-18,Mutimbuzi,0.4493480000000000
09-30-18,Rusizi,0.3187910000000000
09-30-18,Kaburantwa,0.62548900000000
09-30-18,Nyamagana,0.47668800000000000
09-30-18,Mpanda,0.571105000000000
09-30-18,Nyakagunda,0.528020000000000
09-30-18,Nyengwe,0.14603200000000000
10-16-18,Buzimba,0.1611560000000000
10-16-18,Mulembwe,0.40739999999999998
10-16-18,Jiji,0.1611560000000000
10-16-18,Mutimbuzi,0.4245740000000000
10-16-18,Rusizi,0.3149360000000000
10-16-18,Kaburantwa,0.516900000000000
10-16-18,Nyamagana,0.45705699999999999
10-16-18,Mpanda,0.5738150000000000
10-16-18,Nyakagunda,0.5671510000000000
10-16-18,Nyengwe,0.1611560000000000
11-01-18,Buzimba,0.16961699999999999
11-01-18,Mulembwe,0.42775600000000003
11-01-18,Jiji,0.16961699999999999
11-01-18,Mutimbuzi,0.5071960000000000
11-01-18,Rusizi,0.4350670000000000
11-01-18,Kaburantwa,0.4955790000000000
11-01-18,Nyamagana,0.527798000000000
11-01-18,Mpanda,0.604338000000000
11-01-18,Nyakagunda,0.6143250000000000
11-01-18,Nyengwe,0.16961699999999999
11-17-18,Buzimba,0.16626700000000000
11-17-18,Mulembwe,0.48093000000000002
11-17-18,Jiji,0.16626700000000000
11-17-18,Mutimbuzi,0.480055000000000
11-17-18,Rusizi,0.4175070000000000
11-17-18,Kaburantwa,0.5172680000000000
11-17-18,Nyamagana,0.6000770000000000
11-17-18,Mpanda,0.6343720000000000
11-17-18,Nyakagunda,0.6502690000000000
11-17-18,Nyengwe,0.16626700000000000
12-03-18,Buzimba,0.23488999999999999
12-03-18,Mulembwe,0.4971180000000000
12-03-18,Jiji,0.23488999999999999
12-03-18,Mutimbuzi,0.6044650000000000
12-03-18,Rusizi,0.3432900000000000
12-03-18,Kaburantwa,0.6273770000000000
12-03-18,Nyamagana,0.66779200000000
12-03-18,Mpanda,0.7003520000000000
12-03-18,Nyakagunda,0.7103450000000000
12-03-18,Nyengwe,0.23488999999999999
12-19-18,Buzimba,0.17223200000000000
12-19-18,Mulembwe,0.49870100000000001
12-19-18,Jiji,0.17223200000000000
12-19-18,Mutimbuzi,0.636131000000000
12-19-18,Rusizi,0.4563760000000000
12-19-18,Kaburantwa,0.6833070000000000
12-19-18,Nyamagana,0.6774019999999999
12-19-18,Mpanda,0.69871100000000
12-19-18,Nyakagunda,0.7302220000000000
12-19-18,Nyengwe,0.17223200000000000
01-01-19,Buzimba,0.2541260000000000
01-01-19,Mulembwe,0.6028170000000000
01-01-19,Jiji,0.2541260000000000
01-01-19,Mutimbuzi,0.6428950000000000
01-01-19,Rusizi,0.46645399999999998
01-01-19,Kaburantwa,0.7534550000000000
01-01-19,Nyamagana,0.6753550000000000
01-01-19,Mpanda,0.7137980000000000
01-01-19,Nyakagunda,0.7281640000000000
01-01-19,Nyengwe,0.2541260000000000
01-17-19,Buzimba,0.26503800000000000
01-17-19,Mulembwe,0.5869020000000000
01-17-19,Jiji,0.26503800000000000
01-17-19,Mutimbuzi,0.5689820000000000
01-17-19,Rusizi,0.5388810000000001
01-17-19,Kaburantwa,0.740925000000000
01-17-19,Nyamagana,0.5922310000000000
01-17-19,Mpanda,0.649902000000000
01-17-19,Nyakagunda,0.6602230000000000
01-17-19,Nyengwe,0.26503800000000000
02-02-19,Buzimba,0.28126200000000001
02-02-19,Mulembwe,0.651824000000000
02-02-19,Jiji,0.28126200000000001
02-02-19,Mutimbuzi,0.659292000000000
02-02-19,Rusizi,0.5659189999999999
02-02-19,Kaburantwa,0.630623000000000
02-02-19,Nyamagana,0.6190500000000000
02-02-19,Mpanda,0.722664000000000
02-02-19,Nyakagunda,0.7070060000000000
02-02-19,Nyengwe,0.28126200000000001
02-18-19,Buzimba,0.2399980000000000
02-18-19,Mulembwe,0.627014000000000
02-18-19,Jiji,0.2399980000000000
02-18-19,Mutimbuzi,0.6279070000000000
02-18-19,Rusizi,0.567312000000000
02-18-19,Kaburantwa,0.7324100000000000
02-18-19,Nyamagana,0.5654709999999999
02-18-19,Mpanda,0.6668970000000000
02-18-19,Nyakagunda,0.6662439999999999
02-18-19,Nyengwe,0.2399980000000000
03-06-19,Buzimba,0.3136880000000000
03-06-19,Mulembwe,0.6473640000000001
03-06-19,Jiji,0.3136880000000000
03-06-19,Mutimbuzi,0.6448680000000000
03-06-19,Rusizi,0.5658590000000000
03-06-19,Kaburantwa,0.6501520000000000
03-06-19,Nyamagana,0.5665100000000000
03-06-19,Mpanda,0.6844320000000000
03-06-19,Nyakagunda,0.6898160000000000
03-06-19,Nyengwe,0.3136880000000000
03-22-19,Buzimba,0.2400940000000000
03-22-19,Mulembwe,0.6425350000000000
03-22-19,Jiji,0.2400940000000000
03-22-19,Mutimbuzi,0.646065000000000
03-22-19,Rusizi,0.5456540000000000
03-22-19,Kaburantwa,0.7808020000000000
03-22-19,Nyamagana,0.5943400000000000
03-22-19,Mpanda,0.6963180000000000
03-22-19,Nyakagunda,0.7066610000000000
03-22-19,Nyengwe,0.2400940000000000
04-07-19,Buzimba,0.33127800000000002
04-07-19,Mulembwe,0.6159140000000000
04-07-19,Jiji,0.33127800000000002
04-07-19,Mutimbuzi,0.5778250000000000
04-07-19,Rusizi,0.5387830000000000
04-07-19,Kaburantwa,0.7357070000000000
04-07-19,Nyamagana,0.594404000000000
04-07-19,Mpanda,0.6701200000000000
04-07-19,Nyakagunda,0.7041849999999999
04-07-19,Nyengwe,0.33127800000000002
04-23-19,Buzimba,0.3642720000000000
04-23-19,Mulembwe,0.6080300000000000
04-23-19,Jiji,0.3642720000000000
04-23-19,Mutimbuzi,0.5968260000000000
04-23-19,Rusizi,0.5213360000000000
04-23-19,Kaburantwa,0.5466650000000000
04-23-19,Nyamagana,0.6464180000000000
04-23-19,Mpanda,0.7016140000000000
04-23-19,Nyakagunda,0.687752000000000
04-23-19,Nyengwe,0.3642720000000000
05-09-19,Buzimba,0.22500400000000001
05-09-19,Mulembwe,0.45299899999999999
05-09-19,Jiji,0.22500400000000001
05-09-19,Mutimbuzi,0.45853899999999997
05-09-19,Rusizi,0.3814090000000000
05-09-19,Kaburantwa,0.4602050000000000
05-09-19,Nyamagana,0.6224820000000000
05-09-19,Mpanda,0.5851850000000000
05-09-19,Nyakagunda,0.5871280000000000
05-09-19,Nyengwe,0.22500400000000001
05-25-19,Buzimba,0.26909499999999997
05-25-19,Mulembwe,0.5928160000000000
05-25-19,Jiji,0.26909499999999997
05-25-19,Mutimbuzi,0.4554730000000000
05-25-19,Rusizi,0.3411290000000000
05-25-19,Kaburantwa,0.5524010000000000
05-25-19,Nyamagana,0.5875640000000000
05-25-19,Mpanda,0.5653110000000000
05-25-19,Nyakagunda,0.5299080000000000
05-25-19,Nyengwe,0.26909499999999997
06-10-19,Buzimba,0.22632200000000000
06-10-19,Mulembwe,0.6560700000000000
06-10-19,Jiji,0.22632200000000000
06-10-19,Mutimbuzi,0.6184150000000000
06-10-19,Rusizi,0.4169560000000000
06-10-19,Kaburantwa,0.6293760000000000
06-10-19,Nyamagana,0.5540460000000000
06-10-19,Mpanda,0.6744010000000000
06-10-19,Nyakagunda,0.6448950000000000
06-10-19,Nyengwe,0.22632200000000000
06-26-19,Buzimba,0.20923500000000000
06-26-19,Mulembwe,0.6082010000000000
06-26-19,Jiji,0.20923500000000000
06-26-19,Mutimbuzi,0.6099000000000000
06-26-19,Rusizi,0.5073960000000000
06-26-19,Kaburantwa,0.7761020000000000
06-26-19,Nyamagana,0.5010300000000000
06-26-19,Mpanda,0.6797290000000000
06-26-19,Nyakagunda,0.7030910000000000
06-26-19,Nyengwe,0.20923500000000000
07-12-19,Buzimba,0.19028500000000001
07-12-19,Mulembwe,0.5689689999999999
07-12-19,Jiji,0.19028500000000001
07-12-19,Mutimbuzi,0.5934960000000000
07-12-19,Rusizi,0.49658099999999999
07-12-19,Kaburantwa,0.7608580000000000
07-12-19,Nyamagana,0.4736250000000000
07-12-19,Mpanda,0.6509340000000000
07-12-19,Nyakagunda,0.6583510000000000
07-12-19,Nyengwe,0.19028500000000001
07-28-19,Buzimba,0.1855630000000000
07-28-19,Mulembwe,0.5374760000000000
07-28-19,Jiji,0.1855630000000000
07-28-19,Mutimbuzi,0.5355510000000000
07-28-19,Rusizi,0.4794800000000000
07-28-19,Kaburantwa,0.703194000000000
07-28-19,Nyamagana,0.3903100000000000
07-28-19,Mpanda,0.5816380000000000
07-28-19,Nyakagunda,0.5811770000000001
07-28-19,Nyengwe,0.1855630000000000
08-13-19,Buzimba,0.23214499999999999
08-13-19,Mulembwe,0.501220000000000
08-13-19,Jiji,0.23214499999999999
08-13-19,Mutimbuzi,0.5006540000000000
08-13-19,Rusizi,0.4623780000000000
08-13-19,Kaburantwa,0.7083630000000000
08-13-19,Nyamagana,0.3648000000000000
08-13-19,Mpanda,0.5534210000000001
08-13-19,Nyakagunda,0.5607529999999999
08-13-19,Nyengwe,0.23214499999999999
08-29-19,Buzimba,0.25839699999999999
08-29-19,Mulembwe,0.4921960000000000
08-29-19,Jiji,0.25839699999999999
08-29-19,Mutimbuzi,0.4883830000000000
08-29-19,Rusizi,0.43020700000000001
08-29-19,Kaburantwa,0.6315120000000000
08-29-19,Nyamagana,0.3527880000000000
08-29-19,Mpanda,0.5234310000000000
08-29-19,Nyakagunda,0.53280300000000
08-29-19,Nyengwe,0.25839699999999999
09-14-19,Buzimba,0.21504999999999999
09-14-19,Mulembwe,0.48851499999999998
09-14-19,Jiji,0.21504999999999999
09-14-19,Mutimbuzi,0.5000430000000000
09-14-19,Rusizi,0.3961240000000000
09-14-19,Kaburantwa,0.6170850000000000
09-14-19,Nyamagana,0.34923300000000002
09-14-19,Mpanda,0.5553860000000000
09-14-19,Nyakagunda,0.534203000000000
09-14-19,Nyengwe,0.21504999999999999
09-30-19,Buzimba,0.1879300000000000
09-30-19,Mulembwe,0.47929800000000000
09-30-19,Jiji,0.1879300000000000
09-30-19,Mutimbuzi,0.5243409999999999
09-30-19,Rusizi,0.3609300000000000
09-30-19,Kaburantwa,0.6073050000000000
09-30-19,Nyamagana,0.3251260000000000
09-30-19,Mpanda,0.5923790000000000
09-30-19,Nyakagunda,0.5091140000000000
09-30-19,Nyengwe,0.1879300000000000
10-16-19,Buzimba,0.17297699999999999
10-16-19,Mulembwe,0.3690040000000000
10-16-19,Jiji,0.17297699999999999
10-16-19,Mutimbuzi,0.3147280000000000
10-16-19,Rusizi,0.23750399999999999
10-16-19,Kaburantwa,0.4053660000000000
10-16-19,Nyamagana,0.5206740000000000
10-16-19,Mpanda,0.5225460000000000
10-16-19,Nyakagunda,0.5087590000000000
10-16-19,Nyengwe,0.17297699999999999
11-01-19,Buzimba,0.2197780000000000
11-01-19,Mulembwe,0.5413289999999999
11-01-19,Jiji,0.2197780000000000
11-01-19,Mutimbuzi,0.5468980000000000
11-01-19,Rusizi,0.4220100000000000
11-01-19,Kaburantwa,0.5796980000000000
11-01-19,Nyamagana,0.5538260000000000
11-01-19,Mpanda,0.6413030000000000
11-01-19,Nyakagunda,0.5966129999999999
11-01-19,Nyengwe,0.2197780000000000
11-17-19,Buzimba,0.10198500000000001
11-17-19,Mulembwe,0.23637000000000000
11-17-19,Jiji,0.10198500000000001
11-17-19,Mutimbuzi,0.41039300000000001
11-17-19,Rusizi,0.3121100000000000
11-17-19,Kaburantwa,0.33955600000000002
11-17-19,Nyamagana,0.6360290000000000
11-17-19,Mpanda,0.5175380000000001
11-17-19,Nyakagunda,0.4732700000000000
11-17-19,Nyengwe,0.10198500000000001
12-03-19,Buzimba,0.163983000000000
12-03-19,Mulembwe,0.4688170000000000
12-03-19,Jiji,0.163983000000000
12-03-19,Mutimbuzi,0.5850850000000000
12-03-19,Rusizi,0.4640990000000000
12-03-19,Kaburantwa,0.5889860000000000
12-03-19,Nyamagana,0.6706970000000000
12-03-19,Mpanda,0.6598360000000000
12-03-19,Nyakagunda,0.6898800000000000
12-03-19,Nyengwe,0.163983000000000
12-19-19,Buzimba,0.19791800000000001
12-19-19,Mulembwe,0.5493330000000000
12-19-19,Jiji,0.19791800000000001
12-19-19,Mutimbuzi,0.6173090000000000
12-19-19,Rusizi,0.4864550000000000
12-19-19,Kaburantwa,0.7662860000000000
12-19-19,Nyamagana,0.7140230000000000
12-19-19,Mpanda,0.7502050000000000
12-19-19,Nyakagunda,0.7380220000000000
12-19-19,Nyengwe,0.19791800000000001
01-01-20,Buzimba,0.18465899999999999
01-01-20,Mulembwe,0.571446000000000
01-01-20,Jiji,0.18465899999999999
01-01-20,Mutimbuzi,0.6028690000000000
01-01-20,Rusizi,0.5084190000000000
01-01-20,Kaburantwa,0.747981000000000
01-01-20,Nyamagana,0.7179650000000000
01-01-20,Mpanda,0.7369830000000001
01-01-20,Nyakagunda,0.7444110000000000
01-01-20,Nyengwe,0.18465899999999999
01-17-20,Buzimba,0.194006000000000
01-17-20,Mulembwe,0.6610279999999999
01-17-20,Jiji,0.194006000000000
01-17-20,Mutimbuzi,0.6549270000000000
01-17-20,Rusizi,0.3218610000000000
01-17-20,Kaburantwa,0.6848090000000000
01-17-20,Nyamagana,0.5780880000000000
01-17-20,Mpanda,0.7086660000000000
01-17-20,Nyakagunda,0.6509000000000000
01-17-20,Nyengwe,0.194006000000000
02-02-20,Buzimba,0.25102000000000002
02-02-20,Mulembwe,0.6380090000000000
02-02-20,Jiji,0.25102000000000002
02-02-20,Mutimbuzi,0.6327370000000000
02-02-20,Rusizi,0.5373060000000000
02-02-20,Kaburantwa,0.7629180000000000
02-02-20,Nyamagana,0.6466380000000000
02-02-20,Mpanda,0.6968060000000000
02-02-20,Nyakagunda,0.6868850000000000
02-02-20,Nyengwe,0.25102000000000002
02-18-20,Buzimba,0.23851800000000001
02-18-20,Mulembwe,0.5767409999999999
02-18-20,Jiji,0.23851800000000001
02-18-20,Mutimbuzi,0.5702800000000000
02-18-20,Rusizi,0.48627599999999999
02-18-20,Kaburantwa,0.7233300000000000
02-18-20,Nyamagana,0.6893610000000000
02-18-20,Mpanda,0.6912670000000000
02-18-20,Nyakagunda,0.7179510000000000
02-18-20,Nyengwe,0.23851800000000001
03-05-20,Buzimba,0.2258770000000000
03-05-20,Mulembwe,0.6216480000000000
03-05-20,Jiji,0.2258770000000000
03-05-20,Mutimbuzi,0.6287580000000000
03-05-20,Rusizi,0.5661860000000000
03-05-20,Kaburantwa,0.6639280000000000
03-05-20,Nyamagana,0.6487930000000000
03-05-20,Mpanda,0.6934230000000000
03-05-20,Nyakagunda,0.6895540000000000
03-05-20,Nyengwe,0.2258770000000000
03-21-20,Buzimba,0.2785210000000000
03-21-20,Mulembwe,0.4765770000000000
03-21-20,Jiji,0.2785210000000000
03-21-20,Mutimbuzi,0.5696639999999999
03-21-20,Rusizi,0.5762389999999999
03-21-20,Kaburantwa,0.6148500000000000
03-21-20,Nyamagana,0.7110340000000001
03-21-20,Mpanda,0.6930420000000000
03-21-20,Nyakagunda,0.7243430000000000
03-21-20,Nyengwe,0.2785210000000000
04-06-20,Buzimba,0.2717060000000000
04-06-20,Mulembwe,0.5927829999999999
04-06-20,Jiji,0.2717060000000000
04-06-20,Mutimbuzi,0.6099660000000000
04-06-20,Rusizi,0.4684980000000000
04-06-20,Kaburantwa,0.6349030000000000
04-06-20,Nyamagana,0.675051000000000
04-06-20,Mpanda,0.7013920000000000
04-06-20,Nyakagunda,0.7228830000000001
04-06-20,Nyengwe,0.2717060000000000
04-22-20,Buzimba,0.2588430000000000
04-22-20,Mulembwe,0.5182480000000000
04-22-20,Jiji,0.2588430000000000
04-22-20,Mutimbuzi,0.6283530000000001
04-22-20,Rusizi,0.49755500000000003
04-22-20,Kaburantwa,0.6422350000000000
04-22-20,Nyamagana,0.6939870000000000
04-22-20,Mpanda,0.7425630000000000
04-22-20,Nyakagunda,0.7147880000000000
04-22-20,Nyengwe,0.2588430000000000
05-08-20,Buzimba,0.2977600000000000
05-08-20,Mulembwe,0.6191330000000000
05-08-20,Jiji,0.2977600000000000
05-08-20,Mutimbuzi,0.6066200000000000
05-08-20,Rusizi,0.5060240000000000
05-08-20,Kaburantwa,0.6294860000000000
05-08-20,Nyamagana,0.637655000000000
05-08-20,Mpanda,0.6693640000000000
05-08-20,Nyakagunda,0.6722890000000000
05-08-20,Nyengwe,0.2977600000000000
05-24-20,Buzimba,0.32443100000000002
05-24-20,Mulembwe,0.6563099999999999
05-24-20,Jiji,0.32443100000000002
05-24-20,Mutimbuzi,0.6536290000000000
05-24-20,Rusizi,0.5622710000000000
05-24-20,Kaburantwa,0.7311870000000000
05-24-20,Nyamagana,0.6008829999999999
05-24-20,Mpanda,0.7116100000000000
05-24-20,Nyakagunda,0.7268000000000000
05-24-20,Nyengwe,0.32443100000000002
06-09-20,Buzimba,0.25347300000000000
06-09-20,Mulembwe,0.5997770000000000
06-09-20,Jiji,0.25347300000000000
06-09-20,Mutimbuzi,0.5984070000000000
06-09-20,Rusizi,0.3292650000000000
06-09-20,Kaburantwa,0.6159620000000000
06-09-20,Nyamagana,0.5818390000000000
06-09-20,Mpanda,0.6499500000000000
06-09-20,Nyakagunda,0.6093320000000000
06-09-20,Nyengwe,0.25347300000000000
06-25-20,Buzimba,0.2300660000000000
06-25-20,Mulembwe,0.605154000000000
06-25-20,Jiji,0.2300660000000000
06-25-20,Mutimbuzi,0.5823220000000000
06-25-20,Rusizi,0.37861800000000001
06-25-20,Kaburantwa,0.7466890000000000
06-25-20,Nyamagana,0.5323460000000000
06-25-20,Mpanda,0.6305690000000000
06-25-20,Nyakagunda,0.6314660000000000
06-25-20,Nyengwe,0.2300660000000000
07-11-20,Buzimba,0.20210300000000000
07-11-20,Mulembwe,0.5603230000000000
07-11-20,Jiji,0.20210300000000000
07-11-20,Mutimbuzi,0.54943700000000
07-11-20,Rusizi,0.40032299999999998
07-11-20,Kaburantwa,0.6597769999999999
07-11-20,Nyamagana,0.46301799999999999
07-11-20,Mpanda,0.5910920000000000
07-11-20,Nyakagunda,0.6199800000000000
07-11-20,Nyengwe,0.20210300000000000
07-27-20,Buzimba,0.2477680000000000
07-27-20,Mulembwe,0.582095000000000
07-27-20,Jiji,0.2477680000000000
07-27-20,Mutimbuzi,0.49005599999999999
07-27-20,Rusizi,0.4101850000000000
07-27-20,Kaburantwa,0.6619270000000000
07-27-20,Nyamagana,0.4249030000000000
07-27-20,Mpanda,0.5372060000000000
07-27-20,Nyakagunda,0.5704210000000000
07-27-20,Nyengwe,0.2477680000000000
08-12-20,Buzimba,0.14896999999999999
08-12-20,Mulembwe,0.4761100000000000
08-12-20,Jiji,0.14896999999999999
08-12-20,Mutimbuzi,0.44901000000000002
08-12-20,Rusizi,0.3816130000000000
08-12-20,Kaburantwa,0.6610920000000000
08-12-20,Nyamagana,0.3900390000000000
08-12-20,Mpanda,0.5070170000000001
08-12-20,Nyakagunda,0.5124980000000000
08-12-20,Nyengwe,0.14896999999999999
08-28-20,Buzimba,0.1949350000000000
08-28-20,Mulembwe,0.48807400000000001
08-28-20,Jiji,0.1949350000000000
08-28-20,Mutimbuzi,0.4608650000000000
08-28-20,Rusizi,0.38032899999999997
08-28-20,Kaburantwa,0.6644530000000000
08-28-20,Nyamagana,0.39502399999999999
08-28-20,Mpanda,0.5260980000000000
08-28-20,Nyakagunda,0.49457800000000002
08-28-20,Nyengwe,0.1949350000000000
09-13-20,Buzimba,0.17821200000000001
09-13-20,Mulembwe,0.4613290000000000
09-13-20,Jiji,0.17821200000000001
09-13-20,Mutimbuzi,0.46102700000000
09-13-20,Rusizi,0.3496100000000000
09-13-20,Kaburantwa,0.6772160000000000
09-13-20,Nyamagana,0.41806500000000002
09-13-20,Mpanda,0.525456000000000
09-13-20,Nyakagunda,0.5132070000000000
09-13-20,Nyengwe,0.17821200000000001
09-29-20,Buzimba,0.17676800000000001
09-29-20,Mulembwe,0.46943200000000002
09-29-20,Jiji,0.17676800000000001
09-29-20,Mutimbuzi,0.47141000000000000
09-29-20,Rusizi,0.3867880000000000
09-29-20,Kaburantwa,0.5390890000000000
09-29-20,Nyamagana,0.4525100000000000
09-29-20,Mpanda,0.5041650000000000
09-29-20,Nyakagunda,0.5158320000000000
09-29-20,Nyengwe,0.17676800000000001
10-15-20,Buzimba,0.1414320000000000
10-15-20,Mulembwe,0.2958750000000000
10-15-20,Jiji,0.1414320000000000
10-15-20,Mutimbuzi,0.4275250000000000
10-15-20,Rusizi,0.2816170000000000
10-15-20,Kaburantwa,0.40836899999999998
10-15-20,Nyamagana,0.5098549999999999
10-15-20,Mpanda,0.5497520000000000
10-15-20,Nyakagunda,0.6076850000000000
10-15-20,Nyengwe,0.1414320000000000
10-31-20,Buzimba,0.16215800000000000
10-31-20,Mulembwe,0.32756600000000002
10-31-20,Jiji,0.16215800000000000
10-31-20,Mutimbuzi,0.4387680000000000
10-31-20,Rusizi,0.43081300000000000
10-31-20,Kaburantwa,0.6069160000000000
10-31-20,Nyamagana,0.5411990000000000
10-31-20,Mpanda,0.5909690000000000
10-31-20,Nyakagunda,0.6179040000000000
10-31-20,Nyengwe,0.16215800000000000
11-16-20,Buzimba,0.2899080000000000
11-16-20,Mulembwe,0.5964350000000000
11-16-20,Jiji,0.2899080000000000
11-16-20,Mutimbuzi,0.5932420000000000
11-16-20,Rusizi,0.5271300000000000
11-16-20,Kaburantwa,0.6297290000000000
11-16-20,Nyamagana,0.581303000000000
11-16-20,Mpanda,0.6529180000000000
11-16-20,Nyakagunda,0.6949180000000000
11-16-20,Nyengwe,0.2899080000000000
12-02-20,Buzimba,0.2376490000000000
12-02-20,Mulembwe,0.5810360000000000
12-02-20,Jiji,0.2376490000000000
12-02-20,Mutimbuzi,0.5607610000000000
12-02-20,Rusizi,0.5571900000000000
12-02-20,Kaburantwa,0.6784310000000000
12-02-20,Nyamagana,0.6274840000000000
12-02-20,Mpanda,0.6694120000000000
12-02-20,Nyakagunda,0.6856280000000000
12-02-20,Nyengwe,0.2376490000000000
12-18-20,Buzimba,0.33417900000000000
12-18-20,Mulembwe,0.6430820000000000
12-18-20,Jiji,0.33417900000000000
12-18-20,Mutimbuzi,0.6553070000000000
12-18-20,Rusizi,0.5439130000000000
12-18-20,Kaburantwa,0.600939000000000
12-18-20,Nyamagana,0.6739849999999999
12-18-20,Mpanda,0.6974180000000000
12-18-20,Nyakagunda,0.7421590000000000
12-18-20,Nyengwe,0.33417900000000000
01-01-21,Buzimba,0.2793260000000000
01-01-21,Mulembwe,0.6872280000000000
01-01-21,Jiji,0.2793260000000000
01-01-21,Mutimbuzi,0.6926030000000000
01-01-21,Rusizi,0.47754000000000002
01-01-21,Kaburantwa,0.618158000000000
01-01-21,Nyamagana,0.6759090000000000
01-01-21,Mpanda,0.7589810000000000
01-01-21,Nyakagunda,0.7089110000000000
01-01-21,Nyengwe,0.2793260000000000
01-17-21,Buzimba,0.2721710000000000
01-17-21,Mulembwe,0.6620430000000000
01-17-21,Jiji,0.2721710000000000
01-17-21,Mutimbuzi,0.667554000000000
01-17-21,Rusizi,0.6073660000000000
01-17-21,Kaburantwa,0.7598480000000000
01-17-21,Nyamagana,0.6581520000000000
01-17-21,Mpanda,0.7076120000000000
01-17-21,Nyakagunda,0.7151900000000000
01-17-21,Nyengwe,0.2721710000000000
02-02-21,Buzimba,0.2400720000000000
02-02-21,Mulembwe,0.6498710000000000
02-02-21,Jiji,0.2400720000000000
02-02-21,Mutimbuzi,0.5377520000000000
02-02-21,Rusizi,0.44404500000000002
02-02-21,Kaburantwa,0.71684900000000
02-02-21,Nyamagana,0.6171110000000000
02-02-21,Mpanda,0.641913000000000
02-02-21,Nyakagunda,0.6902220000000000
02-02-21,Nyengwe,0.2400720000000000
02-18-21,Buzimba,0.2408380000000000
02-18-21,Mulembwe,0.6050370000000000
02-18-21,Jiji,0.2408380000000000
02-18-21,Mutimbuzi,0.5711480000000000
02-18-21,Rusizi,0.4842010000000000
02-18-21,Kaburantwa,0.6577120000000000
02-18-21,Nyamagana,0.6023320000000000
02-18-21,Mpanda,0.6159930000000000
02-18-21,Nyakagunda,0.6386360000000000
02-18-21,Nyengwe,0.2408380000000000
03-06-21,Buzimba,0.3403630000000000
03-06-21,Mulembwe,0.6382030000000000
03-06-21,Jiji,0.3403630000000000
03-06-21,Mutimbuzi,0.6118440000000001
03-06-21,Rusizi,0.5827260000000000
03-06-21,Kaburantwa,0.752509000000000
03-06-21,Nyamagana,0.6342210000000000
03-06-21,Mpanda,0.6934210000000000
03-06-21,Nyakagunda,0.7183470000000000
03-06-21,Nyengwe,0.3403630000000000
03-22-21,Buzimba,0.21800500000000000
03-22-21,Mulembwe,0.5167110000000000
03-22-21,Jiji,0.21800500000000000
03-22-21,Mutimbuzi,0.5373380000000000
03-22-21,Rusizi,0.4998740000000000
03-22-21,Kaburantwa,0.7432540000000000
03-22-21,Nyamagana,0.6485590000000000
03-22-21,Mpanda,0.6711100000000000
03-22-21,Nyakagunda,0.710458000000000
03-22-21,Nyengwe,0.21800500000000000
04-07-21,Buzimba,0.2084200000000000
04-07-21,Mulembwe,0.39125399999999999
04-07-21,Jiji,0.2084200000000000
04-07-21,Mutimbuzi,0.3694600000000000
04-07-21,Rusizi,0.41778100000000001
04-07-21,Kaburantwa,0.48778899999999997
04-07-21,Nyamagana,0.6408370000000000
04-07-21,Mpanda,0.5476890000000000
04-07-21,Nyakagunda,0.5920029999999999
04-07-21,Nyengwe,0.2084200000000000
04-23-21,Buzimba,0.263846000000000
04-23-21,Mulembwe,0.4005000000000000
04-23-21,Jiji,0.263846000000000
04-23-21,Mutimbuzi,0.5044270000000000
04-23-21,Rusizi,0.3457230000000000
04-23-21,Kaburantwa,0.5037199999999999
04-23-21,Nyamagana,0.6942790000000000
04-23-21,Mpanda,0.6482450000000000
04-23-21,Nyakagunda,0.6534060000000000
04-23-21,Nyengwe,0.263846000000000
05-09-21,Buzimba,0.30888500000000002
05-09-21,Mulembwe,0.5646500000000000
05-09-21,Jiji,0.30888500000000002
05-09-21,Mutimbuzi,0.521082000000000
05-09-21,Rusizi,0.4450410000000000
05-09-21,Kaburantwa,0.5511480000000000
05-09-21,Nyamagana,0.6742980000000000
05-09-21,Mpanda,0.6283570000000001
05-09-21,Nyakagunda,0.66461500000000
05-09-21,Nyengwe,0.30888500000000002
05-25-21,Buzimba,0.4405940000000000
05-25-21,Mulembwe,0.6886630000000000
05-25-21,Jiji,0.4405940000000000
05-25-21,Mutimbuzi,0.6394430000000000
05-25-21,Rusizi,0.5287110000000000
05-25-21,Kaburantwa,0.6352580000000000
05-25-21,Nyamagana,0.5808680000000001
05-25-21,Mpanda,0.6614620000000000
05-25-21,Nyakagunda,0.6705920000000000
05-25-21,Nyengwe,0.4405940000000000
06-10-21,Buzimba,0.47492099999999998
06-10-21,Mulembwe,0.6480160000000000
06-10-21,Jiji,0.47492099999999998
06-10-21,Mutimbuzi,0.6013880000000000
06-10-21,Rusizi,0.6002680000000000
06-10-21,Kaburantwa,0.7298340000000000
06-10-21,Nyamagana,0.5614000000000000
06-10-21,Mpanda,0.6500089999999999
06-10-21,Nyakagunda,0.6940890000000000
06-10-21,Nyengwe,0.47492099999999998
06-26-21,Buzimba,0.26776200000000000
06-26-21,Mulembwe,0.5972100000000000
06-26-21,Jiji,0.26776200000000000
06-26-21,Mutimbuzi,0.5743610000000000
06-26-21,Rusizi,0.5085410000000000
06-26-21,Kaburantwa,0.7428060000000000
06-26-21,Nyamagana,0.5056210000000000
06-26-21,Mpanda,0.6304730000000000
06-26-21,Nyakagunda,0.6579440000000000
06-26-21,Nyengwe,0.26776200000000000
07-12-21,Buzimba,0.32172000000000
07-12-21,Mulembwe,0.6020600000000000
07-12-21,Jiji,0.32172000000000
07-12-21,Mutimbuzi,0.521673000000000
07-12-21,Rusizi,0.4893600000000000
07-12-21,Kaburantwa,0.6663640000000000
07-12-21,Nyamagana,0.4597940000000000
07-12-21,Mpanda,0.5848640000000001
07-12-21,Nyakagunda,0.5764620000000000
07-12-21,Nyengwe,0.32172000000000
07-28-21,Buzimba,0.253517000000000
07-28-21,Mulembwe,0.5283930000000000
07-28-21,Jiji,0.253517000000000
07-28-21,Mutimbuzi,0.4975290000000000
07-28-21,Rusizi,0.44916699999999998
07-28-21,Kaburantwa,0.6289460000000000
07-28-21,Nyamagana,0.39484000000000002
07-28-21,Mpanda,0.5162420000000000
07-28-21,Nyakagunda,0.5037180000000000
07-28-21,Nyengwe,0.253517000000000
08-13-21,Buzimba,0.4409990000000000
08-13-21,Mulembwe,0.5384170000000000
08-13-21,Jiji,0.4409990000000000
08-13-21,Mutimbuzi,0.5079100000000000
08-13-21,Rusizi,0.5174020000000000
08-13-21,Kaburantwa,0.6913390000000000
08-13-21,Nyamagana,0.4293060000000000
08-13-21,Mpanda,0.5609380000000000
08-13-21,Nyakagunda,0.5577310000000000
08-13-21,Nyengwe,0.4409990000000000
08-29-21,Buzimba,0.23917200000000000
08-29-21,Mulembwe,0.4795640000000000
08-29-21,Jiji,0.23917200000000000
08-29-21,Mutimbuzi,0.49902299999999999
08-29-21,Rusizi,0.45236399999999999
08-29-21,Kaburantwa,0.6506910000000000
08-29-21,Nyamagana,0.4523240000000000
08-29-21,Mpanda,0.5601760000000000
08-29-21,Nyakagunda,0.5258960000000000
08-29-21,Nyengwe,0.23917200000000000
09-14-21,Buzimba,0.23032400000000000
09-14-21,Mulembwe,0.49660100000000001
09-14-21,Jiji,0.23032400000000000
09-14-21,Mutimbuzi,0.5193000000000000
09-14-21,Rusizi,0.46481499999999998
09-14-21,Kaburantwa,0.6874910000000000
09-14-21,Nyamagana,0.469971000000000
09-14-21,Mpanda,0.5826910000000000
09-14-21,Nyakagunda,0.5424670000000000
09-14-21,Nyengwe,0.23032400000000000
09-30-21,Buzimba,0.16276400000000
09-30-21,Mulembwe,0.48614900000000000
09-30-21,Jiji,0.16276400000000
09-30-21,Mutimbuzi,0.5232940000000000
09-30-21,Rusizi,0.4324430000000000
09-30-21,Kaburantwa,0.6371930000000000
09-30-21,Nyamagana,0.4905610000000000
09-30-21,Mpanda,0.6052700000000000
09-30-21,Nyakagunda,0.5921370000000000
09-30-21,Nyengwe,0.16276400000000
10-16-21,Buzimba,0.23589199999999999
10-16-21,Mulembwe,0.4081770000000000
10-16-21,Jiji,0.23589199999999999
10-16-21,Mutimbuzi,0.45494899999999999
10-16-21,Rusizi,0.45034000000000002
10-16-21,Kaburantwa,0.5365470000000000
10-16-21,Nyamagana,0.4399750000000000
10-16-21,Mpanda,0.5147750000000000
10-16-21,Nyakagunda,0.5302249999999999
10-16-21,Nyengwe,0.23589199999999999
11-01-21,Buzimba,0.2846340000000000
11-01-21,Mulembwe,0.6246600000000000
11-01-21,Jiji,0.2846340000000000
11-01-21,Mutimbuzi,0.6237549999999999
11-01-21,Rusizi,0.5175680000000000
11-01-21,Kaburantwa,0.7260799999999999
11-01-21,Nyamagana,0.4613770000000000
11-01-21,Mpanda,0.6529090000000000
11-01-21,Nyakagunda,0.608933000000000
11-01-21,Nyengwe,0.2846340000000000
11-17-21,Buzimba,0.22360600000000000
11-17-21,Mulembwe,0.5234839999999999
11-17-21,Jiji,0.22360600000000000
11-17-21,Mutimbuzi,0.5228330000000000
11-17-21,Rusizi,0.42108299999999999
11-17-21,Kaburantwa,0.5145280000000000
11-17-21,Nyamagana,0.4365690000000000
11-17-21,Mpanda,0.5841170000000000
11-17-21,Nyakagunda,0.5685800000000000
11-17-21,Nyengwe,0.22360600000000000
12-03-21,Buzimba,0.2977820000000000
12-03-21,Mulembwe,0.4986030000000000
12-03-21,Jiji,0.2977820000000000
12-03-21,Mutimbuzi,0.6393730000000000
12-03-21,Rusizi,0.34576600000000002
12-03-21,Kaburantwa,0.5586480000000000
12-03-21,Nyamagana,0.4917540000000000
12-03-21,Mpanda,0.661389000000000
12-03-21,Nyakagunda,0.6083080000000000
12-03-21,Nyengwe,0.2977820000000000
12-19-21,Buzimba,0.12459300000000000
12-19-21,Mulembwe,0.3358500000000000
12-19-21,Jiji,0.12459300000000000
12-19-21,Mutimbuzi,0.4371660000000000
12-19-21,Rusizi,0.28327500000000000
12-19-21,Kaburantwa,0.3607020000000000
12-19-21,Nyamagana,0.5908570000000000
12-19-21,Mpanda,0.5944020000000000
12-19-21,Nyakagunda,0.6184030000000000
12-19-21,Nyengwe,0.12459300000000000
01-01-22,Buzimba,0.24860299999999999
01-01-22,Mulembwe,0.6248240000000000
01-01-22,Jiji,0.24860299999999999
01-01-22,Mutimbuzi,0.589668000000000
01-01-22,Rusizi,0.4938700000000000
01-01-22,Kaburantwa,0.7569129999999999
01-01-22,Nyamagana,0.5348579999999999
01-01-22,Mpanda,0.683250000000000
01-01-22,Nyakagunda,0.6507770000000000
01-01-22,Nyengwe,0.24860299999999999
01-17-22,Buzimba,0.2977420000000000
01-17-22,Mulembwe,0.6169590000000000
01-17-22,Jiji,0.2977420000000000
01-17-22,Mutimbuzi,0.6327570000000000
01-17-22,Rusizi,0.552068000000000
01-17-22,Kaburantwa,0.7628920000000000
01-17-22,Nyamagana,0.653580000000000
01-17-22,Mpanda,0.7359770000000000
01-17-22,Nyakagunda,0.6715480000000000
01-17-22,Nyengwe,0.2977420000000000
02-02-22,Buzimba,0.23555100000000001
02-02-22,Mulembwe,0.618774000000000
02-02-22,Jiji,0.23555100000000001
02-02-22,Mutimbuzi,0.5744350000000000
02-02-22,Rusizi,0.39802100000000001
02-02-22,Kaburantwa,0.6499100000000000
02-02-22,Nyamagana,0.6213570000000000
02-02-22,Mpanda,0.6139289999999999
02-02-22,Nyakagunda,0.6434160000000000
02-02-22,Nyengwe,0.23555100000000001
02-18-22,Buzimba,0.4653040000000000
02-18-22,Mulembwe,0.6802090000000000
02-18-22,Jiji,0.4653040000000000
02-18-22,Mutimbuzi,0.6210690000000000
02-18-22,Rusizi,0.5954610000000000
02-18-22,Kaburantwa,0.7509290000000000
02-18-22,Nyamagana,0.601491000000000
02-18-22,Mpanda,0.6720560000000000
02-18-22,Nyakagunda,0.6836780000000000
02-18-22,Nyengwe,0.4653040000000000
03-06-22,Buzimba,0.30131900000000000
03-06-22,Mulembwe,0.6475820000000000
03-06-22,Jiji,0.30131900000000000
03-06-22,Mutimbuzi,0.5974560000000000
03-06-22,Rusizi,0.567200000000000
03-06-22,Kaburantwa,0.7195150000000000
03-06-22,Nyamagana,0.5924610000000000
03-06-22,Mpanda,0.6539080000000000
03-06-22,Nyakagunda,0.6831660000000001
03-06-22,Nyengwe,0.30131900000000000
03-22-22,Buzimba,0.3137180000000000
03-22-22,Mulembwe,0.5844420000000000
03-22-22,Jiji,0.3137180000000000
03-22-22,Mutimbuzi,0.6453950000000001
03-22-22,Rusizi,0.5908710000000000
03-22-22,Kaburantwa,0.6923780000000000
03-22-22,Nyamagana,0.65932000000000
03-22-22,Mpanda,0.7479270000000000
03-22-22,Nyakagunda,0.7522510000000000
03-22-22,Nyengwe,0.3137180000000000
04-07-22,Buzimba,0.2896840000000000
04-07-22,Mulembwe,0.5170070000000000
04-07-22,Jiji,0.2896840000000000
04-07-22,Mutimbuzi,0.5556640000000000
04-07-22,Rusizi,0.4537760000000000
04-07-22,Kaburantwa,0.4798870000000000
04-07-22,Nyamagana,0.642899000000000
04-07-22,Mpanda,0.6369110000000000
04-07-22,Nyakagunda,0.6827820000000000
04-07-22,Nyengwe,0.2896840000000000
04-23-22,Buzimba,0.3286590000000000
04-23-22,Mulembwe,0.4848030000000000
04-23-22,Jiji,0.3286590000000000
04-23-22,Mutimbuzi,0.405175000000000
04-23-22,Rusizi,0.4016260000000000
04-23-22,Kaburantwa,0.44060500000000002
04-23-22,Nyamagana,0.6375040000000000
04-23-22,Mpanda,0.5179040000000000
04-23-22,Nyakagunda,0.5475420000000000
04-23-22,Nyengwe,0.3286590000000000
05-09-22,Buzimba,0.4141490000000000
05-09-22,Mulembwe,0.5974500000000000
05-09-22,Jiji,0.4141490000000000
05-09-22,Mutimbuzi,0.5560450000000000
05-09-22,Rusizi,0.45100899999999999
05-09-22,Kaburantwa,0.6079790000000000
05-09-22,Nyamagana,0.6472550000000000
05-09-22,Mpanda,0.7039060000000000
05-09-22,Nyakagunda,0.6427570000000000
05-09-22,Nyengwe,0.4141490000000000
05-25-22,Buzimba,0.33289999999999997
05-25-22,Mulembwe,0.5239300000000000
05-25-22,Jiji,0.33289999999999997
05-25-22,Mutimbuzi,0.6113570000000000
05-25-22,Rusizi,0.4518120000000000
05-25-22,Kaburantwa,0.5953610000000000
05-25-22,Nyamagana,0.6046780000000000
05-25-22,Mpanda,0.6424290000000000
05-25-22,Nyakagunda,0.6694310000000000
05-25-22,Nyengwe,0.33289999999999997
06-10-22,Buzimba,0.2921920000000000
06-10-22,Mulembwe,0.6113870000000000
06-10-22,Jiji,0.2921920000000000
06-10-22,Mutimbuzi,0.6139850000000000
06-10-22,Rusizi,0.47734799999999999
06-10-22,Kaburantwa,0.6667800000000000
06-10-22,Nyamagana,0.6102760000000000
06-10-22,Mpanda,0.6626680000000000
06-10-22,Nyakagunda,0.7028110000000000
06-10-22,Nyengwe,0.2921920000000000
06-26-22,Buzimba,0.27673999999999999
06-26-22,Mulembwe,0.6174230000000001
06-26-22,Jiji,0.27673999999999999
06-26-22,Mutimbuzi,0.5990140000000000
06-26-22,Rusizi,0.5505190000000000
06-26-22,Kaburantwa,0.7463900000000000
06-26-22,Nyamagana,0.5079350000000000
06-26-22,Mpanda,0.6205250000000000
06-26-22,Nyakagunda,0.6668430000000000
06-26-22,Nyengwe,0.27673999999999999
07-12-22,Buzimba,0.4457860000000000
07-12-22,Mulembwe,0.5754030000000000
07-12-22,Jiji,0.4457860000000000
07-12-22,Mutimbuzi,0.5404560000000000
07-12-22,Rusizi,0.4330030000000000
07-12-22,Kaburantwa,0.6711040000000000
07-12-22,Nyamagana,0.42381799999999997
07-12-22,Mpanda,0.5646380000000000
07-12-22,Nyakagunda,0.5616560000000000
07-12-22,Nyengwe,0.4457860000000000
07-28-22,Buzimba,0.267823000000000
07-28-22,Mulembwe,0.535592000000000
07-28-22,Jiji,0.267823000000000
07-28-22,Mutimbuzi,0.5168469999999999
07-28-22,Rusizi,0.48050100000000001
07-28-22,Kaburantwa,0.6872430000000000
07-28-22,Nyamagana,0.3955750000000000
07-28-22,Mpanda,0.5422830000000000
07-28-22,Nyakagunda,0.5777139999999999
07-28-22,Nyengwe,0.267823000000000
08-13-22,Buzimba,0.21337100000000001
08-13-22,Mulembwe,0.4990540000000000
08-13-22,Jiji,0.21337100000000001
08-13-22,Mutimbuzi,0.49688300000000002
08-13-22,Rusizi,0.37495400000000001
08-13-22,Kaburantwa,0.5368039999999999
08-13-22,Nyamagana,0.3721690000000000
08-13-22,Mpanda,0.541582000000000
08-13-22,Nyakagunda,0.49224600000000002
08-13-22,Nyengwe,0.21337100000000001
08-29-22,Buzimba,0.17502400000000001
08-29-22,Mulembwe,0.4893070000000000
08-29-22,Jiji,0.17502400000000001
08-29-22,Mutimbuzi,0.4923640000000000
08-29-22,Rusizi,0.37098700000000001
08-29-22,Kaburantwa,0.6747620000000000
08-29-22,Nyamagana,0.38496100000000000
08-29-22,Mpanda,0.5501810000000000
08-29-22,Nyakagunda,0.5706080000000000
08-29-22,Nyengwe,0.17502400000000001
09-14-22,Buzimba,0.17231500000000000
09-14-22,Mulembwe,0.4455960000000000
09-14-22,Jiji,0.17231500000000000
09-14-22,Mutimbuzi,0.48574099999999998
09-14-22,Rusizi,0.3229990000000000
09-14-22,Kaburantwa,0.5704800000000000
09-14-22,Nyamagana,0.361054000000000
09-14-22,Mpanda,0.5601000000000000
09-14-22,Nyakagunda,0.505717000000000
09-14-22,Nyengwe,0.17231500000000000
09-30-22,Buzimba,0.19597700000000001
09-30-22,Mulembwe,0.45501300000000000
09-30-22,Jiji,0.19597700000000001
09-30-22,Mutimbuzi,0.48098999999999997
09-30-22,Rusizi,0.30116700000000002
09-30-22,Kaburantwa,0.6254960000000001
09-30-22,Nyamagana,0.33818900000000002
09-30-22,Mpanda,0.5559890000000000
09-30-22,Nyakagunda,0.48899300000000001
09-30-22,Nyengwe,0.19597700000000001
10-16-22,Buzimba,0.08352999999999999
10-16-22,Mulembwe,0.2308500000000000
10-16-22,Jiji,0.08352999999999999
10-16-22,Mutimbuzi,0.28787200000000002
10-16-22,Rusizi,0.24903400000000001
10-16-22,Kaburantwa,0.5289880000000000
10-16-22,Nyamagana,0.35554300000000000
10-16-22,Mpanda,0.40260299999999999
10-16-22,Nyakagunda,0.5162550000000000
10-16-22,Nyengwe,0.08352999999999999
11-01-22,Buzimba,0.09814500000000000
11-01-22,Mulembwe,0.313618000000000
11-01-22,Jiji,0.09814500000000000
11-01-22,Mutimbuzi,0.46423500000000001
11-01-22,Rusizi,0.3467490000000000
11-01-22,Kaburantwa,0.5052390000000000
11-01-22,Nyamagana,0.38916299999999998
11-01-22,Mpanda,0.564723000000000
11-01-22,Nyakagunda,0.5577520000000000
11-01-22,Nyengwe,0.09814500000000000
11-17-22,Buzimba,0.2342280000000000
11-17-22,Mulembwe,0.41844900000000002
11-17-22,Jiji,0.2342280000000000
11-17-22,Mutimbuzi,0.45185599999999998
11-17-22,Rusizi,0.40404499999999999
11-17-22,Kaburantwa,0.3849350000000000
11-17-22,Nyamagana,0.5414660000000000
11-17-22,Mpanda,0.5380690000000000
11-17-22,Nyakagunda,0.45985399999999998
11-17-22,Nyengwe,0.2342280000000000
12-03-22,Buzimba,0.28361100000000000
12-03-22,Mulembwe,0.5761360000000000
12-03-22,Jiji,0.28361100000000000
12-03-22,Mutimbuzi,0.6574130000000000
12-03-22,Rusizi,0.5734430000000000
12-03-22,Kaburantwa,0.794914000000000
12-03-22,Nyamagana,0.6419560000000000
12-03-22,Mpanda,0.7265570000000000
12-03-22,Nyakagunda,0.7323070000000000
12-03-22,Nyengwe,0.28361100000000000
12-19-22,Buzimba,0.2684240000000000
12-19-22,Mulembwe,0.6174120000000000
12-19-22,Jiji,0.2684240000000000
12-19-22,Mutimbuzi,0.645145000000000
12-19-22,Rusizi,0.5398140000000000
12-19-22,Kaburantwa,0.7591380000000000
12-19-22,Nyamagana,0.641452000000000
12-19-22,Mpanda,0.7225290000000000
12-19-22,Nyakagunda,0.7080450000000000
12-19-22,Nyengwe,0.2684240000000000
01-01-23,Buzimba,0.309007000000000
01-01-23,Mulembwe,0.633183000000000
01-01-23,Jiji,0.309007000000000
01-01-23,Mutimbuzi,0.6114360000000000
01-01-23,Rusizi,0.5663629999999999
01-01-23,Kaburantwa,0.753540000000000
01-01-23,Nyamagana,0.6170560000000000
01-01-23,Mpanda,0.7147480000000000
01-01-23,Nyakagunda,0.7130540000000000
01-01-23,Nyengwe,0.309007000000000
01-17-23,Buzimba,0.2625980000000000
01-17-23,Mulembwe,0.6083850000000000
01-17-23,Jiji,0.2625980000000000
01-17-23,Mutimbuzi,0.5916630000000000
01-17-23,Rusizi,0.5655800000000000
01-17-23,Kaburantwa,0.7596889999999999
01-17-23,Nyamagana,0.636794000000000
01-17-23,Mpanda,0.7058489999999999
01-17-23,Nyakagunda,0.710310000000000
01-17-23,Nyengwe,0.2625980000000000
02-02-23,Buzimba,0.33445999999999998
02-02-23,Mulembwe,0.6458770000000000
02-02-23,Jiji,0.33445999999999998
02-02-23,Mutimbuzi,0.6127440000000000
02-02-23,Rusizi,0.5038550000000001
02-02-23,Kaburantwa,0.6608600000000000
02-02-23,Nyamagana,0.6471220000000000
02-02-23,Mpanda,0.7040050000000000
02-02-23,Nyakagunda,0.7049060000000000
02-02-23,Nyengwe,0.33445999999999998
02-18-23,Buzimba,0.250888000000000
02-18-23,Mulembwe,0.5712920000000000
02-18-23,Jiji,0.250888000000000
02-18-23,Mutimbuzi,0.5730490000000000
02-18-23,Rusizi,0.5332200000000000
02-18-23,Kaburantwa,0.6923550000000001
02-18-23,Nyamagana,0.5762070000000000
02-18-23,Mpanda,0.6476540000000000
02-18-23,Nyakagunda,0.6474270000000000
02-18-23,Nyengwe,0.250888000000000
03-06-23,Buzimba,0.197175000000000
03-06-23,Mulembwe,0.5078760000000000
03-06-23,Jiji,0.197175000000000
03-06-23,Mutimbuzi,0.5033590000000000
03-06-23,Rusizi,0.49295899999999998
03-06-23,Kaburantwa,0.6288460000000000
03-06-23,Nyamagana,0.6117750000000000
03-06-23,Mpanda,0.5907940000000000
03-06-23,Nyakagunda,0.6587010000000000
03-06-23,Nyengwe,0.197175000000000
03-22-23,Buzimba,0.17128900000000000
03-22-23,Mulembwe,0.5787610000000000
03-22-23,Jiji,0.17128900000000000
03-22-23,Mutimbuzi,0.5917130000000000
03-22-23,Rusizi,0.5216550000000000
03-22-23,Kaburantwa,0.7091510000000000
03-22-23,Nyamagana,0.6823440000000000
03-22-23,Mpanda,0.650754000000000
03-22-23,Nyakagunda,0.7107080000000000
03-22-23,Nyengwe,0.17128900000000000
04-07-23,Buzimba,0.3315210000000000
04-07-23,Mulembwe,0.5333520000000000
04-07-23,Jiji,0.3315210000000000
04-07-23,Mutimbuzi,0.5307539999999999
04-07-23,Rusizi,0.46943099999999999
04-07-23,Kaburantwa,0.4690610000000000
04-07-23,Nyamagana,0.6443070000000000
04-07-23,Mpanda,0.6229460000000000
04-07-23,Nyakagunda,0.7026300000000000
04-07-23,Nyengwe,0.3315210000000000
04-23-23,Buzimba,0.34716999999999998
04-23-23,Mulembwe,0.6098230000000000
04-23-23,Jiji,0.34716999999999998
04-23-23,Mutimbuzi,0.5372270000000000
04-23-23,Rusizi,0.46879900000000002
04-23-23,Kaburantwa,0.5496510000000000
04-23-23,Nyamagana,0.6536740000000000
04-23-23,Mpanda,0.6596060000000000
04-23-23,Nyakagunda,0.6925720000000000
04-23-23,Nyengwe,0.34716999999999998
05-09-23,Buzimba,0.5348150000000000
05-09-23,Mulembwe,0.6873240000000000
05-09-23,Jiji,0.5348150000000000
05-09-23,Mutimbuzi,0.6504750000000000
05-09-23,Rusizi,0.5966690000000000
05-09-23,Kaburantwa,0.758172000000000
05-09-23,Nyamagana,0.6813930000000000
05-09-23,Mpanda,0.7497920000000000
05-09-23,Nyakagunda,0.7580510000000000
05-09-23,Nyengwe,0.5348150000000000
05-25-23,Buzimba,0.48692500000000000
05-25-23,Mulembwe,0.6795650000000000
05-25-23,Jiji,0.48692500000000000
05-25-23,Mutimbuzi,0.6474190000000000
05-25-23,Rusizi,0.5230650000000000
05-25-23,Kaburantwa,0.6234050000000000
05-25-23,Nyamagana,0.6452310000000000
05-25-23,Mpanda,0.6978640000000000
05-25-23,Nyakagunda,0.6472650000000000
05-25-23,Nyengwe,0.48692500000000000
06-10-23,Buzimba,0.3348740000000000
06-10-23,Mulembwe,0.6636630000000000
06-10-23,Jiji,0.3348740000000000
06-10-23,Mutimbuzi,0.6721910000000000
06-10-23,Rusizi,0.5381770000000000
06-10-23,Kaburantwa,0.6643740000000000
06-10-23,Nyamagana,0.5511300000000000
06-10-23,Mpanda,0.688998000000000
06-10-23,Nyakagunda,0.6682610000000000
06-10-23,Nyengwe,0.3348740000000000
06-26-23,Buzimba,0.37626300000000001
06-26-23,Mulembwe,0.595948000000000
06-26-23,Jiji,0.37626300000000001
06-26-23,Mutimbuzi,0.6015910000000000
06-26-23,Rusizi,0.45052199999999998
06-26-23,Kaburantwa,0.7412900000000000
06-26-23,Nyamagana,0.4838380000000000
06-26-23,Mpanda,0.6261040000000000
06-26-23,Nyakagunda,0.6151240000000000
06-26-23,Nyengwe,0.37626300000000001
07-12-23,Buzimba,0.4542890000000000
07-12-23,Mulembwe,0.5859450000000000
07-12-23,Jiji,0.4542890000000000
07-12-23,Mutimbuzi,0.5751190000000000
07-12-23,Rusizi,0.489115000000000
07-12-23,Kaburantwa,0.7151050000000000
07-12-23,Nyamagana,0.4363260000000000
07-12-23,Mpanda,0.5928120000000000
07-12-23,Nyakagunda,0.5900660000000000
07-12-23,Nyengwe,0.4542890000000000
07-28-23,Buzimba,0.3772940000000000
07-28-23,Mulembwe,0.5328300000000000
07-28-23,Jiji,0.3772940000000000
07-28-23,Mutimbuzi,0.4981420000000000
07-28-23,Rusizi,0.42378100000000002
07-28-23,Kaburantwa,0.6701920000000000
07-28-23,Nyamagana,0.382897000000000
07-28-23,Mpanda,0.540040000000000
07-28-23,Nyakagunda,0.5384420000000000
07-28-23,Nyengwe,0.3772940000000000
08-13-23,Buzimba,0.36056600000000000
08-13-23,Mulembwe,0.48493700000000001
08-13-23,Jiji,0.36056600000000000
08-13-23,Mutimbuzi,0.485006000000000
08-13-23,Rusizi,0.43596099999999999
08-13-23,Kaburantwa,0.6512400000000000
08-13-23,Nyamagana,0.371764000000000
08-13-23,Mpanda,0.5288880000000000
08-13-23,Nyakagunda,0.501868000000000
08-13-23,Nyengwe,0.36056600000000000
08-29-23,Buzimba,0.18001300000000001
08-29-23,Mulembwe,0.46492899999999998
08-29-23,Jiji,0.18001300000000001
08-29-23,Mutimbuzi,0.4663600000000000
08-29-23,Rusizi,0.33872099999999999
08-29-23,Kaburantwa,0.6215070000000000
08-29-23,Nyamagana,0.3802240000000000
08-29-23,Mpanda,0.527583000000000
08-29-23,Nyakagunda,0.4914260000000000
08-29-23,Nyengwe,0.18001300000000001
09-14-23,Buzimba,0.19003000000000000
09-14-23,Mulembwe,0.5055710000000000
09-14-23,Jiji,0.19003000000000000
09-14-23,Mutimbuzi,0.4762330000000000
09-14-23,Rusizi,0.3907060000000000
09-14-23,Kaburantwa,0.6030270000000000
09-14-23,Nyamagana,0.4223310000000000
09-14-23,Mpanda,0.5291230000000000
09-14-23,Nyakagunda,0.530699000000000
09-14-23,Nyengwe,0.19003000000000000
09-30-23,Buzimba,0.19309899999999999
09-30-23,Mulembwe,0.5447050000000000
09-30-23,Jiji,0.19309899999999999
09-30-23,Mutimbuzi,0.5069669999999999
09-30-23,Rusizi,0.4578050000000000
09-30-23,Kaburantwa,0.7008250000000000
09-30-23,Nyamagana,0.4612690000000000
09-30-23,Mpanda,0.5891050000000000
09-30-23,Nyakagunda,0.5963930000000000
09-30-23,Nyengwe,0.19309899999999999
10-16-23,Buzimba,0.21429100000000001
10-16-23,Mulembwe,0.5336280000000000
10-16-23,Jiji,0.21429100000000001
10-16-23,Mutimbuzi,0.5253820000000000
10-16-23,Rusizi,0.40986899999999998
10-16-23,Kaburantwa,0.6805620000000000
10-16-23,Nyamagana,0.5201210000000001
10-16-23,Mpanda,0.6044550000000000
10-16-23,Nyakagunda,0.5780570000000000
10-16-23,Nyengwe,0.21429100000000001
11-01-23,Buzimba,0.19304199999999999
11-01-23,Mulembwe,0.3574780000000000
11-01-23,Jiji,0.19304199999999999
11-01-23,Mutimbuzi,0.5434530000000000
11-01-23,Rusizi,0.43535000000000001
11-01-23,Kaburantwa,0.5003230000000000
11-01-23,Nyamagana,0.6115930000000001
11-01-23,Mpanda,0.608437000000000
11-01-23,Nyakagunda,0.7037020000000000
11-01-23,Nyengwe,0.19304199999999999
11-17-23,Buzimba,0.17971500000000001
11-17-23,Mulembwe,0.4581300000000000
11-17-23,Jiji,0.17971500000000001
11-17-23,Mutimbuzi,0.49590200000000001
11-17-23,Rusizi,0.357809000000000
11-17-23,Kaburantwa,0.4697190000000000
11-17-23,Nyamagana,0.6218370000000000
11-17-23,Mpanda,0.5914180000000000
11-17-23,Nyakagunda,0.6117810000000000
11-17-23,Nyengwe,0.17971500000000001
12-03-23,Buzimba,0.17346200000000001
12-03-23,Mulembwe,0.46468399999999999
12-03-23,Jiji,0.17346200000000001
12-03-23,Mutimbuzi,0.5785280000000000
12-03-23,Rusizi,0.4333840000000000
12-03-23,Kaburantwa,0.5477980000000000
12-03-23,Nyamagana,0.6823150000000000
12-03-23,Mpanda,0.6350860000000000
12-03-23,Nyakagunda,0.6925820000000000
12-03-23,Nyengwe,0.17346200000000001
12-19-23,Buzimba,0.21564100000000000
12-19-23,Mulembwe,0.5442080000000000
12-19-23,Jiji,0.21564100000000000
12-19-23,Mutimbuzi,0.6204430000000000
12-19-23,Rusizi,0.5388820000000000
12-19-23,Kaburantwa,0.7751780000000000
12-19-23,Nyamagana,0.6523250000000000
12-19-23,Mpanda,0.7257190000000000
12-19-23,Nyakagunda,0.724701000000000
12-19-23,Nyengwe,0.21564100000000000
