location,month_start,t2m_mean_C,d2m_mean_C,tp_sum_mm,msl_mean_hPa,u10_mean,v10_mean
grid_m3.75_29.50,1940-01-01,17.896588118279592,14.337731599462389,528.3951755246,1013.0234121639785,-0.3884692864771505,0.03985007081178763
grid_m3.75_29.50,1940-02-01,17.971475387931058,14.925993778735656,702.84414242624,1013.263909841954,-0.4341743943211207,0.2543875376224138
grid_m3.75_29.50,1940-03-01,18.12500815860217,14.98047860215056,585.89744571978,1012.8452174731184,-0.35541923919569895,0.10334037495443549
grid_m3.75_29.50,1940-04-01,18.09705029166669,15.375054236111133,563.03667953704,1013.3903935416666,-0.6033118361433334,0.6598178030931945
grid_m3.75_29.50,1940-05-01,18.044298669354863,14.75989913978497,509.93370974356,1013.6284692876344,-0.5364853238512096,0.6755154725347446
grid_m3.75_29.50,1940-06-01,17.9585125277778,13.20470051388891,100.51274356634,1015.5342449305555,-0.3431551616226667,0.9978138596166667
grid_m3.75_29.50,1940-07-01,18.45882599462368,11.829330900537656,31.554699050339998,1015.5445397177419,-0.08770680300430107,1.0870314164430404
grid_m3.75_29.50,1940-08-01,19.75008501344088,10.38194672043013,6.9553851842,1014.1548637768818,0.12950891025698927,1.273236837429301
grid_m3.75_29.50,1940-09-01,18.065829111111135,14.792427208333356,881.07037553852,1014.2006206249999,-0.37855693005097224,0.13329838526666665
grid_m3.75_29.50,1940-10-01,18.056451572580666,14.93016485215056,843.83320488832,1013.6870740591398,-0.5491522312524193,0.49143149357357524
grid_m3.75_29.50,1940-11-01,17.350601958333357,14.695455277777802,742.6908016587,1012.5943353472222,-0.46923262998716664,0.5146793166741667
grid_m3.75_29.50,1940-12-01,18.191485215053785,14.664178870967765,646.89064031848,1013.4588649193548,-0.6212557089252688,0.6070432620114248
grid_m3.75_29.50,1941-01-01,18.27855055107529,14.64428787634411,505.02133271238,1014.346929704301,-0.39347915117620963,0.3101064040321237
grid_m3.75_29.50,1941-02-01,18.581733065476215,15.628330654761928,640.81048846658,1013.8342369791667,-0.4573992535321429,0.5443803475938988
grid_m3.75_29.50,1941-03-01,19.57195606182798,15.60824419354841,589.48707537096,1013.2209271505376,-0.24892050198691668,-0.12310912017607528
grid_m3.75_29.50,1941-04-01,18.895569805555578,15.666201083333357,393.21017368104,1014.0366568055555,-0.36795637318472224,0.5922691325695834
grid_m3.75_29.50,1941-05-01,17.962394502688195,14.568322862903248,478.25908656692,1015.1736455645162,-0.5755123014318145,0.6626439243396506
grid_m3.75_29.50,1941-06-01,18.15898768055558,13.900727250000022,228.72519421884,1016.5533269444445,-0.3670136548420278,0.642981552168111
grid_m3.75_29.50,1941-07-01,17.818271948924753,12.486876868279593,107.39398013236,1016.3304565188172,-0.3494544285331452,0.8811817781517473
grid_m3.75_29.50,1941-08-01,18.795627137096798,12.7217147043011,104.55846752987999,1014.4825198252688,-0.14500390999663978,0.8843764019028226
grid_m3.75_29.50,1941-09-01,19.1834149027778,12.639243388888913,218.12725106014,1012.6637172916667,-0.23903273530169444,0.7904799335952778
grid_m3.75_29.50,1941-10-01,19.33727940860217,14.21177604838712,546.61297756966,1012.9990543682796,-0.44121844743481187,0.6919859012448926
grid_m3.75_29.50,1941-11-01,17.690234291666687,14.915256541666688,686.46788472018,1013.0749572916666,-0.3208468761943056,0.2464985111513889
grid_m3.75_29.50,1941-12-01,17.858140215053787,14.358782217741958,680.706979392,1014.1072698924731,-0.5211707293157258,0.45264642257325266
grid_m3.75_29.50,1942-01-01,18.18672606182798,14.463817137096799,801.56397988608,1013.8772540322581,-0.6158546697532258,0.6436275762810484
grid_m3.75_29.50,1942-02-01,18.81300348214288,14.472906562500023,530.17449442384,1011.3727378720238,-0.5525833601183036,0.7116460331501487
grid_m3.75_29.50,1942-03-01,17.867260793010775,15.170364879032281,632.23361994294,1012.4399940188172,-0.4922607786933467,0.4994971367418011
grid_m3.75_29.50,1942-04-01,17.698217097222244,15.257085208333358,711.01141049066,1013.8294636805555,-0.533391783025,0.7084346558129861
grid_m3.75_29.50,1942-05-01,18.038449354838733,14.435122715053787,375.9629730444,1013.9616098790323,-0.5551127569049731,0.7031153769844086
grid_m3.75_29.50,1942-06-01,18.077650736111135,13.549025291666691,241.63126911736,1014.4531138194445,-0.2464225137772222,0.6681412069204167
grid_m3.75_29.50,1942-07-01,17.288183750000023,11.433088158602173,45.28284092438,1015.4182558467742,-0.19184805748211023,1.1059930109337366
grid_m3.75_29.50,1942-08-01,19.223035564516152,10.33840434139787,22.00508122298,1013.1121162634408,-0.09342035798387097,1.018446768096613
grid_m3.75_29.50,1942-09-01,20.584666986111134,8.995256097222246,16.00027101226,1012.0042346527778,-0.03058969651949028,1.3164646564878695
grid_m3.75_29.50,1942-10-01,19.731597607526904,13.16231420698927,389.48964958516,1011.5102526209678,-0.3249476238069892,0.8325211319876343
grid_m3.75_29.50,1942-11-01,18.4103819027778,14.01983329166669,496.80542987064,1011.1995996527778,-0.6629855897388889,0.6390710828405556
grid_m3.75_29.50,1942-12-01,17.92542049731185,14.358474260752711,666.71276165948,1011.7457834677418,-0.764563221938172,0.4033766318245967
grid_m3.75_29.50,1943-01-01,18.622913185483895,14.615807634408625,565.90914658734,1010.9900938172043,-0.5613576444780913,0.6493073524865591
grid_m3.75_29.50,1943-02-01,18.16248449404764,15.211838080357165,684.56959700886,1012.1950624255953,-0.5655356049881102,0.6217717893931548
grid_m3.75_29.50,1943-03-01,17.964623185483894,14.890329274193572,649.1744517702,1010.8420362231182,-0.6103768630739248,0.5882705901525686
grid_m3.75_29.50,1943-04-01,17.614068486111133,14.870989472222245,634.63759393678,1013.2363720138889,-0.6901588519847223,0.7664963832840417
grid_m3.75_29.50,1943-05-01,17.24954853494626,13.169766303763463,317.80004455894,1013.4414900537635,-0.3885418458966398,0.6860431753627957
grid_m3.75_29.50,1943-06-01,17.796943555555576,11.374339944444468,29.07323829918,1014.713711875,-0.20475624961902777,0.9350387171756112
grid_m3.75_29.50,1943-07-01,18.091553131720453,11.56118672043013,50.66728588158,1014.5839584005377,-0.05110451395026881,0.6346925497505377
grid_m3.75_29.50,1943-08-01,18.3091824731183,12.106617083333356,163.99860457424,1013.0267044354838,-0.07778169797513441,0.698216510391129
grid_m3.75_29.50,1943-09-01,18.680534569444468,12.849594958333357,170.46976089796,1013.1710258333333,-0.19807446753875,0.8101018460698611
grid_m3.75_29.50,1943-10-01,19.154550766129052,12.518302258064537,287.9359718427,1011.3474815188172,-0.32723586618037637,0.9221087611248656
grid_m3.75_29.50,1943-11-01,18.1554731527778,14.9414932777778,890.77615874708,1011.5364532638889,-0.7799554177040278,0.43132305103847224
grid_m3.75_29.50,1943-12-01,18.284182110215077,14.962793991935508,714.37811771698,1012.0296176747312,-0.7102231077311827,0.6864473843010753
grid_m3.75_29.50,1944-01-01,18.045042715053786,14.989954126344108,962.51463855898,1013.6714840725807,-0.5562718538422043,0.7355571038364785
grid_m3.75_29.50,1944-02-01,18.82291827586209,15.05101688218393,676.40876658068,1012.8598096264368,-0.6395288456257183,0.7718062580886494
grid_m3.75_29.50,1944-03-01,18.499443844086045,15.125531397849485,742.33889494888,1011.9292146505377,-0.6575003789540322,0.7493496565013441
grid_m3.75_29.50,1944-04-01,18.381537597222245,15.285403555555579,732.06305554376,1012.9801842361111,-0.6290348687705556,0.6601634117999083
grid_m3.75_29.50,1944-05-01,17.75725916666669,14.04627791666669,509.15431939304,1013.3103391129032,-0.4861721993106183,0.8174550651869623
grid_m3.75_29.50,1944-06-01,18.2800461527778,13.195558236111133,156.80384663292,1013.6735990972222,-0.36011937499527774,0.8381876398570417
grid_m3.75_29.50,1944-07-01,17.9000845026882,11.022976653225827,42.47164723306,1015.395717405914,-0.36046208645502686,1.083266247002016
grid_m3.75_29.50,1944-08-01,19.52633291666669,11.295770967741957,50.9786606169,1013.6760623655914,-0.11169882371612903,1.0695798937799732
grid_m3.75_29.50,1944-09-01,20.213770583333357,11.230922194444467,56.00500135966,1012.805233125,-0.10190889512916666,1.0853497183498613
grid_m3.75_29.50,1944-10-01,19.109025873655938,14.761793911290345,651.4968876427,1011.7340143145161,-0.5231501867225806,0.46039146655618285
grid_m3.75_29.50,1944-11-01,17.840709361111134,14.852921625000022,724.09439083374,1012.1150507638889,-0.5944515867944444,0.4221043912520833
grid_m3.75_29.50,1944-12-01,18.110153951612926,14.830776478494647,707.44919746448,1011.1778683467742,-0.5980534557708737,0.5169853288160793
grid_m3.75_29.50,1945-01-01,18.150982083333357,14.876690295698946,888.60440236636,1012.2773325268817,-0.6047947956758064,0.5758713747139785
grid_m3.75_29.50,1945-02-01,18.105188764880978,14.949818556547644,631.76560338798,1011.3913944196429,-0.2555783418240625,0.26238244006339284
grid_m3.75_29.50,1945-03-01,17.99447904569895,15.425497862903248,878.62777762836,1013.2842600806451,-0.5482735989508064,0.6767138819674731
grid_m3.75_29.50,1945-04-01,17.826171583333355,15.149892722222244,557.5180067347,1013.1343862499999,-0.5949931678177778,0.8054240342520834
grid_m3.75_29.50,1945-05-01,17.56069728494626,14.127715900537657,449.06330132734,1013.551574798387,-0.5893429586966398,0.6502789121306451
grid_m3.75_29.50,1945-06-01,17.888475388888914,12.273878222222246,53.45487584792,1014.9807956249999,-0.2964777632788889,1.0499124009297223
grid_m3.75_29.50,1945-07-01,17.879080752688196,11.047822190860238,22.893190401000002,1014.6777295026882,-0.17653570500013438,1.1801193007862905
grid_m3.75_29.50,1945-08-01,18.69388344086024,12.168297594086043,113.47198479966,1013.7602227822581,-0.20110991718615592,1.062226798417816
grid_m3.75_29.50,1945-09-01,19.925380013888912,11.391954388888912,123.82602689389999,1013.8220059027777,-0.14948170975013889,0.9826824561569306
grid_m3.75_29.50,1945-10-01,19.06829860215056,14.431485349462388,470.4270350163,1012.5190405913978,-0.5181198726606183,0.6894157373056451
grid_m3.75_29.50,1945-11-01,18.07229936111113,14.838736250000023,745.57256611276,1011.9906058333333,-0.7444353806091666,0.5846023137380556
grid_m3.75_29.50,1945-12-01,17.896856881720453,14.721997620967764,867.55108943536,1013.1080768817204,-0.5671130971646505,0.4197092997259409
grid_m3.75_29.50,1946-01-01,18.247655860215076,14.99955438172045,879.41670476672,1012.8165982526881,-0.5412004612471775,0.48113533787020163
grid_m3.75_29.50,1946-02-01,19.30311002976193,15.442319970238119,665.7104479554,1011.4203476934524,-0.6088017327377976,0.7272931071511309
grid_m3.75_29.50,1946-03-01,18.873655430107547,15.583708830645184,873.62885283276,1011.4906798387096,-0.6781256491366935,0.6840620504450269
grid_m3.75_29.50,1946-04-01,18.217209958333356,15.60115179166669,657.15789906508,1013.0076909722222,-0.5912984632704167,0.8172506539422499
grid_m3.75_29.50,1946-05-01,17.953877620967766,14.808351572580667,582.34572249944,1013.873820967742,-0.5951726936642473,0.6131738625123387
grid_m3.75_29.50,1946-06-01,17.766165666666687,12.991429833333356,70.15109076026,1015.6047202777777,-0.150776524082925,0.8570148892704167
grid_m3.75_29.50,1946-07-01,18.446833615591423,11.73642587365594,24.23119530622,1014.3117541666667,-0.10032586038240592,1.1784654852778227
grid_m3.75_29.50,1946-08-01,19.16580809139787,9.296460994623677,9.30547716332,1013.3957289650538,0.0288036713891129,1.3789868494225135
grid_m3.75_29.50,1946-09-01,18.82839651388891,13.811521250000023,315.27519298564,1012.4800990277779,-0.31074619367305556,0.6027588204800001
grid_m3.75_29.50,1946-10-01,18.075753642473142,14.795589368279591,788.2797730115,1012.7260939516128,-0.685756886663844,0.49630080393387094
grid_m3.75_29.50,1946-11-01,17.93847780555558,15.15647429166669,783.0815319037999,1012.2188986111111,-0.5879222577000417,0.4541030709105139
grid_m3.75_29.50,1946-12-01,17.951032123655935,14.885096465053785,686.82551423284,1012.2070308467743,-0.5625314605102151,0.523682051030457
grid_m3.75_29.50,1947-01-01,18.07675844086024,15.139333911290345,635.4117376967,1012.0773515456989,-0.47742880656438175,0.4764199233870967
grid_m3.75_29.50,1947-02-01,18.590646086309544,15.361937916666689,645.1425536466,1012.064425967262,-0.5607762560133929,0.4865946536622679
grid_m3.75_29.50,1947-03-01,18.28821028225809,15.196120779569915,582.26847729634,1013.7476641129033,-0.3403131427535484,0.0551603856436828
grid_m3.75_29.50,1947-04-01,18.204767986111133,15.484071569444467,536.37361610316,1013.752249513889,-0.5565983242225,0.6890053423166667
grid_m3.75_29.50,1947-05-01,18.080770793010775,14.402250833333355,419.30389341846,1014.0211397177419,-0.7171737500067203,0.6731216618693548
grid_m3.75_29.50,1947-06-01,18.046061986111134,13.134749638888911,140.98739596834,1014.8307942361112,-0.42544250475722223,0.8576351811145833
grid_m3.75_29.50,1947-07-01,17.95676494623658,11.725667486559162,60.3945253519,1014.2836364247312,-0.17472279352943548,0.8432416204547042
grid_m3.75_29.50,1947-08-01,18.730504905914003,11.155625564516154,32.03892708118,1013.6939438172043,-0.04817957555635753,1.214421743803965
grid_m3.75_29.50,1947-09-01,20.37495854166669,9.601789611111133,19.50550125232,1012.5610048611112,-0.05468492853479167,1.2959375793180556
grid_m3.75_29.50,1947-10-01,19.596290685483893,14.191188373655937,493.87693354178,1011.9948926075269,-0.5628777167055108,0.6010951168362312
grid_m3.75_29.50,1947-11-01,18.20305063888891,15.211060513888912,761.29841652676,1011.7869432638889,-0.5661155899806944,0.5978439117236111
grid_m3.75_29.50,1947-12-01,17.613765255376368,14.75111348118282,775.23946623378,1012.2942719086022,-0.5649479648047043,0.3306988337715457
grid_m3.75_29.50,1948-01-01,18.087233239247336,15.36514607526884,842.37170298894,1012.7041702284946,-0.515539675878629,0.40298835009462364
grid_m3.75_29.50,1948-02-01,18.04869788793106,15.473520014367839,817.80361898644,1012.9182035201148,-0.5581829914088362,0.4998096231561781
grid_m3.75_29.50,1948-03-01,18.296310994623678,15.396709233870991,813.01736878298,1012.7364728494623,-0.5532172413413978,0.5343607199582527
grid_m3.75_29.50,1948-04-01,18.573145930555576,15.786916013888913,645.9090688428,1012.1373626388889,-0.69765220469875,0.6791078558066667
grid_m3.75_29.50,1948-05-01,18.503583010752713,14.67895736559142,440.77920657756,1013.7033139112904,-0.6029759162310484,0.6842804345404301
grid_m3.75_29.50,1948-06-01,17.974073722222247,13.452354458333357,170.26710577304,1015.3467880555556,-0.3403333870934861,0.92564129929625
grid_m3.75_29.50,1948-07-01,17.99023920698927,10.79595930107529,9.37485695976,1014.6319435483871,-0.19491940278360215,1.2508311341760754
grid_m3.75_29.50,1948-08-01,18.643260295698948,12.293841330645186,124.65715415212,1013.8680257392473,-0.09881017491384408,1.0711829241446909
grid_m3.75_29.50,1948-09-01,18.98224504166669,13.917202125000022,353.5225384976,1012.5858433333334,-0.2820313337613889,0.7766062417531945
grid_m3.75_29.50,1948-10-01,18.501865766129058,15.105902674731206,875.4932882122,1012.7585369623656,-0.7005612775361559,0.6136834533712513
grid_m3.75_29.50,1948-11-01,18.175149166666692,15.2019246527778,791.50223868602,1012.4381996527778,-0.7589905578524999,0.6652321710833333
grid_m3.75_29.50,1948-12-01,18.11051653225809,14.701219771505398,530.30109312916,1012.0907056451613,-0.6140883620043011,0.30941147056559143
grid_m3.75_29.50,1949-01-01,18.558449314516153,15.450441854838731,815.39702024962,1013.0418522177418,-0.5720110344505377,0.3335185775701613
grid_m3.75_29.50,1949-02-01,18.23161270833336,15.28390367559526,708.85181246202,1013.6828343005952,-0.37932788808452383,0.04600786022797619
grid_m3.75_29.50,1949-03-01,19.122682298387122,15.671472594086046,699.03206961994,1011.566503360215,-0.6800779732298388,0.5333307994245967
grid_m3.75_29.50,1949-04-01,18.204120486111137,16.05837241666669,702.57735198642,1014.0912117361111,-0.5146222004461111,0.6834819570155556
grid_m3.75_29.50,1949-05-01,18.000533951612926,14.817608118279592,485.23879075766,1014.1448913978495,-0.538426368188844,0.5906563833976612
grid_m3.75_29.50,1949-06-01,17.330556263888912,13.433361875000022,160.09187735266,1015.4917638194445,-0.22388184853291668,0.7913436229260556
grid_m3.75_29.50,1949-07-01,17.603481881720455,11.874384529569916,73.31204405312,1015.3119191532257,-0.22529472967607528,0.9475727788380376
grid_m3.75_29.50,1949-08-01,19.16457170698927,9.03165104838712,2.6676654746199997,1013.5835291666666,0.17717765667688173,1.1696245517548791
grid_m3.75_29.50,1949-09-01,19.534028597222246,12.062795208333357,117.88845027668,1013.377323125,0.02255066740347222,0.9461722272301388
grid_m3.75_29.50,1949-10-01,19.244615766129055,13.67700244623658,368.63350852084,1012.7078079301075,-0.3596059733586021,0.6952053398399463
grid_m3.75_29.50,1949-11-01,18.65102769444447,15.355678319444468,700.03771632326,1012.4371234722222,-0.697841512588375,0.5290888177038611
grid_m3.75_29.50,1949-12-01,17.89412235215056,15.171441344086043,659.14511669768,1012.016622782258,-0.5665686201068548,0.5613103075774194
grid_m3.75_29.50,1950-01-01,18.027396478494644,15.1213860887097,892.25244666718,1012.0455834005377,-0.48344748121962366,0.33653593517284947
grid_m3.75_29.50,1950-02-01,18.416330818452405,15.47891504464288,664.80708033348,1012.4988415178572,-0.4892008911279762,0.4194235767845238
grid_m3.75_29.50,1950-03-01,18.1527922715054,15.293957137096797,672.53088920968,1012.3527549731183,-0.5348552776647043,0.5607972496153226
grid_m3.75_29.50,1950-04-01,17.95218079166669,15.806866513888913,667.48547419568,1012.3976137499999,-0.5138652590516111,0.5712347872786111
grid_m3.75_29.50,1950-05-01,17.419597137096797,14.635253172043033,426.15437484102,1014.0173521505377,-0.5178714458276479,0.8042893157639786
grid_m3.75_29.50,1950-06-01,17.5019749027778,12.558879375000023,52.1383286413,1014.7602980555556,-0.2592849522290972,0.9653268170815278
grid_m3.75_29.50,1950-07-01,17.62084903225809,11.391974274193572,38.72776017094,1014.9733110887097,-0.04542406066397849,0.7185375459347446
grid_m3.75_29.50,1950-08-01,18.077902594086044,10.047404932795722,33.12706939302,1014.5957851478494,0.0029149822956989267,0.6694495702000753
grid_m3.75_29.50,1950-09-01,18.96554118055558,13.089516722222244,308.27331584044,1013.909136875,-0.19813908438291664,0.29159802227500004
grid_m3.75_29.50,1950-10-01,18.35492620967744,14.525614435483893,663.7573245176,1012.6643377688172,-0.5672417299301882,0.6475277351435349
grid_m3.75_29.50,1950-11-01,17.691507222222246,15.009888777777801,866.97816693364,1011.7971418055555,-0.6396056910044999,0.5948396900215277
grid_m3.75_29.50,1950-12-01,17.855583817204323,15.377591612903247,659.65914922776,1012.4534711021505,-0.6781157501344086,0.6937416029225134
grid_m3.75_29.50,1951-01-01,18.032714327957013,15.161043938172067,851.7749290309,1012.4994408602151,-0.5130823589635752,0.42067388206123657
grid_m3.75_29.50,1951-02-01,17.962210148809547,15.064884285714308,835.2882857209,1012.8804712053573,-0.5602553004133929,0.4324730687625
grid_m3.75_29.50,1951-03-01,18.420485026881742,15.855572352150562,793.0524340767,1012.1336741263441,-0.6013823329663979,0.5735244413586021
grid_m3.75_29.50,1951-04-01,18.01227466666669,15.754003347222245,585.3016391033,1014.0776803472222,-0.3610577249476389,0.2937375810734722
grid_m3.75_29.50,1951-05-01,18.365802553763462,14.87741682795701,434.68499284742,1014.6263207661291,-0.6070269518229838,0.47370189634610216
grid_m3.75_29.50,1951-06-01,17.907691236111134,12.480115694444468,73.98486124298,1015.2799268055555,-0.28883065826569443,0.889352435192789
grid_m3.75_29.50,1951-07-01,17.961765053763465,10.619016048387119,18.14746861668,1015.6318784946236,-0.16917392714879032,1.0387274300744114
grid_m3.75_29.50,1951-08-01,19.469303790322606,10.062294086021529,23.01740638616,1014.2770337365591,0.006134792633064519,1.1927514023647179
grid_m3.75_29.50,1951-09-01,19.504140347222247,14.334188597222244,368.61085841842,1013.0635287499999,-0.3087587062593889,0.6870759523298611
grid_m3.75_29.50,1951-10-01,19.072049516129056,15.436332258064537,1011.75880538006,1012.4537423387096,-0.6010821557065054,0.48512268114126345
grid_m3.75_29.50,1951-11-01,17.972670722222244,15.776787986111135,958.17804443082,1013.2441754166667,-0.5837586307597777,0.6538575072945139
grid_m3.75_29.50,1951-12-01,17.5295484543011,15.655085147849485,840.276002342,1014.1286793682796,-0.3541829868607527,0.4818841465107527
grid_m3.75_29.50,1952-01-01,18.573865268817226,15.759095685483894,771.06285143612,1012.8161439516128,-0.5001830384431452,0.41928882129881717
grid_m3.75_29.50,1952-02-01,18.43876754310347,15.959337270114967,909.9955566101,1012.3960011494253,-0.48710293561850576,0.6825647679769252
grid_m3.75_29.50,1952-03-01,18.96195479838712,15.932548669354862,881.37912527426,1012.1846209005377,-0.5892283125012097,0.7035442471508737
grid_m3.75_29.50,1952-04-01,18.260100333333355,16.019447583333356,721.07148208796,1013.4825311111111,-0.5057347832065555,0.7490374247015694
grid_m3.75_29.50,1952-05-01,18.133518252688194,15.087202459677442,598.915099883,1014.6108983870969,-0.38278003503131725,0.565203614375
grid_m3.75_29.50,1952-06-01,17.7664552777778,12.935148472222245,79.67114433748,1016.2180779861112,-0.4431272508514861,0.93841863903
grid_m3.75_29.50,1952-07-01,17.766790793010774,11.548308978494646,22.29857444764,1015.4056565860216,-0.20624609995672044,1.1412574903952957
grid_m3.75_29.50,1952-08-01,19.153722002688195,11.01822674731185,16.29519465654,1013.8140938172043,0.06185246478091398,1.0585628215994622
grid_m3.75_29.50,1952-09-01,19.541494638888913,13.264771694444468,349.70259547128,1012.5115954861111,-0.3148849751327778,0.7621926620638889
grid_m3.75_29.50,1952-10-01,18.95490413978497,14.80704169354841,663.63024733512,1012.687875672043,-0.43821890723870965,0.6319441845516129
grid_m3.75_29.50,1952-11-01,17.927959555555578,15.258395430555579,914.2234327704,1012.5061609027778,-0.5730132091495833,0.35713541297194445
grid_m3.75_29.50,1952-12-01,18.279041169354862,15.792952258064538,693.6056604449,1012.4868803763441,-0.6849809546245161,0.5554693493997312
grid_m3.75_29.50,1953-01-01,18.04617107526884,15.477977607526904,589.99228510056,1013.1023844758065,-0.26806942133830647,0.331965128706586
grid_m3.75_29.50,1953-02-01,18.219910252976213,15.878463467261927,798.54607608584,1012.1821729166668,-0.4631554658092262,0.4451316420532738
grid_m3.75_29.50,1953-03-01,18.17030598118282,15.936443387096798,746.009586436,1012.6551225134409,-0.4035995240118723,0.5120038923366935
grid_m3.75_29.50,1953-04-01,18.012061097222244,15.944221805555578,616.0290240975,1013.6863942361111,-0.46324441683741663,0.4751093751651389
grid_m3.75_29.50,1953-05-01,17.879877379032283,15.370828104838731,631.56557003406,1014.5473538978495,-0.5852641648592742,0.6520915788993548
grid_m3.75_29.50,1953-06-01,18.049330875000024,12.854219875000023,81.56442624126,1015.0473329166666,-0.23594271348611112,0.8769992616556945
grid_m3.75_29.50,1953-07-01,17.37773467741938,11.90025732526884,86.15279198196,1015.7976342069892,-0.3322494271122312,1.0266383442331182
grid_m3.75_29.50,1953-08-01,18.745340188172065,11.564054811827981,22.52531057204,1014.4915740591398,-0.048122985597849464,1.1197166916404435
grid_m3.75_29.50,1953-09-01,18.81930387500002,13.354324930555578,356.98127766762,1013.7037143055555,-0.31285296478583335,0.6630360700061111
grid_m3.75_29.50,1953-10-01,19.09060545698927,15.18287993279572,680.1688670463,1012.4787567876344,-0.546431347330242,0.6476018712821237
grid_m3.75_29.50,1953-11-01,18.06742391666669,15.737688666666688,972.79024159,1013.2746227083334,-0.5819360230463889,0.62067826578875
grid_m3.75_29.50,1953-12-01,17.895605322580668,15.772012876344109,924.4294170059,1012.7377552419355,-0.42889951778091395,0.4825880803951882
grid_m3.75_29.50,1954-01-01,18.105498037634433,14.78332548387099,565.99330834942,1013.4200418010753,-0.2830180903545699,0.02635143657217742
grid_m3.75_29.50,1954-02-01,18.434375967261925,15.222334791666688,523.2236392936001,1012.5639993303571,-0.41429353940669644,0.49799952718913687
grid_m3.75_29.50,1954-03-01,18.68518557795701,15.634929381720454,622.50614260502,1012.7376358198925,-0.542109703420699,0.4573528331989247
grid_m3.75_29.50,1954-04-01,18.295553277777802,15.521731458333356,578.3102532405,1014.3644794444446,-0.4782587474130555,0.4219125447838889
grid_m3.75_29.50,1954-05-01,18.4697322715054,14.617258145161312,445.5623634644,1013.8677606854839,-0.48708679940275534,0.26212210447217743
grid_m3.75_29.50,1954-06-01,17.69381226388891,12.390599361111136,45.89724535922,1015.3196831944443,-0.22573428714902777,1.0352155479333056
grid_m3.75_29.50,1954-07-01,17.909308870967767,10.80802346774196,18.65100832928,1014.1287647849462,-0.08092033340564515,1.0069235927770162
grid_m3.75_29.50,1954-08-01,18.928907016129052,10.911241505376367,33.49065785916,1013.8818905241936,0.038869160588844084,1.1186654683073387
grid_m3.75_29.50,1954-09-01,19.200351805555577,12.205265250000023,169.97432751878,1012.9010977777779,-0.056508105804444445,0.9604624003306528
grid_m3.75_29.50,1954-10-01,18.75791677419357,14.403102177419377,598.95348600852,1012.1260348790322,-0.5220699729038979,0.4937416168849865
grid_m3.75_29.50,1954-11-01,18.1879195277778,14.703168958333354,677.89149348424,1012.1894890277778,-0.7478327231401389,0.42676425523000006
grid_m3.75_29.50,1954-12-01,17.933010322580667,15.19508228494626,771.7669009901,1012.1216926075268,-0.5233212006994623,0.5287061298849463
grid_m3.75_29.50,1955-01-01,17.965088844086043,15.11757350806454,723.54078326276,1012.8674615591398,-0.6603792877432796,0.6427143056446237
grid_m3.75_29.50,1955-02-01,18.472762738095263,15.138117142857167,581.97688980316,1011.7223649553572,-0.32959878756532734,-0.21775318337916666
grid_m3.75_29.50,1955-03-01,18.229259005376367,15.638752029569917,679.63552491832,1011.7931107526882,-0.44744581810712364,0.45672945911009405
grid_m3.75_29.50,1955-04-01,18.10866229166669,15.612104319444468,545.42779932448,1012.4071695833333,-0.5553790199209722,0.5886167802959167
grid_m3.75_29.50,1955-05-01,17.661967043010772,14.067849502688194,331.29382097638,1014.8180983870968,-0.6196758309923387,0.8230169966377688
grid_m3.75_29.50,1955-06-01,17.02042855555558,13.276988888888912,273.98824713388,1015.5242215972222,-0.4130852169125,0.8170332592982639
grid_m3.75_29.50,1955-07-01,17.563955080645183,12.590178467741959,141.04843103072,1014.4912302419356,-0.14431887764153226,0.8773648870041667
grid_m3.75_29.50,1955-08-01,18.6069384543011,10.070938360215077,14.535903882000001,1013.1573383064516,0.1151462070813172,1.1112876195643817
grid_m3.75_29.50,1955-09-01,18.41039286111113,14.078353333333355,523.70285979348,1012.8006395833333,-0.3855971434366389,0.38188181938791665
grid_m3.75_29.50,1955-10-01,18.860859516129054,14.689294637096797,626.9648087152,1011.8454424731183,-0.558234369469086,0.5800401207395162
grid_m3.75_29.50,1955-11-01,18.33961526388891,14.971008305555578,661.75556189694,1011.9813751388889,-0.6150730123319444,0.5059430644256805
grid_m3.75_29.50,1955-12-01,17.80823723118282,15.09046428763443,843.90902608812,1012.3135585349462,-0.5251461149020161,0.48966512322043015
grid_m3.75_29.50,1956-01-01,17.645531948924752,14.555259637096796,599.62678008512,1011.7456551747313,-0.4293131466149193,-0.02546784149758064
grid_m3.75_29.50,1956-02-01,18.487128807471287,15.253354022988528,725.40950955792,1011.3320706178162,-0.5227337539311782,0.4437476852386495
grid_m3.75_29.50,1956-03-01,18.5703960215054,15.651604381720453,786.45181741104,1012.0327446236558,-0.6017125859255914,0.687055587242742
grid_m3.75_29.50,1956-04-01,17.755170444444467,15.623012305555578,747.84541097392,1013.0471052777777,-0.4742229541284583,0.6544767937090555
grid_m3.75_29.50,1956-05-01,17.383879287634432,14.760413239247335,568.53294535084,1014.3596103494624,-0.40566280336357524,0.26670283778508064
grid_m3.75_29.50,1956-06-01,17.16190366666669,13.037051180555578,244.02236999165999,1015.1290631944445,-0.3765901772148611,0.8220817384958333
grid_m3.75_29.50,1956-07-01,17.392219435483895,10.781932271505399,32.26852418564,1014.6601879032258,-0.14810937448024192,1.1694697319662635
grid_m3.75_29.50,1956-08-01,18.495807715053786,12.326743938172065,196.5115065797,1013.373332594086,-0.10312353158122312,0.6656854071819892
grid_m3.75_29.50,1956-09-01,18.8291447777778,13.4435414027778,256.6995624147,1011.9056450694444,-0.2869943091541666,0.6011393019597222
grid_m3.75_29.50,1956-10-01,18.581258400537656,14.48729924731185,700.57678245024,1011.7708563172043,-0.46833788927365594,0.640536154246129
grid_m3.75_29.50,1956-11-01,18.232272611111135,15.35811237500002,807.6262477739,1011.6939379166666,-0.6954490410589861,0.4603015879984722
grid_m3.75_29.50,1956-12-01,17.800597432795723,14.924455349462388,693.22442955512,1012.153728561828,-0.6315605595119623,0.5493063783343549
grid_m3.75_29.50,1957-01-01,17.703248077957014,15.032040053763462,749.06301440708,1011.9829476478494,-0.3368306641377688,0.2717447597895161
grid_m3.75_29.50,1957-02-01,18.058451845238118,15.1448779761905,596.92859794862,1012.1013986607143,-0.28198635015267853,-0.10827323298419345
grid_m3.75_29.50,1957-03-01,18.1711573387097,15.607776344086044,751.18851779902,1012.706895094086,-0.3455492654769704,0.1548525083173387
grid_m3.75_29.50,1957-04-01,18.846767097222244,15.973122638888913,671.46158050634,1013.0039668055555,-0.41073490075972224,0.3325663860821528
grid_m3.75_29.50,1957-05-01,18.837399932795723,16.47453418010755,438.50874970296,1014.3004213037634,-0.429472379644086,0.5800187930576614
grid_m3.75_29.50,1957-06-01,18.4554736527778,14.409192597222244,225.2018450382,1015.2341774305555,-0.35098438263055554,0.5405008734498611
grid_m3.75_29.50,1957-07-01,18.03417422043013,12.934421787634431,143.45002199972,1014.8599174731182,-0.3260807312719086,0.9394533811745296
grid_m3.75_29.50,1957-08-01,18.664861290322605,12.545176223118302,81.44545504679999,1014.0035878360214,-0.24756380382352153,0.9591142386291668
grid_m3.75_29.50,1957-09-01,19.891521902777804,13.632126472222245,191.56670509682002,1012.6335521527778,-0.3717192119680556,0.8352453659277776
grid_m3.75_29.50,1957-10-01,19.154543870967764,15.528481182795721,786.11206995688,1012.3675294354838,-0.5955517360067204,0.5533063962763037
grid_m3.75_29.50,1957-11-01,19.2054075277778,15.804943361111132,785.73417509692,1012.1892813194445,-0.7963110548600695,0.2522158321097222
grid_m3.75_29.50,1957-12-01,18.28762604838712,16.121546048387117,834.51723970304,1012.8347840725806,-0.5025934674952957,0.6341192598423387
grid_m3.75_29.50,1958-01-01,19.320950618279593,16.870554919354863,761.9442924489,1012.1828570564516,-0.5440683056666666,0.5109991459950268
grid_m3.75_29.50,1958-02-01,19.139257500000024,16.300258318452403,907.91630647404,1013.2715436011905,-0.3799113319665179,0.1382513499348214
grid_m3.75_29.50,1958-03-01,19.34742041666669,16.28186606182798,698.66657245776,1012.718181451613,-0.5232302339870968,0.4014006173126344
grid_m3.75_29.50,1958-04-01,19.376301944444467,16.575396194444465,664.44587543624,1012.3488088888889,-0.5874146556743056,0.7253167685797223
grid_m3.75_29.50,1958-05-01,19.160944758064538,15.276325282258087,345.73817270814,1014.3874075268818,-0.4972852676456989,0.7026289066801747
grid_m3.75_29.50,1958-06-01,18.266872041666687,14.308549208333357,224.0214350658,1015.4330525694444,-0.3268230441634028,0.832656230506111
grid_m3.75_29.50,1958-07-01,17.878970228494644,12.417096841397871,97.89586045144,1014.4902718413979,-0.1497314623939113,1.0825618188585215
grid_m3.75_29.50,1958-08-01,18.30771104838712,13.543294569892495,269.01054362184,1013.8999010080646,-0.2531163419263441,0.9042868801149946
grid_m3.75_29.50,1958-09-01,19.393162472222244,14.346026375000022,346.89235671524,1012.633419375,-0.4310475251222639,0.7402306236062194
grid_m3.75_29.50,1958-10-01,19.322434798387118,14.663434543010776,499.15885992542,1012.3946495295698,-0.4751617266908602,0.7482953677129033
grid_m3.75_29.50,1958-11-01,18.428446541666688,15.715136333333357,735.28266047306,1012.2187178472221,-0.5499428195226389,0.7419637903065278
grid_m3.75_29.50,1958-12-01,18.70300107526884,15.93659415322583,642.57740866344,1012.8937453629032,-0.4581836937400538,0.17575277027083333
grid_m3.75_29.50,1959-01-01,19.123473803763464,16.42052294354841,794.12817859308,1012.1769532258065,-0.48551369743051076,0.3878302210766129
grid_m3.75_29.50,1959-02-01,18.840116636904785,16.178883184523833,774.94525829548,1012.5229936011905,-0.41341030239970233,0.3099955379201637
grid_m3.75_29.50,1959-03-01,19.26492123655916,16.174264462365613,553.2639016583,1012.5536724462365,-0.47437913432939516,0.18794481319180106
grid_m3.75_29.50,1959-04-01,19.097657333333355,16.554825805555577,840.1947013155,1012.1620404861111,-0.6763062159932361,0.6298688459863334
grid_m3.75_29.50,1959-05-01,19.28898600806454,15.645636451612926,410.12692342664,1012.3985417338711,-0.37352299420403223,0.41854746003951615
grid_m3.75_29.50,1959-06-01,18.440188638888912,14.248233041666689,249.9866489566,1014.4917884722223,-0.42474893075111114,0.8264253189438889
grid_m3.75_29.50,1959-07-01,18.122393239247334,13.443558239247334,129.54425827644,1014.9508796370967,-0.2959945222842742,0.8086013385313172
grid_m3.75_29.50,1959-08-01,18.623104852150558,13.844695201612927,251.5900131982,1013.2695311827956,-0.31109266461760754,0.7738124639508065
grid_m3.75_29.50,1959-09-01,18.8298425277778,14.936337055555578,528.33151676174,1012.6901357638889,-0.3797411158381945,0.5843973794547223
grid_m3.75_29.50,1959-10-01,19.052058817204323,15.293280685483893,682.1746810969601,1012.7742197580645,-0.5626921812292406,0.3015273269506721
grid_m3.75_29.50,1959-11-01,18.831720833333357,15.455358777777802,617.79952025734,1012.297979236111,-0.48203232713819444,0.41642691447597224
grid_m3.75_29.50,1959-12-01,18.633470120967765,15.713482822580668,858.48307603772,1012.5069088037634,-0.4985112392719086,0.34062451079758066
grid_m3.75_29.50,1960-01-01,18.819644059139808,15.836337473118302,660.53581249306,1012.857927688172,-0.5015279992655914,0.14949535708225806
grid_m3.75_29.50,1960-02-01,18.63240048850577,15.879258663793125,731.09650615188,1012.7733117816092,-0.4051907129748994,0.5605482347932471
grid_m3.75_29.50,1960-03-01,18.483114018817226,15.737433803763462,695.004225565,1012.2754968413979,-0.43054880028770165,0.3575977500313172
grid_m3.75_29.50,1960-04-01,18.642604638888912,16.29481455555558,727.46658141924,1012.6776298611111,-0.6024636373743055,0.6703744062115278
grid_m3.75_29.50,1960-05-01,18.786272889784968,15.506767782258088,397.30238861522,1013.5185324596774,-0.6555151169450268,0.6140215643634409
grid_m3.75_29.50,1960-06-01,18.22441813888891,14.206776222222246,284.86299589094,1014.9796923611111,-0.49257674811083335,0.8847360126556946
grid_m3.75_29.50,1960-07-01,17.39202106182798,13.019376263440883,128.38435147052002,1015.2411562499999,-0.2506578918547043,1.1534025265149193
grid_m3.75_29.50,1960-08-01,18.53151614247314,13.416440954301098,143.91088469786,1013.9800715725806,-0.12600424919758066,1.0662556294593817
grid_m3.75_29.50,1960-09-01,18.904665444444465,14.74055351388891,470.46661339812,1013.1619322222223,-0.3269153814840972,0.5472142121936111
grid_m3.75_29.50,1960-10-01,19.46467790322583,15.234605000000023,646.387814659,1012.5606448252688,-0.5190560420933333,0.6303483932479839
grid_m3.75_29.50,1960-11-01,18.376055958333357,15.652265097222246,735.21470927496,1013.1173573611112,-0.6542642807794862,0.5834081867331111
grid_m3.75_29.50,1960-12-01,18.96978047043013,15.909569126344106,584.85221851724,1011.8469327284946,-0.6365907942129032,0.5675681946137097
grid_m3.75_29.50,1961-01-01,18.59342235215056,15.78030610215056,847.3751536562,1012.045047983871,-0.5849079625533872,0.7728585891401881
grid_m3.75_29.50,1961-02-01,17.91317872023812,15.086584151785738,791.1634430704,1013.3258700892858,-0.46242200662247024,0.6316866637358631
grid_m3.75_29.50,1961-03-01,18.632900698924754,16.141883655914004,817.68584404968,1012.3104962365591,-0.5775013998163441,0.6752381761943682
grid_m3.75_29.50,1961-04-01,18.9243395277778,16.07605962500002,728.94191984628,1012.1837651388889,-0.6204145853125,0.6873847533874999
grid_m3.75_29.50,1961-05-01,19.058136317204323,15.21255905913981,348.44446083266,1013.7091520833334,-0.6590153482692205,0.7992840567161962
grid_m3.75_29.50,1961-06-01,17.960280625000024,13.785024236111134,277.57501599016,1014.2674715972223,-0.40824578732694444,0.9287444682731945
grid_m3.75_29.50,1961-07-01,17.484966182795723,13.946888776881742,408.74743476956,1014.7292458333333,-0.42315952834959675,0.7492250408801076
grid_m3.75_29.50,1961-08-01,18.027493225806474,13.52888430107529,238.08360076594,1014.7295521505376,-0.19462331140685485,0.9944995650189516
grid_m3.75_29.50,1961-09-01,18.555213847222245,14.288912375000024,702.81267110608,1012.8003821527777,-0.5227804173936111,0.5907290991797778
grid_m3.75_29.50,1961-10-01,18.100348131720455,14.92482611559142,980.53073827768,1012.1893400537633,-0.662440597077957,0.6457360665946237
grid_m3.75_29.50,1961-11-01,17.509318500000024,14.927504833333357,793.0908212413,1012.6344362500001,-0.4957089744081528,0.42102548737847223
grid_m3.75_29.50,1961-12-01,17.752145174731208,15.253054086021528,796.1645125838,1012.8278385752687,-0.290607944222043,-0.08383769368830644
grid_m3.75_29.50,1962-01-01,17.650679637096797,14.963518911290345,685.30011187298,1013.0177051075269,-0.39286088161075267,0.02116307791827957
grid_m3.75_29.50,1962-02-01,18.28395830357145,15.60634936011907,815.13070770088,1012.4637133928571,-0.4899855351294643,0.6334764626916667
grid_m3.75_29.50,1962-03-01,18.221887862903248,15.561214502688195,813.29894026788,1012.1926550403225,-0.4162334937158602,0.7157517137540322
grid_m3.75_29.50,1962-04-01,18.001031875000024,15.921270111111134,700.77610097328,1012.9266080555556,-0.5380549756718055,0.757988279391389
grid_m3.75_29.50,1962-05-01,17.745290053763462,14.85932791666669,393.4342868569,1014.8282680107527,-0.4093948273491936,0.7329263233883737
grid_m3.75_29.50,1962-06-01,17.637780125000024,13.648012902777802,311.52081531942,1014.3858488888889,-0.45465619849381944,0.6333321041609167
grid_m3.75_29.50,1962-07-01,18.06457557795701,12.48586053763443,121.26517351106,1015.6424905241936,-0.28246703234373655,0.7990143678875269
grid_m3.75_29.50,1962-08-01,17.946522392473142,14.133962043010776,559.78417433456,1014.6298269489248,-0.34028869674260753,0.42364317369771504
grid_m3.75_29.50,1962-09-01,18.51480154166669,14.213017944444466,490.99803022146,1013.5625431249999,-0.32467369557777775,0.6772313002788889
grid_m3.75_29.50,1962-10-01,18.292960362903248,15.000200443548408,881.12616800844,1013.0905071236559,-0.49966289085551074,0.35432317278833336
grid_m3.75_29.50,1962-11-01,17.964634722222247,15.140092138888912,724.58839288758,1012.3227815277777,-0.5826807233027778,0.48393190178499995
grid_m3.75_29.50,1962-12-01,17.944975147849487,15.288654784946258,713.42349079104,1013.094399798387,-0.46628856783333333,0.5179190478479838
grid_m3.75_29.50,1963-01-01,17.48644594086024,14.885329422043034,712.86678410058,1012.7002176075268,-0.3691692556041667,0.22854786496916668
grid_m3.75_29.50,1963-02-01,18.39615955357145,15.13556709821431,699.5282182308,1011.9998927083334,-0.5141863800044643,0.2603960494940476
grid_m3.75_29.50,1963-03-01,18.081536344086047,15.456729959677443,837.93115293604,1013.3566372311828,-0.5212608665618279,0.5132843139717742
grid_m3.75_29.50,1963-04-01,17.986442500000024,15.782403777777798,750.7178784737,1013.135283125,-0.5286149769951388,0.5764974241452778
grid_m3.75_29.50,1963-05-01,18.213297755376367,15.385491653225829,549.59368786274,1014.126236626344,-0.46610846592137095,0.532377385571035
grid_m3.75_29.50,1963-06-01,18.32324880555558,12.960577444444468,106.67467156152,1015.5718713888889,-0.45206006503736107,0.62607305323125
grid_m3.75_29.50,1963-07-01,18.294141639784968,12.842948440860237,108.69050027728,1014.5765054435483,-0.31678798617782256,0.7603013343423386
grid_m3.75_29.50,1963-08-01,18.64767041666669,13.028061801075292,137.01701272914,1013.9611606182796,-0.2790745971304959,0.8644874331375
grid_m3.75_29.50,1963-09-01,19.3051431527778,14.114401416666691,295.55749954554,1013.0746429861111,-0.39948351175194446,0.7754036382205556
grid_m3.75_29.50,1963-10-01,18.874474408602175,14.928550860215077,655.76219580118,1012.723483467742,-0.5941191432682796,0.7225262825591398
grid_m3.75_29.50,1963-11-01,17.803715611111134,15.348743777777798,965.98172350572,1012.7759085416666,-0.5350747000829167,0.5928420599204166
grid_m3.75_29.50,1963-12-01,18.14402842741938,15.337803225806473,827.1472457489,1013.1399971774193,-0.5094882025602151,0.2955119628353495
grid_m3.75_29.50,1964-01-01,18.50000188172045,15.810160819892497,825.33455019134,1012.956789045699,-0.5099088805129436,0.5373727804526882
grid_m3.75_29.50,1964-02-01,18.60853974137933,15.539903951149448,789.39652496856,1012.3394284482758,-0.3296876439049569,0.43020249411609196
grid_m3.75_29.50,1964-03-01,18.857764422043033,15.892720497311853,771.30269938194,1013.2298597446236,-0.4549975236850807,0.48053257413897854
grid_m3.75_29.50,1964-04-01,18.25660701388891,16.13010066666669,753.15093698782,1013.5955268749999,-0.5315626362265278,0.6852102407795833
grid_m3.75_29.50,1964-05-01,18.403616263440885,14.527240887096799,389.13750629552,1015.5853313172043,-0.6596735435774194,0.5840223023446237
grid_m3.75_29.50,1964-06-01,18.08084920833336,13.9557201527778,452.39758357364,1015.132655625,-0.5037218521047695,0.3757941987590834
grid_m3.75_29.50,1964-07-01,17.75199611559142,12.644835053763462,87.22615209104,1015.7958431451614,-0.25672221403387097,0.6176547869973119
grid_m3.75_29.50,1964-08-01,17.949591854838733,12.423023803763465,241.93644517226,1014.7363481182796,-0.25681393162588706,0.6460796490684813
grid_m3.75_29.50,1964-09-01,18.06266154166669,14.256931888888912,618.56556104676,1013.9307977083333,-0.28353833075208335,0.4530357162720056
grid_m3.75_29.50,1964-10-01,18.005460577957013,14.513496680107549,868.83473378548,1013.0284806451614,-0.4459371512586021,0.10058985434762097
grid_m3.75_29.50,1964-11-01,17.907035583333354,14.771122791666691,826.6379833879801,1012.97866125,-0.6758053757772222,0.3948416184773611
grid_m3.75_29.50,1964-12-01,17.485993118279595,14.259102701612926,620.33176408806,1011.7214322580645,-0.6460188989952957,0.5078331515797043
grid_m3.75_29.50,1965-01-01,18.12025049731185,14.663680524193573,574.59950493544,1011.9613669354839,-0.5039909118655914,0.4103064372584677
grid_m3.75_29.50,1965-02-01,18.237788065476213,14.991128080357168,724.71404031658,1011.8131863839286,-0.42666682773125003,0.4320492978655506
grid_m3.75_29.50,1965-03-01,18.185559556451636,15.449721827957013,736.75656362066,1013.3841647177419,-0.42353584982751347,0.5790519520364651
grid_m3.75_29.50,1965-04-01,17.911504819444467,15.532301750000023,718.57380890498,1013.7918558333332,-0.5071164451848611,0.4765545093175
grid_m3.75_29.50,1965-05-01,18.015667473118302,14.792869717741958,639.27364422328,1015.265322983871,-0.6091534185047043,0.36650052508669356
grid_m3.75_29.50,1965-06-01,17.90864180555558,12.292800208333357,119.06433118594,1016.7670345833333,-0.37342838792541666,0.8115875508053334
grid_m3.75_29.50,1965-07-01,17.944679556451636,13.021739610215075,134.42087206136,1016.5000916666667,-0.29329179011236556,0.550443485387137
grid_m3.75_29.50,1965-08-01,18.62504670698927,12.916809072580666,154.35004251024,1014.4348916666667,-0.2772397279041666,0.6938524637528226
grid_m3.75_29.50,1965-09-01,18.75475181944447,14.238584652777801,548.04181998194,1013.74699625,-0.37201930710875,0.7849462928544445
grid_m3.75_29.50,1965-10-01,18.903380577957012,14.730606370967765,774.39188887086,1013.1484991263441,-0.5254173287306855,0.730773739430406
grid_m3.75_29.50,1965-11-01,18.302681097222248,15.205881083333356,824.0418456669,1013.0051320138889,-0.7259123209927777,0.5142620071584723
grid_m3.75_29.50,1965-12-01,17.934654005376366,15.345737258064538,728.9466864260401,1013.1994147849462,-0.46148236545494625,0.5352585080395161
grid_m3.75_29.50,1966-01-01,18.269326532258088,15.505813104838731,670.68290713044,1013.4391203629032,-0.6084610719918011,0.7516336540550941
grid_m3.75_29.50,1966-02-01,18.48175549107145,15.729039717261927,715.44551820108,1012.9456694940477,-0.4392420426144345,0.5049649436968586
grid_m3.75_29.50,1966-03-01,18.45194157258067,15.707329798387121,805.09567084162,1013.5933459005377,-0.44969160961317206,0.17087314929178762
grid_m3.75_29.50,1966-04-01,18.240591847222245,15.856573333333357,717.33927765484,1014.2442556944444,-0.5585410433968055,0.49919746577948615
grid_m3.75_29.50,1966-05-01,18.652630053763463,15.047353225806475,539.33834969056,1015.30985,-0.6332635376032258,0.6213635559060484
grid_m3.75_29.50,1966-06-01,18.075211208333357,13.404103680555577,282.51004186688,1016.561420486111,-0.5571679293783334,0.6616036722868056
grid_m3.75_29.50,1966-07-01,18.178684946236583,13.087299690860236,156.01968799432,1015.7393262096775,-0.32507178553763444,0.8347588651328897
grid_m3.75_29.50,1966-08-01,18.704497002688196,13.475343145161313,312.47639534828,1014.3724010080645,-0.2857845261087769,0.5543018264698925
grid_m3.75_29.50,1966-09-01,18.4395789027778,14.532380472222245,584.14530724186,1013.9228432638889,-0.4637500972616056,0.5535155349383333
grid_m3.75_29.50,1966-10-01,18.713629287634433,14.275159905914,709.91468342028,1012.5959162634409,-0.5426859298182796,0.6182277864810484
grid_m3.75_29.50,1966-11-01,18.3893952777778,15.076855902777801,764.62102072812,1012.0137130555556,-0.5800527104049306,0.30694135429986114
grid_m3.75_29.50,1966-12-01,18.27049025537637,15.128410268817229,751.43408769442,1010.9046511424731,-0.6232646000318548,0.6755540080989247
grid_m3.75_29.50,1967-01-01,18.44512870967744,15.393619973118302,833.4486482917999,1011.3521889784946,-0.6714455698080645,0.8562540647320968
grid_m3.75_29.50,1967-02-01,18.580525029761926,15.678032648809547,768.53323066266,1011.4872302083334,-0.6415506728071428,0.7804489583483929
grid_m3.75_29.50,1967-03-01,18.71177778225809,15.951877741935506,773.3757513082,1011.4881676747311,-0.48108574669993276,0.7161604565514785
grid_m3.75_29.50,1967-04-01,18.439948402777798,15.721809111111133,536.07773778536,1012.6022917361112,-0.5223550055933334,0.5983279416451388
grid_m3.75_29.50,1967-05-01,18.108372782258087,15.409322728494647,532.54103718298,1014.6241935483871,-0.43284063482405916,0.5451722039270162
grid_m3.75_29.50,1967-06-01,17.8165132777778,13.940020027777802,401.13973666488,1015.0336421527778,-0.4713782569493056,0.5303105095353403
grid_m3.75_29.50,1967-07-01,17.784157607526904,13.406193709677442,261.89494114846,1015.486298454301,-0.2866289845065457,0.8781919380792338
grid_m3.75_29.50,1967-08-01,18.330874973118302,12.970303319892496,129.59456445872,1015.1353401881721,-0.3496695452092742,0.9787822836180108
grid_m3.75_29.50,1967-09-01,18.637561250000026,14.331922097222247,776.10874179114,1014.0738308333332,-0.5201678241630555,0.5973449607408333
grid_m3.75_29.50,1967-10-01,18.49335420698927,15.069215107526905,869.16375233826,1013.011760954301,-0.6281631224908656,0.4922830924034946
grid_m3.75_29.50,1967-11-01,17.949732750000024,15.390775125000022,741.6212561799,1012.4675665972222,-0.5510577633955139,0.6412978275416666
grid_m3.75_29.50,1967-12-01,18.337562809139808,15.561403844086044,670.15838652304,1013.495514717742,-0.40578133463615595,0.11950181175596775
grid_m3.75_29.50,1968-01-01,18.391106411290345,15.455273924731204,790.48180610086,1012.4708503360215,-0.3929830289628226,0.26869183219543014
grid_m3.75_29.50,1968-02-01,18.237946393678182,15.761017701149447,802.03199444986,1012.5761049568965,-0.4094518959981322,0.15830888372916668
grid_m3.75_29.50,1968-03-01,18.096933266129057,15.2085435215054,692.10672500546,1013.0232220430107,-0.29589981137688176,0.191007817470793
grid_m3.75_29.50,1968-04-01,18.073255083333358,15.644130138888912,590.10124261642,1013.3931506944446,-0.3923666405011111,0.2990149937238889
grid_m3.75_29.50,1968-05-01,18.091953508064538,15.001846801075292,617.10763107266,1014.1769198252688,-0.5834282698288226,0.5286003676080511
grid_m3.75_29.50,1968-06-01,17.7863120277778,13.870771777777799,258.58616864864,1015.5106862499999,-0.466519037955,0.7115973579580556
grid_m3.75_29.50,1968-07-01,17.430134422043032,12.875903145161315,82.85593974906,1016.1270551747313,-0.30481825600661694,0.9530500955326613
grid_m3.75_29.50,1968-08-01,18.65189541666669,12.379750860215076,28.23781965844,1014.7403217741936,-0.1756422048560484,1.0813907152694893
grid_m3.75_29.50,1968-09-01,19.254637722222245,13.89091079166669,303.63202148414,1013.4491497222223,-0.27767641438853474,0.77726450923875
grid_m3.75_29.50,1968-10-01,19.19391491935486,15.18199536290325,685.5826369328,1012.5637584677419,-0.5855284444650537,0.4519527192354839
grid_m3.75_29.50,1968-11-01,18.118708597222245,15.3196784027778,797.35207425654,1012.9783002083334,-0.6821856614701389,0.41802124352416664
grid_m3.75_29.50,1968-12-01,18.154307903225828,15.425085255376366,895.11775894812,1013.1338477822582,-0.4987727748776881,0.44127644812150535
grid_m3.75_29.50,1969-01-01,18.402789677419378,15.627175994623679,678.24172909762,1011.6435093413979,-0.515459449634879,0.45130706278782257
grid_m3.75_29.50,1969-02-01,18.731735967261926,16.04012480654764,712.1725088988,1012.1814266369048,-0.4791912128364137,0.15266259828416665
grid_m3.75_29.50,1969-03-01,19.110542701612925,16.39310026881723,708.9440814319,1012.5165971774193,-0.5432396545788979,0.3471609543169355
grid_m3.75_29.50,1969-04-01,19.19681055555558,16.57622000000002,626.7547611089,1012.6517252083332,-0.6111788223169444,0.7685144040385972
grid_m3.75_29.50,1969-05-01,18.515387298387118,15.457838817204323,549.6635455167,1014.2673946908603,-0.5378007780892473,0.690441070797043
grid_m3.75_29.50,1969-06-01,18.32868868055558,13.474963166666688,124.7022156237,1014.9421734722223,-0.39303790241875,0.8535053460804167
grid_m3.75_29.50,1969-07-01,18.013355362903248,12.781759166666689,42.87457472714,1015.7849014784946,-0.26451234465104567,1.166855022237191
grid_m3.75_29.50,1969-08-01,18.689592150537656,12.968698172043034,126.15037023576,1013.8023819220431,-0.2854853400226613,0.9612752860512096
grid_m3.75_29.50,1969-09-01,19.138481000000024,14.710214555555579,508.19802031776,1012.8049502777778,-0.3516548795525,0.5442216833369444
grid_m3.75_29.50,1969-10-01,19.002138010752713,15.095652876344108,698.09031306882,1011.8855032930106,-0.7162665705865591,0.6339962052568549
grid_m3.75_29.50,1969-11-01,18.356047597222243,15.372054208333356,793.0977339073,1012.686130625,-0.7020946762558333,0.6414420856922223
grid_m3.75_29.50,1969-12-01,18.674169314516153,15.78784239247314,739.94827157784,1012.7306496639785,-0.6383963520362903,0.7386462908376343
grid_m3.75_29.50,1970-01-01,18.375646196236584,15.724072661290343,707.22365260066,1013.609817405914,-0.3631507087012903,0.1664641793435484
grid_m3.75_29.50,1970-02-01,19.209068824404785,16.349757157738118,753.4708973721,1012.5774499255951,-0.47502744857842266,0.4968160575035714
grid_m3.75_29.50,1970-03-01,18.747538776881743,16.068015201612926,757.4126724269601,1012.5592809811828,-0.4164218907468145,0.3276975700030914
grid_m3.75_29.50,1970-04-01,18.75179893055558,16.413041638888913,744.9040413146,1013.4075620833333,-0.5874993366495833,0.57136363994
grid_m3.75_29.50,1970-05-01,18.53736107526884,15.203053185483894,606.89401732846,1013.9002553091398,-0.593289324480242,0.435467819522043
grid_m3.75_29.50,1970-06-01,18.080892430555576,13.584805833333355,106.11915678234,1015.4592090277778,-0.4320019189820833,0.9213314685755555
grid_m3.75_29.50,1970-07-01,17.903710362903247,12.878011397849486,105.9908861465,1015.2837285618278,-0.3774097814327957,0.9732926023576747
grid_m3.75_29.50,1970-08-01,18.39785159946239,13.954180309139806,274.7139930297,1013.6618594086021,-0.24615265299784944,0.7842742547130376
grid_m3.75_29.50,1970-09-01,19.147922277777802,13.598099361111135,231.32181118104,1012.1354422222222,-0.3028693931634722,0.8413662400336528
grid_m3.75_29.50,1970-10-01,19.077540470430133,15.01317232526884,575.63304961556,1011.881711626344,-0.4358135056491936,0.7188081233813173
grid_m3.75_29.50,1970-11-01,18.47896938888891,15.464233069444468,709.17153426574,1012.1863836805557,-0.5890983587506945,0.4064866175069444
grid_m3.75_29.50,1970-12-01,18.122302177419378,15.32405422043013,764.46104070578,1012.7288083333334,-0.540625307815457,0.5200788129470431
grid_m3.75_29.50,1971-01-01,18.220552728494646,15.034362580645185,607.89847375442,1011.9140874999999,-0.3752100544705645,0.20193116366827285
grid_m3.75_29.50,1971-02-01,18.24959043154764,15.224801532738118,826.59912035192,1011.1404186755952,-0.49517215996488095,0.4363423646711309
grid_m3.75_29.50,1971-03-01,18.541269717741958,15.550546706989268,699.62501476768,1011.5760895161291,-0.602136099930914,0.7072418172596774
grid_m3.75_29.50,1971-04-01,17.962057097222246,15.826213944444468,628.57031798086,1012.7485715277778,-0.48654865703416667,0.5610030819058611
grid_m3.75_29.50,1971-05-01,18.239602284946262,14.956992217741957,526.37314731102,1013.6024545698925,-0.5556869380651882,0.4635730360165995
grid_m3.75_29.50,1971-06-01,17.5477736527778,12.85348480555558,113.66748786978,1015.2005953472222,-0.4728831825415278,0.86180144523875
grid_m3.75_29.50,1971-07-01,17.46336919354841,13.317730120967763,195.14608342702,1014.594024126344,-0.33286061870698924,0.7971268003459677
grid_m3.75_29.50,1971-08-01,17.88729897849465,12.933793467741959,179.5167931158,1013.5063762768817,-0.2472928895577957,0.7919224161841397
grid_m3.75_29.50,1971-09-01,18.467241652777798,14.454758388888912,602.49900919926,1013.2086438194444,-0.48984016834861116,0.5157535504473612
grid_m3.75_29.50,1971-10-01,18.685411653225827,14.6709997715054,700.3293051043,1012.982379704301,-0.5988376586849462,0.5558547006791666
grid_m3.75_29.50,1971-11-01,17.797913416666688,15.050575236111134,793.16139239762,1012.8567434722223,-0.5815018759101389,0.42936784993469446
grid_m3.75_29.50,1971-12-01,17.573570672043033,14.550068198924755,688.21454114808,1013.2485465053763,-0.4992063748236559,0.35143856290572584
grid_m3.75_29.50,1972-01-01,18.207336868279594,15.317487620967766,764.6930199452,1011.6246827284947,-0.5778895962428764,0.4439016985557124
grid_m3.75_29.50,1972-02-01,18.25776261494255,15.080421307471287,466.5808670421,1012.0980426005748,-0.326891822458908,-0.04815562026982759
grid_m3.75_29.50,1972-03-01,18.393279771505398,15.51992482526884,738.4424207485,1012.1157790994624,-0.49623372517069897,0.6424210058010753
grid_m3.75_29.50,1972-04-01,18.265030569444466,15.76520016666669,634.70172835854,1012.5680488888889,-0.6037161978161111,0.6916264939347778
grid_m3.75_29.50,1972-05-01,18.27506176075271,15.575247419354863,519.98210038782,1013.7787551075269,-0.6431939727760753,0.5975515703637904
grid_m3.75_29.50,1972-06-01,17.747747833333356,14.279088083333356,374.44663119962,1014.7759799305555,-0.40464882306750005,0.5673646076830139
grid_m3.75_29.50,1972-07-01,17.895265739247336,13.099180134408625,116.86039015628,1015.1162606854839,-0.4117555720452957,0.9458663070434139
grid_m3.75_29.50,1972-08-01,18.393631411290347,13.599969072580668,303.88665306842,1013.5714627688172,-0.2977829389606183,0.747828708901492
grid_m3.75_29.50,1972-09-01,19.086608722222245,14.668678152777801,519.3371758542,1013.3167726388888,-0.5702937863196444,0.49877679649069445
grid_m3.75_29.50,1972-10-01,18.779217849462388,15.595622473118302,735.61954671652,1012.9203370295699,-0.5925794419891128,0.3559939278186156
grid_m3.75_29.50,1972-11-01,18.182553986111134,15.845646611111134,895.0064208811,1013.4985885416667,-0.5203800406051389,0.5542331737152222
grid_m3.75_29.50,1972-12-01,18.423705282258087,15.818587836021528,894.55795133576,1013.5798386424731,-0.4663707437012097,0.41802197336424735
grid_m3.75_29.50,1973-01-01,19.09790364247314,16.213107822580668,853.62649096508,1013.8769826612904,-0.37481099560725806,0.21333989743534948
grid_m3.75_29.50,1973-02-01,19.812338869047643,16.25637029761907,602.20289039418,1012.5973453125,-0.5164025233660714,0.29944624288779764
grid_m3.75_29.50,1973-03-01,19.35078302419357,16.42889592741938,809.61275299004,1012.4899680107527,-0.6176722945005376,0.7532446671651882
grid_m3.75_29.50,1973-04-01,18.719475708333356,16.366545083333357,702.33869675732,1012.9035675694445,-0.6458573023979167,0.8277212498629167
grid_m3.75_29.50,1973-05-01,18.289671827957015,15.584478965053787,656.5811626539,1013.9527923387096,-0.6002535668820833,0.6560219536891129
grid_m3.75_29.50,1973-06-01,17.69053176388891,13.603132861111135,136.0673900559,1014.8240308333334,-0.48014451896500004,0.9256299570513888
grid_m3.75_29.50,1973-07-01,17.54716849462368,12.61065612903228,42.72603982732,1014.9948409274194,-0.2795371075969355,1.1035874476544354
grid_m3.75_29.50,1973-08-01,18.398048938172067,13.04274797043013,65.73843952416,1014.1309168682795,-0.16104004811034947,0.9733561113599463
grid_m3.75_29.50,1973-09-01,18.884261791666688,14.761599097222243,478.38759297704,1012.9208248611111,-0.3928129403369444,0.4539229283578333
grid_m3.75_29.50,1973-10-01,19.127195349462387,14.997543387096798,662.81819454832,1011.2725920698925,-0.5856958614424731,0.5096621986016129
grid_m3.75_29.50,1973-11-01,18.353798250000022,15.729589180555578,799.23415260984,1013.1423022222222,-0.5553548383208333,0.49877812966347224
grid_m3.75_29.50,1973-12-01,18.036101330645185,15.118402002688196,785.84170367766,1012.6637487903225,-0.5508233249911291,0.5422859311079301
grid_m3.75_29.50,1974-01-01,17.7206835887097,14.949618266129056,878.59988329358,1012.091046438172,-0.5551150137534677,0.7031952035837366
grid_m3.75_29.50,1974-02-01,18.358297217261924,15.189298630952404,684.70168112464,1010.7104831845238,-0.6705027522568452,0.7383567272860119
grid_m3.75_29.50,1974-03-01,18.574082432795723,15.362616626344108,506.02078509458,1011.3459789650539,-0.4533604997471774,0.5153887909319892
grid_m3.75_29.50,1974-04-01,18.06021654166669,16.01544216666669,562.08682048932,1012.9399663194445,-0.45238066692595835,0.7200243441277361
grid_m3.75_29.50,1974-05-01,17.683079596774217,15.378415241935507,548.05850968302,1013.9321979166666,-0.4368113646819893,0.7007687422216398
grid_m3.75_29.50,1974-06-01,17.653548708333357,14.295447611111134,261.67511976538,1013.8764225694445,-0.2791090505276389,0.6893385357835833
grid_m3.75_29.50,1974-07-01,16.801480282258087,13.095694784946259,198.23646618482,1015.5195920698924,-0.32253614059193547,0.7677863346080646
grid_m3.75_29.50,1974-08-01,18.418118145161312,12.76901856182798,85.2730276785,1013.3320775537635,-0.19431887377284948,0.9301252817858064
grid_m3.75_29.50,1974-09-01,18.89409743055558,13.289220013888912,260.5996135511,1012.3106863888889,-0.22656205492777776,0.7567709601662639
grid_m3.75_29.50,1974-10-01,18.896587782258084,14.881008293010776,573.34351427002,1011.6786752016129,-0.5078561642569892,0.5477227931025941
grid_m3.75_29.50,1974-11-01,18.3219706527778,15.34726079166669,820.87922021446,1012.3337687500001,-0.5809639816320834,0.30510779495347223
grid_m3.75_29.50,1974-12-01,17.98835975806454,15.242363911290346,827.86512215478,1012.2331458333334,-0.5930447801766129,0.7522699288112903
grid_m3.75_29.50,1975-01-01,18.136055577957013,15.241290174731205,790.45105010554,1012.8262089381719,-0.5099656097216397,0.5773826936776881
grid_m3.75_29.50,1975-02-01,18.696159300595262,15.23300342261907,596.70448385136,1011.9464175595238,-0.5239769475358185,0.7756566102721132
grid_m3.75_29.50,1975-03-01,18.51472037634411,15.539771881720453,627.8967865161,1012.2628037634408,-0.4861104608988441,0.6111532838838307
grid_m3.75_29.50,1975-04-01,18.21466631944447,15.974275986111133,777.70542960394,1012.2890129861112,-0.6395524762500555,0.7422775990415278
grid_m3.75_29.50,1975-05-01,18.242830013440884,15.164288346774219,621.09899419336,1012.9489809139785,-0.6217244872633064,0.6633260389718011
grid_m3.75_29.50,1975-06-01,17.311382777777798,13.353351652777802,256.06775282904,1015.0986727777778,-0.4842078949505556,0.8593920851556944
grid_m3.75_29.50,1975-07-01,17.330882500000023,12.852382069892494,178.64036573562,1014.0673887768818,-0.30732169194566933,0.8268877226431451
grid_m3.75_29.50,1975-08-01,17.887386115591422,12.954343669354861,127.93564837166,1013.7500356182796,-0.23162413174287633,1.0118733481826612
grid_m3.75_29.50,1975-09-01,18.0589929027778,14.478068208333356,686.1732010448,1012.9962074305555,-0.4571294362669444,0.36548421595833336
grid_m3.75_29.50,1975-10-01,18.172985174731206,15.215692446236583,939.44335068214,1012.5398996639785,-0.5670073721204301,0.34485189374274194
grid_m3.75_29.50,1975-11-01,18.16597443055558,14.919865875000022,726.26161600888,1011.9135174305555,-0.6781463997747222,0.55413816212125
grid_m3.75_29.50,1975-12-01,17.842250806451634,15.036878884408626,759.49764108576,1012.3283291666668,-0.5430235037272111,0.5210888969274193
grid_m3.75_29.50,1976-01-01,18.307853279569915,15.216849422043033,730.84545102418,1011.515248655914,-0.5412555319215456,0.6401174812661828
grid_m3.75_29.50,1976-02-01,17.895249224137956,15.320851106321863,783.03170158112,1011.5488885775862,-0.47980309953520117,0.8385565900593391
grid_m3.75_29.50,1976-03-01,18.538952405914003,15.711568817204322,654.57319916462,1011.1003825268817,-0.5596582338677419,0.8523507899741197
grid_m3.75_29.50,1976-04-01,18.063513166666688,15.871248750000023,639.93287289764,1012.9737011111112,-0.573137876805,0.8244053740975
grid_m3.75_29.50,1976-05-01,17.90122979838712,15.52920061827959,596.1205949582001,1014.5391630376344,-0.586255474557258,0.7094346937137769
grid_m3.75_29.50,1976-06-01,17.35431993055558,13.637349638888914,333.14776569194,1014.9898181944445,-0.4902068879009722,0.7777505029613888
grid_m3.75_29.50,1976-07-01,17.48830790322583,12.739282594086045,124.57060881996,1015.5401434811829,-0.25203954138346774,0.9809091654311559
grid_m3.75_29.50,1976-08-01,18.147236223118302,13.423897284946259,228.37114205992,1014.2335837365592,-0.19054164475349464,0.8781935160524192
grid_m3.75_29.50,1976-09-01,19.040746222222246,14.588025375000024,501.4150140186,1013.485299236111,-0.3772190843111111,0.609392441501111
grid_m3.75_29.50,1976-10-01,18.91943427419357,15.472354663978518,764.29581655348,1012.0004937499999,-0.6085758819358199,0.6209986490165322
grid_m3.75_29.50,1976-11-01,18.113430958333357,15.302817263888912,721.97508716294,1012.281187986111,-0.6162322570577777,0.638488155953125
grid_m3.75_29.50,1976-12-01,18.410177688172066,15.615002069892496,749.35293243746,1011.7018566532257,-0.6505448779995968,0.6160821193682796
grid_m3.75_29.50,1977-01-01,18.454917163978514,15.668481975806474,791.96000053268,1012.2936590725806,-0.4671879029899597,0.40461595610577955
grid_m3.75_29.50,1977-02-01,18.80608480654764,15.328090267857165,507.9517354203,1012.8104991815476,-0.4803060129196429,-0.0083736221375
grid_m3.75_29.50,1977-03-01,18.540223279569915,16.234186814516153,798.48218020078,1012.7953700268816,-0.5649379877484408,0.8393534585920699
grid_m3.75_29.50,1977-04-01,18.64125568055558,16.41430433333336,596.22430809724,1012.7226972222221,-0.5110311504222221,0.5226487861636805
grid_m3.75_29.50,1977-05-01,18.662568897849486,15.304996881720452,395.71499753544,1013.9375563172042,-0.5900598749581989,0.6667674699915322
grid_m3.75_29.50,1977-06-01,18.0516596527778,13.97859463888891,252.17318435644,1014.3874353472222,-0.42755851777152776,0.8188930485679167
grid_m3.75_29.50,1977-07-01,18.06107548387099,13.044103091397872,64.78023536108,1014.2833788306452,-0.22406262215013442,1.01832155913664
grid_m3.75_29.50,1977-08-01,18.861545215053784,13.4964724731183,228.9700509134,1013.6321766801075,-0.3301777175046304,0.8001442648604435
grid_m3.75_29.50,1977-09-01,19.327686958333356,14.755726291666692,398.08535511766,1012.9206483333332,-0.4150000315988889,0.6659260002576388
grid_m3.75_29.50,1977-10-01,19.582318924731204,15.624661182795723,583.00733583024,1012.5953231182795,-0.45446125133884413,0.6667030925258064
grid_m3.75_29.50,1977-11-01,18.25947518055558,15.854031208333355,981.90569959144,1013.3569036111111,-0.54634260364625,0.44004866240347223
grid_m3.75_29.50,1977-12-01,18.317688763440884,15.840517580645185,763.7758222005,1013.4521528897849,-0.5310420383329301,0.5017730349958333
grid_m3.75_29.50,1978-01-01,18.89146310483873,15.458403978494648,583.72330754266,1013.6030133736558,-0.4038496528650538,0.27980367477387097
grid_m3.75_29.50,1978-02-01,19.0575307886905,16.11395099702383,698.96745694126,1013.1931683779761,-0.40995852074029765,0.3547790172336309
grid_m3.75_29.50,1978-03-01,18.60634236559142,15.826339354838733,601.48787512146,1012.9207094086022,-0.3852261162891129,0.10825950832325268
grid_m3.75_29.50,1978-04-01,18.476593152777802,16.289600236111138,808.31957057574,1012.7233258333333,-0.6002596530923612,0.6993127364065278
grid_m3.75_29.50,1978-05-01,18.72873219086024,14.899674973118303,398.79393484176,1014.1051005376345,-0.6420510198338709,0.6153153035403226
grid_m3.75_29.50,1978-06-01,17.830838111111134,14.1079824027778,296.42009790544,1015.2181997222223,-0.44793991496131946,0.7075631161749029
grid_m3.75_29.50,1978-07-01,17.553271491935508,13.047143696236583,111.25421539898,1014.4457395833334,-0.2298084998564516,0.9561052224541666
grid_m3.75_29.50,1978-08-01,18.567391330645183,12.999058400537656,125.6432533082,1014.1274759408602,-0.22508276691612902,0.8494367608799731
grid_m3.75_29.50,1978-09-01,19.166937597222244,13.991081111111134,367.73967687672,1013.0372422916666,-0.3418503229419306,0.6100006010085138
grid_m3.75_29.50,1978-10-01,19.108905739247337,15.249560120967764,720.80993718582,1012.2245569892473,-0.5233893438994623,0.47607311054892476
grid_m3.75_29.50,1978-11-01,18.136733333333357,15.525300861111132,802.23727307078,1013.4914325000001,-0.5906214406222222,0.6907940134039444
grid_m3.75_29.50,1978-12-01,18.507775107526903,15.952086666666688,705.07669314992,1013.0189178763441,-0.4673641571625296,0.18313672450779572
grid_m3.75_29.50,1979-01-01,18.605854462365613,15.82974548387099,579.67591243924,1012.5628063172044,-0.491886589930914,0.5589761421044059
grid_m3.75_29.50,1979-02-01,19.02405785714288,15.687333973214308,468.29342765698,1012.6180622023809,-0.37200400950550594,0.003953979586309522
grid_m3.75_29.50,1979-03-01,18.823990322580666,16.300762123655936,791.77808715554,1012.613208064516,-0.49375355653024194,0.7780926611299597
grid_m3.75_29.50,1979-04-01,18.67344933333336,16.519302736111133,641.84975719322,1013.0145696527777,-0.45575493738402784,0.5438366566623611
grid_m3.75_29.50,1979-05-01,18.623112647849485,15.866866438172066,539.66355342634,1014.6715327956989,-0.6315050637365591,0.7407301621896506
grid_m3.75_29.50,1979-06-01,17.786560375000025,13.95384088888891,181.99634510358,1015.9266797916666,-0.4671972702969722,0.9792423882497222
grid_m3.75_29.50,1979-07-01,17.82828741935486,12.754219301075292,47.98173887744,1016.3822395833333,-0.381497331330914,1.1014357513821236
grid_m3.75_29.50,1979-08-01,19.12415163978497,13.560277419354861,109.18760266752,1013.2837417338709,-0.2622262728755376,0.8961819246539785
grid_m3.75_29.50,1979-09-01,19.773527111111136,13.351244500000023,147.50480626622,1012.8546195833333,-0.3104023409784722,0.9350800672233334
grid_m3.75_29.50,1979-10-01,19.392356223118302,14.970111881720452,755.37586257008,1012.630682594086,-0.5024653725321236,0.5607355382969086
grid_m3.75_29.50,1979-11-01,18.695465111111133,15.630154902777802,778.06806565386,1012.0937640972222,-0.6920208159719444,0.5818129416094445
grid_m3.75_29.50,1979-12-01,18.291472190860237,15.781870658602172,894.21200729686,1013.654623454301,-0.5248903471538979,0.6996453414192204
grid_m3.75_29.50,1980-01-01,18.864942983870993,15.929201518817228,783.48684242198,1013.1374875672044,-0.43013347154032255,0.4656402824150833
grid_m3.75_29.50,1980-02-01,19.05983827586209,16.341742413793124,740.52643883396,1011.9362800287356,-0.5961177216064655,0.7173415428659482
grid_m3.75_29.50,1980-03-01,19.288701263440885,15.668221975806475,520.44868522796,1012.366565860215,-0.5086457436868279,0.5122914241272849
grid_m3.75_29.50,1980-04-01,18.92367651388891,16.348010513888912,528.42068633098,1012.85416375,-0.49893313510625004,0.579958153673611
grid_m3.75_29.50,1980-05-01,18.34074744623658,15.916893494623679,554.76856004096,1014.6565773521505,-0.4354742731774193,0.667768047593414
grid_m3.75_29.50,1980-06-01,18.238869319444465,14.04276318055558,141.52216902906,1015.5598062500001,-0.3822085906906944,0.8684544670989582
grid_m3.75_29.50,1980-07-01,18.018958413978517,12.765365309139808,55.3741453927,1015.5017448252689,-0.38721261092580644,1.0633477872616934
grid_m3.75_29.50,1980-08-01,18.80849928763443,12.785372392473139,83.00924333036001,1014.7687877688171,-0.3128172551793548,1.0134319484915457
grid_m3.75_29.50,1980-09-01,19.142765611111134,14.840062208333356,524.07503158558,1013.6352922222223,-0.37415366076944445,0.5286684872830556
grid_m3.75_29.50,1980-10-01,19.213738736559165,14.75577033602153,584.22517876916,1013.3100965725806,-0.5202334825817204,0.6444192504012096
grid_m3.75_29.50,1980-11-01,18.35124051388891,15.445050222222244,780.8556566621199,1013.2317358333332,-0.5493815952645555,0.5260090092843055
grid_m3.75_29.50,1980-12-01,18.40306134408604,15.586505268817227,789.31164467828,1013.000151344086,-0.497278563216129,0.598833268751949
grid_m3.75_29.50,1981-01-01,18.554185309139807,15.590683118279593,711.489675247,1013.4090834005377,-0.5276212200056452,0.8497513379368884
grid_m3.75_29.50,1981-02-01,18.99129754464288,15.770296056547641,608.67476640546,1012.5211519345238,-0.5069857324616072,0.510606719948363
grid_m3.75_29.50,1981-03-01,18.80631603494626,15.76291315860217,640.15221660368,1012.7805048387097,-0.46217559518083334,0.5066486076136559
grid_m3.75_29.50,1981-04-01,18.862002291666688,16.244928444444465,559.51857545524,1013.3325211805555,-0.4620480865066667,0.3673258251454166
grid_m3.75_29.50,1981-05-01,18.448764986559162,15.47935801075271,494.3141935104,1014.3777912634408,-0.42101691997903223,0.49234118251899195
grid_m3.75_29.50,1981-06-01,18.4697722777778,14.175180652777803,129.75215865312,1015.4615672222222,-0.4054546179954444,0.8260323840944446
grid_m3.75_29.50,1981-07-01,17.94761915322583,13.449780026881744,92.12255503348,1014.9824252688172,-0.2104811513297043,0.9832430065833333
grid_m3.75_29.50,1981-08-01,18.57107094086024,14.144899744623679,382.2741508213,1014.1559475134409,-0.2519823505278226,0.6645943766009409
grid_m3.75_29.50,1981-09-01,18.86231005555558,14.641692708333355,561.61427721432,1013.5542556944444,-0.48025915291555554,0.6226162700813889
grid_m3.75_29.50,1981-10-01,18.94983854838712,15.621780349462389,872.85137072842,1012.9418378360215,-0.6577168528702957,0.46747736750241936
grid_m3.75_29.50,1981-11-01,18.820273472222247,15.324221847222246,675.51708458446,1012.5415168055556,-0.6243758378731389,0.47300626988194444
grid_m3.75_29.50,1981-12-01,18.589902204301097,15.868792056451634,876.26481083708,1013.3266238575269,-0.5672791950490592,0.652690785515551
grid_m3.75_29.50,1982-01-01,18.779315860215075,15.732127392473142,830.5737982601,1012.5003536962366,-0.5968236405276882,0.5696668519456586
grid_m3.75_29.50,1982-02-01,19.053687187500024,15.82988561011907,726.74298481452,1012.1859477678571,-0.5492877422552083,0.5065955883870535
grid_m3.75_29.50,1982-03-01,19.25442356182798,16.034786384408626,596.00210158704,1012.1876483870968,-0.6210355978770161,0.7932546127568549
grid_m3.75_29.50,1982-04-01,18.808110097222247,16.29207344444447,614.11786132902,1013.2242050694445,-0.5491861776145833,0.5483927194956945
grid_m3.75_29.50,1982-05-01,18.632309005376367,15.864094314516153,508.4686284162,1014.2385947580646,-0.5640262273643495,0.7118789502961022
grid_m3.75_29.50,1982-06-01,18.424070833333356,14.361826375000023,221.26078587658,1015.8389363194444,-0.5030841773163611,0.8178484171504167
grid_m3.75_29.50,1982-07-01,17.743866236559164,13.314477002688195,136.96789707688,1015.4544758064516,-0.40746069476021507,0.9654101707625443
grid_m3.75_29.50,1982-08-01,18.625794583333356,13.535090026881743,99.0815164392,1014.7450974462366,-0.32013249141666666,0.9383124475189516
grid_m3.75_29.50,1982-09-01,19.470420416666688,14.741756875000023,405.4124371732,1013.6155763888888,-0.39397140106375006,0.7907545300436111
grid_m3.75_29.50,1982-10-01,18.465920147849484,15.26735301075271,1001.62363342426,1013.0391342069892,-0.6273931488114247,0.6599214307514786
grid_m3.75_29.50,1982-11-01,18.37695376388891,15.67647705555558,785.02988771548,1013.2836135416667,-0.5343015250465278,0.5039100638104166
grid_m3.75_29.50,1982-12-01,18.74773436827959,15.950694704301098,710.82592081162,1013.4837614919354,-0.4481710934278226,0.3992226917669355
grid_m3.75_29.50,1983-01-01,19.1232658870968,16.375076317204325,839.1289704332199,1014.0836055779571,-0.45669643244225,0.4771895057648925
grid_m3.75_29.50,1983-02-01,19.9385395386905,16.526184732142877,661.12875900552,1013.1887260416667,-0.4985320455380952,0.32199696037142855
grid_m3.75_29.50,1983-03-01,19.752825174731207,17.101808064516153,665.42577684932,1013.2432084005376,-0.5954599696861559,0.7468401991540995
grid_m3.75_29.50,1983-04-01,19.168703736111134,16.75789700000002,619.25482713664,1013.604878888889,-0.6171837270776389,0.7238712741560278
grid_m3.75_29.50,1983-05-01,19.51944795698927,15.784590013440884,427.29830787732,1013.5123741935485,-0.6857628569762098,0.6372826606725807
grid_m3.75_29.50,1983-06-01,19.09406079166669,14.642864944444467,121.72389054188,1014.7423114583332,-0.40983857083408337,0.7926374863055555
grid_m3.75_29.50,1983-07-01,18.3662798387097,13.892341881720451,170.69959685642,1014.9605134408602,-0.3887478411282258,0.8680442137762097
grid_m3.75_29.50,1983-08-01,18.657880228494648,14.709856115591421,259.3984616295,1015.4217991935484,-0.21851586799193548,0.9205978959291667
grid_m3.75_29.50,1983-09-01,19.389306958333353,14.381071444444466,236.5496163586,1013.5891136805556,-0.26159583269236114,0.8201635129734722
grid_m3.75_29.50,1983-10-01,18.52995217741938,15.503795846774215,764.3399222992,1013.4875905913979,-0.5788658913324328,0.40056815153319897
grid_m3.75_29.50,1983-11-01,18.678775805555578,15.618455180555578,820.02091339046,1014.3054476388888,-0.6287745738559722,0.5340886441646666
grid_m3.75_29.50,1983-12-01,18.375351397849485,15.186989784946258,744.55237201472,1013.7659987231183,-0.5235024870473118,0.2681560311864247
grid_m3.75_29.50,1984-01-01,17.993820981182818,15.285721774193572,797.32751939918,1012.8642972446237,-0.3347713880052419,0.315000505613629
grid_m3.75_29.50,1984-02-01,18.69839057471267,15.539152083333354,882.48657925368,1011.411056321839,-0.49890978572859196,0.6182036562019396
grid_m3.75_29.50,1984-03-01,18.851975967741957,15.721825026881744,575.90079341318,1011.9196866263441,-0.6196645917583333,0.8163401892607527
grid_m3.75_29.50,1984-04-01,18.604485611111134,15.763123972222244,647.27568338478,1012.9336143055556,-0.6009856124906945,0.6551822236464444
grid_m3.75_29.50,1984-05-01,18.71431493279572,14.233530000000023,263.5364534413,1013.0810157930108,-0.6276622276170699,0.8207870797667205
grid_m3.75_29.50,1984-06-01,17.81705619444447,13.142786305555576,139.94503020218,1015.2500718055555,-0.5366105189006944,0.95742669788375
grid_m3.75_29.50,1984-07-01,17.60940549731185,13.745767446236583,284.70969180058,1014.5982505376344,-0.37973088108991937,0.7065783678117876
grid_m3.75_29.50,1984-08-01,18.31071670698927,13.947694301075293,308.93206651736,1014.3800278225806,-0.35910838193669353,0.6089680981845027
grid_m3.75_29.50,1984-09-01,19.430260722222247,14.02212200000002,253.75294606034,1012.4930620833334,-0.30926547523250003,0.54087717261
grid_m3.75_29.50,1984-10-01,19.195379610215078,15.070819529569915,749.196529332,1012.791859610215,-0.6724238234893817,0.12265802229879032
grid_m3.75_29.50,1984-11-01,18.159181819444466,15.541051347222245,856.3902370397,1013.2398886805555,-0.6413637368606945,0.4545515472380555
grid_m3.75_29.50,1984-12-01,18.396342513440885,15.556423629032281,868.7336448928,1012.0851366935484,-0.5075029142405915,0.4386974652659946
grid_m3.75_29.50,1985-01-01,18.80370065860217,15.646903965053786,597.4411957746,1011.9042459005377,-0.569660613165457,0.7171840477267205
grid_m3.75_29.50,1985-02-01,18.606690044642882,14.896680639880975,429.9530997952,1012.4886324404763,-0.19369863297589285,-0.05074896119627976
grid_m3.75_29.50,1985-03-01,19.155835040322604,16.013930188172065,647.97878252314,1011.9387721102152,-0.5486124312776881,0.4846622311142473
grid_m3.75_29.50,1985-04-01,18.381177736111134,16.2089774027778,810.28175340958,1013.1024792361111,-0.47492712299333334,0.5607153153323612
grid_m3.75_29.50,1985-05-01,18.5127583870968,15.37621348118282,523.62108303836,1013.9271765456989,-0.5641005933584677,0.7732198776115592
grid_m3.75_29.50,1985-06-01,17.936236708333357,14.036224000000024,195.33538864392,1015.8767084722223,-0.35100006435739306,0.8599670616705972
grid_m3.75_29.50,1985-07-01,17.48732732526884,12.709421491935506,66.65253617292,1015.4558630376343,-0.3757844240383065,1.0438090915318547
grid_m3.75_29.50,1985-08-01,18.16805482526884,13.374327809139809,182.05904941896,1015.0279769489247,-0.32749598401612906,0.8485389205517473
grid_m3.75_29.50,1985-09-01,18.64203304166669,14.629524902777803,605.61490197538,1013.1613559722223,-0.28285225813472226,0.3779087699074861
grid_m3.75_29.50,1985-10-01,19.058168319892495,15.351725322580668,760.27298033404,1012.5099414650538,-0.506590484511156,0.14198801655416668
grid_m3.75_29.50,1985-11-01,18.62442720833336,15.459501638888911,771.43836199692,1013.1756275,-0.604570549878139,0.46622848538249995
grid_m3.75_29.50,1985-12-01,18.59031288978497,15.912587137096796,739.91298635776,1012.6741678091398,-0.5549949113556156,0.5816020032086022
grid_m3.75_29.50,1986-01-01,18.752745215053785,15.769888750000025,910.36653677288,1013.2979440188172,-0.4085773344267473,0.3787973670170699
grid_m3.75_29.50,1986-02-01,18.918996220238117,15.498073928571452,636.90590877326,1012.2214219494048,-0.49116030119638393,0.5918226912302381
grid_m3.75_29.50,1986-03-01,18.549792594086046,15.766468185483893,738.37995510268,1012.4371297715054,-0.5379932765642473,0.7412754392135753
grid_m3.75_29.50,1986-04-01,18.71480880555558,16.22932737500002,653.52535350476,1012.8530963888888,-0.5700321404354584,0.4869631447143611
grid_m3.75_29.50,1986-05-01,18.784872419354862,15.71186928763443,454.08392036956,1014.3976506048386,-0.597441096423656,0.5810501958300404
grid_m3.75_29.50,1986-06-01,17.866598875000022,14.161962000000022,164.51644922658,1015.1031274305557,-0.41067483758055556,0.9614434606754168
grid_m3.75_29.50,1986-07-01,17.750838844086044,12.59851346774196,67.11339969558,1016.3040286290322,-0.2334658106599462,1.0605126044095294
grid_m3.75_29.50,1986-08-01,19.191335591397873,13.481351451612927,111.28282523434,1013.9562796370967,-0.25450784430376344,0.9724471599601613
grid_m3.75_29.50,1986-09-01,19.223141583333355,14.452946972222245,584.58280535038,1014.1235320833334,-0.32949445614444445,0.7207811793200001
grid_m3.75_29.50,1986-10-01,19.236766962365614,15.762661841397872,844.36225843732,1013.3906716397848,-0.5462004552635484,0.4981701568260887
grid_m3.75_29.50,1986-11-01,18.36614213888891,15.838784458333357,823.25577727916,1012.9577253472222,-0.6402142313122222,0.5926504966727583
grid_m3.75_29.50,1986-12-01,18.603837836021526,16.189462741935507,892.49682568378,1013.769343951613,-0.4038411611426075,0.43407298607540323
grid_m3.75_29.50,1987-01-01,18.877484193548412,16.08781103494626,893.78952967012,1014.091340188172,-0.43243082024381724,0.1292043705299731
grid_m3.75_29.50,1987-02-01,19.653850252976213,16.640332767857167,739.5923137586,1013.5709354910714,-0.4497316674197917,0.5063870524538691
grid_m3.75_29.50,1987-03-01,19.82893495967744,16.68023154569895,617.67792736202,1012.171079233871,-0.44438515969637093,0.5464095662158602
grid_m3.75_29.50,1987-04-01,19.512530097222246,16.9296656527778,570.42455636936,1013.7987984027778,-0.5065973067714666,0.5235132011145361
grid_m3.75_29.50,1987-05-01,19.220574663978518,16.32728533602153,612.01906354882,1014.1419918010753,-0.5954227656026881,0.5572976367254623
grid_m3.75_29.50,1987-06-01,18.574226388888913,14.84741918055558,173.78282583398,1016.0620265277778,-0.31631444277375,0.6665715949664167
grid_m3.75_29.50,1987-07-01,19.19399875000002,13.92903151881723,70.56784631314,1014.4719569220431,-0.3443501989307796,0.9568330488212365
grid_m3.75_29.50,1987-08-01,19.431437083333357,14.51507307795701,276.26085323816,1014.3818542338711,-0.3535735426932796,0.6757587916492608
grid_m3.75_29.50,1987-09-01,19.627454569444467,15.778686833333357,693.92967370008,1013.6739995833333,-0.41092336418611114,0.4392373832371667
grid_m3.75_29.50,1987-10-01,19.626329623655938,16.264931411290345,775.69556349282,1013.115885483871,-0.5204529910077957,0.6861630720011828
grid_m3.75_29.50,1987-11-01,19.248935763888912,16.103750972222244,734.39884161174,1013.4728797222223,-0.5534257034155555,0.3394451774503333
grid_m3.75_29.50,1987-12-01,19.725243158602172,16.381452123655937,674.56627168188,1013.6774374327956,-0.5554790924452957,0.6999148706276881
grid_m3.75_29.50,1988-01-01,19.028452500000025,16.32526790322583,880.1393503012,1013.1775971774194,-0.4952491446213172,0.516956430583871
grid_m3.75_29.50,1988-02-01,19.61236086206899,16.59639563218393,708.2066519818,1011.90054375,-0.556572794196408,0.681227059259842
grid_m3.75_29.50,1988-03-01,19.565622849462386,16.60119356182798,766.19267375614,1013.2784813844087,-0.4478153858170699,0.25293194425389787
grid_m3.75_29.50,1988-04-01,19.301357625000023,17.086488083333357,727.97775200002,1012.9739867361111,-0.5583063716027777,0.6259446030884722
grid_m3.75_29.50,1988-05-01,19.121362916666687,15.762787096774217,371.23537018576,1014.693055577957,-0.5592462880153616,0.6700003017102151
grid_m3.75_29.50,1988-06-01,18.80897787500002,14.246539375000022,147.11022393744,1014.9455281944445,-0.591994137351389,0.8261568286148194
grid_m3.75_29.50,1988-07-01,18.27576849462368,14.211763723118304,192.07906790762,1015.0527515456988,-0.2647148672602151,0.9251392725868279
grid_m3.75_29.50,1988-08-01,18.653268131720452,14.699531975806474,296.8802461918,1014.0904759408602,-0.3599295253369624,0.6317121645216398
grid_m3.75_29.50,1988-09-01,19.287443041666688,15.230494527777799,446.0840223003,1012.8420702777777,-0.39925684378201387,0.5176984782573611
grid_m3.75_29.50,1988-10-01,19.184563077957012,15.991841411290345,780.29966345918,1012.3477862903226,-0.5512774261932796,0.23078881515584004
grid_m3.75_29.50,1988-11-01,18.76512605555558,16.2400970277778,699.65791810814,1013.6402380555556,-0.5243220663172222,0.6029965282509264
grid_m3.75_29.50,1988-12-01,18.06369986559142,15.604233548387118,762.6993647577,1012.6704465725805,-0.6232883725288978,0.606864600465457
grid_m3.75_29.50,1989-01-01,18.284883427419377,15.030100497311851,541.816234079,1012.9346544354838,-0.3041602302755376,0.171802827434543
grid_m3.75_29.50,1989-02-01,18.594004642857165,15.782261696428593,883.12220446772,1013.4363352678572,-0.4051641735543899,0.3125977969925595
grid_m3.75_29.50,1989-03-01,18.60326794354841,15.886643293010776,706.30526665668,1012.0916184139786,-0.4490308459057796,0.5644480601563172
grid_m3.75_29.50,1989-04-01,18.911961097222246,16.209733694444466,519.44541846366,1013.0698015972222,-0.49493355127694444,0.5853737718204167
grid_m3.75_29.50,1989-05-01,18.579186169354863,15.60599678763443,504.56404803786,1015.1061855510753,-0.6033155163773656,0.6845759431216398
grid_m3.75_29.50,1989-06-01,18.28449280555558,14.157004722222245,116.74976324052,1015.8712118055555,-0.5337609401902361,0.7959684588364583
grid_m3.75_29.50,1989-07-01,17.709172137096797,13.659247553763464,167.01626805864,1016.0481199596775,-0.3213123608341398,0.8689593436776882
grid_m3.75_29.50,1989-08-01,18.55436244623658,13.912484637096796,230.9138771093,1014.5915414650538,-0.2828503883377688,0.8162192893534946
grid_m3.75_29.50,1989-09-01,19.466826152777802,14.870582902777802,522.8009215011,1012.5919461805556,-0.5968970824443056,0.33065815021041667
grid_m3.75_29.50,1989-10-01,19.03424793010755,15.77869596774196,767.60840374556,1013.2453851478494,-0.5541913234114247,0.4776246263251344
grid_m3.75_29.50,1989-11-01,19.313221055555577,15.999379583333356,533.73146080974,1012.8447954861111,-0.5721303732688333,0.38183871231104166
grid_m3.75_29.50,1989-12-01,18.81555416666669,16.285045698924755,710.75677996628,1013.4274743951613,-0.48970154829462365,0.4120069111766129
grid_m3.75_29.50,1990-01-01,19.30321909946239,16.135871411290346,639.24908725498,1012.8897477150538,-0.5564831290135752,0.4318465978833791
grid_m3.75_29.50,1990-02-01,19.205335461309545,16.39284065476193,660.45165166514,1013.4276023065477,-0.40894122443244046,0.4396852983069107
grid_m3.75_29.50,1990-03-01,19.163518225806474,16.567885887096796,672.9097378853,1014.1997808467742,-0.47635422908615593,0.4051902731376344
grid_m3.75_29.50,1990-04-01,19.627868347222247,16.686407055555577,454.67662836147997,1012.913085625,-0.49039607590833334,0.39615781661104166
grid_m3.75_29.50,1990-05-01,19.057603911290343,16.093870887096795,457.97920232754,1014.2976319220429,-0.5440944545063172,0.8140958722916667
grid_m3.75_29.50,1990-06-01,18.813190847222245,14.214280125000023,90.14558753042,1015.7017394444445,-0.4346614818743472,0.8858890521906945
grid_m3.75_29.50,1990-07-01,18.196092083333355,12.485053266129055,26.76725380506,1015.4229482526882,-0.22683557814583333,1.1161706626078898
grid_m3.75_29.50,1990-08-01,18.593075806451637,14.383704973118302,229.00628998940002,1015.5908678763441,-0.21619257415215054,0.8997379218202957
grid_m3.75_29.50,1990-09-01,18.945456583333357,15.116647194444466,605.53431448398,1014.0879088888889,-0.4001122575354167,0.5966602702404167
grid_m3.75_29.50,1990-10-01,19.444068588709698,15.352873830645184,660.12263405828,1012.986963642473,-0.5574723866577957,0.5683599697678764
grid_m3.75_29.50,1990-11-01,18.89862791666669,16.085447194444466,755.15770857714,1013.0048488194444,-0.7042996738475,0.4760880568319444
grid_m3.75_29.50,1990-12-01,18.662281572580667,15.969559448924754,708.90521921074,1013.0868930107526,-0.5890208428064516,0.6065715671575269
grid_m3.75_29.50,1991-01-01,19.13451052419357,16.339462715053784,763.3066171704,1013.4940482526881,-0.5116072423784139,0.5360646796548387
grid_m3.75_29.50,1991-02-01,19.29159023809526,16.375820967261927,746.7775347062,1013.3129604166667,-0.5745160245921132,0.5109108966394346
grid_m3.75_29.50,1991-03-01,19.448236559139808,16.61064946236561,621.6325771944,1012.3213363575268,-0.5245442336041667,0.6244824727427016
grid_m3.75_29.50,1991-04-01,18.825031125000024,16.739185625000022,688.52281417224,1013.4454040277778,-0.48633770382625,0.6713225467453403
grid_m3.75_29.50,1991-05-01,18.869543198924752,16.76475478494626,770.00999411102,1014.1851699596774,-0.5336640672894355,0.624519882061828
grid_m3.75_29.50,1991-06-01,19.1140665277778,15.506466250000022,247.14660737696,1014.9525431944444,-0.3251997230526389,0.6024581118911111
grid_m3.75_29.50,1991-07-01,17.83759782258067,14.054225309139808,306.43939917416,1016.2969552419355,-0.39176930683963707,0.8178987539487903
grid_m3.75_29.50,1991-08-01,18.669542244623678,14.057210725806474,238.44671190974,1015.3936858198925,-0.24970292964247312,0.8588040252623655
grid_m3.75_29.50,1991-09-01,19.70892731944447,14.57712426388891,269.21415262232,1013.8528684722222,-0.3018196111311111,0.7341109795565278
grid_m3.75_29.50,1991-10-01,18.21937174731185,15.50558353494626,868.13497630264,1013.3945739247312,-0.530275651734543,0.4789947579666667
grid_m3.75_29.50,1991-11-01,18.53502676388891,15.564610833333356,659.74354715284,1013.3821112500001,-0.6417311133355555,0.5228121018604166
grid_m3.75_29.50,1991-12-01,18.71530403225809,15.721773763440883,630.78832593834,1013.4351827284946,-0.5305440549623657,0.1547910218197043
grid_m3.75_29.50,1992-01-01,19.159136975806476,16.07725044354841,678.27010183334,1013.4597805107527,-0.5526972140514785,0.6148541357901882
grid_m3.75_29.50,1992-02-01,19.03936181034485,16.056111278735656,806.5671906312,1013.8758809626437,-0.5061433077505747,0.33607634117931035
grid_m3.75_29.50,1992-03-01,19.83563229838712,16.15687549731185,556.54096603016,1012.4959896505377,-0.5916712157643818,0.5836515723533602
grid_m3.75_29.50,1992-04-01,19.249528125000023,16.766015125000024,678.64942519218,1013.2515220138889,-0.5633598113236111,0.6944638354789305
grid_m3.75_29.50,1992-05-01,19.115421975806473,15.63565479838712,429.39424512054,1014.080963172043,-0.6174320333959677,0.6198219502611559
grid_m3.75_29.50,1992-06-01,18.440128736111134,15.109415541666689,471.14896610128,1015.0940389583334,-0.34161771184791667,0.5506334742076806
grid_m3.75_29.50,1992-07-01,17.809486290322603,13.196093293010776,100.60596460226,1016.1556250672043,-0.3137718163460484,1.0337045114639785
grid_m3.75_29.50,1992-08-01,18.656287271505402,12.786221895161312,46.78916940576,1015.6639115591397,-0.14707177665994622,1.2282533151311827
grid_m3.75_29.50,1992-09-01,19.420835986111133,14.294900097222245,268.76545049328,1012.9653990972223,-0.28522453340138887,0.7148540283270833
grid_m3.75_29.50,1992-10-01,18.907836478494648,15.49439049731185,800.75407053798,1013.1477622983872,-0.6023475084832258,0.4642305872876344
grid_m3.75_29.50,1992-11-01,18.384983194444466,15.298527500000024,849.15447294116,1012.9320998611112,-0.6066773836313889,0.21341775308680555
grid_m3.75_29.50,1992-12-01,18.434384032258087,15.67941232526884,832.59296580698,1013.3847344758065,-0.5850192660302419,0.4111465533685484
grid_m3.75_29.50,1993-01-01,18.503363938172065,15.228331223118303,590.9318926662401,1013.7679482526881,-0.5073942581158601,0.30010939178360213
grid_m3.75_29.50,1993-02-01,18.77147522321431,15.799284151785736,614.73679493712,1013.2435055803571,-0.48929364092663685,0.24543146724709825
grid_m3.75_29.50,1993-03-01,18.929256787634433,15.800039905914003,791.53585504818,1013.4745604166666,-0.5248523427638441,0.604744818721371
grid_m3.75_29.50,1993-04-01,18.948855055555576,16.361110583333353,687.38055261266,1013.1082322222222,-0.6245189879805556,0.7542248827163889
grid_m3.75_29.50,1993-05-01,19.038620470430132,16.145160954301097,598.58179109886,1013.8090375,-0.5364418648333333,0.5700705483908871
grid_m3.75_29.50,1993-06-01,18.556418888888913,14.795953347222245,221.1828227546,1015.6835240972222,-0.3278863919206944,0.7768129768784167
grid_m3.75_29.50,1993-07-01,18.339420161290345,12.943022069892496,24.63388452518,1015.8234312500001,-0.28943463737231184,1.181996519896371
grid_m3.75_29.50,1993-08-01,18.807697459677442,13.944812849462389,237.03074387876,1015.3724925403226,-0.21399592322912633,0.8408038234455376
grid_m3.75_29.50,1993-09-01,19.576775375000025,14.000891347222245,231.25791617182,1013.6369990277778,-0.21736789212736113,0.9464628858496612
grid_m3.75_29.50,1993-10-01,19.836746854838733,15.350082741935505,508.17465716462,1012.8804896505376,-0.39871117468623657,0.7064055577098117
grid_m3.75_29.50,1993-11-01,18.89073654166669,15.973532333333356,723.23942002102,1012.34635125,-0.5970736180151389,0.49642203671277774
grid_m3.75_29.50,1993-12-01,18.863424448924754,16.01786297043013,698.44293342992,1012.792628561828,-0.7006782230470431,0.5797285879833334
grid_m3.75_29.50,1994-01-01,18.9251149731183,16.01313662634411,813.20619413744,1012.4298111559139,-0.4432618336494758,0.5871192568469086
grid_m3.75_29.50,1994-02-01,18.977356458333354,15.927760565476214,757.26032101524,1013.2021552083332,-0.3455798736342262,0.3304986267145089
grid_m3.75_29.50,1994-03-01,19.10257545698927,16.396389784946262,865.92387878462,1013.2717408602151,-0.5554296971238979,0.43606458825107525
grid_m3.75_29.50,1994-04-01,18.884489194444466,16.20108679166669,698.66871866286,1013.0739722916667,-0.668727026525,0.7260068035780555
grid_m3.75_29.50,1994-05-01,18.804273978494646,15.71474354838712,573.64177533418,1014.558958266129,-0.6192788870045699,0.618205018970363
grid_m3.75_29.50,1994-06-01,18.353270208333356,14.362195777777801,193.44711285792,1014.9394390277778,-0.3336925719091667,0.8458215270833751
grid_m3.75_29.50,1994-07-01,17.924426344086047,13.332906801075291,170.02105678424,1015.6163371639784,-0.3752026907064516,1.0019689779442205
grid_m3.75_29.50,1994-08-01,18.84638473118282,13.404591518817227,120.92113444012,1014.4012807123655,-0.22269589306034945,1.0166963336307797
grid_m3.75_29.50,1994-09-01,19.82477938888891,14.985746152777802,300.38213730618,1013.6190956944445,-0.29037910442406945,0.8235531055875833
grid_m3.75_29.50,1994-10-01,18.46686064516131,15.760700967741958,1073.78935753424,1012.9062700268817,-0.6208189683866935,0.6120299661970161
grid_m3.75_29.50,1994-11-01,18.665118569444466,15.955188111111134,776.10587972442,1013.2675527777778,-0.5850669244798611,0.46519970420444445
grid_m3.75_29.50,1994-12-01,18.606405698924757,16.37970850806454,833.75358465668,1013.9689471774194,-0.5388504354892473,0.7224256039295027
grid_m3.75_29.50,1995-01-01,19.01882673387099,16.16027228494626,771.4471823349201,1013.9129327284946,-0.4443125760291667,0.5263239943501344
grid_m3.75_29.50,1995-02-01,18.985686398809545,15.809878839285737,583.91618864946,1013.8178255952381,-0.387838340353125,0.49560315333361454
grid_m3.75_29.50,1995-03-01,19.10499176075271,16.151581438172066,615.69070821968,1012.9881825940861,-0.5766347043836022,0.6420177542645161
grid_m3.75_29.50,1995-04-01,18.922646597222247,16.545374750000022,708.99295859682,1012.4397402777778,-0.6625317443322778,0.7501887424769446
grid_m3.75_29.50,1995-05-01,19.00758431451615,15.6081848387097,402.04072003332,1014.129052217742,-0.6446852708745161,0.5790394948782258
grid_m3.75_29.50,1995-06-01,18.601805125000023,14.752428013888913,259.80281885046,1014.7277169444444,-0.3441145571161111,0.7502645703725
grid_m3.75_29.50,1995-07-01,18.31246801075271,13.32399165322583,73.52137615904,1014.1734382392473,-0.2930350358020968,1.0069451702709677
grid_m3.75_29.50,1995-08-01,19.217855967741958,12.760315913978516,28.7241934109,1014.1654772177419,-0.303671866453871,1.0380452683932797
grid_m3.75_29.50,1995-09-01,19.699809194444466,13.926431847222245,272.6497654189,1013.7728126388889,-0.26056084139361113,0.7484039098843611
grid_m3.75_29.50,1995-10-01,19.091344690860236,15.729125241935506,763.48924473838,1012.3849805107527,-0.5751983678255377,0.5108376585943548
grid_m3.75_29.50,1995-11-01,19.09671504166669,15.874717236111135,700.47331056826,1012.7987538194444,-0.6120868042222223,0.5053039996494445
grid_m3.75_29.50,1995-12-01,18.749058279569912,15.422624583333356,777.7276053269,1013.5346331317205,-0.6580755995147849,0.5338658273880645
grid_m3.75_29.50,1996-01-01,18.827618897849487,15.622501451612926,720.40962996488,1012.1290828629031,-0.5568683156931008,0.414051527141129
grid_m3.75_29.50,1996-02-01,18.91310754310347,15.93874864942531,758.4152242512,1011.8909752873564,-0.5063034599087644,0.4637458414015804
grid_m3.75_29.50,1996-03-01,19.102942069892496,16.516280846774215,793.8933380712,1012.0843144489247,-0.5408564089163171,0.6903229169501344
grid_m3.75_29.50,1996-04-01,18.91282519444447,16.028250666666686,507.46726941216,1013.1151503472222,-0.5967816879581528,0.71821723568875
grid_m3.75_29.50,1996-05-01,18.983328131720455,15.047487701612926,336.05050932318,1013.9005367607527,-0.6312879130634409,0.7261188904165322
grid_m3.75_29.50,1996-06-01,18.292429444444466,13.684153000000022,118.00908996772,1015.0610179166667,-0.18952185329763888,0.9380605069044444
grid_m3.75_29.50,1996-07-01,18.112427486559163,13.031239502688194,65.06299919308,1015.560810483871,-0.15119224345161292,1.0589023500123655
grid_m3.75_29.50,1996-08-01,19.029133319892495,12.205599126344108,145.05243138622,1014.0500323252687,-0.06373698783682796,0.746264385023051
grid_m3.75_29.50,1996-09-01,19.2753970277778,14.565075180555578,409.84105983906,1012.8904479861111,-0.39190832757222227,0.563289598795
grid_m3.75_29.50,1996-10-01,18.94758900537637,15.289219368279594,749.378681929,1012.9604475806451,-0.408226546047043,0.4113919035927016
grid_m3.75_29.50,1996-11-01,18.761657194444467,15.648623444444466,758.63265792274,1012.1469358333333,-0.6646212902270834,0.25349131664541663
grid_m3.75_29.50,1996-12-01,18.958884905914,15.623393991935506,833.2481358621,1012.9955346774193,-0.6117415284779569,0.5472608999153226
grid_m3.75_29.50,1997-01-01,18.831621424731207,15.813925053763464,752.36511346274,1012.7705197580646,-0.5441471014221775,0.48630259132520165
grid_m3.75_29.50,1997-02-01,18.59838656250002,15.809056220238116,1048.74729875742,1013.3060540178572,-0.47424327786696424,0.7039905266612351
grid_m3.75_29.50,1997-03-01,19.139289408602174,16.315200255376368,814.00966667456,1012.2412106182796,-0.6135769505581989,0.751821105802957
grid_m3.75_29.50,1997-04-01,18.560724277777798,16.01975330555558,656.82887979536,1014.0260467361111,-0.48789314709583337,0.5392093220753611
grid_m3.75_29.50,1997-05-01,18.865896451612926,15.171794354838733,420.48072709384,1015.2383150537635,-0.5621356306532258,0.4668931450580645
grid_m3.75_29.50,1997-06-01,18.75458905555558,14.004286750000023,151.65162091471998,1014.6599909027778,-0.5520617578429305,0.6875232497628194
grid_m3.75_29.50,1997-07-01,18.2905622715054,13.135025094086043,95.1006414598,1016.2896940188172,-0.3058605197282661,1.0266054672130376
grid_m3.75_29.50,1997-08-01,19.692732069892497,12.547501075268839,27.08530420938,1015.1936627016129,-0.12006661153091397,0.9233618290186962
grid_m3.75_29.50,1997-09-01,20.858540555555578,13.308012916666689,126.43575630197999,1012.9954097916666,-0.23643919507916666,0.9862575947654861
grid_m3.75_29.50,1997-10-01,19.52512435483873,15.503224220430132,881.85667948694,1013.2460815188172,-0.5497204976596775,0.6130345644498656
grid_m3.75_29.50,1997-11-01,19.03987254166669,16.52303950000002,889.55926929724,1013.2655838888888,-0.5289188175104167,0.1852065200376389
grid_m3.75_29.50,1997-12-01,18.470512970430132,16.093247459677443,829.28800600832,1014.374910483871,-0.41933461604086025,0.4929958874142473
grid_m3.75_29.50,1998-01-01,19.376394556451636,16.995637620967763,946.23827595598,1013.6336247311827,-0.4471693141731182,0.30868429699704303
grid_m3.75_29.50,1998-02-01,19.923947886904784,17.046035223214307,830.79242875838,1014.9370566220238,-0.35687780283154763,-0.09223956166622023
grid_m3.75_29.50,1998-03-01,20.14925426075271,17.420456545698947,752.46238534086,1013.1953591397848,-0.5900812645598118,0.5866287816248252
grid_m3.75_29.50,1998-04-01,19.86721566666669,17.215008138888912,653.94878315532,1013.9178004166666,-0.5719048906759723,0.7709238055270834
grid_m3.75_29.50,1998-05-01,19.64726047043013,16.162811330645184,328.2942776008,1015.0241083333334,-0.4482044914846774,0.5536087397741936
grid_m3.75_29.50,1998-06-01,18.87250580555558,14.320037319444467,148.24676531058,1016.2521959722221,-0.4237459613069445,0.8661100307387499
grid_m3.75_29.50,1998-07-01,18.499204663978517,12.899002607526903,28.99360652744,1015.5565629704302,-0.2466662896123656,1.1508905749122311
grid_m3.75_29.50,1998-08-01,19.010065026881744,13.561618669354862,125.4734998452,1014.2586811827957,-0.22721156439838708,0.9553090557917204
grid_m3.75_29.50,1998-09-01,19.469198930555578,14.461401513888912,355.06033970532,1013.4927328472223,-0.3986926600638889,0.6949394205773611
grid_m3.75_29.50,1998-10-01,19.702357540322605,14.705697728494648,524.68180668442,1013.1067493279571,-0.44653930434448924,0.6989907070980377
grid_m3.75_29.50,1998-11-01,19.61022938888891,15.1148097777778,460.52837388636,1012.1533523611112,-0.61406991893025,0.4341161923694445
grid_m3.75_29.50,1998-12-01,18.671933965053785,15.47006411290325,784.8320016671601,1013.0280882392474,-0.6780621739133065,0.6702922707138038
grid_m3.75_29.50,1999-01-01,18.68777549731185,15.699062405914002,982.3884959608,1012.1161563172043,-0.5591606194811828,0.5694355081288979
grid_m3.75_29.50,1999-02-01,19.555553824404782,15.48289937500002,509.66239031099997,1011.678245610119,-0.6044775577987798,0.9373211661637797
grid_m3.75_29.50,1999-03-01,18.554004206989273,15.694727795698949,751.2040137952,1011.7065592741935,-0.3752710074893817,0.6374364665198925
grid_m3.75_29.50,1999-04-01,18.43936779166669,15.52107930555558,522.97925869284,1013.788206388889,-0.6240247940284722,0.7183432966902221
grid_m3.75_29.50,1999-05-01,18.51129041666669,14.446113387096798,334.81573997526,1014.3549617607528,-0.6013181545416667,0.739463496757594
grid_m3.75_29.50,1999-06-01,18.20225236111113,13.056884972222244,86.09938665215999,1014.8034265277778,-0.4807646654802917,0.9447924081908334
grid_m3.75_29.50,1999-07-01,17.72051303763443,12.21264672043013,58.70652177804,1015.6688935483871,-0.3137608801501344,1.074839950810121
grid_m3.75_29.50,1999-08-01,18.08923223118282,14.02249303763443,382.46059383166,1015.0599551747312,-0.352408747780914,0.5403735868708334
grid_m3.75_29.50,1999-09-01,18.919214347222244,13.87420204166669,401.35455143622,1012.8752906249999,-0.4325196809283333,0.7222593526602777
grid_m3.75_29.50,1999-10-01,19.02749033602153,14.789265362903247,569.18525666532,1012.7609030241936,-0.3777889971496371,0.8708275612512096
grid_m3.75_29.50,1999-11-01,18.369161375000026,15.171469305555577,780.06291283046,1012.8263359722222,-0.6339098126108333,0.34485611276291667
grid_m3.75_29.50,1999-12-01,18.417910900537656,15.304724502688195,696.80452300874,1012.8961048387098,-0.660082868886828,0.37784919000362904
grid_m3.75_29.50,2000-01-01,18.804789260752713,15.463549408602175,681.97107374424,1011.5128528225806,-0.5800496055258064,0.6195524891118279
grid_m3.75_29.50,2000-02-01,18.725553160919564,15.489601566091974,719.78473655114,1012.7908673132184,-0.6403684728860632,0.8398889998173362
grid_m3.75_29.50,2000-03-01,18.615921693548408,15.815449798387121,765.5057904229,1012.1585487231183,-0.5828306338697581,0.6352146722931452
grid_m3.75_29.50,2000-04-01,18.749563847222245,15.49886468055558,578.23086022424,1012.8128318055556,-0.6216321937986111,0.7280526263435638
grid_m3.75_29.50,2000-05-01,19.295714489247334,14.5337997043011,210.25299978672,1013.6844161962366,-0.5105121978571237,0.8242946197650538
grid_m3.75_29.50,2000-06-01,18.196691527777798,13.322720000000023,159.52968594834,1015.156849375,-0.437160428376,0.9421289299634722
grid_m3.75_29.50,2000-07-01,17.98642474462368,11.684049758064539,14.8077011665,1014.5309625,-0.24948292475618278,1.2897480596958333
grid_m3.75_29.50,2000-08-01,18.585328884408625,13.231385040322603,121.50096870912,1014.6185170026882,-0.21457770521760752,1.0367915260162635
grid_m3.75_29.50,2000-09-01,19.91414438888891,12.921913847222244,127.54607255926,1012.1933952777778,-0.22472267144263888,0.9688500278293749
grid_m3.75_29.50,2000-10-01,19.246323212365613,14.956921975806477,622.28679335932,1012.9147602150538,-0.44923948436021505,0.5544961897298387
grid_m3.75_29.50,2000-11-01,18.716329611111135,15.518399069444467,731.72283239452,1012.3097013194443,-0.4940161195779583,0.18351646002538888
grid_m3.75_29.50,2000-12-01,18.546806344086043,15.787645981182818,783.3530890559,1013.5752509408602,-0.4334451616226344,0.5140515189062231
grid_m3.75_29.50,2001-01-01,18.107779637096797,15.408797244623678,804.13818414354,1013.5157561827957,-0.32024617326155913,0.042649751215725805
grid_m3.75_29.50,2001-02-01,18.890031517857167,15.899789181547641,843.63794246558,1012.5102135416666,-0.47552006591815477,0.6639093220108631
grid_m3.75_29.50,2001-03-01,18.751752244623678,15.791425228494646,684.22579605698,1012.9605938844087,-0.48987630662177417,0.7060162742866936
grid_m3.75_29.50,2001-04-01,18.73684266666669,15.691228791666688,573.2429024267,1013.4452281944444,-0.6048712618350556,0.6048865624201388
grid_m3.75_29.50,2001-05-01,18.55682545698927,14.96506466397852,464.22433899226,1014.7761259408602,-0.5835703367130107,0.6959614345156317
grid_m3.75_29.50,2001-06-01,17.796554208333355,13.848160750000023,232.76138197128,1015.608992986111,-0.3749564495663611,0.7608283788606806
grid_m3.75_29.50,2001-07-01,17.886377688172065,13.055747500000022,160.5362894704,1015.4115764112903,-0.3599159689650538,0.8857524004343413
grid_m3.75_29.50,2001-08-01,18.718011760752713,13.131794166666689,136.21783266966,1015.1873544354839,-0.24593546266196237,0.8191897893071236
grid_m3.75_29.50,2001-09-01,18.927228986111132,14.199073125000023,527.0285621286,1013.0797747916666,-0.43074711895069445,0.53230694705375
grid_m3.75_29.50,2001-10-01,19.200955188172063,15.278075443548408,677.46353083856,1013.2429257392473,-0.4418631984105376,0.3140330567432796
grid_m3.75_29.50,2001-11-01,18.895086458333356,15.535293638888913,731.19020654428,1013.3687790277778,-0.579665882901625,0.2802098376041667
grid_m3.75_29.50,2001-12-01,18.923874408602174,15.82588732526884,611.41014018866,1013.0599647849463,-0.5939729886806452,0.54834661113959
grid_m3.75_29.50,2002-01-01,18.612212069892497,15.88246356182798,695.95766062724,1013.7578016129032,-0.42952848281612904,0.35801159353782264
grid_m3.75_29.50,2002-02-01,19.33744799107145,16.124883169642878,691.89572394136,1013.3282423363096,-0.5356303855267858,0.5057453432129464
grid_m3.75_29.50,2002-03-01,18.866611478494644,16.38726994623658,735.67056616554,1012.8978598790322,-0.49865938120418013,0.6501825402497312
grid_m3.75_29.50,2002-04-01,18.699340486111133,16.307044861111134,686.81049342724,1012.4093329166667,-0.6209261784822695,0.7143709398009722
grid_m3.75_29.50,2002-05-01,19.03287853494626,15.005308387096797,245.89872302394,1014.5482855510753,-0.46136078729247315,0.7819023759499382
grid_m3.75_29.50,2002-06-01,18.28893963888891,13.625283180555579,74.05519505128,1015.8176177083334,-0.37414239322468057,1.0668895681213888
grid_m3.75_29.50,2002-07-01,18.751642096774216,13.181802392473141,64.17751285812,1015.6308213709676,-0.32265244830174733,0.9383447898170699
grid_m3.75_29.50,2002-08-01,18.95160680107529,13.019580739247333,69.04697396612,1014.9561235887097,-0.29919942300537633,0.9286880067114247
grid_m3.75_29.50,2002-09-01,19.860732055555577,13.424694972222245,138.58318396872,1013.5344654861111,-0.3837903564086111,0.9492022395851889
grid_m3.75_29.50,2002-10-01,19.34355553763443,14.899791451612925,617.76542758564,1012.4212067204302,-0.5012625199893818,0.6960911909563172
grid_m3.75_29.50,2002-11-01,18.575501722222246,15.612643680555578,765.7921308229201,1013.7366653472222,-0.6630353719793056,0.7385968948388888
grid_m3.75_29.50,2002-12-01,18.68357793010755,15.949880551075292,833.23144939636,1014.2701353494623,-0.6102610239022312,0.4952368349667419
grid_m3.75_29.50,2003-01-01,19.137640940860237,16.13846607526884,735.78262234998,1014.1462677419355,-0.4467425552534946,0.5487782477997312
grid_m3.75_29.50,2003-02-01,19.78129709821431,15.885543526785735,688.25292395836,1012.7172202380951,-0.5019944973258185,0.7101994188314137
grid_m3.75_29.50,2003-03-01,19.402268225806473,16.32584732526884,705.5726025272,1012.5378844758064,-0.5406303404475806,0.8573141214370967
grid_m3.75_29.50,2003-04-01,19.00245162500002,16.222857083333356,536.86332694046,1013.3937713888889,-0.5119273719523055,0.7280701752286111
grid_m3.75_29.50,2003-05-01,19.02574805107529,15.140808091397872,330.20782342282,1014.7172040994624,-0.6003573219819893,0.5119112897440861
grid_m3.75_29.50,2003-06-01,17.967218013888914,13.991077319444468,220.45469249696,1014.9834954861112,-0.4546044038418055,0.8637238665516667
grid_m3.75_29.50,2003-07-01,17.57936610215056,12.978542620967763,151.17144590532,1016.2414686827957,-0.36268824932123656,1.0987053950500807
grid_m3.75_29.50,2003-08-01,19.189575725806474,12.066003776881743,20.762920475999998,1014.4589567876343,-0.0672494829905914,1.1267312374722849
grid_m3.75_29.50,2003-09-01,19.429198472222247,14.552059027777801,369.98653393314,1013.8236402777777,-0.35077798577319447,0.6507525114459722
grid_m3.75_29.50,2003-10-01,19.608970201612927,15.189955658602173,706.71129425398,1012.5889152553764,-0.49075491652956993,0.41870447366321234
grid_m3.75_29.50,2003-11-01,19.147852472222244,15.489846027777801,742.46525648418,1012.3354206250001,-0.7213760166718056,0.5329230833340277
grid_m3.75_29.50,2003-12-01,18.938764543010773,15.961024798387118,932.4569711561,1013.3583566532258,-0.6327124758165322,0.8231957749916667
grid_m3.75_29.50,2004-01-01,19.390204435483895,16.09634475806454,625.213621773,1012.3639096774193,-0.5988092935794355,0.5429642381384409
grid_m3.75_29.50,2004-02-01,19.180340732758644,15.866277887931057,576.74551090198,1013.4748834051724,-0.4868766520306035,0.5215240344268678
grid_m3.75_29.50,2004-03-01,19.318470739247335,16.437100120967767,633.73470155052,1012.8210070564515,-0.5334263052546102,0.5278985029150134
grid_m3.75_29.50,2004-04-01,18.805807750000024,16.396442958333356,520.57409228458,1013.7419703472223,-0.46220338632352775,0.6723043871517778
grid_m3.75_29.50,2004-05-01,18.714212016129057,14.963477836021527,268.13745383528,1015.0622545026882,-0.4163214976209677,0.7929520052233872
grid_m3.75_29.50,2004-06-01,17.965963083333353,13.127513000000022,97.46742231984,1017.1061138888889,-0.49577503863261113,1.0560259012908335
grid_m3.75_29.50,2004-07-01,17.94990979838712,12.531091841397872,70.365190415,1015.3218066532257,-0.3437070335912634,1.1918605046290323
grid_m3.75_29.50,2004-08-01,18.920514502688196,13.200693239247332,120.62549555476001,1015.0399954301075,-0.21377776852930108,1.0223761122119623
grid_m3.75_29.50,2004-09-01,18.939533611111134,14.224979027777799,443.21346226796,1013.5653976388888,-0.4305598154436111,0.4505984420776389
grid_m3.75_29.50,2004-10-01,19.687105712365614,15.084333588709699,538.1903643849,1012.8195061827956,-0.5669610623696236,0.6269146919579032
grid_m3.75_29.50,2004-11-01,18.844792597222245,15.8460510277778,788.07783205312,1013.1089515277778,-0.7021600508852778,0.5956888617803056
grid_m3.75_29.50,2004-12-01,18.900717701612926,16.211307580645187,839.04599912914,1012.9293259408603,-0.5543473354616398,0.5278841850352151
grid_m3.75_29.50,2005-01-01,19.36911235215056,16.097998158602174,840.31724874084,1013.1879858870968,-0.5665570975052151,0.5273635214268817
grid_m3.75_29.50,2005-02-01,20.559542068452405,16.00840409226193,428.23886874266,1011.6735994047618,-0.6170271908449405,0.6900376352790178
grid_m3.75_29.50,2005-03-01,19.61918034946239,16.381030524193573,683.00962506256,1013.2428390456988,-0.565860994655078,0.6069679057363709
grid_m3.75_29.50,2005-04-01,19.568368319444467,16.35221251388891,485.8288759153,1013.1514434722221,-0.6131261825131944,0.6854850768533334
grid_m3.75_29.50,2005-05-01,18.885122083333354,15.924737244623678,651.98040156752,1014.3875102150537,-0.5572359825920699,0.5525223719600806
grid_m3.75_29.50,2005-06-01,18.513150972222245,14.83827079166669,318.75419651384,1014.9803702083334,-0.47237372915161113,0.5952128513368056
grid_m3.75_29.50,2005-07-01,18.181466532258085,12.738392956989271,37.32442854938,1016.378258266129,-0.3535214286548387,1.11835387851043
grid_m3.75_29.50,2005-08-01,19.173343306451635,13.81925298387099,177.93130884312,1014.294041733871,-0.31378262013268815,0.8456230970174732
grid_m3.75_29.50,2005-09-01,19.87330955555558,14.763604736111132,360.49604512122,1013.2597242361111,-0.2962892525734722,0.6642307067698611
grid_m3.75_29.50,2005-10-01,19.359817553763463,15.639457795698945,824.0365967677,1013.2035847446236,-0.44719757593856185,0.34511523012271506
grid_m3.75_29.50,2005-11-01,19.048037083333355,15.8377734027778,812.57963135546,1012.464094236111,-0.7585540272666668,0.42735432598333334
grid_m3.75_29.50,2005-12-01,19.06573994623658,15.900138387096797,770.40576882148,1011.7791098790323,-0.678278503093414,0.7706243246237904
grid_m3.75_29.50,2006-01-01,19.211750658602174,16.082130215053787,819.9028947010601,1012.0298491935483,-0.659244582014785,0.7441137988651881
grid_m3.75_29.50,2006-02-01,19.60001869047621,16.182967663690498,628.68785899734,1012.0178884672619,-0.5328868690133929,0.6872597188199405
grid_m3.75_29.50,2006-03-01,19.148778467741955,15.784595685483893,663.69962557066,1013.0527899865592,-0.45325217700416665,0.42867043130147847
grid_m3.75_29.50,2006-04-01,18.68084051388891,16.228160736111132,626.58834385724,1013.346655,-0.6133353977127778,0.645749392174861
grid_m3.75_29.50,2006-05-01,18.612619637096795,15.90897225806454,682.76739149276,1014.8372573252689,-0.5293482971656451,0.5932334367944893
grid_m3.75_29.50,2006-06-01,18.17977006944447,13.81303829166669,176.29027352892,1015.6846679166666,-0.5706340151416667,0.9897786238279014
grid_m3.75_29.50,2006-07-01,18.199163360215078,13.718383870967765,198.74715725104,1016.154172311828,-0.34671030792231183,0.9862714397568549
grid_m3.75_29.50,2006-08-01,18.919021438172066,14.001600712365613,223.8898280618,1014.4391884408601,-0.33345117807533603,0.6076920624174731
grid_m3.75_29.50,2006-09-01,19.38334155555558,14.330376861111134,442.8286549206,1013.927208125,-0.44268894198097225,0.7045740111808333
grid_m3.75_29.50,2006-10-01,20.213461827957012,15.15095543010755,588.44780935938,1012.7244695564516,-0.5427324632474463,0.7244228027194892
grid_m3.75_29.50,2006-11-01,18.38072066666669,16.00386718055558,888.79322867624,1013.1857141666667,-0.5931080900458333,0.5268214328504166
grid_m3.75_29.50,2006-12-01,18.709849529569915,16.244827997311848,754.22763837322,1014.3690795698924,-0.3684023306310484,0.21259178623208336
grid_m3.75_29.50,2007-01-01,19.136236518817228,16.838394973118305,880.88178567934,1014.4417972446237,-0.4106833085134408,0.3082633067577204
grid_m3.75_29.50,2007-02-01,19.558923258928594,16.26842686011907,533.76293057236,1013.0889388392858,-0.4064256807016369,0.13733986507410714
grid_m3.75_29.50,2007-03-01,19.623131290322604,16.3741612231183,725.05569669388,1012.7057178091399,-0.6777317283233737,0.6321194760654032
grid_m3.75_29.50,2007-04-01,19.399312361111132,16.352806930555577,627.11000487808,1013.1243041666665,-0.6551527870779167,0.6188676193693611
grid_m3.75_29.50,2007-05-01,19.114265698924754,15.841428158602174,445.9118825127,1014.248747311828,-0.6678224169525537,0.6884722144373253
grid_m3.75_29.50,2007-06-01,17.998619319444465,14.484031472222245,370.87964904638,1015.1707497222222,-0.40876886607125,0.7826220611793056
grid_m3.75_29.50,2007-07-01,18.21809923387099,13.817303212365614,133.14938535676,1015.0551842741935,-0.3014535590611559,0.9474232786696237
grid_m3.75_29.50,2007-08-01,18.73684810483873,13.49498229838712,229.63237813862,1014.0011151881721,-0.30893436531989243,0.7661781500307527
grid_m3.75_29.50,2007-09-01,19.56379493055558,14.329856222222245,330.40523477994,1013.3743646527778,-0.39789615113712495,0.6036918190138736
grid_m3.75_29.50,2007-10-01,19.25079973118282,15.04171653225809,559.13019090594,1012.4143480510753,-0.5920894178087366,0.6147393305336021
grid_m3.75_29.50,2007-11-01,18.778678972222245,15.695648250000023,923.648595313,1012.2987145833333,-0.6442457533993056,0.41670873393888885
grid_m3.75_29.50,2007-12-01,18.64627235215056,15.509474758064536,690.8135415476,1012.5222786962366,-0.5356000669543011,0.5678327206400537
grid_m3.75_29.50,2008-01-01,18.721404045698947,15.871815295698948,837.98408520094,1012.499189516129,-0.5508822733477151,0.6257761471895161
grid_m3.75_29.50,2008-02-01,18.591080287356345,15.731126408046,710.5932230675,1013.5463374281609,-0.5026869063604454,0.37244393275880744
grid_m3.75_29.50,2008-03-01,18.412300913978516,15.657449314516152,785.87627346568,1012.4026607526882,-0.5004799343125,0.5884341782466398
grid_m3.75_29.50,2008-04-01,18.44310443055558,15.653664194444469,647.54056982272,1012.5449947222222,-0.6834681828680556,0.6562560399056806
grid_m3.75_29.50,2008-05-01,18.781415000000024,14.53954045698927,332.5097568231,1013.5266206989247,-0.6491633790909275,0.6895282474297622
grid_m3.75_29.50,2008-06-01,17.96282018055558,13.6442951527778,227.44512532012,1015.2216175000001,-0.44206820518986106,0.9544603987844444
grid_m3.75_29.50,2008-07-01,17.647325846774216,13.066837903225828,134.93442581836,1015.4973874327957,-0.26867727078629033,0.971361550389113
grid_m3.75_29.50,2008-08-01,18.660286384408625,13.762679032258086,199.63121379454,1013.3075324596774,-0.26752469143077956,0.754873374248656
grid_m3.75_29.50,2008-09-01,19.878999555555577,13.649126263888911,186.47909228386,1012.74694,-0.29302124579805555,0.6673109058625001
grid_m3.75_29.50,2008-10-01,19.521429032258087,15.277871854838732,609.97295314042,1012.9770647849463,-0.5785732880715054,0.2872395052333333
grid_m3.75_29.50,2008-11-01,19.20573030555558,16.064588222222245,719.5692083379,1012.6602300000001,-0.5771029791754166,0.6150178061969445
grid_m3.75_29.50,2008-12-01,19.01131412634411,15.93564673387099,744.84491416676,1012.488622311828,-0.5903337141615188,0.8212307350595027
grid_m3.75_29.50,2009-01-01,19.239899354838734,15.882537244623679,776.57842525572,1012.8696848790323,-0.6353044614209677,0.6767546049094355
grid_m3.75_29.50,2009-02-01,18.943684077380976,15.899406726190499,598.7720487727601,1012.3108626488095,-0.6344604259625,0.5712364736540179
grid_m3.75_29.50,2009-03-01,19.36407168010755,16.309960322580668,747.89237912672,1011.9621889784947,-0.6582769162860752,0.7770612370125403
grid_m3.75_29.50,2009-04-01,18.92696993055558,16.25627430555558,693.59731697466,1013.7495459027778,-0.6080531225380555,0.7300974523006319
grid_m3.75_29.50,2009-05-01,18.877153037634432,15.63013536290325,491.71638471958,1013.7852064516129,-0.5399920758965053,0.5572011681577957
grid_m3.75_29.50,2009-06-01,18.788376305555577,14.104261236111135,178.55405820628,1014.9998178472222,-0.5622539094532362,0.7998381732694347
grid_m3.75_29.50,2009-07-01,18.16817422043013,12.758350134408623,87.49532689658,1016.1219923387096,-0.42238348255241936,1.1403704844005376
grid_m3.75_29.50,2009-08-01,19.242990698924753,14.225905067204323,134.8533634957,1014.2247573924732,-0.27658747572244624,0.8637428488963576
grid_m3.75_29.50,2009-09-01,20.176310305555578,15.049225069444466,376.71518271546,1013.8242412499999,-0.34354801189583334,0.6617171179789723
grid_m3.75_29.50,2009-10-01,19.811153158602174,15.81474668010755,786.68355930674,1012.4137932123657,-0.5768149183299731,0.43084653165846776
grid_m3.75_29.50,2009-11-01,19.13461591666669,16.2335707777778,791.06473833916,1012.9380348611111,-0.5727210501097222,0.49659860366319447
grid_m3.75_29.50,2009-12-01,19.02838873655916,16.302827647849487,818.39132389432,1013.5343237231183,-0.585664687816223,0.47857668129005376
grid_m3.75_29.50,2010-01-01,19.79750353494626,16.7041687903226,806.77986576774,1013.5102739919355,-0.42931527893776883,0.3406561995009812
grid_m3.75_29.50,2010-02-01,20.2196667261905,17.231533407738116,551.37872884564,1012.8848921875,-0.46136574486398807,0.4153242107247024
grid_m3.75_29.50,2010-03-01,19.911037647849483,17.006862271505398,774.65534149774,1013.7388732526881,-0.5853378135283602,0.4257815778931989
grid_m3.75_29.50,2010-04-01,20.118529513888912,17.038160111111136,574.5277410584,1013.4731345138889,-0.6728181414111111,0.5402988231025694
grid_m3.75_29.50,2010-05-01,19.888621774193574,15.920876827957011,533.53834106816,1013.9879536962366,-0.5410351497771505,0.6678552717803763
grid_m3.75_29.50,2010-06-01,19.10952063888891,14.504198305555578,178.65085516192,1015.5751210416668,-0.40751654398333337,0.9280913250763889
grid_m3.75_29.50,2010-07-01,18.620607029569914,13.134954435483895,57.94525121918,1015.1546067876345,-0.2572104336168683,1.1418034948172042
grid_m3.75_29.50,2010-08-01,19.818515040322605,11.89923428763443,13.07678223916,1014.2289099462366,-0.08813335188844086,1.2961908285743953
grid_m3.75_29.50,2010-09-01,19.896562083333357,14.123069833333355,395.53308406552003,1012.9547390277777,-0.43451747904861115,0.5208777867970833
grid_m3.75_29.50,2010-10-01,20.27640369623658,15.234527419354864,526.02434284864,1011.9839891801074,-0.5399278413631317,0.3117516225188172
grid_m3.75_29.50,2010-11-01,19.587692847222243,16.0333164027778,780.8744912759801,1011.4831680555557,-0.6984511483426389,0.53790999603
grid_m3.75_29.50,2010-12-01,19.186987137096796,15.850024005376367,687.99042641728,1011.6271672715054,-0.5478514593645162,0.5026831679879704
grid_m3.75_29.50,2011-01-01,19.049643440860237,16.126568561827977,838.19460598084,1011.5269523521506,-0.4910883948427016,0.7702124182345296
grid_m3.75_29.50,2011-02-01,19.24282428571431,16.113518943452405,628.6349304576,1011.9113406250001,-0.5603050506497024,0.6693543475852679
grid_m3.75_29.50,2011-03-01,19.079908185483895,16.030655954301096,587.2726445044,1012.4095553091398,-0.4870485079775538,0.575489126529086
grid_m3.75_29.50,2011-04-01,19.064037388888913,16.219531083333354,617.45309527948,1012.691211875,-0.7183853566185555,0.6807044980652778
grid_m3.75_29.50,2011-05-01,19.276966465053786,15.65444659946239,388.51976203674,1014.0130118951613,-0.6339108128665323,0.6078397292553763
grid_m3.75_29.50,2011-06-01,18.875377208333358,14.541255902777802,261.07788110192,1014.61706375,-0.3630274465177083,0.65156695130375
grid_m3.75_29.50,2011-07-01,18.64168002688174,13.300333870967766,71.04062991596,1014.3699702284947,-0.25868401479919356,1.0697240290412633
grid_m3.75_29.50,2011-08-01,19.121225645161314,14.283927862903246,236.46354639506,1014.0936845430107,-0.23280400125672043,0.7147685822680778
grid_m3.75_29.50,2011-09-01,19.33132541666669,15.146153611111133,594.77043181284,1014.1080022222221,-0.41462099290555554,0.4100388605890278
grid_m3.75_29.50,2011-10-01,19.16565916666669,15.592146223118302,797.14441089648,1012.2564239247312,-0.671546053783965,0.4312339691836022
grid_m3.75_29.50,2011-11-01,18.8987839027778,16.0084396527778,798.94137364808,1013.0056061805556,-0.6208806779394445,0.59053204944
grid_m3.75_29.50,2011-12-01,19.00656659946239,16.34332482526884,871.54054672048,1013.4434295698925,-0.4919253021173387,0.42490981676540324
grid_m3.75_29.50,2012-01-01,19.568577580645183,16.383390201612926,776.71194077908,1012.862075672043,-0.3933705365739785,0.7290862914252688
grid_m3.75_29.50,2012-02-01,19.030324770114966,15.9222922988506,689.36896305964,1011.6512571839081,-0.5674957672321839,0.810603065397615
grid_m3.75_29.50,2012-03-01,19.39297658602153,16.208865994623675,682.41715413616,1012.9556021505376,-0.5549889763016129,0.6350924166508064
grid_m3.75_29.50,2012-04-01,19.109698138888913,16.348745236111135,637.71367113212,1013.5850968055555,-0.5115210425459722,0.3968478103952361
grid_m3.75_29.50,2012-05-01,18.670981075268838,15.690952419354861,615.7469753153,1014.6776804435483,-0.5192545409189516,0.46937134519784945
grid_m3.75_29.50,2012-06-01,18.421959430555578,14.671246444444467,246.8166358956,1015.611716111111,-0.41523378113768056,0.6002990331338889
grid_m3.75_29.50,2012-07-01,18.491842755376368,13.685027446236582,80.90162284476,1014.6216056451613,-0.19203805456142473,0.8988340787997312
grid_m3.75_29.50,2012-08-01,18.981943911290347,13.40408798387099,269.54388580018,1014.5964674059139,-0.2876104946747312,0.6516538846820161
grid_m3.75_29.50,2012-09-01,19.490779861111132,15.142367750000025,486.1631395418,1014.1704077083333,-0.4657502279895833,0.48766551551930554
grid_m3.75_29.50,2012-10-01,19.590380295698946,16.001773387096797,775.4206660775,1012.4590521505377,-0.6805968958548386,0.3606912553213172
grid_m3.75_29.50,2012-11-01,19.163832472222246,16.182590125000026,724.3809689294,1013.2647524305556,-0.6861019566580555,0.39323281192291665
grid_m3.75_29.50,2012-12-01,19.041963252688195,16.19842639784948,817.65341745458,1012.9487245967741,-0.5692494503333333,0.4730845839121506
grid_m3.75_29.50,2013-01-01,20.061856814516155,16.657969462365614,725.5420680487,1013.5558723790323,-0.39943982160825264,0.35814361186482524
grid_m3.75_29.50,2013-02-01,19.942111622023834,16.16998186011907,566.71476309706,1012.4996179315477,-0.6294239127602679,0.5999922304229003
grid_m3.75_29.50,2013-03-01,19.441579206989267,16.773397620967764,735.15748875278,1013.3291039650537,-0.5162779074455646,0.601559423641129
grid_m3.75_29.50,2013-04-01,19.24560851388891,16.81388463888891,654.16240605936,1014.0376402777778,-0.54699348849375,0.38874295530188885
grid_m3.75_29.50,2013-05-01,19.234222056451635,15.61722728494626,456.59685060552,1015.0747144489249,-0.6169383550384409,0.5526901765942204
grid_m3.75_29.50,2013-06-01,18.571629944444467,13.758976069444467,68.34411613316,1015.4021816666666,-0.3376927267840278,1.0073359380727778
grid_m3.75_29.50,2013-07-01,18.57280790322583,12.83278120967744,25.46072000038,1015.1625938172042,-0.17097490549596775,1.103352986622715
grid_m3.75_29.50,2013-08-01,19.269304475806475,13.15926669354841,144.8993686897,1013.9915016129032,-0.13850336311986558,0.7586470368505376
grid_m3.75_29.50,2013-09-01,19.491382458333355,15.30736336111113,602.39124198372,1013.7115217361111,-0.5105775832563889,0.30437950665708335
grid_m3.75_29.50,2013-10-01,19.536731250000024,15.260703198924753,664.81685655398,1013.2979160618279,-0.5330951448669354,0.5905763764377017
grid_m3.75_29.50,2013-11-01,19.02088654166669,15.951021875000022,806.48708226662,1012.3279413194444,-0.7085172224180556,0.589017381665139
grid_m3.75_29.50,2013-12-01,18.947895524193573,16.144411948924756,809.22508378226,1013.6580420698925,-0.5182339481549731,0.39302670012486557
grid_m3.75_29.50,2014-01-01,19.406138817204322,16.42243305107529,858.53004566064,1013.2635616263441,-0.45728080557965856,0.5942805712358871
grid_m3.75_29.50,2014-02-01,19.507400997023833,16.03387252976193,473.66619180376,1012.2699582589286,-0.3007819988738095,0.2886905676473958
grid_m3.75_29.50,2014-03-01,19.526097755376366,16.544142002688194,781.21614435964,1013.0414942876345,-0.5150636237470968,0.7879329799967743
grid_m3.75_29.50,2014-04-01,19.210813861111134,16.430882958333356,715.24286296048,1014.0171747222223,-0.6067543671638889,0.8434121438597223
grid_m3.75_29.50,2014-05-01,19.452361209677445,15.255461384408624,301.88894191802,1014.1688900537634,-0.6209992228385752,0.8226800110395565
grid_m3.75_29.50,2014-06-01,19.001246750000025,14.904045513888914,222.03540798986,1015.364749375,-0.43703871699281943,0.7535541874320556
grid_m3.75_29.50,2014-07-01,18.984979663978518,13.608004005376365,58.10499163234,1016.4172001344086,-0.18398590610389787,1.0489346693311423
grid_m3.75_29.50,2014-08-01,19.187858145161314,14.695527069892496,408.72788545078,1014.8150973790322,-0.2576517911402688,0.44976570833803764
grid_m3.75_29.50,2014-09-01,19.560197263888913,14.91231413888891,462.48102182872,1014.1440318055556,-0.5518887627440278,0.48394425602069446
grid_m3.75_29.50,2014-10-01,19.687682244623677,15.613908682795723,618.5650826838,1013.1609043010752,-0.6397855814537634,0.5140720287567204
grid_m3.75_29.50,2014-11-01,19.333411527777802,16.102121555555577,695.45459769926,1013.0162516666667,-0.6904136871347222,0.44364340016041665
grid_m3.75_29.50,2014-12-01,19.443912728494645,16.58971252688174,787.35447010196,1013.6749518817204,-0.5173273479311828,0.3777049901224328
grid_m3.75_29.50,2015-01-01,19.284784516129054,16.44447165322583,755.82551958706,1014.0597459005376,-0.2707345662289651,0.41365767175591395
grid_m3.75_29.50,2015-02-01,19.42418104166669,16.687001949404785,804.53586313668,1012.6614017857144,-0.536718641339881,0.6218083012133929
grid_m3.75_29.50,2015-03-01,19.702607271505396,16.859613817204323,712.48197506132,1012.9660698252688,-0.5077392420036291,0.7835174466571236
grid_m3.75_29.50,2015-04-01,19.27612005555558,16.69608429166669,655.8732993232,1014.4865810416667,-0.4833933942648333,0.5137868262287778
grid_m3.75_29.50,2015-05-01,19.53216594086024,16.350723333333356,480.46827272864,1015.2014422715055,-0.595039653774422,0.644917170734543
grid_m3.75_29.50,2015-06-01,19.202405916666688,15.196654708333359,198.32992605412,1015.5939155555554,-0.1955854416252639,0.6601469238823194
grid_m3.75_29.50,2015-07-01,19.184371478494647,14.087528736559163,72.781085921,1015.7517536290322,-0.32257783454448924,0.9359840693498427
grid_m3.75_29.50,2015-08-01,20.085519341397873,13.703426438172066,50.59814441962,1014.6346080645161,-0.19892745860080643,1.0278216933533602
grid_m3.75_29.50,2015-09-01,20.671482611111134,15.9090655277778,343.4085844531,1013.6472968749999,-0.4099320950234722,0.4989722367902778
grid_m3.75_29.50,2015-10-01,20.04864250000002,16.815461868279595,872.08652425696,1013.6395287634409,-0.6024428748465054,0.5194603086465054
grid_m3.75_29.50,2015-11-01,19.39072854166669,16.91733538888891,897.2575660547,1013.6261914583333,-0.5634070712308333,0.5262307695556945
grid_m3.75_29.50,2015-12-01,19.682654408602176,17.157684502688195,835.77776000798,1014.8704289650537,-0.5359132622222178,0.4418189353657715
grid_m3.75_29.50,2016-01-01,20.217808709677442,17.500060161290346,680.58443263248,1014.3132906586022,-0.38425710166518817,0.20616102771612901
grid_m3.75_29.50,2016-02-01,20.25104423850577,17.551728189655194,734.13085868452,1013.6610174568965,-0.417262066870546,0.4641696672992816
grid_m3.75_29.50,2016-03-01,20.694344677419377,17.9830497715054,705.75714212428,1013.3418463709677,-0.5820084112987903,0.8018873692694893
grid_m3.75_29.50,2016-04-01,19.95772537500002,17.803526569444465,788.45405655706,1014.1817414583332,-0.49050021593777776,0.5478440599200833
grid_m3.75_29.50,2016-05-01,19.649225806451636,16.378308239247335,246.92630847898,1015.8342907258065,-0.42632962263212365,0.939268627780914
grid_m3.75_29.50,2016-06-01,18.976270319444467,14.860879875000023,138.71765072742,1016.8568847916666,-0.36651261586944445,0.9234422319647501
grid_m3.75_29.50,2016-07-01,18.760372715053787,14.134482795698947,86.84301419758,1015.6709938172042,-0.1760291236889785,1.1072175428990592
grid_m3.75_29.50,2016-08-01,19.742432620967765,13.144919126344108,68.68648480534,1015.0361378360216,-0.20406540374112903,0.988486464840793
grid_m3.75_29.50,2016-09-01,20.358786500000022,14.811880736111132,245.79429606674,1013.9014230555556,-0.323834143125,0.6855978856002778
grid_m3.75_29.50,2016-10-01,20.779947661290343,15.99114991935486,555.23443211576,1012.3659649865592,-0.4778879844397581,0.29833529328104835
grid_m3.75_29.50,2016-11-01,19.59711716666669,16.515009333333357,890.32077859258,1013.180245625,-0.6863332325083333,0.15265257095363888
grid_m3.75_29.50,2016-12-01,19.461115026881743,16.360039529569917,761.85512582722,1013.1717149193548,-0.6369234110182795,0.7363835410048386
grid_m3.75_29.50,2017-01-01,19.54883920698927,16.529932795698947,857.35178014254,1012.9579137768817,-0.6139148978379032,0.7055523776737903
grid_m3.75_29.50,2017-02-01,19.348913407738117,16.638084553571453,907.850741233,1013.0641133184524,-0.5796779891170386,0.6388659692186012
grid_m3.75_29.50,2017-03-01,19.252601586021527,16.67484793010755,780.54046779588,1013.1971451612903,-0.5724439732979839,0.7702809202052151
grid_m3.75_29.50,2017-04-01,19.432796083333358,16.64515594444447,517.80700665646,1013.8921258333334,-0.6890446963968055,0.66565525333
grid_m3.75_29.50,2017-05-01,19.59451306451615,15.682072607526905,401.04198525496,1015.0978845430107,-0.6493740897163979,0.6353651437794355
grid_m3.75_29.50,2017-06-01,19.223693319444468,15.084197847222246,201.4589307559,1015.1542597222223,-0.48101297992486114,0.9428774090448055
grid_m3.75_29.50,2017-07-01,19.093740040322604,14.105218333333356,78.69720454317999,1015.8282502688172,-0.14282486943319891,1.0627607943931452
grid_m3.75_29.50,2017-08-01,19.47434364247314,15.245230833333355,351.9730572562,1014.4644131048387,-0.21933534575580646,0.8027207767778225
grid_m3.75_29.50,2017-09-01,19.98987126388891,15.452727736111134,386.38305756218,1013.8580138194444,-0.35294664183111113,0.5913649246368056
grid_m3.75_29.50,2017-10-01,20.25092850806454,16.30567293010755,588.99164152556,1012.8023119623656,-0.5330582358705646,0.588127772788414
grid_m3.75_29.50,2017-11-01,19.28384168055558,16.4281384027778,778.54728656934,1013.1125286111112,-0.630398510938125,0.5734141667638889
grid_m3.75_29.50,2017-12-01,19.410552069892496,16.935765201612927,890.44833132192,1013.1611294354839,-0.5233474237202285,0.7057203271562903
grid_m3.75_29.50,2018-01-01,18.774372432795722,16.136531733870992,713.58990796452,1013.5526903897849,-0.2547390161979839,0.19589044699126343
grid_m3.75_29.50,2018-02-01,19.922166383928595,16.961045788690498,618.44873462496,1011.9353882440475,-0.5243301398623512,0.6604767983892857
grid_m3.75_29.50,2018-03-01,19.547312741935507,16.312407056451637,546.36812129512,1013.2927304435484,-0.403117558115457,0.2229195463532258
grid_m3.75_29.50,2018-04-01,19.028776194444468,16.685217930555577,630.77688005282,1014.130311736111,-0.39444656349794444,0.32977143906458334
grid_m3.75_29.50,2018-05-01,19.422043884408623,16.124937446236583,411.92245443294,1014.7123176075269,-0.5520501094756721,0.6341507824360215
grid_m3.75_29.50,2018-06-01,18.820387236111134,14.485586847222246,158.91456480314,1016.1501868749999,-0.3976760649513889,0.9753210283336472
grid_m3.75_29.50,2018-07-01,18.324800443548412,13.620765698924755,90.5971529202,1016.9218353494624,-0.3598713614884409,1.0590290052112903
grid_m3.75_29.50,2018-08-01,19.529629556451635,14.59086482526884,284.18159486958,1015.3693574596774,-0.36646920861008064,0.5321829182169651
grid_m3.75_29.50,2018-09-01,20.678867902777803,15.490074291666689,298.63739128828,1012.8011065972222,-0.42215813491222226,0.5473259822502777
grid_m3.75_29.50,2018-10-01,20.179495336021528,16.1870249731183,793.84136205518,1013.4253668682795,-0.5977122194045699,0.436379279082715
grid_m3.75_29.50,2018-11-01,19.75949991666669,16.754279444444467,760.7569686868,1013.119165138889,-0.6270594115448611,0.5094809001045834
grid_m3.75_29.50,2018-12-01,19.221100685483893,16.525052096774218,882.15923510032,1014.27780672043,-0.5408519401172044,0.3587524652467742
grid_m3.75_29.50,2019-01-01,19.67500045698927,16.962227069892496,892.8527836062,1014.1261757392473,-0.5501516613815457,0.6672323289405914
grid_m3.75_29.50,2019-02-01,20.080498973214308,17.060930074404787,697.44014857644,1013.3590353422618,-0.6087226629839285,0.7520546227040179
grid_m3.75_29.50,2019-03-01,19.791693763440882,16.877885067204325,848.86360070606,1013.5629528225807,-0.5877709953776882,0.6022825339846102
grid_m3.75_29.50,2019-04-01,20.073299000000024,17.33777004166669,582.55481688688,1013.5920763194445,-0.5958266582020834,0.6984604724747222
grid_m3.75_29.50,2019-05-01,19.730225174731206,17.164589596774217,590.28053149446,1014.604104704301,-0.6601710983192204,0.659433057529918
grid_m3.75_29.50,2019-06-01,18.93773030555558,15.55110155555558,184.91935814232,1016.1927994444444,-0.21492424602944446,0.8319454402197222
grid_m3.75_29.50,2019-07-01,19.12332033602153,14.506764435483893,197.26181013276,1015.3577259408602,-0.21664566169086022,0.8100626343905913
grid_m3.75_29.50,2019-08-01,19.766656276881744,14.993646572580667,248.71540066792,1015.5834008064517,-0.2635075161892473,0.8163280496676075
grid_m3.75_29.50,2019-09-01,20.287690861111134,15.843218513888912,555.69839527858,1013.8877309722222,-0.3630883541777778,0.6197822573241667
grid_m3.75_29.50,2019-10-01,19.427448736559164,16.245846518817228,951.7188080154,1013.047838373656,-0.6295103260737903,0.6623662108829973
grid_m3.75_29.50,2019-11-01,19.526210944444465,16.0429007777778,663.39254556658,1012.6560254166666,-0.6258915789147222,0.30568447047486114
grid_m3.75_29.50,2019-12-01,19.620235416666688,16.881185725806475,701.9410139928,1013.6913575268817,-0.34255171288655917,0.23426857942271503
grid_m3.75_29.50,2020-01-01,20.166327755376365,17.005798293010773,724.11346547206,1014.0320518145162,-0.36969501400021504,-0.01973185010361559
grid_m3.75_29.50,2020-02-01,20.452880977011517,17.276135790229908,726.38940803242,1014.0004361350574,-0.4989204516304597,0.30631196969181035
grid_m3.75_29.50,2020-03-01,20.38781489247314,17.10232427419357,648.1308929294601,1013.6775918010752,-0.45260730145456984,0.2335833677198925
grid_m3.75_29.50,2020-04-01,19.916986027777803,17.272420236111135,733.2706448868,1014.5805694444444,-0.5567086752245833,0.50839309677625
grid_m3.75_29.50,2020-05-01,20.14908545698927,16.282608696236583,332.86714532162,1015.9662144489247,-0.5443263509601344,0.8123984765711022
grid_m3.75_29.50,2020-06-01,19.300811638888913,15.643773930555577,208.4288596262,1015.9718625694444,-0.38372520943347227,0.8138770837234722
grid_m3.75_29.50,2020-07-01,18.572223185483896,14.92369540322583,148.22292326078,1015.2735797715054,-0.2962492844971774,1.0533252839397849
grid_m3.75_29.50,2020-08-01,20.020660255376367,14.978352500000023,159.15965988896,1014.0729981854839,-0.20467247517926077,0.8745550756225268
grid_m3.75_29.50,2020-09-01,20.1011219027778,15.67962866666669,419.93904151866,1013.5793708333333,-0.3213607998763889,0.7485767579556944
grid_m3.75_29.50,2020-10-01,19.99440489247314,16.042124556451633,673.73752549174,1013.326653360215,-0.4314130355659946,0.5018744492534408
grid_m3.75_29.50,2020-11-01,19.8380744027778,16.603337833333356,896.20733355936,1013.5373652777779,-0.5675032174847222,0.31534131465397225
grid_m3.75_29.50,2020-12-01,19.739156250000022,16.89896801075271,964.22624406804,1013.5936846774193,-0.48433404437836025,0.4441240972783602
grid_m3.75_29.50,2021-01-01,19.38362163978497,16.6394372715054,941.70236424444,1013.2708208333332,-0.43607042174112903,0.3666219607555108
grid_m3.75_29.50,2021-02-01,19.836159568452405,16.566586651785737,565.53315952206,1013.2202784970237,-0.41647316081369046,0.08932147683199404
grid_m3.75_29.50,2021-03-01,19.71663505376346,16.523629462365616,740.57245374072,1012.4828067204301,-0.5895973114340054,0.5271814825844758
grid_m3.75_29.50,2021-04-01,19.424267833333356,17.06929516666669,772.57013520526,1014.060658125,-0.62708301593825,0.6527493581087223
grid_m3.75_29.50,2021-05-01,19.548991491935507,16.68601489247314,501.72471815038,1015.0641332661289,-0.4921285781229839,0.7616614267373656
grid_m3.75_29.50,2021-06-01,19.491700138888913,15.133544875000021,114.9072642726,1015.6503881944444,-0.49519744438083335,0.8022494637404722
grid_m3.75_29.50,2021-07-01,18.5945434543011,14.285727594086042,92.4997330651,1016.8054784946236,-0.3110519333891586,1.1196339703936828
grid_m3.75_29.50,2021-08-01,19.76330973118282,14.969888763440883,235.70585242528,1014.882508938172,-0.2725446968971774,0.6124377290598119
grid_m3.75_29.50,2021-09-01,20.091813819444468,15.536119625000023,305.1805498781,1013.7822429861112,-0.3846403963291667,0.5428992426822222
grid_m3.75_29.50,2021-10-01,20.37219919354841,16.415839327957013,607.17248853476,1013.0162305107527,-0.49628795133164516,0.42544092100416664
grid_m3.75_29.50,2021-11-01,19.906829486111132,16.01777004166669,600.1958849694,1012.7779224999999,-0.4911959748675,0.5123579882664306
grid_m3.75_29.50,2021-12-01,19.68481114247314,16.943221559139808,885.80751393028,1013.235740188172,-0.6917467011832795,0.28207508168131723
grid_m3.75_29.50,2022-01-01,19.777413750000022,16.637140994623678,677.43921205888,1013.4530140456989,-0.3379628784486559,0.29585110170013446
grid_m3.75_29.50,2022-02-01,19.387542291666687,16.532533824404783,680.93872003426,1013.5114717261905,-0.3138692256965774,-0.0815822731235863
grid_m3.75_29.50,2022-03-01,19.978218709677442,16.92281790322583,896.05665140772,1012.2598465725807,-0.535989372008199,0.5884626038814516
grid_m3.75_29.50,2022-04-01,19.900621333333355,16.911575319444466,673.3236296080601,1012.7265331944444,-0.5703514527328472,0.5962709642679167
grid_m3.75_29.50,2022-05-01,19.79758563172045,16.459284099462387,490.95153817908,1015.1782329301076,-0.5414210076044355,0.5716144398295699
grid_m3.75_29.50,2022-06-01,18.896369027777798,14.730937069444467,132.98463873616,1015.3373550000001,-0.4773790322847222,0.9660752629487778
grid_m3.75_29.50,2022-07-01,18.957720282258087,14.068627231182818,97.11027194854,1015.8634612231183,-0.2290879748236559,1.0626251673409945
grid_m3.75_29.50,2022-08-01,19.57650368279572,14.676921303763466,221.02022192756,1014.0627681451613,-0.23561803820658603,0.7449073174754033
grid_m3.75_29.50,2022-09-01,19.946131250000022,15.480889347222245,325.46854073022,1013.598823125,-0.34818931055694446,0.6183672584793055
grid_m3.75_29.50,2022-10-01,20.52389223118282,15.662711344086043,390.89965832614,1012.7642970430107,-0.35944097721784946,0.5703101812731856
grid_m3.75_29.50,2022-11-01,19.252378180555578,16.535152375000024,868.87121016316,1013.5163613194444,-0.47661908312194445,0.1894201920340972
grid_m3.75_29.50,2022-12-01,18.963002446236583,16.340123091397874,876.9147407987,1013.5333959005377,-0.49005696578982527,0.42628099567548383
grid_m3.75_29.50,2023-01-01,19.45164928763443,16.255957715053786,833.89449068304,1013.5616731182796,-0.5444105617163172,0.5300352034333333
grid_m3.75_29.50,2023-02-01,19.56863248511907,16.43283961309526,805.12952448366,1013.3296290178571,-0.488475618333631,0.510680153017262
grid_m3.75_29.50,2023-03-01,19.62125745967744,16.62750430107529,786.21196638962,1013.4178422715054,-0.39952434049032254,0.36004620170271506
grid_m3.75_29.50,2023-04-01,19.64139650000002,17.05922554166669,775.0706677611,1013.1112273611111,-0.5760337625001388,0.65714884210625
grid_m3.75_29.50,2023-05-01,20.34374673387099,16.724900618279595,341.33338993228,1015.1187386424731,-0.5441163988662634,0.6686432123437124
grid_m3.75_29.50,2023-06-01,19.754759486111134,15.855860708333354,214.2353058931,1015.5422848611112,-0.30954040998875,0.7524582549260139
grid_m3.75_29.50,2023-07-01,19.096597405914,13.69849364247314,49.822329775099995,1016.8834112903227,-0.33285228981518816,1.1012746120277823
grid_m3.75_29.50,2023-08-01,20.42264116935486,14.906971384408624,122.94959971268,1015.0353949596775,-0.20818872401169355,0.9748517107427822
grid_m3.75_29.50,2023-09-01,20.376052736111134,16.553188722222245,665.77434427542,1013.8662370138888,-0.5286977973569444,0.09346536064833333
grid_m3.75_29.50,2023-10-01,20.610005241935507,16.461405564516152,620.03422034918,1012.9127307123657,-0.5963104613822581,0.4925714720125
grid_m3.75_29.50,2023-11-01,19.53072916666669,17.23769704166669,1032.67764957892,1013.6986395833333,-0.5882375730172222,0.2727730867266389
grid_m3.75_29.50,2023-12-01,19.917858198924755,17.48689279569895,928.07531432008,1014.0715559139785,-0.42949490788978495,0.5430141770330645
grid_m3.75_29.50,2024-01-01,19.794846814516152,17.096425134408626,714.4155506745,1015.3195508064516,-0.2890143241243279,-0.252968489584414
grid_m3.75_29.50,2024-02-01,20.887945359195427,17.66022155172416,817.07334676816,1014.5189976293104,-0.47203358374889365,0.31426392611009196
grid_m3.75_29.50,2024-03-01,20.934984422043033,17.831343387096798,816.59746077408,1014.00963702957,-0.5150939187566466,0.5621578880302419
grid_m3.75_29.50,2024-04-01,20.406129597222243,17.961359958333354,861.8073485353,1014.0608321527777,-0.5163563883298056,0.6196737500656945
grid_m3.75_29.50,2024-05-01,20.83142237903228,17.68808846774196,305.3994183391,1014.9378243951613,-0.4335960675158199,0.7054870011198924
grid_m3.75_29.50,2024-06-01,19.7980009027778,15.175175125000026,98.59800343924,1016.0026518055556,-0.35569706983875,0.9695350865894444
grid_m3.75_29.50,2024-07-01,19.917120698924755,13.81563616935486,20.94364168076,1015.4632218413979,-0.04196144472682796,1.0432118446261156
grid_m3.75_29.50,2024-08-01,19.974171129032282,14.149650013440883,132.20691634706,1015.0070555107527,-0.13950220648978495,1.1252737748126345
grid_m3.75_29.50,2024-09-01,21.045580555555578,15.08371680555558,186.3756182983,1013.7161903472223,-0.18086831894454167,0.7636561644151388
grid_m3.75_29.50,2024-10-01,20.3758635887097,16.481415631720452,675.43792843336,1014.0541377688172,-0.468775553693414,0.39925429759596776
grid_m3.75_29.50,2024-11-01,19.470652680555578,16.729131930555578,815.3452860275,1013.8047054166666,-0.48528406366930554,0.43838240217486113
grid_m3.75_29.50,2024-12-01,19.759597486559162,17.095874543010773,938.6034002098401,1014.2068126344086,-0.500108124320699,0.3986773952776882
grid_m3.75_29.50,2025-01-01,19.738820026881744,16.85237987903228,861.75656253972,1013.6051547715053,-0.41321990356155913,0.3765961848495296
grid_m3.75_29.50,2025-02-01,20.378565580357165,17.127863526785738,672.35374637316,1012.5829821428571,-0.4702534668547024,0.7731115705616518
grid_m3.75_29.50,2025-03-01,20.2661272715054,17.13187904569895,679.8324574616,1013.3588399865592,-0.4487805528592742,0.5305935233955645
grid_m3.75_29.50,2025-04-01,20.039309875000022,17.3030444027778,820.24907758138,1013.6663284027777,-0.5908377955341666,0.5409744622316667
grid_m3.75_29.50,2025-05-01,19.696800698924754,16.676396827957014,551.94091682444,1015.6484930107528,-0.6303094645182795,0.6613660829795699
grid_m3.75_29.50,2025-06-01,19.469792666666688,15.241563458333356,243.7424662429,1016.4253959027777,-0.4887566664222222,0.5847144657436111
grid_m3.75_29.50,2025-07-01,18.899097661290348,14.717019529569916,212.25976898742,1016.9148925403225,-0.3209112301724462,0.833051943768414
grid_m3.75_29.50,2025-08-01,18.99476620967744,13.80802107526884,154.73604273578,1015.5984403225806,-0.14300085878266128,0.8488396044844085
grid_m3.75_29.50,2025-09-01,20.26909730555558,14.815120500000022,278.73515998332,1014.2729542361111,-0.2153884261047222,0.7206829492211111
grid_m3.75_29.50,2025-10-01,20.35178432795701,16.093918763440882,624.11355859576,1013.4650178091398,-0.44026633158870965,0.3031746850138441
grid_m3.75_29.50,2025-11-01,19.8364469027778,16.5023135277778,650.91466792634,1013.6862479166666,-0.5765539577333333,0.5143630771794445
grid_m3.75_29.50,2025-12-01,19.39624532258067,16.377289032258087,883.07905198646,1013.1840832661289,-0.49711504660752687,0.4576158637991532
grid_m3.75_29.50,2026-01-01,19.813281048387122,16.749930806451633,870.62168198228,1013.5701119623656,-0.5106856641127688,0.35952510595376347
grid_m3.75_29.50,2026-02-01,19.356809062500023,16.490034821428594,722.4512091655799,1014.1547193452382,-0.44565489347529763,0.16599559978467263
grid_m3.75_29.50,2026-03-01,19.73637354838712,17.06331750000002,784.02399961862,1012.8466007392474,-0.40739439260551075,0.3313555777204301
grid_m3.75_29.50,2026-04-01,20.59862229166669,17.333959583333357,35.90822239,1012.7522125,-0.6552607229166666,0.6785866410416667
