location,month_start,t2m_mean_C,d2m_mean_C,tp_sum_mm,msl_mean_hPa,u10_mean,v10_mean
grid_m4.00_29.75,1940-01-01,17.874675416666687,14.536882016129054,384.93633222182,1013.5769402553764,0.17617416335067204,0.2797444858192204
grid_m4.00_29.75,1940-02-01,18.022520718390826,15.02614770114945,269.7906490821,1013.8061604166667,0.03116605478591954,0.40196072446760056
grid_m4.00_29.75,1940-03-01,18.044816814516153,15.252908225806474,331.24470704022,1013.4105637768816,0.07263277962499999,0.43089965038212363
grid_m4.00_29.75,1940-04-01,18.10496568055558,15.2993591527778,207.26013172682,1014.0579527083333,-0.7423689112734723,0.30230233971558335
grid_m4.00_29.75,1940-05-01,18.257157889784967,14.72487159946239,159.31415566092,1014.1885043682796,-0.5999947009861559,0.47000682028360213
grid_m4.00_29.75,1940-06-01,18.619598763888913,12.337550875000023,10.16592975838,1015.936395763889,-0.23596657732106946,0.86764757327875
grid_m4.00_29.75,1940-07-01,19.40624920698927,10.3276610215054,3.59249118238,1015.8447900537634,0.1745842342094086,1.1850709391819894
grid_m4.00_29.75,1940-08-01,20.51915471774196,8.49823107526884,1.8982887253,1014.5116432123656,-0.009143275112290322,1.1922438414599463
grid_m4.00_29.75,1940-09-01,18.373606500000022,14.455534833333356,271.0585594822,1014.5724747222223,-0.06209235678805555,0.46349722561708334
grid_m4.00_29.75,1940-10-01,18.263895026881745,14.785530940860237,301.2483125073,1014.1807403225806,-0.43895030266814516,0.28353393803002686
grid_m4.00_29.75,1940-11-01,17.38646104166669,14.731305847222243,283.92839374616,1013.1740802083333,0.11397320892319446,0.519858488595139
grid_m4.00_29.75,1940-12-01,18.286096384408626,14.274052258064538,244.00472691288,1014.0921042338709,-0.4725937575692204,0.10429733642459678
grid_m4.00_29.75,1941-01-01,18.3458022715054,14.889885618279594,272.84455256842,1014.8954206317205,0.12954225739596775,0.3820675092995107
grid_m4.00_29.75,1941-02-01,18.599421502976213,15.623738720238117,259.03129644404,1014.4373656994047,-0.11410701812648809,0.42975196396502974
grid_m4.00_29.75,1941-03-01,19.7712272043011,15.675645107526906,223.54650462204,1013.5601914650539,0.4789152032270833,0.23537201020846774
grid_m4.00_29.75,1941-04-01,18.82734326388891,15.789728430555579,221.64011000632001,1014.6516054166667,-0.13977440682652778,0.5971682189687499
grid_m4.00_29.75,1941-05-01,17.915700430107552,14.342432728494648,179.2817116746,1015.9292636424731,-1.1045072828427958,0.3707436175891129
grid_m4.00_29.75,1941-06-01,18.88363804166669,13.151651819444467,52.56557444292,1016.9775336805554,-0.5403643519340278,0.7553337094645832
grid_m4.00_29.75,1941-07-01,18.703318091397872,10.712912016129057,9.170055401760001,1016.7383731854839,-0.773505691368414,0.9709572745172043
grid_m4.00_29.75,1941-08-01,20.298682526881745,10.277082043010775,10.77914237226,1014.7099241935483,-0.3104406850594086,1.1245044588671584
grid_m4.00_29.75,1941-09-01,20.98678412500002,9.933156263888911,22.056818119,1012.8288717361111,-0.5654446824305556,0.883927472588611
grid_m4.00_29.75,1941-10-01,20.592613897849485,12.749704650537659,114.0828132795,1013.2249279569893,-0.2274510158669758,0.6304125848748656
grid_m4.00_29.75,1941-11-01,17.75673779166669,15.216114041666689,378.5338396128,1013.6218078472222,0.15309653805319445,0.5695874316586111
grid_m4.00_29.75,1941-12-01,18.00115741935486,14.354786612903249,260.68091392958,1014.7338912634408,-0.4416058248752957,0.23898268620717744
grid_m4.00_29.75,1942-01-01,18.620658642473142,14.147003978494645,221.16279631286,1014.4427865591398,-0.30223109889093547,0.24323563945255375
grid_m4.00_29.75,1942-02-01,19.197382708333357,14.26234436011907,126.39164899328,1011.904201860119,-0.41585734332767854,0.43066778586696425
grid_m4.00_29.75,1942-03-01,17.823767069892494,15.474690712365614,318.30668439696,1013.0883423387097,-0.020600780330241934,0.49189727425913976
grid_m4.00_29.75,1942-04-01,17.741435875000022,15.295635083333357,216.8736456364,1014.5356445138889,-0.59548895018175,0.43966566638652776
grid_m4.00_29.75,1942-05-01,18.319746545698948,14.021563951612924,100.67534442182,1014.5667068548388,-1.0157365489576613,0.4556565397475511
grid_m4.00_29.75,1942-06-01,18.910778097222245,12.550074986111134,18.19825175722,1014.7767406249999,-0.21484021079013887,0.8548925095379167
grid_m4.00_29.75,1942-07-01,18.237208360215075,9.444360712365615,3.4832954451,1015.8086237231182,-0.29597272119905915,1.1610060318294355
grid_m4.00_29.75,1942-08-01,20.397588360215074,7.439641505376367,1.1415481561,1013.5160186827957,-0.64007877985457,1.0153884468987902
grid_m4.00_29.75,1942-09-01,21.466253500000022,6.123641611111134,2.9139518834600002,1012.4499082638888,-0.8243030761581944,0.9653185516527778
grid_m4.00_29.75,1942-10-01,21.091553266129054,10.612155080645183,124.54891190222,1011.6993774865591,-0.7488072489998656,0.7309573183526881
grid_m4.00_29.75,1942-11-01,18.80070293055558,13.578283319444466,191.64752952648,1011.7591344444445,-0.7407877799566668,0.21157813583973611
grid_m4.00_29.75,1942-12-01,18.038463037634433,14.239265497311852,236.79542579378,1012.3644074596775,-0.5112292593012365,0.06998554341854839
grid_m4.00_29.75,1943-01-01,18.899511505376367,14.438328427419377,283.75267894462,1011.4794673387097,-0.06149152858064517,0.28924587177123656
grid_m4.00_29.75,1943-02-01,18.417588125000023,15.277817261904783,279.96277840508003,1012.7405595238095,-0.13640468791339286,0.3577293451008631
grid_m4.00_29.75,1943-03-01,18.07509036290325,15.063453938172065,241.34945866776,1011.4577625000001,-0.46267309831841397,0.3454228632789381
grid_m4.00_29.75,1943-04-01,17.777862583333356,15.0830550277778,198.8720895487,1013.8932606944444,-0.6710195828054444,0.2887715019776389
grid_m4.00_29.75,1943-05-01,17.403378373655936,13.2931885887097,147.77517350646,1013.962162298387,-0.06777519360080644,0.5772509638563171
grid_m4.00_29.75,1943-06-01,17.751319208333356,10.515252000000022,4.16493418312,1015.2399636111111,-0.20481999773055556,0.9767976123680556
grid_m4.00_29.75,1943-07-01,18.674905067204325,10.062315833333356,6.75296778868,1014.9522135080645,-0.10508453062553764,1.1053825480256183
grid_m4.00_29.75,1943-08-01,19.3654823387097,10.134412271505399,29.4878483253,1013.2431913978495,-0.05636820336498656,1.0674726424784946
grid_m4.00_29.75,1943-09-01,20.031695361111137,10.735342833333355,16.20483392922,1013.3210900694444,-0.47273131382805555,0.9661673870627778
grid_m4.00_29.75,1943-10-01,20.79958067204303,9.771087419354862,61.43569987336,1011.5075723118279,-0.7676432420616128,0.7505080950994476
grid_m4.00_29.75,1943-11-01,18.527554458333356,14.725200847222244,254.76407985422,1011.999727638889,-0.4893114297444722,0.19422995263083334
grid_m4.00_29.75,1943-12-01,18.662508642473142,14.811208588709702,245.30339219464,1012.5491436827957,-0.42028642593488574,0.14985648078360214
grid_m4.00_29.75,1944-01-01,18.254720147849486,14.630384892473142,263.38911060398,1014.238105107527,-0.17937779440981183,0.4516543722784946
grid_m4.00_29.75,1944-02-01,19.255279899425307,14.60021247126439,181.25605576188,1013.3900681752874,-0.15599009765488506,0.3568345429100575
grid_m4.00_29.75,1944-03-01,18.804070994623682,15.298842553763462,215.0838373368,1012.480023252688,-0.233844203584543,0.4682282892107527
grid_m4.00_29.75,1944-04-01,18.573496833333355,15.281806569444468,265.83671569068,1013.5749636111111,-0.8457625727729166,0.36973508169494446
grid_m4.00_29.75,1944-05-01,17.804819623655934,13.551131572580667,190.12999549918,1013.9313840053763,-0.8311652156678495,0.47013746095967746
grid_m4.00_29.75,1944-06-01,19.033425694444468,11.86939151388891,12.51220698242,1014.0899840972223,-0.5734969249916666,0.7903225171418056
grid_m4.00_29.75,1944-07-01,18.788436908602172,8.507903212365614,6.3478946643,1015.8966415322581,-0.872330469974328,0.9582570588547042
grid_m4.00_29.75,1944-08-01,20.76912168010755,8.542625887096797,3.74794010354,1014.04365625,-0.6259889271801075,1.0066165502755375
grid_m4.00_29.75,1944-09-01,21.58960876388891,8.512857972222246,11.31224646362,1013.089542013889,-0.4387347972908333,0.9169306644611112
grid_m4.00_29.75,1944-10-01,20.198706478494646,13.760058198924753,169.14367695398,1011.9734112231182,-0.5393540371034946,0.4258495036261962
grid_m4.00_29.75,1944-11-01,18.0747832777778,14.827004930555578,291.78643182496,1012.642849236111,-0.12902325446291665,0.3813098489773611
grid_m4.00_29.75,1944-12-01,18.137991586021528,14.787783978494646,245.75400363866,1011.8243499327957,-0.4515572682615592,0.2411602388586828
grid_m4.00_29.75,1945-01-01,18.436132889784968,14.703534435483894,285.88509587348,1012.7945803091399,0.005396632693844086,0.3943921971177419
grid_m4.00_29.75,1945-02-01,18.24809529761907,15.028092068452404,287.14656822534,1011.8267561755953,0.4306035894866473,0.5206512497128571
grid_m4.00_29.75,1945-03-01,18.066054610215076,15.490473508064538,319.84806103568,1013.9195471774193,-0.31263983131102147,0.4422351871518817
grid_m4.00_29.75,1945-04-01,17.803865597222245,15.21827354166669,197.51071917662,1013.8665327083334,-0.7339010439527779,0.3382338203736111
grid_m4.00_29.75,1945-05-01,17.756285806451636,13.703913991935504,111.68789875844,1014.1528786962366,-1.0946221715194893,0.4206003361280914
grid_m4.00_29.75,1945-06-01,18.3430869027778,11.203394972222245,10.20598407786,1015.4419581249999,-0.32488216911502776,0.9557378699116666
grid_m4.00_29.75,1945-07-01,18.64283373655916,9.133124422043034,1.90210342618,1015.1501271505377,-0.629864155331586,1.0789558236196235
grid_m4.00_29.75,1945-08-01,19.995470282258086,9.736883010752711,15.48028002894,1014.066647311828,-0.8134395441471773,1.0583730508564515
grid_m4.00_29.75,1945-09-01,20.965220972222244,8.922807986111133,35.5286597828,1014.2082390277777,-0.7965113323627777,0.8399781915032777
grid_m4.00_29.75,1945-10-01,20.108957190860238,13.323242096774216,130.0997735189,1012.7609126344086,-0.34490735022311825,0.5528190572737903
grid_m4.00_29.75,1945-11-01,18.527030111111134,14.665447930555578,218.53637683974,1012.4641020138889,-0.28891237823819443,0.18734211563902778
grid_m4.00_29.75,1945-12-01,18.181787715053787,14.462980309139807,292.64998441208,1013.6132620295698,-0.1665045824391129,0.317852779143414
grid_m4.00_29.75,1946-01-01,18.486590698924754,14.959126370967763,279.37936747458,1013.3142055107527,-0.03202812369086022,0.34493374561889245
grid_m4.00_29.75,1946-02-01,19.701727500000022,15.360486116071451,177.3951053976,1011.9004577380953,-0.011366371482886904,0.45374370721741075
grid_m4.00_29.75,1946-03-01,19.23559475806454,15.847283360215076,195.15132935872,1012.0066411290322,-0.14159249668776883,0.5017913852385081
grid_m4.00_29.75,1946-04-01,18.249751722222246,15.726555763888912,215.06786393352,1013.6684738888889,-0.5449673543719861,0.36827061972249997
grid_m4.00_29.75,1946-05-01,18.19600750000002,14.519086881720453,129.69207811192,1014.4065593413978,-0.8705055650876343,0.41137194767903223
grid_m4.00_29.75,1946-06-01,18.12336469444447,12.424066250000022,8.52870941808,1015.9439195833334,0.204460292527,1.0044907462713055
grid_m4.00_29.75,1946-07-01,19.313427862903247,9.729655658602173,2.20346451256,1014.6594038306451,-0.24964279254892474,1.0727105901579892
grid_m4.00_29.75,1946-08-01,20.033614959677443,7.104792231182818,0.80490111948,1013.8153497983872,-0.3480168830513441,1.1489709420379033
grid_m4.00_29.75,1946-09-01,20.288004500000024,12.001505875000023,50.09531971232,1012.6017518055555,-0.38808858597999996,0.7184963952754166
grid_m4.00_29.75,1946-10-01,18.400515201612926,14.730522069892496,233.951569662,1013.193856048387,0.010929889702688168,0.38371128539139787
grid_m4.00_29.75,1946-11-01,17.91592206944447,15.291085222222245,339.56480036542,1012.8206736805556,-0.04482329745555555,0.3161975265363889
grid_m4.00_29.75,1946-12-01,18.051675577957013,14.878399650537657,314.45288654978,1012.8214883064516,-0.31687873983284137,0.21484809810860214
grid_m4.00_29.75,1947-01-01,18.16680665322583,15.251620201612925,249.45497537926,1012.6685595430108,-0.08098905964368279,0.2745451602221774
grid_m4.00_29.75,1947-02-01,18.612690967261926,15.253893735119071,171.5106958595,1012.6736484375,-0.261940864868006,0.4014491577837053
grid_m4.00_29.75,1947-03-01,18.270477029569914,15.595994112903249,302.41107925968,1014.2792985887097,0.27199023346612905,0.42447820990793006
grid_m4.00_29.75,1947-04-01,18.165192569444468,15.825922861111135,282.92250613332,1014.4615438194444,-0.5447602166643056,0.3540701754684722
grid_m4.00_29.75,1947-05-01,18.00559935483873,14.01483669354841,115.0887012517,1014.7986815188171,-1.4080851591599461,0.2728019165016129
grid_m4.00_29.75,1947-06-01,18.743010111111133,12.029630152777798,24.97744553398,1015.2910578472223,-0.8601972780397222,0.7746314351221251
grid_m4.00_29.75,1947-07-01,19.3763424731183,9.442482903225828,6.40535355658,1014.5413846102151,-0.08248095473844086,1.042759641627285
grid_m4.00_29.75,1947-08-01,20.065053588709702,8.37194418010755,1.79719925642,1014.0039946236559,-0.2545085930553763,1.150395210468414
grid_m4.00_29.75,1947-09-01,21.42305969444447,6.62612541666669,1.644849794,1013.0132409722222,-0.8555109380813889,1.022559759940875
grid_m4.00_29.75,1947-10-01,20.927847069892497,12.515175712365615,116.33300762616,1012.3047399865592,-0.9329437135705645,0.43468046898387097
grid_m4.00_29.75,1947-11-01,18.491752680555578,15.038350208333355,271.6610428692,1012.3219101388888,-0.3728511593065278,0.2351391056195139
grid_m4.00_29.75,1947-12-01,17.72354724462368,14.820732580645185,321.28381707214,1012.9248119623655,-0.2893407624210484,0.2296128008302419
grid_m4.00_29.75,1948-01-01,18.16867362903228,15.346820053763466,333.38594398466,1013.3009815860215,-0.12596868068682796,0.3385431024436828
grid_m4.00_29.75,1948-02-01,18.143747112068986,15.470570718390828,300.59981336244,1013.5598933189655,-0.42250113769686787,0.29567859704913796
grid_m4.00_29.75,1948-03-01,18.37497193548389,15.44523044354841,282.87959091673997,1013.3529174731183,-0.24487813388740592,0.28414414381854836
grid_m4.00_29.75,1948-04-01,18.534690972222247,15.665860430555577,215.66986975458,1012.8745177777778,-0.9137627739904166,0.12069178609452778
grid_m4.00_29.75,1948-05-01,18.774347755376365,14.403860766129055,122.75528932056,1014.2938463037634,-0.981598647503629,0.34472807972997316
grid_m4.00_29.75,1948-06-01,18.990464097222244,12.326141930555577,14.70661164128,1015.6828833333333,-0.3973931208902778,0.9683726910525
grid_m4.00_29.75,1948-07-01,19.16808092741938,8.504843709677443,0.81729888592,1015.0301551075269,-0.27687977102878364,1.1105697194056452
grid_m4.00_29.75,1948-08-01,20.013275282258085,10.056079422043034,9.32002064438,1014.1160700268817,-0.38316312483279574,1.1242743217854838
grid_m4.00_29.75,1948-09-01,20.620645736111133,11.783152583333358,54.64863751936,1012.6966002777779,-0.37218026124541664,0.7798411051742222
grid_m4.00_29.75,1948-10-01,19.142747983870994,14.682074650537658,202.43024816788,1013.1695854166667,-0.49816476139135757,0.3241956766528226
grid_m4.00_29.75,1948-11-01,18.355466250000024,15.270940069444466,262.43209834098,1013.0394136111112,-0.37753032316236107,0.17580210347430555
grid_m4.00_29.75,1948-12-01,18.113931599462386,14.961194758064538,301.6443242448,1012.7205866935484,-0.24670134986962367,0.10016720251276882
grid_m4.00_29.75,1949-01-01,18.562778454301096,15.381483884408624,311.62095128328,1013.6283944220429,-0.28059113460076884,0.19189601315873656
grid_m4.00_29.75,1949-02-01,18.295691190476212,15.417527008928595,276.61228156032,1014.1963742559523,0.03692315953452381,0.20965764705721726
grid_m4.00_29.75,1949-03-01,19.175776344086042,15.503800698924753,214.8940558494,1012.1881402553763,-0.6509832352580646,0.23742448578508066
grid_m4.00_29.75,1949-04-01,18.13264741666669,16.078570486111136,275.3417488,1014.7727963194445,-0.39308086055736113,0.41969750667444444
grid_m4.00_29.75,1949-05-01,18.00502237903228,14.475927110215077,154.93965181214,1014.7900161962366,-0.8075690935754032,0.37249573288803767
grid_m4.00_29.75,1949-06-01,17.763623763888912,12.921469500000025,37.5084876475,1015.9088110416667,-0.06573297770888889,0.8953922883645834
grid_m4.00_29.75,1949-07-01,18.616573951612924,10.452247177419377,10.28490070072,1015.6838258064515,-0.3336879153844086,0.9921888221561829
grid_m4.00_29.75,1949-08-01,20.316965241935506,6.869664825268841,0.142574311,1013.9305891129031,0.09782407619865592,1.1550023698942204
grid_m4.00_29.75,1949-09-01,20.902939083333358,9.89725179166669,12.02201850404,1013.5473635416668,-0.17914611019222224,0.9989052463650001
grid_m4.00_29.75,1949-10-01,20.375556263440885,12.306643279569915,93.10817695424001,1012.9747409946236,-0.3883791275421371,0.5734566109584678
grid_m4.00_29.75,1949-11-01,18.903604805555577,15.431492138888911,225.03805145356,1013.0006296527778,-0.35052570350020834,0.22578478159262502
grid_m4.00_29.75,1949-12-01,18.036057540322602,15.2246635887097,247.20501937266,1012.6080123655914,-0.19877733163763442,0.24953222716263443
grid_m4.00_29.75,1950-01-01,18.160311370967765,15.26663923387099,333.56809620186,1012.6144608870968,-0.041980853185782256,0.29014790379892474
grid_m4.00_29.75,1950-02-01,18.49368260416669,15.583137693452402,309.11564709946,1013.0923834821428,-0.1474824893983631,0.2883549384239584
grid_m4.00_29.75,1950-03-01,18.10867610215056,15.478138602150562,346.24433492582,1013.0176333333333,-0.32475914474180106,0.35281437751397854
grid_m4.00_29.75,1950-04-01,17.925662125000024,15.765405722222246,234.68065250862,1013.1178015277777,-0.5827983645218472,0.36870386390106946
grid_m4.00_29.75,1950-05-01,17.34826369623658,14.438948897849484,199.4879239995,1014.7453948924731,-0.7376872646127688,0.5187839191274058
grid_m4.00_29.75,1950-06-01,17.779652361111136,11.574686361111132,8.05830958852,1015.2893794444444,-0.3526714537127778,0.959019852038
grid_m4.00_29.75,1950-07-01,18.458810362903247,10.049928279569915,5.56039808748,1015.3292969758064,0.11925141549844086,1.114838159140726
grid_m4.00_29.75,1950-08-01,19.082320134408626,8.072997876344107,4.18019293932,1014.8652560483871,0.3015449064004032,1.2237117938821238
grid_m4.00_29.75,1950-09-01,20.386407138888913,11.174399111111134,64.61501106736,1014.1068439583333,-0.4085340496304167,0.7714523511194862
grid_m4.00_29.75,1950-10-01,19.112347674731204,13.940939758064538,152.32658389584,1013.0158265456989,-0.34933834674784947,0.549950240877016
grid_m4.00_29.75,1950-11-01,17.816886958333356,15.035716833333355,306.65659820682,1012.40370625,-0.4875738990015695,0.18546875829027776
grid_m4.00_29.75,1950-12-01,17.842891357526902,15.488694301075292,288.95640302698,1013.1593969086022,-0.4505832505740591,0.19289498738814514
grid_m4.00_29.75,1951-01-01,18.055516223118303,15.26031969086024,354.15935567314,1013.0728192204301,-0.027090257861021504,0.3401901699964113
grid_m4.00_29.75,1951-02-01,18.053751369047642,15.101173616071451,270.98417239724,1013.5015036458333,-0.30916974731607144,0.3012983452691964
grid_m4.00_29.75,1951-03-01,18.383507016129055,15.811928723118303,267.75813127016,1012.8099926747311,-0.6613004796629033,0.24579452764045698
grid_m4.00_29.75,1951-04-01,17.891704013888912,15.891221347222245,371.88005552,1014.7096663194445,-0.1123598091313889,0.5031885352713888
grid_m4.00_29.75,1951-05-01,18.55511674731185,14.272247432795723,116.56856539912,1015.27879327957,-1.376906033408602,0.35717462670026884
grid_m4.00_29.75,1951-06-01,18.581321361111137,11.025539902777801,9.10520553194,1015.7532842361111,-0.5136014373920834,0.8769934924227916
grid_m4.00_29.75,1951-07-01,18.96859047043013,8.097358467741957,3.65567208592,1016.0218315188173,-0.2737356823797043,1.0516078163047042
grid_m4.00_29.75,1951-08-01,20.31247301075271,8.136116532258088,5.46312325574,1014.689685282258,-0.475105756994086,1.1478400282123655
grid_m4.00_29.75,1951-09-01,21.076959222222246,12.229563680555579,44.39210911202,1013.1868223611111,-0.5154712165499999,0.7426328667956944
grid_m4.00_29.75,1951-10-01,19.952838279569917,14.475446908602173,222.03111637208,1012.7816321908601,-0.5935347981915725,0.3248364858106183
grid_m4.00_29.75,1951-11-01,18.129799333333356,15.90100680555558,321.68698308866,1013.8403357638889,-0.21068462811555555,0.4547255626418055
grid_m4.00_29.75,1951-12-01,17.54292673387099,15.826080927419378,385.04934302038,1014.7038760080645,0.08161852979647849,0.5305613232769085
grid_m4.00_29.75,1952-01-01,18.625759663978517,15.77429298387099,300.55618261388,1013.4555301747313,-0.29844544046330646,0.13930809061760752
grid_m4.00_29.75,1952-02-01,18.470362859195426,16.14795928160922,339.19095953984,1013.0029033045977,-0.03163334289204023,0.5014867894116379
grid_m4.00_29.75,1952-03-01,18.959487069892496,15.890283911290345,257.02261960464,1012.818638373656,-0.2923113081514785,0.34112011708780915
grid_m4.00_29.75,1952-04-01,18.1612370277778,15.956982902777801,248.58093253962,1014.1915365277778,-0.6462309313120833,0.3433923520879792
grid_m4.00_29.75,1952-05-01,18.13799924731185,14.965736451612928,189.4466876025,1015.2015920698925,-0.38727826028857526,0.4949475561877688
grid_m4.00_29.75,1952-06-01,18.264318083333357,11.72348668055558,19.03080936014,1016.7931927083333,-1.052949841154861,0.8383399701531944
grid_m4.00_29.75,1952-07-01,18.727497029569914,9.36250731182798,2.35772133662,1015.81854327957,-0.46711429532096777,1.0776693584797044
grid_m4.00_29.75,1952-08-01,20.011745255376365,9.058869973118302,3.54599949554,1014.1703087365592,-0.1592050590610215,1.119309206869086
grid_m4.00_29.75,1952-09-01,20.52307829166669,11.770086097222245,53.87687689692,1012.795672638889,-0.42534640156652775,0.7315652227600277
grid_m4.00_29.75,1952-10-01,19.85005196236561,13.928379475806475,149.69873376825998,1012.977011626344,-0.33768809765107527,0.5826382799484167
grid_m4.00_29.75,1952-11-01,17.95841441666669,15.186330625000023,314.24188650596,1013.0964138888888,-0.4753556022552778,0.2597572109208333
grid_m4.00_29.75,1952-12-01,18.198965739247335,15.89798045698927,305.3984647018,1013.1994981182796,-0.438341167926828,0.0365274494079301
grid_m4.00_29.75,1953-01-01,18.00734735215056,15.563172419354862,455.45196470324,1013.6351101478494,0.3160711523222285,0.5349011168180108
grid_m4.00_29.75,1953-02-01,18.1313689136905,15.932679523809545,300.91857851168,1012.8440851190476,-0.24219512156607143,0.26661107668377976
grid_m4.00_29.75,1953-03-01,18.14358427419357,16.111896478494646,325.82545271786,1013.2794411290322,-0.06426768177836022,0.501856305192996
grid_m4.00_29.75,1953-04-01,17.878279888888912,16.148226138888912,309.47565986092,1014.4119825,-0.37162929156861113,0.42049240511444447
grid_m4.00_29.75,1953-05-01,17.815510806451634,15.164951922043034,214.69736118846,1015.2879704973119,-1.1950276889067204,0.34579616385913975
grid_m4.00_29.75,1953-06-01,18.089345458333355,12.560467750000024,23.64015579166,1015.524280763889,0.021271641085416668,0.8605034942277778
grid_m4.00_29.75,1953-07-01,18.15938911290325,10.148803051075292,12.83526420242,1016.2488219758064,-0.7363612271061828,1.0245001462492338
grid_m4.00_29.75,1953-08-01,19.849674905914004,9.140562836021529,3.0727386557800003,1014.8740573252688,-0.38948671075120966,1.1125368582676074
grid_m4.00_29.75,1953-09-01,19.793729194444467,11.539093736111132,121.0064887652,1014.0994628472223,-0.9661353001674999,0.6919368961012501
grid_m4.00_29.75,1953-10-01,19.883135739247333,14.525719354838733,152.52804741542,1012.8025199596774,-0.4926902185905914,0.47520315011774195
grid_m4.00_29.75,1953-11-01,18.07319905555558,15.835979597222245,371.5915685245,1013.9361661805556,-0.24547904606870277,0.3103836695029167
grid_m4.00_29.75,1953-12-01,17.803884354838733,15.87647610215056,410.01009910662,1013.3662747311829,-0.07146976680018817,0.311012349724207
grid_m4.00_29.75,1954-01-01,18.1332147715054,15.063580201612927,259.50622556024,1013.8957467069894,0.5091329199947581,0.3696892855421236
grid_m4.00_29.75,1954-02-01,18.56749361607145,15.414151190476213,207.82089176906,1013.1150091517858,0.06482371713348214,0.4742917281988095
grid_m4.00_29.75,1954-03-01,18.757013198924753,15.853782822580667,263.57841511602,1013.3532692204301,-0.4394170690625,0.40234243730443553
grid_m4.00_29.75,1954-04-01,18.2604240277778,15.564336805555579,215.08765221568,1015.0315210416667,-0.564531262898,0.4795948375970695
grid_m4.00_29.75,1954-05-01,18.724596787634432,14.239391895161312,118.9444065244,1014.372354233871,-0.573025610548656,0.49905007842580645
grid_m4.00_29.75,1954-06-01,18.21691905555558,11.168138430555576,4.81963160956,1015.7796898611111,-0.1678214187847222,1.0621184882149721
grid_m4.00_29.75,1954-07-01,18.69928481182798,9.045824610215076,2.92348860302,1014.4728448252688,0.1760389881795699,1.1847564121822984
grid_m4.00_29.75,1954-08-01,19.633712486559162,9.068063870967764,2.79235838788,1014.2856399193548,-0.3411134069706989,1.173310966805094
grid_m4.00_29.75,1954-09-01,20.68366066666669,9.847108583333357,16.0670280209,1013.0653353472222,-0.2679460934344445,1.0255991205371806
grid_m4.00_29.75,1954-10-01,19.99307413978497,13.262681639784967,124.71055992334,1012.335492002688,-0.24306974083534946,0.5616665268001976
grid_m4.00_29.75,1954-11-01,18.34838501388891,14.578646902777802,238.21711526292,1012.7836332638889,-0.5955310194747222,-0.018190172388333335
grid_m4.00_29.75,1954-12-01,18.133712123655936,15.194092244623679,247.23291435392,1012.6522084005377,-0.005685320655943547,0.4255357154178763
grid_m4.00_29.75,1955-01-01,17.97956125000002,15.236296451612926,280.35998348841997,1013.5373217741935,-0.296643883028629,0.16953433408071236
grid_m4.00_29.75,1955-02-01,18.47208848214288,15.361197574404784,438.06123738302,1012.2075377232143,0.3745114953451637,0.22867102806428571
grid_m4.00_29.75,1955-03-01,18.27592661290325,15.86203787634411,319.0259931073,1012.412529704301,-0.20055139282728496,0.3883044532938172
grid_m4.00_29.75,1955-04-01,18.131917500000025,15.5490891527778,242.97189739592,1013.0855811111112,-0.6556964029875,0.37297550385298606
grid_m4.00_29.75,1955-05-01,17.63283533602153,13.620245510752712,129.25720208288,1015.6049315188172,-1.267765495596774,0.4118487451108333
grid_m4.00_29.75,1955-06-01,17.615725361111135,12.375358638888912,56.6852094303,1016.0124320138889,-0.7781649695897221,0.8768232987102778
grid_m4.00_29.75,1955-07-01,18.484307876344108,10.869281129032283,13.1001471686,1014.8409729838709,-0.3212328882295699,1.036360813526344
grid_m4.00_29.75,1955-08-01,19.75291633064518,8.047306451612926,2.06422806916,1013.4541474462366,0.2331212574591398,1.158593145784906
grid_m4.00_29.75,1955-09-01,19.503985763888913,12.806526847222244,61.11550346568,1012.9503932638889,-0.12396112941409723,0.7684920632630555
grid_m4.00_29.75,1955-10-01,19.738133185483896,13.998830564516153,132.5290207758,1012.1465586021505,-0.37180543726465054,0.5172657911375
grid_m4.00_29.75,1955-11-01,18.42453818055558,14.942321763888911,262.88676289762,1012.5728291666667,-0.1771159279163889,0.29364244648763893
grid_m4.00_29.75,1955-12-01,17.937592123655936,15.054819287634432,310.5130192492,1012.8820939516129,-0.04252603973951613,0.4044639826638441
grid_m4.00_29.75,1956-01-01,17.613683588709698,14.883329435483894,330.7292463995,1012.3191634408602,0.10383222492392474,0.2115769535108871
grid_m4.00_29.75,1956-02-01,18.556964181034505,15.399930962643703,284.7704885434,1011.9423716954022,-0.07828977774385057,0.31725197225431034
grid_m4.00_29.75,1956-03-01,18.674790833333358,15.759876370967763,252.04610849976,1012.6682794354839,-0.3029737159125,0.3903997886306452
grid_m4.00_29.75,1956-04-01,17.600789916666688,15.706706597222245,354.3875210557,1013.7797297222223,-0.3642470959,0.3901050477938889
grid_m4.00_29.75,1956-05-01,17.510987674731204,14.437370860215077,239.54009955414,1014.9099462365591,-0.650669733248656,0.4574304809872312
grid_m4.00_29.75,1956-06-01,17.705244236111135,12.22767066666669,46.15139957898,1015.6085004166666,-0.7340405366690278,0.7925502169497223
grid_m4.00_29.75,1956-07-01,18.176207002688194,9.093413723118303,3.19004061454,1015.0793139112902,-0.1839704829719086,1.0595211315919624
grid_m4.00_29.75,1956-08-01,19.62350346774196,10.004270618279593,27.810573752219998,1013.6150707661291,-0.15130061524274194,0.946990533444758
grid_m4.00_29.75,1956-09-01,20.150422958333355,11.85547704166669,34.04331206878,1012.0849230555556,-0.44391976330097227,0.7553127492597222
grid_m4.00_29.75,1956-10-01,19.33964309139787,13.879853172043035,153.70774248966,1012.1060247311827,-0.23799383557580647,0.523973444675
grid_m4.00_29.75,1956-11-01,18.43147201388891,15.363391402777799,273.63157291282,1012.2536756944445,-0.37758201667080554,0.14308696299625
grid_m4.00_29.75,1956-12-01,17.82904669354841,15.042897647849484,283.97774735944,1012.7705225806451,-0.2989609611783199,0.19396494748037635
grid_m4.00_29.75,1957-01-01,17.790049180107548,15.505047526881743,415.30537551222,1012.4259701612904,0.486978560102957,0.3532654130827419
grid_m4.00_29.75,1957-02-01,17.91549572916669,15.59994468750002,471.23456153514,1012.6532178571427,0.29652084681175594,0.23765223372916666
grid_m4.00_29.75,1957-03-01,18.144627284946257,15.950200497311853,424.18169983974,1013.2168969758065,0.3251549089741049,0.4101107196879032
grid_m4.00_29.75,1957-04-01,18.839589611111133,16.611425861111133,527.2564890932,1013.6426247916667,0.028106516554000004,0.5389235372247222
grid_m4.00_29.75,1957-05-01,18.85094051075271,16.577427163978516,255.26714364792,1015.00616875,-0.48099655270053765,0.5354972562556451
grid_m4.00_29.75,1957-06-01,18.650357333333357,13.97697968055558,93.02067792286,1015.8037043749999,-0.49977317340402777,0.5772413240597223
grid_m4.00_29.75,1957-07-01,18.64805405913981,11.585143118279593,12.38203044996,1015.3648563844085,-0.7436911458360215,0.8461260334298388
grid_m4.00_29.75,1957-08-01,19.79615869623658,10.22496103494626,15.44666289904,1014.3972649865592,-0.7835246680836021,0.8799982389584677
grid_m4.00_29.75,1957-09-01,21.544136638888915,10.705838250000024,40.95387454268,1013.0038756944444,-1.2225248765176389,0.6798837662916667
grid_m4.00_29.75,1957-10-01,19.903834905914003,15.161287701612926,200.02150489302,1012.7723008736559,-0.6100925426911156,0.3723483138224194
grid_m4.00_29.75,1957-11-01,19.541473069444468,15.425355722222244,221.21429384932,1012.7361774305556,-0.9414241721133889,-0.11535144366601388
grid_m4.00_29.75,1957-12-01,18.43672783602153,16.174820833333353,379.58288133762,1013.4268794354838,-0.06552268236666667,0.37365927675779576
grid_m4.00_29.75,1958-01-01,19.37218842741938,17.06383790322583,369.3563937615,1012.8342362231183,-0.2314816758617473,0.2534531002961774
grid_m4.00_29.75,1958-02-01,19.329166458333354,16.555506964285737,467.02742661128,1013.8208826636904,0.1276889977858631,0.31361843309598214
grid_m4.00_29.75,1958-03-01,19.467133158602174,16.49364864247314,276.45468735376,1013.3510208333332,-0.19655826526002015,0.32970465408844085
grid_m4.00_29.75,1958-04-01,19.446961583333355,16.568994333333357,268.09144017384,1013.0690773611111,-0.7828627897852779,0.29615010172055556
grid_m4.00_29.75,1958-05-01,19.26882873655916,14.762826559139809,143.27049260812,1015.0364768145162,-0.9486159650040322,0.5020437579241935
grid_m4.00_29.75,1958-06-01,19.084683250000023,13.494272569444469,32.83524514068,1015.7905123611112,-0.46315523890916666,0.8929698150931944
grid_m4.00_29.75,1958-07-01,18.37325805107529,11.609196075268839,26.729345511800002,1014.8326743279571,0.18300464612873657,1.0587423574306452
grid_m4.00_29.75,1958-08-01,19.270128938172068,12.382119341397871,40.519714170200004,1014.1680712365592,-0.2746807847330645,0.9935124024059543
grid_m4.00_29.75,1958-09-01,20.272589875000026,13.63120705555558,75.04200942666,1012.9669104861111,-0.37866443984611114,0.6209923436907638
grid_m4.00_29.75,1958-10-01,20.093800887096798,13.972085927419377,94.172954606,1012.7507164650538,-0.4356805112539785,0.4867485655198925
grid_m4.00_29.75,1958-11-01,18.766399944444466,15.867894611111135,297.8899481228,1012.7650846527778,-0.16135639344958333,0.39938159433005554
grid_m4.00_29.75,1958-12-01,18.719091008064538,16.231211344086045,428.05075701984,1013.5117359543011,-0.10872920351763442,0.24176655725171373
grid_m4.00_29.75,1959-01-01,19.26641118279572,16.644586169354863,338.40370194266,1012.751646236559,-0.02847588541122312,0.3155029055361559
grid_m4.00_29.75,1959-02-01,19.000206205357166,16.34756979166669,349.50327851682,1013.045428422619,0.3071198905497753,0.34324080585252975
grid_m4.00_29.75,1959-03-01,19.482912446236583,16.442777715053786,280.21430971144,1013.0786883736558,0.15627679083161292,0.27045121681971773
grid_m4.00_29.75,1959-04-01,19.223338083333356,16.58226704166669,305.770397306,1012.833370138889,-0.7255358166356944,0.3465463639334722
grid_m4.00_29.75,1959-05-01,19.375025779569917,15.734461626344109,140.98811204552,1012.9294407930108,-0.09158651287701614,0.5051596271731182
grid_m4.00_29.75,1959-06-01,19.137449027777798,13.510098125000024,47.75857915296,1014.9559464583333,-0.7061440585138888,0.796191214909861
grid_m4.00_29.75,1959-07-01,18.85689680107529,12.177833024193571,31.69298167302,1015.3711061827958,-0.6288566368662635,0.9919155068547313
grid_m4.00_29.75,1959-08-01,19.511792365591422,12.724393736559161,42.9561138526,1013.628191061828,-0.4707566945623656,0.8984475652092742
grid_m4.00_29.75,1959-09-01,19.940245472222244,14.035428138888912,77.9275893215,1012.9156077083333,-0.4875753149480556,0.7578050402550001
grid_m4.00_29.75,1959-10-01,19.52180065860217,15.003367674731205,243.13902826074,1013.27414422043,-0.4422835992783602,0.4035439811330645
grid_m4.00_29.75,1959-11-01,19.13061393055558,15.466667930555579,214.11752690882,1012.79671875,-0.1500037902911111,0.42468022224375
grid_m4.00_29.75,1959-12-01,18.72487545698927,15.66306923387099,334.82789949426,1013.094208938172,-0.15339615169724463,0.2757421726828562
grid_m4.00_29.75,1960-01-01,18.825293534946262,16.154993844086043,342.7863123793,1013.4691173387097,0.04218892349623656,0.27153941756653227
grid_m4.00_29.75,1960-02-01,18.79991181034485,16.06295379310347,241.98675155894,1013.3194195402299,0.16598469729652013,0.5306592477859196
grid_m4.00_29.75,1960-03-01,18.61927663978497,16.06320653225809,257.78818128338,1012.8295961693549,0.14500090981290323,0.4483629330049731
grid_m4.00_29.75,1960-04-01,18.79365426388891,16.415717847222247,260.91909381496,1013.4123315972223,-0.683483061369625,0.3372309600861111
grid_m4.00_29.75,1960-05-01,19.090306491935507,15.318220174731206,109.62200179050001,1014.1133159946236,-0.995903588932258,0.3650781940555108
grid_m4.00_29.75,1960-06-01,18.856142972222244,13.468077111111132,45.13788230492,1015.4773853472223,-1.016388597379861,0.8057415996222221
grid_m4.00_29.75,1960-07-01,18.10210288978497,12.00982856182798,17.78221133044,1015.6904779569893,-0.4671883107139785,1.0824350452237903
grid_m4.00_29.75,1960-08-01,19.370341451612926,12.03833795698927,7.5125694334,1014.3448967741936,-0.36192547177271506,1.0520324680431452
grid_m4.00_29.75,1960-09-01,20.065868833333354,13.675330388888913,74.05781765808,1013.4249861111111,-0.6079510782918056,0.7365032197220833
grid_m4.00_29.75,1960-10-01,20.285557741935506,14.587682473118303,163.31124304358,1012.9155572580646,-0.7848254265901439,0.4554695444143817
grid_m4.00_29.75,1960-11-01,18.553128083333355,15.823508319444468,309.45563290352,1013.7188591666667,-0.20915251824180559,0.26565916304638887
grid_m4.00_29.75,1960-12-01,19.147181303763464,15.873147177419378,227.61344848971999,1012.4285829973119,-0.3122565361733871,0.12565003566737903
grid_m4.00_29.75,1961-01-01,18.813692379032283,15.894758319892498,292.77038603224,1012.6055051075269,-0.007981352416935482,0.3765225350147849
grid_m4.00_29.75,1961-02-01,18.06208165178574,15.292310431547643,305.4070458983,1013.9019824404762,0.15134025673392856,0.4404431759165179
grid_m4.00_29.75,1961-03-01,18.75641172043013,16.31687231182798,265.0909419848,1012.9740534274193,-0.30135735064206987,0.3493301314594086
grid_m4.00_29.75,1961-04-01,19.03363291666669,16.247923597222243,249.98164184174,1012.8995741666666,-0.60541757017125,0.2624620661061111
grid_m4.00_29.75,1961-05-01,19.223529838709702,14.876989475806475,98.34575624128,1014.392454905914,-1.047744976693414,0.3496820330858871
grid_m4.00_29.75,1961-06-01,18.710614125000024,13.061280430555579,47.23477366168,1014.6901993749999,-0.5888989981223611,0.7643333901181943
grid_m4.00_29.75,1961-07-01,18.403992688172064,13.00533491935486,80.73854425668,1015.0981266801075,-0.852596323575336,0.8654189169176075
grid_m4.00_29.75,1961-08-01,18.954463709677444,12.271730510752713,27.86970144544,1015.0175930107528,-0.4225443351063172,1.0824006904530914
grid_m4.00_29.75,1961-09-01,20.2113284027778,12.323773263888913,104.00152255904,1012.9457435416667,-0.8847989182199028,0.6832326249230556
grid_m4.00_29.75,1961-10-01,18.7614260887097,14.581966478494646,290.06147350776,1012.642439516129,-0.43775246729233874,0.31900503258646506
grid_m4.00_29.75,1961-11-01,17.63887856944447,15.094681652777801,321.06161083834,1013.2035249305555,-0.07869508630813889,0.3478212795280556
grid_m4.00_29.75,1961-12-01,17.869427647849484,15.378967365591421,372.70069090602,1013.2853721774193,0.3458102220501344,0.37263439589139785
grid_m4.00_29.75,1962-01-01,17.587244623655938,15.331769744623678,421.90551761412,1013.6068428091397,0.14370639575376343,0.26449252718776883
grid_m4.00_29.75,1962-02-01,18.393301458333355,15.58084248511907,390.53630999994,1013.0468552083333,-0.1125804593279762,0.3613148876671131
grid_m4.00_29.75,1962-03-01,18.33027598118282,15.76698053763443,278.61785897658,1012.760564516129,0.042607809939758066,0.6374954550732527
grid_m4.00_29.75,1962-04-01,17.98564779166669,16.06739979166669,294.25430264346,1013.6599060416667,-0.46408579012930556,0.39294243684115276
grid_m4.00_29.75,1962-05-01,17.825352580645184,14.523623857526905,152.84490598856,1015.4734543010753,-0.6744829806532259,0.578247485430457
grid_m4.00_29.75,1962-06-01,17.92314254166669,13.223761222222246,87.3749255319,1014.8968821527777,-0.42539323210486113,0.5686389068159722
grid_m4.00_29.75,1962-07-01,18.78853357526884,11.300597137096798,11.744737730959999,1016.0463010080645,-0.39734569707715056,0.8005907835364248
grid_m4.00_29.75,1962-08-01,18.958933803763465,13.136568951612928,85.34264570908,1014.8645496639784,-0.31143284778494623,0.7154529120196237
grid_m4.00_29.75,1962-09-01,19.6611526527778,13.163139944444467,59.47780633186,1013.7318542361111,-0.25372643039493054,0.7817872358680555
grid_m4.00_29.75,1962-10-01,18.71764166666669,14.647099677419378,262.6216407967,1013.4733277553763,-0.2005814384395968,0.44001390587177425
grid_m4.00_29.75,1962-11-01,18.016484902777798,15.156585097222246,282.16218925442,1012.8720696527778,-0.16367709129583335,0.2563467227769861
grid_m4.00_29.75,1962-12-01,17.935286061827977,15.393000443548413,330.08956881988,1013.6863742607526,-0.06005038013521505,0.37687008372761555
grid_m4.00_29.75,1963-01-01,17.453253655914,15.012106129032281,282.13548621102,1013.2608223790323,0.12003867814668011,0.4236621650208333
grid_m4.00_29.75,1963-02-01,18.48638977678574,15.19449236607145,235.43071688308,1012.5581020833333,-0.012741882855461309,0.300365356456994
grid_m4.00_29.75,1963-03-01,18.171325134408626,15.690193897849484,301.59926340096,1014.0007736559139,-0.20173591683352152,0.422893216405914
grid_m4.00_29.75,1963-04-01,17.95426476388891,15.794098194444468,269.94943579438,1013.8432983333333,-0.5834625249380695,0.3491048460456944
grid_m4.00_29.75,1963-05-01,18.29697221774196,15.215144462365613,172.11198778988,1014.755015188172,-0.6378233310745968,0.48243487701330645
grid_m4.00_29.75,1963-06-01,18.768485388888912,12.030453569444466,23.0350494409,1016.1241821527777,-0.9578746787579167,0.5939577102042084
grid_m4.00_29.75,1963-07-01,19.46057229838712,11.012410806451635,9.84096529122,1014.9641809811828,-0.6376465200950269,0.8248804658715053
grid_m4.00_29.75,1963-08-01,19.89523119623658,10.99572786290325,16.15810381782,1014.2899284946237,-0.48187276323440864,0.841086684354301
grid_m4.00_29.75,1963-09-01,20.985123805555578,11.623510263888912,60.1785183701,1013.3225855555555,-0.8760826316055556,0.7814406931154168
grid_m4.00_29.75,1963-10-01,19.915335053763464,14.100551465053785,126.55735026324,1013.0183798387097,-0.4594965906795699,0.46516793681071233
grid_m4.00_29.75,1963-11-01,17.918977569444465,15.431494083333357,358.23535976142,1013.3740439583333,-0.16338144944830557,0.3890443173076389
grid_m4.00_29.75,1963-12-01,18.134583413978515,15.398341922043034,397.4494922996,1013.7831980510753,-0.2633550738758064,0.31081275491935484
grid_m4.00_29.75,1964-01-01,18.567400564516152,15.843503172043034,306.06675223288,1013.5877204301075,-0.30642817113844084,0.31367827634419354
grid_m4.00_29.75,1964-02-01,18.709187514367837,15.703941106321862,279.4692520355,1012.8198576867816,0.35740264763189655,0.5759670762875
grid_m4.00_29.75,1964-03-01,18.92215689516131,16.13223279569895,263.4491915895,1013.8264557795699,0.008166118084946238,0.4220530194944892
grid_m4.00_29.75,1964-04-01,18.309913708333358,16.143270597222244,256.05964625324,1014.3411647916666,-0.4750155973297222,0.4251326589423333
grid_m4.00_29.75,1964-05-01,18.490698534946258,14.13957159946239,120.00513083438,1016.3177001344086,-1.2129421400061828,0.3387292299445296
grid_m4.00_29.75,1964-06-01,18.730336361111135,13.581357222222245,77.74591446502,1015.5537892361111,-0.49181999617166666,0.56184291913
grid_m4.00_29.75,1964-07-01,18.660188723118303,11.219358024193571,9.30976868368,1016.1760932123656,-0.17169696051680108,1.0191112267005376
grid_m4.00_29.75,1964-08-01,19.471283172043034,10.294960080645184,23.10729019472,1014.9739770161291,-0.5274018119267473,0.9888753991851855
grid_m4.00_29.75,1964-09-01,19.21202950000002,13.130966152777802,104.02631760452,1014.0910526388889,-0.3273900567171611,0.751303671659861
grid_m4.00_29.75,1964-10-01,18.462179637096796,13.94569427419357,247.87640573488,1013.4096552419355,-0.4623917041134409,0.14427658981034946
grid_m4.00_29.75,1964-11-01,17.926086847222244,14.774632944444468,292.65451474622,1013.519579375,-0.26983071226444444,0.17879615407261112
grid_m4.00_29.75,1964-12-01,17.43644291666669,14.383926653225828,273.66209064196,1012.3647600134408,-0.3927741913195565,0.23811420320349463
grid_m4.00_29.75,1965-01-01,18.113512056451636,14.794172647849484,375.48279872286,1012.5423464381721,-0.010284752659717743,0.32583246918360215
grid_m4.00_29.75,1965-02-01,18.517662708333358,14.825902738095262,228.4865380808,1012.2575919642857,0.23578696111279762,0.4368652618847768
grid_m4.00_29.75,1965-03-01,18.16572341397852,15.655547956989272,346.29917190134,1013.9793308467741,0.09146042391021504,0.5156397042221774
grid_m4.00_29.75,1965-04-01,17.875732847222245,15.692772555555578,281.95452682576,1014.4746372222223,-0.30102106833833336,0.40884753385958333
grid_m4.00_29.75,1965-05-01,18.06172611559142,14.632251384408624,159.54852109834,1015.9264382392474,-0.891145027565621,0.29297875652255106
grid_m4.00_29.75,1965-06-01,18.552746444444466,11.50877229166669,25.99668496644,1017.2437554166667,-0.38820160787694447,0.7458499730215279
grid_m4.00_29.75,1965-07-01,19.00741266129035,11.50500672043013,12.48741139036,1016.8053305107527,-0.28550685189322583,0.9525496568922984
grid_m4.00_29.75,1965-08-01,20.289744583333356,10.217932083333356,13.01527020404,1014.673069422043,-0.6353021440430108,0.9348993284948092
grid_m4.00_29.75,1965-09-01,20.09967675000002,12.7891705277778,85.30521365758,1013.9572619444444,-0.6873432016591666,0.77799506651375
grid_m4.00_29.75,1965-10-01,19.768302795698947,13.752951881720453,217.6299095351,1013.5346994623656,-0.6955032755349463,0.5896145182744623
grid_m4.00_29.75,1965-11-01,18.444545972222244,15.2419619027778,238.51156218714,1013.606878611111,-0.5479934843403055,0.08573553245902778
grid_m4.00_29.75,1965-12-01,18.028026303763465,15.37259295698927,291.33725211872,1013.7720624327958,-0.061912105611693545,0.49085773016659945
grid_m4.00_29.75,1966-01-01,18.311688440860237,15.577897849462389,247.95460686848,1014.0807503360215,-0.3172774373701613,0.36302478319032255
grid_m4.00_29.75,1966-02-01,18.550911383928593,16.00600815476193,404.28495411212,1013.4843246279762,0.13720885035282737,0.5384674299407738
grid_m4.00_29.75,1966-03-01,18.460801545698946,15.85279291666669,296.11158319396,1014.1856130376343,-0.13919329850362902,0.3246003629926075
grid_m4.00_29.75,1966-04-01,18.204600333333357,15.922838444444467,273.78940583602,1015.0004362499999,-0.619871880245,0.23919312555961111
grid_m4.00_29.75,1966-05-01,18.707063158602175,14.790745268817227,145.02406104224,1016.0192696908601,-1.0349378693037634,0.2923525615563172
grid_m4.00_29.75,1966-06-01,18.560560069444463,12.758202388888913,67.42429760152,1017.0967197222222,-0.99951954522375,0.5198705467523611
grid_m4.00_29.75,1966-07-01,19.332081518817226,11.633450134408626,12.34412188688,1016.0442759408602,-0.2919605431581989,1.0196166346307123
grid_m4.00_29.75,1966-08-01,19.789465779569916,11.888951518817228,90.5730724478,1014.6695198252688,-0.298426023403629,0.7530336071357259
grid_m4.00_29.75,1966-09-01,19.093601569444466,14.094532958333357,125.76413143714,1014.2669247222221,-0.27958261668429163,0.5390542723430556
grid_m4.00_29.75,1966-10-01,19.202206975806476,13.820270967741958,187.51192122416,1013.0279205645161,-0.47879852717271504,0.3816397676956989
grid_m4.00_29.75,1966-11-01,18.421614236111136,15.00237418055558,278.39469934468,1012.5891352777778,-0.3894480556821528,0.15262820346694445
grid_m4.00_29.75,1966-12-01,18.458754045698946,15.062016814516152,237.87522252284,1011.4566858198925,-0.19430427041572582,0.30010904413642475
grid_m4.00_29.75,1967-01-01,18.53337913978497,15.38675494623658,277.70543053348,1011.978966532258,-0.1926332994268145,0.33842261089946235
grid_m4.00_29.75,1967-02-01,18.773341086309546,15.750728288690498,249.32479888856,1012.0723534970239,-0.18732122547029761,0.4134983340953869
grid_m4.00_29.75,1967-03-01,18.853772701612925,16.02236612903228,230.10921569158,1012.0307762096774,0.11701284472248656,0.6652545106404569
grid_m4.00_29.75,1967-04-01,18.38500591666669,15.989685555555578,253.66234787192,1013.2936090277778,-0.2436345726512222,0.47442793155180557
grid_m4.00_29.75,1967-05-01,18.10259228494626,15.300711787634432,222.7692603909,1015.2707729166666,-0.5004085210790322,0.518920523755914
grid_m4.00_29.75,1967-06-01,18.0877781527778,13.336260125000022,86.90643335218,1015.5804964583333,-0.7812564576165278,0.5246166074469444
grid_m4.00_29.75,1967-07-01,18.249318857526905,12.705927069892496,46.21887207204,1015.8869166666667,-0.38649956105497313,1.0078844251622312
grid_m4.00_29.75,1967-08-01,19.507624905914,11.023160954301098,21.25263213982,1015.5007936155914,-1.0490799326032259,1.0042280372371641
grid_m4.00_29.75,1967-09-01,19.824013861111133,12.758354597222246,132.38143880216,1014.4040800694444,-0.98178485069,0.6259134828376389
grid_m4.00_29.75,1967-10-01,19.07922596774196,14.685612405914,221.6293814606,1013.4274920698924,-0.577797961542742,0.2509776496711344
grid_m4.00_29.75,1967-11-01,18.028329430555576,15.447790208333357,287.63651798746,1013.0482036111111,-0.18471119359991664,0.38457717907888883
grid_m4.00_29.75,1967-12-01,18.401307150537658,15.79254173387099,370.8956241375,1014.047178360215,0.07038738968615592,0.36525035281230644
grid_m4.00_29.75,1968-01-01,18.578102580645186,15.443118817204324,296.7181211091,1012.9328493951613,0.24363858904829302,0.38791121189883065
grid_m4.00_29.75,1968-02-01,18.143882586206917,15.893437198275883,419.84581919278,1013.161942025862,-0.02721045972284483,0.3130435291725431
grid_m4.00_29.75,1968-03-01,18.26178612903228,15.556149784946259,324.22113419806,1013.4777641129032,0.4583673992505376,0.5549532367376344
grid_m4.00_29.75,1968-04-01,17.957865972222244,15.849772611111133,352.02980090736,1014.0573955555554,-0.1561592319205,0.4361962564388889
grid_m4.00_29.75,1968-05-01,18.127618857526905,14.606501989247333,199.05853233884,1014.8861499999999,-1.0287670207620967,0.3441179971126344
grid_m4.00_29.75,1968-06-01,18.128353027777802,13.355309750000023,78.44686501872,1016.0407596527779,-0.7465469786320834,0.6093024360030556
grid_m4.00_29.75,1968-07-01,18.141400040322605,11.507510766129053,11.11602779028,1016.5614575268817,-0.5463967182344086,0.9709799931010552
grid_m4.00_29.75,1968-08-01,19.656954596774217,10.038229704301097,4.86660008742,1015.1569229838709,-0.8169405612826612,1.0354699626084676
grid_m4.00_29.75,1968-09-01,20.610763069444467,12.029650666666688,41.4505007326,1013.6700313194444,-0.6030521174731944,0.8436748296409723
grid_m4.00_29.75,1968-10-01,20.344525887096797,14.10670301075271,159.85679605558,1012.8150065188172,-0.5588422997106183,0.47565142328817206
grid_m4.00_29.75,1968-11-01,18.049571236111134,15.27845668055558,310.2519513696,1013.6632426388888,-0.6401663450664444,0.07188544759847222
grid_m4.00_29.75,1968-12-01,18.27652310483873,15.491778077957012,320.096731072,1013.7079376344086,-0.07402452863212367,0.3378474540771505
grid_m4.00_29.75,1969-01-01,18.52266776881723,15.735372177419379,269.73772044886,1012.2161358198924,-0.02415269447744623,0.36070332646586023
grid_m4.00_29.75,1969-02-01,18.701770877976212,16.030576636904783,308.0246448163,1012.8275820684523,-0.2805639225861607,0.15887365368699405
grid_m4.00_29.75,1969-03-01,19.00190786290325,16.45237439516131,266.65377639362,1013.1989358870968,-0.5114593713161291,0.2180591291966129
grid_m4.00_29.75,1969-04-01,19.193767333333355,16.567436444444468,213.49096229438,1013.3447637500001,-0.7557521181415278,0.3615611435917222
grid_m4.00_29.75,1969-05-01,18.512573400537658,15.232817110215077,188.46297290206,1014.9101029569891,-0.8047567383213711,0.41861017523655913
grid_m4.00_29.75,1969-06-01,18.697661291666687,12.497359138888912,19.31953424474,1015.439478125,-0.7471164069765278,0.7499693774654167
grid_m4.00_29.75,1969-07-01,18.83779186827959,10.991735698924755,6.62374495818,1016.2256149193549,-0.742208917131586,1.0645430371715054
grid_m4.00_29.75,1969-08-01,20.164390900537658,10.286015174731203,19.95563493872,1014.1693188844087,-1.1704426020600134,0.961886950683199
grid_m4.00_29.75,1969-09-01,20.303077569444465,13.381053388888912,82.29231834416,1013.0049091666667,-0.6133424324504166,0.6161305930448333
grid_m4.00_29.75,1969-10-01,19.766610725806473,14.571422634408625,169.16990309518,1012.2680914650538,-0.43510451337258066,0.4478140387957392
grid_m4.00_29.75,1969-11-01,18.541789986111134,15.385302930555579,256.78825372566,1013.2989465972223,-0.42218880571124995,0.25092016823694446
grid_m4.00_29.75,1969-12-01,18.71103724462368,15.691745362903248,290.21477659431997,1013.401311827957,-0.30916353218884407,0.25087694931532256
grid_m4.00_29.75,1970-01-01,18.296337405914002,15.888187634408625,441.01643593684,1014.1873073924731,0.12276132633145162,0.32669918538346776
grid_m4.00_29.75,1970-02-01,19.283749449404784,16.3743395386905,254.8184389165,1013.1695572172619,-0.10048666439940475,0.39124849031443454
grid_m4.00_29.75,1970-03-01,18.74533861559142,16.366845712365613,451.36237187944,1013.1880745295698,-0.09401581966701612,0.4674982677013844
grid_m4.00_29.75,1970-04-01,18.66876368055558,16.275142916666688,308.1014159133,1014.1854584722222,-0.8531202672170833,0.306400532185
grid_m4.00_29.75,1970-05-01,18.578935685483895,14.961321827957011,177.4880888895,1014.5501895833333,-0.91633462434543,0.29066748778790324
grid_m4.00_29.75,1970-06-01,18.513934861111135,12.383802416666688,16.62755007598,1016.0218109722222,-0.899516296338086,0.8115766947715277
grid_m4.00_29.75,1970-07-01,18.67965190860217,11.501192096774215,17.78745647732,1015.7676651209676,-0.8875836204270161,0.8728864865827419
grid_m4.00_29.75,1970-08-01,19.831880994623678,11.91233725806454,30.03239620436,1013.8881901209678,-0.7256658414577957,1.0317698441561827
grid_m4.00_29.75,1970-09-01,20.871308625000022,11.0883774027778,26.38816833106,1012.3273693055555,-0.6998176352805555,0.8868509922195833
grid_m4.00_29.75,1970-10-01,20.147170685483893,14.008294327957012,147.58706099124,1012.1074491263441,-0.38193193128134406,0.6554260659834409
grid_m4.00_29.75,1970-11-01,18.62340300000002,15.373694777777802,292.61064428618,1012.7501631944446,-0.07932730882316666,0.2723611831985
grid_m4.00_29.75,1970-12-01,18.19993618279572,15.156888723118302,331.83979991584,1013.3647837365592,-0.1974082159919758,0.2807356825169355
grid_m4.00_29.75,1971-01-01,18.10651485215056,15.518220282258087,334.9621297588,1012.4875903225807,0.17046393212137095,0.36176714256047043
grid_m4.00_29.75,1971-02-01,18.41913717261907,15.345523750000021,299.73363869358,1011.6861033482144,0.06386191426800596,0.39572782907708337
grid_m4.00_29.75,1971-03-01,18.636169663978517,15.607042715053787,284.56616438438,1012.2491625,-0.5389876832393817,0.36379764883642474
grid_m4.00_29.75,1971-04-01,17.900370388888913,16.024217583333357,303.4660812509,1013.4532489583332,-0.25879936295992223,0.4401995878541667
grid_m4.00_29.75,1971-05-01,18.276423266129058,14.576343037634432,166.74280184174,1014.218765188172,-0.8611948038509409,0.4191486311259812
grid_m4.00_29.75,1971-06-01,18.031370597222246,11.914685347222244,21.79074284646,1015.7447260416667,-0.9166874340990278,0.7749687644375
grid_m4.00_29.75,1971-07-01,18.39870344086024,11.762480900537657,27.43029602526,1014.9821553763442,-0.7361796188818549,0.9919470810784946
grid_m4.00_29.75,1971-08-01,18.958577580645184,11.3162248387097,26.54337886994,1013.8187202284947,-0.333108319305793,0.9132366802911289
grid_m4.00_29.75,1971-09-01,19.54626706944447,13.494938111111136,113.09719114406,1013.4357375000001,-0.5423114145652778,0.6137434582391361
grid_m4.00_29.75,1971-10-01,19.171395954301097,14.216493938172066,194.84519890394,1013.4254862231182,-0.5383275351260752,0.37436895902459677
grid_m4.00_29.75,1971-11-01,17.7709766527778,15.178792263888914,331.38012966126,1013.489035,-0.10252645295375,0.266699663454125
grid_m4.00_29.75,1971-12-01,17.53352415322583,14.598499462365615,328.02557986638,1013.8627455645161,-0.061814006572526885,0.30564775757607526
grid_m4.00_29.75,1972-01-01,18.2504135215054,15.369715524193571,299.81136301618,1012.2480327284945,-0.21224175733360215,0.3004047638383871
grid_m4.00_29.75,1972-02-01,18.143162500000024,15.259797672413818,287.26792322034,1012.654757183908,0.20242469653850576,0.18545468642725577
grid_m4.00_29.75,1972-03-01,18.449970752688195,15.580783911290345,237.73717846016,1012.7417163978496,-0.23384555637112903,0.512139166184086
grid_m4.00_29.75,1972-04-01,18.273817000000022,15.727824819444466,229.60591392454,1013.3067290972223,-0.7573186278190278,0.30612573411652777
grid_m4.00_29.75,1972-05-01,18.226616962365615,15.369308185483892,180.35411802618,1014.5317090725806,-1.0716738950866935,0.24662961140833334
grid_m4.00_29.75,1972-06-01,17.805272694444465,14.114420819444467,145.0412274062,1015.3394000000001,-0.30998736477964445,0.56644365673
grid_m4.00_29.75,1972-07-01,18.448289018817228,12.042445000000024,17.42362975974,1015.627347580645,-0.8035461460635753,0.8081355561092741
grid_m4.00_29.75,1972-08-01,19.339077661290343,12.11182165322583,40.19117352396,1013.9192302419355,-0.653065301422043,0.8304059941378629
grid_m4.00_29.75,1972-09-01,19.8794257777778,13.833226166666691,124.35483894306,1013.7317850694445,-0.7386192532622222,0.5001697555668472
grid_m4.00_29.75,1972-10-01,19.004179005376365,15.46189928763443,276.72910705134,1013.4572659946238,-0.4020854380556452,0.229446390509543
grid_m4.00_29.75,1972-11-01,18.235752138888913,15.966306041666689,342.96536454564,1014.1321197222223,-0.3186168039034722,0.43969256431652776
grid_m4.00_29.75,1972-12-01,18.449547043010778,15.8635222715054,319.52404987104,1014.1794825268818,-0.1470702449573925,0.29061994333611557
grid_m4.00_29.75,1973-01-01,19.184382083333357,16.215213669354863,338.19389311104,1014.3904657258065,0.16472141015635752,0.30760180623743283
grid_m4.00_29.75,1973-02-01,19.943913511904785,16.396948482142882,228.2936573523,1013.1725557291667,-0.18899977172574406,0.28122143497276786
grid_m4.00_29.75,1973-03-01,19.42131366935486,16.367619489247335,284.93475953758,1013.1737329973118,-0.4069920616599463,0.3325811814831586
grid_m4.00_29.75,1973-04-01,18.698900111111133,16.3973419027778,258.3627695737,1013.6567325694444,-0.8267885646119445,0.3957062746593056
grid_m4.00_29.75,1973-05-01,18.449058750000024,15.35388168010755,176.3606071911,1014.5793991935484,-0.9287736544264785,0.4132700441403226
grid_m4.00_29.75,1973-06-01,18.27475454166669,12.771554805555578,40.30156151134,1015.3620464583333,-0.9135131178111111,0.7731573521315277
grid_m4.00_29.75,1973-07-01,18.23482616935486,11.312565604838731,11.49940483976,1015.4179377016129,-0.3137443592926075,1.0567465742326547
grid_m4.00_29.75,1973-08-01,19.443495698924753,11.305220161290345,7.08723071968,1014.4587465725806,-0.4905603241333333,1.061787520604301
grid_m4.00_29.75,1973-09-01,20.03848255555558,13.518106500000025,92.1561719693,1013.1706997916667,-0.3370566470767778,0.604736731092361
grid_m4.00_29.75,1973-10-01,19.6817072715054,14.771482096774218,178.02667634454,1011.6679280913979,-0.47119653293212366,0.35286747569233873
grid_m4.00_29.75,1973-11-01,18.388840319444466,15.78689162500002,330.30700582456,1013.7567119444444,-0.1359537970302361,0.3269465352338333
grid_m4.00_29.75,1973-12-01,18.03839293010755,14.971770577957011,294.45695887168,1013.3086106854839,-0.2214881217018145,0.21422524555725805
grid_m4.00_29.75,1974-01-01,17.73042528225809,15.070916545698948,358.81137822942,1012.7372188844085,-0.09895006818064515,0.4045718409956989
grid_m4.00_29.75,1974-02-01,18.488017529761926,15.199808422619071,240.6125064465,1011.3253026785715,-0.20534946767038692,0.3325426919392262
grid_m4.00_29.75,1974-03-01,18.546646545698948,15.491911102150562,255.2173141638,1011.9324338037634,-0.19604415764936828,0.38419339496182797
grid_m4.00_29.75,1974-04-01,18.036689222222247,16.070024097222245,245.55444737716,1013.6401666666667,-0.41886694162255556,0.4376540112651389
grid_m4.00_29.75,1974-05-01,17.64716426075271,15.269276021505398,259.35316045028,1014.6151767473118,-0.4962924217196236,0.5082809244354839
grid_m4.00_29.75,1974-06-01,18.102911305555576,13.922696958333358,54.6193122222,1014.3389889583333,-0.29995730489541667,0.8405009168592361
grid_m4.00_29.75,1974-07-01,17.22978729838712,12.295078360215076,56.420564671,1015.9891479166666,-0.559500868732258,0.8984763868997312
grid_m4.00_29.75,1974-08-01,19.568821263440885,11.093030322580667,7.16710092854,1013.6240825268818,-0.3740300005544355,1.0031942073845699
grid_m4.00_29.75,1974-09-01,20.278030611111134,11.252145513888912,31.03423103606,1012.5381322222222,-0.5921531486326528,0.8315702220909722
grid_m4.00_29.75,1974-10-01,19.591162526881742,14.343100672043034,133.49461595184,1012.0071653225807,-0.37763995495200137,0.5436498457060484
grid_m4.00_29.75,1974-11-01,18.387823708333357,15.227162875000023,302.63400078676,1012.864284375,-0.29272884781022224,0.24680023191726944
grid_m4.00_29.75,1974-12-01,18.038164314516152,15.243558131720452,348.98209544346,1012.8872911962366,-0.19054483340379033,0.302284630547043
grid_m4.00_29.75,1975-01-01,18.144676438172066,15.292872002688195,305.93228280202,1013.4145337365592,-0.0940549911952285,0.37494811185215055
grid_m4.00_29.75,1975-02-01,18.948260401785735,15.128220997023831,161.55028387396,1012.4934172619048,-0.08908111278511906,0.4730646490223214
grid_m4.00_29.75,1975-03-01,18.633316975806476,15.60532735215056,216.6910170574,1012.8225440188171,-0.07100183277163978,0.5377076470248656
grid_m4.00_29.75,1975-04-01,18.08916729166669,16.0476352777778,275.99620769938,1013.050600763889,-0.7175771077116666,0.23519209657291668
grid_m4.00_29.75,1975-05-01,18.255898709677442,14.978612661290343,167.0639513666,1013.5887240591397,-0.9907404183051076,0.32777575169314516
grid_m4.00_29.75,1975-06-01,17.809836472222244,12.67925438888891,74.32746912496,1015.6075106249999,-0.8482486943777778,0.7225580451948611
grid_m4.00_29.75,1975-07-01,18.02773354838712,11.86335745967744,36.6256239671,1014.4662076612902,-0.38861264488682795,0.8392745775495968
grid_m4.00_29.75,1975-08-01,18.812369556451635,11.307473239247333,10.90192795684,1014.1032732526883,-0.5347286555729839,1.0443164885666667
grid_m4.00_29.75,1975-09-01,18.951400097222244,13.72937266666669,119.3761824053,1013.2553704861111,-0.4335780050569445,0.5578209122136111
grid_m4.00_29.75,1975-10-01,18.400902110215075,14.965595551075292,280.24053555812003,1012.9723762096775,-0.32515458098991934,0.3424866165228495
grid_m4.00_29.75,1975-11-01,18.262032555555574,14.979891652777802,261.66510576466,1012.4974463888889,-0.3123803395873611,0.18549260041870833
grid_m4.00_29.75,1975-12-01,17.866376411290346,15.194682997311851,314.0437602032,1012.9306878360214,-0.04335165024706989,0.3425289073602151
grid_m4.00_29.75,1976-01-01,18.329726048387123,15.210730403225828,278.74231286056,1012.1201313172043,-0.2485492989501344,0.3066240124393817
grid_m4.00_29.75,1976-02-01,17.87188487068968,15.472529698275887,291.69654827006,1012.1520336925287,-0.005697440751724136,0.5872881817284482
grid_m4.00_29.75,1976-03-01,18.532709516129056,15.845200698924755,283.349752244,1011.7290298387097,-0.1028632512077957,0.558358224377285
grid_m4.00_29.75,1976-04-01,18.050758236111133,15.95965504166669,258.83650705706,1013.7092465277777,-0.5408719801402778,0.3701641075451389
grid_m4.00_29.75,1976-05-01,17.911223306451635,15.350014422043031,252.1536348507,1015.1894085349462,-0.7314430147212366,0.47626989665376346
grid_m4.00_29.75,1976-06-01,17.79299413888891,13.131373236111132,65.41562076636,1015.5001549305556,-0.6680185742168055,0.6873804943990278
grid_m4.00_29.75,1976-07-01,18.37203651881723,11.66900364247314,19.09160614878,1015.9039139784946,-0.22875561347869625,0.985383764875672
grid_m4.00_29.75,1976-08-01,19.34794346774196,11.729944435483892,17.97294619744,1014.4805801747312,-0.3956604585561156,1.044243268282164
grid_m4.00_29.75,1976-09-01,20.577567986111134,12.90936029166669,75.84071163392,1013.6650400694446,-0.8766765490968055,0.6809622657659722
grid_m4.00_29.75,1976-10-01,19.496674637096795,15.15795908602153,204.79607601676,1012.3812514112904,-0.42392419052499997,0.42111048101783194
grid_m4.00_29.75,1976-11-01,18.276292277777802,15.405353138888911,259.5777506692,1012.8191167361111,-0.06106732813523195,0.42804436131375
grid_m4.00_29.75,1976-12-01,18.445099973118303,15.591398965053786,309.2894546632,1012.3170882392474,-0.2954804033643817,0.18596934283220432
grid_m4.00_29.75,1977-01-01,18.51744366935486,15.784256962365614,288.52748871088,1012.9072511424731,-0.0676517683604301,0.35048761591653227
grid_m4.00_29.75,1977-02-01,18.841136622023832,15.752386101190499,266.71552743558,1013.3233079613095,0.04416763233735119,0.2016149252591518
grid_m4.00_29.75,1977-03-01,18.55183672043013,16.32927032258067,371.6354369226,1013.4876328629033,-0.4086866731907258,0.4044628746885753
grid_m4.00_29.75,1977-04-01,18.58343741666669,16.591829722222247,281.30388229614,1013.4214025,-0.36217454160277773,0.4171515536923611
grid_m4.00_29.75,1977-05-01,18.764191975806472,15.072706196236583,153.02801127628,1014.6116433467741,-0.8795883424891802,0.4755961714806452
grid_m4.00_29.75,1977-06-01,18.58867655555558,13.06622766666669,36.81945797826,1014.8730270138889,-0.7084545132594445,0.7896104156718056
grid_m4.00_29.75,1977-07-01,18.954288776881743,11.681803911290347,7.90715217508,1014.6717537634408,-0.3676225600092742,1.0567448313995969
grid_m4.00_29.75,1977-08-01,20.097876357526907,11.395807715053786,18.83792873584,1014.0294146505377,-0.8731845342181721,0.821165296301613
grid_m4.00_29.75,1977-09-01,20.751990069444467,13.287261152777798,90.33417712788,1013.1658445833333,-0.7061634967483333,0.6084810675724583
grid_m4.00_29.75,1977-10-01,20.526949086021528,14.91058168010755,121.22225715694,1012.8706657930107,-0.45459907285099466,0.5661499683944892
grid_m4.00_29.75,1977-11-01,18.29589544444447,15.96118226388891,361.1767294437,1014.0062408333334,-0.3448384262402778,0.30250254678319444
grid_m4.00_29.75,1977-12-01,18.284593118279595,15.942271827957011,334.65480800346,1014.103365860215,-0.21018218938790323,0.34388492933793013
grid_m4.00_29.75,1978-01-01,18.880150752688195,15.731421720430133,326.84636146854,1014.1804561155914,0.06353657116008064,0.29905140666827956
grid_m4.00_29.75,1978-02-01,19.088713690476215,16.126428110119072,285.50744008418,1013.7913603422619,-0.11022794821215773,0.39796720105927086
grid_m4.00_29.75,1978-03-01,18.511380188172065,16.19786409946239,357.3646544217,1013.4975589381721,0.11287719998091399,0.39046375715191933
grid_m4.00_29.75,1978-04-01,18.46168713888891,16.269673083333355,281.26072851148,1013.4618766666666,-0.7528421198377777,0.34364460455919443
grid_m4.00_29.75,1978-05-01,18.816291787634434,14.455578319892497,120.67103367164,1014.8045252016129,-1.3640746060758064,0.3774711453782258
grid_m4.00_29.75,1978-06-01,18.484017083333356,13.162135319444467,55.51123619146,1015.6955899305556,-0.8930788041271944,0.7925932271963889
grid_m4.00_29.75,1978-07-01,18.545327849462385,11.349822661290345,10.27822494782,1014.8009641129032,-0.3789994224199731,1.0797847619110215
grid_m4.00_29.75,1978-08-01,20.01376735215056,10.996924569892498,11.33298875396,1014.3914608870969,-0.3990434637166667,0.9517986266362903
grid_m4.00_29.75,1978-09-01,20.64078976388891,12.17492729166669,52.0308017548,1013.2070897916667,-0.4434887771934167,0.6770714566469445
grid_m4.00_29.75,1978-10-01,19.810755376344108,14.69457040322583,173.34318123604,1012.5876533602151,-0.4453470368049731,0.3900699824932796
grid_m4.00_29.75,1978-11-01,18.185407152777803,15.601206986111134,307.85584430626,1014.1550889583334,-0.4109678470652777,0.27246718914855556
grid_m4.00_29.75,1978-12-01,18.448338965053786,16.197044206989272,366.93310735392,1013.6547279569893,-0.14360874979267474,0.24746646746102152
grid_m4.00_29.75,1979-01-01,18.559896129032282,15.966104247311852,250.9422305336,1013.2069495295699,-0.3963409744771505,0.32762664885752685
grid_m4.00_29.75,1979-02-01,19.053596011904784,16.07240440476193,317.93761405214,1013.114954092262,0.29960505200342263,0.36948190308839285
grid_m4.00_29.75,1979-03-01,19.01979161290325,16.389243682795723,260.03622940176,1013.2351465725807,-0.22329430947061826,0.5375682053461962
grid_m4.00_29.75,1979-04-01,18.443778361111136,16.531438986111134,378.96752328204,1013.7843109722222,-0.6077840172756389,0.38830822945418053
grid_m4.00_29.75,1979-05-01,18.657688965053786,15.468011733870991,184.578180345,1015.4398040994623,-1.4288788470055107,0.3450451514193548
grid_m4.00_29.75,1979-06-01,18.03131991666669,13.209125097222245,63.3566381212,1016.507282361111,-0.8453860175148612,0.7796153811693055
grid_m4.00_29.75,1979-07-01,18.432583104838734,11.253550268817227,16.15333565054,1016.9002755376345,-0.8588053791263441,0.8940737285294086
grid_m4.00_29.75,1979-08-01,20.266638145161313,11.355191505376368,14.37139517106,1013.6496304435484,-0.8669783527805107,0.9571186387225806
grid_m4.00_29.75,1979-09-01,21.708474000000024,10.069390236111134,18.13936234146,1013.0956890277778,-1.1008686495555555,0.8672076183045833
grid_m4.00_29.75,1979-10-01,20.32122182795701,13.683758857526904,230.15499128776,1013.0079303763441,-0.5392846684822581,0.39437339035086827
grid_m4.00_29.75,1979-11-01,18.8412661527778,15.531587069444466,257.47466181216,1012.6848284722222,-0.3308513808813889,0.18369553883745834
grid_m4.00_29.75,1979-12-01,18.399676357526904,15.81002549731185,322.681427057,1014.268433938172,-0.2345769569516667,0.41989300019280107
grid_m4.00_29.75,1980-01-01,18.98303111559142,15.997687258064538,325.61039984186,1013.7086002688172,0.04855410327909946,0.5118996821490994
grid_m4.00_29.75,1980-02-01,19.14229600574715,16.572531063218413,223.33526591888,1012.5820377873563,-0.3749894554071264,0.42003158075457614
grid_m4.00_29.75,1980-03-01,19.351805026881742,15.821802419354864,352.70118753516,1012.9885012768817,-0.3603644433660484,0.4018545429842742
grid_m4.00_29.75,1980-04-01,18.92374979166669,16.55926768055558,240.76628669154,1013.5252263194445,-0.4275938874156945,0.4382087497275972
grid_m4.00_29.75,1980-05-01,18.352032809139807,15.729616303763466,194.1542623585,1015.3139984543011,-0.7940367848281317,0.48539631309798387
grid_m4.00_29.75,1980-06-01,18.6780677777778,13.24466155555558,34.926652844719996,1016.046865763889,-0.5636932365668055,0.8130182688698611
grid_m4.00_29.75,1980-07-01,18.829641827957012,10.985905672043033,10.00118253998,1016.0146228494623,-1.0293877718314517,0.8856396645868817
grid_m4.00_29.75,1980-08-01,20.151926505376366,10.223327016129055,16.95084570704,1015.1658407930107,-1.0871368114685485,0.9794215857452957
grid_m4.00_29.75,1980-09-01,20.226750069444467,13.836082916666689,140.89298229067998,1013.9198705555556,-0.3659193404790278,0.61881470061125
grid_m4.00_29.75,1980-10-01,19.754017217741957,14.293643629032282,162.98389455322,1013.7705451612902,-0.7246303772043817,0.49075110249946235
grid_m4.00_29.75,1980-11-01,18.487758083333357,15.481573986111135,288.52796510138,1013.8029925694445,-0.24831415805934723,0.29221723261597227
grid_m4.00_29.75,1980-12-01,18.446762069892497,15.661458669354863,315.52839221722,1013.6072123655913,-0.19673488968870967,0.3456686281895161
grid_m4.00_29.75,1981-01-01,18.705179865591422,15.701011370967764,276.9007685081,1014.0164840053764,-0.18846132800685483,0.44422982309870973
grid_m4.00_29.75,1981-02-01,19.194707544642878,15.68344898809526,221.59409529988,1013.0717042410714,-0.1427845958544643,0.3519530972017857
grid_m4.00_29.75,1981-03-01,18.815034395161316,16.31109551075271,468.65916110982,1013.3733675403225,-0.0029313285116182803,0.5222289783467742
grid_m4.00_29.75,1981-04-01,18.832808569444467,16.30060616666669,263.49282231456,1014.0176550000001,-0.49219131442908337,0.40885414524130553
grid_m4.00_29.75,1981-05-01,18.508744758064537,15.262870672043034,218.22738693906,1015.0440983870968,-0.8148669375698925,0.43308326545510756
grid_m4.00_29.75,1981-06-01,18.82376838888891,13.492661013888911,36.12780567758,1016.0059111111112,-0.6426006142951389,0.7438763512068056
grid_m4.00_29.75,1981-07-01,18.82916674731185,12.240874448924753,7.38954544272,1015.3392675403226,-0.25372554433172045,1.039533168314637
grid_m4.00_29.75,1981-08-01,19.472810672043035,13.013135268817225,84.66839808578,1014.5005708333333,-0.44884238855604836,0.8536773522444893
grid_m4.00_29.75,1981-09-01,19.77058068055558,13.768876333333358,109.69400431786,1013.8636761111112,-0.47845115760319445,0.6771749179806944
grid_m4.00_29.75,1981-10-01,19.249810833333356,15.36327486559142,276.19504841558,1013.4569135752688,-0.6315268614899193,0.2494807934085215
grid_m4.00_29.75,1981-11-01,19.037898138888913,15.180176611111134,272.29428170474,1013.0670897222222,-0.3454682321823611,0.1614095908226389
grid_m4.00_29.75,1981-12-01,18.713521465053788,15.855324516129055,283.93387762206,1013.9708039650538,-0.40565941343715056,0.33629897285480914
grid_m4.00_29.75,1982-01-01,18.885913185483894,15.864795524193571,305.861472135,1013.1056576612904,-0.06634019050537635,0.4160288942987366
grid_m4.00_29.75,1982-02-01,19.157830699404784,15.900880863095262,299.1626266301,1012.770540029762,-0.051697179395684516,0.37952620628303574
grid_m4.00_29.75,1982-03-01,19.341763481182817,16.138835107526905,200.56319225586,1012.8390577956989,-0.440605176847043,0.46687666164395164
grid_m4.00_29.75,1982-04-01,18.77510841666669,16.316498444444466,285.83478899602,1013.9632242361112,-0.5900715934191667,0.32043183588966667
grid_m4.00_29.75,1982-05-01,18.557118884408624,15.660963991935505,212.46790859472,1014.9830368951613,-0.9732991085474462,0.3596417824935484
grid_m4.00_29.75,1982-06-01,18.82063676388891,13.656121694444467,57.22618110254,1016.4047590972222,-1.0196382674843056,0.6409753168214042
grid_m4.00_29.75,1982-07-01,18.736531491935505,12.010340954301098,24.71113199628,1015.884664516129,-0.9133397577473118,0.9456059037861694
grid_m4.00_29.75,1982-08-01,19.907981814516152,11.702735752688193,15.61856276604,1015.0602956317204,-0.7960938278532257,0.9884308450961827
grid_m4.00_29.75,1982-09-01,21.062757138888912,12.569653333333356,68.36271261188,1013.8528070833333,-0.9354454686913889,0.7662658680244445
grid_m4.00_29.75,1982-10-01,19.18212416666669,14.926802513440883,281.51941211094,1013.4725514784947,-0.5523842225563173,0.3956785819096774
grid_m4.00_29.75,1982-11-01,18.584231583333356,15.724694875000022,280.5471419352,1013.8482420138888,-0.1163761780901389,0.42675077690986113
grid_m4.00_29.75,1982-12-01,18.896045846774214,16.105886989247335,277.34756439424,1014.0506579301075,-0.046759278200537636,0.33862200021209676
grid_m4.00_29.75,1983-01-01,19.275357701612926,16.38772458333336,309.47446826518,1014.6859357526882,-0.22487703336401882,0.348354134664785
grid_m4.00_29.75,1983-02-01,20.11612254464288,16.493815892857164,246.43492745094,1013.7478631696429,-0.12998869289651785,0.3611132295940476
grid_m4.00_29.75,1983-03-01,19.893857513440885,17.22907052419357,216.82715434486,1013.9068207661289,-0.4406984389841398,0.4459657577887097
grid_m4.00_29.75,1983-04-01,19.1037514027778,16.804582055555578,258.9929102291,1014.3659588194444,-0.7210221609186112,0.2816417276102778
grid_m4.00_29.75,1983-05-01,19.524740698924756,15.523162647849484,133.74447792462,1014.2280094086021,-1.319471851731586,0.2572817161060484
grid_m4.00_29.75,1983-06-01,19.656775513888913,14.02053694444447,30.1280021386,1015.2237398611112,-0.8025129950747222,0.7077728476059028
grid_m4.00_29.75,1983-07-01,19.291320887096795,12.791850349462388,31.575918242,1015.3779027553765,-0.7623223760502689,0.858500415889113
grid_m4.00_29.75,1983-08-01,19.556745887096795,13.918368333333357,53.25365068168,1015.7043546370967,-0.1575148389272043,1.0063936402318547
grid_m4.00_29.75,1983-09-01,20.60739501388891,13.030247319444468,36.48209567694,1013.8168048611111,-0.5038348730015,0.7957955670691667
grid_m4.00_29.75,1983-10-01,18.658147594086046,15.547297661290347,297.64366165734,1014.014035483871,-0.23091956079610215,0.2815272840314516
grid_m4.00_29.75,1983-11-01,18.837725083333357,15.6088059027778,243.65162893152,1014.8301371527778,-0.17832833960263889,0.3082070243263889
grid_m4.00_29.75,1983-12-01,18.296748091397873,15.455022029569916,340.0363923269,1014.3532737231183,-0.0010953645954301081,0.28568690224392473
grid_m4.00_29.75,1984-01-01,18.050679072580667,15.409165228494645,357.34844218646,1013.3670560483871,0.2660888806372312,0.36524097342352146
grid_m4.00_29.75,1984-02-01,18.932417442528756,15.441700905172437,290.37308699752,1011.9410272988505,0.03581009761666667,0.44140795990100573
grid_m4.00_29.75,1984-03-01,18.903172271505397,15.779694059139807,201.11966106226,1012.6258831317205,-0.6606762802648656,0.38020265291532257
grid_m4.00_29.75,1984-04-01,18.536120958333356,15.755409472222244,222.2378251462,1013.6811997916666,-0.8739348302722638,0.3795054114780972
grid_m4.00_29.75,1984-05-01,19.02467047043013,13.503912284946258,70.42026505854,1013.7218387768817,-1.4317748169028226,0.5232295366814517
grid_m4.00_29.75,1984-06-01,18.754469722222247,11.602630472222245,40.67516331618,1015.7689495833333,-1.276716040431111,0.8145583163001389
grid_m4.00_29.75,1984-07-01,18.822826317204324,12.081381841397873,52.19745645526,1014.9386090725807,-0.9041121300659275,0.9957353748896505
grid_m4.00_29.75,1984-08-01,19.654078091397874,12.129156370967765,54.30889132904,1014.65135,-0.6260630293354166,0.922700614533258
grid_m4.00_29.75,1984-09-01,20.709061250000023,12.380514958333356,41.40281667638,1012.6741209722222,-0.5884389242883333,0.6890135662567639
grid_m4.00_29.75,1984-10-01,19.45994426075271,14.614844166666689,275.09069443646,1013.3315487903226,-0.981458601194086,0.03626899263534946
grid_m4.00_29.75,1984-11-01,18.250633611111134,15.514366930555578,321.48337377348,1013.8674754861112,-0.43006409454874994,0.2190440079788889
grid_m4.00_29.75,1984-12-01,18.551295215053788,15.573536935483896,344.280957737,1012.689459610215,-0.2593943493764785,0.2779361155291667
grid_m4.00_29.75,1985-01-01,18.860478051075294,15.811178897849485,212.08405480934,1012.5696623655914,-0.2961509214580645,0.3597529832893817
grid_m4.00_29.75,1985-02-01,18.4753451636905,15.706890654761926,362.8668786332,1013.018314360119,0.626571723107262,0.5141808194187827
grid_m4.00_29.75,1985-03-01,19.18010466397852,16.032046505376368,276.04865983718,1012.5956237903226,-0.477190795847043,0.32426577818951613
grid_m4.00_29.75,1985-04-01,18.324043236111134,16.271049111111136,339.6713732451,1013.8126055555556,-0.4965118671740278,0.3752877980876667
grid_m4.00_29.75,1985-05-01,18.572005806451635,14.95615811827959,132.64489181002,1014.6446393145161,-1.098504732898656,0.43236543700130375
grid_m4.00_29.75,1985-06-01,18.501398250000022,13.15851391666669,28.13625337158,1016.3524547916667,-0.6144508584280972,0.892501514270143
grid_m4.00_29.75,1985-07-01,18.46483741935486,11.129690268817226,17.97366142042,1015.8946922715054,-0.7725090027271505,0.9988977172544623
grid_m4.00_29.75,1985-08-01,19.484529381720453,11.19962485215056,29.15453915514,1015.371172311828,-1.1326415774125886,1.0144561043770162
grid_m4.00_29.75,1985-09-01,19.9636886527778,13.198025000000023,94.49338946652,1013.293435763889,-0.7438697829263888,0.70489715966
grid_m4.00_29.75,1985-10-01,19.94110971774196,14.266212836021527,177.52170553326,1012.8132565188172,-0.8869458262776881,0.23466563423991937
grid_m4.00_29.75,1985-11-01,18.701906430555578,15.39611188888891,347.89490707426,1013.8265580555556,-0.5279754992204166,0.28900951834694444
grid_m4.00_29.75,1985-12-01,18.699291545698948,16.05150854838712,384.5958704357,1013.327082594086,-0.32962686340577957,0.2502244212237903
grid_m4.00_29.75,1986-01-01,18.80754290322583,16.145540080645183,437.2251021452,1013.8731305107527,-0.040574719788172044,0.38466461692844084
grid_m4.00_29.75,1986-02-01,19.10226962797621,15.57702441964288,178.7636276371,1012.7570562499999,0.031053589018005954,0.4762133860888393
grid_m4.00_29.75,1986-03-01,18.580817029569914,15.961051021505398,235.98408657302,1013.0875282930107,-0.23833034959744623,0.4588887406771505
grid_m4.00_29.75,1986-04-01,18.590701388888913,16.195882500000025,280.33566523934,1013.5928030555556,-0.7599559143079166,0.22432479901911112
grid_m4.00_29.75,1986-05-01,18.707524395161315,15.56327423387099,182.40571040918,1015.1712419354839,-1.2055901446190727,0.33948748634149195
grid_m4.00_29.75,1986-06-01,18.136311625000022,13.663158486111133,42.860269458219996,1015.652639375,-0.46135300538404306,0.8124810574826389
grid_m4.00_29.75,1986-07-01,18.420327526881742,11.408162755376367,7.73358346474,1016.7463122311829,-0.38072067116774194,1.0351521685798386
grid_m4.00_29.75,1986-08-01,20.583808723118302,11.113735954301099,15.4736041844,1014.2838720430108,-0.7221526482594085,0.9454801201712904
grid_m4.00_29.75,1986-09-01,20.665546319444466,12.630464736111135,75.21796245912,1014.3082925,-0.6000171870758333,0.8347093998080556
grid_m4.00_29.75,1986-10-01,19.693916290322605,15.491854435483894,255.78522665708,1013.8371348790322,-0.2176094868310484,0.448368093272043
grid_m4.00_29.75,1986-11-01,18.35893994444447,15.864947888888913,315.88363705674,1013.6402999305556,-0.5101808641280278,0.18284689650055555
grid_m4.00_29.75,1986-12-01,18.67089479838712,16.354612379032282,396.66461883012,1014.3565616263442,-0.06314685858125,0.3559624258345833
grid_m4.00_29.75,1987-01-01,18.953141491935504,16.347563467741956,328.18412759406,1014.6384381048387,0.08585084885219085,0.30724589096276883
grid_m4.00_29.75,1987-02-01,19.87716946428574,16.711810699404786,256.94322600454,1014.1176002232143,-0.06275569826919643,0.4878817738014881
grid_m4.00_29.75,1987-03-01,19.941310819892497,16.81946545698927,221.3268277489,1012.7290178091398,-0.023117887759543012,0.5248858126629032
grid_m4.00_29.75,1987-04-01,19.493725736111134,16.991463097222248,258.14533255228,1014.4998608333334,-0.5560317126621944,0.37884089235841667
grid_m4.00_29.75,1987-05-01,19.163813306451633,16.133771169354862,198.18019872354,1014.8938449596774,-1.1111672100655914,0.2886655054634812
grid_m4.00_29.75,1987-06-01,18.807646819444468,14.284631305555578,48.38538203484,1016.5800717361111,-0.4133318585005556,0.7837767283054168
grid_m4.00_29.75,1987-07-01,19.978981424731206,12.533528454301099,14.4236087932,1014.9400939516129,-0.7331493964920699,0.8726832894274059
grid_m4.00_29.75,1987-08-01,20.862022741935505,12.228877083333355,34.56187248566,1014.7140415322581,-1.1172677314995565,0.9098003977177419
grid_m4.00_29.75,1987-09-01,20.824071819444466,14.777892333333355,130.11884684126,1013.9203294444444,-0.4567729732284722,0.685423364601389
grid_m4.00_29.75,1987-10-01,19.995898077957012,16.157653669354865,219.24972538116,1013.6021776209677,-0.4363386715650538,0.47365440836827954
grid_m4.00_29.75,1987-11-01,19.399399694444465,16.003368250000022,265.70320166614,1014.0499213888888,-0.4629946603351389,0.25509323520180555
grid_m4.00_29.75,1987-12-01,19.850212150537654,16.412694502688193,257.0815094313,1014.3001994623656,-0.2953616928139785,0.32650966013040594
grid_m4.00_29.75,1988-01-01,19.101025685483894,16.49517932795701,335.4995252618,1013.7808565860215,0.01920634317908602,0.425034861918414
grid_m4.00_29.75,1988-02-01,19.743447744252897,16.60754504310347,207.14139987837999,1012.5484585488506,-0.4123263781155172,0.3181338271517241
grid_m4.00_29.75,1988-03-01,19.691194838709702,16.692486384408625,236.41204840484,1013.8742375672043,-0.06722246608763441,0.4039801730790322
grid_m4.00_29.75,1988-04-01,19.34109006944447,17.090350986111133,241.10221791026,1013.7227763888889,-0.73862999427875,0.30910839461125
grid_m4.00_29.75,1988-05-01,19.367449005376365,15.280158172043034,122.46990209374,1015.2961066532257,-1.1357817499379033,0.500556207922043
grid_m4.00_29.75,1988-06-01,19.34049937500002,13.42764804166669,35.78329078292,1015.5525468055555,-1.2865253874631946,0.5764362335028056
grid_m4.00_29.75,1988-07-01,19.044682204301097,13.15924731182798,25.75778963074,1015.4442114919354,-0.5124729738892742,0.9672036521763442
grid_m4.00_29.75,1988-08-01,19.76913529569895,13.366650228494647,67.24810583808,1014.3883002016129,-0.7118385480284946,0.8218963985880375
grid_m4.00_29.75,1988-09-01,20.156659416666688,14.398569000000023,97.44453434838,1013.1453202777778,-0.6536812128245834,0.5812157306993055
grid_m4.00_29.75,1988-10-01,19.61979479838712,15.53304038978497,202.11291331878,1012.7581170698926,-0.5148230314745967,0.21063540074327958
grid_m4.00_29.75,1988-11-01,18.78015743055558,16.18762905555558,299.88098141034,1014.2798801388889,-0.41736541220263884,0.339522679553125
grid_m4.00_29.75,1988-12-01,18.136647822580667,15.68046923387099,293.10107264478,1013.3466176075269,-0.4645050837967742,0.17017840314817204
grid_m4.00_29.75,1989-01-01,18.168874569892495,15.74494670698927,497.70951329532,1013.4962487903225,0.393928384354086,0.5065064987700268
grid_m4.00_29.75,1989-02-01,18.801247767857166,15.692078065476215,353.4629345166,1013.9556507440476,-0.03319413426770833,0.18076185854572918
grid_m4.00_29.75,1989-03-01,18.851083696236582,16.047284892473144,238.60788300802,1012.6145969758064,0.11442734065571238,0.6200228668283603
grid_m4.00_29.75,1989-04-01,18.90983151388891,16.14519113888891,197.12829598966,1013.7923778472223,-0.8491368401141668,0.3576475361813889
grid_m4.00_29.75,1989-05-01,18.603117204301096,15.359522110215078,185.93430493788,1015.8307872983871,-1.1610967793057796,0.3980939825793817
grid_m4.00_29.75,1989-06-01,18.56582426388891,13.404436319444466,38.30266000968,1016.4859406944445,-1.027087762373611,0.7000198368515278
grid_m4.00_29.75,1989-07-01,18.435044448924753,12.418456841397871,20.22099498194,1016.4770429435484,-0.5720539695660484,1.01346171623759
grid_m4.00_29.75,1989-08-01,19.54729485215056,12.399138494623678,33.04529182802,1014.9624319892473,-0.6884388451827956,0.9701250133897581
grid_m4.00_29.75,1989-09-01,20.098501861111135,14.077318430555579,109.91764105734,1012.9906356250001,-0.8212012818415695,0.38904166745694446
grid_m4.00_29.75,1989-10-01,19.335191276881744,15.696818951612926,213.47022073012,1013.6883337365591,-0.29132931288024194,0.2738813997799731
grid_m4.00_29.75,1989-11-01,19.29979591666669,16.0065050277778,285.17341592322,1013.5059811111112,-0.6396908652291527,0.04060064991383333
grid_m4.00_29.75,1989-12-01,18.878468991935506,16.540104556451638,293.23267903966,1014.060288373656,-0.15660579290696236,0.3065972275456989
grid_m4.00_29.75,1990-01-01,19.420228145161314,16.21198793010755,258.13341120654,1013.5529214381721,-0.4905782842875,0.16628197701465053
grid_m4.00_29.75,1990-02-01,19.219222440476212,16.635275193452404,269.37031798314,1013.9983427083333,0.1708622436747024,0.5418523382445387
grid_m4.00_29.75,1990-03-01,19.138810376344107,16.74907528225809,305.10830933962,1014.898053561828,-0.42073216948740594,0.3205443557373656
grid_m4.00_29.75,1990-04-01,19.602637694444468,16.933938722222244,224.90310681882,1013.6046813888889,-0.4319949269241667,0.3796389905495833
grid_m4.00_29.75,1990-05-01,19.294412620967766,15.763592903225831,142.32873912688,1014.9450207661291,-0.991850986054973,0.4884805322410632
grid_m4.00_29.75,1990-06-01,19.542813430555576,13.244127388888913,31.31914149384,1016.1946541666666,-0.8568050377074999,0.7602108833091668
grid_m4.00_29.75,1990-07-01,19.058090201612924,10.895131008064538,3.95226478412,1015.8695350134409,-0.6313214644732527,1.0552864533686828
grid_m4.00_29.75,1990-08-01,19.755253763440884,12.589100819892495,18.41044422376,1015.8953047715054,-0.700113419056586,1.1032593221685483
grid_m4.00_29.75,1990-09-01,20.034462208333355,14.059404361111135,127.43926064622,1014.3744192361111,-0.6636620632875,0.7429601845741668
grid_m4.00_29.75,1990-10-01,20.246291357526903,14.870614771505398,136.80934908808,1013.373724327957,-0.5327104893622984,0.4327700418452957
grid_m4.00_29.75,1990-11-01,19.0138111527778,16.027387680555577,262.76421561882,1013.6458938194444,-0.67878290761875,0.06555339002986112
grid_m4.00_29.75,1990-12-01,18.693665376344107,16.023214973118304,269.36149592978,1013.7183901881721,-0.29115090476632394,0.28134081377096776
grid_m4.00_29.75,1991-01-01,19.21981788978497,16.479562809139807,271.40641180594,1014.1188952284947,-0.2445200248594086,0.38046309765806446
grid_m4.00_29.75,1991-02-01,19.46293598214288,16.51122918154764,214.9574757414,1013.8966560267856,-0.09401821013526786,0.39782437806622023
grid_m4.00_29.75,1991-03-01,19.550578400537656,16.904494959677443,239.02988408894,1012.9388158602151,-0.1483537199216398,0.4643327849702957
grid_m4.00_29.75,1991-04-01,18.82762962500002,16.799830472222247,265.08212102886,1014.1401152777778,-0.6247423800680555,0.4537403536620834
grid_m4.00_29.75,1991-05-01,18.789026397849483,16.686498373655937,283.54930901266,1014.8831875672043,-0.8193361620590188,0.34197304833615594
grid_m4.00_29.75,1991-06-01,19.433923569444467,15.092015611111135,46.92173007094,1015.4083867361111,-0.2954227048172222,0.7302616594283333
grid_m4.00_29.75,1991-07-01,18.479273212365612,12.980347782258086,46.26131062182,1016.7594037634408,-0.7005704455137097,0.9190543503798387
grid_m4.00_29.75,1991-08-01,19.80081927419357,12.972221196236582,23.13613896764,1015.6727501344086,-0.28366735312525404,0.9510012406949597
grid_m4.00_29.75,1991-09-01,20.77530087500002,13.23940191666669,46.901225942720004,1014.1722730555556,-0.6446798536221667,0.698504427415139
grid_m4.00_29.75,1991-10-01,18.440633723118303,15.533253024193572,292.25182515636,1013.9263581317205,-0.16987158728723117,0.4228463523642607
grid_m4.00_29.75,1991-11-01,18.646069902777803,15.512530486111133,232.53130915162,1014.0000436111111,-0.5762146192147222,0.13955065496416666
grid_m4.00_29.75,1991-12-01,18.821767728494645,15.839278682795722,249.3097775923,1013.9750987231183,-0.15734623341196236,0.15807379518297043
grid_m4.00_29.75,1992-01-01,19.22762538978497,16.174001518817228,237.49756784998,1014.0642817876344,-0.32293069639185484,0.3788134665181183
grid_m4.00_29.75,1992-02-01,19.190201063218414,16.243224295977036,294.9004177868,1014.4470886494254,0.050421549949425284,0.38846134333339655
grid_m4.00_29.75,1992-03-01,19.907952607526905,16.03687659946239,211.49849828236,1013.151932594086,-0.6456735474057795,0.28679363648212364
grid_m4.00_29.75,1992-04-01,19.1818492777778,16.759830625000024,281.25953649512,1013.991135,-0.6952283014716667,0.3400082698147222
grid_m4.00_29.75,1992-05-01,19.196095793010777,15.276077338709701,153.13053163908,1014.7688338037634,-1.1553486471646506,0.3555370988145161
grid_m4.00_29.75,1992-06-01,18.903765388888914,14.633590611111135,95.50380677968,1015.5572702777778,-0.5749686773836111,0.7405558922925
grid_m4.00_29.75,1992-07-01,18.515887473118305,12.185765672043033,10.95485682348,1016.6044251344086,-0.4924171249745968,0.9939319041510754
grid_m4.00_29.75,1992-08-01,19.429719489247336,11.227795927419377,1.9268989608,1016.1178081317205,-0.5139258799344086,1.077743242014516
grid_m4.00_29.75,1992-09-01,21.010844847222245,12.086765208333354,32.5541496414,1013.1686594444445,-0.940838411771836,0.8720399007920834
grid_m4.00_29.75,1992-10-01,19.601248373655938,15.032058790322603,187.62302401444,1013.526816061828,-0.2229516643740054,0.48104085131600804
grid_m4.00_29.75,1992-11-01,18.514491708333356,15.208184486111135,310.8506200644,1013.4607039583333,-0.4862726527561111,0.15846712255847223
grid_m4.00_29.75,1992-12-01,18.47934798387099,15.758986263440882,258.3737373052,1014.0213306451612,-0.4294741226979839,0.18229753270282256
grid_m4.00_29.75,1993-01-01,18.469055766129056,15.643908306451637,394.48571208356,1014.4159841397849,-0.1895861672762097,0.22907628256801077
grid_m4.00_29.75,1993-02-01,18.84896380952383,16.02357669642859,231.17542264068,1013.7954232886905,0.011537602594732141,0.3590643981834226
grid_m4.00_29.75,1993-03-01,18.995763266129057,15.853958077957012,258.7060924086,1014.1087909274194,-0.25686206650099463,0.40214485230510755
grid_m4.00_29.75,1993-04-01,18.989135819444467,16.334550722222247,256.8728923408,1013.7772511805555,-0.7560483933656944,0.28681765655763886
grid_m4.00_29.75,1993-05-01,19.24524521505379,15.973905618279593,170.31192767948,1014.3974009408603,-0.7679318051092743,0.3172117408520161
grid_m4.00_29.75,1993-06-01,18.969114138888912,14.1897302777778,40.05479813982,1016.1299843055555,-0.41785763636263895,0.7819575627015278
grid_m4.00_29.75,1993-07-01,18.99350729838712,11.368598440860238,2.42042541038,1016.3304339381721,-0.7208836266542554,1.002412713486828
grid_m4.00_29.75,1993-08-01,19.971647271505397,12.372355981182817,29.4277666909,1015.6565985215054,-0.6386667278282258,0.9804811377642876
grid_m4.00_29.75,1993-09-01,21.06155704166669,11.700343250000023,33.26320624232,1013.8623740277778,-0.7377170136025832,0.9151925390691666
grid_m4.00_29.75,1993-10-01,21.11331114247314,14.135640766129056,111.08398454291999,1013.0968774193549,-0.6634803690571237,0.6309188506303763
grid_m4.00_29.75,1993-11-01,19.21754343055558,16.00442166666669,246.50573693294,1012.8885352777778,-0.362078772345,0.19143749870708335
grid_m4.00_29.75,1993-12-01,18.926533870967766,16.21290506720432,259.46330994348,1013.4184249327958,-0.4023869451052419,0.08720637982876345
grid_m4.00_29.75,1994-01-01,19.123134448924752,16.00917788978497,253.10635544858,1012.9407014784947,0.11420965809650536,0.4418004560385605
grid_m4.00_29.75,1994-02-01,19.144630505952403,16.07306154761907,387.52031239092,1013.6783752232143,0.3905651446931548,0.4734342437527619
grid_m4.00_29.75,1994-03-01,19.211181438172066,16.68164549731185,264.8308277941,1013.892832795699,-0.18007792491102154,0.4301238314638441
grid_m4.00_29.75,1994-04-01,19.004213430555577,16.213624333333357,214.52045407294,1013.7707743055556,-0.8583998779100417,0.26656127487791664
grid_m4.00_29.75,1994-05-01,18.958930712365614,15.465043158602175,161.32879325804,1015.216309811828,-1.0732610048209679,0.2981747253126344
grid_m4.00_29.75,1994-06-01,18.90231000000002,13.652522625000024,32.98711772128,1015.3781752777777,-0.38744419982388884,0.8177100918483889
grid_m4.00_29.75,1994-07-01,18.75623900537637,12.2296537231183,31.982898740339998,1016.0582320564515,-0.7346525102024045,0.8689057745633065
grid_m4.00_29.75,1994-08-01,19.980625201612927,11.454604260752712,11.824607844920001,1014.7586395833333,-0.6910914964710081,0.9653939894250941
grid_m4.00_29.75,1994-09-01,21.41859443055558,13.164289000000021,50.51851276352,1013.8303044444444,-0.7824540290236112,0.8696739821668056
grid_m4.00_29.75,1994-10-01,18.932576142473142,15.832743225806475,253.11851524402,1013.3566436827957,-0.2192640819030914,0.38444234018682794
grid_m4.00_29.75,1994-11-01,18.683898500000023,16.015265708333356,316.83468773008,1013.8807579166667,-0.26915980502295833,0.31138025891444443
grid_m4.00_29.75,1994-12-01,18.650980739247334,16.493876975806472,283.78105113716,1014.6195017473119,-0.37754698630396505,0.29614688475268813
grid_m4.00_29.75,1995-01-01,19.224340604838734,16.250034502688194,337.89801640726,1014.4626217741935,0.019670118685887097,0.3874827967513441
grid_m4.00_29.75,1995-02-01,19.12097803571431,15.932260029761927,242.70248309756,1014.3230992559523,0.2509003807896994,0.47966135173363095
grid_m4.00_29.75,1995-03-01,19.195525255376367,16.29086737903228,233.28828881968,1013.6545066532258,-0.4040233452478495,0.3453934580907258
grid_m4.00_29.75,1995-04-01,18.84218841666669,16.4994927777778,256.24752036912,1013.1710734027778,-0.9573084904979584,0.2398236166034722
grid_m4.00_29.75,1995-05-01,19.035563440860237,15.338427849462388,143.29528783834,1014.8288119623656,-1.2521097694482528,0.33220676004733873
grid_m4.00_29.75,1995-06-01,19.074984819444467,14.310153361111134,53.21741095622,1015.1809809027778,-0.3049964482865278,0.7467177501992778
grid_m4.00_29.75,1995-07-01,19.107148588709702,12.090653333333357,13.87619969056,1014.6167997983871,-0.5994026432854382,0.9664348900124463
grid_m4.00_29.75,1995-08-01,20.422096841397874,10.262366478494647,7.16733931854,1014.6176172715054,-1.1833696034206989,0.9266856398641129
grid_m4.00_29.75,1995-09-01,21.2190824027778,11.675834638888912,31.36444089384,1013.985297013889,-0.6292023354638889,0.7840769234489653
grid_m4.00_29.75,1995-10-01,19.786418091397874,15.354308870967765,186.13767631222,1012.7530901209677,-0.2776040721267473,0.4290584224017473
grid_m4.00_29.75,1995-11-01,19.211233305555577,15.871833916666692,209.47074937754,1013.3076947222223,-0.18150141109097223,0.30962935554027776
grid_m4.00_29.75,1995-12-01,18.948458400537657,15.46348303763443,228.38449509462,1014.1151640456989,-0.3171647203891129,0.16536705540475807
grid_m4.00_29.75,1996-01-01,19.030633064516152,15.746225255376366,284.10148601746,1012.7095413306453,-0.13695300348005376,0.2885842485939516
grid_m4.00_29.75,1996-02-01,19.139294224137956,16.05544478448278,234.72261448088,1012.4562986350576,0.00472776858448276,0.4317914803159483
grid_m4.00_29.75,1996-03-01,19.251999690860238,16.66392553763443,293.05267338106,1012.7085533602151,-0.3463852754821506,0.4710019430651075
grid_m4.00_29.75,1996-04-01,18.887920097222242,15.854883847222244,190.42253465368,1013.8787055555555,-1.0917320480063333,0.3763294865504167
grid_m4.00_29.75,1996-05-01,19.466626303763466,14.427767083333356,88.79184733682,1014.5142837365592,-1.4257753231179704,0.432921751234879
grid_m4.00_29.75,1996-06-01,18.916789069444466,12.769990347222246,12.141227757100001,1015.4724886805554,-0.17584726426711111,0.9913062195865278
grid_m4.00_29.75,1996-07-01,18.871492486559163,11.607031102150561,11.33728024956,1015.9441873655913,-0.2300509780702957,1.0887885766324195
grid_m4.00_29.75,1996-08-01,19.979564529569913,10.287669475806474,23.23102948546,1014.3718196908602,-0.17601411113844087,0.9004825082255914
grid_m4.00_29.75,1996-09-01,19.97026466666669,13.8825962777778,93.84489066756,1013.2121910416666,-0.34373938206694443,0.6144465553395834
grid_m4.00_29.75,1996-10-01,19.527205268817227,14.917067500000023,202.24380498108,1013.3080365591399,-0.32808541609663977,0.4898358619494086
grid_m4.00_29.75,1996-11-01,18.803790055555577,15.644044569444466,243.5352801115,1012.6959689583333,-0.2945637820773611,0.11203895000381944
grid_m4.00_29.75,1996-12-01,19.10586793010755,15.450486653225829,267.01974832998,1013.5736532930107,-0.23075745731616937,0.2774435065151882
grid_m4.00_29.75,1997-01-01,18.90902116935486,15.954022392473142,316.82133630214,1013.3748727822581,-0.07646554427133063,0.29764620515430107
grid_m4.00_29.75,1997-02-01,18.8734689434524,15.86278148809526,328.73368310274,1013.8280902529762,0.07500482620907738,0.4448018308547321
grid_m4.00_29.75,1997-03-01,19.431341290322603,16.412415201612927,233.37793318974,1012.8049056451613,-0.5530445140143817,0.36741775575577956
grid_m4.00_29.75,1997-04-01,18.57491381944447,16.195154625000022,282.40060757434,1014.6891871527779,-0.40610603751576385,0.43919711544256945
grid_m4.00_29.75,1997-05-01,18.74168651881723,14.976172540322603,191.47562987022,1015.9771793010752,-1.0238278662668012,0.24458604227258066
grid_m4.00_29.75,1997-06-01,19.1401554027778,13.247928180555578,34.56306467446,1015.2554338888889,-1.1138863027263888,0.4864653054396389
grid_m4.00_29.75,1997-07-01,19.122680026881742,11.689211169354863,19.37985419886,1016.7525301075269,-0.8340469506951613,0.9978848172395699
grid_m4.00_29.75,1997-08-01,20.920155793010775,10.186962634408626,3.4446716087400002,1015.532061626344,-0.5701713559501344,0.947504187281586
grid_m4.00_29.75,1997-09-01,22.690335625000024,9.511924194444466,13.24224472792,1013.2411827083332,-1.048460409336111,0.7930704752133333
grid_m4.00_29.75,1997-10-01,20.502327150537656,14.115253212365614,235.2309228384,1013.6519954301075,-0.9734921821608871,0.38307378673830644
grid_m4.00_29.75,1997-11-01,19.314039819444467,16.4330570277778,335.21151586516,1013.8089204166666,-0.30363805503041663,0.21187345787444442
grid_m4.00_29.75,1997-12-01,18.55110806451615,16.30391487903228,315.67430549014,1014.972827217742,-0.010895226073655916,0.44769598856618276
grid_m4.00_29.75,1998-01-01,19.467732096774217,17.14159670698927,429.09288440214,1014.2300309139786,-0.21337185167180106,0.28736530890551076
grid_m4.00_29.75,1998-02-01,20.1436598511905,17.288598333333358,361.52935018768,1015.4038216517857,0.24598096736705358,0.36794953209613096
grid_m4.00_29.75,1998-03-01,20.2802735215054,17.442434327957013,291.59069083828,1013.874741061828,-0.593320724130242,0.241483503366129
grid_m4.00_29.75,1998-04-01,19.75773191666669,17.0640566527778,243.10302671396,1014.7142013194443,-0.9999824179470833,0.3867536133393681
grid_m4.00_29.75,1998-05-01,19.730349556451635,15.829231586021528,106.84013338174,1015.6490815188173,-0.6463889259645564,0.5427484209176613
grid_m4.00_29.75,1998-06-01,19.421692222222248,13.42818351388891,30.88235851498,1016.7699927083333,-0.6979619996126389,0.8332622628930556
grid_m4.00_29.75,1998-07-01,19.171761895161314,10.971680120967765,4.85801695896,1016.035507795699,-0.6156861580969892,1.0276087505758065
grid_m4.00_29.75,1998-08-01,20.006615376344108,11.697898763440882,36.634445276979996,1014.6308639784946,-0.6921813204502688,0.9562764327043684
grid_m4.00_29.75,1998-09-01,21.08400779166669,12.4475912777778,51.850319142800004,1013.717408125,-1.0005535565419443,0.768679388125861
grid_m4.00_29.75,1998-10-01,20.58411491935486,13.87494237903228,102.3609635958,1013.4606049059139,-0.4378604979161291,0.650887131136371
grid_m4.00_29.75,1998-11-01,19.969172347222244,14.530969347222246,148.87475976336,1012.6228090972222,-0.8438672830568055,0.09618962406666666
grid_m4.00_29.75,1998-12-01,18.96087860215056,15.339023763440883,256.15215284308,1013.5900422043012,-0.3020974231004032,0.22053667349844083
grid_m4.00_29.75,1999-01-01,18.844070134408625,15.738332244623678,344.89274033922,1012.7105362903226,-0.20754955506639786,0.2844380833295699
grid_m4.00_29.75,1999-02-01,19.964742113095262,15.273885997023832,133.86821687608,1012.198400297619,-0.3034826856059524,0.4433592827412203
grid_m4.00_29.75,1999-03-01,18.693258978494647,15.888326424731206,275.44522317954,1012.3050978494624,0.005632994822446237,0.5694616787036291
grid_m4.00_29.75,1999-04-01,18.586681944444468,15.230904736111132,171.624660606,1014.5286767361112,-1.2543741859934723,0.38480786823972224
grid_m4.00_29.75,1999-05-01,18.994759327957013,13.677222768817227,87.76116385296,1014.9679187500001,-1.4172741877553765,0.46186248289932796
grid_m4.00_29.75,1999-06-01,19.0604985277778,11.553580791666688,16.86573028712,1015.32488375,-1.145917657638889,0.8101244396988194
grid_m4.00_29.75,1999-07-01,18.88695368279572,9.772603104838732,8.06260114414,1016.123750672043,-0.996242870394758,1.0081173671311827
grid_m4.00_29.75,1999-08-01,19.522062137096796,11.969709045698949,65.46688069188,1015.3455733198925,-0.8732105783629033,0.9029224156537634
grid_m4.00_29.75,1999-09-01,20.11156693055558,12.588514472222245,70.16253420916,1013.1749769444444,-0.9361763643780138,0.6775382146056944
grid_m4.00_29.75,1999-10-01,20.01716547043013,13.897611586021528,102.9422282282,1012.9958660618279,-0.36307361489919354,0.660105325744086
grid_m4.00_29.75,1999-11-01,18.577603750000023,14.88656029166669,262.7182003888,1013.4261936111111,-0.547048647841868,0.055822096924666664
grid_m4.00_29.75,1999-12-01,18.47956529569895,15.04258533602153,229.34436795822,1013.5191491935484,-0.6222463220694893,0.024103862474596772
grid_m4.00_29.75,2000-01-01,19.117985040322605,15.303634919354861,222.82671966332,1012.0645866935483,-0.16555789190327957,0.22024211978879032
grid_m4.00_29.75,2000-02-01,19.101641522988526,15.287688520114965,203.89962231479998,1013.3276722701149,0.03506621066867816,0.4742056308804598
grid_m4.00_29.75,2000-03-01,18.76507856182798,15.879388387096796,284.2473976635,1012.8172328629032,-0.40619751678965055,0.3591598787701613
grid_m4.00_29.75,2000-04-01,18.886822083333357,15.254175805555578,148.3447551251,1013.4596545833333,-1.0099785473958334,0.3999723852670556
grid_m4.00_29.75,2000-05-01,20.02048100806454,13.614536250000024,39.86930835182,1014.1673583333334,-1.1588735680681452,0.6170271044115592
grid_m4.00_29.75,2000-06-01,19.425148333333354,11.428828472222245,20.80774300214,1015.5773202777777,-1.0649070105302778,0.9553911906988889
grid_m4.00_29.75,2000-07-01,19.094985981182816,9.257391491935506,1.87301634994,1014.951132392473,-0.5664522736334677,1.1389137776606453
grid_m4.00_29.75,2000-08-01,20.23185274193551,10.55079427419357,13.6151313691,1014.8624483870967,-0.7577617194818548,1.1164732492724503
grid_m4.00_29.75,2000-09-01,21.89168038888891,9.741249750000023,10.64610482902,1012.3956696527778,-0.9219082725388889,0.9274790449049306
grid_m4.00_29.75,2000-10-01,20.486626075268838,13.589367177419378,174.63421818598,1013.1424549731183,-0.5095474685879032,0.5149847841946237
grid_m4.00_29.75,2000-11-01,18.93789805555558,15.471779458333355,292.17171742906,1012.8057131944444,-0.14876736767208334,0.21996394355194443
grid_m4.00_29.75,2000-12-01,18.67611939516131,15.789777325268838,305.71627598582,1014.1576112231182,-0.08996161615537634,0.4292651553490592
grid_m4.00_29.75,2001-01-01,18.213095685483893,15.623801586021527,352.16569849538,1014.0137517473119,0.24113288014610215,0.4364013265413978
grid_m4.00_29.75,2001-02-01,19.09479260416669,15.877624404761926,221.4174271764,1013.0918706845239,-0.1558251837577381,0.44996947381428576
grid_m4.00_29.75,2001-03-01,18.80131306451615,16.021279623655936,266.37792578434,1013.5851768145162,-0.1659686379469086,0.5183535150258065
grid_m4.00_29.75,2001-04-01,18.84299488888891,15.488743625000025,166.96810735274,1014.1246954166667,-1.1120883313680556,0.32887744817402775
grid_m4.00_29.75,2001-05-01,18.815290860215075,14.507413790322605,147.0518108768,1015.3858162634408,-1.0810711760091398,0.4861317549262097
grid_m4.00_29.75,2001-06-01,18.54206216666669,12.828756861111133,38.88082514794,1016.0459509722223,-0.7600909968799999,0.7845425709080556
grid_m4.00_29.75,2001-07-01,18.619177795698945,11.727021344086046,25.18939978078,1015.8604825940861,-0.7046254676254032,0.9069676983557795
grid_m4.00_29.75,2001-08-01,19.79186811827959,11.357157190860239,10.31255729232,1015.4847904569892,-0.5023658129799731,0.8341178080429651
grid_m4.00_29.75,2001-09-01,19.948263083333355,13.1580655277778,108.32452807566,1013.38612375,-0.2861182117811111,0.5749813720520833
grid_m4.00_29.75,2001-10-01,19.959431733870993,14.874883870967764,160.04419325684,1013.571751344086,-0.31441916674677417,0.41865781348225806
grid_m4.00_29.75,2001-11-01,18.98416216666669,15.3172676527778,236.24992357426,1013.9333919444445,-0.5080024734030556,0.16847345575291667
grid_m4.00_29.75,2001-12-01,18.90135600806454,15.889209381720452,281.32867821596,1013.7364079301075,-0.36906828289274196,0.2271796187245968
grid_m4.00_29.75,2002-01-01,18.574570188172064,15.89630301075271,321.61068922328,1014.3589184139785,-0.02606509777486559,0.4539457338037634
grid_m4.00_29.75,2002-02-01,19.56377815476193,16.00326616071431,226.21440853714,1013.9139826636905,-0.4045268699425595,0.36559118594544643
grid_m4.00_29.75,2002-03-01,18.95984725806454,16.528406384408626,273.5669621062,1013.537021438172,-0.26334325797244623,0.5117915567596775
grid_m4.00_29.75,2002-04-01,18.630970680555578,16.245341638888913,256.11209880842,1013.21028125,-0.9665384297049999,0.23189209777430556
grid_m4.00_29.75,2002-05-01,19.198303924731206,14.573235067204322,117.4430850467,1015.1632147849463,-0.7726650245847179,0.6229550151768145
grid_m4.00_29.75,2002-06-01,18.989796694444465,12.272372611111134,10.36024094432,1016.3045205555555,-0.72705444704625,0.9633834361315485
grid_m4.00_29.75,2002-07-01,19.996588655914,10.856882674731205,7.31277465652,1016.0557206989248,-0.9541156124028225,0.9006631290475806
grid_m4.00_29.75,2002-08-01,20.355223575268838,10.152259448924754,9.64975355502,1015.3774176747311,-1.2231706185837365,0.959856626903629
grid_m4.00_29.75,2002-09-01,21.466789319444466,10.811639069444466,34.24167634618,1013.8917649305555,-1.3278970731195834,0.7112505817583334
grid_m4.00_29.75,2002-10-01,20.553655846774216,13.768060362903249,133.11052321272,1012.6861816532257,-0.7492227658491935,0.49889513214180103
grid_m4.00_29.75,2002-11-01,18.89196726388891,15.532793847222246,246.73414233698,1014.2992334027778,-0.32000965510055557,0.3976328119694444
grid_m4.00_29.75,2002-12-01,18.80698229838712,15.918483629032282,280.68971621916,1014.8572186827957,-0.2412805359158602,0.3168553553747715
grid_m4.00_29.75,2003-01-01,19.340902540322602,16.100419435483893,280.37524210916,1014.7128541666666,-0.06521244939193549,0.4287595041484812
grid_m4.00_29.75,2003-02-01,20.16483285714288,15.765231592261928,129.00352512228,1013.2207026785715,-0.055349395624970245,0.4887842171734375
grid_m4.00_29.75,2003-03-01,19.655990336021528,16.44232587365594,189.13841267698,1013.1006801075268,-0.039417512741061825,0.5826690416940861
grid_m4.00_29.75,2003-04-01,19.102991777777802,16.2040827777778,199.65028764178,1014.0411624999999,-0.5170475411684722,0.45170163082166664
grid_m4.00_29.75,2003-05-01,19.105448400537657,15.05665864247314,103.57189147912,1015.4145852822581,-1.0464088075005913,0.39518188128225806
grid_m4.00_29.75,2003-06-01,18.654427666666688,13.149657513888913,42.47474660064,1015.452153611111,-0.86909686182325,0.7779735436630555
grid_m4.00_29.75,2003-07-01,18.292959610215078,11.680599032258085,18.16511155678,1016.690370094086,-0.6885989206861828,0.961943327219086
grid_m4.00_29.75,2003-08-01,20.24255415322583,9.794734690860237,3.27205657454,1014.8340289650538,-0.36746894750510756,0.9993541478626343
grid_m4.00_29.75,2003-09-01,21.122647597222244,12.696703833333356,64.59927573468,1013.991079375,-0.8513313716099445,0.7314477708935277
grid_m4.00_29.75,2003-10-01,20.609437580645185,14.25326979838712,163.05923462982,1012.8781527553764,-0.6000157219002689,0.39332828855188173
grid_m4.00_29.75,2003-11-01,19.559969736111135,15.1903319027778,219.09785292592,1012.8500857638888,-0.509261216951625,0.14614601089930557
grid_m4.00_29.75,2003-12-01,19.225960551075293,15.877176895161313,306.01978322314,1013.9379468413979,-0.2927952227777823,0.39033969846626343
grid_m4.00_29.75,2004-01-01,19.586918790322603,16.0774485215054,215.1787285707,1012.9709157258064,-0.29183002188077956,0.2934761460630377
grid_m4.00_29.75,2004-02-01,19.25312784482761,16.13461056034485,265.6166557728,1014.0854255028736,-0.056801896014511494,0.45558782594698277
grid_m4.00_29.75,2004-03-01,19.499452782258086,16.522449569892494,270.13492591408,1013.4459264112903,-0.38620425901774197,0.3206165499197581
grid_m4.00_29.75,2004-04-01,18.890565250000023,16.309281972222244,190.49453745996,1014.4157609722223,-0.5891361664529167,0.44935652215041666
grid_m4.00_29.75,2004-05-01,19.219588346774216,14.473080779569916,50.65488810088,1015.5227817204302,-0.5725045555114248,0.7562180306185484
grid_m4.00_29.75,2004-06-01,18.785179500000023,11.659609555555578,19.01531224724,1017.6061763888889,-1.1739353061869444,0.9511458027394445
grid_m4.00_29.75,2004-07-01,18.98069250000002,10.438685779569916,5.02729413388,1015.728822110215,-0.6248467766245968,1.0650320771643413
grid_m4.00_29.75,2004-08-01,20.272901263440883,10.949831801075293,13.8225555009,1015.3357079301076,-0.5295723527988575,0.9683330899958333
grid_m4.00_29.75,2004-09-01,19.904369430555576,13.315411486111135,121.82760185616,1013.9029203472222,-0.6226455899727777,0.5642323391890278
grid_m4.00_29.75,2004-10-01,20.75002591397852,14.079435215053785,147.47858059182,1013.170427016129,-0.9601127887293683,0.3944915028935484
grid_m4.00_29.75,2004-11-01,19.14401663888891,15.829460430555578,236.69862753826,1013.6681629861112,-0.33580127264138887,0.20981104100666667
grid_m4.00_29.75,2004-12-01,19.150867150537657,16.19004168010755,303.36618403246,1013.5418057123657,-0.2372204773685484,0.33898628358319893
grid_m4.00_29.75,2005-01-01,19.67761717741938,15.923340497311852,260.07151629644,1013.7475458333332,-0.2798677486333602,0.33124509433521504
grid_m4.00_29.75,2005-02-01,20.887748452380976,15.931468065476214,144.03629281626,1012.2839881696428,-0.5855926325488096,0.2842483062752976
grid_m4.00_29.75,2005-03-01,19.809258682795722,16.473362526881747,264.24980253988,1013.8786180107527,-0.3463050676176478,0.4672394001627688
grid_m4.00_29.75,2005-04-01,19.69958876388891,16.364199847222245,192.51775770868,1013.8265702083334,-0.8345752927777778,0.3243495517805556
grid_m4.00_29.75,2005-05-01,19.025626935483892,15.706223293010776,221.70543628548,1014.9933671370968,-0.7351829979827553,0.39610173651720426
grid_m4.00_29.75,2005-06-01,19.145898569444466,14.162050069444467,64.17131425954,1015.4347836111111,-0.751846927796389,0.6519592689888889
grid_m4.00_29.75,2005-07-01,18.901744354838733,11.177946142473143,8.7828636194,1016.8553751344086,-0.7940981242514785,0.9616772890362902
grid_m4.00_29.75,2005-08-01,20.285802836021528,11.873520349462387,28.31315999436,1014.6253016801076,-0.6037350526435484,0.9084000532418011
grid_m4.00_29.75,2005-09-01,21.50263638888891,12.543398013888911,52.13069903066,1013.3893632638889,-0.5347237719706944,0.817199727932639
grid_m4.00_29.75,2005-10-01,20.429211209677444,14.74893790322583,195.75047466832,1013.4191340053765,-0.36479880167857526,0.39984735865725807
grid_m4.00_29.75,2005-11-01,19.40361404166669,15.709197986111134,213.99331127662,1012.9794865972221,-0.4896426239274444,0.10008246090277778
grid_m4.00_29.75,2005-12-01,19.36188493279572,16.040676384408624,224.71857101056,1012.3557009408603,-0.20172781539715054,0.2846033441483871
grid_m4.00_29.75,2006-01-01,19.569695524193573,16.01519111559142,205.75284925834,1012.6029456317204,-0.2664511943904516,0.3585514344856317
grid_m4.00_29.75,2006-02-01,19.947114136904784,16.418110297619073,209.22374690738,1012.5726352678572,-0.08626356668467261,0.4337400261813988
grid_m4.00_29.75,2006-03-01,19.271702486559164,16.182219435483894,228.25288733986,1013.6423918010753,-0.1183345537673387,0.4515054559872312
grid_m4.00_29.75,2006-04-01,18.7274520277778,16.2118246527778,222.62811714956,1014.073525625,-0.8365680908641666,0.3610380202720278
grid_m4.00_29.75,2006-05-01,18.70447157258067,15.794720000000021,237.83254624742,1015.4743049731183,-0.7092366226083333,0.379742961333871
grid_m4.00_29.75,2006-06-01,18.72977255555558,12.917641722222244,29.87718575734,1016.2238865972222,-1.0611098189819443,0.7382744467083333
grid_m4.00_29.75,2006-07-01,18.874508696236582,12.390960000000021,37.1623038158,1016.6130854166666,-0.7397097717450268,0.9130292499076612
grid_m4.00_29.75,2006-08-01,19.657948306451637,12.96577791666669,58.5360522711,1014.8063946236558,-0.6084349025747312,0.7002817381924193
grid_m4.00_29.75,2006-09-01,20.628992958333356,12.914369083333357,62.42370593326,1014.1988978472223,-0.8912647890791667,0.701771821333611
grid_m4.00_29.75,2006-10-01,21.362418870967765,13.81617302419357,96.6408252215,1013.0660034946237,-1.0785489420752687,0.557442429739785
grid_m4.00_29.75,2006-11-01,18.59248541666669,16.079955208333356,343.5244563852,1013.8258184027777,-0.18427291161843054,0.31602092264081805
grid_m4.00_29.75,2006-12-01,18.777647056451634,16.531698225806473,365.22340769288,1014.9398828629031,0.16289886079677418,0.3862676513594086
grid_m4.00_29.75,2007-01-01,19.37715614247314,16.994172043010774,389.58501882306,1014.9931313172044,-0.07709139597569893,0.32218326011196236
grid_m4.00_29.75,2007-02-01,19.81914541666669,16.414603556547643,226.9716261819,1013.6069151041668,0.013980115950000004,0.26568371917351186
grid_m4.00_29.75,2007-03-01,19.84900059139787,16.29643794354841,194.89765123918,1013.3680427419355,-0.6973325450504032,0.2813064614901882
grid_m4.00_29.75,2007-04-01,19.576016194444467,16.16786238888891,187.97254555702,1013.8095038194443,-0.9015666316969444,0.2413692470676389
grid_m4.00_29.75,2007-05-01,19.525839556451636,15.416741236559163,139.25647717928,1014.861739516129,-1.372449013470371,0.399787738539785
grid_m4.00_29.75,2007-06-01,18.377647527777803,13.924792319444466,102.49328576598,1015.6752495833333,-0.45165216710555556,0.7004836612545833
grid_m4.00_29.75,2007-07-01,18.943323104838733,12.40590782258067,14.531135501240001,1015.4335814516128,-0.5264238949688173,0.9828840477146505
grid_m4.00_29.75,2007-08-01,19.780239663978517,11.763778279569914,36.69071226096,1014.3388776209677,-0.8018976043819893,0.8763512043490591
grid_m4.00_29.75,2007-09-01,20.89577176388891,12.643836819444466,50.04262929446,1013.5781635416666,-0.6402369170769444,0.6756088668018055
grid_m4.00_29.75,2007-10-01,20.26218803763443,14.315679045698946,140.9535409631,1012.7322250000001,-0.6472507597285484,0.41484459996559137
grid_m4.00_29.75,2007-11-01,19.103868833333358,15.617160388888912,316.49041215462,1012.8329820833334,-0.3915168033958472,0.13555503370283334
grid_m4.00_29.75,2007-12-01,18.895925604838734,15.399981397849485,271.50797845138,1013.0841401881721,-0.16815267623978494,0.22949056740295698
grid_m4.00_29.75,2008-01-01,18.92850330645164,15.990365120967764,299.28064392126,1013.0975464381721,-0.2026077963625,0.37038799005452955
grid_m4.00_29.75,2008-02-01,18.731660502873588,15.923700143678184,293.26343568628,1014.1340496408045,-0.09307365826053161,0.3483904699495374
grid_m4.00_29.75,2008-03-01,18.632991102150562,16.03927782258067,301.27119993496,1013.0392262768817,-0.23687237526169352,0.44404074880376343
grid_m4.00_29.75,2008-04-01,18.47148191666669,15.407803944444469,193.20535696078,1013.3223906249999,-1.354292022455139,0.17726434099383334
grid_m4.00_29.75,2008-05-01,19.31448924731185,13.86230745967744,90.90447427518001,1014.1282376344086,-1.5268463032096773,0.44043130415854836
grid_m4.00_29.75,2008-06-01,18.438609833333356,12.734641055555578,61.889171957100004,1015.7584684722223,-0.9632134962187361,0.7801968900223611
grid_m4.00_29.75,2008-07-01,18.59289104838712,11.490384959677442,12.3686790565,1015.8800960349463,-0.5472036586638441,1.0046027392627956
grid_m4.00_29.75,2008-08-01,20.171692016129057,11.612456545698947,18.9833641031,1013.5718842741936,-0.6678076851525538,0.9276343687532258
grid_m4.00_29.75,2008-09-01,21.559240097222244,11.268160569444468,27.655124698879998,1012.9366396527778,-0.5079083968581389,0.7613484490277778
grid_m4.00_29.75,2008-10-01,20.300455672043032,14.834115349462389,149.83511018325999,1013.3350909946237,-0.462256028993832,0.37683386439287636
grid_m4.00_29.75,2008-11-01,19.46886241666669,15.955769597222247,253.22532679756,1013.2713916666667,-0.2996520786801389,0.3389666460451389
grid_m4.00_29.75,2008-12-01,19.269656787634432,15.749346330645183,274.65391140488,1013.0988440860216,-0.3719998020905618,0.3588310154037097
grid_m4.00_29.75,2009-01-01,19.67635978494626,15.690222446236584,197.92413720922,1013.433705577957,-0.23178594840322583,0.4183265038536291
grid_m4.00_29.75,2009-02-01,19.0957895386905,15.906844627976213,239.39943290278,1012.9582732142857,-0.4535871013873512,0.3341395976626488
grid_m4.00_29.75,2009-03-01,19.631812795698945,16.410761599462386,204.7834394576,1012.6067202284947,-0.47693424840389786,0.3902847316297043
grid_m4.00_29.75,2009-04-01,19.0289607777778,16.283948583333355,257.04336203086,1014.4931175694445,-0.9240402647292361,0.3670142277085
grid_m4.00_29.75,2009-05-01,19.169744005376366,15.35729166666669,137.75968571063999,1014.3456346774194,-0.8353471040136653,0.33123720519435484
grid_m4.00_29.75,2009-06-01,19.17306313888891,13.435419638888913,59.04579153334,1015.5881446527778,-1.1199646837254167,0.5230328894
grid_m4.00_29.75,2009-07-01,18.91086278225809,11.031320000000024,12.10069654516,1016.6480824596775,-1.1226076734030914,0.9590501300569892
grid_m4.00_29.75,2009-08-01,20.594917970430128,12.088978938172067,10.05077356518,1014.524130376344,-0.8456451456899731,0.9976999219293011
grid_m4.00_29.75,2009-09-01,21.855021750000024,12.927805597222244,50.77791226772,1013.9978540972223,-0.6053047401370834,0.7462670835005097
grid_m4.00_29.75,2009-10-01,20.907236989247334,14.804718346774216,174.25727869386,1012.7197811827957,-0.8200144205783602,0.3431974216281586
grid_m4.00_29.75,2009-11-01,19.596294611111134,15.901081013888911,287.76502641706,1013.463898125,-0.437034472842875,0.3160091409509722
grid_m4.00_29.75,2009-12-01,19.241284569892496,16.49449676075271,258.98218142668003,1014.1236635080644,-0.19584824081465055,0.3279576661686828
grid_m4.00_29.75,2010-01-01,20.001736263440883,16.677389059139806,305.47523513416,1014.0765071908602,-0.22030333946048386,0.2593652456793011
grid_m4.00_29.75,2010-02-01,20.36817656250002,17.13946665178574,248.33393090274,1013.5134561755953,-0.29497809778565476,0.29926731391071426
grid_m4.00_29.75,2010-03-01,19.950730416666687,17.180448844086044,280.60579281292,1014.4479040994624,-0.4579029698923925,0.19067153088844088
grid_m4.00_29.75,2010-04-01,20.17417969444447,16.866548250000022,157.81640981686,1014.2061152777778,-1.152648057548611,0.1822788024526389
grid_m4.00_29.75,2010-05-01,20.110706344086044,15.47351165322583,149.75881544078,1014.6021723118279,-1.0805216144944891,0.4233379366741935
grid_m4.00_29.75,2010-06-01,19.599695222222245,13.513120083333357,42.36555084304,1016.1028745138889,-0.8984562125281944,0.7899714786505555
grid_m4.00_29.75,2010-07-01,19.520461962365616,10.951338870967763,4.12178038668,1015.629082594086,-0.8788909096151882,1.0213043442661829
grid_m4.00_29.75,2010-08-01,20.89377342741938,9.194171989247335,2.84481048688,1014.64401875,-0.602776536803629,1.1291855144642473
grid_m4.00_29.75,2010-09-01,21.035345319444467,12.576938458333355,67.19064711834,1013.2347165972222,-0.708169280287361,0.6124929140905556
grid_m4.00_29.75,2010-10-01,21.262810940860238,13.975573010752713,133.92686822018,1012.3019226478496,-0.4647404047169355,0.4125318230521505
grid_m4.00_29.75,2010-11-01,19.874875041666687,15.790222638888913,271.62098915882,1012.030548125,-0.5005968728272222,0.137577692452625
grid_m4.00_29.75,2010-12-01,19.373977594086043,15.756594368279593,231.72378518592,1012.2012450268817,-0.21437111658133065,0.3937715098630376
grid_m4.00_29.75,2011-01-01,19.22327739247314,16.12087467741938,359.44104402318,1012.1295800403226,-0.14012705917741936,0.42092987837836016
grid_m4.00_29.75,2011-02-01,19.461984255952405,16.254012946428595,209.16891072122,1012.4705706101191,-0.022397858345535714,0.46473689256407735
grid_m4.00_29.75,2011-03-01,19.275470094086046,16.4246649731183,251.18589428255999,1013.0051531586022,0.03498190174861559,0.5788860936693548
grid_m4.00_29.75,2011-04-01,19.1640430277778,16.25614154166669,208.0602648216,1013.4129585416667,-1.015413622822639,0.25986302718694443
grid_m4.00_29.75,2011-05-01,19.424732002688195,15.265769623655938,138.10491535482,1014.6810107526882,-1.2205085432387097,0.3311128917877016
grid_m4.00_29.75,2011-06-01,19.383951458333357,13.984346555555579,57.2781565245,1015.0542271527777,-0.4542451633443611,0.7119578476777778
grid_m4.00_29.75,2011-07-01,19.18444676075271,12.11142165322583,8.19349287044,1014.8213821236559,-0.4563263504826613,0.9123137067202957
grid_m4.00_29.75,2011-08-01,20.243910188172066,12.902816155914,29.84809869996,1014.3503316532258,-0.33386115478655914,0.8818684039973118
grid_m4.00_29.75,2011-09-01,20.269609319444466,14.231033222222244,142.05694217498,1014.4037802777779,-0.5246307599847222,0.48394158324805553
grid_m4.00_29.75,2011-10-01,19.417746317204323,15.41378987903228,231.58502629426,1012.7966270833334,-0.5421869618157258,0.19810723737222177
grid_m4.00_29.75,2011-11-01,19.05250019444447,16.0878640277778,276.03268675964,1013.6489515972222,-0.18928481213902779,0.31995370529444445
grid_m4.00_29.75,2011-12-01,19.161737258064537,16.410280255376367,333.85467480866,1014.0460270161291,-0.09667213087298387,0.33511332005376343
grid_m4.00_29.75,2012-01-01,19.959147217741958,16.16006666666669,279.35361835158,1013.3500494623656,0.08036072077110215,0.4806732048826613
grid_m4.00_29.75,2012-02-01,19.361996939655196,16.156874856321863,206.2265868031,1012.2132691091954,-0.0034242865411781595,0.47094452602783043
grid_m4.00_29.75,2012-03-01,19.682755833333356,16.323604596774214,227.10943180768,1013.5131941532259,-0.18942908124978494,0.4133444748842473
grid_m4.00_29.75,2012-04-01,19.095957986111134,16.40449081944447,262.16483087896,1014.2682547916667,-0.4927818937519028,0.35708272676249997
grid_m4.00_29.75,2012-05-01,18.842118400537657,15.452678991935507,163.19799390266,1015.2851715053764,-0.8556028801487904,0.3521654687743279
grid_m4.00_29.75,2012-06-01,18.848906986111135,13.927171333333357,45.60184486616,1016.08745375,-0.6136617863365278,0.6784294595726389
grid_m4.00_29.75,2012-07-01,19.290322002688193,12.452760819892497,8.92019272846,1014.965074798387,-0.16894313971061828,1.0139910119695834
grid_m4.00_29.75,2012-08-01,19.878951182795724,12.258997795698946,56.50711079876,1014.9443488575268,-0.33351286940813174,0.6963670574055107
grid_m4.00_29.75,2012-09-01,20.397029708333356,14.348395597222245,84.72394941608,1014.4590347222222,-0.37633779390736116,0.45601946480220834
grid_m4.00_29.75,2012-10-01,20.27517107526884,15.582321666666688,191.13659905082,1012.8238068548387,-0.3369440252163978,0.24211897819422043
grid_m4.00_29.75,2012-11-01,19.28667025000002,16.37358419444447,286.01169560984,1013.9163220138889,-0.365614488012625,0.12337739762513888
grid_m4.00_29.75,2012-12-01,19.206458776881743,16.2190572715054,297.88517945437997,1013.5211372983871,-0.1464608924422043,0.2471416217919355
grid_m4.00_29.75,2013-01-01,20.32102673387099,16.726627661290348,295.25184618049997,1014.079133266129,0.006300894369086021,0.28396555191962364
grid_m4.00_29.75,2013-02-01,20.155967351190498,16.28132123511907,179.53062049792,1013.1063569940476,-0.2063572743422619,0.3134437965849405
grid_m4.00_29.75,2013-03-01,19.493053682795722,16.989829153225827,323.03333256242,1014.0002665994623,-0.36418092356075804,0.4462164187408602
grid_m4.00_29.75,2013-04-01,19.26924966666669,16.96055887500002,241.48178138408,1014.7376834722223,-0.4564878460770417,0.3271666208493472
grid_m4.00_29.75,2013-05-01,19.460046962365613,15.219002607526903,123.90708885356,1015.7215139784946,-1.2478174185700268,0.32621037039650536
grid_m4.00_29.75,2013-06-01,19.169595666666687,12.4102862777778,10.63489916844,1015.8744493055555,-0.6812596219094444,0.8569982110047222
grid_m4.00_29.75,2013-07-01,19.453525228494648,11.305127217741957,4.40549852718,1015.541407795699,-0.20515984400967743,1.097778443694086
grid_m4.00_29.75,2013-08-01,20.677972069892498,10.541509327957012,21.27408990316,1014.2689915322582,-0.5627252660120968,0.9644969624717741
grid_m4.00_29.75,2013-09-01,20.423837125000023,14.5354366527778,146.72374703628,1013.9847055555556,-0.28962624935425,0.4031723655556944
grid_m4.00_29.75,2013-10-01,20.073950860215078,14.936628911290347,136.90328598624,1013.7011156586022,-0.4417222337284946,0.35614756159543015
grid_m4.00_29.75,2013-11-01,19.259297333333354,16.031186708333355,241.51325278228,1012.908108125,-0.2872512185677778,0.24104917453458335
grid_m4.00_29.75,2013-12-01,19.08195041666669,16.114844018817227,307.16323878478,1014.2869329301075,-0.21794754067298386,0.25330475856717743
grid_m4.00_29.75,2014-01-01,19.65571369623658,16.50440428763443,331.9597239604,1013.8412899865591,-0.11070743734927418,0.38092922958037634
grid_m4.00_29.75,2014-02-01,19.52703035714288,16.669506994047644,305.84525975312,1012.8524466517857,0.28643578615825893,0.4726795914272322
grid_m4.00_29.75,2014-03-01,19.732268212365614,16.645605040322604,241.89662956428,1013.6070303763441,-0.14352359500524192,0.5202065335981182
grid_m4.00_29.75,2014-04-01,19.282881236111134,16.3243430277778,226.07421832422,1014.7519682638889,-0.8799897732618056,0.36951077861638887
grid_m4.00_29.75,2014-05-01,19.894311142473143,14.633036572580666,67.71707537332,1014.7572150537635,-1.3926791737962365,0.5334363747137635
grid_m4.00_29.75,2014-06-01,19.694432222222247,14.020554763888914,40.2688980795,1015.8159107638888,-0.7160412685786112,0.7814892993934167
grid_m4.00_29.75,2014-07-01,19.894605577957012,11.921158172043034,5.2552223064,1016.8059127016129,-0.41631983668991934,0.9921076583444355
grid_m4.00_29.75,2014-08-01,20.30415040322583,13.411497177419376,78.07183256108,1015.0637496639785,-0.33062227401075267,0.773238909327957
grid_m4.00_29.75,2014-09-01,20.170667986111134,14.114446458333358,125.30183779308,1014.5636111111112,-0.7312629498840277,0.41168270154611114
grid_m4.00_29.75,2014-10-01,20.117328104838734,15.180737862903248,174.6654508589,1013.6240510080645,-0.5660918660873508,0.40494379456935486
grid_m4.00_29.75,2014-11-01,19.653927486111133,15.993365222222243,211.74573892304,1013.5469707638889,-0.6185115604648334,0.1428526566611111
grid_m4.00_29.75,2014-12-01,19.566674045698946,16.51813677419357,312.43610340486,1014.2884382392474,-0.271556493942043,0.21153185496478497
grid_m4.00_29.75,2015-01-01,19.47659284946239,16.840124112903247,395.65134015238,1014.5632776209677,0.348809021359207,0.5429970718637097
grid_m4.00_29.75,2015-02-01,19.69458961309526,16.80899392857145,218.62554521274,1013.2214782738096,0.025054749424404766,0.37861517357104163
grid_m4.00_29.75,2015-03-01,19.963091922043034,16.85982916666669,195.145130117,1013.5712293682795,-0.43291670310040326,0.45207554800806454
grid_m4.00_29.75,2015-04-01,19.328162555555576,16.910298819444467,247.0350263348,1015.1408048611112,-0.32611393540125,0.45130716958187506
grid_m4.00_29.75,2015-05-01,19.76999290322583,15.972523857526904,137.76350005756,1015.8436667338709,-1.1307485024553763,0.45774662977499997
grid_m4.00_29.75,2015-06-01,19.826624319444466,14.555790569444467,26.581287475059998,1015.9516865972223,-0.16820778315518056,0.8821548457561667
grid_m4.00_29.75,2015-07-01,20.101242970430132,12.582118091397874,15.04611968978,1016.1738600134408,-0.7692567359308603,0.8666455063352687
grid_m4.00_29.75,2015-08-01,21.445437916666688,11.207526854838731,5.2518844975,1015.0295860887097,-0.8698167082831183,0.9450842736368952
grid_m4.00_29.75,2015-09-01,22.2209854027778,14.290665180555578,62.25061420084,1013.8712291666667,-0.7029632352136944,0.5752960198326389
grid_m4.00_29.75,2015-10-01,20.586588776881744,16.597546491935507,268.697261515,1014.1250865591398,-0.4289586466622312,0.3857788772957258
grid_m4.00_29.75,2015-11-01,19.556304708333357,16.909254541666687,269.37460936928,1014.2166497916667,-0.2228810828439722,0.3441846000453709
grid_m4.00_29.75,2015-12-01,19.81679284946239,17.292644422043033,290.6441689889,1015.49081875,-0.09046556628064516,0.369939208865699
grid_m4.00_29.75,2016-01-01,20.3040535887097,17.87249813172045,417.57106925222,1014.9128269489247,0.046882116939072585,0.31477866727432796
grid_m4.00_29.75,2016-02-01,20.455047600574733,17.66491915229887,345.02935408218,1014.2267394396551,-0.13249868628036351,0.36857598416433907
grid_m4.00_29.75,2016-03-01,20.978283172043035,18.053661438172067,202.59046520142,1013.9379532930108,-0.3072924545145161,0.4174183882376196
grid_m4.00_29.75,2016-04-01,19.944734236111135,17.821829486111135,326.2124057749,1014.939630486111,-0.6083034945872222,0.3605488668423611
grid_m4.00_29.75,2016-05-01,20.05530309139787,15.78232418010755,73.25840013608,1016.3860934811828,-0.8083663857503495,0.7052125853983333
grid_m4.00_29.75,2016-06-01,19.574243500000023,13.875289611111134,29.2639731946,1017.3580341666667,-0.83694176144875,0.8763339420052083
grid_m4.00_29.75,2016-07-01,19.634698333333358,12.586891088709699,8.9831352498,1016.0555952284947,-0.3335037645857124,1.1019028888407258
grid_m4.00_29.75,2016-08-01,20.99868026881723,10.886416008064538,10.6191634771,1015.4404575940861,-0.9071063993823776,0.9643244184119624
grid_m4.00_29.75,2016-09-01,21.729644458333357,12.896280361111135,35.50100332438,1014.1940216666667,-0.62790857984375,0.7600363637921667
grid_m4.00_29.75,2016-10-01,21.549048293010774,15.220274583333355,140.1696205263,1012.6969848118279,-0.5981521796943279,0.30043411096459677
grid_m4.00_29.75,2016-11-01,19.740495750000022,16.330199791666686,266.1514288941,1013.766809861111,-0.5056949409575,0.041400401035555555
grid_m4.00_29.75,2016-12-01,19.643154489247337,16.50908616935486,231.21929137784,1013.8148850806452,-0.43487472961760754,0.2279567501998656
grid_m4.00_29.75,2017-01-01,19.951148897849485,16.574231989247334,246.23393984188,1013.4952171370968,-0.10352316932594086,0.4071311538418549
grid_m4.00_29.75,2017-02-01,19.63693830357145,16.771992633928594,286.54909141894,1013.6512711309524,-0.1147543139470238,0.43013445411622026
grid_m4.00_29.75,2017-03-01,19.429598346774217,16.958085295698947,295.52507459414,1013.83958172043,-0.23221826046034946,0.4662746514317204
grid_m4.00_29.75,2017-04-01,19.490256111111133,16.568989597222245,225.58069255748,1014.6137481944445,-1.1159896851772222,0.2649038424270833
grid_m4.00_29.75,2017-05-01,19.768248870967764,15.22093794354841,104.62713237994,1015.8034322580646,-1.4779296181827957,0.35238384539368284
grid_m4.00_29.75,2017-06-01,20.213005236111133,14.03745018055558,35.40086748638,1015.5838011805555,-0.9693688285746249,0.7799189672559722
grid_m4.00_29.75,2017-07-01,20.21145231182798,12.732588911290344,13.57746122858,1016.1109938172044,-0.1631856731761828,1.0635102789321236
grid_m4.00_29.75,2017-08-01,20.689326518817225,13.845278991935507,53.60364931512,1014.702127016129,-0.5476217947142473,0.958873645335215
grid_m4.00_29.75,2017-09-01,21.2717070277778,14.287726625000023,53.38954924374,1014.0941077777778,-0.40420396562430555,0.70449833460625
grid_m4.00_29.75,2017-10-01,21.11385235215056,15.97131537634411,164.53695292778,1013.1969643145162,-0.4059554761767473,0.4557484240827957
grid_m4.00_29.75,2017-11-01,19.54727766666669,16.44543926388891,301.4426232668,1013.7162559722221,-0.4606163379940278,0.25190944560416667
grid_m4.00_29.75,2017-12-01,19.632387002688194,16.959089637096795,327.61406899626,1013.7648794354839,-0.2309680239844086,0.3018461037946237
grid_m4.00_29.75,2018-01-01,18.978048723118302,16.412441599462387,317.30771017668,1014.0244713037633,0.4003244090307796,0.4764539652822124
grid_m4.00_29.75,2018-02-01,20.223534880952403,17.06925815476193,199.47767279436,1012.4683569196429,-0.20974331762202378,0.432490145213244
grid_m4.00_29.75,2018-03-01,19.491809166666688,16.76103547043013,316.48397464842,1013.9160247983872,0.09252597550295698,0.3958551143210578
grid_m4.00_29.75,2018-04-01,19.032221638888913,16.87927444444447,368.48354230646,1014.8227039583332,-0.2185852901251389,0.4404512337127778
grid_m4.00_29.75,2018-05-01,19.577246478494647,15.616646841397873,116.32919324688,1015.374733736559,-1.1686561345155915,0.40166852861599467
grid_m4.00_29.75,2018-06-01,19.364867041666688,13.55238104166669,29.59203711542,1016.6510463194445,-0.7194954551805556,0.8349767904756945
grid_m4.00_29.75,2018-07-01,19.02203923387099,12.132654690860239,25.01153959424,1017.4444985215054,-1.0319537509324328,0.9187689019571237
grid_m4.00_29.75,2018-08-01,20.418372486559164,13.075478212365613,50.6892204128,1015.7419770833334,-0.7352803749239246,0.6971616027481182
grid_m4.00_29.75,2018-09-01,22.362421083333356,13.470030555555576,45.19653310876,1013.0016482638889,-1.0776485869227779,0.5961161283476389
grid_m4.00_29.75,2018-10-01,20.969180026881745,15.584078736559162,199.04136635984,1013.8568622983871,-0.7742377056353494,0.4219618569782258
grid_m4.00_29.75,2018-11-01,20.03404129166669,16.80266841666669,224.70283504718,1013.7024429166667,-0.4583758721126111,0.22847232838291667
grid_m4.00_29.75,2018-12-01,19.368828924731204,16.60347915322583,375.0438691765,1014.8531595430107,-0.1356664473297043,0.28327888533264783
grid_m4.00_29.75,2019-01-01,19.970730806451634,17.0116271370968,307.53850992154,1014.6709188172042,-0.12260498689502687,0.3804878515976949
grid_m4.00_29.75,2019-02-01,20.371584494047642,17.245663065476215,179.86392999470002,1013.9589383928571,-0.22634322301526785,0.3650103521641369
grid_m4.00_29.75,2019-03-01,20.14415407258067,17.045751653225828,218.44625409702002,1014.0988467741936,-0.10492646953306453,0.387319338390672
grid_m4.00_29.75,2019-04-01,20.18007816666669,17.514717708333357,224.82299861572,1014.2666563888889,-0.5673530786097223,0.41354972082624997
grid_m4.00_29.75,2019-05-01,19.816713736559162,17.028779395161315,168.02930812938,1015.343220967742,-1.2237762944139785,0.2694643495160618
grid_m4.00_29.75,2019-06-01,19.424335472222246,15.168755444444468,23.53334438234,1016.5634534722221,-0.006573279244027778,0.9092973283432723
grid_m4.00_29.75,2019-07-01,19.7920449731183,13.627923951612926,31.15940092886,1015.7068559139784,-0.25647471059590055,0.9154815046764785
grid_m4.00_29.75,2019-08-01,20.927770658602174,13.52774982526884,27.7352332879,1015.8439453629032,-0.6760224794493279,0.931953572930672
grid_m4.00_29.75,2019-09-01,21.594375250000024,14.620022375000023,78.72295359554,1014.0759029861111,-0.6079763190390972,0.7223457353969445
grid_m4.00_29.75,2019-10-01,20.04089553763443,15.953801586021527,267.3459060643,1013.5675862903225,-0.808456216601344,0.30153949280201614
grid_m4.00_29.75,2019-11-01,19.7489650277778,16.01332726388891,211.88878981306,1013.2142510416667,-0.42222947002930555,0.09228657564301389
grid_m4.00_29.75,2019-12-01,19.84183665322583,17.103495228494648,331.95304873668,1014.2283050403227,0.1633220999854301,0.4407892337704301
grid_m4.00_29.75,2020-01-01,20.27919934139787,17.355470645161315,402.46963435202,1014.5900558467742,0.07103525556491935,0.24034617043494624
grid_m4.00_29.75,2020-02-01,20.732340589080483,17.274522155172438,358.94727653582,1014.6008279454023,-0.2259235290270115,0.22751347793433907
grid_m4.00_29.75,2020-03-01,20.496670282258087,17.399608736559163,282.18364693322,1014.2629301075269,-0.05949626605860215,0.3592908510423253
grid_m4.00_29.75,2020-04-01,19.84262368055558,17.35801012500002,316.65372868214,1015.3614202083332,-0.7130142833201388,0.31003969098083334
grid_m4.00_29.75,2020-05-01,20.412775430107548,15.765122473118304,94.22731388508,1016.6612076612904,-1.2559700201653226,0.48683563969153226
grid_m4.00_29.75,2020-06-01,19.874905916666687,14.954667972222246,43.537139997720004,1016.4385275694444,-0.6039169940322222,0.9042593001225001
grid_m4.00_29.75,2020-07-01,19.396481787634432,13.581255349462388,18.46170420094,1015.6625584005377,-0.5226936522951613,1.1726772367194893
grid_m4.00_29.75,2020-08-01,21.278630268817228,13.432293655914002,15.19346245758,1014.3482702956989,-0.41364109847970426,1.003541393692742
grid_m4.00_29.75,2020-09-01,21.516882444444466,14.388255125000024,64.11933883392,1013.7886763888888,-0.4393444703580555,0.9224347222539445
grid_m4.00_29.75,2020-10-01,20.766125698924753,15.6593598387097,159.13701041528,1013.671078763441,-0.416490267884543,0.4919762542381989
grid_m4.00_29.75,2020-11-01,20.163139138888912,16.48146541666669,322.25418040592,1014.0580945138889,-0.3872297787914028,0.24087977943888889
grid_m4.00_29.75,2020-12-01,19.883201706989272,16.93955590053766,428.33757381468,1014.2088728494623,-0.2286899323998656,0.2820987299486156
grid_m4.00_29.75,2021-01-01,19.55968360215056,16.652093158602174,360.75353564996,1013.9011787634408,-0.14728225209784945,0.25140727493548387
grid_m4.00_29.75,2021-02-01,19.93428117559526,17.051412068452404,364.18247229322,1013.8263052827381,0.0046141933409226165,0.24782396586354166
grid_m4.00_29.75,2021-03-01,19.95878040322583,16.460696330645185,261.52038534808,1013.1284415322581,-0.3962878155916667,0.2967074824298387
grid_m4.00_29.75,2021-04-01,19.45494293055558,17.053087222222246,266.8852806144,1014.8860783333334,-0.9901513205050001,0.2205933252008333
grid_m4.00_29.75,2021-05-01,19.905686706989272,16.22225283602153,144.3700790578,1015.6471065188172,-0.7903030350274194,0.5115905488409946
grid_m4.00_29.75,2021-06-01,19.990419875000022,14.25152993055558,32.8445435173,1016.2561069444445,-1.117448148811861,0.5963019261814166
grid_m4.00_29.75,2021-07-01,19.349693870967766,12.644412123655936,15.28024669144,1017.3009286962366,-0.8465875194237903,1.079902054785
grid_m4.00_29.75,2021-08-01,20.867080188172068,13.506289475806474,32.74488445426,1015.1987623655914,-0.6431751058360216,0.804046116872379
grid_m4.00_29.75,2021-09-01,21.268210805555576,14.388767500000021,48.08044456492,1014.0469478472222,-0.5985306429265556,0.6487355606326389
grid_m4.00_29.75,2021-10-01,21.22765478494626,15.888316505376368,114.02797686466,1013.3686834677419,-0.4324701159752688,0.3732945849520161
grid_m4.00_29.75,2021-11-01,20.411288750000022,15.776114111111136,173.4170918973,1013.2646828472223,-0.3669243271963889,0.3272302201298611
grid_m4.00_29.75,2021-12-01,19.86090491935486,16.846426438172067,287.95528373548,1013.8742952956989,-0.5781189294427419,-0.04935106689690861
grid_m4.00_29.75,2022-01-01,20.079389005376367,16.711005631720454,380.34486645956,1013.9682510080646,0.06495709714086022,0.29603880144165995
grid_m4.00_29.75,2022-02-01,19.454171949404785,16.741341056547643,346.51088706612,1014.0522621279762,0.18518036949791666,0.2647355632700893
grid_m4.00_29.75,2022-03-01,20.323808763440883,16.849940752688195,248.52418938156,1012.8654381720431,-0.27180952483185483,0.3386437411449462
grid_m4.00_29.75,2022-04-01,20.083864944444468,16.91265230555558,237.4982835667,1013.3872031944445,-0.7200503451243055,0.3303204429226389
grid_m4.00_29.75,2022-05-01,20.13171159946239,16.00630036290325,126.28030772678,1015.7592473790323,-0.9126250160583332,0.3924335968850806
grid_m4.00_29.75,2022-06-01,19.543483013888913,13.748515111111134,32.28950501884,1015.8995166666666,-1.0597439417370833,0.7306938594461806
grid_m4.00_29.75,2022-07-01,19.740833938172067,11.936185026881743,20.95508548516,1016.3568752016129,-0.9238032488822312,0.9982494851583334
grid_m4.00_29.75,2022-08-01,20.741673857526905,12.832329032258087,30.08079532416,1014.3503252688172,-0.4514567267012097,0.9468247399028078
grid_m4.00_29.75,2022-09-01,21.149649486111134,14.366919097222244,51.53465284184,1013.8288683333334,-0.48879125387958333,0.7320811793337499
grid_m4.00_29.75,2022-10-01,21.594110188172067,14.613883561827981,77.11219786124,1013.0079025537635,-0.49517397766478494,0.503645353820699
grid_m4.00_29.75,2022-11-01,19.446282680555576,16.499779333333358,314.17417519166,1014.0699620138889,-0.1184403730934875,0.28360150676669443
grid_m4.00_29.75,2022-12-01,19.134307634408625,16.351639986559164,327.45361373118,1014.1031976478495,-0.1516964353316398,0.2698590477325269
grid_m4.00_29.75,2023-01-01,19.68963411290325,16.184069596774215,329.04148145608,1014.1558632392473,-0.27455510336653227,0.2191378673983871
grid_m4.00_29.75,2023-02-01,19.987138303571452,16.429128065476213,240.3330804336,1013.8248262648809,0.07860056544397322,0.3723846628134524
grid_m4.00_29.75,2023-03-01,19.795896586021527,16.739690685483893,323.77958382934,1013.9404314516129,0.11674907652222312,0.42188072115475805
grid_m4.00_29.75,2023-04-01,19.74446988888891,16.95707418055558,250.10347336714,1013.78407625,-0.7057646650247222,0.26394137665
grid_m4.00_29.75,2023-05-01,20.656635161290346,16.286505456989268,117.18273152526,1015.7381791666667,-1.0810170743034946,0.44827873513548383
grid_m4.00_29.75,2023-06-01,20.52160793055558,14.905158347222244,26.95322030722,1015.9424328472222,-0.61569139758,0.8237500311670833
grid_m4.00_29.75,2023-07-01,19.821073077957013,11.94897168010755,7.76863094806,1017.3846594758065,-0.903307863550672,0.8908752737056451
grid_m4.00_29.75,2023-08-01,21.78428434139787,12.567116881720453,11.674880882,1015.3771217741936,-0.847482763448441,0.970953337103051
grid_m4.00_29.75,2023-09-01,21.303154958333355,15.931023333333357,113.59119418066,1014.142098125,-0.3681780505031944,0.3497709696234722
grid_m4.00_29.75,2023-10-01,21.358700752688197,15.965290712365613,109.2109678158,1013.2862656586021,-0.576008724720699,0.31887854301774193
grid_m4.00_29.75,2023-11-01,19.704625111111135,17.2531677777778,375.8540148119,1014.29468125,-0.5381738230497223,0.09623364305736111
grid_m4.00_29.75,2023-12-01,20.147686787634434,17.538965537634432,305.35793250688,1014.6473019489248,-0.1512336616525,0.39972200683158604
grid_m4.00_29.75,2024-01-01,19.944278790322606,17.589030120967763,495.07570243752,1015.8159165994623,0.18684200608717205,0.24648022375672043
grid_m4.00_29.75,2024-02-01,21.09690153735634,17.64880329022991,261.2366676294,1015.100028520115,-0.13807867363189655,0.31656502072729886
grid_m4.00_29.75,2024-03-01,21.12350802419357,17.885003938172066,272.52769488472,1014.6710198924732,-0.5778406843489248,0.30380853999602153
grid_m4.00_29.75,2024-04-01,20.40518594444447,17.92880004166669,306.15282007434,1014.8219640972222,-0.6913658833420834,0.4492758003733333
grid_m4.00_29.75,2024-05-01,21.25671802419357,17.195635806451637,68.6197280689,1015.4980879704301,-0.7586837478686829,0.6644897518073924
grid_m4.00_29.75,2024-06-01,20.422949208333357,13.96022325000002,14.48440550216,1016.5548028472223,-0.8886316388194444,0.855364079886
grid_m4.00_29.75,2024-07-01,20.409512432795722,12.753934301075292,5.33866881708,1015.8178591397849,0.10948449937965055,1.1104227094930108
grid_m4.00_29.75,2024-08-01,20.73696409946239,12.785639086021527,18.49412923228,1015.388945967742,-0.4195603795346774,1.1197202337326344
grid_m4.00_29.75,2024-09-01,22.502882611111133,13.223473833333358,27.39191048608,1013.9607475,-0.57208061308625,0.9367491570304166
grid_m4.00_29.75,2024-10-01,20.912494596774216,16.065728225806474,177.41584734324,1014.4687578629032,-0.4270012551807796,0.4657589904095699
grid_m4.00_29.75,2024-11-01,19.673042652777802,16.732408986111132,267.98152987012,1014.3393736805555,-0.19777321269541667,0.29469479340736116
grid_m4.00_29.75,2024-12-01,19.96816215053766,16.958191989247332,341.6438101316,1014.8021688172043,-0.36355213418387095,0.23148963276854836
grid_m4.00_29.75,2025-01-01,20.054541438172066,16.903586559139807,305.15861477932,1014.1730311155914,-0.09229967617787634,0.3207063560389785
grid_m4.00_29.75,2025-02-01,20.839999955357165,16.82020005952383,176.72205000035999,1013.0713489583333,-0.19449808480997025,0.4311446699536905
grid_m4.00_29.75,2025-03-01,20.53227481182798,17.248885645161312,255.96237199592,1013.9329743279569,-0.18228005846854836,0.46470049388875007
grid_m4.00_29.75,2025-04-01,20.147024902777805,17.234753000000023,287.97578833834,1014.388033125,-0.8504460859995834,0.22712626172777778
grid_m4.00_29.75,2025-05-01,19.807259771505397,16.448206357526907,174.43704604464,1016.3453933467742,-1.1353471609728494,0.2938386243192205
grid_m4.00_29.75,2025-06-01,19.996556083333356,14.536683569444467,48.82431032642,1016.9771373611112,-1.0068230741713888,0.493975532195
grid_m4.00_29.75,2025-07-01,19.83362106182798,13.391128750000021,27.6417731862,1017.3216985887096,-0.713782061792473,0.8891163464778226
grid_m4.00_29.75,2025-08-01,20.01352022849465,12.356573776881742,18.2487965028,1015.8907657258064,-0.19807032173817204,0.9738645442441801
grid_m4.00_29.75,2025-09-01,21.625206333333356,13.172035013888912,26.99565895146,1014.5135534027777,-0.44352698797152773,0.7949586651054167
grid_m4.00_29.75,2025-10-01,21.007627029569914,15.721050228494647,137.35437407208,1013.7949117607527,-0.27973205835591397,0.4295765253521505
grid_m4.00_29.75,2025-11-01,20.270537013888912,16.202234888888913,197.25465755394,1014.1912238194444,-0.43725002978444444,0.22480686977638892
grid_m4.00_29.75,2025-12-01,19.60041231182798,16.491110900537656,297.63603229424,1013.7128465725807,-0.09338914588534947,0.25674194337237904
grid_m4.00_29.75,2026-01-01,20.19950357526884,16.658669045698947,272.77827287948,1014.0991778225807,-0.11665450871061828,0.2613490733479839
grid_m4.00_29.75,2026-02-01,19.485433467261927,16.74453973214288,290.28940184238,1014.7129467261905,0.07175902016636905,0.4648513336888393
grid_m4.00_29.75,2026-03-01,19.949009690860237,17.168298266129053,329.76531920996,1013.4217788978495,-0.07086622981610753,0.4234937241431451
grid_m4.00_29.75,2026-04-01,20.921213333333355,17.35715437500002,11.62004476926,1013.3539833333333,-0.8154780051375,0.24421978291666666
