location,month_start,t2m_mean_C,d2m_mean_C,tp_sum_mm,msl_mean_hPa,u10_mean,v10_mean
grid_m3.00_29.50,1940-01-01,17.249777594086044,12.283288803763462,200.99115382966,1013.6427350806451,0.2648234622245968,-0.26653853867244626
grid_m3.00_29.50,1940-02-01,17.15155556034485,13.18357895114945,351.68147130698003,1013.9123816091954,-0.043952086645057474,-0.2840126949030172
grid_m3.00_29.50,1940-03-01,16.932940618279595,14.048588776881743,401.27348913374,1013.6634194220429,-0.014530672911397851,-0.050225391655456995
grid_m3.00_29.50,1940-04-01,17.13535041666669,14.015714402777801,317.68894269818,1014.019293125,-0.7316633430036666,-0.12685347614444445
grid_m3.00_29.50,1940-05-01,17.16197462365594,13.118815120967765,240.65542255952,1014.1478121639785,-0.7402705537217742,0.05392162773602151
grid_m3.00_29.50,1940-06-01,17.698160902777804,10.772588152777802,41.31865498478,1015.7438229166667,-0.45321104207347224,0.47886854935841666
grid_m3.00_29.50,1940-07-01,18.242223642473142,10.27899051075271,19.42920683862,1015.9261140456989,0.0629935937188172,0.7447291977202957
grid_m3.00_29.50,1940-08-01,19.84875486559142,7.775758185483895,4.6715736216,1014.4270728494623,-0.06113735417903225,0.7567835979905915
grid_m3.00_29.50,1940-09-01,17.43765516666669,13.202895416666689,560.80603641286,1014.9758670833334,-0.04789151111347222,-0.17520177705194445
grid_m3.00_29.50,1940-10-01,17.267635793010776,13.204054287634431,362.15543747748,1014.408910483871,-0.5016353753684678,-0.3675536704544355
grid_m3.00_29.50,1940-11-01,16.738498444444467,13.2426831527778,474.3976579491,1013.29615125,-0.08071266385916667,-0.2871619109297222
grid_m3.00_29.50,1940-12-01,17.89433478494626,11.953719018817226,128.89933680168,1013.9006522849463,-0.6516997819839516,-0.6511984529714302
grid_m3.00_29.50,1941-01-01,17.861017782258084,12.538457083333357,177.37269457376,1014.8047975134408,0.11089831489803764,-0.2305088824361559
grid_m3.00_29.50,1941-02-01,18.223895401785736,13.477437172619071,308.21180319436,1014.351727827381,-0.21693817844270832,-0.08762997719107143
grid_m3.00_29.50,1941-03-01,18.768890631720453,13.801458803763465,244.26102657927999,1013.9406700268817,0.4648023004576613,-0.018720626807123657
grid_m3.00_29.50,1941-04-01,18.18563854166669,14.493962388888912,277.74429370088,1014.6555081250001,-0.2874862683136111,0.3386856891633333
grid_m3.00_29.50,1941-05-01,16.922336465053785,13.27519916666669,259.50932501752,1015.8061250672043,-0.9947280050987903,0.15163397040556453
grid_m3.00_29.50,1941-06-01,17.910279180555577,11.602856652777799,81.23493192008,1016.9222054166665,-0.4837535641520833,0.4153800961623611
grid_m3.00_29.50,1941-07-01,17.662835645161316,9.44321301075271,21.22783670456,1016.4939544354839,-0.4577754249141129,0.6249351903198925
grid_m3.00_29.50,1941-08-01,18.634344395161314,10.491122822580667,31.304597894220002,1014.8235632392473,-0.12852441624870162,0.5594882357927419
grid_m3.00_29.50,1941-09-01,19.056592083333356,9.809656194444468,69.7872639166,1013.0066564583333,-0.5253323774202778,0.04107401052916666
grid_m3.00_29.50,1941-10-01,19.103340067204325,11.578645766129055,216.04275673268,1013.4893465725808,-0.3563612051518817,-0.18847182531008064
grid_m3.00_29.50,1941-11-01,16.9952362777778,13.653795777777802,560.43720417192,1013.7866236805555,0.18626711138690277,-0.05602698945666667
grid_m3.00_29.50,1941-12-01,17.305316397849488,12.009230698924753,154.39224196982,1014.6217441532258,-0.5011997634168011,-0.48513972101034947
grid_m3.00_29.50,1942-01-01,18.304288763440884,10.731369139784968,116.7609694607,1014.0485375000001,-0.4792264878876344,-0.5815133955708333
grid_m3.00_29.50,1942-02-01,18.703315089285734,11.46280084821431,206.79044612196,1011.6762517113095,-0.6567558396835566,-0.2680350717174702
grid_m3.00_29.50,1942-03-01,17.296606989247334,13.652430094086046,360.96453623472,1013.0065649193549,-0.20489282494301078,-0.05301016144233871
grid_m3.00_29.50,1942-04-01,16.944210208333352,13.831955222222245,445.21212622422,1014.4103459722222,-0.6682455704498611,0.021186934918152777
grid_m3.00_29.50,1942-05-01,17.29712059139787,12.855185712365614,226.8872263933,1014.4758923387096,-0.9811525858750001,0.1224885911172043
grid_m3.00_29.50,1942-06-01,17.324132402777803,11.842533916666689,134.9298957301,1014.9862716666667,-0.2175569545822222,0.25404479944986114
grid_m3.00_29.50,1942-07-01,17.136233991935505,9.592819112903248,10.73765753636,1015.6440321236558,-0.11117139389005376,0.9046190003876344
grid_m3.00_29.50,1942-08-01,19.038278817204326,7.269394099462388,19.83737937368,1013.3253266801075,-0.5018295569069893,0.5035830679279569
grid_m3.00_29.50,1942-09-01,21.041209972222244,3.5257383750000226,2.00128556194,1012.004769375,-0.7266617464936111,0.31654603779268053
grid_m3.00_29.50,1942-10-01,19.917207540322604,8.36449665322583,157.35244717922,1011.7725055779571,-0.6623670300474462,-0.14129281740967742
grid_m3.00_29.50,1942-11-01,18.0044902777778,11.57543241666669,209.03921052296,1011.7215232638889,-0.6937961369275556,-0.42613616574472224
grid_m3.00_29.50,1942-12-01,17.48017103494626,12.16101165322583,251.86729369108,1012.3267965053763,-0.7766074918171371,-0.48492903453817204
grid_m3.00_29.50,1943-01-01,18.63285239247314,11.16617178763443,180.06753912042,1011.252520094086,-0.17363345371061828,-0.5130632265876344
grid_m3.00_29.50,1943-02-01,18.23235166666669,12.450311190476214,192.56424859036,1012.4598953125,-0.17556019353854166,-0.1480079606422619
grid_m3.00_29.50,1943-03-01,17.35114236559142,12.92903493279572,328.90582088976,1011.3341250000001,-0.5439903022849463,-0.08883899512594086
grid_m3.00_29.50,1943-04-01,17.125182458333356,13.055424111111133,341.06230804586,1013.6284151388888,-0.8766226105472221,-0.06933396710736112
grid_m3.00_29.50,1943-05-01,16.79480149193551,12.166577056451635,211.29751111938,1013.9289296370968,-0.24622230147809138,0.3461823628064516
grid_m3.00_29.50,1943-06-01,17.236586611111136,9.725698486111135,50.34017594386,1015.0797636805555,0.1382247082823611,0.7643640730009722
grid_m3.00_29.50,1943-07-01,17.5198810887097,9.801954072580669,19.77896686594,1015.054882123656,0.4110996287629032,0.7117635446623657
grid_m3.00_29.50,1943-08-01,17.76862354838712,10.10729927419357,112.64610252112,1013.6053856182795,0.09772522160672042,0.4435647121478494
grid_m3.00_29.50,1943-09-01,18.130561861111133,10.607228611111132,85.7341287173,1013.6454286805556,-0.36132587852875,0.21240626409305555
grid_m3.00_29.50,1943-10-01,19.1966924731183,8.687092379032281,33.95152124284,1011.5715088709677,-0.7323649212244623,0.049718179932795696
grid_m3.00_29.50,1943-11-01,17.417650694444465,13.170209125000023,481.92501163584,1012.2621565972222,-0.5643575472545833,-0.3600167390411111
grid_m3.00_29.50,1943-12-01,17.982771155914,12.27629366935486,176.8486495488,1012.4683120967742,-0.6259565287248051,-0.5999203806370564
grid_m3.00_29.50,1944-01-01,17.852276895161314,12.079564650537657,310.56380412568,1014.0046140456989,-0.2619157011827957,-0.42320649366733737
grid_m3.00_29.50,1944-02-01,18.992222198275886,11.190945761494275,135.07509266670002,1013.0068895114943,-0.44089939824152297,-0.5886884246107759
grid_m3.00_29.50,1944-03-01,18.263968736559164,12.780388198924754,265.59591228082,1012.2578455645162,-0.5358238423763441,-0.13278030112580647
grid_m3.00_29.50,1944-04-01,17.813340805555576,13.387988930555577,316.53857284562,1013.4099441666667,-0.9182424963095832,-0.07920290703486112
grid_m3.00_29.50,1944-05-01,17.268505537634432,12.161968803763465,215.46339907644,1013.6549574596775,-0.7691338098964113,0.2242550392735215
grid_m3.00_29.50,1944-06-01,17.90491026388891,10.667929347222245,91.78781541718,1013.939826388889,-0.5774384395630555,0.37206351081416666
grid_m3.00_29.50,1944-07-01,17.58362846774196,8.404347862903249,21.29030206612,1015.5718648521505,-0.5000488302557795,0.6882296539932796
grid_m3.00_29.50,1944-08-01,19.300765282258087,8.848531801075291,44.22378490356,1013.9292625672043,-0.412749152655,0.5328708566055376
grid_m3.00_29.50,1944-09-01,20.636104125000024,6.839627319444467,22.914648072720002,1012.9632263194445,-0.5243304999194445,0.29628721845694445
grid_m3.00_29.50,1944-10-01,18.728273870967765,12.62559435483873,328.3777236993,1012.3609717741936,-0.6159065618997756,-0.2782901228645161
grid_m3.00_29.50,1944-11-01,17.223028236111134,13.205086027777801,387.97616908394,1012.7871738888889,-0.2491879138061111,-0.27465803372269443
grid_m3.00_29.50,1944-12-01,17.429356518817226,13.212407715053788,332.22842223986,1011.859019623656,-0.562877515974328,-0.3089568431875
grid_m3.00_29.50,1945-01-01,18.05168772849465,11.883940793010776,202.70061534202,1012.6489400537635,-0.03693157577150538,-0.4649946157204301
grid_m3.00_29.50,1945-02-01,17.630930758928596,12.744909270833356,279.36887668072,1011.8894401041666,0.455687585246875,-0.023289703261755952
grid_m3.00_29.50,1945-03-01,17.36811356182798,13.618961962365614,456.71772985207997,1013.7877155241936,-0.36739033649413444,-0.1468236366346371
grid_m3.00_29.50,1945-04-01,17.280533430555575,13.449613222222244,335.36124196298,1013.5610260416667,-0.83173361872125,0.012122980594737499
grid_m3.00_29.50,1945-05-01,16.78335114247314,12.410527338709699,208.15348658694,1014.0635859543012,-1.0401420611658603,0.24993947761680108
grid_m3.00_29.50,1945-06-01,17.869668555555577,9.751390222222245,4.37760352436,1015.1484609027777,-0.25573340576250003,0.6555195012704167
grid_m3.00_29.50,1945-07-01,18.257327594086043,7.677809973118301,3.71479984468,1014.7032203629032,-0.4080689614577957,0.9684349398094086
grid_m3.00_29.50,1945-08-01,18.986796881720455,8.49432244623658,23.787498413759998,1013.7429547715054,-0.6546851332508065,0.6774060447422043
grid_m3.00_29.50,1945-09-01,20.306923361111135,7.4981799027778,68.982124573,1014.0425602083334,-0.6093992454763055,0.3878066946111111
grid_m3.00_29.50,1945-10-01,18.920115819892494,11.083640040322603,255.77235252142,1012.9225532258064,-0.5728716891852957,-0.35958171147258067
grid_m3.00_29.50,1945-11-01,17.739332208333355,12.577326319444465,262.61425026452,1012.497801875,-0.5980825713127778,-0.3818839599245833
grid_m3.00_29.50,1945-12-01,17.47720290322583,12.493350981182818,329.14471557662,1013.5790771505376,-0.19302403057392475,-0.3880443987840323
grid_m3.00_29.50,1946-01-01,18.201366370967765,12.18909661290325,241.39475818463998,1013.142079233871,0.13486824403225806,-0.2916104299792608
grid_m3.00_29.50,1946-02-01,19.560831964285736,12.208375282738118,139.77074576092,1011.6037909226192,-0.12822253868273809,-0.41262417832857146
grid_m3.00_29.50,1946-03-01,18.499607809139807,13.526185819892497,378.85809001332,1011.9397742607526,-0.45573716513164647,-0.13890974648884408
grid_m3.00_29.50,1946-04-01,17.732138236111133,14.030535472222244,464.60223154182,1013.4746546527779,-0.727541139405,0.01941265592916667
grid_m3.00_29.50,1946-05-01,17.388686706989272,13.273056048387117,298.18653981476,1014.4016365591398,-0.8571421464428763,0.15811280129166666
grid_m3.00_29.50,1946-06-01,17.113430847222244,12.324866527777802,192.37995143654,1016.1627293055556,0.22306652152777778,0.46622577343541666
grid_m3.00_29.50,1946-07-01,17.992860900537657,9.741713064516151,28.47027819702,1014.5564353494623,-0.2654213650219086,0.6878885247836022
grid_m3.00_29.50,1946-08-01,19.157956236559162,6.314682258064539,0.6227493368,1013.4609040322581,-0.3782916320418145,0.967932792827957
grid_m3.00_29.50,1946-09-01,18.39600993055558,11.195093250000022,131.81018822184,1013.081585,-0.4189140530458333,-0.12234019124833334
grid_m3.00_29.50,1946-10-01,17.3840085887097,12.827007688172065,456.5365320574,1013.4560436827958,-0.26288169889274193,-0.34420186447809137
grid_m3.00_29.50,1946-11-01,17.411693000000025,13.427540986111136,392.1513557522,1012.8581669444445,-0.20193457215844443,-0.31585813728375
grid_m3.00_29.50,1946-12-01,17.33975905913981,13.303684704301098,309.36932620656,1012.7817502688172,-0.4476107929155376,-0.4525496785571237
grid_m3.00_29.50,1947-01-01,17.473276599462388,13.573137352150562,287.70661246892,1012.6771680107527,-0.24259834131219085,-0.35249984569919357
grid_m3.00_29.50,1947-02-01,17.584211190476214,13.839660267857166,309.08679978412,1012.8384401041667,-0.3151082983407738,-0.2924798778690476
grid_m3.00_29.50,1947-03-01,17.389617701612927,14.0537235887097,407.53364627816,1014.5366139784946,0.13343780249325268,0.04948345984206989
grid_m3.00_29.50,1947-04-01,17.444386666666688,14.184757805555579,391.16191932326,1014.352500763889,-0.5899045307111112,0.09130569018686112
grid_m3.00_29.50,1947-05-01,17.189555134408625,13.054775913978517,186.5036487364,1014.6854461021505,-1.1552092856357528,0.16896602114919354
grid_m3.00_29.50,1947-06-01,18.130442236111133,10.479687805555578,19.6447372292,1015.0453965972223,-0.6973012299220833,0.5498050485420833
grid_m3.00_29.50,1947-07-01,18.57794232526884,9.042281344086044,14.29510110652,1014.5235453629032,0.009073092076344085,0.7855089276155914
grid_m3.00_29.50,1947-08-01,19.57916719086024,8.280422728494647,10.83254809118,1013.7934616935485,0.010021711859408602,1.025550094422715
grid_m3.00_29.50,1947-09-01,21.001234055555578,5.540966486111134,9.23156733504,1012.6228002777777,-0.7055991012318056,0.7491236145443513
grid_m3.00_29.50,1947-10-01,19.586000201612926,11.497897096774217,177.40964883332,1012.516638373656,-0.8939389669369624,-0.35179886858736553
grid_m3.00_29.50,1947-11-01,17.694424208333356,13.074257680555577,367.55728573982,1012.381095763889,-0.46710300314791664,-0.33911762260583334
grid_m3.00_29.50,1947-12-01,16.794457701612927,13.692217137096797,426.74517658624,1013.0699526881721,-0.4210533172526882,-0.2647260242251344
grid_m3.00_29.50,1948-01-01,17.648197137096798,13.4345398387097,303.79915357076,1013.2605329301075,-0.15239362147442206,-0.25735034709415594
grid_m3.00_29.50,1948-02-01,17.232454410919562,13.997182025862092,422.85442345244,1013.592109913793,-0.4024142570941092,-0.20635029673922414
grid_m3.00_29.50,1948-03-01,17.673634408602172,13.877719435483893,338.3665096095,1013.3668640456989,-0.45642073540376343,-0.2973817612768817
grid_m3.00_29.50,1948-04-01,17.74726141666669,14.352348125000024,394.83046529838,1012.815103263889,-0.9544203264040277,-0.08182693163097222
grid_m3.00_29.50,1948-05-01,17.814533870967765,12.911387137096797,174.01385247528,1014.2103354166668,-1.0207661547846774,0.0899988380020699
grid_m3.00_29.50,1948-06-01,18.010496847222246,10.914251611111133,55.3128720316,1015.5413929166667,-0.408147515021625,0.7566105384084721
grid_m3.00_29.50,1948-07-01,18.661681303763462,7.4788072311828175,0.44322014002,1014.6218573252688,-0.32068070030807794,1.0499414635538977
grid_m3.00_29.50,1948-08-01,19.34849364247314,8.664238870967765,9.7446441472,1013.9688758064516,-0.3944670978783602,0.8036153021290322
grid_m3.00_29.50,1948-09-01,19.037887763888914,10.768843069444468,132.05647435182001,1013.0494509722223,-0.40858569580976806,0.04195590585541667
grid_m3.00_29.50,1948-10-01,18.033961155914003,13.18862971774196,398.3001709657,1013.4243583333333,-0.6380402753004033,-0.3068658354884408
grid_m3.00_29.50,1948-11-01,17.682441097222245,13.082322388888912,335.85023969072,1013.0774912500001,-0.5849250727019903,-0.5651823243630556
grid_m3.00_29.50,1948-12-01,17.515915631720453,13.105432419354862,163.91992514878,1012.7921440860215,-0.298396157908871,-0.4302361801468683
grid_m3.00_29.50,1949-01-01,18.021865053763463,13.581279986559164,366.18113603854,1013.6514654569893,-0.3005240353790323,-0.28540809647032933
grid_m3.00_29.50,1949-02-01,17.520666592261925,13.748861488095262,385.7700819196,1014.3635506696429,0.07219857015982142,-0.14542454697940477
grid_m3.00_29.50,1949-03-01,18.32173310483873,13.923711693548409,329.9243459539,1012.2329495967741,-0.7589498334029571,-0.1761339799373656
grid_m3.00_29.50,1949-04-01,17.565239972222244,14.830266305555579,516.24894244478,1014.7301981944444,-0.4281435221423889,0.01050832449786111
grid_m3.00_29.50,1949-05-01,17.279402715053788,13.308608924731205,252.38490127168,1014.7599737231183,-0.7227275999274193,0.14270821480430107
grid_m3.00_29.50,1949-06-01,17.083187000000024,11.758535708333357,91.94278702624,1015.8876772222222,-0.16509956761583333,0.7227414632998612
grid_m3.00_29.50,1949-07-01,17.389134341397874,9.838112540322603,36.35644914016,1015.6387049059141,-0.26621322245421236,0.8394801742268818
grid_m3.00_29.50,1949-08-01,19.629560309139805,6.4192567876344295,0.91743469682,1013.8815014784947,0.14701184868037634,1.0259018557784947
grid_m3.00_29.50,1949-09-01,19.461871263888913,9.175482666666689,40.25244718954,1013.7821010416666,-0.22147466894152779,0.42753751796319445
grid_m3.00_29.50,1949-10-01,19.230269489247334,10.401115779569915,150.83670607712,1013.1325422043011,-0.5224293945443548,-0.10038857825383064
grid_m3.00_29.50,1949-11-01,18.058142875000023,13.5849561527778,429.6844003449,1013.1248313194445,-0.5613112929401389,-0.33606553205833334
grid_m3.00_29.50,1949-12-01,17.224749368279593,13.454644112903246,305.79495395366,1012.663827217742,-0.4066407601611559,-0.37562003181552417
grid_m3.00_29.50,1950-01-01,17.57477787634411,13.361163629032282,337.96882557446,1012.6201363575269,-0.12304078980564517,-0.28511960105521506
grid_m3.00_29.50,1950-02-01,17.96858879464288,13.72944410714288,268.21637139778,1013.0503330357143,-0.19643413783898808,-0.1469201847303274
grid_m3.00_29.50,1950-03-01,17.45285673387099,13.741710779569916,408.55765298382,1012.9335083333334,-0.3799979311043011,-0.03512113778037635
grid_m3.00_29.50,1950-04-01,17.11572012500002,14.677390388888913,394.40560302818,1013.1128298611112,-0.5130039847981944,0.0005804899855555554
grid_m3.00_29.50,1950-05-01,16.8085210215054,13.345778508064539,204.0598397229,1014.5324799731183,-0.635536726783871,0.31551322090349465
grid_m3.00_29.50,1950-06-01,17.298318263888913,10.552903847222245,15.6416893295,1015.1189418055556,-0.16082981961916668,0.75653504193575
grid_m3.00_29.50,1950-07-01,17.455744005376367,9.603129905914,30.96532832092,1015.4886956317205,0.3005428936849731,0.753492968761828
grid_m3.00_29.50,1950-08-01,17.63645178763443,8.522211532258087,42.7799225471,1015.2034483870968,0.5623671621745967,0.7082154246596775
grid_m3.00_29.50,1950-09-01,18.205602180555577,11.026962430555578,163.08665267932,1014.6873888888889,-0.14106307629902778,0.15542180970125
grid_m3.00_29.50,1950-10-01,17.92952545698927,12.304785026881744,334.7539909008,1013.2234438172043,-0.5356845850378736,-0.1842619985126344
grid_m3.00_29.50,1950-11-01,16.93452993055558,13.390792250000022,476.66549464204,1012.5089822916666,-0.6111497453526389,-0.3021153344702778
grid_m3.00_29.50,1950-12-01,17.39016548387099,13.53617045698927,315.76562158964,1013.0217626344086,-0.6030425086883064,-0.28842300473998655
grid_m3.00_29.50,1951-01-01,17.568125215053787,13.366691438172067,427.28280954176,1013.0296508064515,-0.08464706637607528,-0.27594332472782257
grid_m3.00_29.50,1951-02-01,17.29383449404764,13.403812544642879,343.3580398914,1013.4970947916667,-0.3131065150282738,-0.3233107383139881
grid_m3.00_29.50,1951-03-01,17.56135412634411,14.626650107526906,549.12209419676,1012.8591728494623,-0.6305308869105242,-0.13447418393037633
grid_m3.00_29.50,1951-04-01,17.12606001388891,14.836658250000026,614.22586398606,1014.8575895138888,-0.10155523009959722,0.0017508187929166647
grid_m3.00_29.50,1951-05-01,17.31129110215056,13.849821209677442,208.381175641,1015.4054393817205,-0.8178345056888441,0.03885593943655914
grid_m3.00_29.50,1951-06-01,17.468702361111134,10.634559041666689,33.07390163416,1015.65370625,-0.4685222265653055,0.43938362754041665
grid_m3.00_29.50,1951-07-01,17.957018266129054,8.318174395161313,25.66075328044,1015.8901885080645,-0.11983389453225807,0.7465055406736558
grid_m3.00_29.50,1951-08-01,19.832408561827982,6.872421303763463,2.07304955644,1014.4464090053763,-0.28823973499771505,0.9458517253665994
grid_m3.00_29.50,1951-09-01,19.46940969444447,11.155789402777799,97.67556182606,1013.4941226388889,-0.4481304522763889,-0.05019211115305555
grid_m3.00_29.50,1951-10-01,18.49207919354841,13.421536088709699,515.7086843414199,1013.2046413306451,-0.4641048268649194,-0.29730601818225805
grid_m3.00_29.50,1951-11-01,17.401603972222244,14.198679194444468,449.45692996154,1013.8861668750001,-0.24968338005223611,-0.28744430475902777
grid_m3.00_29.50,1951-12-01,16.78482809139787,14.575330107526902,549.45111176868,1014.8257794354838,-0.0014024083992607522,-0.14750119775994625
grid_m3.00_29.50,1952-01-01,18.061752580645184,14.010705336021529,245.00513093976,1013.4312930107527,-0.3404914438568548,-0.5009743252329032
grid_m3.00_29.50,1952-02-01,17.897903419540253,14.209813951149448,400.17533364592,1012.9670339080459,-0.16480784425761494,-0.24408079557595835
grid_m3.00_29.50,1952-03-01,18.26010813172045,14.132765201612925,391.60943233242,1012.8064419354839,-0.5000369152993279,-0.3297822593735215
grid_m3.00_29.50,1952-04-01,17.558613555555578,14.927699986111133,474.63416998804,1014.1293921527778,-0.6276830252375001,-0.05264036431596527
grid_m3.00_29.50,1952-05-01,17.30751677419357,14.346530241935508,371.48690248174,1015.3258946908602,-0.31752885811787634,0.01816716778763441
grid_m3.00_29.50,1952-06-01,17.44810166666669,10.535658916666689,5.0570964773,1016.4945918055555,-0.5958358544626083,0.4726335914440278
grid_m3.00_29.50,1952-07-01,18.547909543010775,8.667953655914001,5.28597834542,1015.4954970430108,-0.06911913611353092,0.9653003536633468
grid_m3.00_29.50,1952-08-01,19.47658598118282,8.4118810215054,9.42134857608,1014.1364143145162,0.037196886250134405,0.7613846123252688
grid_m3.00_29.50,1952-09-01,19.353791111111136,10.525099125000022,136.4068985739,1012.9923509027778,-0.4873716834617778,0.061518562269111114
grid_m3.00_29.50,1952-10-01,18.65915736559142,12.246381491935505,260.29443645738,1013.2232499327956,-0.4221003751741936,-0.11881448778561829
grid_m3.00_29.50,1952-11-01,17.045852347222244,13.732923458333355,450.45018147356,1013.3018936805555,-0.3525162467872222,-0.4435997219555555
grid_m3.00_29.50,1952-12-01,17.805444973118302,14.172916505376367,313.48156879016,1013.1000355510753,-0.5806580903884409,-0.4995384204942204
grid_m3.00_29.50,1953-01-01,17.224375107526903,14.417897849462388,466.62163730535997,1013.8293601478495,0.20212179616733872,-0.1412817832318817
grid_m3.00_29.50,1953-02-01,17.301414806547644,14.787585029761926,403.63645563612,1012.9429521577381,-0.2578753441611607,-0.24614236454494046
grid_m3.00_29.50,1953-03-01,17.215603131720453,14.762589381720455,484.286785417,1013.3846206317204,-0.11260358752983872,-0.1575137064311156
grid_m3.00_29.50,1953-04-01,17.174715361111133,14.896785638888913,416.89133617462,1014.4119429166666,-0.2699799864973611,-0.025054741498472227
grid_m3.00_29.50,1953-05-01,16.939618172043033,14.513044032258087,375.0157356024,1015.2626918010753,-0.7910523982002688,0.006469572178494626
grid_m3.00_29.50,1953-06-01,17.42838300000002,11.97000529166669,47.22094534954,1015.5555622222222,-0.12157368176291666,0.3426269744311111
grid_m3.00_29.50,1953-07-01,17.194694771505397,9.384112688172067,16.77346239274,1016.0004550403225,-0.47893987740456984,0.6598800591454301
grid_m3.00_29.50,1953-08-01,18.80983540322583,9.618692661290345,15.24710658834,1014.7895073924731,-0.10678892879224462,0.7619509238884677
grid_m3.00_29.50,1953-09-01,18.55640254166669,10.530936347222244,180.01294151954,1014.0793568749999,-0.6852908449355556,0.17402782483851945
grid_m3.00_29.50,1953-10-01,18.728484623655937,12.48307592741938,313.43770065862,1012.9803795698925,-0.6268428669831989,-0.21699852458239247
grid_m3.00_29.50,1953-11-01,17.220988444444465,14.103989097222243,474.11179503984,1014.0313220833333,-0.3081499443934722,-0.35746165487625
grid_m3.00_29.50,1953-12-01,17.242017580645186,14.41252791666669,427.07038032138,1013.3707079973118,-0.23644976286545702,-0.22379868999301075
grid_m3.00_29.50,1954-01-01,17.130718064516152,13.266445524193573,238.70301234604,1014.1435022849462,0.3485513934849059,-0.28498955268071235
grid_m3.00_29.50,1954-02-01,17.77200214285717,13.533035803571451,211.39621738006,1013.1374739583332,-0.05552598493601191,-0.2139319749922619
grid_m3.00_29.50,1954-03-01,17.838469448924755,14.22049721774196,378.73053515078,1013.3996965053763,-0.38795590087553766,-0.08204699999341397
grid_m3.00_29.50,1954-04-01,17.294156583333358,14.591431055555578,412.07146538698,1015.1335264583333,-0.36598389923499997,0.10721392445638889
grid_m3.00_29.50,1954-05-01,17.442808454301097,13.36289543010755,249.03130525512,1014.7287939516129,-0.45125456822315857,0.06477641179840053
grid_m3.00_29.50,1954-06-01,17.309120083333355,10.730662680555579,29.83975428738,1015.7087127083333,-0.13196394191694444,0.5071542948877779
grid_m3.00_29.50,1954-07-01,17.975686330645182,8.71029114247314,9.45615769142,1014.4408702956988,0.32321115749475804,0.8084569536232526
grid_m3.00_29.50,1954-08-01,18.626267123655936,8.97351045698927,42.29116421758,1014.2632391801075,-0.11022988224623656,0.7616098040467473
grid_m3.00_29.50,1954-09-01,19.02072141666669,9.376733472222245,48.696279399699996,1013.21804375,-0.29272365599895833,0.2848032193722222
grid_m3.00_29.50,1954-10-01,18.505538239247333,11.630898817204324,299.0243441396,1012.7012816532258,-0.457727103959543,-0.3010778747016129
grid_m3.00_29.50,1954-11-01,17.47422376388891,12.721515111111133,267.75670101098,1012.916023888889,-0.7239137228934721,-0.6262468121497222
grid_m3.00_29.50,1954-12-01,17.534011303763464,13.392839018817227,434.8421087375,1012.6497371639786,-0.13139542968413978,-0.2843661571610215
grid_m3.00_29.50,1955-01-01,17.55411619623658,13.228310470430129,275.19369187606,1013.4128995967742,-0.5227456644257392,-0.38034385805672044
grid_m3.00_29.50,1955-02-01,17.52798522321431,13.81883617559526,353.88064429666,1012.5609602678572,0.3955657182350893,-0.011300314551934523
grid_m3.00_29.50,1955-03-01,17.495902795698946,14.164664973118304,394.52528959232,1012.3951723790321,-0.22190057136370966,0.01145502374032258
grid_m3.00_29.50,1955-04-01,17.322854875000022,14.39359631944447,378.5762786897,1013.0532820833333,-0.6195771533525001,-0.03428225344194444
grid_m3.00_29.50,1955-05-01,16.825780147849482,12.702738790322602,181.3478470137,1015.365376814516,-0.9438210753440861,0.18445406657419355
grid_m3.00_29.50,1955-06-01,16.71420329166669,10.881722763888913,58.29977978958,1015.825350625,-0.5667649585390278,0.5674591487902778
grid_m3.00_29.50,1955-07-01,17.006891774193573,11.192048145161314,105.03387387508,1014.952715860215,-0.14105842086357528,0.5121725147181452
grid_m3.00_29.50,1955-08-01,17.86267469086024,9.355448750000022,31.3527583232,1013.7091220430108,0.2773829019103495,0.5763610718145161
grid_m3.00_29.50,1955-09-01,17.471471736111134,12.692777166666689,396.08645477514,1013.6226534722223,-0.03600540057045834,-0.11300343414694443
grid_m3.00_29.50,1955-10-01,18.2671960215054,12.227643172043035,260.40935437794,1012.5149066532258,-0.3819188974951209,-0.36327462631545704
grid_m3.00_29.50,1955-11-01,17.696963875000023,12.87950451388891,299.17788563962,1012.6937948611111,-0.3790310766795833,-0.5024906382581945
grid_m3.00_29.50,1955-12-01,16.968277715053784,13.71168932795701,469.79665763638,1012.9781170026881,-0.19660240086935485,-0.2024486077777285
grid_m3.00_29.50,1956-01-01,16.628187500000024,13.188896599462389,266.41774346308,1012.487664247312,0.05860583043454301,-0.2638659113860215
grid_m3.00_29.50,1956-02-01,17.936044540229908,13.24869303160922,252.21109540402,1011.8614341954022,-0.15410947315373563,-0.3421830812180172
grid_m3.00_29.50,1956-03-01,17.92006850806454,14.141263440860238,403.21898411244,1012.5819719086022,-0.4921367603020161,-0.03404000042301075
grid_m3.00_29.50,1956-04-01,16.989803375000022,14.476506277777798,471.20404323576,1013.6866661805556,-0.42724487180805554,0.014241060650555555
grid_m3.00_29.50,1956-05-01,16.527445013440882,13.96406604838712,361.6564268387,1015.1063266129032,-0.4734000129607527,0.13544050002090052
grid_m3.00_29.50,1956-06-01,16.532289791666688,10.925137208333355,23.41461185386,1015.5038858333332,-0.5632682380919445,0.34812611753875
grid_m3.00_29.50,1956-07-01,17.662776626344108,7.901149301075292,1.82271003364,1014.8385411290323,-0.12397883017453763,0.7152880995860215
grid_m3.00_29.50,1956-08-01,18.078272016129056,10.464874543010776,146.6715337884,1013.9923390456989,-0.03069514554139785,0.39702177486639784
grid_m3.00_29.50,1956-09-01,18.09134891666669,11.274108236111132,137.25256942328,1012.5200234722222,-0.4990114521873611,-0.07651776037944444
grid_m3.00_29.50,1956-10-01,17.996473319892495,11.977320739247334,221.4782236282,1012.3565729166667,-0.344747603839785,-0.36739447785215057
grid_m3.00_29.50,1956-11-01,17.508403680555578,13.33216300000002,336.81321011818,1012.4146305555555,-0.4284446462559167,-0.48127691576041665
grid_m3.00_29.50,1956-12-01,17.025947204301097,13.235083911290344,275.2802368302,1012.792149327957,-0.560963227454758,-0.40813702403293006
grid_m3.00_29.50,1957-01-01,17.075750954301096,13.605281881720451,368.17240696352,1012.5710961693549,0.46665057258024195,-0.19672566058801075
grid_m3.00_29.50,1957-02-01,17.220075565476215,13.729737589285739,332.62920305602,1012.8554946428571,0.53799481730625,-0.31280058863854165
grid_m3.00_29.50,1957-03-01,17.424362715053785,14.462074448924755,392.21191350574,1013.3994581317204,0.2901194175236559,-0.1481666973699597
grid_m3.00_29.50,1957-04-01,18.217898833333358,14.650064958333354,349.08342343988,1013.6808145833332,0.09855736382224999,-0.04998976618611111
grid_m3.00_29.50,1957-05-01,18.199982983870992,15.577802647849484,303.78651630042,1014.949624798387,-0.40557022537379034,0.1280331153577957
grid_m3.00_29.50,1957-06-01,17.99543369444447,13.092227666666691,113.4953498518,1015.7609097222222,-0.4515160661295903,0.1296393270888889
grid_m3.00_29.50,1957-07-01,17.9721022715054,10.471601948924755,28.89657028342,1015.081861626344,-0.5056277863446236,0.3998763490560484
grid_m3.00_29.50,1957-08-01,18.94010981182798,9.358511088709701,20.38288120428,1014.1299879032258,-0.5611296211227419,0.40348824231451613
grid_m3.00_29.50,1957-09-01,20.55217179166669,9.508124847222245,88.66691603752,1012.7092400694444,-0.974777750775,0.05228231210972222
grid_m3.00_29.50,1957-10-01,18.551206962365615,13.38864103494626,339.91956714788,1012.9857655241935,-0.6233142008877689,-0.36268822706090054
grid_m3.00_29.50,1957-11-01,18.182233569444467,14.291824847222246,382.59434752244,1013.1160811805556,-0.8479345896784721,-0.4179908742533333
grid_m3.00_29.50,1957-12-01,17.902001989247335,14.319800443548411,354.25686695974,1013.3790314516128,-0.17358903670139786,-0.3092952441282258
grid_m3.00_29.50,1958-01-01,18.677836801075294,15.458915255376366,346.04596970966,1012.8366456989248,-0.28273939250159946,-0.35589695916115593
grid_m3.00_29.50,1958-02-01,18.457741220238116,14.691039940476214,409.17229626382,1013.9448946428572,0.1834722232046131,-0.3823552806065476
grid_m3.00_29.50,1958-03-01,18.379108763440883,14.70180353494626,324.82123291438,1013.4089143145161,-0.2777586495462903,-0.21698395879744622
grid_m3.00_29.50,1958-04-01,18.474587486111133,15.276606000000022,379.64534780966,1013.0186817361111,-0.6857856968513473,-0.08238315611715279
grid_m3.00_29.50,1958-05-01,18.452834045698946,14.002005026881744,242.04397097318,1014.9611157258065,-0.7545228571322581,0.015815388547043015
grid_m3.00_29.50,1958-06-01,18.049703694444467,11.547441166666689,69.8754781889,1015.6620940277778,-0.4536323962870055,0.25048527616569444
grid_m3.00_29.50,1958-07-01,17.67236680107529,11.291957701612924,84.35297018162,1014.8429737903226,0.12388848837849463,0.5706133662775134
grid_m3.00_29.50,1958-08-01,17.88443149193551,11.720653037634431,123.8746642431,1014.2687851478495,-0.25016302568817206,0.23544657510349462
grid_m3.00_29.50,1958-09-01,18.776430958333357,11.557853763888913,152.88949080414,1013.0743918055555,-0.5262135386318055,-0.1942094785584722
grid_m3.00_29.50,1958-10-01,19.17052918010755,11.3746373387097,233.28852719012,1012.8052709677419,-0.664059628423965,-0.3495551439360215
grid_m3.00_29.50,1958-11-01,18.218607458333356,13.3354131527778,360.40425285978,1012.6596879861111,-0.3334592590161111,-0.283862220145
grid_m3.00_29.50,1958-12-01,17.730638857526905,14.54693782258067,367.1708111379,1013.6814940860215,-0.13557023414432795,-0.23680813465255376
grid_m3.00_29.50,1959-01-01,18.2782435887097,14.835716922043034,325.95682208316,1012.8515805107528,0.021954905005510752,-0.32116202969112906
grid_m3.00_29.50,1959-02-01,18.18858973214288,14.588077872023833,348.51384162312,1013.1417791666668,0.27701211856488095,-0.27046769014270833
grid_m3.00_29.50,1959-03-01,18.664883978494647,14.44650243279572,220.60847248983998,1013.118601545699,0.09755046857163978,-0.2663943281056452
grid_m3.00_29.50,1959-04-01,18.311469597222242,15.289463944444469,477.36787802172,1012.8235172916666,-0.6817410574845834,-0.09625555753319445
grid_m3.00_29.50,1959-05-01,18.289915000000022,14.89686223118282,328.56202134776,1013.2671096774193,-0.225913734072043,-0.03588487294180108
grid_m3.00_29.50,1959-06-01,18.16890516666669,11.878677027777801,30.640125221879998,1014.7724653472221,-0.5601194804412499,0.31812589478333336
grid_m3.00_29.50,1959-07-01,17.802382513440882,11.224075349462387,68.46547138468,1015.2791186827956,-0.34496834441468144,0.552860095882258
grid_m3.00_29.50,1959-08-01,17.980421451612923,12.152850604838735,163.90085249826,1013.8027343413979,-0.4034342617201613,0.30103152009932793
grid_m3.00_29.50,1959-09-01,18.099294819444466,13.051368000000023,269.72985282222,1013.2972623611112,-0.4195265411708333,-0.06018676754972223
grid_m3.00_29.50,1959-10-01,18.113889422043034,13.894331545698948,469.18201553416,1013.5749440188172,-0.32690746538978493,-0.18759266332231184
grid_m3.00_29.50,1959-11-01,17.81305158333336,14.336451750000021,442.56734847088,1013.0432170833333,-0.23154268964583333,-0.20201248523916668
grid_m3.00_29.50,1959-12-01,17.942491505376367,13.874163857526906,286.7786876609,1013.1732143145161,-0.2021297699579301,-0.3741260434564785
grid_m3.00_29.50,1960-01-01,17.91930864247314,14.139969892473143,315.16957259064,1013.5920439516128,-0.04484852103310484,-0.2882855356157258
grid_m3.00_29.50,1960-02-01,17.869101724137952,14.529284626436803,462.49699482396,1013.4059717672413,-0.0701778610869253,0.0070716154773778715
grid_m3.00_29.50,1960-03-01,17.58717543010755,14.43641909946239,445.08266493205997,1012.945844623656,-0.0008363623055107508,-0.0360330676938172
grid_m3.00_29.50,1960-04-01,17.94573479166669,15.2540594027778,476.8238068323,1013.3102490277778,-0.5719433462351389,-0.005107093129583331
grid_m3.00_29.50,1960-05-01,18.02371112903228,14.209761344086045,229.29787629906,1014.1118103494623,-0.8930245693858871,0.05930256183965054
grid_m3.00_29.50,1960-06-01,17.745481958333357,11.942963111111135,66.8559077554,1015.2495431944445,-0.8229844618229167,0.3738934549225417
grid_m3.00_29.50,1960-07-01,17.314943454301098,11.042155094086045,12.45617868232,1015.3879275537633,-0.3412708165412366,0.799075726271371
grid_m3.00_29.50,1960-08-01,18.431068870967767,11.627123991935507,55.84573738308,1014.284891733871,-0.16825107877499998,0.5496645653939785
grid_m3.00_29.50,1960-09-01,18.191699111111134,12.615743111111133,216.17221868462,1013.7119495138888,-0.5293133832555555,-0.04784329820555555
grid_m3.00_29.50,1960-10-01,18.674260577957014,13.13403237903228,300.16112337416,1013.1865637768817,-0.694604964608199,-0.2556175915919355
grid_m3.00_29.50,1960-11-01,17.746478972222246,13.845719500000023,386.149407082,1013.7405534027778,-0.4242566846986111,-0.411550310633125
grid_m3.00_29.50,1960-12-01,18.448311868279593,13.541200322580668,179.65364462406,1012.3363398521506,-0.47486207000846775,-0.5109886459099462
grid_m3.00_29.50,1961-01-01,18.155400322580665,13.413992822580667,273.35786890198,1012.4439993951612,-0.2179134122622984,-0.3861452127658602
grid_m3.00_29.50,1961-02-01,17.262936934523832,13.388830327380974,344.43807574916,1013.8872766369049,-0.005291939280863096,-0.15745721551300595
grid_m3.00_29.50,1961-03-01,17.998877405913998,14.264904354838732,327.13723124924,1012.8497153225807,-0.4317048184394624,-0.27993576785564517
grid_m3.00_29.50,1961-04-01,18.196276555555578,14.586473750000023,367.05708500722,1012.7994372916667,-0.6655209225964445,-0.14171545251527778
grid_m3.00_29.50,1961-05-01,18.425977607526903,13.37510182795701,170.61448058576,1014.2080483198926,-1.042149431152016,0.06840315657123656
grid_m3.00_29.50,1961-06-01,17.914740097222246,11.043827055555578,54.830551076,1014.4148330555556,-0.68565192874875,0.4565534419627778
grid_m3.00_29.50,1961-07-01,17.135365040322604,11.618530013440882,108.35719102772,1015.0001866263441,-0.6435633837127689,0.45976614166249996
grid_m3.00_29.50,1961-08-01,17.717778924731203,11.615596250000022,131.70075399242,1015.0422326612904,-0.1725049583799731,0.5448502872834677
grid_m3.00_29.50,1961-09-01,17.925643013888912,12.117338680555577,277.58598409014,1013.399075,-0.7131748415680556,-0.12932162919426388
grid_m3.00_29.50,1961-10-01,17.43738282258067,12.805628145161315,517.19546461408,1012.8108219086022,-0.6519123613459678,-0.23904793247432793
grid_m3.00_29.50,1961-11-01,16.767627819444467,13.827040986111134,466.52746096398,1013.4167334027777,-0.19371515902295833,-0.3152388896530555
grid_m3.00_29.50,1961-12-01,16.82083827956992,14.127014489247333,480.28731359156,1013.6486316532258,0.23123082665760755,-0.1121475043797043
grid_m3.00_29.50,1962-01-01,16.86135114247314,13.606367715053786,369.17495607120003,1013.7043731182796,0.21226528375403228,-0.3363651159579301
grid_m3.00_29.50,1962-02-01,17.93494159226193,13.301777723214308,274.1782669038,1012.8632264136904,-0.12128523397325892,-0.3339293112419643
grid_m3.00_29.50,1962-03-01,17.43768986559142,14.524957836021526,687.19601449012,1012.8205879704302,-0.08922287739771505,-0.15897658189575267
grid_m3.00_29.50,1962-04-01,17.336337305555578,14.732509430555577,411.05818763932,1013.5257548611112,-0.44982797892620835,-0.09063775040222222
grid_m3.00_29.50,1962-05-01,16.938163763440883,13.76253239247314,272.65501042108,1015.4301461693549,-0.5715973953216398,0.1349458644454301
grid_m3.00_29.50,1962-06-01,16.809489236111137,11.819136180555576,181.86569191294,1014.897344375,-0.39874799512577774,-0.025676683925555558
grid_m3.00_29.50,1962-07-01,17.428126854838734,10.063885215053787,19.01483537104,1016.0552895833332,-0.2950245230942473,0.20416442246599462
grid_m3.00_29.50,1962-08-01,17.121408239247334,12.34600491935486,224.32684927276,1015.2644930107527,-0.18442197219180106,-0.1375127392798387
grid_m3.00_29.50,1962-09-01,17.739307500000024,11.754429944444468,142.96650831188,1014.1418799999999,-0.2817741174855556,-0.257853063225
grid_m3.00_29.50,1962-10-01,17.66597350806454,12.988084959677442,489.11786131324,1013.7917638440861,-0.25514686669241937,-0.298112460185121
grid_m3.00_29.50,1962-11-01,17.22719969444447,13.021394000000022,297.22642937816,1012.9996963888889,-0.24776997222097225,-0.49384316235430553
grid_m3.00_29.50,1962-12-01,17.200776868279593,13.800048440860238,370.908261097,1013.7371589381721,-0.309258891230914,-0.33906573756169356
grid_m3.00_29.50,1963-01-01,16.607539905914003,13.651907500000023,495.7160958876,1013.4083003360214,-0.033465395252069895,-0.23857321907373655
grid_m3.00_29.50,1963-02-01,17.501319851190498,13.651337440476214,337.71419482216,1012.6872988095238,-0.17516369838422619,-0.2623090292470238
grid_m3.00_29.50,1963-03-01,17.266629731182817,13.869135887096796,425.71234731548,1013.9884215725806,-0.27607805012337905,-0.2570082342608871
grid_m3.00_29.50,1963-04-01,17.13059126388891,14.6900077777778,467.56505814816,1013.8444801388889,-0.4823015001047222,-0.12708873149444444
grid_m3.00_29.50,1963-05-01,17.441424946236584,14.51778173387099,322.98183429595997,1014.8572895161291,-0.45401956709126345,-0.017118844290860216
grid_m3.00_29.50,1963-06-01,17.5528167777778,10.781172361111135,14.81151579436,1016.0740423611112,-0.677990509828375,0.11847214140847222
grid_m3.00_29.50,1963-07-01,18.1163860215054,9.785772647849484,24.16467679248,1014.8639409274194,-0.4715862688387097,0.23441192685551074
grid_m3.00_29.50,1963-08-01,18.79216182795701,10.325160147849486,66.30206102542,1014.258823454301,-0.3028704314787634,0.20554794925416667
grid_m3.00_29.50,1963-09-01,19.22572163888891,11.164266166666689,142.34352051396,1013.3908775,-0.6679595305613889,-0.08383166111802778
grid_m3.00_29.50,1963-10-01,18.34601498655916,12.508471505376368,190.45138348394,1013.3020759408603,-0.6251013758482984,-0.4310617965287634
grid_m3.00_29.50,1963-11-01,17.06295280555558,13.881162750000025,565.38248124338,1013.4244749305554,-0.25675845824902777,-0.22373373292624998
grid_m3.00_29.50,1963-12-01,17.079859072580668,14.030963252688196,407.29618147076,1013.9533825940861,-0.29778809036061826,-0.3165380829896505
grid_m3.00_29.50,1964-01-01,17.834159543010774,14.008747177419378,259.98187067926,1013.5268502016129,-0.35286608038905376,-0.413628458577379
grid_m3.00_29.50,1964-02-01,17.61290933908048,14.230858706896575,374.34887892548,1013.0552006465518,0.13634734305401436,-0.11247160172974138
grid_m3.00_29.50,1964-03-01,18.247997876344108,14.320229180107548,345.65424908786,1013.8161139784946,-0.16319697489112903,-0.17810764187231182
grid_m3.00_29.50,1964-04-01,17.585282833333356,14.762622861111135,484.6553779769,1014.24839375,-0.5160027408352222,-0.20751572452858333
grid_m3.00_29.50,1964-05-01,17.299350107526905,13.442256451612925,202.06427546764002,1016.3433442876343,-0.8567974085053763,-0.14306129357056452
grid_m3.00_29.50,1964-06-01,17.14878579166669,12.616614291666691,208.5149284947,1015.805754236111,-0.3430325616054167,-0.01575311027590278
grid_m3.00_29.50,1964-07-01,17.054286532258086,10.737316962365615,89.9417398505,1016.3619921370968,0.03194782342016129,0.3311702026700269
grid_m3.00_29.50,1964-08-01,17.478836263440883,10.766873118279593,66.75147998488,1015.225376545699,-0.30130659091330647,0.2598911818366936
grid_m3.00_29.50,1964-09-01,17.4119132777778,12.199520958333355,220.32332322578,1014.4903615277778,-0.2021215019926389,-0.04752987642138889
grid_m3.00_29.50,1964-10-01,17.12933212365594,12.555210779569915,372.9348191605,1013.8129583333333,-0.3275118838995968,-0.37449598902258063
grid_m3.00_29.50,1964-11-01,17.1831480277778,12.722017736111134,340.0058748097,1013.6763197916666,-0.3828501881899306,-0.5046443296534723
grid_m3.00_29.50,1964-12-01,16.58381981182798,12.578758669354862,364.52102847174,1012.4163266801075,-0.4213780215625,-0.41859520140120965
grid_m3.00_29.50,1965-01-01,17.47880893817206,12.731515188172066,197.5593565564,1012.4806159274194,-0.23780937902701615,-0.24721020581730915
grid_m3.00_29.50,1965-02-01,17.79583517857145,12.638621205357166,224.31755002482,1012.2760461309524,0.03382453424919643,-0.2821942736261905
grid_m3.00_29.50,1965-03-01,17.494315564516153,13.90819908602153,511.24930329492,1014.0049743951613,-0.0754976379347715,0.04124296753272849
grid_m3.00_29.50,1965-04-01,17.115438138888912,14.224272319444468,435.99653194764,1014.4681165972222,-0.30088000843125,-0.12517888815495834
grid_m3.00_29.50,1965-05-01,16.991906895161314,13.796925537634433,293.94578962728,1016.0747749327957,-0.614708272420504,-0.09210451331634409
grid_m3.00_29.50,1965-06-01,17.30020841666669,10.389845805555579,29.11639219432,1017.1643679166667,-0.40772471975616664,0.10996808302416668
grid_m3.00_29.50,1965-07-01,17.658457043010774,10.462560900537657,20.73597901272,1016.9485935483872,0.15826336087625403,0.23171264849005377
grid_m3.00_29.50,1965-08-01,18.847677150537656,9.294549959677441,31.311512073760003,1014.6830443548388,-0.3282913706647043,0.23864570555913978
grid_m3.00_29.50,1965-09-01,18.449261763888913,11.335364722222245,142.76576089686,1014.0578675,-0.6087828176827779,-0.10883761493154166
grid_m3.00_29.50,1965-10-01,18.48051305107529,12.099946505376368,360.55231073974,1013.5811053091398,-0.6810609126907528,-0.15744135537069892
grid_m3.00_29.50,1965-11-01,17.445115250000022,13.457896569444468,421.1502067717,1013.8117675,-0.5810881016097222,-0.4875487002369444
grid_m3.00_29.50,1965-12-01,17.297525779569913,13.742523400537657,373.00729721056,1013.8104711021505,-0.1377413963857527,-0.1824821149795699
grid_m3.00_29.50,1966-01-01,17.564597580645184,13.637963897849485,315.8347600444,1013.9847,-0.5126017494535619,-0.31966853342096774
grid_m3.00_29.50,1966-02-01,17.8697301636905,14.111383779761928,323.83441917958,1013.5438163690477,0.06734394162053571,-0.1593475108499851
grid_m3.00_29.50,1966-03-01,17.66444110215056,14.411867567204323,438.34757718408,1014.3339642473118,-0.11287599025685485,-0.13747383380860215
grid_m3.00_29.50,1966-04-01,17.479299236111135,14.5813535277778,432.71327032036,1014.9535269444444,-0.5369101856036805,-0.1907398708123611
grid_m3.00_29.50,1966-05-01,17.739987634408624,13.713195564516152,260.92290889412,1015.9844070564516,-0.8604482023829032,-0.08853962821294355
grid_m3.00_29.50,1966-06-01,17.250457888888914,11.517992083333358,67.75212328508,1017.0285077777778,-0.9471025542692083,0.012448670323888892
grid_m3.00_29.50,1966-07-01,18.13334302419357,10.906488508064538,46.28825181194,1016.1159530241936,-0.05658535281129032,0.5466768653379032
grid_m3.00_29.50,1966-08-01,18.536221478494646,11.04505176075271,237.83373781952,1014.8055213709678,-0.21696705943575267,0.2081524216141129
grid_m3.00_29.50,1966-09-01,17.598948291666687,12.353596055555577,239.85266636978,1014.5645273611111,-0.448864301004,-0.3383844202922222
grid_m3.00_29.50,1966-10-01,17.857115174731206,12.108598575268838,283.4124561174,1013.2067662634408,-0.6892070563638039,-0.2911356640950269
grid_m3.00_29.50,1966-11-01,17.536305486111136,13.290503722222244,357.7992901552,1012.7931197222222,-0.4006527531920833,-0.4189049996664722
grid_m3.00_29.50,1966-12-01,17.883212083333355,12.715408077957012,198.4257697318,1011.3697184139785,-0.3875231987461882,-0.4789988210629032
grid_m3.00_29.50,1967-01-01,18.356166975806474,12.241557258064539,106.5111163148,1011.6318734543011,-0.4513514822987903,-0.4088931544362097
grid_m3.00_29.50,1967-02-01,18.316687663690498,13.218304434523832,229.86936449326,1011.8563939732144,-0.4601600017614583,-0.22179190369559523
grid_m3.00_29.50,1967-03-01,18.171200268817227,14.422551908602172,457.69262190574,1012.0381118951614,-0.10628263427822582,-0.0884456628957594
grid_m3.00_29.50,1967-04-01,17.655882583333355,14.456347083333354,366.40143430022,1013.2329879166666,-0.3401908333223611,0.09136857560134723
grid_m3.00_29.50,1967-05-01,17.354456303763463,14.483312956989272,390.5262940391,1015.3321202284947,-0.46879493603857525,0.1279069996251344
grid_m3.00_29.50,1967-06-01,16.95317216666669,12.508140722222246,141.98732376084,1015.6496750694444,-0.5710757943298611,0.13419505784750002
grid_m3.00_29.50,1967-07-01,17.246037231182818,11.945691438172066,76.47585847478,1015.8679852150537,-0.26483877567244624,0.5525923502617822
grid_m3.00_29.50,1967-08-01,18.355188897849487,10.293571438172066,16.79563525266,1015.2416729166666,-0.7134732046126344,0.5856331843481183
grid_m3.00_29.50,1967-09-01,18.345503611111134,11.942816083333355,361.8788712016,1014.5101228472222,-0.7597715020372222,0.006855595507416671
grid_m3.00_29.50,1967-10-01,17.77339676075271,12.97984669354841,381.30163960662003,1013.7090176075269,-0.6742387575231182,-0.3558575003341398
grid_m3.00_29.50,1967-11-01,17.2324149027778,14.0146925277778,501.32823064982,1013.1678322222223,-0.3630220113370833,-0.20834138636083332
grid_m3.00_29.50,1967-12-01,17.668704059139806,14.107462231182819,359.74597824256,1014.1392226478494,-0.015420163872983868,-0.15701632370336022
grid_m3.00_29.50,1968-01-01,17.878637150537656,13.47224799731185,317.06523876402,1013.0034377016128,0.13181168196508064,-0.21610188216599463
grid_m3.00_29.50,1968-02-01,17.390374396551746,14.351863175287379,474.9846443179,1013.2987142241379,-0.05239763484669541,-0.1864920431338362
grid_m3.00_29.50,1968-03-01,17.212432755376366,14.245088319892497,498.34776058938,1013.7352893817205,0.2539941314806371,0.008499574934623657
grid_m3.00_29.50,1968-04-01,17.279168611111132,14.883252500000024,416.89085916572,1014.1317788888889,-0.17985307893597222,0.025119052895416667
grid_m3.00_29.50,1968-05-01,17.085951881720455,13.941846182795722,315.22941673144,1014.9068928091399,-0.6955334455181452,-0.05477759376034946
grid_m3.00_29.50,1968-06-01,16.989043722222245,12.482764972222245,164.00194188865999,1016.0550147916667,-0.5814170406175834,0.11191067188430556
grid_m3.00_29.50,1968-07-01,17.271203884408624,10.824665228494647,23.61845960014,1016.3837962365592,-0.3165120665709677,0.5457631525314516
grid_m3.00_29.50,1968-08-01,18.829330712365614,9.725779489247335,3.85284423566,1014.8735461693549,-0.4436862973005376,0.6112546252607527
grid_m3.00_29.50,1968-09-01,18.966465180555577,11.023175541666689,90.84105479682,1013.7572831944444,-0.6022030517,0.06013668848902777
grid_m3.00_29.50,1968-10-01,18.59096098118282,12.932730201612925,377.61926516912,1013.2473115591398,-0.6196923810173387,-0.3392230419643817
grid_m3.00_29.50,1968-11-01,17.21356305555558,14.102941125000024,477.91361911629997,1013.7685070138889,-0.5506237025295834,-0.37997680153458335
grid_m3.00_29.50,1968-12-01,17.669544596774216,13.374802970430132,276.01218150114,1013.6910838709678,-0.188305967102957,-0.364132973635215
grid_m3.00_29.50,1969-01-01,17.723939381720456,13.822829744623679,317.76261290822,1012.2193780913979,-0.22702436411747312,-0.28585717907876346
grid_m3.00_29.50,1969-02-01,17.749920639880976,14.720201532738118,392.10033528484,1012.9788636160714,-0.2003361155828125,-0.34831396333630954
grid_m3.00_29.50,1969-03-01,18.047092258064538,15.272890887096796,431.97011921974,1013.2960423387096,-0.35557426865994624,-0.2502550931716398
grid_m3.00_29.50,1969-04-01,18.37847816666669,15.250905625000023,333.6873062255,1013.2562065277777,-0.6735540381308611,-0.06834540563269444
grid_m3.00_29.50,1969-05-01,17.674256908602175,14.351627096774218,293.56670462584,1014.8814926747311,-0.7200976943688172,0.07986374462271505
grid_m3.00_29.50,1969-06-01,17.73051430555558,11.6476352777778,51.08213407958,1015.3125177083333,-0.5764119250243611,0.3630024170156667
grid_m3.00_29.50,1969-07-01,18.2382797715054,9.77738560483873,6.01053238536,1015.8057071908602,-0.5489479872383065,0.8381551117540323
grid_m3.00_29.50,1969-08-01,19.23907416666669,9.018754717741958,4.78196143534,1013.7746266129033,-0.846633377031949,0.48541501830384404
grid_m3.00_29.50,1969-09-01,18.76635100000002,12.28677166666669,184.80300875142,1013.2701431944444,-0.5813410234664445,-0.07497861979388888
grid_m3.00_29.50,1969-10-01,18.465230766129054,12.768796223118304,280.04240975168,1012.4717312500001,-0.6164996854691667,-0.4054220050674731
grid_m3.00_29.50,1969-11-01,17.642340500000024,13.470619069444465,384.22155141218,1013.3767486805556,-0.5413877542353334,-0.34366669066943056
grid_m3.00_29.50,1969-12-01,18.285676102150557,13.585856653225829,246.27208761192,1013.2166710349462,-0.5440898171303763,-0.45086196202016127
grid_m3.00_29.50,1970-01-01,17.58091794354841,14.377563534946258,446.34938315846,1014.3279440860215,0.05775822860887097,-0.15255936250981184
grid_m3.00_29.50,1970-02-01,18.60604973214288,14.500926800595261,279.33073035364,1013.1603646577381,-0.18083508715327382,-0.24852492489370537
grid_m3.00_29.50,1970-03-01,17.892558131720453,14.91767181451615,468.18184852416,1013.2985143145161,-0.08476735105282258,-0.07329684365564516
grid_m3.00_29.50,1970-04-01,17.97408581944447,15.43985876388891,462.76998544632,1014.1626859027778,-0.6445577128284722,-0.05665692235520833
grid_m3.00_29.50,1970-05-01,17.464045188172065,14.251873104838733,309.1592786489,1014.7446905241935,-0.6736916577589153,-0.048204948148924724
grid_m3.00_29.50,1970-06-01,17.635284250000023,11.451488847222246,22.39322655682,1015.7680646527779,-0.6546758016550556,0.35445050230138886
grid_m3.00_29.50,1970-07-01,17.771918830645184,10.46593104838712,25.385141385,1015.485213844086,-0.6653867736807796,0.4876680206314516
grid_m3.00_29.50,1970-08-01,18.422982405914002,11.080673911290344,51.8679618715,1013.9103069892473,-0.43411993074934274,0.4247903093321237
grid_m3.00_29.50,1970-09-01,18.962107458333357,10.770831680555577,60.850620427799996,1012.4770098611111,-0.5987352797761111,0.10445217709305556
grid_m3.00_29.50,1970-10-01,18.687663440860238,12.23033348118282,226.13525351334,1012.3178753360215,-0.517028328456922,-0.20100611933817203
grid_m3.00_29.50,1970-11-01,17.877219458333357,13.391254250000022,325.3886693978,1012.8703644444445,-0.19745610599944444,-0.4558411284007708
grid_m3.00_29.50,1970-12-01,17.572255967741956,13.278811989247334,273.88501184746,1013.3081967741936,-0.24492900758513442,-0.47476798230819894
grid_m3.00_29.50,1971-01-01,17.355517620967763,13.28744739247314,298.2556825585,1012.5879379704301,0.19486880629248657,-0.21432860338508064
grid_m3.00_29.50,1971-02-01,17.94686468750002,12.999189806547642,276.60655966742,1011.6212688244048,-0.05044966642008929,-0.21135253956488095
grid_m3.00_29.50,1971-03-01,17.81086354838712,13.758560255376368,454.56791094678,1012.1220252016128,-0.6684806576889785,-0.061622640967553766
grid_m3.00_29.50,1971-04-01,17.236663555555577,14.5540732777778,521.42190866138,1013.3751774305555,-0.3270054706044444,0.042384648199444444
grid_m3.00_29.50,1971-05-01,17.27648861559142,14.01890416666669,268.66602918515997,1014.3966294354839,-0.6471832311523118,0.0539510069327957
grid_m3.00_29.50,1971-06-01,17.20201925000002,10.831465500000022,21.09980589918,1015.5057808333333,-0.6490455624376389,0.5069321973347222
grid_m3.00_29.50,1971-07-01,17.72672053763443,10.9566360215054,28.76353263324,1014.8505255376343,-0.42176980823172044,0.6963767902411291
grid_m3.00_29.50,1971-08-01,18.204521465053787,10.830125846774216,159.12413590976,1013.8469732526881,-0.23108903996344085,0.5106776655255376
grid_m3.00_29.50,1971-09-01,17.851768583333357,12.259975263888911,255.52678119332,1013.76538,-0.6166820741033333,-0.09689428961763888
grid_m3.00_29.50,1971-10-01,17.925853373655936,12.55780537634411,336.35449317072,1013.6840527553763,-0.6446402769880376,-0.22552918284919354
grid_m3.00_29.50,1971-11-01,17.12444312500002,13.259372694444467,431.98704542578,1013.5513824305556,-0.27362155984013886,-0.5145516927120833
grid_m3.00_29.50,1971-12-01,16.824957016129055,12.748680107526907,324.88608347411997,1013.9167586693549,-0.1810373244591398,-0.48099040026129036
grid_m3.00_29.50,1972-01-01,17.393498212365614,13.304472110215077,264.17923031524,1012.2323316532259,-0.2657151180728495,-0.40408532282849463
grid_m3.00_29.50,1972-02-01,17.116663448275883,13.645376752873588,313.91239228886,1012.8852471982759,0.15672550001695404,-0.29952645490948276
grid_m3.00_29.50,1972-03-01,17.460917110215078,14.094728629032282,448.11677998188003,1012.7750112231183,-0.31151771469637096,-0.1918193236317742
grid_m3.00_29.50,1972-04-01,17.469932416666687,14.532509694444467,414.08348077862,1013.2388454861111,-0.6559487284194444,-0.03620824907013889
grid_m3.00_29.50,1972-05-01,17.306726357526905,14.455211895161314,266.98136285168,1014.4877657930108,-0.9111606226639785,-0.04130931664086022
grid_m3.00_29.50,1972-06-01,16.813595055555577,12.99741526388891,273.0922700403,1015.4233865972221,-0.4835984758188889,0.09462155336169722
grid_m3.00_29.50,1972-07-01,17.58536735215056,10.769185940860238,15.23160945574,1015.3938641801076,-0.6227022600498656,0.4452546443711021
grid_m3.00_29.50,1972-08-01,18.066233763440884,11.455521357526905,153.96928792196,1014.01018797043,-0.36012017867688173,0.3626601231236559
grid_m3.00_29.50,1972-09-01,18.195164375000022,12.549515472222245,283.95056651458,1014.0085847916666,-0.6733550408408333,-0.2773353990395834
grid_m3.00_29.50,1972-10-01,17.846262029569914,14.210717473118303,493.69907194932,1013.7720020833333,-0.43459945597701616,-0.3351616193362903
grid_m3.00_29.50,1972-11-01,17.456210986111135,14.637406027777802,556.56623632312,1014.18545625,-0.22312662339033335,-0.18712085787888888
grid_m3.00_29.50,1972-12-01,17.70035842741938,14.284150819892494,358.4971433715,1014.217653360215,-0.203145145997043,-0.34704124139919357
grid_m3.00_29.50,1973-01-01,18.281037768817225,14.441516263440883,375.8773801767,1014.5414805107526,0.15171370198696235,-0.3120126621903226
grid_m3.00_29.50,1973-02-01,18.89526772321431,14.759866398809546,334.57636873914,1013.311080580357,-0.19102991717217263,-0.2868167785571429
grid_m3.00_29.50,1973-03-01,18.692813790322603,14.367569368279593,249.63426597309999,1012.9980154569893,-0.5753913383064516,-0.257605152971371
grid_m3.00_29.50,1973-04-01,17.920678097222247,15.129514375000022,461.18712505292,1013.4860103472222,-0.7899314670732361,0.09099164800369444
grid_m3.00_29.50,1973-05-01,17.432635954301098,14.307316236559162,308.45141431798,1014.5833906586021,-0.796266986301613,0.14541102676653225
grid_m3.00_29.50,1973-06-01,17.500012388888912,11.488829222222243,9.08422469782,1015.0213347916666,-0.7814791538266668,0.4921596316767639
grid_m3.00_29.50,1973-07-01,18.00993045698927,10.123280591397872,8.90398025646,1015.1269180107528,-0.09971703674350806,0.832722612366129
grid_m3.00_29.50,1973-08-01,18.358430040322602,10.609645322580668,30.98416314416,1014.3859290994624,-0.35305927657701613,0.6235314723916666
grid_m3.00_29.50,1973-09-01,18.253483347222243,12.706965888888911,218.00470294593998,1013.6388441666667,-0.3897842411816667,-0.12544447854583332
grid_m3.00_29.50,1973-10-01,18.363880779569914,13.034479744623678,355.2086348474,1011.947657594086,-0.6458607728884409,-0.3519875102537634
grid_m3.00_29.50,1973-11-01,17.566023819444467,14.157204333333357,476.55391536717997,1013.8651024305556,-0.34236520263583337,-0.32863207967798613
grid_m3.00_29.50,1973-12-01,17.56779732526884,12.757601370967766,240.90838298702,1013.1851836021505,-0.3553113119442205,-0.44863755304247316
grid_m3.00_29.50,1974-01-01,17.208796344086043,12.921035672043034,318.80807741105997,1012.5591627688173,-0.31663162466935485,-0.3484379135150941
grid_m3.00_29.50,1974-02-01,17.992621383928594,12.775259761904785,228.04641609082,1011.156654985119,-0.4873173588113988,-0.4248411081003304
grid_m3.00_29.50,1974-03-01,17.754830349462388,14.068765927419378,355.3349964094,1011.9780234543011,-0.3403273298297043,-0.010156718457123657
grid_m3.00_29.50,1974-04-01,17.364285333333356,14.7931247777778,489.4464012083,1013.472133888889,-0.44154353826375004,-0.08377204146876528
grid_m3.00_29.50,1974-05-01,17.067088413978517,14.211871438172068,438.60769312748,1014.4841165994624,-0.4760248120361559,0.06468659606747312
grid_m3.00_29.50,1974-06-01,17.04852768055558,12.815098875000022,66.99490556206,1014.339380625,-0.25644059466708335,0.30658164468694443
grid_m3.00_29.50,1974-07-01,16.115484448924754,11.552473508064539,88.34528916998,1015.9384796370967,-0.33246058747540325,0.46617290609372314
grid_m3.00_29.50,1974-08-01,18.235853118279593,10.635135000000023,35.29477138944,1013.6503288978495,-0.18560331575577954,0.4831602367731183
grid_m3.00_29.50,1974-09-01,18.213056236111132,10.995453569444468,106.92358001696,1012.8052833333334,-0.4911711582847222,0.07179103437069444
grid_m3.00_29.50,1974-10-01,18.178060833333358,12.667036155914001,247.7684034774,1012.3393578629032,-0.4738668001796102,-0.33990557730868276
grid_m3.00_29.50,1974-11-01,17.49489613888891,13.606974666666689,463.97733707612,1013.0657566666666,-0.28276248572222223,-0.36213124704027777
grid_m3.00_29.50,1974-12-01,17.497868306451636,13.035146384408623,252.20632633408,1012.7505252688172,-0.4318607781461828,-0.42380927779193545
grid_m3.00_29.50,1975-01-01,17.470478145161312,13.327017741935506,326.16591425606,1013.3577442876343,-0.18041776768494622,-0.3075890082548387
grid_m3.00_29.50,1975-02-01,18.17382041666669,12.935602529761928,241.44792601596,1012.3905359375001,-0.35976331069166667,-0.37580213178735117
grid_m3.00_29.50,1975-03-01,17.608196693548408,14.204157190860238,559.1154108958,1012.8690900537634,-0.21554095692728498,-0.06909862677123656
grid_m3.00_29.50,1975-04-01,17.423319069444467,14.551061861111133,465.5225271348,1012.883626875,-0.7638105598888889,-0.020721532350555554
grid_m3.00_29.50,1975-05-01,17.46409780913981,13.912319422043034,283.5881712132,1013.5597053091399,-0.9152261478091398,0.010802465352822577
grid_m3.00_29.50,1975-06-01,16.941731750000024,11.367500777777801,97.35298160676,1015.3881323611112,-0.6873695154113888,0.5041579826897222
grid_m3.00_29.50,1975-07-01,16.986250537634433,11.097914018817228,145.21193376328,1014.4215253360215,-0.4043163991021237,0.4509820396795699
grid_m3.00_29.50,1975-08-01,17.678685295698948,11.125583212365614,64.70441799094,1014.0433218413978,-0.3590143468770161,0.6944590353572582
grid_m3.00_29.50,1975-09-01,17.2252092777778,12.93976480555558,413.2196912094,1013.7505129166667,-0.31441703319333336,-0.1259111824436111
grid_m3.00_29.50,1975-10-01,17.388167204301098,13.851952244623678,550.5099299805601,1013.368093548387,-0.3506305248415726,-0.21401749834650538
grid_m3.00_29.50,1975-11-01,17.441818083333356,12.567220597222246,293.6029439438,1012.5552725694445,-0.4592702591601389,-0.5679714849811112
grid_m3.00_29.50,1975-12-01,17.10822552419357,13.384913172043033,330.281972981,1012.9435289650537,-0.18152474370994623,-0.38731505173696235
grid_m3.00_29.50,1976-01-01,17.735973615591423,13.188733776881742,286.82875552406,1011.9674212365591,-0.33170412189435483,-0.31239060536271507
grid_m3.00_29.50,1976-02-01,16.946779669540255,13.75182869252876,415.5619138845,1012.0736483477011,-0.20506070961623563,-0.022329554578304593
grid_m3.00_29.50,1976-03-01,17.913332674731205,14.087290604838733,435.36663132714,1011.6041646505377,-0.2798599531450269,0.006192196683149193
grid_m3.00_29.50,1976-04-01,17.33223916666669,14.489410388888912,455.64699207194,1013.5386080555556,-0.6235854669690278,-0.009104283269583334
grid_m3.00_29.50,1976-05-01,17.217719569892495,14.379085564516151,376.44815553496,1015.1000362903226,-0.7696720240818549,0.19369156122728495
grid_m3.00_29.50,1976-06-01,16.549317708333355,11.876813750000025,97.06997848464,1015.3982056944445,-0.6448374219872222,0.2215927325076389
grid_m3.00_29.50,1976-07-01,17.04407677419357,11.12221036290325,64.76378375466,1015.8987244623655,-0.24543593056384408,0.5003839759018818
grid_m3.00_29.50,1976-08-01,17.71936793010755,11.441695443548408,84.12766449818,1014.612147110215,-0.21789589475120966,0.39286426865
grid_m3.00_29.50,1976-09-01,18.545688208333356,12.195490305555579,197.37982855814,1013.9600179861111,-0.7474529179151389,-0.13425447789583334
grid_m3.00_29.50,1976-10-01,18.335363158602174,13.308659408602175,373.19993888296,1012.587102889785,-0.5874196532188172,-0.2511504191669355
grid_m3.00_29.50,1976-11-01,17.47279001388891,13.512761708333356,421.83589925688,1012.9390769444445,-0.32525054204680554,-0.3307460569786111
grid_m3.00_29.50,1976-12-01,17.891982661290346,13.544537258064539,241.66154901624,1012.2536078629033,-0.48388346145618283,-0.47961050510577957
grid_m3.00_29.50,1977-01-01,17.870444502688194,13.967672755376368,357.65695565408,1012.9158059811828,-0.14849119211155914,-0.3606769589205645
grid_m3.00_29.50,1977-02-01,17.962075967261928,13.937636726190497,265.4263980447,1013.5425808035715,0.025038924254851193,-0.2526566641160714
grid_m3.00_29.50,1977-03-01,17.931435967741958,14.751699327957013,482.2254197688,1013.3202340053764,-0.46118741058561824,-0.11346702191323925
grid_m3.00_29.50,1977-04-01,17.917910347222247,15.295442972222245,465.95430396786,1013.4073384027778,-0.30873622883847224,0.04066229602298611
grid_m3.00_29.50,1977-05-01,17.831758924731208,14.000062365591422,266.1182884002,1014.5506135080645,-0.7647884319495968,0.08883410533225806
grid_m3.00_29.50,1977-06-01,17.535679458333355,11.8838952777778,84.90967758778,1014.7787584027778,-0.60319735182125,0.30955060112916666
grid_m3.00_29.50,1977-07-01,17.940771948924752,11.151107567204324,66.61939660494,1014.5777503360214,-0.23850367127936828,0.6520673052520162
grid_m3.00_29.50,1977-08-01,18.55846432795701,11.098880147849483,122.06864368866,1014.0639982526882,-0.7287989786297043,0.1839280749375
grid_m3.00_29.50,1977-09-01,18.91567829166669,12.526171458333357,175.82988818686,1013.4074551388888,-0.7503203976911111,-0.12248681376375
grid_m3.00_29.50,1977-10-01,18.944949274193572,12.88328485215056,240.80753301314,1013.083283266129,-0.6531208399217742,-0.2625748822698387
grid_m3.00_29.50,1977-11-01,17.584515694444466,14.57454204166669,514.48988963366,1014.1020669444445,-0.31753807917666665,-0.26833621112555556
grid_m3.00_29.50,1977-12-01,17.81031731182798,14.415639650537658,595.4480183324,1014.0705061827957,-0.2914101392486559,-0.2758988617137097
grid_m3.00_29.50,1978-01-01,18.1161510215054,13.555634973118302,244.01402433094,1014.1920942204301,0.0270178589344086,-0.3696681412401882
grid_m3.00_29.50,1978-02-01,18.38507154761907,14.655838526785736,434.49759453898,1013.8340127976192,-0.14807701110372024,-0.15361331737142855
grid_m3.00_29.50,1978-03-01,17.654005120967767,14.889758575268841,468.98818098982,1013.6903286290323,0.05806237903271505,-0.09803406841733871
grid_m3.00_29.50,1978-04-01,17.71443804166669,15.212107527777802,497.17569319368,1013.3630779166667,-0.6141132777736111,-0.06451104889430556
grid_m3.00_29.50,1978-05-01,17.878017459677444,13.801055954301098,216.05110166846,1014.7608185483871,-0.9343516638248656,0.06214121426196237
grid_m3.00_29.50,1978-06-01,17.274712847222247,11.984775500000023,60.23406994054,1015.6283418055556,-0.6050227045198612,0.3960518860929167
grid_m3.00_29.50,1978-07-01,17.613498346774218,10.682340067204324,19.75321778786,1014.6969428091397,-0.22949085386857526,0.7338059953911693
grid_m3.00_29.50,1978-08-01,18.535926236559163,10.927328279569915,64.43095163076,1014.4691456317204,-0.40744137551174725,0.4397005370837365
grid_m3.00_29.50,1978-09-01,18.717534000000022,11.465994152777803,125.34475305068,1013.5438695833333,-0.5348272102143056,-0.13073426440174998
grid_m3.00_29.50,1978-10-01,18.33238661290325,13.241865497311851,308.69960804614,1012.9549217741936,-0.5211080730431182,-0.40576676270241935
grid_m3.00_29.50,1978-11-01,17.47397581944447,14.039170958333354,412.89544129068,1014.1465052083333,-0.5274636160966667,-0.4015345470222222
grid_m3.00_29.50,1978-12-01,17.709338198924755,14.76877162634411,392.15207102446,1013.745625,-0.08075828917876345,-0.23823161714869626
grid_m3.00_29.50,1979-01-01,17.68214481182798,14.59454104838712,250.08845313324,1013.2061766801074,-0.33906374660537636,-0.2434589623983871
grid_m3.00_29.50,1979-02-01,18.07507441964288,14.810136532738118,394.140482849,1013.4288655505952,0.1402277271313988,-0.12343801795252976
grid_m3.00_29.50,1979-03-01,18.332574529569914,14.441132741935506,386.02304356846,1013.0712306451613,-0.257537001093414,-0.2974951130545699
grid_m3.00_29.50,1979-04-01,17.889576263888912,15.394136638888911,382.35354473292,1013.6642606250001,-0.37724609387791663,-0.02333863645513889
grid_m3.00_29.50,1979-05-01,17.81878221774196,14.967418118279591,305.22394179018,1015.337752419355,-0.9441953881412231,-0.014488671801881717
grid_m3.00_29.50,1979-06-01,17.346849388888913,12.426508111111133,65.02127661716,1016.2695840277777,-0.6243234631052778,0.4470917794827778
grid_m3.00_29.50,1979-07-01,18.014136411290345,10.07107926075271,9.8061561343,1016.480358064516,-0.5930294321080645,0.579327898715457
grid_m3.00_29.50,1979-08-01,19.614987244623677,10.31425475806454,11.5571022302,1013.3844692876345,-0.5699366530942205,0.46133728221822584
grid_m3.00_29.50,1979-09-01,20.769824125000024,9.011284638888913,8.63981244878,1012.8925454166666,-0.8448899162627778,0.25067522954694443
grid_m3.00_29.50,1979-10-01,19.143781854838732,12.638517002688195,315.65046405418,1013.2542477150538,-0.5175837144130376,-0.2660952545731183
grid_m3.00_29.50,1979-11-01,18.105315027777802,13.5794279027778,288.74921767092,1012.7296026388888,-0.47824857330106946,-0.5106851581844445
grid_m3.00_29.50,1979-12-01,17.908651572580666,14.04884741935486,309.02576469118003,1014.1798954301074,-0.30033872642889786,-0.2544076557481183
grid_m3.00_29.50,1980-01-01,18.406147715053788,13.952875188172065,229.6385762832,1013.6755135080645,-0.0022455238646505366,-0.14572984401994624
grid_m3.00_29.50,1980-02-01,18.31506041666669,14.591118936781633,369.49133968564,1012.4556081896551,-0.47677925808218385,-0.13332998366465518
grid_m3.00_29.50,1980-03-01,18.586933669354863,14.132139099462387,303.09605477952,1012.9143999327956,-0.44879584939690864,0.011141599616666668
grid_m3.00_29.50,1980-04-01,18.25523581944447,15.007488263888913,361.26542140533996,1013.4537055555555,-0.36892282733947224,0.0729526736675
grid_m3.00_29.50,1980-05-01,17.544053239247333,14.758031317204324,302.22105995606,1015.285166061828,-0.6745155085354839,0.22927048342392473
grid_m3.00_29.50,1980-06-01,18.098678319444467,12.091520083333357,25.40945977642,1015.87130125,-0.4171993682472222,0.4820029162315278
grid_m3.00_29.50,1980-07-01,18.223025860215074,9.787896922043034,2.62832642132,1015.5348627688172,-0.8488090262802419,0.6372620172594086
grid_m3.00_29.50,1980-08-01,19.051479986559162,9.561737540322603,22.09210401482,1014.8629948924731,-0.8047750529153226,0.5623598309714382
grid_m3.00_29.50,1980-09-01,18.746267388888914,12.253866694444467,323.9803324967,1014.211901736111,-0.40263537616481526,-0.09092650925055555
grid_m3.00_29.50,1980-10-01,18.495563897849486,12.897340725806474,296.4205739093,1013.9186281586021,-0.7235474943451612,-0.13523595963655913
grid_m3.00_29.50,1980-11-01,17.6077019027778,13.869386000000022,391.83688306458,1013.9348188194444,-0.42180319731916666,-0.31523855014527774
grid_m3.00_29.50,1980-12-01,17.990025349462385,13.816181330645183,374.37224262204,1013.5446285618281,-0.3364450192419355,-0.26340185123772714
grid_m3.00_29.50,1981-01-01,18.557713870967767,13.233650349462389,176.44929907824,1013.7001955645162,-0.3213643946026882,-0.18521852359045698
grid_m3.00_29.50,1981-02-01,18.75631281250002,13.326948586309546,163.71226289534,1012.9051087053572,-0.22806669356339285,-0.25610092680803576
grid_m3.00_29.50,1981-03-01,18.104440685483894,14.514829529569916,374.9949939086,1013.4403850806452,-0.06030962497661291,0.04250183938565861
grid_m3.00_29.50,1981-04-01,18.05196266666669,15.255125208333357,454.76913417434,1014.1006792361111,-0.4157237582019444,0.0208292438175
grid_m3.00_29.50,1981-05-01,17.663884502688195,14.53663116935486,321.58517806446,1015.0379489247313,-0.5745078666155914,0.09323164062137097
grid_m3.00_29.50,1981-06-01,17.90297016666669,12.182474666666689,56.41961027858,1015.879495,-0.5870504842365277,0.29129795488180554
grid_m3.00_29.50,1981-07-01,18.068886370967764,11.095980967741959,21.89469348354,1015.1763079973119,-0.18925272959489248,0.5730053723943549
grid_m3.00_29.50,1981-08-01,18.123070134408625,12.44357612903228,210.27326576942,1014.6610958333334,-0.2578207239627688,0.18672979317590055
grid_m3.00_29.50,1981-09-01,18.10897305555558,12.438236722222243,336.92455131972,1014.1660719444445,-0.48795229678913893,-0.09197113409763889
grid_m3.00_29.50,1981-10-01,18.163458870967766,14.016154032258088,453.22132128288,1013.6992991935483,-0.625180520282258,-0.3290681734697984
grid_m3.00_29.50,1981-11-01,18.099937013888912,13.300729972222246,319.68975002522,1013.2452598611111,-0.54939753900375,-0.44876022352177775
grid_m3.00_29.50,1981-12-01,18.173054583333354,13.913094099462388,278.6707878124,1013.8218657930107,-0.48622188087217744,-0.2539109871966398
grid_m3.00_29.50,1982-01-01,18.36890737903228,13.615286317204324,280.08842478281997,1013.019250201613,-0.1894631952254032,-0.26619583100026883
grid_m3.00_29.50,1982-02-01,18.54205535714288,13.820820446428595,305.50098307976,1012.7120768601189,-0.08562255360952381,-0.1690606836922619
grid_m3.00_29.50,1982-03-01,18.666021357526905,14.18029423387099,346.83251296746,1012.6701647177418,-0.6025426031077957,-0.037511306653360214
grid_m3.00_29.50,1982-04-01,17.9646971527778,15.142640125000023,471.43125541128,1013.9492884027778,-0.5368787774329167,-0.03585342802191389
grid_m3.00_29.50,1982-05-01,17.794455215053787,14.798168454301099,314.7981163876,1014.8718641129032,-0.7994119171725806,0.04935217425800538
grid_m3.00_29.50,1982-06-01,17.865423111111134,12.236555486111135,43.52450381886,1016.1622858333334,-0.84959703463625,0.2522247728976389
grid_m3.00_29.50,1982-07-01,17.93507557795701,10.195848185483893,8.82029529638,1015.4954712365592,-0.6266937256741263,0.5864107258274194
grid_m3.00_29.50,1982-08-01,19.038279180107548,10.314324422043034,23.637771400520002,1014.7976277553763,-0.5975943744453898,0.5027091318869623
grid_m3.00_29.50,1982-09-01,19.601773597222245,11.962418416666688,147.03035253786,1013.9507499305556,-0.7565012419835416,0.03677775067180556
grid_m3.00_29.50,1982-10-01,17.92516150537637,13.511624502688194,480.63111191936,1013.6138870967742,-0.607412994954301,-0.24718174896263442
grid_m3.00_29.50,1982-11-01,17.82195144444447,14.338201500000023,482.19060874432,1013.9647524305557,-0.27643884117958334,-0.04086668111348611
grid_m3.00_29.50,1982-12-01,18.31108473118282,14.43591043010755,318.65501493678,1014.074092876344,-0.14986931415403226,-0.3224373063280914
grid_m3.00_29.50,1983-01-01,18.687112916666692,14.385361841397872,276.51691613952,1014.6430712365591,-0.12132596796639784,-0.3854945196122312
grid_m3.00_29.50,1983-02-01,19.411945922619072,14.707465223214307,247.91479141384,1013.8101958333334,-0.17123247312470238,-0.20710518286175594
grid_m3.00_29.50,1983-03-01,19.23288748655916,15.485628790322602,335.29472379572,1013.8055067876345,-0.5162337116579301,-0.009187184721639785
grid_m3.00_29.50,1983-04-01,18.575358083333356,15.533382875000022,407.93537998338,1014.2152802083334,-0.76059871203125,0.09866917989113888
grid_m3.00_29.50,1983-05-01,18.63039286290325,14.557074502688193,178.39217257268,1014.1824331989249,-1.1306933955255376,0.08945472564247312
grid_m3.00_29.50,1983-06-01,18.49773376388891,12.692547500000023,73.80652460946,1015.1379522916667,-0.7052650033708333,0.37771100085041664
grid_m3.00_29.50,1983-07-01,17.99847251344088,11.759828373655935,64.7053720481,1015.2468344086021,-0.6324933782724462,0.43015962697440857
grid_m3.00_29.50,1983-08-01,18.154399623655937,12.868022620967764,166.7051320322,1015.795622983871,-0.1600428769685484,0.36806303435672044
grid_m3.00_29.50,1983-09-01,19.139719333333357,11.872467361111132,77.53419873916,1013.9749053472223,-0.47676510195801386,0.14561924357819445
grid_m3.00_29.50,1983-10-01,17.728373266129054,13.833084032258087,419.4741260838,1014.2886188844086,-0.4211772991917742,-0.2908367851083871
grid_m3.00_29.50,1983-11-01,17.944899708333356,13.765910000000023,431.04219415932,1015.0342221527777,-0.385911616955,-0.38841840861805554
grid_m3.00_29.50,1983-12-01,17.73143931451615,13.480846008064537,356.5189850028,1014.437405107527,-0.09256540640712366,-0.2742023670723118
grid_m3.00_29.50,1984-01-01,17.580836948924755,13.34787797043013,288.23304128046,1013.3572843413979,0.2876848258142473,-0.20670700701676076
grid_m3.00_29.50,1984-02-01,18.52609725574715,13.263758951149446,299.33214038074,1011.7906806752873,-0.09544635650876436,-0.13310123415158048
grid_m3.00_29.50,1984-03-01,18.023276129032283,13.789095013440885,327.21829420156,1012.432264045699,-0.7579190659288978,-0.07565121039454302
grid_m3.00_29.50,1984-04-01,17.72048755555558,14.377167430555579,418.41721627512,1013.5595572916666,-0.7816632382066667,0.15381232373695833
grid_m3.00_29.50,1984-05-01,17.883296948924755,12.256573897849485,102.92959235076,1013.4959128360215,-1.212974937310484,0.3017664285423387
grid_m3.00_29.50,1984-06-01,17.9444301527778,9.956553138888912,7.51042365836,1015.2727697916666,-1.0807864085674583,0.5306200566619445
grid_m3.00_29.50,1984-07-01,17.77136735215056,11.298798776881743,95.57509431604,1014.8480391801074,-0.562984671574328,0.5897780801044356
grid_m3.00_29.50,1984-08-01,18.24576974462368,11.674464583333357,175.76265420438,1014.7422776881721,-0.43846196059852155,0.5274382558014785
grid_m3.00_29.50,1984-09-01,18.6809360277778,11.684136208333355,173.95400978302,1013.113393263889,-0.5831749826158333,-0.08448361303611111
grid_m3.00_29.50,1984-10-01,18.075406975806473,13.737053172043034,416.36586035876,1013.7344317204302,-0.652263846452957,-0.4162942213772581
grid_m3.00_29.50,1984-11-01,17.289305972222245,14.207387333333356,540.05742253176,1013.9729094444444,-0.391101964852125,-0.26841937116000003
grid_m3.00_29.50,1984-12-01,17.859857540322604,13.699398024193572,325.33144951148,1012.6210036290323,-0.24347795495551075,-0.4252256376938172
grid_m3.00_29.50,1985-01-01,18.16322791666669,13.582267190860238,274.84154622566,1012.4167963037634,-0.40429471823259405,-0.32936018174181453
grid_m3.00_29.50,1985-02-01,17.58776642857145,13.908169866071452,393.26906083316,1013.2758442708333,0.6131657882310565,0.1027224860483631
grid_m3.00_29.50,1985-03-01,18.304942163978517,14.57086236559142,417.84763381894,1012.589443951613,-0.4207365592331532,-0.05722363851438172
grid_m3.00_29.50,1985-04-01,17.640699222222246,15.300353875000022,535.18104583958,1013.8008765972222,-0.43464120760652775,-0.0848725209835
grid_m3.00_29.50,1985-05-01,17.815127567204325,14.300548588709702,249.8788833595,1014.5355177419356,-0.8230445402001344,0.14498960816465054
grid_m3.00_29.50,1985-06-01,17.538583500000023,12.015822138888911,47.03283287716,1016.2199220138888,-0.5184683272919445,0.44154936356152774
grid_m3.00_29.50,1985-07-01,17.081756935483895,10.692148118279592,65.63878087362,1015.7253038306451,-0.5150325239005377,0.5418651531829786
grid_m3.00_29.50,1985-08-01,18.235936276881745,10.564473400537656,12.905597715719999,1015.1877331317204,-0.7248965433909947,0.5947521159018817
grid_m3.00_29.50,1985-09-01,18.16267937500002,12.560275388888911,266.17741541758,1013.6774011111112,-0.4512672418089861,-0.008267446338888889
grid_m3.00_29.50,1985-10-01,18.28624534946239,13.310641465053788,362.79630663978,1013.2492898521505,-0.6318950048393374,-0.38112133767889783
grid_m3.00_29.50,1985-11-01,17.740817083333358,14.230283638888912,426.69129297586,1013.9101518055555,-0.4798038409990278,-0.30379240266277774
grid_m3.00_29.50,1985-12-01,17.962304556451638,14.138136559139808,236.38963714526,1013.2508478494624,-0.33158392475975806,-0.39534770644099465
grid_m3.00_29.50,1986-01-01,17.993737768817226,14.403523293010775,422.28865673232,1013.9355447580646,0.014051087898790322,-0.09044878962790323
grid_m3.00_29.50,1986-02-01,18.12306279761907,13.79896254464288,273.6043933776,1012.7965313988095,-0.23754324334404764,-0.1257967040342262
grid_m3.00_29.50,1986-03-01,17.95490303763443,13.97575974462368,371.21391203252,1012.9755219758065,-0.43690987011583465,-0.05097401624811828
grid_m3.00_29.50,1986-04-01,17.9502659027778,15.355035583333358,499.1154677722,1013.6088012499999,-0.6031009882666667,-0.028157297875694445
grid_m3.00_29.50,1986-05-01,17.850740860215076,14.853827500000023,276.48782831164,1015.1056473790322,-0.8099300714395161,0.020940410905376343
grid_m3.00_29.50,1986-06-01,17.622202888888914,12.571657291666689,67.04068212312,1015.4581184722223,-0.48309508439652776,0.5053277369281944
grid_m3.00_29.50,1986-07-01,17.729937580645185,10.625075228494646,22.33123759318,1016.4966999327957,-0.38480805730228496,0.699428619436828
grid_m3.00_29.50,1986-08-01,19.288253965053787,10.566378198924752,36.8380548854,1014.0625093413978,-0.6487792017230376,0.48879408193435486
grid_m3.00_29.50,1986-09-01,19.053765597222245,12.443981930555578,243.92151834988,1014.5730077777778,-0.43466752337938885,0.10366149405222222
grid_m3.00_29.50,1986-10-01,18.684618185483895,13.97897044354841,508.87727740484,1014.0696854166666,-0.2631719038561828,-0.29178752720766127
grid_m3.00_29.50,1986-11-01,17.657532347222247,14.4382877777778,472.18036715546,1013.6249666666668,-0.5654678648041667,-0.2782642155995833
grid_m3.00_29.50,1986-12-01,18.06725616935486,14.690617715053786,493.54362425392,1014.3619985215054,-0.10426486397564515,-0.25613093613257126
grid_m3.00_29.50,1987-01-01,18.14297801075271,14.620213817204323,329.66280092054,1014.8157635752689,0.09134007492016129,-0.17652663377903224
grid_m3.00_29.50,1987-02-01,19.16851342261907,15.217704672619071,418.3301940813,1014.1745756696428,-0.12757067542604167,-0.12202074327960714
grid_m3.00_29.50,1987-03-01,18.940567163978518,15.536427661290347,401.43227538736,1012.9000409274195,-0.24955962935962364,-0.06226320116787635
grid_m3.00_29.50,1987-04-01,18.630531013888913,15.751041944444465,440.5817985875,1014.5258605555555,-0.5029935197152222,-0.04784910399926389
grid_m3.00_29.50,1987-05-01,18.38776904569895,15.428181424731203,330.00969877624,1014.9166456989246,-0.8291913519858871,0.09481784954784947
grid_m3.00_29.50,1987-06-01,18.03169145833336,13.690786958333357,120.80812397714,1016.6044553472223,-0.36643108717961115,0.41935073084444446
grid_m3.00_29.50,1987-07-01,19.04159184139787,11.708708521505399,16.81613903208,1014.7010375672044,-0.5812296110700269,0.343782815375
grid_m3.00_29.50,1987-08-01,19.037284005376364,12.26516494623658,125.19168798826,1014.7118509408602,-0.7216588498193549,0.26476773925080643
grid_m3.00_29.50,1987-09-01,19.154505472222244,13.954440833333354,392.97389936176,1014.2912252777778,-0.3746820453786111,-0.16364076471050001
grid_m3.00_29.50,1987-10-01,18.976429892473142,14.620930282258087,382.52449075912,1013.7445817204301,-0.5466246033403226,-0.19822452886935482
grid_m3.00_29.50,1987-11-01,18.364059013888912,14.666155791666691,384.99736810386,1014.2927755555555,-0.39370619360777775,-0.34203811100669723
grid_m3.00_29.50,1987-12-01,19.36199668010755,14.063347782258086,207.9463017553,1014.1457994623655,-0.4570812317768817,-0.4889423408148588
grid_m3.00_29.50,1988-01-01,18.489947338709698,14.645171236559163,353.37734153338,1013.7918271505376,-0.09457369016432797,-0.284935264443414
grid_m3.00_29.50,1988-02-01,19.026092083333356,14.901389195402322,229.50601618328,1012.4539632902299,-0.5336305927316092,-0.26989430400517245
grid_m3.00_29.50,1988-03-01,18.795340645161314,15.130151827957011,509.86456818066,1014.0012842069892,-0.13479297737795698,-0.06974058331814516
grid_m3.00_29.50,1988-04-01,18.345907611111134,15.726285305555578,450.49953336748,1013.7136810416666,-0.6657716484894445,-0.07517166112619444
grid_m3.00_29.50,1988-05-01,18.534402150537655,14.50639751344088,148.94390140522,1015.2461618279569,-0.9135179614783199,0.23783726839321237
grid_m3.00_29.50,1988-06-01,18.34375188888891,12.062997000000024,16.91174509164,1015.2892241666666,-1.1120923366534723,0.2548284319783333
grid_m3.00_29.50,1988-07-01,18.42268100806454,12.229071424731208,72.74675398638,1015.3093309811828,-0.3376787863006048,0.6330657056633064
grid_m3.00_29.50,1988-08-01,18.408673239247335,12.69305850806454,101.33266436682,1014.4822674731183,-0.5114253460483871,0.20236593574556452
grid_m3.00_29.50,1988-09-01,18.598713958333356,13.036055319444467,254.5099265606,1013.4352804861111,-0.5990303345754583,-0.15667218091666665
grid_m3.00_29.50,1988-10-01,18.382324448924752,14.472892741935507,406.5036777943,1013.2157297715054,-0.4758497873827957,-0.4054245896478495
grid_m3.00_29.50,1988-11-01,18.15750906944447,14.593656388888911,376.19328402024,1014.3073470833333,-0.4460695678490278,-0.3394106990965278
grid_m3.00_29.50,1988-12-01,17.69962047043013,13.791217163978517,352.10728560502,1013.1396387096773,-0.5474393918006183,-0.4306267356733871
grid_m3.00_29.50,1989-01-01,17.709241895161313,13.449696975806475,237.30826424366,1013.5311382392474,0.6230924258004032,-0.11831498880885753
grid_m3.00_29.50,1989-02-01,18.186879821428594,13.340465684523833,212.98789988214,1013.8966700892857,0.08030364620038691,-0.5684112602400297
grid_m3.00_29.50,1989-03-01,17.99769716397852,14.324750080645183,390.47193572166,1012.680171438172,-0.0544129645344086,-0.03422806932647849
grid_m3.00_29.50,1989-04-01,18.09676943055558,15.217329208333355,386.02495176468,1013.7388660416667,-0.5857308070120834,0.04634111123881945
grid_m3.00_29.50,1989-05-01,17.705955631720453,14.530767500000023,255.00822120138,1015.7322993951612,-0.8481596878185484,0.13596833241596773
grid_m3.00_29.50,1989-06-01,17.728782875000025,12.313952277777801,51.62477497052,1016.2463420833333,-0.8008209438590279,0.3865107212305556
grid_m3.00_29.50,1989-07-01,17.56046729838712,11.669414905914001,62.80040739318,1016.3542388440861,-0.30536708994892475,0.6480763946114247
grid_m3.00_29.50,1989-08-01,18.431643400537656,11.78970788978497,71.35939509262,1014.8869718413979,-0.3781269245258871,0.3784410215325134
grid_m3.00_29.50,1989-09-01,18.610331986111134,13.231878388888912,344.99001334764,1013.3694757638889,-0.7082835306349305,-0.2171337337661111
grid_m3.00_29.50,1989-10-01,18.225916357526906,14.088441518817229,404.78778006126,1014.0034800403226,-0.44438973274233873,-0.39352818926626343
grid_m3.00_29.50,1989-11-01,18.395450833333356,14.720372513888911,352.05507315574,1013.6431302777778,-0.6313873725451389,-0.40949293804375
grid_m3.00_29.50,1989-12-01,18.13366157258067,15.106817849462388,330.98196870678,1014.1199959677419,-0.2579687804373656,-0.28795738695833334
grid_m3.00_29.50,1990-01-01,18.651040685483892,14.101431559139806,317.87061671804,1013.4742118951614,-0.44259021317513436,-0.5213807824274194
grid_m3.00_29.50,1990-02-01,18.41823494047621,14.904550163690498,278.77712300542,1014.0965087053571,0.0019881379516369017,-0.06158917381354166
grid_m3.00_29.50,1990-03-01,18.280632231182818,15.360996236559162,453.47905283116,1014.9335138440861,-0.34797170099610214,-0.14637852730026882
grid_m3.00_29.50,1990-04-01,18.77797679166669,15.743934833333357,366.2762637514,1013.7224173611111,-0.3137142177041667,-0.029607158438333336
grid_m3.00_29.50,1990-05-01,18.467442647849484,14.755218884408627,258.38279764724,1014.8179290994624,-0.7958677560493279,0.08459843362365592
grid_m3.00_29.50,1990-06-01,18.657599958333357,11.845717208333356,3.9582252355,1015.9417381944444,-0.7511667461013889,0.30528195501875
grid_m3.00_29.50,1990-07-01,18.50701228494626,10.064475591397873,9.94873046624,1015.5442436827957,-0.4798295825768548,0.7189420532572581
grid_m3.00_29.50,1990-08-01,19.229201263440885,11.777272836021528,54.46433978154,1015.7240399193549,-0.4686654833460753,0.6741874254469086
grid_m3.00_29.50,1990-09-01,18.58824041666669,13.167580347222245,304.99792039214,1014.5694938888888,-0.5795406978475,-0.0053905106801388925
grid_m3.00_29.50,1990-10-01,18.62182125000002,13.605144744623678,353.93404949502,1013.7103875672044,-0.5601041175822581,-0.36302076383346776
grid_m3.00_29.50,1990-11-01,18.1122046527778,14.699205944444467,445.79100437356,1013.76106375,-0.7101075069270834,-0.36349527502930556
grid_m3.00_29.50,1990-12-01,18.050499180107547,14.342419758064539,337.70894992958,1013.7123735215054,-0.36791869088985213,-0.3795531075944893
grid_m3.00_29.50,1991-01-01,18.619113965053785,14.628165672043034,246.27590219636,1014.0665584005377,-0.28971491729475807,-0.25454798049422045
grid_m3.00_29.50,1991-02-01,18.973093973214308,14.26647799107145,189.05997292718,1013.7835464285714,-0.19782447812901785,-0.3638856526142857
grid_m3.00_29.50,1991-03-01,18.827128938172066,14.917655349462388,319.15473965112,1012.9139626344087,-0.42659396471215055,-0.20442614064932793
grid_m3.00_29.50,1991-04-01,18.19013263888891,15.497084972222247,435.6575016951,1014.0542718749999,-0.5187107502743333,-0.05022557603805555
grid_m3.00_29.50,1991-05-01,18.046329704301098,15.80848739247314,415.75193385476,1014.8949436155914,-0.7257883008208333,-0.01483453722204301
grid_m3.00_29.50,1991-06-01,18.4063111527778,14.100517458333359,167.81616230368,1015.5057479861111,-0.32969597980812504,0.24850032196847222
grid_m3.00_29.50,1991-07-01,17.445489327957013,12.357201236559161,81.85386620524,1016.6776477822581,-0.38822664304422044,0.4425732313307796
grid_m3.00_29.50,1991-08-01,18.259842688172064,12.133897419354863,68.16220282264,1015.7712212365591,-0.36232657501317206,0.27546150394287633
grid_m3.00_29.50,1991-09-01,19.15868519444447,12.4374109027778,151.68380732984,1014.3703475000001,-0.5876865806580556,-0.04257358902430555
grid_m3.00_29.50,1991-10-01,17.43071625000002,13.988900645161312,460.05129914882,1014.1005885080646,-0.2885370561705645,-0.3324617359771505
grid_m3.00_29.50,1991-11-01,17.71355333333336,13.901549222222245,277.38308833956,1014.0981647916667,-0.6513177014834722,-0.49478094282770835
grid_m3.00_29.50,1991-12-01,17.946494408602174,14.319708266129055,286.37766794346,1014.1592469758066,-0.17627369465969087,-0.3069563405362903
grid_m3.00_29.50,1992-01-01,18.48322467741938,14.263944973118303,258.70084841926,1014.0009682123656,-0.3797419564647849,-0.33714072986612903
grid_m3.00_29.50,1992-02-01,18.419213031609214,14.38112114942531,385.90574192204,1014.5203226293103,0.06328383203663793,-0.27112805171234194
grid_m3.00_29.50,1992-03-01,19.001198870967766,14.421085577957012,265.21563523408,1013.1356115591398,-0.5035495764966398,-0.17196628636303762
grid_m3.00_29.50,1992-04-01,18.5021567777778,15.65017329166669,419.97480344692,1013.9210529166667,-0.5934596382088055,-0.040947404583055555
grid_m3.00_29.50,1992-05-01,18.112240120967762,14.384371048387118,217.92173411604,1014.7253268145162,-0.8432607973386156,-0.0757885055701613
grid_m3.00_29.50,1992-06-01,17.756222944444467,13.575816097222244,186.72418619345999,1015.6348379166667,-0.4753891425543056,0.20332580340347223
grid_m3.00_29.50,1992-07-01,17.472556881720454,11.014187137096796,23.66304396686,1016.3542558467742,-0.3558480086231183,0.5585556639153898
grid_m3.00_29.50,1992-08-01,18.653919435483893,10.482655107526904,17.52614985876,1015.7850506720431,-0.35562037399233876,0.7252186187499731
grid_m3.00_29.50,1992-09-01,19.275278972222242,11.858857097222245,88.5498521896,1013.3625221527778,-0.5571863394964167,0.03977400372916667
grid_m3.00_29.50,1992-10-01,18.314007432795723,13.562397594086043,515.13624110038,1013.8839418010753,-0.33932404776827957,-0.31364344364784946
grid_m3.00_29.50,1992-11-01,17.43146205555558,13.808602125000023,427.00147594874,1013.7767492361111,-0.37090128794000005,-0.39648486261166666
grid_m3.00_29.50,1992-12-01,17.539976397849486,14.161849596774216,272.82619542556,1014.1137737231184,-0.4739064041936828,-0.3954389431800806
grid_m3.00_29.50,1993-01-01,17.80315787634411,13.857985241935506,208.00542981628,1014.4076913978494,-0.1661250415829301,-0.3286327857483333
grid_m3.00_29.50,1993-02-01,17.886439017857167,14.494735595238117,332.41820392864,1013.9509609375001,-0.09194314616636905,-0.10145021667450893
grid_m3.00_29.50,1993-03-01,18.20840173387099,13.822685094086044,306.70571213684,1013.9772066532257,-0.41651297121729297,-0.18409060443938174
grid_m3.00_29.50,1993-04-01,18.17021979166669,15.001711277777801,413.6416905869,1013.717624375,-0.8457999133155555,-0.02273502331375
grid_m3.00_29.50,1993-05-01,18.207901922043035,14.821973978494647,302.4544714418,1014.475189986559,-0.8247758799784947,0.03082953701236559
grid_m3.00_29.50,1993-06-01,17.93274279166669,13.076313666666687,138.30184922308,1016.1057048611111,-0.5033855226663888,0.325382042854375
grid_m3.00_29.50,1993-07-01,18.44899245967744,10.403489327957011,1.12819671472,1015.8674786290323,-0.480419547897043,0.8375849775786289
grid_m3.00_29.50,1993-08-01,18.465711975806474,11.816255873655935,88.86814122162,1015.6591356182796,-0.46970303824946236,0.3600279300255376
grid_m3.00_29.50,1993-09-01,19.812495833333355,10.668849305555579,46.8020443304,1013.676946875,-0.6612874362261111,0.30339647703833333
grid_m3.00_29.50,1993-10-01,19.62805654569895,12.733163319892498,188.09199307922,1013.3113801075269,-0.5409125876709677,-0.17405610361465054
grid_m3.00_29.50,1993-11-01,18.244691458333357,14.251123194444467,419.4254882102,1013.0575075,-0.482023706045,-0.4183891606484445
grid_m3.00_29.50,1993-12-01,18.344355322580668,13.794319166666687,250.66328122382,1013.3631157930108,-0.6835385010352151,-0.6252143415098118
grid_m3.00_29.50,1994-01-01,18.556360161290346,13.926125389784968,287.23788147746,1012.8934803091398,-0.1124368479022043,-0.3146600826932258
grid_m3.00_29.50,1994-02-01,18.462275074404783,13.954921116071452,251.95121746146,1013.755276860119,0.44731912098035714,-0.15219063998254465
grid_m3.00_29.50,1994-03-01,18.351218064516154,14.959050000000023,471.16708770496,1013.9134108198924,-0.3603324610294355,-0.16047334099616933
grid_m3.00_29.50,1994-04-01,18.026592736111134,14.839899291666688,391.37506465219997,1013.7193261805555,-0.9228136694458333,-0.06279934700333334
grid_m3.00_29.50,1994-05-01,18.02911681451615,14.544118131720454,267.8141584904,1015.2476834005377,-0.9783113031318549,0.017019231240591397
grid_m3.00_29.50,1994-06-01,17.96647016666669,12.611805458333356,67.93785036758,1015.27054125,-0.44877096693583335,0.44217569330944445
grid_m3.00_29.50,1994-07-01,17.637140712365614,10.991863575268841,12.81976700796,1015.7751844086022,-0.6554997547776882,0.5421064854364247
grid_m3.00_29.50,1994-08-01,18.7470825403226,10.812175403225828,29.06322507398,1014.6316570564516,-0.5418611951744624,0.4438177345018817
grid_m3.00_29.50,1994-09-01,19.765089347222247,12.405752000000023,129.34947058386,1013.9181340972222,-0.650710322282361,0.07633088535541667
grid_m3.00_29.50,1994-10-01,17.77789869623658,14.04672104838712,414.67571259685997,1013.5702032258065,-0.5018844194741936,-0.3682327075842742
grid_m3.00_29.50,1994-11-01,17.891827222222243,14.691364500000022,466.2764080171,1014.0487940972223,-0.35634242288116663,-0.35239876645319446
grid_m3.00_29.50,1994-12-01,18.22422604838712,14.692555040322604,345.76654423604,1014.4845233870968,-0.5094603668533602,-0.309247048155496
grid_m3.00_29.50,1995-01-01,18.574375174731205,14.391835430107548,361.76323826134,1014.4066372983872,0.03857920483951613,-0.22960363466626346
grid_m3.00_29.50,1995-02-01,18.607567648809546,13.959030833333356,242.79975928016,1014.3323811011905,0.09476809122357144,-0.11093080688407737
grid_m3.00_29.50,1995-03-01,18.54996540322583,14.720788629032281,337.13292838876,1013.5529792338709,-0.5493539583270162,-0.03382256197462366
grid_m3.00_29.50,1995-04-01,18.170006972222247,15.1912731527778,427.01005990414,1013.0778669444445,-0.9127419770333333,-0.011848746836111115
grid_m3.00_29.50,1995-05-01,18.12899552419357,14.54407284946239,245.75185759052,1014.8398402553763,-0.9602960930971775,0.03285885259522849
grid_m3.00_29.50,1995-06-01,18.25028016666669,13.313574611111132,136.1424922314,1015.1375586805557,-0.3328610319352778,0.3157173154997222
grid_m3.00_29.50,1995-07-01,18.369612473118302,11.057035887096799,5.04946708366,1014.3361865591398,-0.4531584715451479,0.669681960893414
grid_m3.00_29.50,1995-08-01,19.482908655914002,9.726695833333356,8.5844993238,1014.2512485215053,-0.8546565684100808,0.6020652403919355
grid_m3.00_29.50,1995-09-01,19.35695406944447,11.835285722222245,125.71382518692,1014.2581806944444,-0.5105716908081944,0.07943011266591668
grid_m3.00_29.50,1995-10-01,18.278177459677444,13.978148198924755,360.7232578642,1013.150434341398,-0.4057687126159274,-0.44143941445228496
grid_m3.00_29.50,1995-11-01,18.358702694444467,14.028203416666688,399.66726399192,1013.5555280555556,-0.4440326059840278,-0.3933166066058333
grid_m3.00_29.50,1995-12-01,18.261380712365614,13.14320668010755,177.2379865115,1014.079478561828,-0.4703432718521505,-0.49829379281182795
grid_m3.00_29.50,1996-01-01,18.29781486559142,13.90207861559142,244.99225730967999,1012.680169422043,-0.25437939359905914,-0.29744775836844084
grid_m3.00_29.50,1996-02-01,18.345256393678184,14.17019643678163,356.4338677211,1012.4667099856323,-0.1363953337098276,-0.31208816575057474
grid_m3.00_29.50,1996-03-01,18.286820188172065,15.239708857526903,502.07304919925997,1012.7103779569892,-0.4201459333539651,-0.176447182156586
grid_m3.00_29.50,1996-04-01,18.068925958333356,14.705469486111133,246.7861176934,1013.7077284027777,-0.8720543123479166,0.061880429655
grid_m3.00_29.50,1996-05-01,18.177115134408623,13.596378790322602,142.61674852433998,1014.44516922043,-1.191480389391129,0.1573066738454301
grid_m3.00_29.50,1996-06-01,17.95782641666669,12.231201930555578,42.007923222580004,1015.4096167361112,-0.2862327362052778,0.610204059869861
grid_m3.00_29.50,1996-07-01,17.723810913978518,11.46618291666669,47.63174027698,1015.903451545699,-0.1005973811587769,0.5949577198907258
grid_m3.00_29.50,1996-08-01,18.652285107526907,10.436526935483894,123.34251411084,1014.5783973790323,-0.08425923813575269,0.4178847464975807
grid_m3.00_29.50,1996-09-01,18.557273402777803,12.339022138888911,194.07463180896,1013.4801493750001,-0.4393977484404166,-0.0924015897257361
grid_m3.00_29.50,1996-10-01,18.069997889784972,13.370155725806475,318.33410277002,1013.6456172043012,-0.37720756124551075,-0.2762787322616935
grid_m3.00_29.50,1996-11-01,17.804675000000024,13.628848250000022,345.03197655854,1012.9884638194444,-0.4179171873347222,-0.6427801126870833
grid_m3.00_29.50,1996-12-01,18.535313857526905,13.338087768817227,245.4137817037,1013.4889033602151,-0.3890183362424731,-0.45017824850994625
grid_m3.00_29.50,1997-01-01,18.502424865591422,13.633652029569916,260.33949736486,1013.3028534946236,-0.04927405449771505,-0.45510759788830646
grid_m3.00_29.50,1997-02-01,18.65042290178574,12.93219354166669,191.603422148,1013.5893220238095,0.28739118678244047,-0.40890126074315475
grid_m3.00_29.50,1997-03-01,18.588029905914002,14.39013797043013,358.92105074646,1012.7124661290322,-0.6841821569305108,-0.09673426223185483
grid_m3.00_29.50,1997-04-01,17.563862875000023,14.927413986111134,426.62286736098,1014.7836176388889,-0.3646279019545834,-0.09105326416222223
grid_m3.00_29.50,1997-05-01,17.930974489247337,14.185495645161312,288.73491252006,1015.9712752688172,-0.815384276294758,-0.029709886624551075
grid_m3.00_29.50,1997-06-01,18.078137736111135,12.328963902777799,53.944349807260004,1015.1572499305556,-0.8814820608479167,0.23895553894689864
grid_m3.00_29.50,1997-07-01,17.952453655914,11.037360658602173,34.65652455406,1016.509015389785,-0.6327359392866936,0.5714499003737903
grid_m3.00_29.50,1997-08-01,19.60051038978497,10.119640645161313,6.77824017434,1015.4883723790322,-0.45836151376711026,0.41515030450020163
grid_m3.00_29.50,1997-09-01,21.85184004166669,8.110589194444467,9.23156742972,1013.0262678472221,-0.9833860834619444,0.039095053329166664
grid_m3.00_29.50,1997-10-01,19.17647856182798,12.903454583333355,405.16352622908,1013.8787494623656,-0.7924868474010618,-0.3386820311150538
grid_m3.00_29.50,1997-11-01,18.082271861111135,15.129085861111134,569.39315773542,1014.148799375,-0.2199629243947222,-0.3845431005893055
grid_m3.00_29.50,1997-12-01,17.774158306451636,15.127153790322604,501.02758448716,1015.0939430107526,-0.10486705391814516,-0.21374790571115593
grid_m3.00_29.50,1998-01-01,18.76545725806454,15.675585013440884,445.5010891232,1014.3174267473119,-0.2016242243339113,-0.27585267560349463
grid_m3.00_29.50,1998-02-01,19.118966636904783,15.64288428571431,410.30264045256,1015.7225720982143,0.2526991943778274,-0.2303127099
grid_m3.00_29.50,1998-03-01,19.446945215053784,15.918873360215075,302.53839433854,1013.8557793682795,-0.5144423008452957,-0.3222109472095699
grid_m3.00_29.50,1998-04-01,19.15975591666669,16.093570333333357,364.30025150238,1014.6144738888888,-0.7345567991804166,-0.012629255059305556
grid_m3.00_29.50,1998-05-01,18.85493994623658,15.086478830645184,230.1788342113,1015.7575698252688,-0.5061353876344086,0.08407775255032258
grid_m3.00_29.50,1998-06-01,18.36077606944447,12.255022472222246,57.57284185928,1016.6538054861111,-0.5308518097060139,0.2986268453825
grid_m3.00_29.50,1998-07-01,18.802057110215074,10.526220618279593,11.67869572096,1015.7156877016129,-0.27454294976394894,0.7266529252389785
grid_m3.00_29.50,1998-08-01,19.32287731182798,11.010879018817226,59.25178506572,1014.4684596774193,-0.34930550259932797,0.4542576785199731
grid_m3.00_29.50,1998-09-01,19.520455083333356,11.440028416666689,56.303024212240004,1013.7825398611112,-0.8007949835425,-0.01183683754166667
grid_m3.00_29.50,1998-10-01,19.147559905914,12.479384247311852,202.05164032428002,1013.7441551075268,-0.4704795249358871,-0.18935564527056453
grid_m3.00_29.50,1998-11-01,18.95762212500002,12.9861210277778,205.94692192418,1012.8759236805555,-0.8228060826511416,-0.46966188373819445
grid_m3.00_29.50,1998-12-01,18.46911665322583,12.537759448924753,153.1629558648,1013.4054655913978,-0.5005076211840054,-0.5534271738798386
grid_m3.00_29.50,1999-01-01,18.42252547043013,13.34566482526884,282.73868484944,1012.6017123655914,-0.40774092828241937,-0.46629040116927417
grid_m3.00_29.50,1999-02-01,19.75930354166669,11.862250580357166,99.87282720152,1011.7940904761904,-0.6610731340429911,-0.381054197809375
grid_m3.00_29.50,1999-03-01,17.99663662634411,14.27378735215056,394.97852188022,1012.2645598790323,-0.1579595991950269,-0.13354256324260752
grid_m3.00_29.50,1999-04-01,17.750394750000023,14.141435736111134,251.94930999414,1014.3794390277778,-0.9883789066288888,0.017738370008430558
grid_m3.00_29.50,1999-05-01,17.81326298387099,12.581162258064541,144.0157884548,1014.8290295026882,-1.1621301710383065,0.100710243941707
grid_m3.00_29.50,1999-06-01,17.923614375000025,10.217605444444468,11.61146164268,1014.957278125,-0.964925362271693,0.42898837087486114
grid_m3.00_29.50,1999-07-01,17.99446744623658,9.184066491935507,3.2224655239,1015.7312612903225,-0.6717130385685484,0.6450553185803092
grid_m3.00_29.50,1999-08-01,17.90050612903228,11.736058064516152,148.59485575928,1015.4757772849462,-0.5450527651469086,0.3126048213995968
grid_m3.00_29.50,1999-09-01,18.489922305555577,11.150906263888912,110.42189547548,1013.24418,-0.7570164796784722,-0.057836404675972224
grid_m3.00_29.50,1999-10-01,18.847658911290345,11.60985662634411,175.13656561896,1013.0815313844085,-0.5776115331008065,-0.22155603755981182
grid_m3.00_29.50,1999-11-01,17.69456794444447,13.255586861111134,321.15721756322,1013.5549224305555,-0.5508070573241528,-0.5340650574168528
grid_m3.00_29.50,1999-12-01,17.618355174731203,13.750517473118302,324.87487751584,1013.6994852150538,-0.6361754642501344,-0.38497344425235214
grid_m3.00_29.50,2000-01-01,18.694878884408624,12.684932674731206,193.05849028634,1011.8435517473118,-0.32912160914381716,-0.47431564413776883
grid_m3.00_29.50,2000-02-01,18.84356268678163,12.393008548850597,174.99899859166,1013.0055314655173,-0.16848814033735632,-0.4694582183359627
grid_m3.00_29.50,2000-03-01,18.07355731182798,13.999883696236584,407.1488390152,1012.64893172043,-0.4387299114251344,-0.04217711752642473
grid_m3.00_29.50,2000-04-01,18.033626708333358,14.01699863888891,316.44320432696003,1013.3791685416667,-0.9160807083675001,0.03621099210986111
grid_m3.00_29.50,2000-05-01,18.727564986559162,12.27858118279572,42.9008007624,1014.0493440188172,-1.0663665846434138,0.17271216757567204
grid_m3.00_29.50,2000-06-01,18.116244666666688,10.734877930555577,27.89688095956,1015.2816793055555,-0.8013748374501389,0.5562578879195278
grid_m3.00_29.50,2000-07-01,18.54792659946239,9.085041814516153,1.85060501576,1014.5342993951614,-0.3472402423889785,0.9474392737610617
grid_m3.00_29.50,2000-08-01,19.61468110215056,9.55554848118282,19.34313762406,1014.60147547043,-0.4877855041748656,0.721520660163441
grid_m3.00_29.50,2000-09-01,20.837573847222245,8.395676458333355,9.48333742068,1012.2256747222223,-0.7821513281179862,0.24732089635333335
grid_m3.00_29.50,2000-10-01,18.79351545698927,12.532763293010776,268.20349559308,1013.5014319892473,-0.5526225383939919,-0.2540030545811828
grid_m3.00_29.50,2000-11-01,18.08198688888891,13.630117861111135,266.98732297713997,1013.0165709027777,-0.1550472067323611,-0.4371866654668055
grid_m3.00_29.50,2000-12-01,18.02652678763443,14.245381021505398,334.75708989113997,1014.1492897849463,-0.08948252294999999,-0.27552157561478496
grid_m3.00_29.50,2001-01-01,17.372254543010776,13.994057889784967,423.20060951556,1014.1991970430107,0.36838133649448923,-0.17699805618521502
grid_m3.00_29.50,2001-02-01,18.167660059523833,13.962399687500024,264.4195558545,1013.061199404762,-0.17802744901424108,-0.24594465910386906
grid_m3.00_29.50,2001-03-01,17.988503279569915,14.078678440860239,369.23861420996,1013.4760758736559,-0.3330605823014785,-0.1581745973905914
grid_m3.00_29.50,2001-04-01,17.845043180555578,14.567779694444468,332.74507584154,1014.1056119444444,-0.792151536492361,-0.05044790885666667
grid_m3.00_29.50,2001-05-01,17.69172745967744,13.460930282258085,163.3005142429,1015.2941885752688,-0.8320175492132311,0.08511108971209677
grid_m3.00_29.50,2001-06-01,17.56308525000002,11.45017113888891,23.55670937788,1015.8522344444445,-0.5481511647625,0.38491420893208333
grid_m3.00_29.50,2001-07-01,17.798994099462387,11.170740120967764,90.05498841078,1015.7098794354838,-0.4107694122125,0.4585141826346774
grid_m3.00_29.50,2001-08-01,18.41361556451615,11.099596626344109,75.28662689522,1015.5636094086021,-0.33635281198837363,0.43506733123454305
grid_m3.00_29.50,2001-09-01,18.339457750000022,12.727472097222243,307.57260327872,1013.7762210416668,-0.38634471978458335,-0.051937844982625
grid_m3.00_29.50,2001-10-01,18.472641545698945,13.394110188172066,378.85999744646,1014.0240683467742,-0.29805518171814516,-0.38451496281854836
grid_m3.00_29.50,2001-11-01,17.853495625000022,14.228530930555578,407.88698245318,1014.2294511111111,-0.49660381682916666,-0.43115355184777776
grid_m3.00_29.50,2001-12-01,18.36069178763443,13.861647647849486,200.91724387716,1013.6289918682796,-0.4418576291384409,-0.49664220463696235
grid_m3.00_29.50,2002-01-01,17.722781948924755,14.458388319892494,370.0597285943,1014.4554022849462,-0.0012651359588709682,-0.29850486016266126
grid_m3.00_29.50,2002-02-01,18.763162202380975,14.091514181547641,189.17798970212,1013.8636031249999,-0.2730716743284226,-0.3132883256043155
grid_m3.00_29.50,2002-03-01,18.11797693548389,14.913014529569915,442.26050332822,1013.470363172043,-0.3557701729916667,-0.06243244171424731
grid_m3.00_29.50,2002-04-01,17.808707694444468,14.871554388888912,363.31748996664,1013.0529234027778,-0.8795836762083333,-0.017360560378750004
grid_m3.00_29.50,2002-05-01,18.321612661290345,13.571328736559163,116.52612769328,1015.0785780913978,-0.6293715394153225,0.18801849234646506
grid_m3.00_29.50,2002-06-01,18.627071750000024,10.58203216666669,6.10446931444,1015.9123349999999,-0.3817704309976389,0.5668678652222222
grid_m3.00_29.50,2002-07-01,19.450529959677443,8.950141989247333,2.6249885356,1015.6266733870967,-0.6252424378879032,0.4704584710984812
grid_m3.00_29.50,2002-08-01,19.49501092741938,9.833167526881745,16.43085483884,1015.0668862903226,-0.7355627242774193,0.5988382722978495
grid_m3.00_29.50,2002-09-01,20.457032208333356,9.44990916666669,15.17891883028,1013.5850588194444,-1.0994438378797222,0.06095896879125
grid_m3.00_29.50,2002-10-01,19.443487634408626,11.946755524193572,269.82688871952,1012.8581366263442,-0.7294198102650538,-0.1742609498551075
grid_m3.00_29.50,2002-11-01,18.055565736111134,13.79169113888891,376.16181428504,1014.3533296527778,-0.5130462216147222,-0.3459110266648611
grid_m3.00_29.50,2002-12-01,17.99145485215056,14.214978185483895,387.96567983532,1014.942070766129,-0.29776890024287633,-0.2619718764375
grid_m3.00_29.50,2003-01-01,18.78814228494626,13.483192728494645,206.1471932871,1014.562640389785,-0.11897326470735214,-0.3987538323142473
grid_m3.00_29.50,2003-02-01,19.536818943452403,12.900069747023833,185.79578510052,1013.0661469494047,-0.1722840360404762,-0.3255497435096726
grid_m3.00_29.50,2003-03-01,19.094462002688193,13.991608817204323,307.50799243286,1012.9436428091398,-0.25766348061797045,-0.1348024995435484
grid_m3.00_29.50,2003-04-01,18.327882986111135,14.695190361111134,327.09026290864,1013.9619700694444,-0.6797998219505555,0.07170759877236112
grid_m3.00_29.50,2003-05-01,18.01825049731185,14.190909717741958,216.1655416947,1015.4854488575269,-0.9158841400938172,0.14223119347631452
grid_m3.00_29.50,2003-06-01,17.824515222222246,11.51956880555558,27.18067169552,1015.1596347222222,-0.7339365424383333,0.49280915396052777
grid_m3.00_29.50,2003-07-01,17.66479118279572,10.381127755376367,30.03549583074,1016.2707007392472,-0.5562655137406989,0.7621129157350807
grid_m3.00_29.50,2003-08-01,19.353940080645184,9.851083723118302,20.38908019188,1014.6966802419355,-0.24131124758521505,0.6891485451489247
grid_m3.00_29.50,2003-09-01,19.384859986111135,11.723467569444468,91.94898611182,1014.2030272916666,-0.6485563065027777,-0.06142061105555556
grid_m3.00_29.50,2003-10-01,19.191623991935508,12.98766545698927,313.91477628974,1013.2111684139785,-0.5902487850420027,-0.19594186294717741
grid_m3.00_29.50,2003-11-01,18.47539462500002,13.554844916666688,344.15221255588,1013.0461569444444,-0.7391291090665278,-0.4365471329068472
grid_m3.00_29.50,2003-12-01,18.88689411290325,13.383257029569917,248.14748738446,1013.7111017473118,-0.6046612437638844,-0.30601499309966396
grid_m3.00_29.50,2004-01-01,18.911405389784967,14.290938077957012,245.20397250028,1012.939836827957,-0.302345133225336,-0.2927606240580645
grid_m3.00_29.50,2004-02-01,18.811542758620714,13.954667658045999,274.60479701044,1013.9842005747128,-0.0537557497079023,-0.034906124739841955
grid_m3.00_29.50,2004-03-01,18.747397123655936,14.965822298387119,402.45008514868,1013.3965496639785,-0.41541450343951614,-0.03836073816780914
grid_m3.00_29.50,2004-04-01,18.1093394027778,15.093993000000022,323.13299155492,1014.3458760416668,-0.5651208669277777,0.07251868745813889
grid_m3.00_29.50,2004-05-01,18.341188427419375,13.22511801075271,129.41980375952,1015.4135614247311,-0.5236344271740592,0.31528037263615594
grid_m3.00_29.50,2004-06-01,17.91058401388891,10.652749541666688,19.7019577805,1017.1707165277778,-0.7980835243666667,0.5658864712972222
grid_m3.00_29.50,2004-07-01,18.396799919354862,9.444035779569914,37.31870649448,1015.3142421370967,-0.3223959206549731,0.720338328013844
grid_m3.00_29.50,2004-08-01,18.994252526881745,10.788210913978517,50.82750335742,1015.2644045698923,-0.38432968446948923,0.4577339734731183
grid_m3.00_29.50,2004-09-01,18.32809401388891,12.378142013888912,275.24757292476,1014.1470193055555,-0.4557374956370833,-0.01969100171064722
grid_m3.00_29.50,2004-10-01,19.31062793010755,12.936229139784968,268.87178379834,1013.440067405914,-0.8639305677693548,-0.31373157302728494
grid_m3.00_29.50,2004-11-01,18.378437652777798,13.982897916666689,367.74683002678,1013.7458052777778,-0.5832893365097221,-0.36033055991458335
grid_m3.00_29.50,2004-12-01,18.501300819892496,14.673828521505397,354.30383723958,1013.4919737903226,-0.27706396472083333,-0.21856921205610214
grid_m3.00_29.50,2005-01-01,19.03947767473121,13.827897258064539,281.7220686441,1013.6911598790322,-0.24564212026102153,-0.3376910298142473
grid_m3.00_29.50,2005-02-01,20.44178799107145,13.176870074404784,187.02602294268,1012.0523995535715,-0.6081698262229092,-0.38726338847482145
grid_m3.00_29.50,2005-03-01,19.055307607526903,14.596443911290347,352.4384510471,1013.8497184139785,-0.48274555025577953,-0.09683963844010753
grid_m3.00_29.50,2005-04-01,18.969284972222248,14.960407222222246,299.76367893418,1013.7447473611112,-0.7834237626501389,0.053483665782083335
grid_m3.00_29.50,2005-05-01,18.171423225806475,14.675540604838734,330.2326188836,1015.0948879032259,-0.7123860399007124,0.023663900542473117
grid_m3.00_29.50,2005-06-01,17.990454055555578,12.930083791666688,79.35142552010001,1015.4324318055556,-0.6071068025425,0.1886183417834028
grid_m3.00_29.50,2005-07-01,18.31016040322583,10.367186827957012,6.48498538348,1016.5067038978495,-0.46976255678534945,0.6630946160788979
grid_m3.00_29.50,2005-08-01,19.22137049731185,11.673490658602173,179.07094913882,1014.6907823924731,-0.33317998615571237,0.3455430312004032
grid_m3.00_29.50,2005-09-01,19.478816208333356,12.620345972222243,177.74963336176,1013.9056791666667,-0.3438573414840278,-0.09350583908833333
grid_m3.00_29.50,2005-10-01,18.764891182795722,13.111557728494647,300.10128027246,1013.8520490591397,-0.42447543385524195,-0.3314758826787635
grid_m3.00_29.50,2005-11-01,18.340349375000024,14.037545361111135,345.92914669946,1013.2208409027778,-0.571607413795,-0.4560603878100278
grid_m3.00_29.50,2005-12-01,19.090062002688192,13.202941397849484,174.87859608804,1012.0628364247311,-0.5114713896454973,-0.5327190896794355
grid_m3.00_29.50,2006-01-01,19.011849731182817,13.642715967741958,220.76797530098,1012.4397197580646,-0.4556050490909946,-0.3253271437418011
grid_m3.00_29.50,2006-02-01,19.48268616071431,13.919559940476214,271.36564257398,1012.4067535714286,-0.23916825814002976,-0.22417100295892858
grid_m3.00_29.50,2006-03-01,18.59561416666669,14.331302862903248,430.40418763409997,1013.6713099462366,-0.111124530665457,0.026400186206854838
grid_m3.00_29.50,2006-04-01,17.900653513888912,14.951158805555577,398.13566133528,1013.9955175,-0.6772514135097222,0.011198067688750002
grid_m3.00_29.50,2006-05-01,17.957786868279594,14.7593510887097,372.5638388611,1015.4430850806451,-0.6790708176318548,0.013461142056854836
grid_m3.00_29.50,2006-06-01,17.98705366666669,11.691816819444469,31.9006442332,1015.8639041666668,-0.8285618047277777,0.4482950619355833
grid_m3.00_29.50,2006-07-01,18.308564516129053,11.704124341397872,90.73448186906,1016.3435873655914,-0.35713484950053764,0.7092742122088709
grid_m3.00_29.50,2006-08-01,18.482894206989272,11.963522876344108,135.67066184076,1014.9277504032258,-0.3480484240169086,0.28909379802486557
grid_m3.00_29.50,2006-09-01,19.114789125000023,11.60529538888891,178.59697346812,1014.2798018055556,-0.7649043820816666,0.07334842551388888
grid_m3.00_29.50,2006-10-01,19.79854051075271,12.790729502688196,222.6147656091,1013.2536142473118,-0.9172691215159947,-0.24598236383655914
grid_m3.00_29.50,2006-11-01,17.672701847222246,14.553156319444467,509.81187850474,1013.9112194444444,-0.2736826340348611,-0.3067017875897222
grid_m3.00_29.50,2006-12-01,17.907795094086044,15.120001182795722,502.57492138662,1015.1187198252688,0.04729696142930107,-0.1462450537112097
grid_m3.00_29.50,2007-01-01,18.585744072580667,15.299431908602173,398.41937954578,1015.0424360215053,0.01590911705577957,-0.3213320504376344
grid_m3.00_29.50,2007-02-01,18.823507842261925,14.53433665178574,314.89896630638,1013.781903720238,0.05829309210223214,-0.33548931738988097
grid_m3.00_29.50,2007-03-01,18.98560110215056,14.549611532258087,300.41980657256,1013.2700389112903,-0.6997805156619624,-0.26059122048978495
grid_m3.00_29.50,2007-04-01,18.669530847222244,14.76835904166669,325.21629408118,1013.8029586111111,-0.8388970906218055,-0.11624658368888888
grid_m3.00_29.50,2007-05-01,18.575546868279595,14.42197856182798,169.26240880254,1014.8104270161291,-1.1249954269955644,0.11607533134913979
grid_m3.00_29.50,2007-06-01,17.563517138888912,12.796837972222246,112.93458922960001,1015.5947796527778,-0.3653606627466667,0.4027446742919597
grid_m3.00_29.50,2007-07-01,18.007815336021526,11.655805551075291,96.65012347412,1015.30324375,-0.289209776344086,0.496200213872715
grid_m3.00_29.50,2007-08-01,18.408462768817227,11.443536935483893,106.4019200626,1014.3912025537634,-0.5101639951563173,0.3408812460659946
grid_m3.00_29.50,2007-09-01,19.088208958333357,11.7518014027778,188.5008808725,1013.96500875,-0.5723698938039722,-0.1339722927401389
grid_m3.00_29.50,2007-10-01,18.666686908602173,12.898579489247336,244.52161865938,1013.0830075268817,-0.7145088766370967,-0.44476141428830646
grid_m3.00_29.50,2007-11-01,17.940699138888913,13.813788069444465,329.50234401548,1013.0300133333333,-0.5253682579069445,-0.4801581272756944
grid_m3.00_29.50,2007-12-01,18.286821370967765,13.208394233870989,238.17420076842,1012.9676481854839,-0.3468793640739247,-0.4246579869498656
grid_m3.00_29.50,2008-01-01,18.459278145161313,13.611860887096796,256.48355508132,1012.9206159946237,-0.3867790852387097,-0.2509249611754919
grid_m3.00_29.50,2008-02-01,17.988572313218413,13.966767270114966,345.71838323974,1014.1340051724138,-0.1590323171697845,-0.1926784745407471
grid_m3.00_29.50,2008-03-01,17.786663293010776,14.100753615591419,419.7640399889,1012.9657180779569,-0.40069336011303763,0.01956552063172043
grid_m3.00_29.50,2008-04-01,17.488680083333357,14.270927388888913,287.42074951608,1013.1927589583333,-1.019683731333375,-0.00844936399625
grid_m3.00_29.50,2008-05-01,18.024689516129055,12.972871720430131,112.21003505708,1014.0733717741936,-1.187560400266129,0.14551205448884408
grid_m3.00_29.50,2008-06-01,17.670939486111134,11.641430763888911,74.08905004628001,1015.45616125,-0.8059028406080556,0.4408970305125
grid_m3.00_29.50,2008-07-01,17.518194381720452,11.320347500000024,67.72041315458,1015.7922920026882,-0.2839124334448119,0.7025456592380644
grid_m3.00_29.50,2008-08-01,18.627847069892496,11.287129650537658,32.80067449536,1013.6056639784946,-0.4215157346271506,0.3725032160794355
grid_m3.00_29.50,2008-09-01,19.634563277777797,11.554008819444467,94.29931620324,1013.3103636805555,-0.5247418926738889,0.11165498100194444
grid_m3.00_29.50,2008-10-01,18.596101962365612,13.588100739247334,360.00633248158,1013.8331907258065,-0.5425218547762096,-0.29188043362844085
grid_m3.00_29.50,2008-11-01,18.82101376388891,14.116265333333356,313.16995668884,1013.2655963194445,-0.41793821067486114,-0.3865053593006944
grid_m3.00_29.50,2008-12-01,18.941825658602173,13.15096047043013,173.93303020358,1012.8064129704301,-0.4644713450137096,-0.3598809191740591
grid_m3.00_29.50,2009-01-01,18.94403494623658,13.25431104838712,412.48416818704,1013.3101302419356,-0.3152977938966398,-0.39101279465766126
grid_m3.00_29.50,2009-02-01,18.212384270833358,13.950818511904785,308.504104704,1012.8854663690475,-0.48962836027232143,-0.16106333014255952
grid_m3.00_29.50,2009-03-01,18.949019435483894,14.348863185483893,299.18193850808,1012.4270546370967,-0.6786679095461021,-0.15715861577284945
grid_m3.00_29.50,2009-04-01,18.1955705277778,14.869476861111133,382.3056232732,1014.37370125,-0.8910121069247222,-0.006826104704416664
grid_m3.00_29.50,2009-05-01,18.279638817204326,14.247708642473143,219.89870090406,1014.3968488575268,-0.7705776472096774,0.0078375088734543
grid_m3.00_29.50,2009-06-01,18.320157944444468,12.00824654166669,47.00136145186,1015.3298845833334,-0.9855693395402778,0.20377019246805558
grid_m3.00_29.50,2009-07-01,18.391699368279593,9.954098198924752,10.98966596272,1016.1225538978495,-0.8194913359266129,0.7226813152950416
grid_m3.00_29.50,2009-08-01,19.74446860215056,11.240125739247334,32.65571575832,1014.3625275537635,-0.5651459433101746,0.5298713567916666
grid_m3.00_29.50,2009-09-01,20.20127241666669,12.272611305555577,170.39012920692,1014.2289655555555,-0.584053654881,0.0916772418486111
grid_m3.00_29.50,2009-10-01,19.05481620967744,13.712433172043031,297.35660646714,1013.1675229166667,-0.763029898733871,-0.4078815207795699
grid_m3.00_29.50,2009-11-01,18.51900443055558,14.732379944444467,398.74839653434,1013.6383911111111,-0.41386824089638885,-0.26922577734120834
grid_m3.00_29.50,2009-12-01,18.36857354838712,14.71055288978497,401.12829190262,1014.1944813172042,-0.4094502849126209,-0.2939236346111559
grid_m3.00_29.50,2010-01-01,19.246666962365612,14.520231008064536,332.82327602238,1014.0435871639785,-0.2225412952310484,-0.4446470610349865
grid_m3.00_29.50,2010-02-01,19.451742633928593,15.7232151636905,402.08673446576,1013.607046205357,-0.31191825831473213,-0.20423348694910715
grid_m3.00_29.50,2010-03-01,19.158459462365613,15.83490866935486,350.71945263558,1014.4706727150538,-0.5454851363808602,-0.2684532906865591
grid_m3.00_29.50,2010-04-01,19.183891444444466,16.1151294027778,277.2278782138,1014.284736875,-0.8577180438962501,-0.09406939609475001
grid_m3.00_29.50,2010-05-01,19.14944799731185,14.39175055107529,142.44842510558001,1014.607407594086,-0.8789861539774865,0.0867520200516129
grid_m3.00_29.50,2010-06-01,18.877448833333357,12.202423930555579,30.17997739982,1015.8602026388888,-0.7988997342305555,0.4444541705668056
grid_m3.00_29.50,2010-07-01,18.990527365591422,10.146966330645183,4.97388838622,1015.2258198252688,-0.6234988136473117,0.7538614178274193
grid_m3.00_29.50,2010-08-01,20.699838817204324,8.54986973118282,22.71985964696,1014.2697133064515,-0.384761584621008,0.92266748477957
grid_m3.00_29.50,2010-09-01,19.269638861111133,12.307008472222245,269.79589404541997,1013.6067077083334,-0.7244697357965277,0.07667205710694444
grid_m3.00_29.50,2010-10-01,19.70368416666669,13.207086586021525,278.22351482152,1012.8059077284946,-0.49744606066459,-0.24893176000913977
grid_m3.00_29.50,2010-11-01,18.99122208333336,14.172645097222244,370.61000029956,1012.2015775694443,-0.6205811400855555,-0.45580067069111113
grid_m3.00_29.50,2010-12-01,18.62759728494626,14.18028857526884,330.51395408064,1012.2409632392473,-0.29365250394583337,-0.3055798111454973
grid_m3.00_29.50,2011-01-01,18.762667688172066,14.022415053763462,292.9415695458,1011.9644758736559,-0.23008106561989247,-0.3208323456565363
grid_m3.00_29.50,2011-02-01,18.97480486607145,14.05034160714288,229.268549816,1012.3141361607143,-0.20275238661458334,-0.04096117686815476
grid_m3.00_29.50,2011-03-01,18.468104569892496,14.516390994623679,378.98349785228,1013.0314166666666,-0.2259374842840054,-0.0030821516466129086
grid_m3.00_29.50,2011-04-01,18.21996751388891,14.863950888888912,370.2516558205,1013.3435467361111,-0.9242433772236112,-0.013594819051527776
grid_m3.00_29.50,2011-05-01,18.40078241935486,14.329237782258087,221.4574821599,1014.6775045026881,-0.9999209252742675,0.10222711906881721
grid_m3.00_29.50,2011-06-01,18.35073537500002,12.649635250000024,182.17229839186,1015.1137199305556,-0.45064408951184726,0.35129568302333336
grid_m3.00_29.50,2011-07-01,18.354179569892494,11.422679825268839,77.5675768926,1014.655037298387,-0.39396679794919354,0.4870181118709677
grid_m3.00_29.50,2011-08-01,18.64146553763443,12.676230416666689,143.99194758692,1014.6680934811827,-0.26388074004314516,0.2368554337567204
grid_m3.00_29.50,2011-09-01,18.583126694444466,13.518956194444467,330.91068338452,1014.882306388889,-0.5120887118340278,-0.09921813886647221
grid_m3.00_29.50,2011-10-01,18.345307043010774,13.867140497311851,403.98931482984,1013.019980577957,-0.6031052983451612,-0.3329537515450269
grid_m3.00_29.50,2011-11-01,18.20653376388891,14.497488694444469,446.72680018048,1013.7316894444444,-0.37283515765652775,-0.24707103258583332
grid_m3.00_29.50,2011-12-01,18.42524920698927,14.626239784946257,389.11819410786,1014.0640276209679,-0.1678168093172043,-0.2899759348295699
grid_m3.00_29.50,2012-01-01,19.632980860215078,13.069065739247336,123.01492745802,1013.0187053763441,0.28039852339422044,-0.5515402307310484
grid_m3.00_29.50,2012-02-01,19.196629324712667,12.884933505747147,226.26900702388,1011.8657608477012,-0.24415115262413795,-0.22540767722931035
grid_m3.00_29.50,2012-03-01,19.259652405914004,14.268811922043033,234.79437976414,1013.3502844086021,-0.38423623532768814,0.028875494943413977
grid_m3.00_29.50,2012-04-01,18.3483339027778,15.318227444444467,450.12998571078,1014.3693898611111,-0.4538753718288889,-0.05061583986972222
grid_m3.00_29.50,2012-05-01,17.83609119623658,14.621141250000022,309.36527236996,1015.3927023521505,-0.6986873995981183,-0.04276480770282258
grid_m3.00_29.50,2012-06-01,17.89421979166669,13.020473805555579,108.25538699458001,1016.1002453472223,-0.5079027808624306,0.34347937290333336
grid_m3.00_29.50,2012-07-01,18.26986912634411,11.96923120967744,37.01972947348,1014.9866743951612,-0.023947233608870966,0.5896719799994623
grid_m3.00_29.50,2012-08-01,18.39507221774196,11.6403535887097,165.40312760770001,1015.1379460349463,-0.23645253264422042,0.23311284845080646
grid_m3.00_29.50,2012-09-01,18.672675736111135,12.892516694444469,225.76809024564,1014.8906625694445,-0.4812138235056944,-0.30174420658805556
grid_m3.00_29.50,2012-10-01,18.852660672043033,13.972085591397873,383.3129415867,1013.2377248655914,-0.4849798765739516,-0.4529047521828495
grid_m3.00_29.50,2012-11-01,18.317310458333356,14.833821638888912,372.1132261982,1014.0623743055555,-0.5152550597327777,-0.4322107095326389
grid_m3.00_29.50,2012-12-01,18.590586854838733,14.54006036290325,293.11013231398,1013.5490606182796,-0.32697007075295703,-0.3219173594454301
grid_m3.00_29.50,2013-01-01,19.660434327957013,14.783053225806473,274.7602458088,1014.0870315860216,-0.056179414740725804,-0.3776345404915323
grid_m3.00_29.50,2013-02-01,19.51783575892859,13.919429598214307,148.68259406632,1012.9301835565476,-0.43901311648809527,-0.39200489859360116
grid_m3.00_29.50,2013-03-01,18.58241181451615,15.416548387096796,481.1658844351,1013.9910932123656,-0.34656473364596774,-0.06013255018024193
grid_m3.00_29.50,2013-04-01,18.424255083333357,15.781061138888912,403.17487667198,1014.7835773611112,-0.36328580595763893,-0.16127874569583334
grid_m3.00_29.50,2013-05-01,18.370337083333357,14.325747123655939,177.914619682,1015.7420147849463,-0.904412628198656,-0.034813234757392474
grid_m3.00_29.50,2013-06-01,18.613326736111134,11.80611929166669,22.849082822939998,1015.6487111111112,-0.37785657191944444,0.5475255537177778
grid_m3.00_29.50,2013-07-01,18.82996172043013,10.855698427419378,14.01519790198,1015.3765340053764,0.07524485163655914,0.6944791331505376
grid_m3.00_29.50,2013-08-01,19.225143911290345,10.81087547043013,50.72259883598,1014.3423504704301,-0.25366029744587365,0.4418772012271505
grid_m3.00_29.50,2013-09-01,18.841037847222246,13.325085333333355,296.82850813134,1014.4529869444445,-0.3105952156281945,-0.20504703470069446
grid_m3.00_29.50,2013-10-01,18.962862029569916,12.821843198924753,253.48615702941999,1013.8881500672043,-0.5659058065112903,-0.3139278843558992
grid_m3.00_29.50,2013-11-01,18.419717194444466,13.984195083333356,347.3944668109,1013.0080366666666,-0.5099834236342361,-0.4919911901833333
grid_m3.00_29.50,2013-12-01,18.459378884408622,14.664339301075291,443.46427925204,1014.3085928091398,-0.228024248734543,-0.3458530877137769
grid_m3.00_29.50,2014-01-01,19.284425793010776,14.07396041666669,185.38141300134,1013.6341293010753,-0.09421613215094087,-0.44177348711666664
grid_m3.00_29.50,2014-02-01,18.740738377976214,14.10247666666669,268.37730492146,1012.8508769345237,0.24825974913392856,-0.010602587328422623
grid_m3.00_29.50,2014-03-01,19.01173547043013,14.82716411290325,363.4824753882,1013.4855401881721,-0.33998723169444894,0.006333833343736559
grid_m3.00_29.50,2014-04-01,18.624694097222246,14.802712180555577,355.10492296372,1014.5685764583334,-0.939389185651389,0.02118042802138889
grid_m3.00_29.50,2014-05-01,18.94075032258067,13.497966021505396,109.90571971578,1014.6045807795699,-1.238785262326613,0.2838485262560484
grid_m3.00_29.50,2014-06-01,18.904103180555577,12.883941736111133,75.88768033636,1015.7282716666667,-0.5677516075208333,0.3761209186591667
grid_m3.00_29.50,2014-07-01,19.05889370967744,11.764632231182818,66.28370338266,1016.6881108870967,-0.3091276641412634,0.6130780254217743
grid_m3.00_29.50,2014-08-01,18.742944731182817,13.089861196236583,188.6448859304,1015.4840719086022,-0.2237608707067204,0.18032633914986557
grid_m3.00_29.50,2014-09-01,18.935535972222244,12.876903263888911,219.55013214694,1014.8052777777779,-0.7399068830622222,-0.08447750980715278
grid_m3.00_29.50,2014-10-01,18.94081959677422,14.15943731182798,439.85271468026,1013.9440662634408,-0.6023519983864247,-0.22985595676733872
grid_m3.00_29.50,2014-11-01,18.4383731527778,14.744591444444467,361.71150178578,1013.848205,-0.6303537372705555,-0.4529169293513458
grid_m3.00_29.50,2014-12-01,18.87530110215056,14.850843172043033,477.68592645264,1014.3148546370968,-0.23383282865725805,-0.47571219192810615
grid_m3.00_29.50,2015-01-01,18.91567555107529,14.07853669354841,198.76050967882,1014.5038521505377,0.5530050911090995,-0.2706054977076613
grid_m3.00_29.50,2015-02-01,19.112256130952403,14.324061056547643,191.00856834402,1013.0826331845237,-0.1282568439876488,-0.4039078450934524
grid_m3.00_29.50,2015-03-01,19.194741975806473,15.002551276881743,322.23510829076,1013.4106363575269,-0.506925439769086,-0.22680077499274193
grid_m3.00_29.50,2015-04-01,18.512651486111135,15.695980972222245,328.82499694344,1015.1899765972223,-0.27192692201,-0.171137492505
grid_m3.00_29.50,2015-05-01,18.832425107526905,15.181843750000022,157.57131595304,1015.8405282930108,-0.7546734963819892,0.02173116170594086
grid_m3.00_29.50,2015-06-01,18.725297833333357,13.918035694444466,108.68167902104,1016.1491515277778,-0.10433923980666666,0.20971289766333331
grid_m3.00_29.50,2015-07-01,18.999688225806473,12.01055342741938,18.16415760384,1016.016800201613,-0.48602473371034943,0.3653197939545699
grid_m3.00_29.50,2015-08-01,20.155952889784967,10.974753024193571,11.72399522956,1014.8243274193549,-0.5361394782427016,0.4099477125604839
grid_m3.00_29.50,2015-09-01,20.25801938888891,13.313468625000024,123.22425852336,1014.208569375,-0.6583858692907556,-0.21936679436948334
grid_m3.00_29.50,2015-10-01,19.252736236559162,15.251300134408625,456.73084321936,1014.4557452956989,-0.520454940711344,-0.4365563137596774
grid_m3.00_29.50,2015-11-01,18.76833301388891,15.584878625000023,407.86814632076,1014.3446861805556,-0.3389333300079167,-0.32562876832430554
grid_m3.00_29.50,2015-12-01,19.18680981182798,15.563462473118301,263.89551170272,1015.5100811827957,-0.24688226393830645,-0.3983844634401882
grid_m3.00_29.50,2016-01-01,19.566969368279594,16.10356548387099,293.93911242678,1014.9965063844087,0.13311494765067206,-0.34874829887782255
grid_m3.00_29.50,2016-02-01,19.54660574712646,15.631270201149446,317.98887140132,1014.2217645833333,0.005324308692097704,-0.32918353427212643
grid_m3.00_29.50,2016-03-01,20.204110416666687,16.069779986559162,220.56674962152,1013.8605206317205,-0.40761850059072585,-0.2466611758240188
grid_m3.00_29.50,2016-04-01,19.228797125000025,16.88617408333336,503.92770629438,1014.9067865972223,-0.47298448320013886,-0.030470826189305553
grid_m3.00_29.50,2016-05-01,19.571487150537656,14.789052930107548,100.63219149414,1016.1499693548386,-0.5763107219284946,0.2706764005787769
grid_m3.00_29.50,2016-06-01,18.847417888888913,12.931064500000023,53.9212230894,1017.1513031944445,-0.5619349800748611,0.4593471800756944
grid_m3.00_29.50,2016-07-01,19.25941498655916,12.158894099462389,20.78342437738,1015.8251084005376,-0.07325642065996102,0.7889736752896506
grid_m3.00_29.50,2016-08-01,19.708885241935505,11.25142485215056,48.49529230782,1015.2950876344087,-0.5039462234850807,0.49102369090524195
grid_m3.00_29.50,2016-09-01,20.305827222222245,12.612979402777801,192.78621609972,1014.3798515972222,-0.44451963631624997,0.021665595531805557
grid_m3.00_29.50,2016-10-01,19.990520067204322,13.984317002688195,311.5968706979,1013.1479965053763,-0.5726644243711156,-0.37231112955044354
grid_m3.00_29.50,2016-11-01,18.720552194444465,14.763948375000023,316.31422080852,1014.0467557638889,-0.48507319587166664,-0.5642731572180555
grid_m3.00_29.50,2016-12-01,19.091200013440883,13.988906276881744,151.67856275352,1013.6367886424731,-0.5608512916981183,-0.611279273678629
grid_m3.00_29.50,2017-01-01,19.753058790322605,13.630668239247333,153.03421064416,1013.2063360887097,-0.14698545301485216,-0.4631842341391129
grid_m3.00_29.50,2017-02-01,18.922071250000023,14.937956369047644,334.5341685852,1013.6117696428571,-0.20718043156398808,-0.2491228939839881
grid_m3.00_29.50,2017-03-01,18.800518830645185,14.937396612903248,312.38985135914,1013.6903211693549,-0.4007041688267473,-0.0872170855077957
grid_m3.00_29.50,2017-04-01,18.672846083333354,15.332881138888911,284.59167503244,1014.4982462500001,-0.9570975413555556,0.02552667290902778
grid_m3.00_29.50,2017-05-01,18.809794946236583,14.519117594086044,188.56429982302,1015.787352016129,-1.0942783772432796,0.10920009412497043
grid_m3.00_29.50,2017-06-01,19.48419456944447,12.6305496527778,15.76328272848,1015.2766244444445,-0.866462198454861,0.43321079589791667
grid_m3.00_29.50,2017-07-01,19.481954865591423,12.159047190860239,28.28788762398,1016.0503,-0.08401060662405914,0.6197912556854839
grid_m3.00_29.50,2017-08-01,19.319198844086042,13.507493319892497,194.54765338414,1014.8966445564516,-0.24926619995564517,0.35156596717002686
grid_m3.00_29.50,2017-09-01,19.422092319444467,13.728302805555579,286.70930794384,1014.5826597222223,-0.37365519074388887,-0.047818291442361105
grid_m3.00_29.50,2017-10-01,19.70330787634411,14.201773696236582,349.32517902444,1013.4618584005377,-0.5454595294209678,-0.29037814119873656
grid_m3.00_29.50,2017-11-01,18.89138293055558,14.874836611111133,321.5017304344,1013.6927735416666,-0.5257272867229167,-0.34069580586138887
grid_m3.00_29.50,2017-12-01,19.24565723118282,14.901359569892495,290.52257543786,1013.5762470430108,-0.36141262362526877,-0.39797118434698925
grid_m3.00_29.50,2018-01-01,17.954987016129056,14.667783991935508,348.52194717914,1014.2070183467742,0.40870132024126343,-0.0984027001872312
grid_m3.00_29.50,2018-02-01,19.418391205357164,15.143744360119072,261.73877789696,1012.4817217261904,-0.21524229643244047,-0.26789989891467264
grid_m3.00_29.50,2018-03-01,18.683813467741956,15.003183293010776,284.78956251552,1014.0447396505377,-0.013043844388172042,0.02962973878091398
grid_m3.00_29.50,2018-04-01,18.27382301388891,15.643366861111135,486.79733327512,1014.8557492361111,-0.21282628307319446,0.01710732203972222
grid_m3.00_29.50,2018-05-01,18.802688293010775,15.00207920698927,166.84484481724,1015.3445961693548,-0.7582203046958333,0.1332109700689516
grid_m3.00_29.50,2018-06-01,18.841513333333356,12.441554708333355,23.99253839984,1016.4143551388889,-0.5051589750252777,0.49229965166388884
grid_m3.00_29.50,2018-07-01,18.65997348118282,11.236760819892496,19.65904231376,1017.0228184811829,-0.6893089447634408,0.638404896019086
grid_m3.00_29.50,2018-08-01,19.012723615591423,13.020184865591421,226.65071465466,1015.9805151209677,-0.42303895469217745,0.18871643761822582
grid_m3.00_29.50,2018-09-01,20.36127651388891,13.162120430555579,85.21986004696001,1013.361563125,-0.866853502943111,-0.16254543842625
grid_m3.00_29.50,2018-10-01,19.609030779569913,14.449751465053787,358.12187213936,1014.1672117607527,-0.6015804050692204,-0.293800702581586
grid_m3.00_29.50,2018-11-01,19.150770138888912,15.184943847222245,284.38138947414,1013.8457588888889,-0.5705679824658334,-0.3774101055720833
grid_m3.00_29.50,2018-12-01,18.628119731182817,15.164201370967763,400.7372859216,1014.9748026881721,-0.2225857598487164,-0.31314090978091397
grid_m3.00_29.50,2019-01-01,19.428969704301096,14.909726505376367,266.58868780816,1014.5362059811828,-0.1991575105954973,-0.28915181796801076
grid_m3.00_29.50,2019-02-01,19.75901229166669,14.9706820386905,197.12352752626,1013.8342938988095,-0.37183505144895834,-0.26934401161914734
grid_m3.00_29.50,2019-03-01,19.34926911290325,15.004200215053784,252.44140642682,1014.0996661962366,-0.25509526750833333,-0.25554361608373655
grid_m3.00_29.50,2019-04-01,19.47623729166669,15.947603736111134,376.25694288916003,1014.1684270833333,-0.5720310847350001,0.06633292300819445
grid_m3.00_29.50,2019-05-01,18.89492807795701,16.121331922043034,230.76725025904,1015.2977185483871,-0.9851078311384409,0.09728351681276881
grid_m3.00_29.50,2019-06-01,18.790196458333355,14.57812829166669,89.06793585216,1016.6535250000001,-0.06853752546319444,0.5084645373271806
grid_m3.00_29.50,2019-07-01,18.708536034946256,12.985201357526906,86.14635434578,1015.7539340053763,-0.14439316176142472,0.47623576899811826
grid_m3.00_29.50,2019-08-01,19.62042666666669,13.01139481182798,82.90386177330001,1015.9527641801076,-0.43097354561249995,0.34734178471873656
grid_m3.00_29.50,2019-09-01,19.996263069444467,13.695423819444468,168.8241960884,1014.41223625,-0.5224131692014444,-0.06976038623333335
grid_m3.00_29.50,2019-10-01,18.748790215053788,14.734059233870992,531.71634731644,1013.7481135080644,-0.6902790280786962,-0.27538055551895163
grid_m3.00_29.50,2019-11-01,18.88734926388891,14.749413444444468,355.40533030434,1013.447624375,-0.46699400965125004,-0.3073675579530972
grid_m3.00_29.50,2019-12-01,18.88535923387099,15.85712291666669,516.05510707224,1014.4484826612904,0.04325741570626344,-0.2110439215010753
grid_m3.00_29.50,2020-01-01,19.406031895161313,15.6618935215054,267.27199599336,1014.8248691532258,0.1829251664267473,-0.4519933256001344
grid_m3.00_29.50,2020-02-01,19.821870244252896,15.624574985632208,322.00575042932,1014.6760468390804,-0.22147567904985632,-0.4295811925378736
grid_m3.00_29.50,2020-03-01,19.5335509543011,16.14759547043013,439.48221115324,1014.4957038306452,-0.15050690405241937,-0.16842042260981183
grid_m3.00_29.50,2020-04-01,19.19928320833336,16.282605972222246,417.5653464344,1015.3624481944445,-0.5379112027705556,-0.061827170766111106
grid_m3.00_29.50,2020-05-01,19.55027668010755,14.882603803763464,142.37022407468,1016.4973620967743,-0.9023467655255376,0.05642753150244624
grid_m3.00_29.50,2020-06-01,19.248555041666688,13.983402694444466,86.48204769908,1016.3342284027779,-0.35993777356847223,0.42055704321797227
grid_m3.00_29.50,2020-07-01,18.773384892473143,13.167195053763464,20.5116271896,1015.4714308467741,-0.16082211749005376,0.7183210328956989
grid_m3.00_29.50,2020-08-01,20.33634182795701,13.130546411290345,45.78876492894,1014.4016069892473,-0.24035113320524193,0.4430457078848118
grid_m3.00_29.50,2020-09-01,20.08632151388891,13.68901755555558,172.25694670598,1014.03564875,-0.3172510996395833,0.1648419474388889
grid_m3.00_29.50,2020-10-01,19.531322513440884,14.135749112903248,333.00924366336,1014.0242138440859,-0.458876230997715,-0.16170502173387097
grid_m3.00_29.50,2020-11-01,19.11622363888891,15.156088486111134,326.87044105982,1014.3817733333333,-0.38867698963480557,-0.43629171593472227
grid_m3.00_29.50,2020-12-01,19.542289435483895,14.647203750000022,249.97234485484,1014.0740475806452,-0.2125123343360215,-0.49616120418172044
grid_m3.00_29.50,2021-01-01,19.058772204301096,14.507512056451636,289.33525093378,1013.844130577957,-0.12402982505672044,-0.5128080101536291
grid_m3.00_29.50,2021-02-01,19.19523525297621,15.002526160714307,315.64664917194,1013.9378992559524,0.039661452994285716,-0.15193450973410713
grid_m3.00_29.50,2021-03-01,19.003394959677443,14.784555685483895,302.76036219138,1013.1624151209677,-0.4627045664554355,-0.24651065875376343
grid_m3.00_29.50,2021-04-01,18.864708458333357,15.980324819444467,449.35035867252,1014.7881790277778,-0.8347856517391666,-0.06649027954486111
grid_m3.00_29.50,2021-05-01,19.195305551075293,15.475699744623677,300.1604082251,1015.6104117607528,-0.6869685465652688,0.08443764636478496
grid_m3.00_29.50,2021-06-01,19.312921486111136,13.029373069444468,27.39524840846,1015.9985446527778,-0.7641264817856945,0.2945753104277778
grid_m3.00_29.50,2021-07-01,19.235354744623677,11.976088629032281,18.6963081225,1016.9010108198925,-0.36337284410349463,0.981152420891129
grid_m3.00_29.50,2021-08-01,19.478237836021528,13.178636975806475,172.0609660155,1015.371311155914,-0.37542634402083336,0.2227052841342742
grid_m3.00_29.50,2021-09-01,19.61620338888891,13.896796652777798,198.75907819332,1014.447350625,-0.4457243809611111,-0.012463712904305554
grid_m3.00_29.50,2021-10-01,19.876845430107547,14.837758736559161,308.53509804134,1013.7994395161292,-0.3662883189779032,-0.2588183079013441
grid_m3.00_29.50,2021-11-01,19.453248805555578,14.092232916666688,247.91383712018,1013.5058704166667,-0.44658334514958337,-0.46494507313194444
grid_m3.00_29.50,2021-12-01,18.973382862903247,15.3410397043011,324.82433435394,1014.0441474462365,-0.5761106751063172,-0.48785256903995966
grid_m3.00_29.50,2022-01-01,19.421301532258088,14.559370416666688,281.45408562114,1013.9879502688173,0.014605061279838709,-0.4248638357155914
grid_m3.00_29.50,2022-02-01,18.580209776785736,15.051788556547644,302.30236208894,1014.2672789434523,0.2577075747398155,-0.24194633378125002
grid_m3.00_29.50,2022-03-01,19.468143413978517,14.952246021505399,278.71084188305997,1012.8217805779569,-0.3992942476196236,-0.3612562412973119
grid_m3.00_29.50,2022-04-01,19.06852780555558,15.69277630555558,337.1453276049,1013.4589361111111,-0.6369950617830555,-0.15349303401555556
grid_m3.00_29.50,2022-05-01,19.265912809139806,15.131718212365612,157.7944761381,1015.8332679435483,-0.6932423505018818,-0.052624261907741936
grid_m3.00_29.50,2022-06-01,18.737948861111132,12.762333500000022,16.04270936228,1015.6209609027777,-0.7989447881905556,0.3222574462811111
grid_m3.00_29.50,2022-07-01,19.380240793010774,11.66626491935486,73.91595781414,1016.0090139112904,-0.42662005341209674,0.7904201841923387
grid_m3.00_29.50,2022-08-01,19.19333676075271,13.626221599462388,183.95709943142,1014.6663383736559,-0.0973740647702957,0.30410485533548387
grid_m3.00_29.50,2022-09-01,19.373946777777803,13.965695319444468,186.51103983326,1014.3030123611112,-0.34160158277041663,-0.11066784440055556
grid_m3.00_29.50,2022-10-01,20.147169919354862,13.323206424731206,137.15982491,1013.3210880376345,-0.48767518582645164,-0.24761078790389784
grid_m3.00_29.50,2022-11-01,18.595116347222245,14.8611724027778,387.18318836908,1014.3049203472222,-0.14089859779645833,-0.4913632281529167
grid_m3.00_29.50,2022-12-01,18.507956182795724,14.69825169354841,355.67760576154,1014.1898239919354,-0.18584987154740054,-0.5121575012118682
grid_m3.00_29.50,2023-01-01,19.060583279569915,13.731553991935508,222.5050929214,1014.1095039650537,-0.2377384355637097,-0.6971245235123118
grid_m3.00_29.50,2023-02-01,19.37836571428574,13.936597425595261,248.27957221896,1013.7784515625,0.07091449695252976,-0.4696083988430521
grid_m3.00_29.50,2023-03-01,18.96441922043013,15.24897111559142,489.02034718918003,1014.1111842069893,0.030929709275134408,-0.15044134350174732
grid_m3.00_29.50,2023-04-01,19.066341861111134,16.00323604166669,382.05862037682,1013.8204840972222,-0.6574180395159722,-0.17776055478458333
grid_m3.00_29.50,2023-05-01,19.80432172043013,15.289710994623679,153.5201069593,1015.6935438844085,-0.7591084712762097,0.016664361436290322
grid_m3.00_29.50,2023-06-01,19.356256375000022,14.2243969027778,81.17914202404,1015.9834705555556,-0.39282762751513894,0.33328779035099165
grid_m3.00_29.50,2023-07-01,19.470227567204326,11.39490405913981,9.222984311820001,1016.9890662634408,-0.6563583067053763,0.7445260942982527
grid_m3.00_29.50,2023-08-01,20.997702567204325,11.997925860215075,33.45966309766,1015.134872311828,-0.5110937353941345,0.5216807708526882
grid_m3.00_29.50,2023-09-01,19.595006236111132,15.11093605555558,423.01702389986,1014.7695979166666,-0.3224260965775,-0.23224264853624998
grid_m3.00_29.50,2023-10-01,19.838799569892494,14.63737857526884,225.76093658506,1013.6951600806451,-0.6803118996909947,-0.42078354555330644
grid_m3.00_29.50,2023-11-01,18.815440472222246,16.069701486111132,491.32204091672,1014.5686360416668,-0.4031315057402778,-0.38874085845500006
grid_m3.00_29.50,2023-12-01,19.358855174731204,16.253932634408624,408.17880625754,1014.7411324596774,-0.19208783921592743,-0.3454214322418817
grid_m3.00_29.50,2024-01-01,18.858627661290345,16.15196606182798,575.35171623652,1016.1722858870968,0.31789170548790324,-0.14417759189139787
grid_m3.00_29.50,2024-02-01,20.38289089080462,15.825266063218413,264.90879049398,1015.198634841954,-0.16247730270747127,-0.4742794256538793
grid_m3.00_29.50,2024-03-01,20.339013346774216,16.334146559139807,296.84639054876,1014.6735429435483,-0.5891840352645834,-0.26230369025228495
grid_m3.00_29.50,2024-04-01,19.652304847222243,16.785280291666687,428.75719065008,1014.8376621527779,-0.5602040451702778,-0.049957868791527776
grid_m3.00_29.50,2024-05-01,20.600297043010777,16.112940604838734,138.3643154162,1015.4358250672043,-0.43818617465826615,0.18939078337537635
grid_m3.00_29.50,2024-06-01,19.45346954166669,13.197185750000022,42.38033300686,1016.3435318055556,-0.5551897988709722,0.46303687579458336
grid_m3.00_29.50,2024-07-01,19.763781532258086,12.691276491935508,37.17947016094,1015.8462665322581,0.2777341414706989,0.5342390186783602
grid_m3.00_29.50,2024-08-01,19.870157365591417,12.456986599462388,43.9352990163,1015.3021947580646,-0.07701927004354839,0.6592565764731182
grid_m3.00_29.50,2024-09-01,20.846206861111135,12.852805972222246,134.41705685404,1014.1525218749999,-0.3272794508995833,0.26249107096374996
grid_m3.00_29.50,2024-10-01,19.72223053763443,14.889553239247334,393.64719397746,1014.8115721774193,-0.35527510311586025,-0.2741406753495968
grid_m3.00_29.50,2024-11-01,18.791081513888912,15.458982083333355,461.40813782296,1014.6243618055555,-0.2598568172955278,-0.40069230369875
grid_m3.00_29.50,2024-12-01,19.332231236559164,15.30491916666669,404.89339915702,1014.8421923387097,-0.24524631230510752,-0.484427811090457
grid_m3.00_29.50,2025-01-01,19.359714744623677,14.447137997311849,216.24803682752,1014.0962636424731,0.043694526563172034,-0.5086734735782258
grid_m3.00_29.50,2025-02-01,20.369410446428596,14.393814181547642,151.85022326979998,1012.9097474702381,-0.31076424414613096,-0.44864368396680065
grid_m3.00_29.50,2025-03-01,19.55639229838712,15.412591223118302,304.49247343254,1014.0065532930107,-0.2504464837204301,-0.20204886609298386
grid_m3.00_29.50,2025-04-01,19.262481722222244,16.148414444444466,401.25322252518,1014.4419795138889,-0.6166800814709722,-0.15084411372430556
grid_m3.00_29.50,2025-05-01,18.93983850806454,15.517369180107549,242.70153015302,1016.2978983870967,-0.890521367022043,0.0008672487725806454
grid_m3.00_29.50,2025-06-01,18.8931976527778,13.777864958333357,107.06520139454,1016.9876493749999,-0.6971347600375,0.0981245679273611
grid_m3.00_29.50,2025-07-01,18.70454913978497,12.728312876344107,51.78356211392,1017.1938438844086,-0.4408223429420699,0.49917520090343415
grid_m3.00_29.50,2025-08-01,18.556767486559163,12.366688293010775,146.7981335315,1016.056997110215,-0.007153663791263441,0.48201831777392473
grid_m3.00_29.50,2025-09-01,19.604158361111136,12.84605529166669,167.46139526136,1014.860441736111,-0.22522729273888892,0.0872831551911111
grid_m3.00_29.50,2025-10-01,19.340831733870992,14.369020913978517,393.28861104062,1014.383522311828,-0.343740217316129,-0.3046239024079301
grid_m3.00_29.50,2025-11-01,19.304266097222243,14.275012958333354,127.4425975665,1014.33228125,-0.5847001178986111,-0.5640901554891666
grid_m3.00_29.50,2025-12-01,19.007830846774215,14.437329408602174,207.78036189162,1013.8025086693549,-0.2106225863217742,-0.4927829011073925
grid_m3.00_29.50,2026-01-01,19.474957110215076,14.654064959677445,245.59640905194,1014.1243592741936,-0.10147578671599462,-0.4478610647641129
grid_m3.00_29.50,2026-02-01,18.5885651636905,15.018936532738119,408.50305422528,1014.9043007440476,-0.020048028007440474,-0.15080156792440474
grid_m3.00_29.50,2026-03-01,19.0776372715054,15.899199946236584,464.55836379026,1013.5846869623657,-0.11334669815860215,-0.1882111131298387
grid_m3.00_29.50,2026-04-01,20.166005000000023,15.902768125000023,5.384922033,1013.3727854166667,-0.8670934047916666,-0.2949444477854167
